# Blender 5.1.0
# www.blender.org
mtllib diamond.mtl
o blade
v -33.414082 1.807005 1.786145
v -33.677380 7.205946 1.982744
v -42.129318 6.676878 1.982745
v -41.868580 1.319120 1.786145
v -33.955650 12.716960 0.903562
v -42.410149 12.229090 0.903562
v 42.239052 5.760999 2.265599
v 41.924431 11.938500 3.566900
v -32.456711 7.282362 3.566900
v -32.140869 0.824003 2.265600
v 41.686741 16.887079 2.265599
v -32.767059 13.438470 2.265599
v -35.037640 7.120802 3.566900
v -34.723888 0.695798 2.265600
v -35.350079 13.310250 2.265599
v -32.767059 13.438470 -0.000001
v -35.350079 13.310250 -0.000001
v 41.686741 16.887079 -0.000001
v 41.924431 11.938500 -0.000001
v 42.239052 5.760999 -0.000000
v -32.140869 0.824003 -0.000000
v -34.723888 0.695798 -0.000000
v -35.037640 7.120802 -0.000001
v -33.414082 1.807005 -0.000000
v -41.868580 1.319120 -0.000000
v -42.129318 6.676878 -0.000001
v -42.410149 12.229090 -0.000001
v -33.955650 12.716960 -0.000001
v -33.414082 1.807005 -1.786145
v -33.677380 7.205946 -1.982746
v -42.129318 6.676878 -1.982746
v -41.868580 1.319120 -1.786145
v -33.955650 12.716960 -0.903564
v -42.410149 12.229090 -0.903564
v 42.239052 5.760999 -2.265600
v 41.924431 11.938500 -3.566902
v -32.456711 7.282362 -3.566901
v -32.140869 0.824003 -2.265600
v 41.686741 16.887079 -2.265601
v -32.767059 13.438470 -2.265601
v -35.037640 7.120801 -3.566901
v -34.723888 0.695798 -2.265600
v -35.350079 13.310250 -2.265601
v -285.830200 -6.815584 0.564100
v -279.655701 -6.452511 0.564099
v -277.334503 -3.975021 0.000000
v -287.933105 -4.640467 0.000000
v -281.781097 -10.373713 0.547579
v -282.148895 -7.920842 0.559485
v -282.616913 -9.400832 0.752796
v -288.168488 -9.758952 0.564100
v -291.489685 -8.261093 0.000001
v -295.579895 -12.424923 0.000001
v -290.023804 -12.094453 0.564100
v -285.660889 -11.833673 0.000001
v -285.567688 -11.828093 0.555765
v -290.023804 -12.094442 0.000001
v -276.032990 -6.239489 0.564099
v -284.264709 -8.626456 0.557105
v -284.900513 -10.609142 0.554974
v -283.531097 -10.505782 0.551727
v -283.371796 -7.381680 0.788598
v -283.119598 -11.071902 0.804194
v -278.358002 -7.052583 1.107134
v -280.656097 -8.693091 1.096704
v -279.023804 -11.436953 0.543525
v -277.778687 -9.342463 1.074221
v -279.879486 -9.883742 0.631229
v -271.966492 -6.000373 0.564099
v -271.453491 -3.605792 0.000000
v -278.941406 -11.432022 0.000001
v -282.694885 -11.656383 0.550392
v -282.710999 -11.657352 0.000001
v -276.392395 -8.817587 0.551442
v -276.183411 -11.267173 0.000001
v -276.264893 -11.272042 0.538365
v -269.726807 -7.867705 0.876339
v -272.518585 -8.715537 0.793495
v -270.681396 -9.497683 0.729692
v -285.690704 -9.485183 0.929399
v -273.882294 -8.134953 0.962951
v -268.514099 -5.797362 0.564099
v -267.514191 -3.373470 0.000000
v -271.644501 -10.995872 0.000001
v -271.724792 -11.000672 0.529874
v -274.795593 -11.184222 0.535618
v -274.714508 -11.179373 0.000001
v -274.842194 -10.407642 0.825208
v -272.575104 -9.871292 0.537618
v -274.913086 -9.225923 0.546085
v -267.920410 -6.738363 0.716532
v -266.212585 -5.637938 0.564099
v -266.444611 -10.670492 0.538365
v -266.363098 -10.665623 0.000001
v -270.675507 -7.076716 1.149262
v -268.693207 -8.473969 1.253260
v -266.572113 -8.216036 0.551442
v -275.636597 -9.592833 0.684919
v -278.180695 -8.029528 0.890517
v -285.228790 -11.208902 0.555363
v -281.580292 -11.073012 0.751293
v -267.970703 -9.567722 0.637533
v -262.146210 -5.398822 0.564099
v -261.633087 -3.004241 0.000000
v -259.906403 -7.266154 0.876339
v -262.698212 -8.113987 0.793495
v -260.861115 -8.896127 0.729692
v -264.061890 -7.533402 0.962951
v -258.693787 -5.195811 0.564099
v -258.278503 -2.793612 0.000000
v -261.824188 -10.394322 0.000001
v -261.904510 -10.399122 0.529874
v -264.975311 -10.582672 0.535618
v -264.894104 -10.577823 0.000001
v -265.021912 -9.806092 0.825208
v -262.754791 -9.269743 0.537618
v -265.092804 -8.624373 0.546085
v -258.100098 -6.136813 0.716531
v -256.008911 -5.012901 0.564099
v -256.240906 -10.045463 0.538365
v -256.159302 -10.040592 0.000001
v -260.855194 -6.475166 1.149262
v -258.872894 -7.872419 1.253260
v -257.321503 -8.282491 0.537696
v -265.816315 -8.991282 0.684919
v -44.751492 5.371718 0.551441
v -42.241348 6.054352 0.962950
v -44.390549 7.925777 0.564098
v -43.272179 4.963381 0.546084
v -43.995670 4.596473 0.684918
v -43.073521 3.009932 -0.000000
v -43.154701 3.005082 0.535617
v -45.969292 2.822254 0.522487
v -45.882469 2.827444 0.011240
v -43.201302 3.781665 0.825207
v -56.795078 9.548374 -0.000001
v -54.893681 7.282403 0.564098
v -50.159691 7.586539 0.564098
v -49.646591 9.981120 -0.000001
v -47.919891 5.719208 0.876338
v -50.711720 4.871376 0.793494
v -48.874538 4.089236 0.729691
v -52.075420 5.451960 0.962950
v -46.707260 7.789551 0.564098
v -46.291962 10.191750 -0.000001
v -49.837662 2.591037 -0.000000
v -49.917961 2.586240 0.529873
v -52.988781 2.402690 0.535617
v -52.907589 2.407540 -0.000000
v -55.838100 4.059497 0.537695
v -53.035370 3.179273 0.825207
v -50.768242 3.715625 0.537617
v -53.106258 4.360989 0.546084
v -46.113548 6.848549 0.716530
v -48.868649 6.510197 1.149261
v -46.886391 5.112943 1.253259
v -54.385101 3.150701 0.684918
v -56.472408 2.178879 0.522487
v -56.385590 2.184068 0.011240
v -46.391769 3.728524 0.637733
v -66.629158 8.945982 -0.000001
v -64.727753 6.680010 0.564099
v -60.662811 6.943165 0.564098
v -60.149719 9.337746 -0.000001
v -58.423019 5.075831 0.876338
v -61.214840 4.228001 0.793494
v -59.377670 3.445861 0.729691
v -62.578548 4.808585 0.962950
v -57.210388 7.146175 0.564098
v -60.340790 1.947662 -0.000000
v -60.421089 1.942864 0.529873
v -63.491901 1.759314 0.535617
v -63.410721 1.764165 -0.000000
v -65.088692 4.125952 0.551441
v -63.538502 2.535897 0.825207
v -61.271358 3.072250 0.537617
v -63.609379 3.717614 0.546084
v -56.616680 6.205173 0.716531
v -59.371780 5.866820 1.149261
v -57.389511 4.469568 1.253259
v -64.332870 3.350705 0.684918
v -66.306488 1.576487 0.522487
v -66.215889 1.581909 -0.000000
v -57.073471 2.965316 0.625565
v -76.743813 8.326404 -0.000001
v -74.842400 6.060431 0.564099
v -70.496887 6.340773 0.564099
v -69.983788 8.735353 -0.000001
v -68.257103 4.473440 0.876338
v -71.048920 3.625609 0.793494
v -69.211739 2.843469 0.729691
v -72.412621 4.206193 0.962950
v -67.044472 6.543784 0.564099
v -70.174858 1.345270 -0.000000
v -70.255157 1.340472 0.529873
v -73.325981 1.156922 0.535617
v -73.244789 1.161773 -0.000000
v -75.786819 2.837526 0.537695
v -73.372566 1.933505 0.825207
v -71.105438 2.469858 0.537617
v -73.443459 3.115222 0.546084
v -66.450760 5.602781 0.716531
v -69.205849 5.264429 1.149262
v -67.223587 3.867176 1.253259
v -74.615517 1.770178 0.684918
v -76.421127 0.956908 0.522487
v -76.334312 0.962097 0.011240
v -66.728981 2.482757 0.637733
v -86.577881 7.724010 -0.000001
v -84.676468 5.458038 0.564099
v -80.611526 5.721193 0.564099
v -80.098442 8.115775 -0.000001
v -78.371742 3.853861 0.876338
v -81.163567 3.006030 0.793494
v -79.326393 2.223890 0.729691
v -82.527267 3.586614 0.962950
v -77.159111 5.924205 0.564099
v -80.289513 0.725691 -0.000000
v -80.369812 0.720893 0.529873
v -83.440628 0.537343 0.535617
v -83.359444 0.542194 -0.000000
v -85.037407 2.903981 0.551441
v -83.487221 1.313926 0.825207
v -81.220093 1.850279 0.537617
v -83.558113 2.495643 0.546084
v -76.565399 4.983203 0.716531
v -79.320503 4.644850 1.149262
v -77.338226 3.247597 1.253259
v -84.281601 2.128734 0.684918
v -86.255211 0.354516 0.522487
v -86.164612 0.359938 -0.000000
v -77.256821 1.793247 0.620027
v -95.813553 7.144153 -0.000001
v -94.512016 4.879685 0.564099
v -90.445610 5.118802 0.564099
v -89.932518 7.513383 -0.000001
v -88.205818 3.251469 0.876338
v -90.997643 2.403637 0.793494
v -89.160469 1.621498 0.729691
v -92.361351 2.984222 0.962950
v -86.993187 5.321813 0.564099
v -90.123589 0.123299 -0.000000
v -90.203888 0.118501 0.529873
v -93.274696 -0.065049 0.535617
v -93.193520 -0.060198 0.000000
v -94.871490 2.301589 0.551441
v -93.321297 0.711534 0.825207
v -91.054161 1.247887 0.537617
v -93.392181 1.893251 0.546084
v -86.399483 4.380811 0.716531
v -89.154579 4.042458 1.149262
v -87.172310 2.645205 1.253259
v -94.115669 1.526342 0.684918
v -94.744011 -0.152873 0.538364
v -94.662460 -0.147999 0.000000
v -86.677696 1.260786 0.637733
v -107.236099 6.458581 -0.000000
v -105.334702 4.192609 0.564099
v -101.269699 4.455764 0.564099
v -100.756599 6.850345 -0.000001
v -99.029938 2.588431 0.876338
v -101.821800 1.740600 0.793494
v -99.984581 0.958460 0.729691
v -103.185501 2.321184 0.962950
v -97.817307 4.658775 0.564099
v -100.947701 -0.539739 0.000000
v -101.028000 -0.544537 0.529873
v -104.098801 -0.728087 0.535617
v -104.017601 -0.723236 0.000000
v -105.695602 1.638551 0.551441
v -104.145401 0.048496 0.825207
v -101.878304 0.584849 0.537617
v -104.216301 1.230213 0.546084
v -97.223602 3.717773 0.716531
v -96.988731 -0.303099 0.000000
v -99.978691 3.379420 1.149262
v -97.996429 1.982167 1.253259
v -104.939796 0.863304 0.684918
v -106.913399 -0.910914 0.522487
v -106.822800 -0.905492 0.000000
v -97.095398 0.902757 0.652343
v -117.350700 5.839003 -0.000000
v -115.449303 3.573030 0.564099
v -111.103798 3.853372 0.564099
v -110.590698 6.247952 -0.000000
v -108.863998 1.986039 0.876338
v -111.655800 1.138207 0.793494
v -109.818703 0.356067 0.729691
v -113.019501 1.718792 0.962950
v -107.651398 4.056382 0.564099
v -110.781799 -1.142132 0.000000
v -110.862099 -1.146929 0.529873
v -113.932899 -1.330479 0.535617
v -113.851700 -1.325628 0.000000
v -116.393700 0.350125 0.537695
v -113.979500 -0.553896 0.825207
v -111.712402 -0.017544 0.537617
v -114.050400 0.627820 0.546084
v -107.057701 3.115381 0.716531
v -109.812798 2.777028 1.149262
v -107.830498 1.379775 1.253259
v -115.222397 -0.717223 0.684918
v -117.028099 -1.530493 0.522487
v -116.937500 -1.525071 0.000000
v -107.335899 -0.004644 0.637733
v -127.184799 5.236609 -0.000000
v -125.283401 2.970638 0.564099
v -121.218498 3.233793 0.564099
v -120.705399 5.628374 -0.000000
v -118.978699 1.366460 0.876338
v -121.770500 0.518629 0.793494
v -119.933296 -0.263511 0.729691
v -123.134201 1.099213 0.962950
v -117.765999 3.436804 0.564099
v -120.896400 -1.761710 0.000000
v -120.976700 -1.766508 0.529873
v -124.047501 -1.950058 0.535617
v -123.966400 -1.945207 0.000000
v -125.644302 0.416580 0.551441
v -124.094101 -1.173475 0.825207
v -121.827003 -0.637122 0.537617
v -124.165001 0.008242 0.546084
v -117.172302 2.495802 0.716531
v -119.927399 2.157449 1.149262
v -117.945198 0.760196 1.253259
v -124.888496 -0.358667 0.684918
v -126.862099 -2.132885 0.522487
v -126.771500 -2.127463 0.000000
v -117.624397 -0.604987 0.621765
v -137.687897 4.593235 -0.000000
v -135.786499 2.327263 0.564099
v -131.052505 2.631400 0.564099
v -130.539398 5.025982 -0.000000
v -128.812698 0.764068 0.876338
v -131.604599 -0.083764 0.793494
v -129.767395 -0.865904 0.729691
v -132.968307 0.496821 0.962950
v -127.600098 2.834411 0.564099
v -130.730499 -2.364103 0.000000
v -130.810806 -2.368900 0.529873
v -133.881607 -2.552450 0.535617
v -133.800400 -2.547599 0.000000
v -136.730896 -0.895643 0.537695
v -133.928207 -1.775867 0.825207
v -131.661102 -1.239515 0.537617
v -133.999100 -0.594151 0.546084
v -127.006401 1.893410 0.716531
v -129.761505 1.555057 1.149262
v -127.779198 0.157804 1.253259
v -135.277893 -1.804439 0.684918
v -137.365295 -2.776261 0.522487
v -137.274704 -2.770838 0.000000
v -127.284599 -1.226615 0.637733
v -147.522003 3.990843 -0.000000
v -145.620605 1.724871 0.564099
v -141.555695 1.988025 0.564099
v -141.042603 4.382606 -0.000000
v -139.315903 0.120693 0.876338
v -142.107697 -0.727139 0.793494
v -140.270493 -1.509279 0.729691
v -143.471405 -0.146555 0.962950
v -138.103195 2.191036 0.564099
v -141.233597 -3.007478 0.000000
v -141.313904 -3.012275 0.529873
v -144.384705 -3.195825 0.535617
v -144.303604 -3.190975 0.000000
v -145.981506 -0.829188 0.551441
v -144.431305 -2.419242 0.825207
v -142.164200 -1.882890 0.537617
v -144.502197 -1.237526 0.546084
v -137.509506 1.250035 0.716531
v -140.264603 0.911682 1.149262
v -138.282394 -0.485571 1.253259
v -145.225693 -1.604434 0.684918
v -147.199295 -3.378653 0.522487
v -147.108704 -3.373230 0.000000
v -137.966293 -1.989824 0.625565
v -157.636597 3.371264 -0.000000
v -155.735199 1.105292 0.564099
v -151.389694 1.385633 0.564099
v -150.876602 3.780214 -0.000000
v -149.149902 -0.481699 0.876338
v -151.941803 -1.329531 0.793494
v -150.104599 -2.111671 0.729691
v -153.305496 -0.748947 0.962950
v -147.937302 1.588644 0.564099
v -151.067703 -3.609870 0.000000
v -151.147995 -3.614668 0.529873
v -154.218796 -3.798218 0.535617
v -154.137604 -3.793367 0.000000
v -156.679703 -2.117614 0.537695
v -154.265396 -3.021635 0.825207
v -151.998306 -2.485282 0.537617
v -154.336304 -1.839918 0.546084
v -147.343597 0.647642 0.716531
v -150.098694 0.309289 1.149262
v -148.116394 -1.087964 1.253259
v -155.508408 -3.184962 0.684918
v -157.313995 -3.998232 0.522487
v -157.223404 -3.992809 0.000000
v -147.621796 -2.472383 0.637733
v -167.470703 2.768872 -0.000000
v -165.569305 0.502900 0.564099
v -161.504395 0.766054 0.564099
v -160.991302 3.160635 -0.000000
v -159.264603 -1.101278 0.876338
v -162.056396 -1.949110 0.793494
v -160.219193 -2.731250 0.729691
v -163.420105 -1.368526 0.962950
v -158.052002 0.969065 0.564099
v -161.182404 -4.229449 0.000000
v -161.262695 -4.234246 0.529873
v -164.333496 -4.417796 0.535617
v -164.252304 -4.412947 0.000000
v -165.930298 -2.051159 0.551441
v -164.380096 -3.641213 0.825207
v -162.112900 -3.104861 0.537617
v -164.450897 -2.459497 0.546084
v -157.458206 0.028063 0.716531
v -160.213303 -0.310289 1.149262
v -158.231094 -1.707543 1.253259
v -165.174393 -2.826405 0.684918
v -167.148102 -4.600624 0.522487
v -167.061203 -4.595435 0.011240
v -158.149704 -3.161893 0.620027
v -178.005997 2.123526 -0.000000
v -176.104599 -0.142446 0.564099
v -171.338394 0.163662 0.564099
v -170.825394 2.558243 -0.000000
v -169.098694 -1.703671 0.876338
v -171.890503 -2.551502 0.793494
v -170.053299 -3.333642 0.729691
v -173.254196 -1.970918 0.962950
v -167.886002 0.366673 0.564099
v -171.016403 -4.831841 0.000000
v -171.096695 -4.836639 0.529873
v -174.167496 -5.020189 0.535617
v -174.086395 -5.015338 0.000000
v -177.048996 -3.365352 0.537695
v -174.214096 -4.243607 0.825207
v -171.947006 -3.707253 0.537617
v -174.285004 -3.061889 0.546084
v -167.292297 -0.574329 0.716531
v -170.047394 -0.912682 1.149262
v -168.065201 -2.309935 1.253259
v -175.008499 -3.428798 0.684918
v -177.683304 -5.245962 0.522487
v -177.592697 -5.240547 0.000000
v -167.570496 -3.694354 0.637733
v -187.840103 1.521134 -0.000000
v -185.938705 -0.744838 0.564099
v -181.873703 -0.481684 0.564099
v -181.360596 1.912898 -0.000000
v -179.634003 -2.349016 0.876338
v -182.425797 -3.196848 0.793494
v -180.588593 -3.978988 0.729691
v -183.789505 -2.616264 0.962950
v -178.421295 -0.278673 0.564099
v -181.551697 -5.477187 0.000000
v -181.632004 -5.481984 0.529873
v -184.702805 -5.665534 0.535617
v -184.621704 -5.660685 0.000000
v -186.299606 -3.298897 0.551441
v -184.749405 -4.888951 0.825207
v -182.482300 -4.352599 0.537617
v -184.820297 -3.707235 0.546084
v -177.827606 -1.219674 0.716531
v -180.582703 -1.558027 1.149262
v -178.600403 -2.955280 1.253259
v -185.543793 -4.074143 0.684918
v -187.517395 -5.848362 0.522487
v -187.430603 -5.843172 0.011240
v -178.293594 -4.496742 0.622913
v -197.954697 0.901555 -0.000000
v -196.053299 -1.364417 0.564099
v -191.707794 -1.084076 0.564099
v -191.194702 1.310505 -0.000000
v -189.468002 -2.951408 0.876338
v -192.259903 -3.799240 0.793494
v -190.422699 -4.581380 0.729691
v -193.623596 -3.218656 0.962950
v -188.255402 -0.881065 0.564099
v -191.385803 -6.079579 0.000000
v -191.466095 -6.084377 0.529873
v -194.536896 -6.267927 0.535617
v -194.455704 -6.263076 0.000000
v -196.997803 -4.587323 0.537695
v -194.583496 -5.491343 0.825207
v -192.316406 -4.954991 0.537617
v -194.654404 -4.309628 0.546084
v -187.661697 -1.822067 0.716531
v -190.416794 -2.160420 1.149262
v -188.434494 -3.557673 1.253259
v -195.826508 -5.654672 0.684918
v -197.632095 -6.467940 0.522487
v -197.541504 -6.462519 0.000000
v -187.939896 -4.942092 0.637733
v -207.788803 0.299163 -0.000000
v -205.887405 -1.966809 0.564099
v -201.822495 -1.703655 0.564099
v -201.309402 0.690926 -0.000000
v -199.582703 -3.570987 0.876338
v -202.374496 -4.418819 0.793494
v -200.537292 -5.200959 0.729691
v -203.738205 -3.838235 0.962950
v -198.369995 -1.500644 0.564099
v -201.500397 -6.699159 0.000001
v -201.580704 -6.703956 0.529873
v -204.651596 -6.887506 0.535618
v -204.570404 -6.882655 0.000001
v -206.248306 -4.520868 0.551441
v -204.698196 -6.110922 0.825207
v -202.431000 -5.574571 0.537617
v -204.768997 -4.929206 0.546084
v -197.776306 -2.441645 0.716531
v -200.531403 -2.779998 1.149262
v -198.549194 -4.177251 1.253259
v -205.492493 -5.296114 0.684918
v -207.466095 -7.070333 0.522488
v -207.379303 -7.065144 0.011241
v -198.284195 -5.705124 0.618661
v -218.291901 -0.344212 0.000000
v -216.390503 -2.610185 0.564099
v -211.656494 -2.306047 0.564099
v -211.143402 0.088534 -0.000000
v -209.416794 -4.173379 0.876338
v -212.208603 -5.021212 0.793494
v -210.371399 -5.803351 0.729691
v -213.572296 -4.440627 0.962950
v -208.204102 -2.103036 0.564099
v -211.334503 -7.301551 0.000001
v -211.414795 -7.306349 0.529874
v -214.485596 -7.489899 0.535618
v -214.404404 -7.485047 0.000001
v -217.335007 -5.833090 0.537695
v -214.532196 -6.713314 0.825208
v -212.265106 -6.176962 0.537618
v -214.603104 -5.531598 0.546084
v -207.610397 -3.044038 0.716531
v -210.365494 -3.382391 1.149262
v -208.383194 -4.779644 1.253259
v -215.882004 -6.741886 0.684919
v -217.969299 -7.713709 0.522488
v -217.882401 -7.708520 0.011241
v -207.888596 -6.164063 0.637733
v -228.126007 -0.946605 0.000000
v -226.224594 -3.212577 0.564099
v -222.159698 -2.949422 0.564099
v -221.646606 -0.554841 0.000000
v -219.919907 -4.816755 0.876338
v -222.711700 -5.664586 0.793494
v -220.874496 -6.446726 0.729692
v -224.075394 -5.084002 0.962950
v -218.707199 -2.746411 0.564099
v -221.837601 -7.944925 0.000001
v -221.917892 -7.949723 0.529874
v -224.988800 -8.133273 0.535618
v -224.907593 -8.128423 0.000001
v -226.585495 -5.766635 0.551441
v -225.035400 -7.356690 0.825208
v -222.768204 -6.820337 0.537618
v -225.106201 -6.174973 0.546084
v -218.113495 -3.687413 0.716531
v -220.868607 -4.025766 1.149262
v -218.886398 -5.423019 1.253259
v -225.829697 -6.541883 0.684918
v -227.803299 -8.316100 0.522488
v -227.716507 -8.310911 0.011241
v -218.570297 -6.927271 0.625566
v -238.240707 -1.566183 0.000000
v -236.339294 -3.832156 0.564099
v -231.993698 -3.551814 0.564099
v -231.480606 -1.157233 0.000000
v -229.753998 -5.419147 0.876338
v -232.545807 -6.266979 0.793494
v -230.708603 -7.049118 0.729692
v -233.909500 -5.686395 0.962950
v -228.541306 -3.348804 0.564099
v -231.671707 -8.547318 0.000001
v -231.751999 -8.552115 0.529874
v -234.822800 -8.735665 0.535618
v -234.741699 -8.730815 0.000001
v -237.283707 -7.055061 0.537696
v -234.869400 -7.959083 0.825208
v -232.602295 -7.422729 0.537618
v -234.940308 -6.777367 0.546085
v -227.947601 -4.289805 0.716531
v -230.702698 -4.628159 1.149262
v -228.720398 -6.025412 1.253259
v -236.112396 -8.122410 0.684919
v -237.917999 -8.935679 0.522489
v -237.831207 -8.930490 0.011241
v -228.225800 -7.409830 0.637734
v -248.074707 -2.168576 0.000000
v -246.173294 -4.434548 0.564099
v -242.108398 -4.171393 0.564099
v -241.595306 -1.776812 0.000000
v -239.868607 -6.038726 0.876338
v -242.660400 -6.886558 0.793495
v -240.823196 -7.668697 0.729692
v -244.024094 -6.305973 0.962950
v -238.656006 -3.968382 0.564099
v -241.786407 -9.166892 0.000001
v -241.866699 -9.171693 0.529874
v -244.937500 -9.355243 0.535618
v -244.856293 -9.350392 0.000001
v -246.534302 -6.988606 0.551442
v -244.984100 -8.578662 0.825208
v -242.716904 -8.042309 0.537618
v -245.054993 -7.396944 0.546085
v -238.062302 -4.909385 0.716531
v -240.817398 -5.247737 1.149262
v -238.835098 -6.644990 1.253259
v -245.778503 -7.763853 0.684919
v -247.752106 -9.538073 0.522488
v -247.665207 -9.532883 0.011241
v -238.753693 -8.099340 0.620028
v -251.942505 -4.773786 0.564099
v -251.429398 -2.379204 0.000000
v -249.702698 -6.641118 0.876338
v -252.494507 -7.488951 0.793495
v -250.657303 -8.271091 0.729692
v -253.858200 -6.908365 0.962951
v -248.490005 -4.570775 0.564099
v -251.620407 -9.769293 0.000001
v -251.700699 -9.774082 0.529874
v -254.771606 -9.957632 0.535618
v -254.690399 -9.952783 0.000001
v -254.818207 -9.181052 0.825208
v -252.550995 -8.644702 0.537618
v -254.889008 -7.999337 0.546085
v -247.896301 -5.511776 0.716531
v -250.651398 -5.850129 1.149262
v -248.669205 -7.247382 1.253260
v -255.612503 -8.366245 0.684919
v -248.174606 -8.631802 0.637734
v -40.847481 8.142810 0.564098
v -40.992889 10.516347 -0.000001
v -40.725220 6.147223 0.962950
v -40.542542 3.164969 -0.000000
v -40.542561 3.165090 0.535617
v -40.590118 3.941614 0.825207
v -40.662498 5.123240 0.546084
v -285.830200 -6.815584 -0.564098
v -279.655701 -6.452511 -0.564099
v -281.781097 -10.373713 -0.547577
v -282.148895 -7.920842 -0.559483
v -282.616913 -9.400832 -0.752794
v -288.168488 -9.758952 -0.564098
v -290.023804 -12.094453 -0.564098
v -285.567688 -11.828093 -0.555763
v -276.032990 -6.239489 -0.564099
v -284.264709 -8.626456 -0.557103
v -284.900513 -10.609142 -0.554972
v -283.531097 -10.505782 -0.551725
v -283.371796 -7.381680 -0.788596
v -283.119598 -11.071902 -0.804192
v -278.358002 -7.052583 -1.107134
v -280.656097 -8.693091 -1.096702
v -279.023804 -11.436953 -0.543523
v -277.778687 -9.342463 -1.074219
v -279.879486 -9.883742 -0.631227
v -271.966492 -6.000373 -0.564099
v -282.694885 -11.656383 -0.550390
v -276.392395 -8.817587 -0.551440
v -276.264893 -11.272042 -0.538363
v -269.726807 -7.867705 -0.876337
v -272.518585 -8.715537 -0.793493
v -270.681396 -9.497683 -0.729690
v -285.690704 -9.485183 -0.929397
v -273.882294 -8.134953 -0.962949
v -268.514099 -5.797362 -0.564099
v -271.724792 -11.000672 -0.529872
v -274.795593 -11.184222 -0.535616
v -274.842194 -10.407642 -0.825206
v -272.575104 -9.871292 -0.537616
v -274.913086 -9.225923 -0.546083
v -267.920410 -6.738363 -0.716530
v -266.212585 -5.637938 -0.564099
v -266.444611 -10.670492 -0.538363
v -270.675507 -7.076716 -1.149261
v -268.693207 -8.473969 -1.253258
v -266.572113 -8.216036 -0.551440
v -275.636597 -9.592833 -0.684917
v -278.180695 -8.029528 -0.890515
v -285.228790 -11.208902 -0.555361
v -281.580292 -11.073012 -0.751291
v -267.970703 -9.567722 -0.637531
v -262.146210 -5.398822 -0.564099
v -259.906403 -7.266154 -0.876337
v -262.698212 -8.113987 -0.793493
v -260.861115 -8.896127 -0.729690
v -264.061890 -7.533402 -0.962949
v -258.693787 -5.195811 -0.564099
v -261.904510 -10.399122 -0.529872
v -264.975311 -10.582672 -0.535616
v -265.021912 -9.806092 -0.825206
v -262.754791 -9.269743 -0.537616
v -265.092804 -8.624373 -0.546083
v -258.100098 -6.136813 -0.716531
v -256.008911 -5.012901 -0.564099
v -256.240906 -10.045463 -0.538363
v -260.855194 -6.475166 -1.149261
v -258.872894 -7.872419 -1.253258
v -257.321503 -8.282491 -0.537694
v -265.816315 -8.991282 -0.684917
v -44.751492 5.371718 -0.551441
v -42.241348 6.054352 -0.962950
v -44.390549 7.925777 -0.564100
v -43.272179 4.963381 -0.546084
v -43.995670 4.596473 -0.684918
v -43.154701 3.005082 -0.535617
v -45.969292 2.822254 -0.522487
v -45.882469 2.827444 -0.011240
v -43.201302 3.781665 -0.825207
v -54.893681 7.282403 -0.564100
v -50.159691 7.586539 -0.564100
v -47.919891 5.719208 -0.876338
v -50.711720 4.871376 -0.793494
v -48.874538 4.089236 -0.729691
v -52.075420 5.451960 -0.962950
v -46.707260 7.789551 -0.564100
v -49.917961 2.586240 -0.529873
v -52.988781 2.402690 -0.535617
v -55.838100 4.059497 -0.537695
v -53.035370 3.179273 -0.825207
v -50.768242 3.715625 -0.537617
v -53.106258 4.360989 -0.546084
v -46.113548 6.848549 -0.716532
v -48.868649 6.510197 -1.149262
v -46.886391 5.112943 -1.253259
v -54.385101 3.150701 -0.684918
v -56.472408 2.178879 -0.522487
v -56.385590 2.184068 -0.011240
v -46.391769 3.728524 -0.637733
v -64.727753 6.680010 -0.564099
v -60.662811 6.943165 -0.564100
v -58.423019 5.075831 -0.876338
v -61.214840 4.228001 -0.793494
v -59.377670 3.445861 -0.729691
v -62.578548 4.808585 -0.962950
v -57.210388 7.146175 -0.564100
v -60.421089 1.942864 -0.529873
v -63.491901 1.759314 -0.535617
v -65.088692 4.125952 -0.551441
v -63.538502 2.535897 -0.825207
v -61.271358 3.072250 -0.537617
v -63.609379 3.717614 -0.546084
v -56.616680 6.205173 -0.716531
v -59.371780 5.866820 -1.149262
v -57.389511 4.469568 -1.253259
v -64.332870 3.350705 -0.684918
v -66.306488 1.576487 -0.522487
v -57.073471 2.965316 -0.625565
v -74.842400 6.060431 -0.564099
v -70.496887 6.340773 -0.564099
v -68.257103 4.473440 -0.876338
v -71.048920 3.625609 -0.793494
v -69.211739 2.843469 -0.729691
v -72.412621 4.206193 -0.962950
v -67.044472 6.543784 -0.564099
v -70.255157 1.340472 -0.529873
v -73.325981 1.156922 -0.535617
v -75.786819 2.837526 -0.537695
v -73.372566 1.933505 -0.825207
v -71.105438 2.469858 -0.537617
v -73.443459 3.115222 -0.546084
v -66.450760 5.602781 -0.716531
v -69.205849 5.264429 -1.149262
v -67.223587 3.867176 -1.253259
v -74.615517 1.770178 -0.684918
v -76.421127 0.956908 -0.522487
v -76.334312 0.962097 -0.011240
v -66.728981 2.482757 -0.637733
v -84.676468 5.458038 -0.564099
v -80.611526 5.721193 -0.564099
v -78.371742 3.853861 -0.876338
v -81.163567 3.006030 -0.793494
v -79.326393 2.223890 -0.729691
v -82.527267 3.586614 -0.962950
v -77.159111 5.924205 -0.564099
v -80.369812 0.720893 -0.529873
v -83.440628 0.537343 -0.535617
v -85.037407 2.903981 -0.551441
v -83.487221 1.313926 -0.825207
v -81.220093 1.850279 -0.537617
v -83.558113 2.495643 -0.546084
v -76.565399 4.983203 -0.716531
v -79.320503 4.644850 -1.149262
v -77.338226 3.247597 -1.253259
v -84.281601 2.128734 -0.684918
v -86.255211 0.354516 -0.522487
v -77.256821 1.793247 -0.620027
v -94.512016 4.879685 -0.564099
v -90.445610 5.118802 -0.564099
v -88.205818 3.251469 -0.876338
v -90.997643 2.403637 -0.793494
v -89.160469 1.621498 -0.729691
v -92.361351 2.984222 -0.962950
v -86.993187 5.321813 -0.564099
v -90.203888 0.118501 -0.529873
v -93.274696 -0.065049 -0.535617
v -94.871490 2.301589 -0.551441
v -93.321297 0.711534 -0.825207
v -91.054161 1.247887 -0.537617
v -93.392181 1.893251 -0.546084
v -86.399483 4.380811 -0.716531
v -89.154579 4.042458 -1.149262
v -87.172310 2.645205 -1.253259
v -94.115669 1.526342 -0.684918
v -94.744011 -0.152873 -0.538364
v -86.677696 1.260786 -0.637733
v -105.334702 4.192609 -0.564099
v -101.269699 4.455764 -0.564099
v -99.029938 2.588431 -0.876338
v -101.821800 1.740600 -0.793494
v -99.984581 0.958460 -0.729691
v -103.185501 2.321184 -0.962950
v -97.817307 4.658775 -0.564099
v -101.028000 -0.544537 -0.529873
v -104.098801 -0.728087 -0.535617
v -105.695602 1.638551 -0.551441
v -104.145401 0.048496 -0.825207
v -101.878304 0.584849 -0.537617
v -104.216301 1.230213 -0.546084
v -97.223602 3.717773 -0.716531
v -99.978691 3.379420 -1.149262
v -97.996429 1.982167 -1.253259
v -104.939796 0.863304 -0.684918
v -106.913399 -0.910914 -0.522487
v -97.095398 0.902757 -0.652343
v -115.449303 3.573030 -0.564099
v -111.103798 3.853372 -0.564099
v -108.863998 1.986039 -0.876338
v -111.655800 1.138207 -0.793494
v -109.818703 0.356067 -0.729691
v -113.019501 1.718792 -0.962950
v -107.651398 4.056382 -0.564099
v -110.862099 -1.146929 -0.529873
v -113.932899 -1.330479 -0.535617
v -116.393700 0.350125 -0.537695
v -113.979500 -0.553896 -0.825207
v -111.712402 -0.017544 -0.537617
v -114.050400 0.627820 -0.546084
v -107.057701 3.115381 -0.716531
v -109.812798 2.777028 -1.149262
v -107.830498 1.379775 -1.253259
v -115.222397 -0.717223 -0.684918
v -117.028099 -1.530493 -0.522487
v -107.335899 -0.004644 -0.637733
v -125.283401 2.970638 -0.564099
v -121.218498 3.233793 -0.564099
v -118.978699 1.366460 -0.876338
v -121.770500 0.518629 -0.793494
v -119.933296 -0.263511 -0.729691
v -123.134201 1.099213 -0.962950
v -117.765999 3.436804 -0.564099
v -120.976700 -1.766508 -0.529873
v -124.047501 -1.950058 -0.535617
v -125.644302 0.416580 -0.551441
v -124.094101 -1.173475 -0.825207
v -121.827003 -0.637122 -0.537617
v -124.165001 0.008242 -0.546084
v -117.172302 2.495802 -0.716531
v -119.927399 2.157449 -1.149262
v -117.945198 0.760196 -1.253259
v -124.888496 -0.358667 -0.684918
v -126.862099 -2.132885 -0.522487
v -117.624397 -0.604987 -0.621765
v -135.786499 2.327263 -0.564099
v -131.052505 2.631400 -0.564099
v -128.812698 0.764068 -0.876338
v -131.604599 -0.083764 -0.793494
v -129.767395 -0.865904 -0.729691
v -132.968307 0.496821 -0.962950
v -127.600098 2.834411 -0.564099
v -130.810806 -2.368900 -0.529873
v -133.881607 -2.552450 -0.535617
v -136.730896 -0.895643 -0.537695
v -133.928207 -1.775867 -0.825207
v -131.661102 -1.239515 -0.537617
v -133.999100 -0.594151 -0.546084
v -127.006401 1.893410 -0.716531
v -129.761505 1.555057 -1.149262
v -127.779198 0.157804 -1.253259
v -135.277893 -1.804439 -0.684918
v -137.365295 -2.776261 -0.522487
v -127.284599 -1.226615 -0.637733
v -145.620605 1.724871 -0.564099
v -141.555695 1.988025 -0.564099
v -139.315903 0.120693 -0.876338
v -142.107697 -0.727139 -0.793494
v -140.270493 -1.509279 -0.729691
v -143.471405 -0.146555 -0.962950
v -138.103195 2.191036 -0.564099
v -141.313904 -3.012275 -0.529873
v -144.384705 -3.195825 -0.535617
v -145.981506 -0.829188 -0.551441
v -144.431305 -2.419242 -0.825207
v -142.164200 -1.882890 -0.537617
v -144.502197 -1.237526 -0.546084
v -137.509506 1.250035 -0.716531
v -140.264603 0.911682 -1.149262
v -138.282394 -0.485571 -1.253259
v -145.225693 -1.604434 -0.684918
v -147.199295 -3.378653 -0.522487
v -137.966293 -1.989824 -0.625565
v -155.735199 1.105292 -0.564099
v -151.389694 1.385633 -0.564099
v -149.149902 -0.481699 -0.876338
v -151.941803 -1.329531 -0.793494
v -150.104599 -2.111671 -0.729691
v -153.305496 -0.748947 -0.962950
v -147.937302 1.588644 -0.564099
v -151.147995 -3.614668 -0.529873
v -154.218796 -3.798218 -0.535617
v -156.679703 -2.117614 -0.537695
v -154.265396 -3.021635 -0.825207
v -151.998306 -2.485282 -0.537617
v -154.336304 -1.839918 -0.546084
v -147.343597 0.647642 -0.716531
v -150.098694 0.309289 -1.149262
v -148.116394 -1.087964 -1.253259
v -155.508408 -3.184962 -0.684918
v -157.313995 -3.998232 -0.522487
v -147.621796 -2.472383 -0.637733
v -165.569305 0.502900 -0.564099
v -161.504395 0.766054 -0.564099
v -159.264603 -1.101278 -0.876338
v -162.056396 -1.949110 -0.793494
v -160.219193 -2.731250 -0.729691
v -163.420105 -1.368526 -0.962950
v -158.052002 0.969065 -0.564099
v -161.262695 -4.234246 -0.529873
v -164.333496 -4.417796 -0.535617
v -165.930298 -2.051159 -0.551441
v -164.380096 -3.641213 -0.825207
v -162.112900 -3.104861 -0.537617
v -164.450897 -2.459497 -0.546084
v -157.458206 0.028063 -0.716531
v -160.213303 -0.310289 -1.149262
v -158.231094 -1.707543 -1.253259
v -165.174393 -2.826405 -0.684918
v -167.148102 -4.600624 -0.522487
v -167.061203 -4.595435 -0.011240
v -158.149704 -3.161893 -0.620027
v -176.104599 -0.142446 -0.564099
v -171.338394 0.163662 -0.564099
v -169.098694 -1.703671 -0.876338
v -171.890503 -2.551502 -0.793494
v -170.053299 -3.333642 -0.729691
v -173.254196 -1.970918 -0.962950
v -167.886002 0.366673 -0.564099
v -171.096695 -4.836639 -0.529873
v -174.167496 -5.020189 -0.535617
v -177.048996 -3.365352 -0.537695
v -174.214096 -4.243607 -0.825207
v -171.947006 -3.707253 -0.537617
v -174.285004 -3.061889 -0.546084
v -167.292297 -0.574329 -0.716531
v -170.047394 -0.912682 -1.149262
v -168.065201 -2.309935 -1.253259
v -175.008499 -3.428798 -0.684918
v -177.683304 -5.245962 -0.522487
v -167.570496 -3.694354 -0.637733
v -185.938705 -0.744838 -0.564099
v -181.873703 -0.481684 -0.564099
v -179.634003 -2.349016 -0.876338
v -182.425797 -3.196848 -0.793494
v -180.588593 -3.978988 -0.729691
v -183.789505 -2.616264 -0.962950
v -178.421295 -0.278673 -0.564099
v -181.632004 -5.481984 -0.529873
v -184.702805 -5.665534 -0.535617
v -186.299606 -3.298897 -0.551441
v -184.749405 -4.888951 -0.825207
v -182.482300 -4.352599 -0.537617
v -184.820297 -3.707235 -0.546084
v -177.827606 -1.219674 -0.716531
v -180.582703 -1.558027 -1.149262
v -178.600403 -2.955280 -1.253259
v -185.543793 -4.074143 -0.684918
v -187.517395 -5.848362 -0.522487
v -187.430603 -5.843172 -0.011240
v -178.293594 -4.496742 -0.622913
v -196.053299 -1.364417 -0.564099
v -191.707794 -1.084076 -0.564099
v -189.468002 -2.951408 -0.876338
v -192.259903 -3.799240 -0.793494
v -190.422699 -4.581380 -0.729691
v -193.623596 -3.218656 -0.962950
v -188.255402 -0.881065 -0.564099
v -191.466095 -6.084377 -0.529873
v -194.536896 -6.267927 -0.535617
v -196.997803 -4.587323 -0.537695
v -194.583496 -5.491343 -0.825207
v -192.316406 -4.954991 -0.537617
v -194.654404 -4.309628 -0.546084
v -187.661697 -1.822067 -0.716531
v -190.416794 -2.160420 -1.149262
v -188.434494 -3.557673 -1.253259
v -195.826508 -5.654672 -0.684918
v -197.632095 -6.467940 -0.522487
v -187.939896 -4.942092 -0.637733
v -205.887405 -1.966809 -0.564099
v -201.822495 -1.703655 -0.564099
v -199.582703 -3.570987 -0.876338
v -202.374496 -4.418819 -0.793494
v -200.537292 -5.200959 -0.729691
v -203.738205 -3.838235 -0.962950
v -198.369995 -1.500644 -0.564099
v -201.580704 -6.703956 -0.529873
v -204.651596 -6.887506 -0.535616
v -206.248306 -4.520868 -0.551441
v -204.698196 -6.110922 -0.825207
v -202.431000 -5.574571 -0.537617
v -204.768997 -4.929206 -0.546084
v -197.776306 -2.441645 -0.716531
v -200.531403 -2.779998 -1.149262
v -198.549194 -4.177251 -1.253259
v -205.492493 -5.296114 -0.684918
v -207.466095 -7.070333 -0.522486
v -207.379303 -7.065144 -0.011239
v -198.284195 -5.705124 -0.618661
v -216.390503 -2.610185 -0.564099
v -211.656494 -2.306047 -0.564099
v -209.416794 -4.173379 -0.876338
v -212.208603 -5.021212 -0.793494
v -210.371399 -5.803351 -0.729691
v -213.572296 -4.440627 -0.962950
v -208.204102 -2.103036 -0.564099
v -211.414795 -7.306349 -0.529872
v -214.485596 -7.489899 -0.535616
v -217.335007 -5.833090 -0.537695
v -214.532196 -6.713314 -0.825206
v -212.265106 -6.176962 -0.537617
v -214.603104 -5.531598 -0.546084
v -207.610397 -3.044038 -0.716531
v -210.365494 -3.382391 -1.149262
v -208.383194 -4.779644 -1.253259
v -215.882004 -6.741886 -0.684917
v -217.969299 -7.713709 -0.522486
v -217.882401 -7.708520 -0.011239
v -207.888596 -6.164063 -0.637733
v -226.224594 -3.212577 -0.564099
v -222.159698 -2.949422 -0.564099
v -219.919907 -4.816755 -0.876338
v -222.711700 -5.664586 -0.793494
v -220.874496 -6.446726 -0.729691
v -224.075394 -5.084002 -0.962950
v -218.707199 -2.746411 -0.564099
v -221.917892 -7.949723 -0.529872
v -224.988800 -8.133273 -0.535616
v -226.585495 -5.766635 -0.551441
v -225.035400 -7.356690 -0.825206
v -222.768204 -6.820337 -0.537616
v -225.106201 -6.174973 -0.546084
v -218.113495 -3.687413 -0.716531
v -220.868607 -4.025766 -1.149262
v -218.886398 -5.423019 -1.253259
v -225.829697 -6.541883 -0.684918
v -227.803299 -8.316100 -0.522486
v -227.716507 -8.310911 -0.011239
v -218.570297 -6.927271 -0.625564
v -236.339294 -3.832156 -0.564099
v -231.993698 -3.551814 -0.564099
v -229.753998 -5.419147 -0.876338
v -232.545807 -6.266979 -0.793494
v -230.708603 -7.049118 -0.729690
v -233.909500 -5.686395 -0.962950
v -228.541306 -3.348804 -0.564099
v -231.751999 -8.552115 -0.529872
v -234.822800 -8.735665 -0.535616
v -237.283707 -7.055061 -0.537694
v -234.869400 -7.959083 -0.825206
v -232.602295 -7.422729 -0.537616
v -234.940308 -6.777367 -0.546083
v -227.947601 -4.289805 -0.716531
v -230.702698 -4.628159 -1.149262
v -228.720398 -6.025412 -1.253258
v -236.112396 -8.122410 -0.684917
v -237.917999 -8.935679 -0.522487
v -237.831207 -8.930490 -0.011239
v -228.225800 -7.409830 -0.637732
v -246.173294 -4.434548 -0.564099
v -242.108398 -4.171393 -0.564099
v -239.868607 -6.038726 -0.876338
v -242.660400 -6.886558 -0.793493
v -240.823196 -7.668697 -0.729690
v -244.024094 -6.305973 -0.962950
v -238.656006 -3.968382 -0.564099
v -241.866699 -9.171693 -0.529872
v -244.937500 -9.355243 -0.535616
v -246.534302 -6.988606 -0.551440
v -244.984100 -8.578662 -0.825206
v -242.716904 -8.042309 -0.537616
v -245.054993 -7.396944 -0.546083
v -238.062302 -4.909385 -0.716531
v -240.817398 -5.247737 -1.149262
v -238.835098 -6.644990 -1.253258
v -245.778503 -7.763853 -0.684917
v -247.752106 -9.538073 -0.522486
v -247.665207 -9.532883 -0.011239
v -238.753693 -8.099340 -0.620026
v -251.942505 -4.773786 -0.564099
v -249.702698 -6.641118 -0.876338
v -252.494507 -7.488951 -0.793493
v -250.657303 -8.271091 -0.729690
v -253.858200 -6.908365 -0.962949
v -248.490005 -4.570775 -0.564099
v -251.700699 -9.774082 -0.529872
v -254.771606 -9.957632 -0.535616
v -254.818207 -9.181052 -0.825206
v -252.550995 -8.644702 -0.537616
v -254.889008 -7.999337 -0.546083
v -247.896301 -5.511776 -0.716531
v -250.651398 -5.850129 -1.149261
v -248.669205 -7.247382 -1.253258
v -255.612503 -8.366245 -0.684917
v -248.174606 -8.631802 -0.637732
v -40.847481 8.142810 -0.564100
v -40.725220 6.147223 -0.962950
v -40.542561 3.165090 -0.535617
v -40.590118 3.941614 -0.825207
v -40.662498 5.123240 -0.546084
vn 0.0023 -0.0363 0.9993
vn 0.0022 -0.0365 0.9993
vn 0.0022 -0.0364 0.9993
vn 0.0021 -0.0366 0.9993
vn -0.0060 0.1031 0.9946
vn -0.0071 0.1027 0.9947
vn -0.0034 0.0566 0.9984
vn -0.0007 0.0099 1.0000
vn -0.0040 0.0867 0.9962
vn 0.0004 0.0032 1.0000
vn 0.0130 -0.2012 0.9795
vn 0.0117 -0.1973 0.9803
vn -0.0118 0.2538 0.9672
vn -0.0116 0.2221 0.9749
vn 0.0028 -0.0644 0.9979
vn 0.0098 -0.1980 0.9801
vn -0.0115 0.2057 0.9785
vn -0.0479 0.9989 -0.0000
vn -0.0496 0.9988 -0.0000
vn -0.0463 0.9989 -0.0000
vn 0.9988 0.0480 -0.0000
vn 0.9988 0.0494 -0.0000
vn 0.9988 0.0498 -0.0000
vn 0.9987 0.0509 -0.0000
vn 0.0662 -0.9978 -0.0000
vn 0.0579 -0.9983 -0.0000
vn 0.0496 -0.9988 -0.0000
vn -0.9988 -0.0488 -0.0000
vn -0.9988 -0.0496 -0.0000
vn -0.9988 -0.0499 -0.0000
vn -0.9987 -0.0504 -0.0000
vn 0.0576 -0.9983 -0.0000
vn -0.9988 -0.0494 0.0017
vn -0.9988 -0.0486 -0.0000
vn -0.9987 -0.0505 -0.0000
vn -0.9988 -0.0498 -0.0005
vn -0.0576 0.9983 -0.0000
vn 0.0021 -0.0366 -0.9993
vn 0.0023 -0.0363 -0.9993
vn -0.0007 0.0099 -1.0000
vn -0.0062 0.1027 -0.9947
vn -0.0034 0.0565 -0.9984
vn -0.0066 0.1031 -0.9946
vn 0.0117 -0.1973 -0.9803
vn 0.0004 0.0032 -1.0000
vn 0.0130 -0.2012 -0.9795
vn -0.0040 0.0867 -0.9962
vn -0.0116 0.2221 -0.9749
vn -0.0118 0.2538 -0.9672
vn 0.0098 -0.1980 -0.9801
vn 0.0032 -0.0644 -0.9979
vn -0.0115 0.2057 -0.9785
vn -0.9988 -0.0494 -0.0017
vn -0.9988 -0.0498 0.0005
vn -0.9988 -0.0498 -0.0000
vn -0.9988 -0.0489 -0.0000
vn -0.9981 -0.0619 0.0032
vn 0.2789 0.0372 0.9596
vn -0.1121 0.1026 0.9884
vn 0.0597 -0.9982 -0.0000
vn 0.0595 -0.9982 -0.0000
vn 0.0594 -0.9982 -0.0000
vn -0.0139 0.2334 0.9723
vn -0.0138 0.2342 0.9721
vn -0.0139 0.2331 0.9724
vn -0.0802 0.0804 0.9935
vn 0.0169 -0.1925 0.9812
vn -0.0177 0.3012 0.9534
vn -0.1138 -0.1022 0.9882
vn -0.0273 0.3905 0.9202
vn -0.0368 0.6256 0.7793
vn -0.3650 -0.0592 0.9291
vn -0.1676 -0.1474 0.9748
vn -0.0142 0.2329 0.9724
vn -0.0141 0.2328 0.9724
vn 0.3709 -0.0563 0.9270
vn 0.0171 -0.2551 0.9668
vn -0.0028 -0.0879 0.9961
vn 0.1689 0.1423 0.9753
vn -0.0114 0.1935 0.9810
vn -0.0146 0.2323 0.9725
vn -0.0145 0.2318 0.9727
vn 0.0621 -0.9981 -0.0008
vn 0.0596 -0.9982 -0.0000
vn -0.1666 0.0184 0.9858
vn 0.3485 0.0131 0.9372
vn 0.0679 0.2332 0.9701
vn -0.0091 0.1543 0.9880
vn -0.0098 0.1538 0.9880
vn -0.0145 0.2326 0.9725
vn 0.0069 -0.1365 0.9906
vn 0.0598 -0.9982 -0.0005
vn 0.0624 -0.9980 0.0004
vn -0.1591 0.3174 0.9348
vn 0.0287 -0.2174 0.9757
vn -0.0770 -0.2915 0.9535
vn 0.2923 0.1614 0.9426
vn -0.1076 -0.1491 0.9829
vn -0.1076 -0.1491 0.9830
vn -0.1224 -0.1253 0.9845
vn -0.1481 -0.0833 0.9855
vn 0.0707 -0.1211 0.9901
vn 0.0708 -0.1212 0.9901
vn -0.0770 -0.2915 0.9534
vn 0.2772 -0.1598 0.9474
vn -0.2136 0.3599 0.9082
vn -0.1983 0.2718 0.9417
vn -0.0830 0.2056 0.9751
vn -0.0831 0.2056 0.9751
vn -0.0830 0.2055 0.9751
vn 0.1207 0.3094 0.9432
vn -0.0349 -0.2083 0.9774
vn -0.0349 -0.2082 0.9775
vn -0.0348 -0.2082 0.9775
vn 0.2843 -0.2005 0.9375
vn -0.2725 0.1962 0.9420
vn 0.0236 -0.3655 0.9305
vn -0.0856 -0.4107 0.9077
vn 0.1324 -0.1916 0.9725
vn 0.0775 -0.2358 0.9687
vn 0.1040 -0.1797 0.9782
vn 0.0457 -0.3377 0.9401
vn -0.0257 -0.0705 0.9972
vn 0.0418 0.1510 0.9877
vn 0.0279 0.1469 0.9888
vn 0.2554 -0.1392 0.9568
vn -0.1583 0.1257 0.9794
vn 0.0112 -0.1569 0.9876
vn 0.3070 -0.0995 0.9465
vn -0.1274 0.1144 0.9852
vn 0.0561 -0.0122 0.9984
vn 0.0634 -0.0020 0.9980
vn 0.0452 -0.0272 0.9986
vn 0.1010 -0.0190 0.9947
vn -0.0106 0.1534 0.9881
vn 0.1297 -0.4200 0.8982
vn 0.1893 -0.3837 0.9038
vn 0.3322 -0.2865 0.8987
vn -0.1349 0.3470 0.9281
vn -0.2956 0.0875 0.9513
vn -0.0266 0.4526 0.8913
vn 0.0363 -0.2508 0.9674
vn 0.0363 -0.2508 0.9673
vn 0.2676 -0.0115 0.9635
vn -0.0727 -0.1392 0.9876
vn -0.1888 -0.0150 0.9819
vn -0.0145 0.2328 0.9724
vn -0.0146 0.2325 0.9725
vn -0.0028 -0.0880 0.9961
vn -0.0141 0.2317 0.9727
vn -0.0141 0.2322 0.9726
vn -0.1666 0.0184 0.9859
vn -0.0098 0.1539 0.9880
vn -0.0148 0.2313 0.9728
vn 0.0070 -0.1366 0.9906
vn 0.0597 -0.9982 -0.0005
vn 0.0624 -0.9981 0.0004
vn 0.4355 0.0833 0.8963
vn -0.1225 -0.1251 0.9846
vn 0.0489 0.0303 0.9983
vn 0.0979 -0.0473 0.9941
vn -0.0105 0.1535 0.9881
vn 0.1558 -0.6726 0.7234
vn -0.1349 0.3471 0.9281
vn -0.1667 0.0187 0.9858
vn 0.0634 -0.9980 -0.0013
vn 0.0649 -0.9979 0.0009
vn 0.0650 -0.9979 0.0008
vn 0.0595 -0.9982 -0.0001
vn -0.0643 -0.1269 0.9898
vn -0.0643 -0.1268 0.9898
vn -0.1252 0.0486 0.9909
vn -0.0140 0.2313 0.9728
vn -0.0142 0.2313 0.9728
vn -0.0142 0.2317 0.9727
vn -0.0142 0.2314 0.9728
vn -0.0125 0.1945 0.9808
vn -0.0139 0.2316 0.9727
vn -0.0137 0.2311 0.9728
vn 0.0642 -0.9979 0.0008
vn -0.1224 0.0277 0.9921
vn -0.0139 0.2305 0.9730
vn 0.0101 -0.1387 0.9903
vn 0.0402 -0.3895 0.9201
vn 0.2903 0.1624 0.9431
vn -0.0176 0.1323 0.9910
vn 0.0643 -0.9979 0.0007
vn -0.0189 -0.2296 0.9731
vn -0.0189 -0.2295 0.9731
vn 0.0198 -0.1170 0.9929
vn 0.0999 -0.0191 0.9948
vn -0.0264 -0.4140 0.9099
vn 0.2676 -0.0114 0.9635
vn -0.0875 0.0215 0.9959
vn -0.1054 0.2226 0.9692
vn 0.1215 -0.0693 0.9902
vn 0.3303 -0.2824 0.9006
vn -0.0141 0.2308 0.9729
vn -0.0143 0.2314 0.9728
vn -0.0142 0.2312 0.9728
vn -0.0126 0.1946 0.9808
vn -0.0139 0.2311 0.9728
vn 0.0597 -0.9982 -0.0010
vn 0.0650 -0.9979 0.0009
vn 0.4354 0.0833 0.8964
vn 0.0644 -0.9979 -0.0018
vn 0.1108 -0.0454 0.9928
vn 0.1137 -0.0415 0.9926
vn 0.3319 -0.3030 0.8933
vn -0.0140 0.2312 0.9728
vn -0.0140 0.2309 0.9729
vn 0.0646 -0.9979 0.0009
vn -0.1379 0.0323 0.9899
vn 0.0432 -0.3919 0.9190
vn -0.0175 0.1177 0.9929
vn 0.0647 -0.9979 0.0007
vn 0.0596 -0.9982 -0.0001
vn -0.0123 -0.2609 0.9653
vn -0.1012 0.0261 0.9945
vn -0.1379 0.2198 0.9657
vn -0.0140 0.2311 0.9728
vn -0.0139 0.2315 0.9727
vn 0.0809 -0.0353 0.9961
vn 0.3086 -0.3652 0.8783
vn -0.0144 0.2327 0.9724
vn -0.0145 0.2324 0.9725
vn 0.0593 -0.9982 -0.0051
vn 0.0607 -0.9981 0.0084
vn -0.1076 -0.1490 0.9830
vn -0.0348 -0.4006 0.9156
vn 0.0361 -0.0801 0.9961
vn -0.0402 -0.3920 0.9191
vn 0.0211 -0.1141 0.9932
vn -0.0141 0.2312 0.9728
vn -0.0140 0.2314 0.9728
vn -0.0140 0.2315 0.9727
vn -0.0151 0.2331 0.9723
vn 0.0615 -0.9981 -0.0078
vn 0.0616 -0.9981 0.0072
vn -0.0097 0.1539 0.9880
vn -0.0097 0.1540 0.9880
vn 0.0072 -0.1367 0.9906
vn 0.0622 -0.9980 -0.0098
vn 0.1937 0.2101 0.9583
vn 0.0452 -0.0072 0.9990
vn 0.0471 -0.0029 0.9989
vn 0.0345 -0.0310 0.9989
vn 0.0619 -0.0135 0.9980
vn -0.0103 0.1536 0.9881
vn 0.1055 -0.4150 0.9037
vn 0.1643 -0.3715 0.9138
vn 0.2385 -0.3128 0.9194
vn 0.0641 -0.9979 -0.0017
vn 0.0650 -0.9979 0.0010
vn 0.0725 -0.0600 0.9956
vn 0.1004 -0.0419 0.9941
vn 0.0598 -0.0683 0.9959
vn 0.0913 -0.4003 0.9118
vn 0.1237 -0.3925 0.9114
vn 0.3203 -0.3347 0.8862
vn -0.0140 0.2308 0.9729
vn 0.0597 -0.9982 -0.0009
vn 0.0637 -0.9980 -0.0015
vn 0.0999 -0.0190 0.9948
vn -0.1055 0.2226 0.9692
vn -0.1252 0.0485 0.9909
vn -0.0142 0.2316 0.9727
vn 0.0646 -0.9979 0.0008
vn -0.0143 0.2316 0.9727
vn -0.0770 -0.2916 0.9534
vn 0.3086 -0.3651 0.8783
vn 0.0598 -0.9982 -0.0009
vn 0.0641 -0.9979 0.0008
vn -0.1213 0.0274 0.9922
vn 0.0400 -0.3894 0.9202
vn 0.2903 0.1623 0.9431
vn -0.0510 0.4399 0.8966
vn -0.0517 -0.1204 0.9914
vn -0.0518 -0.1203 0.9914
vn 0.0198 -0.1171 0.9929
vn -0.0715 0.0160 0.9973
vn 0.0831 -0.0656 0.9944
vn 0.1086 -0.0447 0.9931
vn 0.0580 -0.0861 0.9946
vn 0.0885 -0.3619 0.9280
vn 0.1141 -0.3565 0.9273
vn 0.3333 -0.2993 0.8941
vn -0.0139 0.2314 0.9728
vn 0.0796 -0.0574 0.9952
vn 0.0984 -0.0412 0.9943
vn 0.0575 -0.0764 0.9954
vn 0.0931 -0.3681 0.9251
vn 0.1135 -0.3642 0.9244
vn 0.3282 -0.3132 0.8912
vn -0.0139 0.2317 0.9727
vn 0.0649 -0.9979 0.0008
vn -0.0139 0.2319 0.9726
vn -0.0142 0.2320 0.9726
vn -0.1407 0.0485 0.9889
vn 0.0424 -0.3913 0.9193
vn -0.0551 0.4465 0.8931
vn -0.0883 -0.0538 0.9946
vn -0.0141 0.2304 0.9730
vn -0.0120 0.1953 0.9807
vn 0.0611 -0.9981 0.0002
vn 0.0610 -0.9981 -0.0003
vn 0.0611 -0.9981 -0.0000
vn -0.0140 0.2291 0.9733
vn 0.0230 -0.3757 0.9264
vn 0.0213 -0.3482 0.9372
vn 0.0143 -0.4772 0.8787
vn 0.0258 -0.0504 0.9984
vn -0.0203 -0.4237 0.9056
vn 0.0340 -0.0849 0.9958
vn -0.0441 -0.3856 0.9216
vn -0.0418 -0.3894 0.9201
vn 0.0259 -0.1032 0.9943
vn 0.0173 -0.4818 0.8761
vn 0.0328 -0.0444 0.9985
vn -0.0140 0.2383 -0.9711
vn -0.0143 0.2373 -0.9713
vn -0.0143 0.2346 -0.9720
vn -0.0139 0.2334 -0.9723
vn 0.2789 0.0372 -0.9596
vn -0.1121 0.1026 -0.9884
vn -0.0140 0.2332 -0.9723
vn -0.0802 0.0804 -0.9935
vn 0.0169 -0.1925 -0.9812
vn -0.0177 0.3012 -0.9534
vn -0.1138 -0.1022 -0.9882
vn -0.0273 0.3905 -0.9202
vn -0.0368 0.6256 -0.7793
vn -0.3650 -0.0592 -0.9291
vn -0.1676 -0.1474 -0.9748
vn -0.0142 0.2328 -0.9724
vn -0.0141 0.2328 -0.9724
vn 0.3709 -0.0563 -0.9270
vn 0.0171 -0.2551 -0.9668
vn -0.0028 -0.0879 -0.9961
vn 0.1689 0.1423 -0.9753
vn -0.0114 0.1935 -0.9810
vn -0.0145 0.2318 -0.9727
vn -0.0146 0.2323 -0.9725
vn -0.1666 0.0184 -0.9858
vn 0.3485 0.0131 -0.9372
vn 0.0679 0.2332 -0.9701
vn -0.0091 0.1543 -0.9880
vn -0.0098 0.1538 -0.9880
vn -0.0145 0.2325 -0.9725
vn 0.0069 -0.1365 -0.9906
vn 0.0624 -0.9980 -0.0004
vn -0.1591 0.3174 -0.9348
vn 0.0287 -0.2174 -0.9757
vn -0.0770 -0.2915 -0.9535
vn 0.2923 0.1614 -0.9426
vn -0.1076 -0.1491 -0.9829
vn -0.1224 -0.1253 -0.9845
vn -0.1076 -0.1491 -0.9830
vn -0.1481 -0.0833 -0.9855
vn 0.0707 -0.1211 -0.9901
vn 0.0708 -0.1212 -0.9901
vn 0.2772 -0.1598 -0.9474
vn -0.2136 0.3599 -0.9082
vn -0.1983 0.2718 -0.9417
vn -0.0830 0.2055 -0.9751
vn -0.0831 0.2056 -0.9751
vn -0.0830 0.2056 -0.9751
vn 0.1207 0.3094 -0.9432
vn -0.0348 -0.2083 -0.9774
vn -0.0349 -0.2082 -0.9775
vn -0.0349 -0.2083 -0.9774
vn 0.2843 -0.2005 -0.9375
vn -0.2725 0.1962 -0.9420
vn 0.0236 -0.3655 -0.9305
vn -0.0856 -0.4107 -0.9077
vn 0.1324 -0.1916 -0.9725
vn 0.0775 -0.2358 -0.9687
vn 0.1040 -0.1797 -0.9782
vn 0.0457 -0.3377 -0.9401
vn -0.0257 -0.0705 -0.9972
vn 0.0418 0.1510 -0.9877
vn 0.0279 0.1469 -0.9888
vn 0.2554 -0.1392 -0.9568
vn -0.1583 0.1257 -0.9794
vn 0.0112 -0.1569 -0.9876
vn 0.3070 -0.0995 -0.9465
vn -0.1274 0.1144 -0.9852
vn 0.0561 -0.0122 -0.9984
vn 0.0452 -0.0272 -0.9986
vn 0.0634 -0.0020 -0.9980
vn 0.1010 -0.0190 -0.9947
vn -0.0106 0.1534 -0.9881
vn 0.1297 -0.4200 -0.8982
vn 0.3322 -0.2865 -0.8987
vn 0.1893 -0.3837 -0.9038
vn -0.1349 0.3470 -0.9281
vn -0.2956 0.0875 -0.9513
vn -0.0266 0.4526 -0.8913
vn 0.0363 -0.2508 -0.9674
vn 0.0363 -0.2508 -0.9673
vn 0.2676 -0.0115 -0.9635
vn -0.0727 -0.1392 -0.9876
vn -0.1888 -0.0150 -0.9819
vn -0.0145 0.2327 -0.9724
vn -0.0146 0.2325 -0.9725
vn -0.0028 -0.0880 -0.9961
vn -0.0141 0.2323 -0.9725
vn -0.0141 0.2317 -0.9727
vn -0.1666 0.0184 -0.9859
vn -0.0098 0.1539 -0.9880
vn -0.0148 0.2313 -0.9728
vn 0.0070 -0.1366 -0.9906
vn 0.0625 -0.9980 -0.0004
vn -0.0770 -0.2915 -0.9534
vn 0.4355 0.0833 -0.8963
vn -0.1225 -0.1251 -0.9846
vn 0.0707 -0.1212 -0.9901
vn 0.0489 0.0303 -0.9983
vn 0.0979 -0.0473 -0.9941
vn -0.0105 0.1535 -0.9881
vn 0.1558 -0.6726 -0.7234
vn -0.1349 0.3471 -0.9281
vn -0.1667 0.0187 -0.9858
vn 0.0650 -0.9979 -0.0008
vn 0.0648 -0.9979 -0.0009
vn 0.0595 -0.9982 0.0001
vn -0.0643 -0.1268 -0.9898
vn -0.0643 -0.1269 -0.9898
vn -0.1252 0.0486 -0.9909
vn -0.0140 0.2313 -0.9728
vn -0.0142 0.2317 -0.9727
vn -0.0140 0.2308 -0.9729
vn -0.0142 0.2313 -0.9728
vn -0.0125 0.1945 -0.9808
vn -0.0137 0.2311 -0.9728
vn -0.0139 0.2316 -0.9727
vn 0.0642 -0.9979 -0.0008
vn -0.1224 0.0277 -0.9921
vn -0.0139 0.2305 -0.9730
vn 0.0101 -0.1387 -0.9903
vn 0.0402 -0.3895 -0.9201
vn 0.2903 0.1624 -0.9431
vn -0.0176 0.1323 -0.9910
vn 0.0643 -0.9979 -0.0007
vn -0.0189 -0.2295 -0.9731
vn -0.0189 -0.2296 -0.9731
vn 0.0198 -0.1170 -0.9929
vn 0.0999 -0.0191 -0.9948
vn -0.0264 -0.4140 -0.9099
vn 0.2676 -0.0114 -0.9635
vn -0.0875 0.0215 -0.9959
vn -0.1054 0.2226 -0.9692
vn 0.1215 -0.0693 -0.9902
vn 0.3303 -0.2824 -0.9006
vn -0.0140 0.2311 -0.9728
vn -0.0143 0.2314 -0.9728
vn -0.0126 0.1946 -0.9808
vn -0.0139 0.2311 -0.9728
vn 0.0650 -0.9979 -0.0009
vn 0.4354 0.0833 -0.8964
vn 0.1108 -0.0454 -0.9928
vn 0.1137 -0.0415 -0.9926
vn 0.3319 -0.3030 -0.8933
vn -0.0140 0.2312 -0.9728
vn -0.0142 0.2316 -0.9727
vn -0.0140 0.2309 -0.9729
vn 0.0646 -0.9979 -0.0009
vn -0.1379 0.0323 -0.9899
vn 0.0432 -0.3919 -0.9190
vn -0.0175 0.1177 -0.9929
vn 0.0647 -0.9979 -0.0007
vn -0.0123 -0.2609 -0.9653
vn -0.1012 0.0261 -0.9945
vn -0.1379 0.2198 -0.9657
vn -0.0142 0.2314 -0.9728
vn 0.0809 -0.0353 -0.9961
vn 0.3086 -0.3652 -0.8783
vn -0.0141 0.2322 -0.9726
vn -0.0145 0.2329 -0.9724
vn -0.0139 0.2315 -0.9727
vn 0.0612 -0.9981 -0.0088
vn -0.1076 -0.1490 -0.9830
vn -0.0348 -0.4006 -0.9156
vn 0.0361 -0.0801 -0.9961
vn -0.0402 -0.3920 -0.9191
vn 0.0211 -0.1141 -0.9932
vn -0.0140 0.2314 -0.9728
vn -0.0140 0.2315 -0.9727
vn -0.0151 0.2330 -0.9724
vn 0.0603 -0.9982 -0.0059
vn -0.0097 0.1540 -0.9880
vn -0.0097 0.1539 -0.9880
vn 0.0072 -0.1367 -0.9906
vn 0.1937 0.2101 -0.9583
vn 0.0452 -0.0072 -0.9990
vn 0.0345 -0.0310 -0.9989
vn 0.0471 -0.0029 -0.9989
vn 0.0619 -0.0135 -0.9980
vn -0.0103 0.1536 -0.9881
vn 0.1055 -0.4150 -0.9037
vn 0.2385 -0.3128 -0.9194
vn 0.1643 -0.3715 -0.9138
vn -0.0141 0.2312 -0.9728
vn -0.0142 0.2312 -0.9728
vn 0.0725 -0.0600 -0.9956
vn 0.0598 -0.0683 -0.9959
vn 0.1004 -0.0419 -0.9941
vn 0.0913 -0.4003 -0.9118
vn 0.3203 -0.3347 -0.8862
vn 0.1237 -0.3925 -0.9114
vn -0.0139 0.2314 -0.9728
vn -0.0142 0.2315 -0.9727
vn 0.0999 -0.0190 -0.9948
vn -0.1055 0.2226 -0.9692
vn -0.1252 0.0485 -0.9909
vn 0.0647 -0.9979 -0.0009
vn -0.0143 0.2316 -0.9727
vn -0.0770 -0.2916 -0.9534
vn 0.0649 -0.9979 -0.0008
vn 0.3086 -0.3651 -0.8783
vn -0.1213 0.0274 -0.9922
vn 0.0400 -0.3894 -0.9202
vn 0.2903 0.1623 -0.9431
vn -0.0510 0.4399 -0.8966
vn -0.0517 -0.1204 -0.9914
vn -0.0517 -0.1203 -0.9914
vn 0.0198 -0.1171 -0.9929
vn -0.0715 0.0160 -0.9973
vn 0.0831 -0.0656 -0.9944
vn 0.0580 -0.0861 -0.9946
vn 0.1086 -0.0447 -0.9931
vn 0.0885 -0.3619 -0.9280
vn 0.3333 -0.2993 -0.8941
vn 0.1141 -0.3565 -0.9273
vn 0.0796 -0.0574 -0.9952
vn 0.0575 -0.0764 -0.9954
vn 0.0984 -0.0412 -0.9943
vn 0.0931 -0.3681 -0.9251
vn 0.3282 -0.3132 -0.8912
vn 0.1135 -0.3642 -0.9244
vn -0.0141 0.2311 -0.9728
vn -0.0139 0.2317 -0.9727
vn 0.0649 -0.9979 -0.0009
vn 0.0647 -0.9979 -0.0008
vn -0.0139 0.2319 -0.9726
vn -0.0142 0.2320 -0.9726
vn -0.1407 0.0485 -0.9889
vn 0.0424 -0.3913 -0.9193
vn -0.0551 0.4465 -0.8931
vn -0.0883 -0.0538 -0.9946
vn -0.0141 0.2304 -0.9730
vn -0.0120 0.1953 -0.9807
vn 0.0611 -0.9981 -0.0002
vn -0.0140 0.2291 -0.9733
vn 0.0230 -0.3757 -0.9264
vn 0.0213 -0.3482 -0.9372
vn 0.0143 -0.4772 -0.8787
vn 0.0258 -0.0504 -0.9984
vn -0.0203 -0.4237 -0.9056
vn 0.0340 -0.0849 -0.9958
vn -0.0441 -0.3856 -0.9216
vn -0.0418 -0.3894 -0.9201
vn 0.0259 -0.1032 -0.9943
vn 0.0173 -0.4818 -0.8761
vn 0.0328 -0.0444 -0.9985
vt 0.275648 0.489446
vt 0.168801 0.489446
vt 0.275648 0.421608
vt 0.168801 0.421608
vt 0.275648 0.560280
vt 0.168801 0.560280
vt 0.186201 0.344448
vt 0.186201 0.043981
vt 0.212126 0.344448
vt 0.212126 0.043981
vt 0.162765 0.344448
vt 0.162765 0.043981
vt 0.186201 0.033556
vt 0.212126 0.033556
vt 0.162765 0.033556
vt 0.243278 0.046979
vt 0.234110 0.046979
vt 0.243278 0.036514
vt 0.234110 0.036514
vt 0.243278 0.348587
vt 0.234110 0.348587
vt 0.162765 0.356205
vt 0.186201 0.356205
vt 0.212126 0.356205
vt 0.243278 0.047463
vt 0.234126 0.047463
vt 0.234126 0.348587
vt 0.243278 0.037016
vt 0.234126 0.037016
vt 0.212126 0.021799
vt 0.186201 0.021799
vt 0.162765 0.021799
vt 0.275648 0.399073
vt 0.158304 0.410340
vt 0.147808 0.489446
vt 0.158304 0.565980
vt 0.275648 0.571680
vt 0.101320 0.054495
vt 0.101299 0.071435
vt 0.094404 0.049081
vt 0.094459 0.078351
vt 0.112443 0.064912
vt 0.105276 0.064441
vt 0.109351 0.062690
vt 0.108629 0.047218
vt 0.103486 0.038218
vt 0.114535 0.041830
vt 0.114561 0.026464
vt 0.115474 0.054044
vt 0.118316 0.053584
vt 0.117401 0.041480
vt 0.101598 0.081623
vt 0.106833 0.058392
vt 0.112275 0.056271
vt 0.112231 0.060034
vt 0.103516 0.061121
vt 0.114202 0.060975
vt 0.104146 0.074885
vt 0.108027 0.068959
vt 0.116501 0.072452
vt 0.110451 0.076275
vt 0.112093 0.070358
vt 0.094026 0.094593
vt 0.100987 0.092889
vt 0.119271 0.072732
vt 0.119075 0.061968
vt 0.116254 0.062120
vt 0.109089 0.080732
vt 0.118982 0.080607
vt 0.116189 0.080360
vt 0.107199 0.098805
vt 0.109430 0.091233
vt 0.111888 0.096167
vt 0.108826 0.054074
vt 0.107180 0.087727
vt 0.101304 0.102498
vt 0.094288 0.105671
vt 0.118706 0.093328
vt 0.115984 0.093063
vt 0.119060 0.084809
vt 0.116334 0.084568
vt 0.113830 0.084492
vt 0.112843 0.090817
vt 0.110436 0.084626
vt 0.104147 0.104044
vt 0.101314 0.108938
vt 0.115843 0.107694
vt 0.118621 0.107901
vt 0.105030 0.096194
vt 0.108915 0.101588
vt 0.108684 0.107748
vt 0.111494 0.082576
vt 0.106781 0.075560
vt 0.113854 0.055175
vt 0.114675 0.065404
vt 0.112602 0.103691
vt 0.093813 0.121989
vt 0.100763 0.120167
vt 0.106939 0.125946
vt 0.109222 0.118424
vt 0.111768 0.123398
vt 0.106939 0.114910
vt 0.101235 0.129829
vt 0.094196 0.131499
vt 0.118508 0.120397
vt 0.115781 0.120189
vt 0.118733 0.111991
vt 0.116002 0.111780
vt 0.113491 0.111678
vt 0.112607 0.117991
vt 0.110105 0.111763
vt 0.104126 0.131340
vt 0.101378 0.137294
vt 0.115971 0.135845
vt 0.118763 0.135998
vt 0.104802 0.123393
vt 0.108448 0.128613
vt 0.110739 0.133301
vt 0.111133 0.109710
vt 0.110024 0.722854
vt 0.108114 0.729940
vt 0.102701 0.724025
vt 0.111436 0.726857
vt 0.112475 0.724785
vt 0.120279 0.726769
vt 0.117517 0.726676
vt 0.119838 0.719119
vt 0.117200 0.718972
vt 0.114926 0.726810
vt 0.095457 0.690131
vt 0.102611 0.694950
vt 0.095205 0.709781
vt 0.102156 0.707978
vt 0.108446 0.713807
vt 0.110521 0.706145
vt 0.113036 0.711069
vt 0.108214 0.702612
vt 0.102608 0.717574
vt 0.095555 0.719154
vt 0.119827 0.708189
vt 0.117103 0.707950
vt 0.120145 0.699678
vt 0.117408 0.699497
vt 0.111670 0.692098
vt 0.114884 0.699423
vt 0.113933 0.705720
vt 0.111540 0.699522
vt 0.105464 0.719097
vt 0.106238 0.711214
vt 0.110239 0.716577
vt 0.114648 0.695796
vt 0.119599 0.690003
vt 0.116953 0.689850
vt 0.114623 0.717966
vt 0.095190 0.662857
vt 0.102365 0.667662
vt 0.095020 0.680742
vt 0.101946 0.678886
vt 0.108269 0.684643
vt 0.110294 0.677017
vt 0.112822 0.681903
vt 0.107988 0.673542
vt 0.102492 0.688495
vt 0.119583 0.679004
vt 0.116861 0.678773
vt 0.119790 0.670520
vt 0.117048 0.670318
vt 0.109635 0.666388
vt 0.114506 0.670217
vt 0.113676 0.676549
vt 0.111114 0.670351
vt 0.105372 0.689999
vt 0.106044 0.682088
vt 0.110101 0.687334
vt 0.112091 0.668266
vt 0.119547 0.662742
vt 0.116851 0.662548
vt 0.114679 0.688309
vt 0.094938 0.634862
vt 0.102124 0.639632
vt 0.094801 0.653461
vt 0.101742 0.651600
vt 0.108061 0.657390
vt 0.110115 0.649734
vt 0.112652 0.654644
vt 0.107796 0.646214
vt 0.102229 0.661197
vt 0.119440 0.651763
vt 0.116713 0.651523
vt 0.119704 0.643235
vt 0.116966 0.643066
vt 0.111207 0.636723
vt 0.114442 0.643005
vt 0.113527 0.649299
vt 0.111097 0.643100
vt 0.105087 0.662690
vt 0.105841 0.654812
vt 0.109864 0.660146
vt 0.114593 0.639618
vt 0.119149 0.634607
vt 0.116502 0.634470
vt 0.114261 0.661535
vt 0.094538 0.607569
vt 0.101741 0.612356
vt 0.094457 0.625472
vt 0.101378 0.623580
vt 0.107730 0.629300
vt 0.109726 0.621679
vt 0.112283 0.626563
vt 0.107399 0.618214
vt 0.101971 0.633183
vt 0.119030 0.623611
vt 0.116305 0.623400
vt 0.119189 0.615129
vt 0.116447 0.614944
vt 0.109012 0.611055
vt 0.113904 0.614857
vt 0.113107 0.621196
vt 0.110511 0.615009
vt 0.104863 0.634671
vt 0.105493 0.626760
vt 0.109564 0.631970
vt 0.111478 0.612921
vt 0.118910 0.607354
vt 0.116213 0.607179
vt 0.114048 0.632310
vt 0.094407 0.581862
vt 0.101471 0.585069
vt 0.094124 0.598144
vt 0.101068 0.596289
vt 0.107399 0.602072
vt 0.109434 0.594423
vt 0.111977 0.599307
vt 0.107129 0.590940
vt 0.101578 0.605892
vt 0.118738 0.596380
vt 0.116010 0.596160
vt 0.118887 0.587929
vt 0.116151 0.587734
vt 0.108776 0.583713
vt 0.113635 0.587642
vt 0.112815 0.593956
vt 0.110249 0.587747
vt 0.104445 0.607377
vt 0.105172 0.599504
vt 0.109213 0.604818
vt 0.111252 0.585681
vt 0.118735 0.583847
vt 0.115943 0.583670
vt 0.113618 0.606181
vt 0.094708 0.550019
vt 0.101755 0.555028
vt 0.094068 0.567968
vt 0.101052 0.566258
vt 0.107271 0.572190
vt 0.109478 0.564573
vt 0.111952 0.569510
vt 0.107239 0.561049
vt 0.101339 0.575845
vt 0.118728 0.566654
vt 0.116009 0.566396
vt 0.119103 0.558266
vt 0.116368 0.558006
vt 0.109054 0.553924
vt 0.113830 0.557853
vt 0.112866 0.564153
vt 0.110437 0.557919
vt 0.104145 0.577390
vt 0.118722 0.577461
vt 0.105098 0.569564
vt 0.108980 0.575020
vt 0.111463 0.555856
vt 0.119054 0.550521
vt 0.116364 0.550260
vt 0.112685 0.577443
vt 0.095216 0.522008
vt 0.102266 0.526976
vt 0.094571 0.540605
vt 0.101557 0.538933
vt 0.107717 0.544890
vt 0.109976 0.537290
vt 0.112378 0.542264
vt 0.107754 0.533711
vt 0.101788 0.548548
vt 0.119241 0.539564
vt 0.116522 0.539253
vt 0.119738 0.531053
vt 0.117005 0.530810
vt 0.111422 0.524314
vt 0.114485 0.530681
vt 0.113398 0.536946
vt 0.111138 0.530686
vt 0.104605 0.550115
vt 0.105568 0.542255
vt 0.109445 0.547691
vt 0.114728 0.527301
vt 0.119476 0.522430
vt 0.116776 0.522210
vt 0.113803 0.549186
vt 0.095591 0.494728
vt 0.102654 0.499699
vt 0.095002 0.512606
vt 0.101971 0.510908
vt 0.108158 0.516806
vt 0.110368 0.509238
vt 0.112788 0.514191
vt 0.108141 0.505710
vt 0.102292 0.520526
vt 0.119612 0.511432
vt 0.116894 0.511143
vt 0.120008 0.502959
vt 0.117273 0.502695
vt 0.109953 0.498595
vt 0.114734 0.502536
vt 0.113760 0.508850
vt 0.111340 0.502591
vt 0.105141 0.522093
vt 0.105995 0.514202
vt 0.109915 0.519535
vt 0.112364 0.500530
vt 0.119947 0.495180
vt 0.117255 0.494923
vt 0.114170 0.520662
vt 0.096059 0.465666
vt 0.103119 0.470615
vt 0.095418 0.485323
vt 0.102406 0.483629
vt 0.108589 0.489562
vt 0.110820 0.481954
vt 0.113242 0.486924
vt 0.108579 0.478378
vt 0.102669 0.493233
vt 0.120098 0.484203
vt 0.117376 0.483900
vt 0.120573 0.475687
vt 0.117839 0.475450
vt 0.112238 0.467936
vt 0.115315 0.475324
vt 0.114245 0.481601
vt 0.111967 0.475356
vt 0.105492 0.494792
vt 0.106430 0.486934
vt 0.110327 0.492360
vt 0.115148 0.471693
vt 0.120266 0.466007
vt 0.117565 0.465792
vt 0.114690 0.493850
vt 0.096310 0.438392
vt 0.103394 0.443330
vt 0.095801 0.456271
vt 0.102762 0.454544
vt 0.108977 0.460419
vt 0.111146 0.452833
vt 0.113582 0.457766
vt 0.108905 0.449315
vt 0.103125 0.464160
vt 0.120397 0.454998
vt 0.117679 0.454714
vt 0.120762 0.446518
vt 0.118025 0.446264
vt 0.110687 0.442193
vt 0.115486 0.446114
vt 0.114537 0.452430
vt 0.112091 0.446184
vt 0.105977 0.465718
vt 0.106800 0.457822
vt 0.110759 0.463144
vt 0.113107 0.444118
vt 0.120666 0.438736
vt 0.117974 0.438491
vt 0.115319 0.464207
vt 0.096588 0.410400
vt 0.103682 0.415301
vt 0.096099 0.428990
vt 0.103074 0.427259
vt 0.109283 0.433167
vt 0.111481 0.425552
vt 0.113924 0.430509
vt 0.109229 0.421989
vt 0.103380 0.436864
vt 0.120766 0.427756
vt 0.118043 0.427465
vt 0.121190 0.419235
vt 0.118455 0.419013
vt 0.112817 0.412563
vt 0.115934 0.418905
vt 0.114900 0.425181
vt 0.112587 0.418937
vt 0.106210 0.438410
vt 0.107112 0.430548
vt 0.111034 0.435957
vt 0.116148 0.415521
vt 0.120856 0.410607
vt 0.118153 0.410410
vt 0.115404 0.437429
vt 0.096694 0.383132
vt 0.103808 0.388030
vt 0.096284 0.401006
vt 0.103237 0.399240
vt 0.109480 0.405076
vt 0.111617 0.397492
vt 0.114083 0.402424
vt 0.109356 0.393985
vt 0.103650 0.408852
vt 0.120882 0.399600
vt 0.118161 0.399336
vt 0.121196 0.391118
vt 0.118458 0.390880
vt 0.111097 0.386852
vt 0.115918 0.390746
vt 0.115005 0.397071
vt 0.112524 0.390835
vt 0.106513 0.410392
vt 0.107292 0.402495
vt 0.111264 0.407779
vt 0.113528 0.388763
vt 0.121000 0.383323
vt 0.118363 0.383104
vt 0.115740 0.408204
vt 0.096853 0.353992
vt 0.103962 0.358864
vt 0.096420 0.373735
vt 0.103390 0.371974
vt 0.109642 0.377833
vt 0.111787 0.370198
vt 0.114268 0.375142
vt 0.109494 0.366650
vt 0.103758 0.381566
vt 0.121099 0.372347
vt 0.118374 0.372071
vt 0.121509 0.363818
vt 0.118775 0.363610
vt 0.113061 0.356097
vt 0.116258 0.363508
vt 0.115218 0.369803
vt 0.112843 0.363589
vt 0.106597 0.383095
vt 0.107453 0.375230
vt 0.111408 0.380612
vt 0.113909 0.361559
vt 0.121068 0.354019
vt 0.118363 0.353841
vt 0.115787 0.382057
vt 0.096729 0.326743
vt 0.103882 0.331582
vt 0.096473 0.344617
vt 0.103411 0.342802
vt 0.109705 0.348600
vt 0.111765 0.340978
vt 0.114268 0.345879
vt 0.109476 0.337491
vt 0.103901 0.352410
vt 0.121043 0.343008
vt 0.118322 0.342766
vt 0.121292 0.334524
vt 0.118551 0.334310
vt 0.111157 0.330344
vt 0.116010 0.334197
vt 0.115149 0.340527
vt 0.112618 0.334314
vt 0.106772 0.353938
vt 0.107492 0.346029
vt 0.111527 0.351306
vt 0.113604 0.332235
vt 0.121028 0.326733
vt 0.118390 0.326537
vt 0.116192 0.352263
vt 0.096618 0.298747
vt 0.103775 0.303550
vt 0.096384 0.317346
vt 0.103333 0.315518
vt 0.109626 0.321338
vt 0.111715 0.313693
vt 0.114228 0.318614
vt 0.109412 0.310164
vt 0.103776 0.325117
vt 0.121030 0.315762
vt 0.118304 0.315511
vt 0.121330 0.307232
vt 0.118593 0.307053
vt 0.112859 0.300696
vt 0.116071 0.306983
vt 0.115128 0.313273
vt 0.112725 0.307066
vt 0.106627 0.326624
vt 0.107417 0.318750
vt 0.111415 0.324103
vt 0.116233 0.303596
vt 0.120861 0.298610
vt 0.118155 0.298450
vt 0.115806 0.325512
vt 0.096335 0.271476
vt 0.103516 0.276272
vt 0.096182 0.289360
vt 0.103109 0.287494
vt 0.109442 0.293244
vt 0.111460 0.285618
vt 0.113996 0.290504
vt 0.109148 0.282146
vt 0.103660 0.297100
vt 0.120755 0.287597
vt 0.118032 0.287369
vt 0.120948 0.279111
vt 0.118206 0.278912
vt 0.110787 0.274990
vt 0.115664 0.278814
vt 0.114843 0.285148
vt 0.112271 0.278951
vt 0.106544 0.298601
vt 0.107213 0.290692
vt 0.111278 0.295930
vt 0.113245 0.276866
vt 0.120637 0.271322
vt 0.117998 0.271141
vt 0.115934 0.296765
vt 0.096088 0.242411
vt 0.103268 0.247186
vt 0.095931 0.262079
vt 0.102876 0.260214
vt 0.109202 0.265993
vt 0.111246 0.258332
vt 0.113790 0.263242
vt 0.108918 0.254813
vt 0.103374 0.269808
vt 0.120577 0.260353
vt 0.117849 0.260117
vt 0.120843 0.251828
vt 0.118103 0.251658
vt 0.112319 0.244284
vt 0.115577 0.251594
vt 0.114661 0.257895
vt 0.112231 0.251708
vt 0.106234 0.271297
vt 0.106979 0.263419
vt 0.111008 0.268748
vt 0.115320 0.247968
vt 0.120238 0.242149
vt 0.117591 0.242009
vt 0.115407 0.270131
vt 0.095669 0.215139
vt 0.102871 0.219903
vt 0.095600 0.233026
vt 0.102516 0.231128
vt 0.108874 0.236849
vt 0.110855 0.229212
vt 0.113412 0.234084
vt 0.108528 0.225751
vt 0.103116 0.240733
vt 0.120157 0.231147
vt 0.117433 0.230931
vt 0.120314 0.222661
vt 0.117571 0.222475
vt 0.110135 0.218587
vt 0.115028 0.222388
vt 0.114235 0.228725
vt 0.111637 0.222541
vt 0.106005 0.242221
vt 0.106634 0.234307
vt 0.110722 0.239529
vt 0.112601 0.220451
vt 0.119968 0.214875
vt 0.117328 0.214705
vt 0.115307 0.240480
vt 0.095257 0.187147
vt 0.102470 0.191875
vt 0.095226 0.205745
vt 0.102156 0.203844
vt 0.108509 0.209598
vt 0.110519 0.201930
vt 0.113083 0.206826
vt 0.108179 0.198424
vt 0.102698 0.213439
vt 0.119855 0.203905
vt 0.117126 0.203681
vt 0.120069 0.195375
vt 0.117330 0.195222
vt 0.111534 0.188913
vt 0.114806 0.195176
vt 0.113928 0.201476
vt 0.111461 0.195291
vt 0.105566 0.214915
vt 0.106274 0.207033
vt 0.110327 0.212344
vt 0.114937 0.191788
vt 0.119463 0.186751
vt 0.116815 0.186629
vt 0.114732 0.213707
vt 0.094714 0.159869
vt 0.101935 0.164598
vt 0.094724 0.177761
vt 0.101632 0.175826
vt 0.108015 0.181510
vt 0.109964 0.173876
vt 0.112550 0.178747
vt 0.107619 0.170424
vt 0.102279 0.185427
vt 0.119277 0.175758
vt 0.116551 0.175562
vt 0.119383 0.167279
vt 0.116639 0.167108
vt 0.109186 0.163253
vt 0.114097 0.167033
vt 0.113340 0.173375
vt 0.110708 0.167201
vt 0.105179 0.186897
vt 0.105764 0.178982
vt 0.109864 0.184169
vt 0.111661 0.165108
vt 0.118994 0.159506
vt 0.116353 0.159348
vt 0.114349 0.184484
vt 0.094237 0.150468
vt 0.101158 0.148521
vt 0.107520 0.154267
vt 0.109500 0.146590
vt 0.112075 0.151491
vt 0.107157 0.143066
vt 0.101733 0.158130
vt 0.118828 0.148579
vt 0.116099 0.148358
vt 0.119009 0.140141
vt 0.116287 0.139952
vt 0.113821 0.139875
vt 0.112902 0.146152
vt 0.110483 0.139961
vt 0.104603 0.159597
vt 0.105280 0.151703
vt 0.109348 0.157009
vt 0.111569 0.137930
vt 0.113756 0.158359
vt 0.095268 0.733571
vt 0.102292 0.733844
vt 0.108184 0.734044
vt 0.117793 0.733791
vt 0.120543 0.733689
vt 0.111676 0.733971
vt 0.115203 0.733884
s 1
usemtl initialShadingGroup
f 2/1/1 3/2/2 1/3/3
f 1/3/3 3/2/2 4/4/4
f 5/5/5 6/6/6 2/1/7
f 2/1/7 6/6/6 3/2/8
f 8/7/9 9/8/10 7/9/11
f 7/9/11 9/8/10 10/10/12
f 11/11/13 12/12/14 8/7/9
f 8/7/9 12/12/14 9/8/10
f 9/8/10 13/13/15 10/10/12
f 10/10/12 13/13/15 14/14/16
f 12/12/14 15/15/17 9/8/10
f 9/8/10 15/15/17 13/13/15
f 12/16/18 16/17/18 15/18/19
f 15/18/19 16/17/18 17/19/19
f 12/16/18 11/20/20 16/17/18
f 16/17/18 11/20/20 18/21/20
f 18/22/21 11/11/21 19/23/22
f 19/23/22 11/11/21 8/7/23
f 20/24/24 19/23/22 7/9/24
f 7/9/24 19/23/22 8/7/23
f 21/25/25 20/20/25 10/26/26
f 10/26/26 20/20/25 7/27/25
f 22/28/27 21/25/27 14/29/27
f 14/29/27 21/25/27 10/26/26
f 22/30/28 14/14/28 23/31/29
f 23/31/29 14/14/28 13/13/30
f 13/13/30 15/15/31 23/31/29
f 23/31/29 15/15/31 17/32/31
f 24/33/32 1/3/32 25/34/32
f 25/34/32 1/3/32 4/4/32
f 3/2/33 26/35/29 4/4/34
f 4/4/34 26/35/29 25/34/34
f 27/36/35 26/35/29 6/6/36
f 6/6/36 26/35/29 3/2/33
f 5/5/37 28/37/37 6/6/37
f 6/6/37 28/37/37 27/36/37
f 32/4/38 31/2/38 29/3/39
f 29/3/39 31/2/39 30/1/39
f 31/2/40 34/6/41 30/1/42
f 30/1/42 34/6/41 33/5/43
f 38/10/44 37/8/45 35/9/46
f 35/9/46 37/8/45 36/7/47
f 37/8/45 40/12/48 36/7/47
f 36/7/47 40/12/48 39/11/49
f 42/14/50 41/13/51 38/10/44
f 38/10/44 41/13/51 37/8/45
f 41/13/51 43/15/52 37/8/45
f 37/8/45 43/15/52 40/12/48
f 40/16/18 43/18/19 16/17/18
f 16/17/18 43/18/19 17/19/19
f 40/16/18 16/17/18 39/20/20
f 39/20/20 16/17/18 18/21/20
f 36/7/23 39/11/21 19/23/22
f 19/23/22 39/11/21 18/22/21
f 20/24/24 35/9/24 19/23/22
f 19/23/22 35/9/24 36/7/23
f 21/25/25 38/26/26 20/20/25
f 20/20/25 38/26/26 35/27/25
f 22/28/27 42/29/27 21/25/27
f 21/25/27 42/29/27 38/26/26
f 41/13/30 42/14/28 23/31/29
f 23/31/29 42/14/28 22/30/28
f 41/13/30 23/31/29 43/15/31
f 43/15/31 23/31/29 17/32/31
f 24/33/32 25/34/32 29/3/32
f 29/3/32 25/34/32 32/4/32
f 31/2/53 32/4/34 26/35/29
f 26/35/29 32/4/34 25/34/34
f 31/2/53 26/35/29 34/6/54
f 34/6/54 26/35/29 27/36/35
f 33/5/37 34/6/37 28/37/37
f 28/37/37 34/6/37 27/36/37
f 44/38/28 45/39/55 47/40/56
f 47/40/56 45/39/55 46/41/57
f 48/42/58 49/43/58 50/44/58
f 51/45/59 52/46/59 54/47/59
f 54/47/59 52/46/59 53/48/59
f 56/49/60 54/47/61 55/50/60
f 55/50/60 54/47/61 57/51/61
f 57/51/61 54/47/61 53/48/62
f 46/41/63 45/39/64 58/52/65
f 49/43/66 59/53/66 50/44/66
f 50/44/66 59/53/66 60/54/66
f 60/54/67 61/55/67 50/44/67
f 44/38/68 62/56/68 45/39/68
f 44/38/69 59/53/69 62/56/69
f 63/57/70 48/42/70 61/55/70
f 45/39/71 64/58/71 58/52/71
f 48/42/72 65/59/72 49/43/72
f 66/60/73 67/61/73 68/62/73
f 46/41/63 58/52/65 70/63/74
f 70/63/74 58/52/65 69/64/75
f 71/65/60 66/60/60 73/66/60
f 73/66/60 66/60/60 72/67/60
f 67/61/76 74/68/76 58/52/76
f 75/69/60 76/70/60 71/65/60
f 71/65/60 76/70/60 66/60/60
f 76/70/77 67/61/77 66/60/77
f 77/71/78 78/72/78 79/73/78
f 44/38/79 80/74/79 59/53/79
f 58/52/80 81/75/80 69/64/80
f 69/64/75 82/76/81 70/63/74
f 70/63/74 82/76/81 83/77/82
f 84/78/83 85/79/84 87/80/60
f 87/80/60 85/79/84 86/81/60
f 74/68/85 81/75/85 58/52/85
f 76/70/86 74/68/86 67/61/86
f 88/82/87 89/83/87 90/84/87
f 77/71/88 91/85/89 82/76/89
f 83/77/82 82/76/81 92/86/90
f 93/87/91 79/73/91 85/79/91
f 94/88/92 93/87/93 84/78/83
f 84/78/83 93/87/93 85/79/84
f 81/75/94 95/89/94 69/64/94
f 89/83/95 78/72/95 81/75/95
f 74/68/96 90/84/96 81/75/96
f 91/85/97 96/90/97 97/91/97
f 74/68/87 98/92/87 90/84/87
f 87/80/60 86/81/60 75/69/60
f 75/69/60 86/81/60 76/70/60
f 86/81/98 88/82/99 76/70/100
f 76/70/100 88/82/99 98/92/101
f 85/79/102 89/83/102 86/81/103
f 86/81/103 89/83/102 88/82/103
f 81/75/96 90/84/96 89/83/104
f 99/93/105 58/52/105 64/58/105
f 49/43/106 64/58/106 45/39/106
f 65/59/107 64/58/107 49/43/107
f 63/57/108 61/55/109 100/94/108
f 100/94/108 61/55/109 60/54/110
f 72/67/60 56/49/60 73/66/60
f 73/66/60 56/49/60 55/50/60
f 66/60/111 48/42/111 101/95/111
f 72/67/112 63/57/112 56/49/113
f 56/49/113 63/57/112 100/94/114
f 72/67/115 48/42/115 63/57/115
f 50/44/67 61/55/67 48/42/67
f 72/67/116 101/95/116 48/42/116
f 66/60/117 101/95/117 72/67/117
f 65/59/118 68/62/118 67/61/118
f 65/59/119 99/93/119 64/58/119
f 62/56/120 59/53/120 49/43/120
f 45/39/121 62/56/121 49/43/121
f 48/42/122 68/62/122 65/59/122
f 66/60/123 68/62/123 48/42/123
f 67/61/124 99/93/124 65/59/124
f 67/61/125 58/52/125 99/93/125
f 56/49/126 100/94/126 80/74/126
f 100/94/126 60/54/126 80/74/126
f 54/47/127 80/74/127 51/45/127
f 56/49/128 80/74/128 54/47/128
f 80/74/129 60/54/129 59/53/129
f 51/45/127 80/74/127 44/38/127
f 44/38/130 47/40/130 51/45/130
f 51/45/130 47/40/130 52/46/130
f 93/87/131 97/91/132 102/96/133
f 91/85/134 97/91/134 92/86/134
f 82/76/89 91/85/89 92/86/135
f 96/90/136 102/96/137 97/91/138
f 77/71/139 96/90/139 91/85/139
f 79/73/140 96/90/140 77/71/140
f 82/76/141 69/64/141 95/89/141
f 81/75/142 78/72/142 95/89/142
f 95/89/142 78/72/142 77/71/143
f 82/76/144 95/89/144 77/71/144
f 85/79/145 79/73/145 89/83/145
f 89/83/145 79/73/145 78/72/145
f 76/70/100 98/92/101 74/68/146
f 90/84/87 98/92/87 88/82/87
f 83/77/82 92/86/90 104/97/147
f 104/97/147 92/86/90 103/98/148
f 105/99/149 106/100/149 107/101/149
f 92/86/80 108/102/80 103/98/80
f 103/98/148 109/103/150 104/97/147
f 104/97/147 109/103/150 110/104/151
f 111/105/83 112/106/60 114/107/60
f 114/107/60 112/106/60 113/108/60
f 97/91/152 108/102/152 92/86/152
f 115/109/87 116/110/87 117/111/87
f 105/99/88 118/112/153 109/103/153
f 110/104/151 109/103/150 119/113/154
f 120/114/155 107/101/155 112/106/155
f 121/115/156 120/114/157 111/105/83
f 111/105/83 120/114/157 112/106/60
f 108/102/94 122/116/94 103/98/94
f 116/110/95 106/100/95 108/102/95
f 97/91/104 117/111/96 108/102/96
f 118/112/158 123/117/158 124/118/158
f 97/91/87 125/119/87 117/111/87
f 114/107/60 113/108/60 94/88/92
f 94/88/92 113/108/60 93/87/93
f 113/108/99 115/109/99 93/87/159
f 93/87/159 115/109/99 125/119/101
f 112/106/102 116/110/102 113/108/103
f 113/108/103 116/110/102 115/109/103
f 108/102/96 117/111/96 116/110/96
f 120/114/160 124/118/160 107/101/160
f 118/112/161 124/118/161 119/113/161
f 109/103/153 118/112/153 119/113/162
f 107/101/163 124/118/163 123/117/163
f 105/99/164 123/117/164 118/112/164
f 107/101/140 123/117/140 105/99/140
f 109/103/141 103/98/141 122/116/141
f 108/102/142 106/100/142 122/116/142
f 122/116/142 106/100/142 105/99/142
f 109/103/144 122/116/144 105/99/144
f 112/106/145 107/101/145 116/110/145
f 116/110/145 107/101/145 106/100/145
f 93/87/159 125/119/101 97/91/146
f 117/111/87 125/119/87 115/109/87
f 126/120/165 127/121/165 128/122/165
f 126/120/96 129/123/96 127/121/96
f 126/120/87 130/124/87 129/123/87
f 131/125/166 132/126/167 134/127/168
f 134/127/168 132/126/167 133/128/169
f 135/129/170 130/124/171 132/126/171
f 132/126/171 130/124/171 133/128/171
f 133/128/172 130/124/172 126/120/172
f 129/123/87 130/124/87 135/129/87
f 136/130/173 137/131/174 139/132/175
f 139/132/175 137/131/174 138/133/176
f 140/134/149 141/135/149 142/136/149
f 137/131/177 143/137/177 138/133/177
f 138/133/176 144/138/178 139/132/175
f 139/132/175 144/138/178 145/139/179
f 146/140/60 147/141/60 149/142/61
f 149/142/61 147/141/60 148/143/180
f 150/144/181 143/137/181 137/131/181
f 151/145/87 152/146/87 153/147/87
f 140/134/88 154/148/88 144/138/88
f 145/139/179 144/138/178 128/122/182
f 133/128/183 142/136/183 147/141/183
f 134/127/168 133/128/169 146/140/60
f 146/140/60 133/128/169 147/141/60
f 143/137/94 155/149/94 138/133/94
f 152/146/95 141/135/95 143/137/95
f 150/144/184 153/147/184 143/137/184
f 154/148/185 156/150/185 126/120/185
f 150/144/186 157/151/186 153/147/186
f 149/142/61 148/143/180 159/152/187
f 159/152/187 148/143/180 158/153/169
f 151/145/188 157/151/189 148/143/188
f 148/143/188 157/151/189 158/153/189
f 147/141/102 152/146/102 148/143/103
f 148/143/103 152/146/102 151/145/103
f 143/137/96 153/147/96 152/146/96
f 133/128/190 160/154/190 142/136/190
f 154/148/191 126/120/191 128/122/191
f 144/138/88 154/148/88 128/122/88
f 142/136/192 160/154/192 156/150/192
f 140/134/164 156/150/164 154/148/164
f 142/136/140 156/150/140 140/134/140
f 144/138/141 138/133/141 155/149/141
f 143/137/142 141/135/142 155/149/142
f 155/149/142 141/135/142 140/134/143
f 144/138/193 155/149/193 140/134/193
f 147/141/145 142/136/145 152/146/145
f 152/146/145 142/136/145 141/135/145
f 158/153/194 157/151/194 150/144/194
f 153/147/195 157/151/195 151/145/195
f 133/128/196 126/120/196 160/154/196
f 156/150/197 160/154/197 126/120/197
f 161/155/198 162/156/199 164/157/200
f 164/157/200 162/156/199 163/158/174
f 165/159/149 166/160/149 167/161/149
f 162/156/201 168/162/201 163/158/201
f 163/158/174 169/163/202 164/157/200
f 164/157/200 169/163/202 136/130/173
f 170/164/60 171/165/60 173/166/203
f 173/166/203 171/165/60 172/167/204
f 174/168/165 168/162/165 162/156/165
f 175/169/87 176/170/87 177/171/87
f 165/159/88 178/172/88 169/163/88
f 136/130/173 169/163/202 137/131/174
f 158/153/183 167/161/183 171/165/183
f 159/152/187 158/153/169 170/164/60
f 170/164/60 158/153/169 171/165/60
f 168/162/94 179/173/94 163/158/94
f 176/170/95 166/160/95 168/162/95
f 174/168/96 177/171/96 168/162/96
f 178/172/205 180/174/205 150/144/205
f 174/168/87 181/175/87 177/171/87
f 173/166/203 172/167/204 183/176/206
f 183/176/206 172/167/204 182/177/169
f 175/169/170 181/175/171 172/167/171
f 172/167/171 181/175/171 182/177/171
f 171/165/102 176/170/102 172/167/103
f 172/167/103 176/170/102 175/169/103
f 168/162/96 177/171/96 176/170/96
f 158/153/207 150/144/207 184/178/207
f 178/172/208 150/144/208 137/131/208
f 169/163/88 178/172/88 137/131/88
f 180/174/209 184/178/209 150/144/209
f 165/159/164 180/174/164 178/172/164
f 167/161/140 180/174/140 165/159/140
f 169/163/141 163/158/141 179/173/141
f 168/162/142 166/160/142 179/173/142
f 179/173/142 166/160/142 165/159/143
f 169/163/193 179/173/193 165/159/193
f 171/165/145 167/161/145 176/170/145
f 176/170/145 167/161/145 166/160/145
f 182/177/172 181/175/172 174/168/172
f 177/171/87 181/175/87 175/169/87
f 185/179/210 186/180/211 188/181/174
f 188/181/174 186/180/211 187/182/174
f 189/183/149 190/184/149 191/185/149
f 186/180/177 192/186/177 187/182/177
f 187/182/174 193/187/202 188/181/174
f 188/181/174 193/187/202 161/155/198
f 194/188/60 195/189/60 197/190/61
f 197/190/61 195/189/60 196/191/212
f 198/192/213 192/186/213 186/180/213
f 199/193/87 200/194/87 201/195/87
f 189/183/88 202/196/88 193/187/88
f 161/155/198 193/187/202 162/156/199
f 182/177/183 191/185/183 195/189/183
f 183/176/206 182/177/169 194/188/60
f 194/188/60 182/177/169 195/189/60
f 192/186/94 203/197/94 187/182/94
f 200/194/95 190/184/95 192/186/95
f 198/192/214 201/195/214 192/186/214
f 202/196/185 204/198/185 174/168/185
f 198/192/215 205/199/215 201/195/215
f 197/190/61 196/191/212 207/200/216
f 207/200/216 196/191/212 206/201/217
f 199/193/218 205/199/218 196/191/218
f 196/191/218 205/199/218 206/201/218
f 195/189/102 200/194/102 196/191/103
f 196/191/103 200/194/102 199/193/103
f 192/186/96 201/195/96 200/194/96
f 182/177/190 208/202/190 191/185/190
f 202/196/191 174/168/191 162/156/191
f 193/187/88 202/196/88 162/156/88
f 191/185/192 208/202/192 204/198/192
f 189/183/164 204/198/164 202/196/164
f 191/185/140 204/198/140 189/183/140
f 193/187/141 187/182/141 203/197/141
f 192/186/142 190/184/142 203/197/142
f 203/197/142 190/184/142 189/183/143
f 193/187/193 203/197/193 189/183/193
f 195/189/145 191/185/145 200/194/145
f 200/194/145 191/185/145 190/184/145
f 206/201/219 205/199/219 198/192/219
f 201/195/220 205/199/220 199/193/220
f 182/177/196 174/168/196 208/202/196
f 204/198/197 208/202/197 174/168/197
f 209/203/221 210/204/174 212/205/200
f 212/205/200 210/204/174 211/206/176
f 213/207/149 214/208/149 215/209/149
f 210/204/201 216/210/201 211/206/201
f 211/206/176 217/211/222 212/205/200
f 212/205/200 217/211/222 185/179/210
f 218/212/60 219/213/60 221/214/203
f 221/214/203 219/213/60 220/215/204
f 222/216/165 216/210/165 210/204/165
f 223/217/87 224/218/87 225/219/87
f 213/207/88 226/220/88 217/211/88
f 185/179/210 217/211/222 186/180/211
f 206/201/183 215/209/183 219/213/183
f 207/200/216 206/201/217 218/212/60
f 218/212/60 206/201/217 219/213/60
f 216/210/94 227/221/94 211/206/94
f 224/218/95 214/208/95 216/210/95
f 222/216/96 225/219/96 216/210/96
f 226/220/205 228/222/205 198/192/205
f 222/216/87 229/223/87 225/219/87
f 221/214/203 220/215/204 231/224/206
f 231/224/206 220/215/204 230/225/169
f 223/217/170 229/223/171 220/215/171
f 220/215/171 229/223/171 230/225/171
f 219/213/102 224/218/102 220/215/103
f 220/215/103 224/218/102 223/217/103
f 216/210/96 225/219/96 224/218/96
f 206/201/223 198/192/223 232/226/223
f 226/220/208 198/192/208 186/180/208
f 217/211/88 226/220/88 186/180/88
f 228/222/224 232/226/224 198/192/224
f 213/207/164 228/222/164 226/220/164
f 215/209/140 228/222/140 213/207/140
f 217/211/141 211/206/141 227/221/141
f 216/210/142 214/208/142 227/221/142
f 227/221/142 214/208/142 213/207/143
f 217/211/193 227/221/193 213/207/193
f 219/213/145 215/209/145 224/218/145
f 224/218/145 215/209/145 214/208/145
f 230/225/172 229/223/172 222/216/172
f 225/219/87 229/223/87 223/217/87
f 233/227/151 234/228/225 236/229/147
f 236/229/147 234/228/225 235/230/226
f 237/231/149 238/232/149 239/233/149
f 234/228/80 240/234/80 235/230/80
f 235/230/226 241/235/202 236/229/147
f 236/229/147 241/235/202 209/203/221
f 242/236/60 243/237/60 245/238/60
f 245/238/60 243/237/60 244/239/60
f 246/240/85 240/234/85 234/228/85
f 247/241/87 248/242/87 249/243/87
f 237/231/88 250/244/88 241/235/88
f 209/203/221 241/235/202 210/204/174
f 230/225/183 239/233/183 243/237/183
f 231/224/206 230/225/169 242/236/60
f 242/236/60 230/225/169 243/237/60
f 240/234/94 251/245/94 235/230/94
f 248/242/95 238/232/95 240/234/95
f 246/240/96 249/243/96 240/234/96
f 250/244/185 252/246/185 222/216/185
f 246/240/87 253/247/87 249/243/87
f 245/238/60 244/239/60 255/248/227
f 255/248/227 244/239/60 254/249/228
f 244/239/99 247/241/99 254/249/99
f 254/249/99 247/241/99 253/247/229
f 243/237/102 248/242/102 244/239/103
f 244/239/103 248/242/102 247/241/103
f 240/234/96 249/243/96 248/242/96
f 230/225/190 256/250/190 239/233/190
f 250/244/191 222/216/191 210/204/191
f 241/235/88 250/244/88 210/204/88
f 239/233/192 256/250/192 252/246/192
f 237/231/164 252/246/164 250/244/164
f 239/233/140 252/246/140 237/231/140
f 241/235/141 235/230/141 251/245/141
f 240/234/142 238/232/142 251/245/142
f 251/245/142 238/232/142 237/231/143
f 241/235/193 251/245/193 237/231/193
f 243/237/145 239/233/145 248/242/145
f 248/242/145 239/233/145 238/232/145
f 254/249/146 253/247/146 246/240/146
f 249/243/87 253/247/87 247/241/87
f 230/225/196 222/216/196 256/250/196
f 252/246/197 256/250/197 222/216/197
f 215/209/230 232/226/230 228/222/230
f 206/201/231 232/226/231 215/209/231
f 167/161/232 184/178/232 180/174/232
f 158/153/233 184/178/233 167/161/233
f 257/251/221 258/252/234 260/253/235
f 260/253/235 258/252/234 259/254/236
f 261/255/149 262/256/149 263/257/149
f 258/252/201 264/258/201 259/254/201
f 259/254/236 265/259/237 260/253/235
f 260/253/235 265/259/237 233/227/151
f 266/260/238 267/261/239 269/262/203
f 269/262/203 267/261/239 268/263/204
f 270/264/165 264/258/165 258/252/165
f 271/265/87 272/266/87 273/267/87
f 261/255/88 274/268/240 265/259/241
f 233/227/151 265/259/237 234/228/225
f 254/249/242 263/257/242 267/261/242
f 255/248/227 254/249/228 275/269/243
f 254/249/228 267/261/239 275/269/243
f 275/269/243 267/261/239 266/260/238
f 264/258/94 276/270/94 259/254/94
f 272/266/95 262/256/95 264/258/95
f 270/264/96 273/267/96 264/258/96
f 274/268/244 277/271/244 246/240/244
f 270/264/87 278/272/87 273/267/87
f 269/262/203 268/263/204 280/273/206
f 280/273/206 268/263/204 279/274/169
f 271/265/170 278/272/171 268/263/170
f 268/263/170 278/272/171 279/274/171
f 267/261/102 272/266/102 268/263/103
f 268/263/103 272/266/102 271/265/103
f 264/258/96 273/267/96 272/266/96
f 254/249/245 246/240/246 281/275/247
f 274/268/248 246/240/248 234/228/248
f 265/259/241 274/268/240 234/228/249
f 277/271/250 281/275/251 246/240/252
f 261/255/164 277/271/164 274/268/164
f 263/257/140 277/271/140 261/255/140
f 265/259/141 259/254/141 276/270/141
f 264/258/142 262/256/142 276/270/142
f 276/270/142 262/256/142 261/255/143
f 265/259/193 276/270/193 261/255/193
f 267/261/145 263/257/145 272/266/145
f 272/266/145 263/257/145 262/256/145
f 279/274/172 278/272/172 270/264/172
f 273/267/87 278/272/87 271/265/87
f 282/276/173 283/277/234 285/278/200
f 285/278/200 283/277/234 284/279/174
f 286/280/149 287/281/149 288/282/149
f 283/277/177 289/283/177 284/279/177
f 284/279/174 290/284/202 285/278/200
f 285/278/200 290/284/202 257/251/221
f 291/285/60 292/286/60 294/287/203
f 294/287/203 292/286/60 293/288/212
f 295/289/213 289/283/213 283/277/213
f 296/290/87 297/291/87 298/292/87
f 286/280/88 299/293/88 290/284/88
f 257/251/221 290/284/202 258/252/234
f 279/274/183 288/282/183 292/286/183
f 280/273/206 279/274/169 291/285/60
f 291/285/60 279/274/169 292/286/60
f 289/283/94 300/294/94 284/279/94
f 297/291/95 287/281/95 289/283/95
f 295/289/214 298/292/214 289/283/214
f 299/293/185 301/295/185 270/264/185
f 295/289/215 302/296/215 298/292/215
f 294/287/203 293/288/212 304/297/253
f 304/297/253 293/288/212 303/298/169
f 296/290/218 302/296/218 293/288/218
f 293/288/218 302/296/218 303/298/218
f 292/286/102 297/291/102 293/288/103
f 293/288/103 297/291/102 296/290/103
f 289/283/96 298/292/96 297/291/96
f 279/274/190 305/299/190 288/282/190
f 299/293/191 270/264/191 258/252/191
f 290/284/88 299/293/88 258/252/88
f 288/282/192 305/299/192 301/295/192
f 286/280/164 301/295/164 299/293/164
f 288/282/140 301/295/140 286/280/140
f 290/284/141 284/279/141 300/294/141
f 289/283/142 287/281/142 300/294/142
f 300/294/142 287/281/142 286/280/143
f 290/284/193 300/294/193 286/280/193
f 292/286/145 288/282/145 297/291/145
f 297/291/145 288/282/145 287/281/145
f 303/298/219 302/296/219 295/289/219
f 298/292/220 302/296/220 296/290/220
f 279/274/196 270/264/196 305/299/196
f 301/295/197 305/299/197 270/264/197
f 306/300/221 307/301/174 309/302/200
f 309/302/200 307/301/174 308/303/176
f 310/304/149 311/305/149 312/306/149
f 307/301/201 313/307/201 308/303/201
f 308/303/176 314/308/202 309/302/200
f 309/302/200 314/308/202 282/276/173
f 315/309/60 316/310/60 318/311/203
f 318/311/203 316/310/60 317/312/254
f 319/313/165 313/307/165 307/301/165
f 320/314/87 321/315/87 322/316/87
f 310/304/88 323/317/88 314/308/88
f 282/276/173 314/308/202 283/277/234
f 303/298/183 312/306/183 316/310/183
f 304/297/253 303/298/169 315/309/60
f 315/309/60 303/298/169 316/310/60
f 313/307/94 324/318/94 308/303/94
f 321/315/95 311/305/95 313/307/95
f 319/313/96 322/316/96 313/307/96
f 323/317/205 325/319/205 295/289/205
f 319/313/87 326/320/87 322/316/87
f 318/311/203 317/312/254 328/321/206
f 328/321/206 317/312/254 327/322/169
f 320/314/170 326/320/170 317/312/170
f 317/312/170 326/320/170 327/322/171
f 316/310/102 321/315/102 317/312/103
f 317/312/103 321/315/102 320/314/103
f 313/307/96 322/316/96 321/315/96
f 303/298/255 295/289/256 329/323/257
f 323/317/208 295/289/208 283/277/208
f 314/308/88 323/317/88 283/277/88
f 325/319/258 329/323/259 295/289/260
f 310/304/164 325/319/164 323/317/164
f 312/306/140 325/319/140 310/304/140
f 314/308/141 308/303/141 324/318/141
f 313/307/142 311/305/142 324/318/142
f 324/318/142 311/305/142 310/304/143
f 314/308/144 324/318/144 310/304/144
f 316/310/145 312/306/145 321/315/145
f 321/315/145 312/306/145 311/305/145
f 327/322/172 326/320/172 319/313/172
f 322/316/87 326/320/87 320/314/87
f 330/324/173 331/325/261 333/326/175
f 333/326/175 331/325/261 332/327/174
f 334/328/149 335/329/149 336/330/149
f 331/325/177 337/331/177 332/327/177
f 332/327/174 338/332/202 333/326/175
f 333/326/175 338/332/202 306/300/221
f 339/333/60 340/334/60 342/335/262
f 342/335/262 340/334/60 341/336/180
f 343/337/181 337/331/181 331/325/181
f 344/338/87 345/339/87 346/340/87
f 334/328/88 347/341/88 338/332/88
f 306/300/221 338/332/202 307/301/174
f 327/322/183 336/330/183 340/334/183
f 328/321/206 327/322/169 339/333/60
f 339/333/60 327/322/169 340/334/60
f 337/331/94 348/342/94 332/327/94
f 345/339/95 335/329/95 337/331/95
f 343/337/184 346/340/184 337/331/184
f 347/341/185 349/343/185 319/313/185
f 343/337/186 350/344/186 346/340/186
f 342/335/262 341/336/180 352/345/263
f 352/345/263 341/336/180 351/346/169
f 344/338/188 350/344/189 341/336/189
f 341/336/189 350/344/189 351/346/189
f 340/334/102 345/339/102 341/336/103
f 341/336/103 345/339/102 344/338/103
f 337/331/96 346/340/96 345/339/96
f 327/322/190 353/347/190 336/330/190
f 347/341/264 319/313/264 307/301/264
f 338/332/88 347/341/88 307/301/88
f 336/330/192 353/347/192 349/343/192
f 334/328/164 349/343/164 347/341/164
f 336/330/140 349/343/140 334/328/140
f 338/332/141 332/327/141 348/342/141
f 337/331/142 335/329/142 348/342/142
f 348/342/142 335/329/142 334/328/143
f 338/332/193 348/342/193 334/328/193
f 340/334/145 336/330/145 345/339/145
f 345/339/145 336/330/145 335/329/145
f 351/346/194 350/344/194 343/337/194
f 346/340/265 350/344/265 344/338/265
f 327/322/196 319/313/196 353/347/196
f 349/343/197 353/347/197 319/313/197
f 354/348/221 355/349/174 357/350/200
f 357/350/200 355/349/174 356/351/176
f 358/352/149 359/353/149 360/354/149
f 355/349/201 361/355/201 356/351/201
f 356/351/176 362/356/222 357/350/200
f 357/350/200 362/356/222 330/324/173
f 363/357/60 364/358/60 366/359/203
f 366/359/203 364/358/60 365/360/204
f 367/361/165 361/355/165 355/349/165
f 368/362/87 369/363/87 370/364/87
f 358/352/88 371/365/88 362/356/88
f 330/324/173 362/356/222 331/325/261
f 351/346/183 360/354/183 364/358/183
f 352/345/263 351/346/169 363/357/60
f 363/357/60 351/346/169 364/358/60
f 361/355/94 372/366/94 356/351/94
f 369/363/95 359/353/95 361/355/95
f 367/361/96 370/364/96 361/355/96
f 371/365/205 373/367/205 343/337/205
f 367/361/87 374/368/87 370/364/87
f 366/359/203 365/360/204 376/369/206
f 376/369/206 365/360/204 375/370/169
f 368/362/170 374/368/171 365/360/171
f 365/360/171 374/368/171 375/370/171
f 364/358/102 369/363/102 365/360/103
f 365/360/103 369/363/102 368/362/103
f 361/355/96 370/364/96 369/363/96
f 351/346/207 343/337/207 377/371/207
f 371/365/208 343/337/208 331/325/208
f 362/356/88 371/365/88 331/325/88
f 373/367/209 377/371/209 343/337/209
f 358/352/164 373/367/164 371/365/164
f 360/354/140 373/367/140 358/352/140
f 362/356/141 356/351/141 372/366/141
f 361/355/142 359/353/142 372/366/142
f 372/366/142 359/353/142 358/352/142
f 362/356/144 372/366/144 358/352/144
f 364/358/145 360/354/145 369/363/145
f 369/363/145 360/354/145 359/353/145
f 375/370/266 374/368/266 367/361/266
f 370/364/87 374/368/87 368/362/87
f 378/372/210 379/373/234 381/374/267
f 381/374/267 379/373/234 380/375/174
f 382/376/149 383/377/149 384/378/149
f 379/373/177 385/379/177 380/375/177
f 380/375/174 386/380/202 381/374/267
f 381/374/267 386/380/202 354/348/221
f 387/381/60 388/382/60 390/383/203
f 390/383/203 388/382/60 389/384/268
f 391/385/213 385/379/213 379/373/213
f 392/386/87 393/387/87 394/388/87
f 382/376/88 395/389/88 386/380/88
f 354/348/221 386/380/202 355/349/174
f 375/370/183 384/378/183 388/382/183
f 376/369/206 375/370/169 387/381/60
f 387/381/60 375/370/169 388/382/60
f 385/379/94 396/390/94 380/375/94
f 393/387/95 383/377/95 385/379/95
f 391/385/214 394/388/214 385/379/214
f 395/389/185 397/391/185 367/361/185
f 391/385/215 398/392/215 394/388/215
f 390/383/203 389/384/268 400/393/253
f 400/393/253 389/384/268 399/394/169
f 392/386/218 398/392/218 389/384/218
f 389/384/218 398/392/218 399/394/218
f 388/382/102 393/387/102 389/384/103
f 389/384/103 393/387/102 392/386/103
f 385/379/96 394/388/96 393/387/96
f 375/370/190 401/395/190 384/378/190
f 395/389/264 367/361/264 355/349/264
f 386/380/88 395/389/88 355/349/88
f 384/378/192 401/395/192 397/391/192
f 382/376/164 397/391/164 395/389/164
f 384/378/140 397/391/140 382/376/140
f 386/380/141 380/375/141 396/390/141
f 385/379/142 383/377/142 396/390/142
f 396/390/142 383/377/142 382/376/143
f 386/380/193 396/390/193 382/376/193
f 388/382/145 384/378/145 393/387/145
f 393/387/145 384/378/145 383/377/145
f 399/394/219 398/392/219 391/385/219
f 394/388/220 398/392/220 392/386/220
f 375/370/196 367/361/196 401/395/196
f 397/391/197 401/395/197 367/361/197
f 402/396/210 403/397/174 405/398/269
f 405/398/269 403/397/174 404/399/176
f 406/400/149 407/401/149 408/402/149
f 403/397/201 409/403/201 404/399/201
f 404/399/176 410/404/202 405/398/269
f 405/398/269 410/404/202 378/372/210
f 411/405/60 412/406/60 414/407/61
f 414/407/61 412/406/60 413/408/204
f 415/409/165 409/403/165 403/397/165
f 416/410/87 417/411/87 418/412/87
f 406/400/88 419/413/88 410/404/88
f 378/372/210 410/404/202 379/373/234
f 399/394/183 408/402/183 412/406/183
f 400/393/253 399/394/169 411/405/60
f 411/405/60 399/394/169 412/406/60
f 409/403/94 420/414/94 404/399/94
f 417/411/95 407/401/95 409/403/95
f 415/409/270 418/412/270 409/403/96
f 419/413/205 421/415/205 391/385/205
f 415/409/87 422/416/87 418/412/87
f 414/407/61 413/408/204 424/417/168
f 424/417/168 413/408/204 423/418/169
f 416/410/170 422/416/171 413/408/171
f 413/408/171 422/416/171 423/418/171
f 412/406/102 417/411/102 413/408/103
f 413/408/103 417/411/102 416/410/103
f 409/403/96 418/412/270 417/411/96
f 399/394/223 391/385/223 425/419/223
f 419/413/208 391/385/208 379/373/208
f 410/404/88 419/413/88 379/373/88
f 421/415/271 425/419/271 391/385/271
f 406/400/164 421/415/164 419/413/164
f 408/402/140 421/415/140 406/400/140
f 410/404/141 404/399/141 420/414/141
f 409/403/142 407/401/142 420/414/142
f 420/414/142 407/401/142 406/400/142
f 410/404/193 420/414/193 406/400/193
f 412/406/145 408/402/145 417/411/145
f 417/411/145 408/402/145 407/401/145
f 423/418/266 422/416/266 415/409/266
f 418/412/87 422/416/87 416/410/87
f 426/420/210 427/421/174 429/422/174
f 429/422/174 427/421/174 428/423/174
f 430/424/149 431/425/149 432/426/149
f 427/421/177 433/427/177 428/423/177
f 428/423/174 434/428/178 429/422/174
f 429/422/174 434/428/178 402/396/210
f 435/429/60 436/430/60 438/431/272
f 438/431/272 436/430/60 437/432/273
f 439/433/274 433/427/274 427/421/274
f 440/434/87 441/435/87 442/436/87
f 430/424/88 443/437/88 434/428/88
f 402/396/210 434/428/178 403/397/174
f 423/418/183 432/426/183 436/430/183
f 424/417/168 423/418/169 435/429/60
f 435/429/60 423/418/169 436/430/60
f 433/427/94 444/438/94 428/423/94
f 441/435/95 431/425/95 433/427/95
f 439/433/275 442/436/275 433/427/275
f 443/437/276 445/439/276 415/409/276
f 439/433/277 446/440/277 442/436/277
f 438/431/272 437/432/273 448/441/263
f 448/441/263 437/432/273 447/442/217
f 437/432/278 440/434/278 447/442/278
f 440/434/278 446/440/279 447/442/278
f 436/430/102 441/435/102 437/432/103
f 437/432/103 441/435/102 440/434/103
f 433/427/96 442/436/96 441/435/96
f 423/418/280 449/443/280 432/426/280
f 443/437/191 415/409/191 403/397/191
f 434/428/88 443/437/88 403/397/88
f 432/426/192 449/443/192 445/439/192
f 430/424/164 445/439/164 443/437/164
f 432/426/140 445/439/140 430/424/140
f 434/428/141 428/423/141 444/438/141
f 433/427/142 431/425/142 444/438/142
f 444/438/142 431/425/142 430/424/142
f 434/428/193 444/438/193 430/424/193
f 436/430/145 432/426/145 441/435/145
f 441/435/145 432/426/145 431/425/145
f 447/442/281 446/440/281 439/433/281
f 442/436/87 446/440/87 440/434/87
f 423/418/196 415/409/196 449/443/196
f 445/439/197 449/443/197 415/409/197
f 408/402/230 425/419/230 421/415/230
f 399/394/231 425/419/231 408/402/231
f 360/354/232 377/371/232 373/367/232
f 351/346/233 377/371/233 360/354/233
f 450/444/210 451/445/174 453/446/200
f 453/446/200 451/445/174 452/447/174
f 454/448/149 455/449/149 456/450/149
f 451/445/201 457/451/201 452/447/201
f 452/447/174 458/452/178 453/446/200
f 453/446/200 458/452/178 426/420/210
f 459/453/60 460/454/60 462/455/61
f 462/455/61 460/454/60 461/456/204
f 463/457/165 457/451/165 451/445/165
f 464/458/87 465/459/87 466/460/87
f 454/448/88 467/461/88 458/452/88
f 426/420/210 458/452/178 427/421/174
f 447/442/183 456/450/183 460/454/183
f 448/441/263 447/442/217 459/453/60
f 459/453/60 447/442/217 460/454/60
f 457/451/94 468/462/94 452/447/94
f 465/459/95 455/449/95 457/451/95
f 463/457/104 466/460/96 457/451/96
f 467/461/205 469/463/205 439/433/205
f 463/457/87 470/464/87 466/460/87
f 462/455/61 461/456/204 472/465/168
f 472/465/168 461/456/204 471/466/169
f 464/458/170 470/464/171 461/456/170
f 461/456/170 470/464/171 471/466/171
f 460/454/102 465/459/102 461/456/103
f 461/456/103 465/459/102 464/458/103
f 457/451/96 466/460/96 465/459/96
f 447/442/282 439/433/283 473/467/284
f 467/461/208 439/433/208 427/421/208
f 458/452/88 467/461/88 427/421/88
f 469/463/285 473/467/286 439/433/287
f 454/448/164 469/463/164 467/461/164
f 456/450/140 469/463/140 454/448/140
f 458/452/141 452/447/141 468/462/141
f 457/451/142 455/449/142 468/462/142
f 468/462/142 455/449/142 454/448/142
f 458/452/144 468/462/144 454/448/144
f 460/454/145 456/450/145 465/459/145
f 465/459/145 456/450/145 455/449/145
f 471/466/172 470/464/172 463/457/172
f 466/460/87 470/464/87 464/458/87
f 474/468/288 475/469/176 477/470/200
f 477/470/200 475/469/176 476/471/174
f 478/472/149 479/473/149 480/474/149
f 475/469/177 481/475/177 476/471/177
f 476/471/174 482/476/222 477/470/200
f 477/470/200 482/476/222 450/444/210
f 483/477/60 484/478/60 486/479/203
f 486/479/203 484/478/60 485/480/212
f 487/481/213 481/475/213 475/469/213
f 488/482/87 489/483/87 490/484/87
f 478/472/88 491/485/88 482/476/88
f 450/444/210 482/476/222 451/445/174
f 471/466/183 480/474/183 484/478/183
f 472/465/168 471/466/169 483/477/60
f 483/477/60 471/466/169 484/478/60
f 481/475/94 492/486/94 476/471/94
f 489/483/95 479/473/95 481/475/95
f 487/481/214 490/484/214 481/475/214
f 491/485/185 493/487/185 463/457/185
f 487/481/215 494/488/215 490/484/215
f 486/479/203 485/480/212 496/489/253
f 496/489/253 485/480/212 495/490/169
f 488/482/218 494/488/218 485/480/218
f 485/480/218 494/488/218 495/490/218
f 484/478/102 489/483/102 485/480/103
f 485/480/103 489/483/102 488/482/103
f 481/475/96 490/484/96 489/483/96
f 471/466/190 497/491/190 480/474/190
f 491/485/264 463/457/264 451/445/264
f 482/476/88 491/485/88 451/445/88
f 480/474/192 497/491/192 493/487/192
f 478/472/164 493/487/164 491/485/164
f 480/474/140 493/487/140 478/472/140
f 482/476/141 476/471/141 492/486/141
f 481/475/142 479/473/142 492/486/142
f 492/486/142 479/473/142 478/472/143
f 482/476/193 492/486/193 478/472/193
f 484/478/145 480/474/145 489/483/145
f 489/483/145 480/474/145 479/473/145
f 495/490/219 494/488/219 487/481/219
f 490/484/220 494/488/220 488/482/220
f 471/466/196 463/457/196 497/491/196
f 493/487/197 497/491/197 463/457/197
f 498/492/210 499/493/234 501/494/200
f 501/494/200 499/493/234 500/495/174
f 502/496/149 503/497/149 504/498/149
f 499/493/201 505/499/201 500/495/201
f 500/495/174 506/500/178 501/494/200
f 501/494/200 506/500/178 474/468/288
f 507/501/60 508/502/60 510/503/61
f 510/503/61 508/502/60 509/504/204
f 511/505/165 505/499/165 499/493/165
f 512/506/87 513/507/87 514/508/87
f 502/496/88 515/509/88 506/500/88
f 474/468/288 506/500/178 475/469/176
f 495/490/183 504/498/183 508/502/183
f 496/489/253 495/490/169 507/501/60
f 507/501/60 495/490/169 508/502/60
f 505/499/94 516/510/94 500/495/94
f 513/507/95 503/497/95 505/499/95
f 511/505/96 514/508/96 505/499/96
f 515/509/205 517/511/205 487/481/205
f 511/505/87 518/512/87 514/508/87
f 510/503/61 509/504/204 520/513/168
f 520/513/168 509/504/204 519/514/169
f 512/506/171 518/512/171 509/504/171
f 509/504/171 518/512/171 519/514/171
f 508/502/102 513/507/102 509/504/103
f 509/504/103 513/507/102 512/506/103
f 505/499/96 514/508/96 513/507/104
f 495/490/289 487/481/290 521/515/291
f 515/509/208 487/481/208 475/469/208
f 506/500/88 515/509/88 475/469/88
f 517/511/292 521/515/293 487/481/294
f 502/496/164 517/511/164 515/509/164
f 504/498/140 517/511/140 502/496/140
f 506/500/141 500/495/141 516/510/141
f 505/499/142 503/497/142 516/510/142
f 516/510/142 503/497/142 502/496/143
f 506/500/144 516/510/144 502/496/144
f 508/502/145 504/498/145 513/507/145
f 513/507/145 504/498/145 503/497/145
f 519/514/172 518/512/172 511/505/172
f 514/508/87 518/512/87 512/506/87
f 522/516/173 523/517/174 525/518/175
f 525/518/175 523/517/174 524/519/267
f 526/520/149 527/521/149 528/522/149
f 523/517/177 529/523/177 524/519/177
f 524/519/267 530/524/202 525/518/175
f 525/518/175 530/524/202 498/492/210
f 531/525/60 532/526/60 534/527/61
f 534/527/61 532/526/60 533/528/180
f 535/529/181 529/523/181 523/517/181
f 536/530/87 537/531/87 538/532/87
f 526/520/88 539/533/88 530/524/88
f 498/492/210 530/524/202 499/493/234
f 519/514/183 528/522/183 532/526/183
f 520/513/168 519/514/169 531/525/60
f 531/525/60 519/514/169 532/526/60
f 529/523/94 540/534/94 524/519/94
f 537/531/95 527/521/95 529/523/95
f 535/529/184 538/532/184 529/523/184
f 539/533/185 541/535/185 511/505/185
f 535/529/186 542/536/186 538/532/186
f 534/527/61 533/528/180 544/537/187
f 544/537/187 533/528/180 543/538/169
f 536/530/188 542/536/189 533/528/188
f 533/528/188 542/536/189 543/538/189
f 532/526/102 537/531/102 533/528/103
f 533/528/103 537/531/102 536/530/103
f 529/523/96 538/532/96 537/531/96
f 519/514/280 545/539/280 528/522/280
f 539/533/191 511/505/191 499/493/191
f 530/524/88 539/533/88 499/493/88
f 528/522/192 545/539/192 541/535/192
f 526/520/164 541/535/164 539/533/164
f 528/522/140 541/535/140 526/520/140
f 530/524/141 524/519/141 540/534/141
f 529/523/142 527/521/142 540/534/142
f 540/534/142 527/521/142 526/520/143
f 530/524/144 540/534/144 526/520/144
f 532/526/145 528/522/145 537/531/145
f 537/531/145 528/522/145 527/521/145
f 543/538/194 542/536/194 535/529/194
f 538/532/195 542/536/195 536/530/195
f 519/514/196 511/505/196 545/539/196
f 541/535/197 545/539/197 511/505/197
f 546/540/210 547/541/234 549/542/200
f 549/542/200 547/541/234 548/543/174
f 550/544/149 551/545/149 552/546/149
f 547/541/201 553/547/201 548/543/201
f 548/543/174 554/548/295 549/542/200
f 549/542/200 554/548/295 522/516/173
f 555/549/60 556/550/60 558/551/61
f 558/551/61 556/550/60 557/552/167
f 559/553/165 553/547/165 547/541/165
f 560/554/87 561/555/87 562/556/87
f 550/544/88 563/557/88 554/548/88
f 522/516/173 554/548/295 523/517/174
f 543/538/183 552/546/183 556/550/183
f 544/537/187 543/538/169 555/549/60
f 555/549/60 543/538/169 556/550/60
f 553/547/94 564/558/94 548/543/94
f 561/555/95 551/545/95 553/547/95
f 559/553/96 562/556/96 553/547/96
f 563/557/205 565/559/205 535/529/205
f 559/553/87 566/560/87 562/556/87
f 558/551/61 557/552/167 568/561/296
f 568/561/296 557/552/167 567/562/169
f 560/554/171 566/560/171 557/552/171
f 557/552/171 566/560/171 567/562/171
f 556/550/102 561/555/102 557/552/103
f 557/552/103 561/555/102 560/554/103
f 553/547/96 562/556/96 561/555/96
f 543/538/207 535/529/207 569/563/207
f 563/557/208 535/529/208 523/517/208
f 554/548/88 563/557/88 523/517/88
f 565/559/209 569/563/209 535/529/209
f 550/544/164 565/559/164 563/557/164
f 552/546/140 565/559/140 550/544/140
f 554/548/141 548/543/141 564/558/141
f 553/547/142 551/545/142 564/558/142
f 564/558/142 551/545/142 550/544/142
f 554/548/144 564/558/144 550/544/144
f 556/550/145 552/546/145 561/555/145
f 561/555/145 552/546/145 551/545/145
f 567/562/172 566/560/172 559/553/172
f 562/556/87 566/560/87 560/554/87
f 570/564/210 571/565/234 573/566/267
f 573/566/267 571/565/234 572/567/176
f 574/568/149 575/569/149 576/570/149
f 571/565/177 577/571/177 572/567/177
f 572/567/176 578/572/222 573/566/267
f 573/566/267 578/572/222 546/540/210
f 579/573/60 580/574/60 582/575/61
f 582/575/61 580/574/60 581/576/212
f 583/577/213 577/571/213 571/565/213
f 584/578/87 585/579/87 586/580/87
f 574/568/88 587/581/88 578/572/88
f 546/540/210 578/572/222 547/541/234
f 567/562/183 576/570/183 580/574/183
f 568/561/296 567/562/169 579/573/60
f 579/573/60 567/562/169 580/574/60
f 577/571/94 588/582/94 572/567/94
f 585/579/95 575/569/95 577/571/95
f 583/577/214 586/580/214 577/571/214
f 587/581/185 589/583/185 559/553/185
f 583/577/215 590/584/215 586/580/215
f 582/575/61 581/576/212 592/585/268
f 592/585/268 581/576/212 591/586/169
f 584/578/218 590/584/218 581/576/218
f 581/576/218 590/584/218 591/586/218
f 580/574/102 585/579/102 581/576/103
f 581/576/103 585/579/102 584/578/103
f 577/571/96 586/580/96 585/579/96
f 567/562/280 593/587/280 576/570/280
f 587/581/264 559/553/264 547/541/264
f 578/572/88 587/581/88 547/541/88
f 576/570/192 593/587/192 589/583/192
f 574/568/164 589/583/164 587/581/164
f 576/570/140 589/583/140 574/568/140
f 578/572/141 572/567/141 588/582/141
f 577/571/142 575/569/142 588/582/142
f 588/582/142 575/569/142 574/568/143
f 578/572/193 588/582/193 574/568/193
f 580/574/145 576/570/145 585/579/145
f 585/579/145 576/570/145 575/569/145
f 591/586/219 590/584/219 583/577/219
f 586/580/220 590/584/220 584/578/220
f 567/562/196 559/553/196 593/587/196
f 589/583/197 593/587/197 559/553/197
f 594/588/173 595/589/174 597/590/269
f 597/590/269 595/589/174 596/591/176
f 598/592/149 599/593/149 600/594/149
f 595/589/201 601/595/201 596/591/201
f 596/591/176 602/596/202 597/590/269
f 597/590/269 602/596/202 570/564/210
f 603/597/60 604/598/60 606/599/61
f 606/599/61 604/598/60 605/600/204
f 607/601/165 601/595/165 595/589/165
f 608/602/87 609/603/87 610/604/87
f 598/592/88 611/605/88 602/596/88
f 570/564/210 602/596/202 571/565/234
f 591/586/183 600/594/183 604/598/183
f 592/585/268 591/586/169 603/597/60
f 603/597/60 591/586/169 604/598/60
f 601/595/94 612/606/94 596/591/94
f 609/603/95 599/593/95 601/595/95
f 607/601/96 610/604/96 601/595/96
f 611/605/158 613/607/158 583/577/158
f 607/601/87 614/608/87 610/604/87
f 606/599/61 605/600/204 616/609/296
f 616/609/296 605/600/204 615/610/169
f 608/602/170 614/608/170 605/600/170
f 605/600/170 614/608/170 615/610/171
f 604/598/102 609/603/102 605/600/103
f 605/600/103 609/603/102 608/602/103
f 601/595/96 610/604/96 609/603/96
f 591/586/223 583/577/223 617/611/223
f 611/605/208 583/577/208 571/565/208
f 602/596/88 611/605/88 571/565/88
f 613/607/224 617/611/224 583/577/224
f 598/592/164 613/607/164 611/605/164
f 600/594/140 613/607/140 598/592/140
f 602/596/141 596/591/141 612/606/141
f 601/595/142 599/593/142 612/606/142
f 612/606/142 599/593/142 598/592/143
f 602/596/193 612/606/193 598/592/193
f 604/598/145 600/594/145 609/603/145
f 609/603/145 600/594/145 599/593/145
f 615/610/172 614/608/172 607/601/172
f 610/604/87 614/608/87 608/602/87
f 110/104/151 119/113/154 619/612/297
f 619/612/297 119/113/154 618/613/298
f 620/614/149 621/615/149 622/616/149
f 119/113/80 623/617/80 618/613/80
f 618/613/298 624/618/178 619/612/297
f 619/612/297 624/618/178 594/588/173
f 625/619/60 626/620/60 628/621/60
f 628/621/60 626/620/60 627/622/60
f 124/118/299 623/617/299 119/113/299
f 629/623/87 630/624/87 631/625/87
f 620/614/88 632/626/88 624/618/88
f 594/588/173 624/618/178 595/589/174
f 615/610/183 622/616/183 626/620/183
f 616/609/296 615/610/169 625/619/60
f 625/619/60 615/610/169 626/620/60
f 623/617/94 633/627/94 618/613/94
f 630/624/95 621/615/95 623/617/95
f 124/118/300 631/625/300 623/617/300
f 632/626/276 634/628/276 607/601/276
f 124/118/301 635/629/301 631/625/301
f 628/621/60 627/622/60 121/115/156
f 121/115/156 627/622/60 120/114/157
f 627/622/99 629/623/99 120/114/99
f 120/114/99 629/623/99 635/629/229
f 626/620/102 630/624/102 627/622/103
f 627/622/103 630/624/102 629/623/103
f 623/617/96 631/625/96 630/624/96
f 615/610/190 636/630/190 622/616/190
f 632/626/191 607/601/191 595/589/191
f 624/618/88 632/626/88 595/589/88
f 622/616/192 636/630/192 634/628/192
f 620/614/164 634/628/164 632/626/164
f 622/616/140 634/628/140 620/614/140
f 624/618/141 618/613/141 633/627/141
f 623/617/142 621/615/142 633/627/142
f 633/627/142 621/615/142 620/614/143
f 624/618/193 633/627/193 620/614/193
f 626/620/145 622/616/145 630/624/145
f 630/624/145 622/616/145 621/615/145
f 120/114/302 635/629/302 124/118/302
f 631/625/87 635/629/87 629/623/87
f 615/610/196 607/601/196 636/630/196
f 634/628/197 636/630/197 607/601/197
f 600/594/230 617/611/230 613/607/230
f 591/586/231 617/611/231 600/594/231
f 552/546/232 569/563/232 565/559/232
f 543/538/233 569/563/233 552/546/233
f 145/139/179 128/122/182 638/631/303
f 638/631/303 128/122/303 637/632/303
f 128/122/304 127/121/304 637/632/304
f 637/632/304 127/121/304 639/633/304
f 132/126/167 131/125/166 641/634/305
f 641/634/305 131/125/306 640/635/307
f 129/123/308 135/129/308 643/636/308
f 643/636/308 135/129/308 642/637/308
f 129/123/309 643/636/309 127/121/309
f 127/121/309 643/636/309 639/633/309
f 135/129/310 132/126/310 642/637/310
f 642/637/310 132/126/310 641/634/310
f 263/257/311 281/275/251 277/271/250
f 254/249/245 281/275/247 263/257/312
f 312/306/313 329/323/259 325/319/258
f 303/298/255 329/323/257 312/306/314
f 456/450/315 473/467/286 469/463/285
f 447/442/282 473/467/284 456/450/190
f 504/498/316 521/515/293 517/511/292
f 495/490/289 521/515/291 504/498/317
f 79/73/318 102/96/137 96/90/136
f 93/87/131 102/96/133 79/73/319
f 644/38/320 47/40/321 645/39/322
f 645/39/322 47/40/321 46/41/323
f 646/42/324 648/44/324 647/43/324
f 649/45/325 650/47/325 52/46/325
f 52/46/325 650/47/325 53/48/325
f 57/51/61 650/47/61 55/50/60
f 55/50/60 650/47/61 651/49/60
f 57/51/61 53/48/62 650/47/61
f 46/41/323 652/52/326 645/39/322
f 647/43/327 648/44/327 653/53/327
f 653/53/327 648/44/327 654/54/327
f 654/54/328 648/44/328 655/55/328
f 644/38/329 645/39/329 656/56/329
f 644/38/330 656/56/330 653/53/330
f 657/57/331 655/55/331 646/42/331
f 645/39/332 652/52/332 658/58/332
f 646/42/333 647/43/333 659/59/333
f 660/60/334 662/62/334 661/61/334
f 46/41/323 70/63/335 652/52/326
f 652/52/326 70/63/335 663/64/336
f 71/65/60 73/66/60 660/60/60
f 660/60/60 73/66/60 664/67/60
f 661/61/337 652/52/337 665/68/337
f 75/69/60 71/65/60 666/70/60
f 666/70/60 71/65/60 660/60/60
f 666/70/338 660/60/338 661/61/338
f 667/71/339 669/73/339 668/72/339
f 644/38/340 653/53/340 670/74/340
f 652/52/341 663/64/341 671/75/341
f 83/77/342 672/76/343 70/63/335
f 70/63/335 672/76/343 663/64/336
f 84/78/83 87/80/60 673/79/84
f 673/79/84 87/80/60 674/81/60
f 665/68/344 652/52/344 671/75/344
f 666/70/345 661/61/345 665/68/345
f 675/82/346 677/84/346 676/83/346
f 667/71/347 672/76/348 678/85/348
f 83/77/342 679/86/349 672/76/343
f 680/87/350 673/79/350 669/73/350
f 94/88/92 84/78/83 680/87/351
f 680/87/351 84/78/83 673/79/84
f 671/75/352 663/64/352 681/89/352
f 676/83/353 671/75/353 668/72/353
f 665/68/354 671/75/354 677/84/354
f 678/85/355 683/91/355 682/90/355
f 665/68/346 677/84/346 684/92/346
f 87/80/60 75/69/60 674/81/60
f 674/81/60 75/69/60 666/70/60
f 674/81/356 666/70/357 675/82/358
f 675/82/358 666/70/357 684/92/359
f 673/79/360 674/81/361 676/83/360
f 676/83/360 674/81/361 675/82/361
f 671/75/354 676/83/354 677/84/354
f 685/93/362 658/58/362 652/52/362
f 647/43/363 645/39/363 658/58/363
f 659/59/364 647/43/364 658/58/364
f 654/54/365 655/55/366 686/94/365
f 686/94/365 655/55/366 657/57/367
f 55/50/60 651/49/60 73/66/60
f 73/66/60 651/49/60 664/67/60
f 660/60/368 687/95/368 646/42/368
f 664/67/369 651/49/370 657/57/371
f 657/57/371 651/49/370 686/94/370
f 664/67/372 657/57/372 646/42/372
f 648/44/328 646/42/328 655/55/328
f 664/67/373 646/42/373 687/95/373
f 660/60/374 664/67/374 687/95/374
f 659/59/375 661/61/375 662/62/375
f 659/59/376 658/58/376 685/93/376
f 656/56/377 647/43/377 653/53/377
f 645/39/378 647/43/378 656/56/378
f 646/42/379 659/59/379 662/62/379
f 660/60/380 646/42/380 662/62/380
f 661/61/381 659/59/381 685/93/381
f 661/61/382 685/93/382 652/52/382
f 651/49/383 670/74/383 686/94/383
f 670/74/383 654/54/383 686/94/383
f 650/47/384 649/45/384 670/74/384
f 651/49/385 650/47/385 670/74/385
f 670/74/386 653/53/386 654/54/386
f 649/45/384 644/38/384 670/74/384
f 644/38/387 649/45/387 47/40/387
f 47/40/387 649/45/387 52/46/387
f 680/87/388 688/96/389 683/91/390
f 678/85/391 679/86/391 683/91/391
f 672/76/348 679/86/392 678/85/348
f 682/90/393 683/91/394 688/96/395
f 667/71/396 678/85/396 682/90/396
f 669/73/397 667/71/397 682/90/397
f 672/76/398 681/89/398 663/64/398
f 671/75/399 681/89/399 668/72/399
f 668/72/399 681/89/399 667/71/400
f 672/76/401 667/71/401 681/89/401
f 673/79/402 676/83/402 669/73/402
f 669/73/402 676/83/402 668/72/402
f 666/70/357 665/68/403 684/92/359
f 677/84/346 675/82/346 684/92/346
f 83/77/342 104/97/404 679/86/349
f 679/86/349 104/97/404 689/98/405
f 690/99/406 692/101/406 691/100/406
f 679/86/341 689/98/341 693/102/341
f 110/104/407 694/103/408 104/97/404
f 104/97/404 694/103/408 689/98/405
f 111/105/83 114/107/60 695/106/60
f 695/106/60 114/107/60 696/108/60
f 683/91/409 679/86/409 693/102/409
f 697/109/346 699/111/346 698/110/346
f 690/99/347 694/103/410 700/112/410
f 110/104/407 701/113/411 694/103/408
f 702/114/412 695/106/412 692/101/412
f 121/115/156 111/105/83 702/114/413
f 702/114/413 111/105/83 695/106/60
f 693/102/352 689/98/352 703/116/352
f 698/110/353 693/102/353 691/100/353
f 683/91/414 693/102/354 699/111/354
f 700/112/415 705/118/415 704/117/415
f 683/91/346 699/111/346 706/119/346
f 114/107/60 94/88/92 696/108/60
f 696/108/60 94/88/92 680/87/351
f 696/108/356 680/87/416 697/109/358
f 697/109/358 680/87/416 706/119/359
f 695/106/360 696/108/361 698/110/360
f 698/110/360 696/108/361 697/109/417
f 693/102/354 698/110/354 699/111/354
f 702/114/418 692/101/418 705/118/418
f 700/112/419 701/113/419 705/118/419
f 694/103/410 701/113/420 700/112/410
f 692/101/421 704/117/421 705/118/421
f 690/99/422 700/112/422 704/117/422
f 692/101/397 690/99/397 704/117/397
f 694/103/398 703/116/398 689/98/398
f 693/102/399 703/116/399 691/100/399
f 691/100/399 703/116/399 690/99/400
f 694/103/401 690/99/401 703/116/401
f 695/106/402 698/110/402 692/101/402
f 692/101/402 698/110/402 691/100/402
f 680/87/416 683/91/403 706/119/359
f 699/111/346 697/109/346 706/119/346
f 707/120/423 709/122/423 708/121/423
f 707/120/354 708/121/354 710/123/354
f 707/120/346 710/123/346 711/124/346
f 131/125/306 714/127/424 712/126/425
f 712/126/425 714/127/424 713/128/426
f 713/128/427 711/124/427 712/126/428
f 712/126/428 711/124/427 715/129/427
f 713/128/429 707/120/429 711/124/429
f 710/123/346 715/129/346 711/124/346
f 136/130/430 139/132/431 716/131/432
f 716/131/432 139/132/431 717/133/433
f 718/134/406 720/136/406 719/135/406
f 716/131/434 717/133/434 721/137/434
f 145/139/435 722/138/436 139/132/431
f 139/132/431 722/138/436 717/133/433
f 146/140/60 149/142/61 723/141/60
f 723/141/60 149/142/61 724/143/437
f 725/144/438 716/131/438 721/137/438
f 726/145/346 728/147/346 727/146/346
f 718/134/347 722/138/347 729/148/347
f 145/139/435 709/122/439 722/138/436
f 713/128/440 723/141/440 720/136/440
f 714/127/424 146/140/60 713/128/426
f 713/128/426 146/140/60 723/141/60
f 721/137/352 717/133/352 730/149/352
f 727/146/353 721/137/353 719/135/353
f 725/144/441 721/137/441 728/147/441
f 729/148/442 707/120/442 731/150/442
f 725/144/443 728/147/443 732/151/443
f 149/142/61 734/152/444 724/143/437
f 724/143/437 734/152/444 733/153/426
f 733/153/445 732/151/445 724/143/446
f 724/143/446 732/151/445 726/145/446
f 723/141/360 724/143/361 727/146/360
f 727/146/360 724/143/361 726/145/361
f 721/137/354 727/146/354 728/147/354
f 713/128/447 720/136/447 735/154/447
f 729/148/448 709/122/448 707/120/448
f 722/138/347 709/122/347 729/148/347
f 720/136/449 731/150/449 735/154/449
f 718/134/422 729/148/422 731/150/422
f 720/136/397 718/134/397 731/150/397
f 722/138/398 730/149/398 717/133/398
f 721/137/399 730/149/399 719/135/399
f 719/135/399 730/149/399 718/134/399
f 722/138/450 718/134/450 730/149/450
f 723/141/402 727/146/402 720/136/402
f 720/136/402 727/146/402 719/135/402
f 733/153/451 725/144/451 732/151/451
f 728/147/452 726/145/452 732/151/452
f 713/128/453 735/154/453 707/120/453
f 731/150/454 707/120/454 735/154/454
f 161/155/455 164/157/433 736/156/456
f 736/156/456 164/157/433 737/158/433
f 738/159/406 740/161/406 739/160/406
f 736/156/457 737/158/457 741/162/457
f 136/130/430 742/163/458 164/157/433
f 164/157/433 742/163/458 737/158/433
f 170/164/60 173/166/203 743/165/60
f 743/165/60 173/166/203 744/167/459
f 745/168/423 736/156/423 741/162/423
f 746/169/346 748/171/346 747/170/346
f 738/159/347 742/163/347 749/172/347
f 136/130/430 716/131/432 742/163/458
f 733/153/440 743/165/440 740/161/440
f 734/152/444 170/164/60 733/153/426
f 733/153/426 170/164/60 743/165/60
f 741/162/352 737/158/352 750/173/352
f 747/170/353 741/162/353 739/160/353
f 745/168/354 741/162/354 748/171/354
f 749/172/460 725/144/460 751/174/460
f 745/168/346 748/171/346 752/175/346
f 173/166/203 183/176/206 744/167/459
f 744/167/459 183/176/206 753/177/426
f 753/177/427 752/175/427 744/167/428
f 744/167/428 752/175/427 746/169/427
f 743/165/360 744/167/361 747/170/360
f 747/170/360 744/167/361 746/169/361
f 741/162/354 747/170/354 748/171/354
f 733/153/461 754/178/461 725/144/461
f 749/172/462 716/131/462 725/144/462
f 742/163/347 716/131/347 749/172/347
f 751/174/463 725/144/463 754/178/463
f 738/159/422 749/172/422 751/174/422
f 740/161/397 738/159/397 751/174/397
f 742/163/398 750/173/398 737/158/398
f 741/162/399 750/173/399 739/160/399
f 739/160/399 750/173/399 738/159/400
f 742/163/450 738/159/450 750/173/450
f 743/165/402 747/170/402 740/161/402
f 740/161/402 747/170/402 739/160/402
f 753/177/429 745/168/429 752/175/429
f 748/171/346 746/169/346 752/175/346
f 185/179/464 188/181/465 755/180/466
f 755/180/466 188/181/465 756/182/433
f 757/183/406 759/185/406 758/184/406
f 755/180/434 756/182/434 760/186/434
f 161/155/455 761/187/458 188/181/465
f 188/181/465 761/187/458 756/182/433
f 194/188/60 197/190/61 762/189/60
f 762/189/60 197/190/61 763/191/467
f 764/192/468 755/180/468 760/186/468
f 765/193/346 767/195/346 766/194/346
f 757/183/347 761/187/347 768/196/347
f 161/155/455 736/156/456 761/187/458
f 753/177/440 762/189/440 759/185/440
f 183/176/206 194/188/60 753/177/426
f 753/177/426 194/188/60 762/189/60
f 760/186/352 756/182/352 769/197/352
f 766/194/353 760/186/353 758/184/353
f 764/192/469 760/186/469 767/195/469
f 768/196/442 745/168/442 770/198/442
f 764/192/470 767/195/470 771/199/470
f 197/190/61 773/200/471 763/191/467
f 763/191/467 773/200/471 772/201/426
f 772/201/472 771/199/472 763/191/472
f 763/191/472 771/199/472 765/193/472
f 762/189/360 763/191/361 766/194/360
f 766/194/360 763/191/361 765/193/361
f 760/186/354 766/194/354 767/195/354
f 753/177/447 759/185/447 774/202/447
f 768/196/448 736/156/448 745/168/448
f 761/187/347 736/156/347 768/196/347
f 759/185/449 770/198/449 774/202/449
f 757/183/422 768/196/422 770/198/422
f 759/185/397 757/183/397 770/198/397
f 761/187/398 769/197/398 756/182/398
f 760/186/399 769/197/399 758/184/399
f 758/184/399 769/197/399 757/183/400
f 761/187/450 757/183/450 769/197/450
f 762/189/402 766/194/402 759/185/402
f 759/185/402 766/194/402 758/184/402
f 772/201/473 764/192/473 771/199/473
f 767/195/474 765/193/474 771/199/474
f 753/177/453 774/202/453 745/168/453
f 770/198/454 745/168/454 774/202/454
f 209/203/455 212/205/433 775/204/433
f 775/204/433 212/205/433 776/206/475
f 777/207/406 779/209/406 778/208/406
f 775/204/457 776/206/457 780/210/457
f 185/179/464 781/211/436 212/205/433
f 212/205/433 781/211/436 776/206/475
f 218/212/60 221/214/203 782/213/60
f 782/213/60 221/214/203 783/215/459
f 784/216/423 775/204/423 780/210/423
f 785/217/346 787/219/346 786/218/346
f 777/207/347 781/211/347 788/220/347
f 185/179/464 755/180/466 781/211/436
f 772/201/440 782/213/440 779/209/440
f 773/200/471 218/212/60 772/201/426
f 772/201/426 218/212/60 782/213/60
f 780/210/352 776/206/352 789/221/352
f 786/218/353 780/210/353 778/208/353
f 784/216/354 780/210/354 787/219/354
f 788/220/460 764/192/460 790/222/460
f 784/216/346 787/219/346 791/223/346
f 221/214/203 231/224/206 783/215/459
f 783/215/459 231/224/206 792/225/426
f 792/225/427 791/223/427 783/215/427
f 783/215/427 791/223/427 785/217/427
f 782/213/360 783/215/361 786/218/360
f 786/218/360 783/215/361 785/217/361
f 780/210/354 786/218/354 787/219/354
f 772/201/476 793/226/476 764/192/476
f 788/220/462 755/180/462 764/192/462
f 781/211/347 755/180/347 788/220/347
f 790/222/477 764/192/477 793/226/477
f 777/207/422 788/220/422 790/222/422
f 779/209/397 777/207/397 790/222/397
f 781/211/398 789/221/398 776/206/398
f 780/210/399 789/221/399 778/208/399
f 778/208/399 789/221/399 777/207/400
f 781/211/450 777/207/450 789/221/450
f 782/213/402 786/218/402 779/209/402
f 779/209/402 786/218/402 778/208/402
f 792/225/429 784/216/429 791/223/429
f 787/219/346 785/217/346 791/223/346
f 233/227/478 236/229/404 794/228/479
f 794/228/479 236/229/404 795/230/405
f 796/231/406 798/233/406 797/232/406
f 794/228/341 795/230/341 799/234/341
f 209/203/455 800/235/480 236/229/404
f 236/229/404 800/235/480 795/230/405
f 242/236/60 245/238/60 801/237/60
f 801/237/60 245/238/60 802/239/60
f 803/240/344 794/228/344 799/234/344
f 804/241/346 806/243/346 805/242/346
f 796/231/347 800/235/347 807/244/347
f 209/203/455 775/204/433 800/235/480
f 792/225/440 801/237/440 798/233/440
f 231/224/206 242/236/60 792/225/426
f 792/225/426 242/236/60 801/237/60
f 799/234/352 795/230/352 808/245/352
f 805/242/353 799/234/353 797/232/353
f 803/240/354 799/234/354 806/243/354
f 807/244/442 784/216/442 809/246/442
f 803/240/346 806/243/346 810/247/346
f 245/238/60 255/248/227 802/239/60
f 802/239/60 255/248/227 811/249/481
f 802/239/358 811/249/358 804/241/358
f 804/241/358 811/249/358 810/247/482
f 801/237/360 802/239/361 805/242/360
f 805/242/360 802/239/361 804/241/361
f 799/234/354 805/242/354 806/243/354
f 792/225/447 798/233/447 812/250/447
f 807/244/448 775/204/448 784/216/448
f 800/235/347 775/204/347 807/244/347
f 798/233/449 809/246/449 812/250/449
f 796/231/422 807/244/422 809/246/422
f 798/233/397 796/231/397 809/246/397
f 800/235/398 808/245/398 795/230/398
f 799/234/399 808/245/399 797/232/399
f 797/232/399 808/245/399 796/231/400
f 800/235/450 796/231/450 808/245/450
f 801/237/402 805/242/402 798/233/402
f 798/233/402 805/242/402 797/232/402
f 811/249/403 803/240/403 810/247/403
f 806/243/346 804/241/346 810/247/346
f 792/225/453 812/250/453 784/216/453
f 809/246/454 784/216/454 812/250/454
f 779/209/483 790/222/483 793/226/483
f 772/201/484 779/209/484 793/226/484
f 740/161/485 751/174/485 754/178/485
f 733/153/486 740/161/486 754/178/486
f 257/251/455 260/253/487 813/252/456
f 813/252/456 260/253/487 814/254/488
f 815/255/406 817/257/406 816/256/406
f 813/252/457 814/254/457 818/258/457
f 233/227/478 819/259/489 260/253/487
f 260/253/487 819/259/489 814/254/488
f 266/260/238 269/262/203 820/261/490
f 820/261/490 269/262/203 821/263/459
f 822/264/423 813/252/423 818/258/423
f 823/265/346 825/267/346 824/266/346
f 815/255/347 819/259/491 826/268/492
f 233/227/478 794/228/479 819/259/489
f 811/249/493 820/261/493 817/257/493
f 820/261/490 811/249/481 266/260/238
f 266/260/238 811/249/481 275/269/243
f 275/269/243 811/249/481 255/248/227
f 818/258/352 814/254/352 827/270/352
f 824/266/353 818/258/353 816/256/353
f 822/264/354 818/258/354 825/267/354
f 826/268/494 803/240/494 828/271/494
f 822/264/346 825/267/346 829/272/346
f 269/262/203 280/273/206 821/263/459
f 821/263/459 280/273/206 830/274/426
f 830/274/427 829/272/427 821/263/427
f 821/263/427 829/272/427 823/265/427
f 820/261/360 821/263/361 824/266/360
f 824/266/360 821/263/361 823/265/361
f 818/258/354 824/266/354 825/267/354
f 811/249/495 831/275/496 803/240/497
f 826/268/498 794/228/498 803/240/498
f 819/259/491 794/228/499 826/268/492
f 828/271/500 803/240/501 831/275/502
f 815/255/422 826/268/422 828/271/422
f 817/257/397 815/255/397 828/271/397
f 819/259/398 827/270/398 814/254/398
f 818/258/399 827/270/399 816/256/399
f 816/256/399 827/270/399 815/255/400
f 819/259/450 815/255/450 827/270/450
f 820/261/402 824/266/402 817/257/402
f 817/257/402 824/266/402 816/256/402
f 830/274/429 822/264/429 829/272/429
f 825/267/346 823/265/346 829/272/346
f 282/276/430 285/278/465 832/277/503
f 832/277/503 285/278/465 833/279/433
f 834/280/406 836/282/406 835/281/406
f 832/277/434 833/279/434 837/283/434
f 257/251/455 838/284/480 285/278/465
f 285/278/465 838/284/480 833/279/433
f 291/285/60 294/287/203 839/286/60
f 839/286/60 294/287/203 840/288/467
f 841/289/468 832/277/468 837/283/468
f 842/290/346 844/292/346 843/291/346
f 834/280/347 838/284/347 845/293/347
f 257/251/455 813/252/456 838/284/480
f 830/274/440 839/286/440 836/282/440
f 280/273/206 291/285/60 830/274/426
f 830/274/426 291/285/60 839/286/60
f 837/283/352 833/279/352 846/294/352
f 843/291/353 837/283/353 835/281/353
f 841/289/469 837/283/469 844/292/469
f 845/293/442 822/264/442 847/295/442
f 841/289/470 844/292/470 848/296/470
f 294/287/203 304/297/253 840/288/467
f 840/288/467 304/297/253 849/298/426
f 849/298/472 848/296/472 840/288/472
f 840/288/472 848/296/472 842/290/472
f 839/286/360 840/288/361 843/291/360
f 843/291/360 840/288/361 842/290/361
f 837/283/354 843/291/354 844/292/354
f 830/274/447 836/282/447 850/299/447
f 845/293/448 813/252/448 822/264/448
f 838/284/347 813/252/347 845/293/347
f 836/282/449 847/295/449 850/299/449
f 834/280/422 845/293/422 847/295/422
f 836/282/397 834/280/397 847/295/397
f 838/284/398 846/294/398 833/279/398
f 837/283/399 846/294/399 835/281/399
f 835/281/399 846/294/399 834/280/400
f 838/284/450 834/280/450 846/294/450
f 839/286/402 843/291/402 836/282/402
f 836/282/402 843/291/402 835/281/402
f 849/298/473 841/289/473 848/296/473
f 844/292/474 842/290/474 848/296/474
f 830/274/453 850/299/453 822/264/453
f 847/295/454 822/264/454 850/299/454
f 306/300/455 309/302/433 851/301/433
f 851/301/433 309/302/433 852/303/504
f 853/304/406 855/306/406 854/305/406
f 851/301/457 852/303/457 856/307/457
f 282/276/430 857/308/480 309/302/433
f 309/302/433 857/308/480 852/303/504
f 315/309/60 318/311/203 858/310/60
f 858/310/60 318/311/203 859/312/459
f 860/313/423 851/301/423 856/307/423
f 861/314/346 863/316/346 862/315/346
f 853/304/347 857/308/347 864/317/347
f 282/276/430 832/277/503 857/308/480
f 849/298/440 858/310/440 855/306/440
f 304/297/253 315/309/60 849/298/426
f 849/298/426 315/309/60 858/310/60
f 856/307/352 852/303/352 865/318/352
f 862/315/353 856/307/353 854/305/353
f 860/313/354 856/307/354 863/316/354
f 864/317/460 841/289/460 866/319/460
f 860/313/346 863/316/346 867/320/346
f 318/311/203 328/321/206 859/312/459
f 859/312/459 328/321/206 868/322/426
f 868/322/427 867/320/428 859/312/427
f 859/312/427 867/320/428 861/314/427
f 858/310/360 859/312/361 862/315/360
f 862/315/360 859/312/361 861/314/361
f 856/307/354 862/315/354 863/316/354
f 849/298/505 869/323/506 841/289/507
f 864/317/462 832/277/462 841/289/462
f 857/308/347 832/277/347 864/317/347
f 866/319/508 841/289/509 869/323/510
f 853/304/422 864/317/422 866/319/422
f 855/306/397 853/304/397 866/319/397
f 857/308/398 865/318/398 852/303/398
f 856/307/399 865/318/399 854/305/399
f 854/305/399 865/318/399 853/304/399
f 857/308/401 853/304/401 865/318/401
f 858/310/402 862/315/402 855/306/402
f 855/306/402 862/315/402 854/305/402
f 868/322/429 860/313/429 867/320/429
f 863/316/346 861/314/346 867/320/346
f 330/324/511 333/326/431 870/325/432
f 870/325/432 333/326/431 871/327/512
f 872/328/406 874/330/406 873/329/406
f 870/325/434 871/327/434 875/331/434
f 306/300/455 876/332/458 333/326/431
f 333/326/431 876/332/458 871/327/512
f 339/333/60 342/335/262 877/334/60
f 877/334/60 342/335/262 878/336/437
f 879/337/438 870/325/438 875/331/438
f 880/338/346 882/340/346 881/339/346
f 872/328/347 876/332/347 883/341/347
f 306/300/455 851/301/433 876/332/458
f 868/322/440 877/334/440 874/330/440
f 328/321/206 339/333/60 868/322/426
f 868/322/426 339/333/60 877/334/60
f 875/331/352 871/327/352 884/342/352
f 881/339/353 875/331/353 873/329/353
f 879/337/441 875/331/441 882/340/441
f 883/341/442 860/313/442 885/343/442
f 879/337/443 882/340/443 886/344/443
f 342/335/262 352/345/263 878/336/437
f 878/336/437 352/345/263 887/346/426
f 887/346/445 886/344/445 878/336/445
f 878/336/445 886/344/445 880/338/446
f 877/334/360 878/336/361 881/339/360
f 881/339/360 878/336/361 880/338/361
f 875/331/354 881/339/354 882/340/354
f 868/322/447 874/330/447 888/347/447
f 883/341/513 851/301/513 860/313/513
f 876/332/347 851/301/347 883/341/347
f 874/330/449 885/343/449 888/347/449
f 872/328/422 883/341/422 885/343/422
f 874/330/397 872/328/397 885/343/397
f 876/332/398 884/342/398 871/327/398
f 875/331/399 884/342/399 873/329/399
f 873/329/399 884/342/399 872/328/400
f 876/332/450 872/328/450 884/342/450
f 877/334/402 881/339/402 874/330/402
f 874/330/402 881/339/402 873/329/402
f 887/346/451 879/337/451 886/344/451
f 882/340/514 880/338/514 886/344/514
f 868/322/453 888/347/453 860/313/453
f 885/343/454 860/313/454 888/347/454
f 354/348/455 357/350/433 889/349/503
f 889/349/503 357/350/433 890/351/475
f 891/352/406 893/354/406 892/353/406
f 889/349/457 890/351/457 894/355/457
f 330/324/511 895/356/480 357/350/433
f 357/350/433 895/356/480 890/351/475
f 363/357/60 366/359/203 896/358/60
f 896/358/60 366/359/203 897/360/459
f 898/361/423 889/349/423 894/355/423
f 899/362/346 901/364/346 900/363/346
f 891/352/347 895/356/347 902/365/347
f 330/324/511 870/325/432 895/356/480
f 887/346/440 896/358/440 893/354/440
f 352/345/263 363/357/60 887/346/426
f 887/346/426 363/357/60 896/358/60
f 894/355/352 890/351/352 903/366/352
f 900/363/353 894/355/353 892/353/353
f 898/361/354 894/355/354 901/364/354
f 902/365/460 879/337/460 904/367/460
f 898/361/346 901/364/346 905/368/346
f 366/359/203 376/369/206 897/360/459
f 897/360/459 376/369/206 906/370/426
f 906/370/427 905/368/427 897/360/427
f 897/360/427 905/368/427 899/362/427
f 896/358/360 897/360/361 900/363/360
f 900/363/360 897/360/361 899/362/361
f 894/355/354 900/363/354 901/364/354
f 887/346/461 907/371/461 879/337/461
f 902/365/462 870/325/462 879/337/462
f 895/356/347 870/325/347 902/365/347
f 904/367/463 879/337/463 907/371/463
f 891/352/422 902/365/422 904/367/422
f 893/354/397 891/352/397 904/367/397
f 895/356/398 903/366/398 890/351/398
f 894/355/399 903/366/399 892/353/399
f 892/353/399 903/366/399 891/352/399
f 895/356/401 891/352/401 903/366/401
f 896/358/402 900/363/402 893/354/402
f 893/354/402 900/363/402 892/353/402
f 906/370/515 898/361/515 905/368/515
f 901/364/346 899/362/346 905/368/346
f 378/372/464 381/374/465 908/373/503
f 908/373/503 381/374/465 909/375/433
f 910/376/406 912/378/406 911/377/406
f 908/373/434 909/375/434 913/379/434
f 354/348/455 914/380/458 381/374/465
f 381/374/465 914/380/458 909/375/433
f 387/381/60 390/383/203 915/382/60
f 915/382/60 390/383/203 916/384/516
f 917/385/468 908/373/468 913/379/468
f 918/386/346 920/388/346 919/387/346
f 910/376/347 914/380/347 921/389/347
f 354/348/455 889/349/503 914/380/458
f 906/370/440 915/382/440 912/378/440
f 376/369/206 387/381/60 906/370/426
f 906/370/426 387/381/60 915/382/60
f 913/379/352 909/375/352 922/390/352
f 919/387/353 913/379/353 911/377/353
f 917/385/469 913/379/469 920/388/469
f 921/389/442 898/361/442 923/391/442
f 917/385/470 920/388/470 924/392/470
f 390/383/203 400/393/253 916/384/516
f 916/384/516 400/393/253 925/394/426
f 925/394/472 924/392/472 916/384/472
f 916/384/472 924/392/472 918/386/472
f 915/382/360 916/384/361 919/387/360
f 919/387/360 916/384/361 918/386/361
f 913/379/354 919/387/354 920/388/354
f 906/370/447 912/378/447 926/395/447
f 921/389/513 889/349/513 898/361/513
f 914/380/347 889/349/347 921/389/347
f 912/378/449 923/391/449 926/395/449
f 910/376/422 921/389/422 923/391/422
f 912/378/397 910/376/397 923/391/397
f 914/380/398 922/390/398 909/375/398
f 913/379/399 922/390/399 911/377/399
f 911/377/399 922/390/399 910/376/400
f 914/380/450 910/376/450 922/390/450
f 915/382/402 919/387/402 912/378/402
f 912/378/402 919/387/402 911/377/402
f 925/394/473 917/385/473 924/392/473
f 920/388/474 918/386/474 924/392/474
f 906/370/453 926/395/453 898/361/453
f 923/391/454 898/361/454 926/395/454
f 402/396/464 405/398/517 927/397/433
f 927/397/433 405/398/517 928/399/475
f 929/400/406 931/402/406 930/401/406
f 927/397/457 928/399/457 932/403/457
f 378/372/464 933/404/458 405/398/517
f 405/398/517 933/404/458 928/399/475
f 411/405/60 414/407/61 934/406/60
f 934/406/60 414/407/61 935/408/459
f 936/409/423 927/397/423 932/403/423
f 937/410/346 939/412/346 938/411/346
f 929/400/347 933/404/347 940/413/347
f 378/372/464 908/373/503 933/404/458
f 925/394/440 934/406/440 931/402/440
f 400/393/253 411/405/60 925/394/426
f 925/394/426 411/405/60 934/406/60
f 932/403/352 928/399/352 941/414/352
f 938/411/353 932/403/353 930/401/353
f 936/409/518 932/403/354 939/412/518
f 940/413/460 917/385/460 942/415/460
f 936/409/346 939/412/346 943/416/346
f 414/407/61 945/417/519 935/408/459
f 935/408/459 945/417/519 944/418/426
f 944/418/427 943/416/427 935/408/428
f 935/408/428 943/416/427 937/410/427
f 934/406/360 935/408/361 938/411/360
f 938/411/360 935/408/361 937/410/361
f 932/403/354 938/411/354 939/412/518
f 925/394/476 946/419/476 917/385/476
f 940/413/462 908/373/462 917/385/462
f 933/404/347 908/373/347 940/413/347
f 942/415/520 917/385/520 946/419/520
f 929/400/422 940/413/422 942/415/422
f 931/402/397 929/400/397 942/415/397
f 933/404/398 941/414/398 928/399/398
f 932/403/399 941/414/399 930/401/399
f 930/401/399 941/414/399 929/400/399
f 933/404/450 929/400/450 941/414/450
f 934/406/402 938/411/402 931/402/402
f 931/402/402 938/411/402 930/401/402
f 944/418/515 936/409/515 943/416/515
f 939/412/346 937/410/346 943/416/346
f 426/420/464 429/422/504 947/421/433
f 947/421/433 429/422/504 948/423/433
f 949/424/406 951/426/406 950/425/406
f 947/421/434 948/423/434 952/427/434
f 402/396/464 953/428/436 429/422/504
f 429/422/504 953/428/436 948/423/433
f 435/429/60 438/431/272 954/430/60
f 954/430/60 438/431/272 955/432/437
f 956/433/521 947/421/521 952/427/521
f 957/434/346 959/436/346 958/435/346
f 949/424/347 953/428/347 960/437/347
f 402/396/464 927/397/433 953/428/436
f 944/418/440 954/430/440 951/426/440
f 945/417/519 435/429/60 944/418/426
f 944/418/426 435/429/60 954/430/60
f 952/427/352 948/423/352 961/438/352
f 958/435/353 952/427/353 950/425/353
f 956/433/522 952/427/522 959/436/522
f 960/437/523 936/409/523 962/439/523
f 956/433/524 959/436/524 963/440/524
f 438/431/272 448/441/263 955/432/437
f 955/432/437 448/441/263 964/442/426
f 955/432/525 964/442/525 957/434/525
f 964/442/525 963/440/526 957/434/525
f 954/430/360 955/432/361 958/435/360
f 958/435/360 955/432/361 957/434/361
f 952/427/354 958/435/354 959/436/354
f 944/418/527 951/426/527 965/443/527
f 960/437/448 927/397/448 936/409/448
f 953/428/347 927/397/347 960/437/347
f 951/426/449 962/439/449 965/443/449
f 949/424/422 960/437/422 962/439/422
f 951/426/397 949/424/397 962/439/397
f 953/428/398 961/438/398 948/423/398
f 952/427/399 961/438/399 950/425/399
f 950/425/399 961/438/399 949/424/399
f 953/428/450 949/424/450 961/438/450
f 954/430/402 958/435/402 951/426/402
f 951/426/402 958/435/402 950/425/402
f 964/442/528 956/433/528 963/440/528
f 959/436/346 957/434/346 963/440/346
f 944/418/453 965/443/453 936/409/453
f 962/439/454 936/409/454 965/443/454
f 931/402/483 942/415/483 946/419/483
f 925/394/484 931/402/484 946/419/484
f 893/354/485 904/367/485 907/371/485
f 887/346/486 893/354/486 907/371/486
f 450/444/430 453/446/433 966/445/433
f 966/445/433 453/446/433 967/447/433
f 968/448/406 970/450/406 969/449/406
f 966/445/457 967/447/457 971/451/457
f 426/420/464 972/452/436 453/446/433
f 453/446/433 972/452/436 967/447/433
f 459/453/60 462/455/61 973/454/60
f 973/454/60 462/455/61 974/456/459
f 975/457/423 966/445/423 971/451/423
f 976/458/346 978/460/346 977/459/346
f 968/448/347 972/452/347 979/461/347
f 426/420/464 947/421/433 972/452/436
f 964/442/440 973/454/440 970/450/440
f 448/441/263 459/453/60 964/442/426
f 964/442/426 459/453/60 973/454/60
f 971/451/352 967/447/352 980/462/352
f 977/459/353 971/451/353 969/449/353
f 975/457/414 971/451/354 978/460/354
f 979/461/460 956/433/460 981/463/460
f 975/457/346 978/460/346 982/464/346
f 462/455/61 984/465/424 974/456/459
f 974/456/459 984/465/424 983/466/426
f 983/466/427 982/464/427 974/456/427
f 974/456/427 982/464/427 976/458/427
f 973/454/360 974/456/361 977/459/360
f 977/459/360 974/456/361 976/458/361
f 971/451/354 977/459/354 978/460/354
f 964/442/529 985/467/530 956/433/531
f 979/461/462 947/421/462 956/433/462
f 972/452/347 947/421/347 979/461/347
f 981/463/532 956/433/533 985/467/534
f 968/448/422 979/461/422 981/463/422
f 970/450/397 968/448/397 981/463/397
f 972/452/398 980/462/398 967/447/398
f 971/451/399 980/462/399 969/449/399
f 969/449/399 980/462/399 968/448/400
f 972/452/401 968/448/401 980/462/401
f 973/454/402 977/459/402 970/450/402
f 970/450/402 977/459/402 969/449/402
f 983/466/429 975/457/429 982/464/429
f 978/460/346 976/458/346 982/464/346
f 474/468/430 477/470/465 986/469/503
f 986/469/503 477/470/465 987/471/433
f 988/472/406 990/474/406 989/473/406
f 986/469/434 987/471/434 991/475/434
f 450/444/430 992/476/436 477/470/465
f 477/470/465 992/476/436 987/471/433
f 483/477/60 486/479/203 993/478/60
f 993/478/60 486/479/203 994/480/467
f 995/481/468 986/469/468 991/475/468
f 996/482/346 998/484/346 997/483/346
f 988/472/347 992/476/347 999/485/347
f 450/444/430 966/445/433 992/476/436
f 983/466/440 993/478/440 990/474/440
f 984/465/424 483/477/60 983/466/426
f 983/466/426 483/477/60 993/478/60
f 991/475/352 987/471/352 1000/486/352
f 997/483/353 991/475/353 989/473/353
f 995/481/469 991/475/469 998/484/469
f 999/485/442 975/457/442 1001/487/442
f 995/481/470 998/484/470 1002/488/470
f 486/479/203 496/489/253 994/480/467
f 994/480/467 496/489/253 1003/490/426
f 1003/490/472 1002/488/472 994/480/472
f 994/480/472 1002/488/472 996/482/472
f 993/478/360 994/480/361 997/483/360
f 997/483/360 994/480/361 996/482/361
f 991/475/354 997/483/354 998/484/354
f 983/466/447 990/474/447 1004/491/447
f 999/485/513 966/445/513 975/457/513
f 992/476/347 966/445/347 999/485/347
f 990/474/449 1001/487/449 1004/491/449
f 988/472/422 999/485/422 1001/487/422
f 990/474/397 988/472/397 1001/487/397
f 992/476/398 1000/486/398 987/471/398
f 991/475/399 1000/486/399 989/473/399
f 989/473/399 1000/486/399 988/472/400
f 992/476/450 988/472/450 1000/486/450
f 993/478/402 997/483/402 990/474/402
f 990/474/402 997/483/402 989/473/402
f 1003/490/473 995/481/473 1002/488/473
f 998/484/474 996/482/474 1002/488/474
f 983/466/453 1004/491/453 975/457/453
f 1001/487/454 975/457/454 1004/491/454
f 498/492/464 501/494/504 1005/493/503
f 1005/493/503 501/494/504 1006/495/433
f 1007/496/406 1009/498/406 1008/497/406
f 1005/493/457 1006/495/457 1010/499/457
f 474/468/430 1011/500/436 501/494/504
f 501/494/504 1011/500/436 1006/495/433
f 507/501/60 510/503/61 1012/502/60
f 1012/502/60 510/503/61 1013/504/459
f 1014/505/423 1005/493/423 1010/499/423
f 1015/506/346 1017/508/346 1016/507/346
f 1007/496/347 1011/500/347 1018/509/347
f 474/468/430 986/469/503 1011/500/436
f 1003/490/440 1012/502/440 1009/498/440
f 496/489/253 507/501/60 1003/490/426
f 1003/490/426 507/501/60 1012/502/60
f 1010/499/352 1006/495/352 1019/510/352
f 1016/507/353 1010/499/353 1008/497/353
f 1014/505/354 1010/499/354 1017/508/354
f 1018/509/460 995/481/460 1020/511/460
f 1014/505/346 1017/508/346 1021/512/346
f 510/503/61 1023/513/424 1013/504/459
f 1013/504/459 1023/513/424 1022/514/426
f 1022/514/427 1021/512/427 1013/504/427
f 1013/504/427 1021/512/427 1015/506/427
f 1012/502/360 1013/504/361 1016/507/360
f 1016/507/360 1013/504/361 1015/506/361
f 1010/499/354 1016/507/354 1017/508/354
f 1003/490/535 1024/515/536 995/481/537
f 1018/509/462 986/469/462 995/481/462
f 1011/500/347 986/469/347 1018/509/347
f 1020/511/538 995/481/539 1024/515/540
f 1007/496/422 1018/509/422 1020/511/422
f 1009/498/397 1007/496/397 1020/511/397
f 1011/500/398 1019/510/398 1006/495/398
f 1010/499/399 1019/510/399 1008/497/399
f 1008/497/399 1019/510/399 1007/496/400
f 1011/500/401 1007/496/401 1019/510/401
f 1012/502/402 1016/507/402 1009/498/402
f 1009/498/402 1016/507/402 1008/497/402
f 1022/514/429 1014/505/429 1021/512/429
f 1017/508/346 1015/506/346 1021/512/346
f 522/516/430 525/518/431 1025/517/541
f 1025/517/541 525/518/431 1026/519/465
f 1027/520/406 1029/522/406 1028/521/406
f 1025/517/434 1026/519/434 1030/523/434
f 498/492/464 1031/524/458 525/518/431
f 525/518/431 1031/524/458 1026/519/465
f 531/525/60 534/527/61 1032/526/60
f 1032/526/60 534/527/61 1033/528/437
f 1034/529/438 1025/517/438 1030/523/438
f 1035/530/346 1037/532/346 1036/531/346
f 1027/520/347 1031/524/347 1038/533/347
f 498/492/464 1005/493/503 1031/524/458
f 1022/514/440 1032/526/440 1029/522/440
f 1023/513/424 531/525/60 1022/514/426
f 1022/514/426 531/525/60 1032/526/60
f 1030/523/352 1026/519/352 1039/534/352
f 1036/531/353 1030/523/353 1028/521/353
f 1034/529/441 1030/523/441 1037/532/441
f 1038/533/442 1014/505/442 1040/535/442
f 1034/529/443 1037/532/443 1041/536/443
f 534/527/61 1043/537/444 1033/528/437
f 1033/528/437 1043/537/444 1042/538/426
f 1042/538/445 1041/536/445 1033/528/446
f 1033/528/446 1041/536/445 1035/530/446
f 1032/526/360 1033/528/361 1036/531/360
f 1036/531/360 1033/528/361 1035/530/361
f 1030/523/354 1036/531/354 1037/532/354
f 1022/514/527 1029/522/527 1044/539/527
f 1038/533/448 1005/493/448 1014/505/448
f 1031/524/347 1005/493/347 1038/533/347
f 1029/522/449 1040/535/449 1044/539/449
f 1027/520/422 1038/533/422 1040/535/422
f 1029/522/397 1027/520/397 1040/535/397
f 1031/524/398 1039/534/398 1026/519/398
f 1030/523/399 1039/534/399 1028/521/399
f 1028/521/399 1039/534/399 1027/520/399
f 1031/524/401 1027/520/401 1039/534/401
f 1032/526/402 1036/531/402 1029/522/402
f 1029/522/402 1036/531/402 1028/521/402
f 1042/538/451 1034/529/451 1041/536/451
f 1037/532/452 1035/530/452 1041/536/452
f 1022/514/453 1044/539/453 1014/505/453
f 1040/535/454 1014/505/454 1044/539/454
f 546/540/464 549/542/433 1045/541/503
f 1045/541/503 549/542/433 1046/543/433
f 1047/544/406 1049/546/406 1048/545/406
f 1045/541/457 1046/543/457 1050/547/457
f 522/516/430 1051/548/542 549/542/433
f 549/542/433 1051/548/542 1046/543/433
f 555/549/60 558/551/61 1052/550/60
f 1052/550/60 558/551/61 1053/552/543
f 1054/553/423 1045/541/423 1050/547/423
f 1055/554/346 1057/556/346 1056/555/346
f 1047/544/347 1051/548/347 1058/557/347
f 522/516/430 1025/517/541 1051/548/542
f 1042/538/440 1052/550/440 1049/546/440
f 1043/537/444 555/549/60 1042/538/426
f 1042/538/426 555/549/60 1052/550/60
f 1050/547/352 1046/543/352 1059/558/352
f 1056/555/353 1050/547/353 1048/545/353
f 1054/553/354 1050/547/354 1057/556/354
f 1058/557/460 1034/529/460 1060/559/460
f 1054/553/346 1057/556/346 1061/560/346
f 558/551/61 1063/561/519 1053/552/543
f 1053/552/543 1063/561/519 1062/562/426
f 1062/562/427 1061/560/427 1053/552/428
f 1053/552/428 1061/560/427 1055/554/427
f 1052/550/360 1053/552/361 1056/555/360
f 1056/555/360 1053/552/361 1055/554/361
f 1050/547/354 1056/555/354 1057/556/354
f 1042/538/461 1064/563/461 1034/529/461
f 1058/557/462 1025/517/462 1034/529/462
f 1051/548/347 1025/517/347 1058/557/347
f 1060/559/463 1034/529/463 1064/563/463
f 1047/544/422 1058/557/422 1060/559/422
f 1049/546/397 1047/544/397 1060/559/397
f 1051/548/398 1059/558/398 1046/543/398
f 1050/547/399 1059/558/399 1048/545/399
f 1048/545/399 1059/558/399 1047/544/399
f 1051/548/401 1047/544/401 1059/558/401
f 1052/550/402 1056/555/402 1049/546/402
f 1049/546/402 1056/555/402 1048/545/402
f 1062/562/429 1054/553/429 1061/560/429
f 1057/556/346 1055/554/346 1061/560/346
f 570/564/464 573/566/465 1065/565/503
f 1065/565/503 573/566/465 1066/567/475
f 1067/568/406 1069/570/406 1068/569/406
f 1065/565/434 1066/567/434 1070/571/434
f 546/540/464 1071/572/480 573/566/465
f 573/566/465 1071/572/480 1066/567/475
f 579/573/60 582/575/61 1072/574/60
f 1072/574/60 582/575/61 1073/576/467
f 1074/577/468 1065/565/468 1070/571/468
f 1075/578/346 1077/580/346 1076/579/346
f 1067/568/347 1071/572/347 1078/581/347
f 546/540/464 1045/541/503 1071/572/480
f 1062/562/440 1072/574/440 1069/570/440
f 1063/561/519 579/573/60 1062/562/426
f 1062/562/426 579/573/60 1072/574/60
f 1070/571/352 1066/567/352 1079/582/352
f 1076/579/353 1070/571/353 1068/569/353
f 1074/577/469 1070/571/469 1077/580/469
f 1078/581/442 1054/553/442 1080/583/442
f 1074/577/470 1077/580/470 1081/584/470
f 582/575/61 1083/585/544 1073/576/467
f 1073/576/467 1083/585/544 1082/586/426
f 1082/586/472 1081/584/472 1073/576/472
f 1073/576/472 1081/584/472 1075/578/472
f 1072/574/360 1073/576/361 1076/579/360
f 1076/579/360 1073/576/361 1075/578/361
f 1070/571/354 1076/579/354 1077/580/354
f 1062/562/527 1069/570/527 1084/587/527
f 1078/581/448 1045/541/448 1054/553/448
f 1071/572/347 1045/541/347 1078/581/347
f 1069/570/449 1080/583/449 1084/587/449
f 1067/568/422 1078/581/422 1080/583/422
f 1069/570/397 1067/568/397 1080/583/397
f 1071/572/398 1079/582/398 1066/567/398
f 1070/571/399 1079/582/399 1068/569/399
f 1068/569/399 1079/582/399 1067/568/400
f 1071/572/450 1067/568/450 1079/582/450
f 1072/574/402 1076/579/402 1069/570/402
f 1069/570/402 1076/579/402 1068/569/402
f 1082/586/473 1074/577/473 1081/584/473
f 1077/580/474 1075/578/474 1081/584/474
f 1062/562/453 1084/587/453 1054/553/453
f 1080/583/454 1054/553/454 1084/587/454
f 594/588/511 597/590/517 1085/589/433
f 1085/589/433 597/590/517 1086/591/475
f 1087/592/406 1089/594/406 1088/593/406
f 1085/589/457 1086/591/457 1090/595/457
f 570/564/464 1091/596/458 597/590/517
f 597/590/517 1091/596/458 1086/591/475
f 603/597/60 606/599/61 1092/598/60
f 1092/598/60 606/599/61 1093/600/459
f 1094/601/423 1085/589/423 1090/595/423
f 1095/602/346 1097/604/346 1096/603/346
f 1087/592/347 1091/596/347 1098/605/347
f 570/564/464 1065/565/503 1091/596/458
f 1082/586/440 1092/598/440 1089/594/440
f 1083/585/544 603/597/60 1082/586/426
f 1082/586/426 603/597/60 1092/598/60
f 1090/595/352 1086/591/352 1099/606/352
f 1096/603/353 1090/595/353 1088/593/353
f 1094/601/354 1090/595/354 1097/604/354
f 1098/605/415 1074/577/415 1100/607/415
f 1094/601/346 1097/604/346 1101/608/346
f 606/599/61 1103/609/519 1093/600/459
f 1093/600/459 1103/609/519 1102/610/426
f 1102/610/427 1101/608/428 1093/600/427
f 1093/600/427 1101/608/428 1095/602/427
f 1092/598/360 1093/600/361 1096/603/360
f 1096/603/360 1093/600/361 1095/602/361
f 1090/595/354 1096/603/354 1097/604/354
f 1082/586/476 1104/611/476 1074/577/476
f 1098/605/462 1065/565/462 1074/577/462
f 1091/596/347 1065/565/347 1098/605/347
f 1100/607/477 1074/577/477 1104/611/477
f 1087/592/422 1098/605/422 1100/607/422
f 1089/594/397 1087/592/397 1100/607/397
f 1091/596/398 1099/606/398 1086/591/398
f 1090/595/399 1099/606/399 1088/593/399
f 1088/593/399 1099/606/399 1087/592/400
f 1091/596/450 1087/592/450 1099/606/450
f 1092/598/402 1096/603/402 1089/594/402
f 1089/594/402 1096/603/402 1088/593/402
f 1102/610/429 1094/601/429 1101/608/429
f 1097/604/346 1095/602/346 1101/608/346
f 110/104/407 619/612/545 701/113/411
f 701/113/411 619/612/545 1105/613/546
f 1106/614/406 1108/616/406 1107/615/406
f 701/113/341 1105/613/341 1109/617/341
f 594/588/511 1110/618/436 619/612/545
f 619/612/545 1110/618/436 1105/613/546
f 625/619/60 628/621/60 1111/620/60
f 1111/620/60 628/621/60 1112/622/60
f 705/118/547 701/113/547 1109/617/547
f 1113/623/346 1115/625/346 1114/624/346
f 1106/614/347 1110/618/347 1116/626/347
f 594/588/511 1085/589/433 1110/618/436
f 1102/610/440 1111/620/440 1108/616/440
f 1103/609/519 625/619/60 1102/610/426
f 1102/610/426 625/619/60 1111/620/60
f 1109/617/352 1105/613/352 1117/627/352
f 1114/624/353 1109/617/353 1107/615/353
f 705/118/548 1109/617/548 1115/625/548
f 1116/626/523 1094/601/523 1118/628/523
f 705/118/549 1115/625/549 1119/629/549
f 628/621/60 121/115/156 1112/622/60
f 1112/622/60 121/115/156 702/114/413
f 1112/622/358 702/114/358 1113/623/358
f 1113/623/358 702/114/358 1119/629/482
f 1111/620/360 1112/622/361 1114/624/360
f 1114/624/360 1112/622/361 1113/623/361
f 1109/617/354 1114/624/354 1115/625/354
f 1102/610/447 1108/616/447 1120/630/447
f 1116/626/448 1085/589/448 1094/601/448
f 1110/618/347 1085/589/347 1116/626/347
f 1108/616/449 1118/628/449 1120/630/449
f 1106/614/422 1116/626/422 1118/628/422
f 1108/616/397 1106/614/397 1118/628/397
f 1110/618/398 1117/627/398 1105/613/398
f 1109/617/399 1117/627/399 1107/615/399
f 1107/615/399 1117/627/399 1106/614/400
f 1110/618/450 1106/614/450 1117/627/450
f 1111/620/402 1114/624/402 1108/616/402
f 1108/616/402 1114/624/402 1107/615/402
f 702/114/550 705/118/550 1119/629/550
f 1115/625/346 1113/623/346 1119/629/346
f 1102/610/453 1120/630/453 1094/601/453
f 1118/628/454 1094/601/454 1120/630/454
f 1089/594/483 1100/607/483 1104/611/483
f 1082/586/484 1089/594/484 1104/611/484
f 1049/546/485 1060/559/485 1064/563/485
f 1042/538/486 1049/546/486 1064/563/486
f 145/139/435 638/631/551 709/122/439
f 709/122/439 638/631/551 1121/632/551
f 709/122/552 1121/632/552 708/121/552
f 708/121/552 1121/632/552 1122/633/552
f 712/126/425 1123/634/553 131/125/306
f 131/125/306 1123/634/553 640/635/307
f 710/123/554 1125/636/554 715/129/554
f 715/129/554 1125/636/554 1124/637/554
f 1122/633/555 1125/636/555 708/121/555
f 708/121/555 1125/636/555 710/123/555
f 715/129/556 1124/637/556 712/126/556
f 712/126/556 1124/637/556 1123/634/556
f 817/257/557 828/271/500 831/275/502
f 811/249/495 817/257/558 831/275/496
f 855/306/559 866/319/508 869/323/510
f 849/298/505 855/306/560 869/323/506
f 970/450/561 981/463/532 985/467/534
f 964/442/529 970/450/447 985/467/530
f 1009/498/562 1020/511/538 1024/515/540
f 1003/490/535 1009/498/563 1024/515/536
f 669/73/564 682/90/393 688/96/395
f 680/87/388 669/73/565 688/96/389
o blade_damaged
v -33.414082 1.807005 1.786145
v -33.677380 7.205946 1.982744
v -42.129318 6.676878 1.982745
v -41.868580 1.319120 1.786145
v -33.955650 12.716960 0.903562
v -42.410149 12.229090 0.903562
v 42.239052 5.760999 2.265599
v 41.924431 11.938500 3.566900
v -32.456711 7.282362 3.566900
v -32.140869 0.824003 2.265600
v 41.686741 16.887079 2.265599
v -32.767059 13.438470 2.265599
v -35.037640 7.120802 3.566900
v -34.723888 0.695798 2.265600
v -35.350079 13.310250 2.265599
v -32.767059 13.438470 -0.000001
v -35.350079 13.310250 -0.000001
v 41.686741 16.887079 -0.000001
v 41.924431 11.938500 -0.000001
v 42.239052 5.760999 -0.000000
v -32.140869 0.824003 -0.000000
v -34.723888 0.695798 -0.000000
v -35.037640 7.120802 -0.000001
v -33.414082 1.807005 -0.000000
v -41.868580 1.319120 -0.000000
v -42.129318 6.676878 -0.000001
v -42.410149 12.229090 -0.000001
v -33.955650 12.716960 -0.000001
v -33.414082 1.807005 -1.786145
v -33.677380 7.205946 -1.982746
v -42.129318 6.676878 -1.982746
v -41.868580 1.319120 -1.786145
v -33.955650 12.716960 -0.903564
v -42.410149 12.229090 -0.903564
v 42.239052 5.760999 -2.265600
v 41.924431 11.938500 -3.566902
v -32.456711 7.282362 -3.566901
v -32.140869 0.824003 -2.265600
v 41.686741 16.887079 -2.265601
v -32.767059 13.438470 -2.265601
v -35.037640 7.120801 -3.566901
v -34.723888 0.695798 -2.265600
v -35.350079 13.310250 -2.265601
v -44.751492 5.371718 0.551441
v -42.241348 6.054352 0.962950
v -44.390549 7.925777 0.564098
v -43.272179 4.963381 0.546084
v -43.995670 4.596473 0.684918
v -43.073521 3.009932 -0.000000
v -43.154701 3.005082 0.535617
v -45.969292 2.822254 0.522487
v -45.882469 2.827444 0.011240
v -43.201302 3.781665 0.825207
v -56.795078 9.548374 -0.000001
v -54.893681 7.282403 0.564098
v -50.159691 7.586539 0.564098
v -49.646591 9.981120 -0.000001
v -47.919891 5.719208 0.876338
v -50.711720 4.871376 0.793494
v -48.874538 4.089236 0.729691
v -52.075420 5.451960 0.962950
v -46.707260 7.789551 0.564098
v -46.291962 10.191750 -0.000001
v -49.837662 2.591037 -0.000000
v -49.917961 2.586240 0.529873
v -52.988781 2.402690 0.535617
v -52.907589 2.407540 -0.000000
v -55.838100 4.059497 0.537695
v -53.035370 3.179273 0.825207
v -50.768242 3.715625 0.537617
v -53.106258 4.360989 0.546084
v -46.113548 6.848549 0.716530
v -48.868649 6.510197 1.149261
v -46.886391 5.112943 1.253259
v -54.385101 3.150701 0.684918
v -56.472408 2.178879 0.522487
v -56.385590 2.184068 0.011240
v -46.391769 3.728524 0.637733
v -66.629158 8.945982 -0.000001
v -64.727753 6.680010 0.564099
v -60.662811 6.943165 0.564098
v -60.149719 9.337746 -0.000001
v -58.423019 5.075831 0.876338
v -61.214840 4.228001 0.793494
v -59.377670 3.445861 0.729691
v -62.578548 4.808585 0.962950
v -57.210388 7.146175 0.564098
v -60.340790 1.947662 -0.000000
v -60.421089 1.942864 0.529873
v -63.491901 1.759314 0.535617
v -63.410721 1.764165 -0.000000
v -65.088692 4.125952 0.551441
v -63.538502 2.535897 0.825207
v -61.271358 3.072250 0.537617
v -63.609379 3.717614 0.546084
v -56.616680 6.205173 0.716531
v -59.371780 5.866820 1.149261
v -57.389511 4.469568 1.253259
v -64.332870 3.350705 0.684918
v -66.306488 1.576487 0.522487
v -66.215889 1.581909 -0.000000
v -57.073471 2.965316 0.625565
v -76.743813 8.326404 -0.000001
v -74.842400 6.060431 0.564099
v -70.496887 6.340773 0.564099
v -69.983788 8.735353 -0.000001
v -68.257103 4.473440 0.876338
v -71.048920 3.625609 0.793494
v -69.211739 2.843469 0.729691
v -72.412621 4.206193 0.962950
v -67.044472 6.543784 0.564099
v -70.174858 1.345270 -0.000000
v -70.255157 1.340472 0.529873
v -73.325981 1.156922 0.535617
v -73.244789 1.161773 -0.000000
v -75.786819 2.837526 0.537695
v -73.372566 1.933505 0.825207
v -71.105438 2.469858 0.537617
v -73.443459 3.115222 0.546084
v -66.450760 5.602781 0.716531
v -69.205849 5.264429 1.149262
v -67.223587 3.867176 1.253259
v -74.615517 1.770178 0.684918
v -76.421127 0.956908 0.522487
v -76.334312 0.962097 0.011240
v -66.728981 2.482757 0.637733
v -86.577881 7.724010 -0.000001
v -84.676468 5.458038 0.564099
v -80.611526 5.721193 0.564099
v -80.098442 8.115775 -0.000001
v -78.371742 3.853861 0.876338
v -81.163567 3.006030 0.793494
v -79.326393 2.223890 0.729691
v -82.527267 3.586614 0.962950
v -77.159111 5.924205 0.564099
v -80.289513 0.725691 -0.000000
v -80.369812 0.720893 0.529873
v -83.440628 0.537343 0.535617
v -83.359444 0.542194 -0.000000
v -85.037407 2.903981 0.551441
v -83.487221 1.313926 0.825207
v -81.220093 1.850279 0.537617
v -83.558113 2.495643 0.546084
v -76.565399 4.983203 0.716531
v -79.320503 4.644850 1.149262
v -77.338226 3.247597 1.253259
v -84.281601 2.128734 0.684918
v -86.255211 0.354516 0.522487
v -86.164612 0.359938 -0.000000
v -77.256821 1.793247 0.620027
v -95.813553 7.144153 -0.000001
v -94.512016 4.879685 0.564099
v -90.445610 5.118802 0.564099
v -89.932518 7.513383 -0.000001
v -88.205818 3.251469 0.876338
v -90.997643 2.403637 0.793494
v -89.160469 1.621498 0.729691
v -92.361351 2.984222 0.962950
v -86.993187 5.321813 0.564099
v -90.123589 0.123299 -0.000000
v -90.203888 0.118501 0.529873
v -93.274696 -0.065049 0.535617
v -93.193520 -0.060198 0.000000
v -94.871490 2.301589 0.551441
v -93.321297 0.711534 0.825207
v -91.054161 1.247887 0.537617
v -93.392181 1.893251 0.546084
v -86.399483 4.380811 0.716531
v -89.154579 4.042458 1.149262
v -87.172310 2.645205 1.253259
v -94.115669 1.526342 0.684918
v -94.744011 -0.152873 0.538364
v -94.662460 -0.147999 0.000000
v -86.677696 1.260786 0.637733
v -107.236099 6.458581 -0.000000
v -105.334702 4.192609 0.564099
v -101.269699 4.455764 0.564099
v -100.756599 6.850345 -0.000001
v -99.029938 2.588431 0.876338
v -101.821800 1.740600 0.793494
v -99.984581 0.958460 0.729691
v -103.185501 2.321184 0.962950
v -97.817307 4.658775 0.564099
v -100.947701 -0.539739 0.000000
v -101.028000 -0.544537 0.529873
v -104.098801 -0.728087 0.535617
v -104.017601 -0.723236 0.000000
v -105.695602 1.638551 0.551441
v -104.145401 0.048496 0.825207
v -101.878304 0.584849 0.537617
v -104.216301 1.230213 0.546084
v -97.223602 3.717773 0.716531
v -96.988731 -0.303099 0.000000
v -99.978691 3.379420 1.149262
v -97.996429 1.982167 1.253259
v -104.939796 0.863304 0.684918
v -106.913399 -0.910914 0.522487
v -106.822800 -0.905492 0.000000
v -97.095398 0.902757 0.652343
v -117.350700 5.839003 -0.000000
v -115.449303 3.573030 0.564099
v -111.103798 3.853372 0.564099
v -110.590698 6.247952 -0.000000
v -108.863998 1.986039 0.876338
v -111.655800 1.138207 0.793494
v -109.818703 0.356067 0.729691
v -113.019501 1.718792 0.962950
v -107.651398 4.056382 0.564099
v -110.781799 -1.142132 0.000000
v -110.862099 -1.146929 0.529873
v -113.932899 -1.330479 0.535617
v -113.851700 -1.325628 0.000000
v -116.393700 0.350125 0.537695
v -113.979500 -0.553896 0.825207
v -111.712402 -0.017544 0.537617
v -114.050400 0.627820 0.546084
v -107.057701 3.115381 0.716531
v -109.812798 2.777028 1.149262
v -107.830498 1.379775 1.253259
v -115.222397 -0.717223 0.684918
v -117.028099 -1.530493 0.522487
v -116.937500 -1.525071 0.000000
v -107.335899 -0.004644 0.637733
v -127.184799 5.236609 -0.000000
v -125.283401 2.970638 0.564099
v -121.218498 3.233793 0.564099
v -120.705399 5.628374 -0.000000
v -118.978699 1.366460 0.876338
v -121.770500 0.518629 0.793494
v -119.933296 -0.263511 0.729691
v -123.134201 1.099213 0.962950
v -117.765999 3.436804 0.564099
v -120.896400 -1.761710 0.000000
v -120.976700 -1.766508 0.529873
v -124.047501 -1.950058 0.535617
v -123.966400 -1.945207 0.000000
v -125.644302 0.416580 0.551441
v -124.094101 -1.173475 0.825207
v -121.827003 -0.637122 0.537617
v -124.165001 0.008242 0.546084
v -117.172302 2.495802 0.716531
v -119.927399 2.157449 1.149262
v -117.945198 0.760196 1.253259
v -124.888496 -0.358667 0.684918
v -126.862099 -2.132885 0.522487
v -126.771500 -2.127463 0.000000
v -117.624397 -0.604987 0.621765
v -137.687897 4.593235 -0.000000
v -135.786499 2.327263 0.564099
v -131.052505 2.631400 0.564099
v -130.539398 5.025982 -0.000000
v -128.812698 0.764068 0.876338
v -131.604599 -0.083764 0.793494
v -129.767395 -0.865904 0.729691
v -132.968307 0.496821 0.962950
v -127.600098 2.834411 0.564099
v -130.730499 -2.364103 0.000000
v -130.810806 -2.368900 0.529873
v -133.881607 -2.552450 0.535617
v -133.800400 -2.547599 0.000000
v -136.730896 -0.895643 0.537695
v -133.928207 -1.775867 0.825207
v -131.661102 -1.239515 0.537617
v -133.999100 -0.594151 0.546084
v -127.006401 1.893410 0.716531
v -129.761505 1.555057 1.149262
v -127.779198 0.157804 1.253259
v -135.277893 -1.804439 0.684918
v -137.365295 -2.776261 0.522487
v -137.274704 -2.770838 0.000000
v -127.284599 -1.226615 0.637733
v -138.103195 2.191036 0.564099
v -137.509506 1.250035 0.716531
v -138.282394 -0.485571 1.253259
v -137.966293 -1.989824 0.625565
v -40.847481 8.142810 0.564098
v -40.992889 10.516347 -0.000001
v -40.725220 6.147223 0.962950
v -40.542542 3.164969 -0.000000
v -40.542561 3.165090 0.535617
v -40.590118 3.941614 0.825207
v -40.662498 5.123240 0.546084
v -44.751492 5.371718 -0.551441
v -42.241348 6.054352 -0.962950
v -44.390549 7.925777 -0.564100
v -43.272179 4.963381 -0.546084
v -43.995670 4.596473 -0.684918
v -43.154701 3.005082 -0.535617
v -45.969292 2.822254 -0.522487
v -45.882469 2.827444 -0.011240
v -43.201302 3.781665 -0.825207
v -54.893681 7.282403 -0.564100
v -50.159691 7.586539 -0.564100
v -47.919891 5.719208 -0.876338
v -50.711720 4.871376 -0.793494
v -48.874538 4.089236 -0.729691
v -52.075420 5.451960 -0.962950
v -46.707260 7.789551 -0.564100
v -49.917961 2.586240 -0.529873
v -52.988781 2.402690 -0.535617
v -55.838100 4.059497 -0.537695
v -53.035370 3.179273 -0.825207
v -50.768242 3.715625 -0.537617
v -53.106258 4.360989 -0.546084
v -46.113548 6.848549 -0.716532
v -48.868649 6.510197 -1.149262
v -46.886391 5.112943 -1.253259
v -54.385101 3.150701 -0.684918
v -56.472408 2.178879 -0.522487
v -56.385590 2.184068 -0.011240
v -46.391769 3.728524 -0.637733
v -64.727753 6.680010 -0.564099
v -60.662811 6.943165 -0.564100
v -58.423019 5.075831 -0.876338
v -61.214840 4.228001 -0.793494
v -59.377670 3.445861 -0.729691
v -62.578548 4.808585 -0.962950
v -57.210388 7.146175 -0.564100
v -60.421089 1.942864 -0.529873
v -63.491901 1.759314 -0.535617
v -65.088692 4.125952 -0.551441
v -63.538502 2.535897 -0.825207
v -61.271358 3.072250 -0.537617
v -63.609379 3.717614 -0.546084
v -56.616680 6.205173 -0.716531
v -59.371780 5.866820 -1.149262
v -57.389511 4.469568 -1.253259
v -64.332870 3.350705 -0.684918
v -66.306488 1.576487 -0.522487
v -57.073471 2.965316 -0.625565
v -74.842400 6.060431 -0.564099
v -70.496887 6.340773 -0.564099
v -68.257103 4.473440 -0.876338
v -71.048920 3.625609 -0.793494
v -69.211739 2.843469 -0.729691
v -72.412621 4.206193 -0.962950
v -67.044472 6.543784 -0.564099
v -70.255157 1.340472 -0.529873
v -73.325981 1.156922 -0.535617
v -75.786819 2.837526 -0.537695
v -73.372566 1.933505 -0.825207
v -71.105438 2.469858 -0.537617
v -73.443459 3.115222 -0.546084
v -66.450760 5.602781 -0.716531
v -69.205849 5.264429 -1.149262
v -67.223587 3.867176 -1.253259
v -74.615517 1.770178 -0.684918
v -76.421127 0.956908 -0.522487
v -76.334312 0.962097 -0.011240
v -66.728981 2.482757 -0.637733
v -84.676468 5.458038 -0.564099
v -80.611526 5.721193 -0.564099
v -78.371742 3.853861 -0.876338
v -81.163567 3.006030 -0.793494
v -79.326393 2.223890 -0.729691
v -82.527267 3.586614 -0.962950
v -77.159111 5.924205 -0.564099
v -80.369812 0.720893 -0.529873
v -83.440628 0.537343 -0.535617
v -85.037407 2.903981 -0.551441
v -83.487221 1.313926 -0.825207
v -81.220093 1.850279 -0.537617
v -83.558113 2.495643 -0.546084
v -76.565399 4.983203 -0.716531
v -79.320503 4.644850 -1.149262
v -77.338226 3.247597 -1.253259
v -84.281601 2.128734 -0.684918
v -86.255211 0.354516 -0.522487
v -77.256821 1.793247 -0.620027
v -94.512016 4.879685 -0.564099
v -90.445610 5.118802 -0.564099
v -88.205818 3.251469 -0.876338
v -90.997643 2.403637 -0.793494
v -89.160469 1.621498 -0.729691
v -92.361351 2.984222 -0.962950
v -86.993187 5.321813 -0.564099
v -90.203888 0.118501 -0.529873
v -93.274696 -0.065049 -0.535617
v -94.871490 2.301589 -0.551441
v -93.321297 0.711534 -0.825207
v -91.054161 1.247887 -0.537617
v -93.392181 1.893251 -0.546084
v -86.399483 4.380811 -0.716531
v -89.154579 4.042458 -1.149262
v -87.172310 2.645205 -1.253259
v -94.115669 1.526342 -0.684918
v -94.744011 -0.152873 -0.538364
v -86.677696 1.260786 -0.637733
v -105.334702 4.192609 -0.564099
v -101.269699 4.455764 -0.564099
v -99.029938 2.588431 -0.876338
v -101.821800 1.740600 -0.793494
v -99.984581 0.958460 -0.729691
v -103.185501 2.321184 -0.962950
v -97.817307 4.658775 -0.564099
v -101.028000 -0.544537 -0.529873
v -104.098801 -0.728087 -0.535617
v -105.695602 1.638551 -0.551441
v -104.145401 0.048496 -0.825207
v -101.878304 0.584849 -0.537617
v -104.216301 1.230213 -0.546084
v -97.223602 3.717773 -0.716531
v -99.978691 3.379420 -1.149262
v -97.996429 1.982167 -1.253259
v -104.939796 0.863304 -0.684918
v -106.913399 -0.910914 -0.522487
v -97.095398 0.902757 -0.652343
v -115.449303 3.573030 -0.564099
v -111.103798 3.853372 -0.564099
v -108.863998 1.986039 -0.876338
v -111.655800 1.138207 -0.793494
v -109.818703 0.356067 -0.729691
v -113.019501 1.718792 -0.962950
v -107.651398 4.056382 -0.564099
v -110.862099 -1.146929 -0.529873
v -113.932899 -1.330479 -0.535617
v -116.393700 0.350125 -0.537695
v -113.979500 -0.553896 -0.825207
v -111.712402 -0.017544 -0.537617
v -114.050400 0.627820 -0.546084
v -107.057701 3.115381 -0.716531
v -109.812798 2.777028 -1.149262
v -107.830498 1.379775 -1.253259
v -115.222397 -0.717223 -0.684918
v -117.028099 -1.530493 -0.522487
v -107.335899 -0.004644 -0.637733
v -125.283401 2.970638 -0.564099
v -121.218498 3.233793 -0.564099
v -118.978699 1.366460 -0.876338
v -121.770500 0.518629 -0.793494
v -119.933296 -0.263511 -0.729691
v -123.134201 1.099213 -0.962950
v -117.765999 3.436804 -0.564099
v -120.976700 -1.766508 -0.529873
v -124.047501 -1.950058 -0.535617
v -125.644302 0.416580 -0.551441
v -124.094101 -1.173475 -0.825207
v -121.827003 -0.637122 -0.537617
v -124.165001 0.008242 -0.546084
v -117.172302 2.495802 -0.716531
v -119.927399 2.157449 -1.149262
v -117.945198 0.760196 -1.253259
v -124.888496 -0.358667 -0.684918
v -126.862099 -2.132885 -0.522487
v -117.624397 -0.604987 -0.621765
v -135.786499 2.327263 -0.564099
v -131.052505 2.631400 -0.564099
v -128.812698 0.764068 -0.876338
v -131.604599 -0.083764 -0.793494
v -129.767395 -0.865904 -0.729691
v -132.968307 0.496821 -0.962950
v -127.600098 2.834411 -0.564099
v -130.810806 -2.368900 -0.529873
v -133.881607 -2.552450 -0.535617
v -136.730896 -0.895643 -0.537695
v -133.928207 -1.775867 -0.825207
v -131.661102 -1.239515 -0.537617
v -133.999100 -0.594151 -0.546084
v -127.006401 1.893410 -0.716531
v -129.761505 1.555057 -1.149262
v -127.779198 0.157804 -1.253259
v -135.277893 -1.804439 -0.684918
v -137.365295 -2.776261 -0.522487
v -127.284599 -1.226615 -0.637733
v -138.103195 2.191036 -0.564099
v -137.509506 1.250035 -0.716531
v -138.282394 -0.485571 -1.253259
v -137.966293 -1.989824 -0.625565
v -40.847481 8.142810 -0.564100
v -40.725220 6.147223 -0.962950
v -40.542561 3.165090 -0.535617
v -40.590118 3.941614 -0.825207
v -40.662498 5.123240 -0.546084
v -137.966293 -1.989824 0.002102
v -138.282394 -0.485571 0.002855
v -137.509506 1.250035 0.000030
v -138.103180 2.191036 0.001786
vn 0.0023 -0.0363 0.9993
vn 0.0022 -0.0365 0.9993
vn 0.0022 -0.0364 0.9993
vn 0.0021 -0.0366 0.9993
vn -0.0060 0.1031 0.9946
vn -0.0071 0.1027 0.9947
vn -0.0034 0.0566 0.9984
vn -0.0007 0.0099 1.0000
vn -0.0040 0.0867 0.9962
vn 0.0004 0.0032 1.0000
vn 0.0130 -0.2012 0.9795
vn 0.0117 -0.1973 0.9803
vn -0.0118 0.2538 0.9672
vn -0.0116 0.2221 0.9749
vn 0.0028 -0.0644 0.9979
vn 0.0098 -0.1980 0.9801
vn -0.0115 0.2057 0.9785
vn -0.0479 0.9989 -0.0000
vn -0.0496 0.9988 -0.0000
vn -0.0463 0.9989 -0.0000
vn 0.9988 0.0480 -0.0000
vn 0.9988 0.0494 -0.0000
vn 0.9988 0.0498 -0.0000
vn 0.9987 0.0509 -0.0000
vn 0.0662 -0.9978 -0.0000
vn 0.0579 -0.9983 -0.0000
vn 0.0496 -0.9988 -0.0000
vn -0.9988 -0.0488 -0.0000
vn -0.9988 -0.0496 -0.0000
vn -0.9988 -0.0499 -0.0000
vn -0.9987 -0.0504 -0.0000
vn 0.0576 -0.9983 -0.0000
vn -0.9988 -0.0494 0.0017
vn -0.9988 -0.0486 -0.0000
vn -0.9987 -0.0505 -0.0000
vn -0.9988 -0.0498 -0.0005
vn -0.0576 0.9983 -0.0000
vn 0.0021 -0.0366 -0.9993
vn 0.0023 -0.0363 -0.9993
vn -0.0007 0.0099 -1.0000
vn -0.0062 0.1027 -0.9947
vn -0.0034 0.0565 -0.9984
vn -0.0066 0.1031 -0.9946
vn 0.0117 -0.1973 -0.9803
vn 0.0004 0.0032 -1.0000
vn 0.0130 -0.2012 -0.9795
vn -0.0040 0.0867 -0.9962
vn -0.0116 0.2221 -0.9749
vn -0.0118 0.2538 -0.9672
vn 0.0098 -0.1980 -0.9801
vn 0.0032 -0.0644 -0.9979
vn -0.0115 0.2057 -0.9785
vn -0.9988 -0.0494 -0.0017
vn -0.9988 -0.0498 0.0005
vn -0.1667 0.0187 0.9858
vn -0.0770 -0.2915 0.9535
vn 0.0679 0.2332 0.9701
vn 0.0634 -0.9980 -0.0013
vn 0.0649 -0.9979 0.0009
vn 0.0650 -0.9979 0.0008
vn 0.0595 -0.9982 -0.0001
vn -0.0643 -0.1269 0.9898
vn -0.0643 -0.1268 0.9898
vn -0.1252 0.0486 0.9909
vn -0.0140 0.2313 0.9728
vn -0.0142 0.2313 0.9728
vn -0.0142 0.2317 0.9727
vn -0.0142 0.2314 0.9728
vn -0.0028 -0.0880 0.9961
vn -0.0125 0.1945 0.9808
vn -0.0139 0.2316 0.9727
vn -0.0137 0.2311 0.9728
vn 0.0597 -0.9982 -0.0000
vn 0.0595 -0.9982 -0.0000
vn 0.0642 -0.9979 0.0008
vn -0.1224 0.0277 0.9921
vn -0.0091 0.1543 0.9880
vn -0.0139 0.2305 0.9730
vn 0.0101 -0.1387 0.9903
vn -0.1591 0.3174 0.9348
vn 0.0287 -0.2174 0.9757
vn 0.0402 -0.3895 0.9201
vn 0.2903 0.1624 0.9431
vn -0.0176 0.1323 0.9910
vn 0.0643 -0.9979 0.0007
vn -0.0189 -0.2296 0.9731
vn -0.0189 -0.2295 0.9731
vn 0.0707 -0.1211 0.9901
vn 0.0708 -0.1212 0.9901
vn 0.0198 -0.1170 0.9929
vn 0.0999 -0.0191 0.9948
vn -0.0264 -0.4140 0.9099
vn -0.1349 0.3471 0.9281
vn -0.2956 0.0875 0.9513
vn -0.0266 0.4526 0.8913
vn 0.0363 -0.2508 0.9674
vn 0.0363 -0.2508 0.9673
vn 0.2676 -0.0114 0.9635
vn -0.0727 -0.1392 0.9876
vn -0.0875 0.0215 0.9959
vn -0.1054 0.2226 0.9692
vn 0.1215 -0.0693 0.9902
vn 0.3303 -0.2824 0.9006
vn -0.0141 0.2308 0.9729
vn -0.0143 0.2314 0.9728
vn -0.0142 0.2312 0.9728
vn -0.0126 0.1946 0.9808
vn -0.0139 0.2311 0.9728
vn 0.0597 -0.9982 -0.0010
vn 0.0650 -0.9979 0.0009
vn 0.4354 0.0833 0.8964
vn 0.0644 -0.9979 -0.0018
vn 0.1108 -0.0454 0.9928
vn 0.1137 -0.0415 0.9926
vn 0.3319 -0.3030 0.8933
vn -0.0140 0.2312 0.9728
vn -0.0140 0.2309 0.9729
vn 0.0646 -0.9979 0.0009
vn -0.1379 0.0323 0.9899
vn 0.0432 -0.3919 0.9190
vn -0.0175 0.1177 0.9929
vn 0.0647 -0.9979 0.0007
vn 0.0596 -0.9982 -0.0001
vn -0.0123 -0.2609 0.9653
vn -0.1012 0.0261 0.9945
vn -0.1379 0.2198 0.9657
vn -0.0140 0.2311 0.9728
vn -0.0139 0.2315 0.9727
vn 0.0809 -0.0353 0.9961
vn 0.3086 -0.3652 0.8783
vn -0.0141 0.2322 0.9726
vn -0.0144 0.2327 0.9724
vn -0.0145 0.2328 0.9724
vn -0.0145 0.2324 0.9725
vn -0.0114 0.1935 0.9810
vn -0.1666 0.0184 0.9858
vn 0.0593 -0.9982 -0.0051
vn 0.0607 -0.9981 0.0084
vn -0.1076 -0.1491 0.9830
vn -0.1076 -0.1490 0.9830
vn -0.1888 -0.0150 0.9819
vn -0.0348 -0.4006 0.9156
vn 0.0361 -0.0801 0.9961
vn -0.0402 -0.3920 0.9191
vn 0.0211 -0.1141 0.9932
vn -0.0141 0.2312 0.9728
vn -0.0140 0.2314 0.9728
vn -0.0140 0.2315 0.9727
vn -0.0151 0.2331 0.9723
vn 0.0615 -0.9981 -0.0078
vn 0.0616 -0.9981 0.0072
vn -0.0097 0.1539 0.9880
vn -0.0097 0.1540 0.9880
vn 0.0072 -0.1367 0.9906
vn 0.0622 -0.9980 -0.0098
vn 0.1937 0.2101 0.9583
vn 0.0452 -0.0072 0.9990
vn 0.0471 -0.0029 0.9989
vn 0.0345 -0.0310 0.9989
vn 0.0619 -0.0135 0.9980
vn -0.0103 0.1536 0.9881
vn 0.1055 -0.4150 0.9037
vn 0.1643 -0.3715 0.9138
vn 0.2385 -0.3128 0.9194
vn 0.0641 -0.9979 -0.0017
vn 0.0650 -0.9979 0.0010
vn 0.0725 -0.0600 0.9956
vn 0.1004 -0.0419 0.9941
vn 0.0598 -0.0683 0.9959
vn 0.0913 -0.4003 0.9118
vn 0.1237 -0.3925 0.9114
vn 0.3203 -0.3347 0.8862
vn 0.2676 -0.0115 0.9635
vn -0.0140 0.2308 0.9729
vn 0.0597 -0.9982 -0.0009
vn 0.0641 -0.9979 -0.0006
vn 0.0641 -0.9979 0.0008
vn 0.0999 -0.0190 0.9948
vn -0.1055 0.2226 0.9692
vn -0.0136 0.2308 0.9729
vn -0.0141 0.2304 0.9730
vn -0.0120 0.1953 0.9807
vn 0.0611 -0.9981 0.0002
vn 0.0610 -0.9981 -0.0003
vn 0.0611 -0.9981 -0.0000
vn -0.0140 0.2291 0.9733
vn 0.0230 -0.3757 0.9264
vn 0.0213 -0.3482 0.9372
vn 0.0143 -0.4772 0.8787
vn 0.0258 -0.0504 0.9984
vn -0.0203 -0.4237 0.9056
vn 0.0340 -0.0849 0.9958
vn -0.1667 0.0187 -0.9858
vn -0.0770 -0.2915 -0.9535
vn 0.0679 0.2332 -0.9701
vn 0.0650 -0.9979 -0.0008
vn 0.0648 -0.9979 -0.0009
vn 0.0595 -0.9982 0.0001
vn -0.0643 -0.1268 -0.9898
vn -0.0643 -0.1269 -0.9898
vn -0.1252 0.0486 -0.9909
vn -0.0140 0.2313 -0.9728
vn -0.0142 0.2317 -0.9727
vn -0.0140 0.2308 -0.9729
vn -0.0142 0.2313 -0.9728
vn -0.0028 -0.0880 -0.9961
vn -0.0125 0.1945 -0.9808
vn -0.0137 0.2311 -0.9728
vn -0.0139 0.2316 -0.9727
vn 0.0642 -0.9979 -0.0008
vn -0.1224 0.0277 -0.9921
vn -0.0091 0.1543 -0.9880
vn -0.0139 0.2305 -0.9730
vn 0.0101 -0.1387 -0.9903
vn -0.1591 0.3174 -0.9348
vn 0.0287 -0.2174 -0.9757
vn 0.0402 -0.3895 -0.9201
vn 0.2903 0.1624 -0.9431
vn -0.0176 0.1323 -0.9910
vn 0.0643 -0.9979 -0.0007
vn -0.0189 -0.2295 -0.9731
vn -0.0189 -0.2296 -0.9731
vn 0.0707 -0.1211 -0.9901
vn 0.0708 -0.1212 -0.9901
vn 0.0198 -0.1170 -0.9929
vn 0.0999 -0.0191 -0.9948
vn -0.0264 -0.4140 -0.9099
vn -0.1349 0.3471 -0.9281
vn -0.2956 0.0875 -0.9513
vn -0.0266 0.4526 -0.8913
vn 0.0363 -0.2508 -0.9674
vn 0.2676 -0.0114 -0.9635
vn -0.0727 -0.1392 -0.9876
vn -0.0875 0.0215 -0.9959
vn -0.1054 0.2226 -0.9692
vn 0.1215 -0.0693 -0.9902
vn 0.3303 -0.2824 -0.9006
vn -0.0140 0.2311 -0.9728
vn -0.0143 0.2314 -0.9728
vn -0.0126 0.1946 -0.9808
vn -0.0139 0.2311 -0.9728
vn 0.0650 -0.9979 -0.0009
vn 0.4354 0.0833 -0.8964
vn 0.1108 -0.0454 -0.9928
vn 0.1137 -0.0415 -0.9926
vn 0.3319 -0.3030 -0.8933
vn 0.0363 -0.2508 -0.9673
vn -0.0140 0.2312 -0.9728
vn -0.0142 0.2316 -0.9727
vn -0.0140 0.2309 -0.9729
vn 0.0646 -0.9979 -0.0009
vn -0.1379 0.0323 -0.9899
vn 0.0432 -0.3919 -0.9190
vn -0.0175 0.1177 -0.9929
vn 0.0647 -0.9979 -0.0007
vn -0.0123 -0.2609 -0.9653
vn -0.1012 0.0261 -0.9945
vn -0.1379 0.2198 -0.9657
vn -0.0142 0.2314 -0.9728
vn 0.0809 -0.0353 -0.9961
vn 0.3086 -0.3652 -0.8783
vn -0.0141 0.2322 -0.9726
vn -0.0145 0.2327 -0.9724
vn -0.0145 0.2329 -0.9724
vn -0.0146 0.2325 -0.9725
vn -0.0114 0.1935 -0.9810
vn -0.0139 0.2315 -0.9727
vn -0.1666 0.0184 -0.9858
vn 0.0612 -0.9981 -0.0088
vn -0.1076 -0.1491 -0.9830
vn -0.1076 -0.1490 -0.9830
vn -0.1888 -0.0150 -0.9819
vn -0.0348 -0.4006 -0.9156
vn 0.0361 -0.0801 -0.9961
vn -0.0402 -0.3920 -0.9191
vn 0.0211 -0.1141 -0.9932
vn -0.0140 0.2314 -0.9728
vn -0.0140 0.2315 -0.9727
vn -0.0151 0.2330 -0.9724
vn 0.0603 -0.9982 -0.0059
vn -0.0097 0.1540 -0.9880
vn -0.0097 0.1539 -0.9880
vn 0.0072 -0.1367 -0.9906
vn 0.1937 0.2101 -0.9583
vn 0.0452 -0.0072 -0.9990
vn 0.0345 -0.0310 -0.9989
vn 0.0471 -0.0029 -0.9989
vn 0.0619 -0.0135 -0.9980
vn -0.0103 0.1536 -0.9881
vn 0.1055 -0.4150 -0.9037
vn 0.2385 -0.3128 -0.9194
vn 0.1643 -0.3715 -0.9138
vn -0.0141 0.2312 -0.9728
vn -0.0142 0.2312 -0.9728
vn 0.0725 -0.0600 -0.9956
vn 0.0598 -0.0683 -0.9959
vn 0.1004 -0.0419 -0.9941
vn 0.0913 -0.4003 -0.9118
vn 0.3203 -0.3347 -0.8862
vn 0.1237 -0.3925 -0.9114
vn 0.2676 -0.0115 -0.9635
vn -0.0142 0.2315 -0.9727
vn 0.0641 -0.9979 -0.0008
vn 0.0999 -0.0190 -0.9948
vn -0.1055 0.2226 -0.9692
vn -0.0136 0.2308 -0.9729
vn -0.0141 0.2304 -0.9730
vn -0.0120 0.1953 -0.9807
vn 0.0611 -0.9981 -0.0002
vn -0.0140 0.2291 -0.9733
vn 0.0230 -0.3757 -0.9264
vn 0.0213 -0.3482 -0.9372
vn 0.0143 -0.4772 -0.8787
vn 0.0258 -0.0504 -0.9984
vn -0.0203 -0.4237 -0.9056
vn 0.0340 -0.0849 -0.9958
vn -0.9849 0.1729 -0.0000
vn -0.9966 0.0826 -0.0000
vn -0.9939 -0.1099 -0.0000
vn -0.9986 -0.0533 -0.0000
vn -0.9854 0.1704 -0.0000
vn -0.9881 0.1538 -0.0000
vn -0.9896 0.1440 -0.0000
vn -0.9269 -0.3754 -0.0000
vn -0.9492 -0.3147 -0.0000
vn -0.7487 -0.6629 0.0002
vn -0.7627 -0.6408 0.0869
vn -0.7628 -0.6407 -0.0873
vn -0.9492 -0.3146 -0.0000
vn -0.9850 0.1723 -0.0000
vn -0.9939 -0.1104 -0.0000
vt 0.275648 0.489446
vt 0.168801 0.489446
vt 0.275648 0.421608
vt 0.168801 0.421608
vt 0.275648 0.560280
vt 0.168801 0.560280
vt 0.186201 0.344448
vt 0.186201 0.043981
vt 0.212126 0.344448
vt 0.212126 0.043981
vt 0.162765 0.344448
vt 0.162765 0.043981
vt 0.186201 0.033556
vt 0.212126 0.033556
vt 0.162765 0.033556
vt 0.243278 0.046979
vt 0.234110 0.046979
vt 0.243278 0.036514
vt 0.234110 0.036514
vt 0.243278 0.348587
vt 0.234110 0.348587
vt 0.162765 0.356205
vt 0.186201 0.356205
vt 0.212126 0.356205
vt 0.243278 0.047463
vt 0.234126 0.047463
vt 0.234126 0.348587
vt 0.243278 0.037016
vt 0.234126 0.037016
vt 0.212126 0.021799
vt 0.186201 0.021799
vt 0.162765 0.021799
vt 0.275648 0.399073
vt 0.158304 0.410340
vt 0.147808 0.489446
vt 0.158304 0.565980
vt 0.275648 0.571680
vt 0.110024 0.722854
vt 0.108114 0.729940
vt 0.102701 0.724025
vt 0.111436 0.726857
vt 0.112475 0.724785
vt 0.120279 0.726769
vt 0.117517 0.726676
vt 0.119838 0.719119
vt 0.117200 0.718972
vt 0.114926 0.726810
vt 0.095457 0.690131
vt 0.102611 0.694950
vt 0.095205 0.709781
vt 0.102156 0.707978
vt 0.108446 0.713807
vt 0.110521 0.706145
vt 0.113036 0.711069
vt 0.108214 0.702612
vt 0.102608 0.717574
vt 0.095555 0.719154
vt 0.119827 0.708189
vt 0.117103 0.707950
vt 0.120145 0.699678
vt 0.117408 0.699497
vt 0.111670 0.692098
vt 0.114884 0.699423
vt 0.113933 0.705720
vt 0.111540 0.699522
vt 0.105464 0.719097
vt 0.106238 0.711214
vt 0.110239 0.716577
vt 0.114648 0.695796
vt 0.119599 0.690003
vt 0.116953 0.689850
vt 0.114623 0.717966
vt 0.095190 0.662857
vt 0.102365 0.667662
vt 0.095020 0.680742
vt 0.101946 0.678886
vt 0.108269 0.684643
vt 0.110294 0.677017
vt 0.112822 0.681903
vt 0.107988 0.673542
vt 0.102492 0.688495
vt 0.119583 0.679004
vt 0.116861 0.678773
vt 0.119790 0.670520
vt 0.117048 0.670318
vt 0.109635 0.666388
vt 0.114506 0.670217
vt 0.113676 0.676549
vt 0.111114 0.670351
vt 0.105372 0.689999
vt 0.106044 0.682088
vt 0.110101 0.687334
vt 0.112091 0.668266
vt 0.119547 0.662742
vt 0.116851 0.662548
vt 0.114679 0.688309
vt 0.094938 0.634862
vt 0.102124 0.639632
vt 0.094801 0.653461
vt 0.101742 0.651600
vt 0.108061 0.657390
vt 0.110115 0.649734
vt 0.112652 0.654644
vt 0.107796 0.646214
vt 0.102229 0.661197
vt 0.119440 0.651763
vt 0.116713 0.651523
vt 0.119704 0.643235
vt 0.116966 0.643066
vt 0.111207 0.636723
vt 0.114442 0.643005
vt 0.113527 0.649299
vt 0.111097 0.643100
vt 0.105087 0.662690
vt 0.105841 0.654812
vt 0.109864 0.660146
vt 0.114593 0.639618
vt 0.119149 0.634607
vt 0.116502 0.634470
vt 0.114261 0.661535
vt 0.094538 0.607569
vt 0.101741 0.612356
vt 0.094457 0.625472
vt 0.101378 0.623580
vt 0.107730 0.629300
vt 0.109726 0.621679
vt 0.112283 0.626563
vt 0.107399 0.618214
vt 0.101971 0.633183
vt 0.119030 0.623611
vt 0.116305 0.623400
vt 0.119189 0.615129
vt 0.116447 0.614944
vt 0.109012 0.611055
vt 0.113904 0.614857
vt 0.113107 0.621196
vt 0.110511 0.615009
vt 0.104863 0.634671
vt 0.105493 0.626760
vt 0.109564 0.631970
vt 0.111478 0.612921
vt 0.118910 0.607354
vt 0.116213 0.607179
vt 0.114048 0.632310
vt 0.094407 0.581862
vt 0.101471 0.585069
vt 0.094124 0.598144
vt 0.101068 0.596289
vt 0.107399 0.602072
vt 0.109434 0.594423
vt 0.111977 0.599307
vt 0.107129 0.590940
vt 0.101578 0.605892
vt 0.118738 0.596380
vt 0.116010 0.596160
vt 0.118887 0.587929
vt 0.116151 0.587734
vt 0.108776 0.583713
vt 0.113635 0.587642
vt 0.112815 0.593956
vt 0.110249 0.587747
vt 0.104445 0.607377
vt 0.105172 0.599504
vt 0.109213 0.604818
vt 0.111252 0.585681
vt 0.118735 0.583847
vt 0.115943 0.583670
vt 0.113618 0.606181
vt 0.094708 0.550019
vt 0.101755 0.555028
vt 0.094068 0.567968
vt 0.101052 0.566258
vt 0.107271 0.572190
vt 0.109478 0.564573
vt 0.111952 0.569510
vt 0.107239 0.561049
vt 0.101339 0.575845
vt 0.118728 0.566654
vt 0.116009 0.566396
vt 0.119103 0.558266
vt 0.116368 0.558006
vt 0.109054 0.553924
vt 0.113830 0.557853
vt 0.112866 0.564153
vt 0.110437 0.557919
vt 0.104145 0.577390
vt 0.118722 0.577461
vt 0.105098 0.569564
vt 0.108980 0.575020
vt 0.111463 0.555856
vt 0.119054 0.550521
vt 0.116364 0.550260
vt 0.112685 0.577443
vt 0.095216 0.522008
vt 0.102266 0.526976
vt 0.094571 0.540605
vt 0.101557 0.538933
vt 0.107717 0.544890
vt 0.109976 0.537290
vt 0.112378 0.542264
vt 0.107754 0.533711
vt 0.101788 0.548548
vt 0.119241 0.539564
vt 0.116522 0.539253
vt 0.119738 0.531053
vt 0.117005 0.530810
vt 0.111422 0.524314
vt 0.114485 0.530681
vt 0.113398 0.536946
vt 0.111138 0.530686
vt 0.104605 0.550115
vt 0.105568 0.542255
vt 0.109445 0.547691
vt 0.114728 0.527301
vt 0.119476 0.522430
vt 0.116776 0.522210
vt 0.113803 0.549186
vt 0.095591 0.494728
vt 0.102654 0.499699
vt 0.095002 0.512606
vt 0.101971 0.510908
vt 0.108158 0.516806
vt 0.110368 0.509238
vt 0.112788 0.514191
vt 0.108141 0.505710
vt 0.102292 0.520526
vt 0.119612 0.511432
vt 0.116894 0.511143
vt 0.120008 0.502959
vt 0.117273 0.502695
vt 0.109953 0.498595
vt 0.114734 0.502536
vt 0.113760 0.508850
vt 0.111340 0.502591
vt 0.105141 0.522093
vt 0.105995 0.514202
vt 0.109915 0.519535
vt 0.112364 0.500530
vt 0.119947 0.495180
vt 0.117255 0.494923
vt 0.114170 0.520662
vt 0.096059 0.465666
vt 0.103119 0.470615
vt 0.095418 0.485323
vt 0.102406 0.483629
vt 0.108589 0.489562
vt 0.110820 0.481954
vt 0.113242 0.486924
vt 0.108579 0.478378
vt 0.102669 0.493233
vt 0.120098 0.484203
vt 0.117376 0.483900
vt 0.120573 0.475687
vt 0.117839 0.475450
vt 0.112238 0.467936
vt 0.115315 0.475324
vt 0.114245 0.481601
vt 0.111967 0.475356
vt 0.105492 0.494792
vt 0.106430 0.486934
vt 0.110327 0.492360
vt 0.115148 0.471693
vt 0.120266 0.466007
vt 0.117565 0.465792
vt 0.114690 0.493850
vt 0.103125 0.464160
vt 0.105977 0.465718
vt 0.110759 0.463144
vt 0.115319 0.464207
vt 0.095268 0.733571
vt 0.102292 0.733844
vt 0.108184 0.734044
vt 0.117793 0.733791
vt 0.120543 0.733689
vt 0.111676 0.733971
vt 0.115203 0.733884
s 1
usemtl initialShadingGroup
f 1127/638/566 1128/639/567 1126/640/568
f 1126/640/568 1128/639/567 1129/641/569
f 1130/642/570 1131/643/571 1127/638/572
f 1127/638/572 1131/643/571 1128/639/573
f 1133/644/574 1134/645/575 1132/646/576
f 1132/646/576 1134/645/575 1135/647/577
f 1136/648/578 1137/649/579 1133/644/574
f 1133/644/574 1137/649/579 1134/645/575
f 1134/645/575 1138/650/580 1135/647/577
f 1135/647/577 1138/650/580 1139/651/581
f 1137/649/579 1140/652/582 1134/645/575
f 1134/645/575 1140/652/582 1138/650/580
f 1137/653/583 1141/654/583 1140/655/584
f 1140/655/584 1141/654/583 1142/656/584
f 1137/653/583 1136/657/585 1141/654/583
f 1141/654/583 1136/657/585 1143/658/585
f 1143/659/586 1136/648/586 1144/660/587
f 1144/660/587 1136/648/586 1133/644/588
f 1145/661/589 1144/660/587 1132/646/589
f 1132/646/589 1144/660/587 1133/644/588
f 1146/662/590 1145/657/590 1135/663/591
f 1135/663/591 1145/657/590 1132/664/590
f 1147/665/592 1146/662/592 1139/666/592
f 1139/666/592 1146/662/592 1135/663/591
f 1147/667/593 1139/651/593 1148/668/594
f 1148/668/594 1139/651/593 1138/650/595
f 1138/650/595 1140/652/596 1148/668/594
f 1148/668/594 1140/652/596 1142/669/596
f 1149/670/597 1126/640/597 1150/671/597
f 1150/671/597 1126/640/597 1129/641/597
f 1128/639/598 1151/672/594 1129/641/599
f 1129/641/599 1151/672/594 1150/671/599
f 1152/673/600 1151/672/594 1131/643/601
f 1131/643/601 1151/672/594 1128/639/598
f 1130/642/602 1153/674/602 1131/643/602
f 1131/643/602 1153/674/602 1152/673/602
f 1157/641/603 1156/639/603 1154/640/604
f 1154/640/604 1156/639/604 1155/638/604
f 1156/639/605 1159/643/606 1155/638/607
f 1155/638/607 1159/643/606 1158/642/608
f 1163/647/609 1162/645/610 1160/646/611
f 1160/646/611 1162/645/610 1161/644/612
f 1162/645/610 1165/649/613 1161/644/612
f 1161/644/612 1165/649/613 1164/648/614
f 1167/651/615 1166/650/616 1163/647/609
f 1163/647/609 1166/650/616 1162/645/610
f 1166/650/616 1168/652/617 1162/645/610
f 1162/645/610 1168/652/617 1165/649/613
f 1165/653/583 1168/655/584 1141/654/583
f 1141/654/583 1168/655/584 1142/656/584
f 1165/653/583 1141/654/583 1164/657/585
f 1164/657/585 1141/654/583 1143/658/585
f 1161/644/588 1164/648/586 1144/660/587
f 1144/660/587 1164/648/586 1143/659/586
f 1145/661/589 1160/646/589 1144/660/587
f 1144/660/587 1160/646/589 1161/644/588
f 1146/662/590 1163/663/591 1145/657/590
f 1145/657/590 1163/663/591 1160/664/590
f 1147/665/592 1167/666/592 1146/662/592
f 1146/662/592 1167/666/592 1163/663/591
f 1166/650/595 1167/651/593 1148/668/594
f 1148/668/594 1167/651/593 1147/667/593
f 1166/650/595 1148/668/594 1168/652/596
f 1168/652/596 1148/668/594 1142/669/596
f 1149/670/597 1150/671/597 1154/640/597
f 1154/640/597 1150/671/597 1157/641/597
f 1156/639/618 1157/641/599 1151/672/594
f 1151/672/594 1157/641/599 1150/671/599
f 1156/639/618 1151/672/594 1159/643/619
f 1159/643/619 1151/672/594 1152/673/600
f 1158/642/602 1159/643/602 1153/674/602
f 1153/674/602 1159/643/602 1152/673/602
f 1169/675/620 1170/676/620 1171/677/620
f 1169/675/621 1172/678/621 1170/676/621
f 1169/675/622 1173/679/622 1172/678/622
f 1174/680/623 1175/681/624 1177/682/625
f 1177/682/625 1175/681/624 1176/683/626
f 1178/684/627 1173/679/628 1175/681/628
f 1175/681/628 1173/679/628 1176/683/628
f 1176/683/629 1173/679/629 1169/675/629
f 1172/678/622 1173/679/622 1178/684/622
f 1179/685/630 1180/686/631 1182/687/632
f 1182/687/632 1180/686/631 1181/688/633
f 1183/689/634 1184/690/634 1185/691/634
f 1180/686/635 1186/692/635 1181/688/635
f 1181/688/633 1187/693/636 1182/687/632
f 1182/687/632 1187/693/636 1188/694/637
f 1189/695/638 1190/696/638 1192/697/639
f 1192/697/639 1190/696/638 1191/698/640
f 1193/699/641 1186/692/641 1180/686/641
f 1194/700/622 1195/701/622 1196/702/622
f 1183/689/642 1197/703/642 1187/693/642
f 1188/694/637 1187/693/636 1171/677/643
f 1176/683/644 1185/691/644 1190/696/644
f 1177/682/625 1176/683/626 1189/695/638
f 1189/695/638 1176/683/626 1190/696/638
f 1186/692/645 1198/704/645 1181/688/645
f 1195/701/646 1184/690/646 1186/692/646
f 1193/699/647 1196/702/647 1186/692/647
f 1197/703/648 1199/705/648 1169/675/648
f 1193/699/649 1200/706/649 1196/702/649
f 1192/697/639 1191/698/640 1202/707/650
f 1202/707/650 1191/698/640 1201/708/626
f 1194/700/651 1200/706/652 1191/698/651
f 1191/698/651 1200/706/652 1201/708/652
f 1190/696/653 1195/701/653 1191/698/654
f 1191/698/654 1195/701/653 1194/700/654
f 1186/692/621 1196/702/621 1195/701/621
f 1176/683/655 1203/709/655 1185/691/655
f 1197/703/656 1169/675/656 1171/677/656
f 1187/693/642 1197/703/642 1171/677/642
f 1185/691/657 1203/709/657 1199/705/657
f 1183/689/658 1199/705/658 1197/703/658
f 1185/691/659 1199/705/659 1183/689/659
f 1187/693/660 1181/688/660 1198/704/660
f 1186/692/661 1184/690/661 1198/704/661
f 1198/704/661 1184/690/661 1183/689/662
f 1187/693/663 1198/704/663 1183/689/663
f 1190/696/664 1185/691/664 1195/701/664
f 1195/701/664 1185/691/664 1184/690/664
f 1201/708/665 1200/706/665 1193/699/665
f 1196/702/666 1200/706/666 1194/700/666
f 1176/683/667 1169/675/667 1203/709/667
f 1199/705/668 1203/709/668 1169/675/668
f 1204/710/669 1205/711/670 1207/712/671
f 1207/712/671 1205/711/670 1206/713/631
f 1208/714/634 1209/715/634 1210/716/634
f 1205/711/672 1211/717/672 1206/713/672
f 1206/713/631 1212/718/673 1207/712/671
f 1207/712/671 1212/718/673 1179/685/630
f 1213/719/638 1214/720/638 1216/721/674
f 1216/721/674 1214/720/638 1215/722/675
f 1217/723/620 1211/717/620 1205/711/620
f 1218/724/622 1219/725/622 1220/726/622
f 1208/714/642 1221/727/642 1212/718/642
f 1179/685/630 1212/718/673 1180/686/631
f 1201/708/644 1210/716/644 1214/720/644
f 1202/707/650 1201/708/626 1213/719/638
f 1213/719/638 1201/708/626 1214/720/638
f 1211/717/645 1222/728/645 1206/713/645
f 1219/725/646 1209/715/646 1211/717/646
f 1217/723/621 1220/726/621 1211/717/621
f 1221/727/676 1223/729/676 1193/699/676
f 1217/723/622 1224/730/622 1220/726/622
f 1216/721/674 1215/722/675 1226/731/677
f 1226/731/677 1215/722/675 1225/732/626
f 1218/724/627 1224/730/628 1215/722/628
f 1215/722/628 1224/730/628 1225/732/628
f 1214/720/653 1219/725/653 1215/722/654
f 1215/722/654 1219/725/653 1218/724/654
f 1211/717/621 1220/726/621 1219/725/621
f 1201/708/678 1193/699/678 1227/733/678
f 1221/727/679 1193/699/679 1180/686/679
f 1212/718/642 1221/727/642 1180/686/642
f 1223/729/680 1227/733/680 1193/699/680
f 1208/714/658 1223/729/658 1221/727/658
f 1210/716/659 1223/729/659 1208/714/659
f 1212/718/660 1206/713/660 1222/728/660
f 1211/717/661 1209/715/661 1222/728/661
f 1222/728/661 1209/715/661 1208/714/662
f 1212/718/663 1222/728/663 1208/714/663
f 1214/720/664 1210/716/664 1219/725/664
f 1219/725/664 1210/716/664 1209/715/664
f 1225/732/629 1224/730/629 1217/723/629
f 1220/726/622 1224/730/622 1218/724/622
f 1228/734/681 1229/735/682 1231/736/631
f 1231/736/631 1229/735/682 1230/737/631
f 1232/738/634 1233/739/634 1234/740/634
f 1229/735/635 1235/741/635 1230/737/635
f 1230/737/631 1236/742/673 1231/736/631
f 1231/736/631 1236/742/673 1204/710/669
f 1237/743/638 1238/744/638 1240/745/639
f 1240/745/639 1238/744/638 1239/746/683
f 1241/747/684 1235/741/684 1229/735/684
f 1242/748/622 1243/749/622 1244/750/622
f 1232/738/642 1245/751/642 1236/742/642
f 1204/710/669 1236/742/673 1205/711/670
f 1225/732/644 1234/740/644 1238/744/644
f 1226/731/677 1225/732/626 1237/743/638
f 1237/743/638 1225/732/626 1238/744/638
f 1235/741/645 1246/752/645 1230/737/645
f 1243/749/646 1233/739/646 1235/741/646
f 1241/747/685 1244/750/685 1235/741/685
f 1245/751/648 1247/753/648 1217/723/648
f 1241/747/686 1248/754/686 1244/750/686
f 1240/745/639 1239/746/683 1250/755/687
f 1250/755/687 1239/746/683 1249/756/688
f 1242/748/689 1248/754/689 1239/746/689
f 1239/746/689 1248/754/689 1249/756/689
f 1238/744/653 1243/749/653 1239/746/654
f 1239/746/654 1243/749/653 1242/748/654
f 1235/741/621 1244/750/621 1243/749/621
f 1225/732/655 1251/757/655 1234/740/655
f 1245/751/656 1217/723/656 1205/711/656
f 1236/742/642 1245/751/642 1205/711/642
f 1234/740/657 1251/757/657 1247/753/657
f 1232/738/658 1247/753/658 1245/751/658
f 1234/740/659 1247/753/659 1232/738/659
f 1236/742/660 1230/737/660 1246/752/660
f 1235/741/661 1233/739/661 1246/752/661
f 1246/752/661 1233/739/661 1232/738/662
f 1236/742/663 1246/752/663 1232/738/663
f 1238/744/664 1234/740/664 1243/749/664
f 1243/749/664 1234/740/664 1233/739/664
f 1249/756/690 1248/754/690 1241/747/690
f 1244/750/691 1248/754/691 1242/748/691
f 1225/732/667 1217/723/667 1251/757/667
f 1247/753/668 1251/757/668 1217/723/668
f 1252/758/692 1253/759/631 1255/760/671
f 1255/760/671 1253/759/631 1254/761/633
f 1256/762/634 1257/763/634 1258/764/634
f 1253/759/672 1259/765/672 1254/761/672
f 1254/761/633 1260/766/693 1255/760/671
f 1255/760/671 1260/766/693 1228/734/681
f 1261/767/638 1262/768/638 1264/769/674
f 1264/769/674 1262/768/638 1263/770/675
f 1265/771/620 1259/765/620 1253/759/620
f 1266/772/622 1267/773/622 1268/774/622
f 1256/762/642 1269/775/642 1260/766/642
f 1228/734/681 1260/766/693 1229/735/682
f 1249/756/644 1258/764/644 1262/768/644
f 1250/755/687 1249/756/688 1261/767/638
f 1261/767/638 1249/756/688 1262/768/638
f 1259/765/645 1270/776/645 1254/761/645
f 1267/773/646 1257/763/646 1259/765/646
f 1265/771/621 1268/774/621 1259/765/621
f 1269/775/676 1271/777/676 1241/747/676
f 1265/771/622 1272/778/622 1268/774/622
f 1264/769/674 1263/770/675 1274/779/677
f 1274/779/677 1263/770/675 1273/780/626
f 1266/772/627 1272/778/628 1263/770/628
f 1263/770/628 1272/778/628 1273/780/628
f 1262/768/653 1267/773/653 1263/770/654
f 1263/770/654 1267/773/653 1266/772/654
f 1259/765/621 1268/774/621 1267/773/621
f 1249/756/694 1241/747/694 1275/781/694
f 1269/775/679 1241/747/679 1229/735/679
f 1260/766/642 1269/775/642 1229/735/642
f 1271/777/695 1275/781/695 1241/747/695
f 1256/762/658 1271/777/658 1269/775/658
f 1258/764/659 1271/777/659 1256/762/659
f 1260/766/660 1254/761/660 1270/776/660
f 1259/765/661 1257/763/661 1270/776/661
f 1270/776/661 1257/763/661 1256/762/662
f 1260/766/663 1270/776/663 1256/762/663
f 1262/768/664 1258/764/664 1267/773/664
f 1267/773/664 1258/764/664 1257/763/664
f 1273/780/629 1272/778/629 1265/771/629
f 1268/774/622 1272/778/622 1266/772/622
f 1276/782/696 1277/783/697 1279/784/698
f 1279/784/698 1277/783/697 1278/785/699
f 1280/786/634 1281/787/634 1282/788/634
f 1277/783/700 1283/789/700 1278/785/700
f 1278/785/699 1284/790/673 1279/784/698
f 1279/784/698 1284/790/673 1252/758/692
f 1285/791/638 1286/792/638 1288/793/638
f 1288/793/638 1286/792/638 1287/794/638
f 1289/795/701 1283/789/701 1277/783/701
f 1290/796/622 1291/797/622 1292/798/622
f 1280/786/642 1293/799/642 1284/790/642
f 1252/758/692 1284/790/673 1253/759/631
f 1273/780/644 1282/788/644 1286/792/644
f 1274/779/677 1273/780/626 1285/791/638
f 1285/791/638 1273/780/626 1286/792/638
f 1283/789/645 1294/800/645 1278/785/645
f 1291/797/646 1281/787/646 1283/789/646
f 1289/795/621 1292/798/621 1283/789/621
f 1293/799/648 1295/801/648 1265/771/648
f 1289/795/622 1296/802/622 1292/798/622
f 1288/793/638 1287/794/638 1298/803/702
f 1298/803/702 1287/794/638 1297/804/703
f 1287/794/704 1290/796/704 1297/804/704
f 1297/804/704 1290/796/704 1296/802/705
f 1286/792/653 1291/797/653 1287/794/654
f 1287/794/654 1291/797/653 1290/796/654
f 1283/789/621 1292/798/621 1291/797/621
f 1273/780/655 1299/805/655 1282/788/655
f 1293/799/656 1265/771/656 1253/759/656
f 1284/790/642 1293/799/642 1253/759/642
f 1282/788/657 1299/805/657 1295/801/657
f 1280/786/658 1295/801/658 1293/799/658
f 1282/788/659 1295/801/659 1280/786/659
f 1284/790/660 1278/785/660 1294/800/660
f 1283/789/661 1281/787/661 1294/800/661
f 1294/800/661 1281/787/661 1280/786/662
f 1284/790/663 1294/800/663 1280/786/663
f 1286/792/664 1282/788/664 1291/797/664
f 1291/797/664 1282/788/664 1281/787/664
f 1297/804/706 1296/802/706 1289/795/706
f 1292/798/622 1296/802/622 1290/796/622
f 1273/780/667 1265/771/667 1299/805/667
f 1295/801/668 1299/805/668 1265/771/668
f 1258/764/707 1275/781/707 1271/777/707
f 1249/756/708 1275/781/708 1258/764/708
f 1210/716/709 1227/733/709 1223/729/709
f 1201/708/710 1227/733/710 1210/716/710
f 1300/806/692 1301/807/711 1303/808/712
f 1303/808/712 1301/807/711 1302/809/713
f 1304/810/634 1305/811/634 1306/812/634
f 1301/807/672 1307/813/672 1302/809/672
f 1302/809/713 1308/814/714 1303/808/712
f 1303/808/712 1308/814/714 1276/782/696
f 1309/815/715 1310/816/716 1312/817/674
f 1312/817/674 1310/816/716 1311/818/675
f 1313/819/620 1307/813/620 1301/807/620
f 1314/820/622 1315/821/622 1316/822/622
f 1304/810/642 1317/823/717 1308/814/718
f 1276/782/696 1308/814/714 1277/783/697
f 1297/804/719 1306/812/719 1310/816/719
f 1298/803/702 1297/804/703 1318/824/720
f 1297/804/703 1310/816/716 1318/824/720
f 1318/824/720 1310/816/716 1309/815/715
f 1307/813/645 1319/825/645 1302/809/645
f 1315/821/646 1305/811/646 1307/813/646
f 1313/819/621 1316/822/621 1307/813/621
f 1317/823/721 1320/826/721 1289/795/721
f 1313/819/622 1321/827/622 1316/822/622
f 1312/817/674 1311/818/675 1323/828/677
f 1323/828/677 1311/818/675 1322/829/626
f 1314/820/627 1321/827/628 1311/818/627
f 1311/818/627 1321/827/628 1322/829/628
f 1310/816/653 1315/821/653 1311/818/654
f 1311/818/654 1315/821/653 1314/820/654
f 1307/813/621 1316/822/621 1315/821/621
f 1297/804/722 1289/795/723 1324/830/724
f 1317/823/725 1289/795/725 1277/783/725
f 1308/814/718 1317/823/717 1277/783/726
f 1320/826/727 1324/830/728 1289/795/729
f 1304/810/658 1320/826/658 1317/823/658
f 1306/812/659 1320/826/659 1304/810/659
f 1308/814/660 1302/809/660 1319/825/660
f 1307/813/661 1305/811/661 1319/825/661
f 1319/825/661 1305/811/661 1304/810/662
f 1308/814/663 1319/825/663 1304/810/663
f 1310/816/664 1306/812/664 1315/821/664
f 1315/821/664 1306/812/664 1305/811/664
f 1322/829/629 1321/827/629 1313/819/629
f 1316/822/622 1321/827/622 1314/820/622
f 1325/831/630 1326/832/711 1328/833/671
f 1328/833/671 1326/832/711 1327/834/631
f 1329/835/634 1330/836/634 1331/837/634
f 1326/832/635 1332/838/635 1327/834/635
f 1327/834/631 1333/839/673 1328/833/671
f 1328/833/671 1333/839/673 1300/806/692
f 1334/840/638 1335/841/638 1337/842/674
f 1337/842/674 1335/841/638 1336/843/683
f 1338/844/684 1332/838/684 1326/832/684
f 1339/845/622 1340/846/622 1341/847/622
f 1329/835/642 1342/848/642 1333/839/642
f 1300/806/692 1333/839/673 1301/807/711
f 1322/829/644 1331/837/644 1335/841/644
f 1323/828/677 1322/829/626 1334/840/638
f 1334/840/638 1322/829/626 1335/841/638
f 1332/838/645 1343/849/645 1327/834/645
f 1340/846/646 1330/836/646 1332/838/646
f 1338/844/685 1341/847/685 1332/838/685
f 1342/848/648 1344/850/648 1313/819/648
f 1338/844/686 1345/851/686 1341/847/686
f 1337/842/674 1336/843/683 1347/852/730
f 1347/852/730 1336/843/683 1346/853/626
f 1339/845/689 1345/851/689 1336/843/689
f 1336/843/689 1345/851/689 1346/853/689
f 1335/841/653 1340/846/653 1336/843/654
f 1336/843/654 1340/846/653 1339/845/654
f 1332/838/621 1341/847/621 1340/846/621
f 1322/829/655 1348/854/655 1331/837/655
f 1342/848/656 1313/819/656 1301/807/656
f 1333/839/642 1342/848/642 1301/807/642
f 1331/837/657 1348/854/657 1344/850/657
f 1329/835/658 1344/850/658 1342/848/658
f 1331/837/659 1344/850/659 1329/835/659
f 1333/839/660 1327/834/660 1343/849/660
f 1332/838/661 1330/836/661 1343/849/661
f 1343/849/661 1330/836/661 1329/835/662
f 1333/839/663 1343/849/663 1329/835/663
f 1335/841/664 1331/837/664 1340/846/664
f 1340/846/664 1331/837/664 1330/836/664
f 1346/853/690 1345/851/690 1338/844/690
f 1341/847/691 1345/851/691 1339/845/691
f 1322/829/667 1313/819/667 1348/854/667
f 1344/850/668 1348/854/668 1313/819/668
f 1349/855/692 1350/856/631 1352/857/671
f 1352/857/671 1350/856/631 1351/858/633
f 1353/859/634 1354/860/634 1355/861/634
f 1350/856/672 1356/862/672 1351/858/672
f 1351/858/633 1357/863/673 1352/857/671
f 1352/857/671 1357/863/673 1325/831/630
f 1358/864/638 1359/865/638 1361/866/674
f 1361/866/674 1359/865/638 1360/867/731
f 1362/868/620 1356/862/620 1350/856/620
f 1363/869/622 1364/870/622 1365/871/622
f 1353/859/642 1366/872/642 1357/863/642
f 1325/831/630 1357/863/673 1326/832/711
f 1346/853/644 1355/861/644 1359/865/644
f 1347/852/730 1346/853/626 1358/864/638
f 1358/864/638 1346/853/626 1359/865/638
f 1356/862/645 1367/873/645 1351/858/645
f 1364/870/646 1354/860/646 1356/862/646
f 1362/868/621 1365/871/621 1356/862/621
f 1366/872/676 1368/874/676 1338/844/676
f 1362/868/622 1369/875/622 1365/871/622
f 1361/866/674 1360/867/731 1371/876/677
f 1371/876/677 1360/867/731 1370/877/626
f 1363/869/627 1369/875/627 1360/867/627
f 1360/867/627 1369/875/627 1370/877/628
f 1359/865/653 1364/870/653 1360/867/654
f 1360/867/654 1364/870/653 1363/869/654
f 1356/862/621 1365/871/621 1364/870/621
f 1346/853/732 1338/844/733 1372/878/734
f 1366/872/679 1338/844/679 1326/832/679
f 1357/863/642 1366/872/642 1326/832/642
f 1368/874/735 1372/878/736 1338/844/737
f 1353/859/658 1368/874/658 1366/872/658
f 1355/861/659 1368/874/659 1353/859/659
f 1357/863/660 1351/858/660 1367/873/660
f 1356/862/661 1354/860/661 1367/873/661
f 1367/873/661 1354/860/661 1353/859/662
f 1357/863/738 1367/873/738 1353/859/738
f 1359/865/664 1355/861/664 1364/870/664
f 1364/870/664 1355/861/664 1354/860/664
f 1370/877/629 1369/875/629 1362/868/629
f 1365/871/622 1369/875/622 1363/869/622
f 1373/879/692 1374/880/739 1376/881/632
f 1376/881/632 1374/880/739 1375/882/631
f 1377/883/634 1378/884/634 1379/885/634
f 1374/880/635 1380/886/635 1375/882/635
f 1375/882/631 1381/887/673 1376/881/632
f 1376/881/632 1381/887/673 1349/855/692
f 1382/888/638 1383/889/638 1385/890/740
f 1385/890/740 1383/889/638 1384/891/640
f 1386/892/641 1380/886/641 1374/880/641
f 1387/893/622 1388/894/622 1389/895/622
f 1377/883/642 1390/896/642 1381/887/642
f 1349/855/692 1381/887/673 1350/856/631
f 1370/877/644 1379/885/644 1383/889/644
f 1371/876/677 1370/877/626 1382/888/638
f 1382/888/638 1370/877/626 1383/889/638
f 1380/886/645 1391/897/645 1375/882/645
f 1388/894/646 1378/884/646 1380/886/646
f 1386/892/647 1389/895/647 1380/886/647
f 1390/896/648 1392/898/648 1362/868/648
f 1386/892/649 1393/899/649 1389/895/649
f 1385/890/740 1384/891/640 1395/900/741
f 1395/900/741 1384/891/640 1394/901/742
f 1387/893/651 1393/899/652 1384/891/652
f 1384/891/652 1393/899/652 1394/901/652
f 1383/889/653 1388/894/653 1384/891/654
f 1384/891/654 1388/894/653 1387/893/654
f 1380/886/621 1389/895/621 1388/894/621
f 1370/877/655 1396/902/655 1379/885/655
f 1390/896/743 1362/868/743 1350/856/743
f 1381/887/642 1390/896/642 1350/856/642
f 1379/885/657 1396/902/657 1392/898/657
f 1377/883/658 1392/898/658 1390/896/658
f 1379/885/659 1392/898/659 1377/883/659
f 1381/887/660 1375/882/660 1391/897/660
f 1380/886/661 1378/884/661 1391/897/661
f 1391/897/661 1378/884/661 1377/883/662
f 1381/887/663 1391/897/663 1377/883/663
f 1383/889/664 1379/885/664 1388/894/664
f 1388/894/664 1379/885/664 1378/884/664
f 1394/901/665 1393/899/665 1386/892/665
f 1389/895/744 1393/899/744 1387/893/744
f 1370/877/667 1362/868/667 1396/902/667
f 1392/898/668 1396/902/668 1362/868/668
f 1373/879/692 1397/903/745 1374/880/739
f 1398/904/676 1399/905/676 1386/892/676
f 1394/901/678 1386/892/678 1400/906/678
f 1398/904/679 1386/892/679 1374/880/679
f 1397/903/642 1398/904/642 1374/880/642
f 1399/905/680 1400/906/680 1386/892/680
f 1188/694/637 1171/677/643 1402/907/746
f 1402/907/746 1171/677/746 1401/908/746
f 1171/677/747 1170/676/747 1401/908/747
f 1401/908/747 1170/676/747 1403/909/747
f 1175/681/624 1174/680/623 1405/910/748
f 1405/910/748 1174/680/749 1404/911/750
f 1172/678/751 1178/684/751 1407/912/751
f 1407/912/751 1178/684/751 1406/913/751
f 1172/678/752 1407/912/752 1170/676/752
f 1170/676/752 1407/912/752 1403/909/752
f 1178/684/753 1175/681/753 1406/913/753
f 1406/913/753 1175/681/753 1405/910/753
f 1306/812/754 1324/830/728 1320/826/727
f 1297/804/722 1324/830/724 1306/812/755
f 1355/861/756 1372/878/736 1368/874/735
f 1346/853/732 1372/878/734 1355/861/757
f 1408/675/758 1410/677/758 1409/676/758
f 1408/675/759 1409/676/759 1411/678/759
f 1408/675/760 1411/678/760 1412/679/760
f 1174/680/749 1415/682/761 1413/681/762
f 1413/681/762 1415/682/761 1414/683/763
f 1414/683/764 1412/679/764 1413/681/765
f 1413/681/765 1412/679/764 1416/684/764
f 1414/683/766 1408/675/766 1412/679/766
f 1411/678/760 1416/684/760 1412/679/760
f 1179/685/767 1182/687/768 1417/686/769
f 1417/686/769 1182/687/768 1418/688/770
f 1419/689/771 1421/691/771 1420/690/771
f 1417/686/772 1418/688/772 1422/692/772
f 1188/694/773 1423/693/774 1182/687/768
f 1182/687/768 1423/693/774 1418/688/770
f 1189/695/638 1192/697/639 1424/696/638
f 1424/696/638 1192/697/639 1425/698/775
f 1426/699/776 1417/686/776 1422/692/776
f 1427/700/760 1429/702/760 1428/701/760
f 1419/689/777 1423/693/777 1430/703/777
f 1188/694/773 1410/677/778 1423/693/774
f 1414/683/779 1424/696/779 1421/691/779
f 1415/682/761 1189/695/638 1414/683/763
f 1414/683/763 1189/695/638 1424/696/638
f 1422/692/780 1418/688/780 1431/704/780
f 1428/701/781 1422/692/781 1420/690/781
f 1426/699/782 1422/692/782 1429/702/782
f 1430/703/783 1408/675/783 1432/705/783
f 1426/699/784 1429/702/784 1433/706/784
f 1192/697/639 1435/707/785 1425/698/775
f 1425/698/775 1435/707/785 1434/708/763
f 1434/708/786 1433/706/786 1425/698/787
f 1425/698/787 1433/706/786 1427/700/787
f 1424/696/788 1425/698/789 1428/701/788
f 1428/701/788 1425/698/789 1427/700/789
f 1422/692/759 1428/701/759 1429/702/759
f 1414/683/790 1421/691/790 1436/709/790
f 1430/703/791 1410/677/791 1408/675/791
f 1423/693/777 1410/677/777 1430/703/777
f 1421/691/792 1432/705/792 1436/709/792
f 1419/689/793 1430/703/793 1432/705/793
f 1421/691/794 1419/689/794 1432/705/794
f 1423/693/795 1431/704/795 1418/688/795
f 1422/692/796 1431/704/796 1420/690/796
f 1420/690/796 1431/704/796 1419/689/796
f 1423/693/797 1419/689/797 1431/704/797
f 1424/696/798 1428/701/798 1421/691/798
f 1421/691/798 1428/701/798 1420/690/798
f 1434/708/799 1426/699/799 1433/706/799
f 1429/702/800 1427/700/800 1433/706/800
f 1414/683/801 1436/709/801 1408/675/801
f 1432/705/802 1408/675/802 1436/709/802
f 1204/710/803 1207/712/770 1437/711/804
f 1437/711/804 1207/712/770 1438/713/770
f 1439/714/771 1441/716/771 1440/715/771
f 1437/711/805 1438/713/805 1442/717/805
f 1179/685/767 1443/718/806 1207/712/770
f 1207/712/770 1443/718/806 1438/713/770
f 1213/719/638 1216/721/674 1444/720/638
f 1444/720/638 1216/721/674 1445/722/807
f 1446/723/758 1437/711/758 1442/717/758
f 1447/724/760 1449/726/760 1448/725/760
f 1439/714/777 1443/718/777 1450/727/777
f 1179/685/767 1417/686/769 1443/718/806
f 1434/708/779 1444/720/779 1441/716/779
f 1435/707/785 1213/719/638 1434/708/763
f 1434/708/763 1213/719/638 1444/720/638
f 1442/717/780 1438/713/780 1451/728/780
f 1448/725/781 1442/717/781 1440/715/781
f 1446/723/759 1442/717/759 1449/726/759
f 1450/727/808 1426/699/808 1452/729/808
f 1446/723/760 1449/726/760 1453/730/760
f 1216/721/674 1226/731/677 1445/722/807
f 1445/722/807 1226/731/677 1454/732/763
f 1454/732/764 1453/730/764 1445/722/765
f 1445/722/765 1453/730/764 1447/724/764
f 1444/720/788 1445/722/789 1448/725/788
f 1448/725/788 1445/722/789 1447/724/789
f 1442/717/759 1448/725/759 1449/726/759
f 1434/708/809 1455/733/809 1426/699/809
f 1450/727/810 1417/686/810 1426/699/810
f 1443/718/777 1417/686/777 1450/727/777
f 1452/729/811 1426/699/811 1455/733/811
f 1439/714/793 1450/727/793 1452/729/793
f 1441/716/794 1439/714/794 1452/729/794
f 1443/718/795 1451/728/795 1438/713/795
f 1442/717/796 1451/728/796 1440/715/796
f 1440/715/796 1451/728/796 1439/714/812
f 1443/718/797 1439/714/797 1451/728/797
f 1444/720/798 1448/725/798 1441/716/798
f 1441/716/798 1448/725/798 1440/715/798
f 1454/732/766 1446/723/766 1453/730/766
f 1449/726/760 1447/724/760 1453/730/760
f 1228/734/813 1231/736/814 1456/735/815
f 1456/735/815 1231/736/814 1457/737/770
f 1458/738/771 1460/740/771 1459/739/771
f 1456/735/772 1457/737/772 1461/741/772
f 1204/710/803 1462/742/806 1231/736/814
f 1231/736/814 1462/742/806 1457/737/770
f 1237/743/638 1240/745/639 1463/744/638
f 1463/744/638 1240/745/639 1464/746/816
f 1465/747/817 1456/735/817 1461/741/817
f 1466/748/760 1468/750/760 1467/749/760
f 1458/738/777 1462/742/777 1469/751/777
f 1204/710/803 1437/711/804 1462/742/806
f 1454/732/779 1463/744/779 1460/740/779
f 1226/731/677 1237/743/638 1454/732/763
f 1454/732/763 1237/743/638 1463/744/638
f 1461/741/780 1457/737/780 1470/752/780
f 1467/749/781 1461/741/781 1459/739/781
f 1465/747/818 1461/741/818 1468/750/818
f 1469/751/783 1446/723/783 1471/753/783
f 1465/747/819 1468/750/819 1472/754/819
f 1240/745/639 1474/755/820 1464/746/816
f 1464/746/816 1474/755/820 1473/756/763
f 1473/756/821 1472/754/821 1464/746/821
f 1464/746/821 1472/754/821 1466/748/821
f 1463/744/788 1464/746/789 1467/749/788
f 1467/749/788 1464/746/789 1466/748/789
f 1461/741/759 1467/749/759 1468/750/759
f 1454/732/790 1460/740/790 1475/757/790
f 1469/751/791 1437/711/791 1446/723/791
f 1462/742/777 1437/711/777 1469/751/777
f 1460/740/792 1471/753/792 1475/757/792
f 1458/738/793 1469/751/793 1471/753/793
f 1460/740/794 1458/738/794 1471/753/794
f 1462/742/795 1470/752/795 1457/737/795
f 1461/741/796 1470/752/796 1459/739/796
f 1459/739/796 1470/752/796 1458/738/812
f 1462/742/797 1458/738/797 1470/752/797
f 1463/744/798 1467/749/798 1460/740/798
f 1460/740/798 1467/749/798 1459/739/798
f 1473/756/822 1465/747/822 1472/754/822
f 1468/750/823 1466/748/823 1472/754/823
f 1454/732/801 1475/757/801 1446/723/801
f 1471/753/802 1446/723/802 1475/757/802
f 1252/758/803 1255/760/770 1476/759/770
f 1476/759/770 1255/760/770 1477/761/824
f 1478/762/771 1480/764/771 1479/763/771
f 1476/759/805 1477/761/805 1481/765/805
f 1228/734/813 1482/766/774 1255/760/770
f 1255/760/770 1482/766/774 1477/761/824
f 1261/767/638 1264/769/674 1483/768/638
f 1483/768/638 1264/769/674 1484/770/807
f 1485/771/758 1476/759/758 1481/765/758
f 1486/772/760 1488/774/760 1487/773/760
f 1478/762/777 1482/766/777 1489/775/777
f 1228/734/813 1456/735/815 1482/766/774
f 1473/756/779 1483/768/779 1480/764/779
f 1474/755/820 1261/767/638 1473/756/763
f 1473/756/763 1261/767/638 1483/768/638
f 1481/765/780 1477/761/780 1490/776/780
f 1487/773/781 1481/765/781 1479/763/781
f 1485/771/759 1481/765/759 1488/774/759
f 1489/775/808 1465/747/808 1491/777/808
f 1485/771/760 1488/774/760 1492/778/760
f 1264/769/674 1274/779/677 1484/770/807
f 1484/770/807 1274/779/677 1493/780/763
f 1493/780/764 1492/778/764 1484/770/764
f 1484/770/764 1492/778/764 1486/772/764
f 1483/768/788 1484/770/789 1487/773/788
f 1487/773/788 1484/770/789 1486/772/789
f 1481/765/759 1487/773/759 1488/774/759
f 1473/756/825 1494/781/825 1465/747/825
f 1489/775/810 1456/735/810 1465/747/810
f 1482/766/777 1456/735/777 1489/775/777
f 1491/777/826 1465/747/826 1494/781/826
f 1478/762/793 1489/775/793 1491/777/793
f 1480/764/794 1478/762/794 1491/777/794
f 1482/766/795 1490/776/795 1477/761/795
f 1481/765/796 1490/776/796 1479/763/796
f 1479/763/796 1490/776/796 1478/762/812
f 1482/766/797 1478/762/797 1490/776/797
f 1483/768/798 1487/773/798 1480/764/798
f 1480/764/798 1487/773/798 1479/763/798
f 1493/780/766 1485/771/766 1492/778/766
f 1488/774/760 1486/772/760 1492/778/760
f 1276/782/827 1279/784/828 1495/783/829
f 1495/783/829 1279/784/828 1496/785/830
f 1497/786/771 1499/788/771 1498/787/771
f 1495/783/831 1496/785/831 1500/789/831
f 1252/758/803 1501/790/832 1279/784/828
f 1279/784/828 1501/790/832 1496/785/830
f 1285/791/638 1288/793/638 1502/792/638
f 1502/792/638 1288/793/638 1503/794/638
f 1504/795/833 1495/783/833 1500/789/833
f 1505/796/760 1507/798/760 1506/797/760
f 1497/786/777 1501/790/777 1508/799/777
f 1252/758/803 1476/759/770 1501/790/832
f 1493/780/779 1502/792/779 1499/788/779
f 1274/779/677 1285/791/638 1493/780/763
f 1493/780/763 1285/791/638 1502/792/638
f 1500/789/780 1496/785/780 1509/800/780
f 1506/797/781 1500/789/781 1498/787/781
f 1504/795/759 1500/789/759 1507/798/759
f 1508/799/783 1485/771/783 1510/801/783
f 1504/795/760 1507/798/760 1511/802/760
f 1288/793/638 1298/803/702 1503/794/638
f 1503/794/638 1298/803/702 1512/804/834
f 1503/794/835 1512/804/835 1505/796/835
f 1505/796/835 1512/804/835 1511/802/836
f 1502/792/788 1503/794/789 1506/797/788
f 1506/797/788 1503/794/789 1505/796/789
f 1500/789/759 1506/797/759 1507/798/759
f 1493/780/790 1499/788/790 1513/805/790
f 1508/799/791 1476/759/791 1485/771/791
f 1501/790/777 1476/759/777 1508/799/777
f 1499/788/792 1510/801/792 1513/805/792
f 1497/786/793 1508/799/793 1510/801/793
f 1499/788/794 1497/786/794 1510/801/794
f 1501/790/795 1509/800/795 1496/785/795
f 1500/789/796 1509/800/796 1498/787/796
f 1498/787/796 1509/800/796 1497/786/812
f 1501/790/797 1497/786/797 1509/800/797
f 1502/792/798 1506/797/798 1499/788/798
f 1499/788/798 1506/797/798 1498/787/798
f 1512/804/837 1504/795/837 1511/802/837
f 1507/798/760 1505/796/760 1511/802/760
f 1493/780/801 1513/805/801 1485/771/801
f 1510/801/802 1485/771/802 1513/805/802
f 1480/764/838 1491/777/838 1494/781/838
f 1473/756/839 1480/764/839 1494/781/839
f 1441/716/840 1452/729/840 1455/733/840
f 1434/708/841 1441/716/841 1455/733/841
f 1300/806/803 1303/808/842 1514/807/804
f 1514/807/804 1303/808/842 1515/809/843
f 1516/810/771 1518/812/771 1517/811/771
f 1514/807/805 1515/809/805 1519/813/805
f 1276/782/827 1520/814/844 1303/808/842
f 1303/808/842 1520/814/844 1515/809/843
f 1309/815/715 1312/817/674 1521/816/845
f 1521/816/845 1312/817/674 1522/818/807
f 1523/819/758 1514/807/758 1519/813/758
f 1524/820/760 1526/822/760 1525/821/760
f 1516/810/777 1520/814/846 1527/823/847
f 1276/782/827 1495/783/829 1520/814/844
f 1512/804/848 1521/816/848 1518/812/848
f 1521/816/845 1512/804/834 1309/815/715
f 1309/815/715 1512/804/834 1318/824/720
f 1318/824/720 1512/804/834 1298/803/702
f 1519/813/780 1515/809/780 1528/825/780
f 1525/821/781 1519/813/781 1517/811/781
f 1523/819/759 1519/813/759 1526/822/759
f 1527/823/849 1504/795/849 1529/826/849
f 1523/819/760 1526/822/760 1530/827/760
f 1312/817/674 1323/828/677 1522/818/807
f 1522/818/807 1323/828/677 1531/829/763
f 1531/829/764 1530/827/764 1522/818/764
f 1522/818/764 1530/827/764 1524/820/764
f 1521/816/788 1522/818/789 1525/821/788
f 1525/821/788 1522/818/789 1524/820/789
f 1519/813/759 1525/821/759 1526/822/759
f 1512/804/850 1532/830/851 1504/795/852
f 1527/823/853 1495/783/853 1504/795/853
f 1520/814/846 1495/783/854 1527/823/847
f 1529/826/855 1504/795/856 1532/830/857
f 1516/810/793 1527/823/793 1529/826/793
f 1518/812/794 1516/810/794 1529/826/794
f 1520/814/795 1528/825/795 1515/809/795
f 1519/813/796 1528/825/796 1517/811/796
f 1517/811/796 1528/825/796 1516/810/812
f 1520/814/797 1516/810/797 1528/825/797
f 1521/816/798 1525/821/798 1518/812/798
f 1518/812/798 1525/821/798 1517/811/798
f 1531/829/766 1523/819/766 1530/827/766
f 1526/822/760 1524/820/760 1530/827/760
f 1325/831/767 1328/833/814 1533/832/858
f 1533/832/858 1328/833/814 1534/834/770
f 1535/835/771 1537/837/771 1536/836/771
f 1533/832/772 1534/834/772 1538/838/772
f 1300/806/803 1539/839/832 1328/833/814
f 1328/833/814 1539/839/832 1534/834/770
f 1334/840/638 1337/842/674 1540/841/638
f 1540/841/638 1337/842/674 1541/843/816
f 1542/844/817 1533/832/817 1538/838/817
f 1543/845/760 1545/847/760 1544/846/760
f 1535/835/777 1539/839/777 1546/848/777
f 1300/806/803 1514/807/804 1539/839/832
f 1531/829/779 1540/841/779 1537/837/779
f 1323/828/677 1334/840/638 1531/829/763
f 1531/829/763 1334/840/638 1540/841/638
f 1538/838/780 1534/834/780 1547/849/780
f 1544/846/781 1538/838/781 1536/836/781
f 1542/844/818 1538/838/818 1545/847/818
f 1546/848/783 1523/819/783 1548/850/783
f 1542/844/819 1545/847/819 1549/851/819
f 1337/842/674 1347/852/730 1541/843/816
f 1541/843/816 1347/852/730 1550/853/763
f 1550/853/821 1549/851/821 1541/843/821
f 1541/843/821 1549/851/821 1543/845/821
f 1540/841/788 1541/843/789 1544/846/788
f 1544/846/788 1541/843/789 1543/845/789
f 1538/838/759 1544/846/759 1545/847/759
f 1531/829/790 1537/837/790 1551/854/790
f 1546/848/791 1514/807/791 1523/819/791
f 1539/839/777 1514/807/777 1546/848/777
f 1537/837/792 1548/850/792 1551/854/792
f 1535/835/793 1546/848/793 1548/850/793
f 1537/837/794 1535/835/794 1548/850/794
f 1539/839/795 1547/849/795 1534/834/795
f 1538/838/796 1547/849/796 1536/836/796
f 1536/836/796 1547/849/796 1535/835/812
f 1539/839/797 1535/835/797 1547/849/797
f 1540/841/798 1544/846/798 1537/837/798
f 1537/837/798 1544/846/798 1536/836/798
f 1550/853/822 1542/844/822 1549/851/822
f 1545/847/823 1543/845/823 1549/851/823
f 1531/829/801 1551/854/801 1523/819/801
f 1548/850/802 1523/819/802 1551/854/802
f 1349/855/803 1352/857/770 1552/856/770
f 1552/856/770 1352/857/770 1553/858/859
f 1554/859/771 1556/861/771 1555/860/771
f 1552/856/805 1553/858/805 1557/862/805
f 1325/831/767 1558/863/832 1352/857/770
f 1352/857/770 1558/863/832 1553/858/859
f 1358/864/638 1361/866/674 1559/865/638
f 1559/865/638 1361/866/674 1560/867/807
f 1561/868/758 1552/856/758 1557/862/758
f 1562/869/760 1564/871/760 1563/870/760
f 1554/859/777 1558/863/777 1565/872/777
f 1325/831/767 1533/832/858 1558/863/832
f 1550/853/779 1559/865/779 1556/861/779
f 1347/852/730 1358/864/638 1550/853/763
f 1550/853/763 1358/864/638 1559/865/638
f 1557/862/780 1553/858/780 1566/873/780
f 1563/870/781 1557/862/781 1555/860/781
f 1561/868/759 1557/862/759 1564/871/759
f 1565/872/808 1542/844/808 1567/874/808
f 1561/868/760 1564/871/760 1568/875/760
f 1361/866/674 1371/876/677 1560/867/807
f 1560/867/807 1371/876/677 1569/877/763
f 1569/877/764 1568/875/765 1560/867/764
f 1560/867/764 1568/875/765 1562/869/764
f 1559/865/788 1560/867/789 1563/870/788
f 1563/870/788 1560/867/789 1562/869/789
f 1557/862/759 1563/870/759 1564/871/759
f 1550/853/860 1570/878/861 1542/844/862
f 1565/872/810 1533/832/810 1542/844/810
f 1558/863/777 1533/832/777 1565/872/777
f 1567/874/863 1542/844/864 1570/878/865
f 1554/859/793 1565/872/793 1567/874/793
f 1556/861/794 1554/859/794 1567/874/794
f 1558/863/795 1566/873/795 1553/858/795
f 1557/862/796 1566/873/796 1555/860/796
f 1555/860/796 1566/873/796 1554/859/796
f 1558/863/866 1554/859/866 1566/873/866
f 1559/865/798 1563/870/798 1556/861/798
f 1556/861/798 1563/870/798 1555/860/798
f 1569/877/766 1561/868/766 1568/875/766
f 1564/871/760 1562/869/760 1568/875/760
f 1373/879/803 1376/881/768 1571/880/769
f 1571/880/769 1376/881/768 1572/882/867
f 1573/883/771 1575/885/771 1574/884/771
f 1571/880/772 1572/882/772 1576/886/772
f 1349/855/803 1577/887/806 1376/881/768
f 1376/881/768 1577/887/806 1572/882/867
f 1382/888/638 1385/890/740 1578/889/638
f 1578/889/638 1385/890/740 1579/891/775
f 1580/892/776 1571/880/776 1576/886/776
f 1581/893/760 1583/895/760 1582/894/760
f 1573/883/777 1577/887/777 1584/896/777
f 1349/855/803 1552/856/770 1577/887/806
f 1569/877/779 1578/889/779 1575/885/779
f 1371/876/677 1382/888/638 1569/877/763
f 1569/877/763 1382/888/638 1578/889/638
f 1576/886/780 1572/882/780 1585/897/780
f 1582/894/781 1576/886/781 1574/884/781
f 1580/892/782 1576/886/782 1583/895/782
f 1584/896/783 1561/868/783 1586/898/783
f 1580/892/784 1583/895/784 1587/899/784
f 1385/890/740 1395/900/741 1579/891/775
f 1579/891/775 1395/900/741 1588/901/868
f 1588/901/786 1587/899/786 1579/891/786
f 1579/891/786 1587/899/786 1581/893/787
f 1578/889/788 1579/891/789 1582/894/788
f 1582/894/788 1579/891/789 1581/893/789
f 1576/886/759 1582/894/759 1583/895/759
f 1569/877/790 1575/885/790 1589/902/790
f 1584/896/869 1552/856/869 1561/868/869
f 1577/887/777 1552/856/777 1584/896/777
f 1575/885/792 1586/898/792 1589/902/792
f 1573/883/793 1584/896/793 1586/898/793
f 1575/885/794 1573/883/794 1586/898/794
f 1577/887/795 1585/897/795 1572/882/795
f 1576/886/796 1585/897/796 1574/884/796
f 1574/884/796 1585/897/796 1573/883/812
f 1577/887/797 1573/883/797 1585/897/797
f 1578/889/798 1582/894/798 1575/885/798
f 1575/885/798 1582/894/798 1574/884/798
f 1588/901/799 1580/892/799 1587/899/799
f 1583/895/870 1581/893/870 1587/899/870
f 1569/877/801 1589/902/801 1561/868/801
f 1586/898/802 1561/868/802 1589/902/802
f 1373/879/803 1571/880/769 1590/903/871
f 1591/904/808 1580/892/808 1592/905/808
f 1588/901/809 1593/906/809 1580/892/809
f 1591/904/810 1571/880/810 1580/892/810
f 1590/903/777 1571/880/777 1591/904/777
f 1592/905/811 1580/892/811 1593/906/811
f 1188/694/773 1402/907/872 1410/677/778
f 1410/677/778 1402/907/872 1594/908/872
f 1410/677/873 1594/908/873 1409/676/873
f 1409/676/873 1594/908/873 1595/909/873
f 1413/681/762 1596/910/874 1174/680/749
f 1174/680/749 1596/910/874 1404/911/750
f 1411/678/875 1598/912/875 1416/684/875
f 1416/684/875 1598/912/875 1597/913/875
f 1595/909/876 1598/912/876 1409/676/876
f 1409/676/876 1598/912/876 1411/678/876
f 1416/684/877 1597/913/877 1413/681/877
f 1413/681/877 1597/913/877 1596/910/877
f 1518/812/878 1529/826/855 1532/830/857
f 1512/804/850 1518/812/879 1532/830/851
f 1556/861/880 1567/874/863 1570/878/865
f 1550/853/860 1556/861/881 1570/878/861
f 1591/904/882 1601/904/883 1590/903/884
f 1590/903/884 1601/904/883 1602/903/885
f 1590/903/884 1602/903/885 1373/879/886
f 1592/905/887 1600/905/888 1591/904/882
f 1591/904/882 1600/905/888 1601/904/883
f 1599/906/889 1600/905/888 1593/906/890
f 1593/906/890 1600/905/888 1592/905/887
f 1395/900/891 1599/906/889 1588/901/892
f 1588/901/892 1599/906/889 1593/906/890
f 1395/900/891 1394/901/893 1599/906/889
f 1599/906/889 1394/901/893 1400/906/894
f 1599/906/889 1400/906/894 1600/905/888
f 1600/905/888 1400/906/894 1399/905/887
f 1601/904/883 1600/905/888 1398/904/895
f 1398/904/895 1600/905/888 1399/905/887
f 1602/903/885 1601/904/883 1397/903/896
f 1397/903/896 1601/904/883 1398/904/895
f 1373/879/886 1602/903/885 1397/903/896
o blade_fragment
v -285.830200 -6.815584 0.564100
v -279.655701 -6.452511 0.564099
v -277.334503 -3.975021 0.000000
v -287.933105 -4.640467 0.000000
v -281.781097 -10.373713 0.547579
v -282.148895 -7.920842 0.559485
v -282.616913 -9.400832 0.752796
v -288.168488 -9.758952 0.564100
v -291.489685 -8.261093 0.000001
v -295.579895 -12.424923 0.000001
v -290.023804 -12.094453 0.564100
v -285.660889 -11.833673 0.000001
v -285.567688 -11.828093 0.555765
v -290.023804 -12.094442 0.000001
v -276.032990 -6.239489 0.564099
v -284.264709 -8.626456 0.557105
v -284.900513 -10.609142 0.554974
v -283.531097 -10.505782 0.551727
v -283.371796 -7.381680 0.788598
v -283.119598 -11.071902 0.804194
v -278.358002 -7.052583 1.107134
v -280.656097 -8.693091 1.096704
v -279.023804 -11.436953 0.543525
v -277.778687 -9.342463 1.074221
v -279.879486 -9.883742 0.631229
v -271.966492 -6.000373 0.564099
v -271.453491 -3.605792 0.000000
v -278.941406 -11.432022 0.000001
v -282.694885 -11.656383 0.550392
v -282.710999 -11.657352 0.000001
v -276.392395 -8.817587 0.551442
v -276.183411 -11.267173 0.000001
v -276.264893 -11.272042 0.538365
v -269.726807 -7.867705 0.876339
v -272.518585 -8.715537 0.793495
v -270.681396 -9.497683 0.729692
v -285.690704 -9.485183 0.929399
v -273.882294 -8.134953 0.962951
v -268.514099 -5.797362 0.564099
v -267.514191 -3.373470 0.000000
v -271.644501 -10.995872 0.000001
v -271.724792 -11.000672 0.529874
v -274.795593 -11.184222 0.535618
v -274.714508 -11.179373 0.000001
v -274.842194 -10.407642 0.825208
v -272.575104 -9.871292 0.537618
v -274.913086 -9.225923 0.546085
v -267.920410 -6.738363 0.716532
v -266.212585 -5.637938 0.564099
v -266.444611 -10.670492 0.538365
v -266.363098 -10.665623 0.000001
v -270.675507 -7.076716 1.149262
v -268.693207 -8.473969 1.253260
v -266.572113 -8.216036 0.551442
v -275.636597 -9.592833 0.684919
v -278.180695 -8.029528 0.890517
v -285.228790 -11.208902 0.555363
v -281.580292 -11.073012 0.751293
v -267.970703 -9.567722 0.637533
v -262.146210 -5.398822 0.564099
v -261.633087 -3.004241 0.000000
v -259.906403 -7.266154 0.876339
v -262.698212 -8.113987 0.793495
v -260.861115 -8.896127 0.729692
v -264.061890 -7.533402 0.962951
v -258.693787 -5.195811 0.564099
v -258.278503 -2.793612 0.000000
v -261.824188 -10.394322 0.000001
v -261.904510 -10.399122 0.529874
v -264.975311 -10.582672 0.535618
v -264.894104 -10.577823 0.000001
v -265.021912 -9.806092 0.825208
v -262.754791 -9.269743 0.537618
v -265.092804 -8.624373 0.546085
v -258.100098 -6.136813 0.716531
v -256.008911 -5.012901 0.564099
v -256.240906 -10.045463 0.538365
v -256.159302 -10.040592 0.000001
v -260.855194 -6.475166 1.149262
v -258.872894 -7.872419 1.253260
v -257.321503 -8.282491 0.537696
v -265.816315 -8.991282 0.684919
v -147.522003 3.990843 -0.000000
v -145.620605 1.724871 0.564099
v -141.555695 1.988025 0.564099
v -141.042603 4.382606 -0.000000
v -139.315903 0.120693 0.876338
v -142.107697 -0.727139 0.793494
v -140.270493 -1.509279 0.729691
v -143.471405 -0.146555 0.962950
v -141.233597 -3.007478 0.000000
v -141.313904 -3.012275 0.529873
v -144.384705 -3.195825 0.535617
v -144.303604 -3.190975 0.000000
v -145.981506 -0.829188 0.551441
v -144.431305 -2.419242 0.825207
v -142.164200 -1.882890 0.537617
v -144.502197 -1.237526 0.546084
v -140.264603 0.911682 1.149262
v -145.225693 -1.604434 0.684918
v -147.199295 -3.378653 0.522487
v -147.108704 -3.373230 0.000000
v -157.636597 3.371264 -0.000000
v -155.735199 1.105292 0.564099
v -151.389694 1.385633 0.564099
v -150.876602 3.780214 -0.000000
v -149.149902 -0.481699 0.876338
v -151.941803 -1.329531 0.793494
v -150.104599 -2.111671 0.729691
v -153.305496 -0.748947 0.962950
v -147.937302 1.588644 0.564099
v -151.067703 -3.609870 0.000000
v -151.147995 -3.614668 0.529873
v -154.218796 -3.798218 0.535617
v -154.137604 -3.793367 0.000000
v -156.679703 -2.117614 0.537695
v -154.265396 -3.021635 0.825207
v -151.998306 -2.485282 0.537617
v -154.336304 -1.839918 0.546084
v -147.343597 0.647642 0.716531
v -150.098694 0.309289 1.149262
v -148.116394 -1.087964 1.253259
v -155.508408 -3.184962 0.684918
v -157.313995 -3.998232 0.522487
v -157.223404 -3.992809 0.000000
v -147.621796 -2.472383 0.637733
v -167.470703 2.768872 -0.000000
v -165.569305 0.502900 0.564099
v -161.504395 0.766054 0.564099
v -160.991302 3.160635 -0.000000
v -159.264603 -1.101278 0.876338
v -162.056396 -1.949110 0.793494
v -160.219193 -2.731250 0.729691
v -163.420105 -1.368526 0.962950
v -158.052002 0.969065 0.564099
v -161.182404 -4.229449 0.000000
v -161.262695 -4.234246 0.529873
v -164.333496 -4.417796 0.535617
v -164.252304 -4.412947 0.000000
v -165.930298 -2.051159 0.551441
v -164.380096 -3.641213 0.825207
v -162.112900 -3.104861 0.537617
v -164.450897 -2.459497 0.546084
v -157.458206 0.028063 0.716531
v -160.213303 -0.310289 1.149262
v -158.231094 -1.707543 1.253259
v -165.174393 -2.826405 0.684918
v -167.148102 -4.600624 0.522487
v -167.061203 -4.595435 0.011240
v -158.149704 -3.161893 0.620027
v -178.005997 2.123526 -0.000000
v -176.104599 -0.142446 0.564099
v -171.338394 0.163662 0.564099
v -170.825394 2.558243 -0.000000
v -169.098694 -1.703671 0.876338
v -171.890503 -2.551502 0.793494
v -170.053299 -3.333642 0.729691
v -173.254196 -1.970918 0.962950
v -167.886002 0.366673 0.564099
v -171.016403 -4.831841 0.000000
v -171.096695 -4.836639 0.529873
v -174.167496 -5.020189 0.535617
v -174.086395 -5.015338 0.000000
v -177.048996 -3.365352 0.537695
v -174.214096 -4.243607 0.825207
v -171.947006 -3.707253 0.537617
v -174.285004 -3.061889 0.546084
v -167.292297 -0.574329 0.716531
v -170.047394 -0.912682 1.149262
v -168.065201 -2.309935 1.253259
v -175.008499 -3.428798 0.684918
v -177.683304 -5.245962 0.522487
v -177.592697 -5.240547 0.000000
v -167.570496 -3.694354 0.637733
v -187.840103 1.521134 -0.000000
v -185.938705 -0.744838 0.564099
v -181.873703 -0.481684 0.564099
v -181.360596 1.912898 -0.000000
v -179.634003 -2.349016 0.876338
v -182.425797 -3.196848 0.793494
v -180.588593 -3.978988 0.729691
v -183.789505 -2.616264 0.962950
v -178.421295 -0.278673 0.564099
v -181.551697 -5.477187 0.000000
v -181.632004 -5.481984 0.529873
v -184.702805 -5.665534 0.535617
v -184.621704 -5.660685 0.000000
v -186.299606 -3.298897 0.551441
v -184.749405 -4.888951 0.825207
v -182.482300 -4.352599 0.537617
v -184.820297 -3.707235 0.546084
v -177.827606 -1.219674 0.716531
v -180.582703 -1.558027 1.149262
v -178.600403 -2.955280 1.253259
v -185.543793 -4.074143 0.684918
v -187.517395 -5.848362 0.522487
v -187.430603 -5.843172 0.011240
v -178.293594 -4.496742 0.622913
v -197.954697 0.901555 -0.000000
v -196.053299 -1.364417 0.564099
v -191.707794 -1.084076 0.564099
v -191.194702 1.310505 -0.000000
v -189.468002 -2.951408 0.876338
v -192.259903 -3.799240 0.793494
v -190.422699 -4.581380 0.729691
v -193.623596 -3.218656 0.962950
v -188.255402 -0.881065 0.564099
v -191.385803 -6.079579 0.000000
v -191.466095 -6.084377 0.529873
v -194.536896 -6.267927 0.535617
v -194.455704 -6.263076 0.000000
v -196.997803 -4.587323 0.537695
v -194.583496 -5.491343 0.825207
v -192.316406 -4.954991 0.537617
v -194.654404 -4.309628 0.546084
v -187.661697 -1.822067 0.716531
v -190.416794 -2.160420 1.149262
v -188.434494 -3.557673 1.253259
v -195.826508 -5.654672 0.684918
v -197.632095 -6.467940 0.522487
v -197.541504 -6.462519 0.000000
v -187.939896 -4.942092 0.637733
v -207.788803 0.299163 -0.000000
v -205.887405 -1.966809 0.564099
v -201.822495 -1.703655 0.564099
v -201.309402 0.690926 -0.000000
v -199.582703 -3.570987 0.876338
v -202.374496 -4.418819 0.793494
v -200.537292 -5.200959 0.729691
v -203.738205 -3.838235 0.962950
v -198.369995 -1.500644 0.564099
v -201.500397 -6.699159 0.000001
v -201.580704 -6.703956 0.529873
v -204.651596 -6.887506 0.535618
v -204.570404 -6.882655 0.000001
v -206.248306 -4.520868 0.551441
v -204.698196 -6.110922 0.825207
v -202.431000 -5.574571 0.537617
v -204.768997 -4.929206 0.546084
v -197.776306 -2.441645 0.716531
v -200.531403 -2.779998 1.149262
v -198.549194 -4.177251 1.253259
v -205.492493 -5.296114 0.684918
v -207.466095 -7.070333 0.522488
v -207.379303 -7.065144 0.011241
v -198.284195 -5.705124 0.618661
v -218.291901 -0.344212 0.000000
v -216.390503 -2.610185 0.564099
v -211.656494 -2.306047 0.564099
v -211.143402 0.088534 -0.000000
v -209.416794 -4.173379 0.876338
v -212.208603 -5.021212 0.793494
v -210.371399 -5.803351 0.729691
v -213.572296 -4.440627 0.962950
v -208.204102 -2.103036 0.564099
v -211.334503 -7.301551 0.000001
v -211.414795 -7.306349 0.529874
v -214.485596 -7.489899 0.535618
v -214.404404 -7.485047 0.000001
v -217.335007 -5.833090 0.537695
v -214.532196 -6.713314 0.825208
v -212.265106 -6.176962 0.537618
v -214.603104 -5.531598 0.546084
v -207.610397 -3.044038 0.716531
v -210.365494 -3.382391 1.149262
v -208.383194 -4.779644 1.253259
v -215.882004 -6.741886 0.684919
v -217.969299 -7.713709 0.522488
v -217.882401 -7.708520 0.011241
v -207.888596 -6.164063 0.637733
v -228.126007 -0.946605 0.000000
v -226.224594 -3.212577 0.564099
v -222.159698 -2.949422 0.564099
v -221.646606 -0.554841 0.000000
v -219.919907 -4.816755 0.876338
v -222.711700 -5.664586 0.793494
v -220.874496 -6.446726 0.729692
v -224.075394 -5.084002 0.962950
v -218.707199 -2.746411 0.564099
v -221.837601 -7.944925 0.000001
v -221.917892 -7.949723 0.529874
v -224.988800 -8.133273 0.535618
v -224.907593 -8.128423 0.000001
v -226.585495 -5.766635 0.551441
v -225.035400 -7.356690 0.825208
v -222.768204 -6.820337 0.537618
v -225.106201 -6.174973 0.546084
v -218.113495 -3.687413 0.716531
v -220.868607 -4.025766 1.149262
v -218.886398 -5.423019 1.253259
v -225.829697 -6.541883 0.684918
v -227.803299 -8.316100 0.522488
v -227.716507 -8.310911 0.011241
v -218.570297 -6.927271 0.625566
v -238.240707 -1.566183 0.000000
v -236.339294 -3.832156 0.564099
v -231.993698 -3.551814 0.564099
v -231.480606 -1.157233 0.000000
v -229.753998 -5.419147 0.876338
v -232.545807 -6.266979 0.793494
v -230.708603 -7.049118 0.729692
v -233.909500 -5.686395 0.962950
v -228.541306 -3.348804 0.564099
v -231.671707 -8.547318 0.000001
v -231.751999 -8.552115 0.529874
v -234.822800 -8.735665 0.535618
v -234.741699 -8.730815 0.000001
v -237.283707 -7.055061 0.537696
v -234.869400 -7.959083 0.825208
v -232.602295 -7.422729 0.537618
v -234.940308 -6.777367 0.546085
v -227.947601 -4.289805 0.716531
v -230.702698 -4.628159 1.149262
v -228.720398 -6.025412 1.253259
v -236.112396 -8.122410 0.684919
v -237.917999 -8.935679 0.522489
v -237.831207 -8.930490 0.011241
v -228.225800 -7.409830 0.637734
v -248.074707 -2.168576 0.000000
v -246.173294 -4.434548 0.564099
v -242.108398 -4.171393 0.564099
v -241.595306 -1.776812 0.000000
v -239.868607 -6.038726 0.876338
v -242.660400 -6.886558 0.793495
v -240.823196 -7.668697 0.729692
v -244.024094 -6.305973 0.962950
v -238.656006 -3.968382 0.564099
v -241.786407 -9.166892 0.000001
v -241.866699 -9.171693 0.529874
v -244.937500 -9.355243 0.535618
v -244.856293 -9.350392 0.000001
v -246.534302 -6.988606 0.551442
v -244.984100 -8.578662 0.825208
v -242.716904 -8.042309 0.537618
v -245.054993 -7.396944 0.546085
v -238.062302 -4.909385 0.716531
v -240.817398 -5.247737 1.149262
v -238.835098 -6.644990 1.253259
v -245.778503 -7.763853 0.684919
v -247.752106 -9.538073 0.522488
v -247.665207 -9.532883 0.011241
v -238.753693 -8.099340 0.620028
v -251.942505 -4.773786 0.564099
v -251.429398 -2.379204 0.000000
v -249.702698 -6.641118 0.876338
v -252.494507 -7.488951 0.793495
v -250.657303 -8.271091 0.729692
v -253.858200 -6.908365 0.962951
v -248.490005 -4.570775 0.564099
v -251.620407 -9.769293 0.000001
v -251.700699 -9.774082 0.529874
v -254.771606 -9.957632 0.535618
v -254.690399 -9.952783 0.000001
v -254.818207 -9.181052 0.825208
v -252.550995 -8.644702 0.537618
v -254.889008 -7.999337 0.546085
v -247.896301 -5.511776 0.716531
v -250.651398 -5.850129 1.149262
v -248.669205 -7.247382 1.253260
v -255.612503 -8.366245 0.684919
v -248.174606 -8.631802 0.637734
v -285.830200 -6.815584 -0.564098
v -279.655701 -6.452511 -0.564099
v -281.781097 -10.373713 -0.547577
v -282.148895 -7.920842 -0.559483
v -282.616913 -9.400832 -0.752794
v -288.168488 -9.758952 -0.564098
v -290.023804 -12.094453 -0.564098
v -285.567688 -11.828093 -0.555763
v -276.032990 -6.239489 -0.564099
v -284.264709 -8.626456 -0.557103
v -284.900513 -10.609142 -0.554972
v -283.531097 -10.505782 -0.551725
v -283.371796 -7.381680 -0.788596
v -283.119598 -11.071902 -0.804192
v -278.358002 -7.052583 -1.107134
v -280.656097 -8.693091 -1.096702
v -279.023804 -11.436953 -0.543523
v -277.778687 -9.342463 -1.074219
v -279.879486 -9.883742 -0.631227
v -271.966492 -6.000373 -0.564099
v -282.694885 -11.656383 -0.550390
v -276.392395 -8.817587 -0.551440
v -276.264893 -11.272042 -0.538363
v -269.726807 -7.867705 -0.876337
v -272.518585 -8.715537 -0.793493
v -270.681396 -9.497683 -0.729690
v -285.690704 -9.485183 -0.929397
v -273.882294 -8.134953 -0.962949
v -268.514099 -5.797362 -0.564099
v -271.724792 -11.000672 -0.529872
v -274.795593 -11.184222 -0.535616
v -274.842194 -10.407642 -0.825206
v -272.575104 -9.871292 -0.537616
v -274.913086 -9.225923 -0.546083
v -267.920410 -6.738363 -0.716530
v -266.212585 -5.637938 -0.564099
v -266.444611 -10.670492 -0.538363
v -270.675507 -7.076716 -1.149261
v -268.693207 -8.473969 -1.253258
v -266.572113 -8.216036 -0.551440
v -275.636597 -9.592833 -0.684917
v -278.180695 -8.029528 -0.890515
v -285.228790 -11.208902 -0.555361
v -281.580292 -11.073012 -0.751291
v -267.970703 -9.567722 -0.637531
v -262.146210 -5.398822 -0.564099
v -259.906403 -7.266154 -0.876337
v -262.698212 -8.113987 -0.793493
v -260.861115 -8.896127 -0.729690
v -264.061890 -7.533402 -0.962949
v -258.693787 -5.195811 -0.564099
v -261.904510 -10.399122 -0.529872
v -264.975311 -10.582672 -0.535616
v -265.021912 -9.806092 -0.825206
v -262.754791 -9.269743 -0.537616
v -265.092804 -8.624373 -0.546083
v -258.100098 -6.136813 -0.716531
v -256.008911 -5.012901 -0.564099
v -256.240906 -10.045463 -0.538363
v -260.855194 -6.475166 -1.149261
v -258.872894 -7.872419 -1.253258
v -257.321503 -8.282491 -0.537694
v -265.816315 -8.991282 -0.684917
v -145.620605 1.724871 -0.564099
v -141.555695 1.988025 -0.564099
v -139.315903 0.120693 -0.876338
v -142.107697 -0.727139 -0.793494
v -140.270493 -1.509279 -0.729691
v -143.471405 -0.146555 -0.962950
v -141.313904 -3.012275 -0.529873
v -144.384705 -3.195825 -0.535617
v -145.981506 -0.829188 -0.551441
v -144.431305 -2.419242 -0.825207
v -142.164200 -1.882890 -0.537617
v -144.502197 -1.237526 -0.546084
v -140.264603 0.911682 -1.149262
v -145.225693 -1.604434 -0.684918
v -147.199295 -3.378653 -0.522487
v -155.735199 1.105292 -0.564099
v -151.389694 1.385633 -0.564099
v -149.149902 -0.481699 -0.876338
v -151.941803 -1.329531 -0.793494
v -150.104599 -2.111671 -0.729691
v -153.305496 -0.748947 -0.962950
v -147.937302 1.588644 -0.564099
v -151.147995 -3.614668 -0.529873
v -154.218796 -3.798218 -0.535617
v -156.679703 -2.117614 -0.537695
v -154.265396 -3.021635 -0.825207
v -151.998306 -2.485282 -0.537617
v -154.336304 -1.839918 -0.546084
v -147.343597 0.647642 -0.716531
v -150.098694 0.309289 -1.149262
v -148.116394 -1.087964 -1.253259
v -155.508408 -3.184962 -0.684918
v -157.313995 -3.998232 -0.522487
v -147.621796 -2.472383 -0.637733
v -165.569305 0.502900 -0.564099
v -161.504395 0.766054 -0.564099
v -159.264603 -1.101278 -0.876338
v -162.056396 -1.949110 -0.793494
v -160.219193 -2.731250 -0.729691
v -163.420105 -1.368526 -0.962950
v -158.052002 0.969065 -0.564099
v -161.262695 -4.234246 -0.529873
v -164.333496 -4.417796 -0.535617
v -165.930298 -2.051159 -0.551441
v -164.380096 -3.641213 -0.825207
v -162.112900 -3.104861 -0.537617
v -164.450897 -2.459497 -0.546084
v -157.458206 0.028063 -0.716531
v -160.213303 -0.310289 -1.149262
v -158.231094 -1.707543 -1.253259
v -165.174393 -2.826405 -0.684918
v -167.148102 -4.600624 -0.522487
v -167.061203 -4.595435 -0.011240
v -158.149704 -3.161893 -0.620027
v -176.104599 -0.142446 -0.564099
v -171.338394 0.163662 -0.564099
v -169.098694 -1.703671 -0.876338
v -171.890503 -2.551502 -0.793494
v -170.053299 -3.333642 -0.729691
v -173.254196 -1.970918 -0.962950
v -167.886002 0.366673 -0.564099
v -171.096695 -4.836639 -0.529873
v -174.167496 -5.020189 -0.535617
v -177.048996 -3.365352 -0.537695
v -174.214096 -4.243607 -0.825207
v -171.947006 -3.707253 -0.537617
v -174.285004 -3.061889 -0.546084
v -167.292297 -0.574329 -0.716531
v -170.047394 -0.912682 -1.149262
v -168.065201 -2.309935 -1.253259
v -175.008499 -3.428798 -0.684918
v -177.683304 -5.245962 -0.522487
v -167.570496 -3.694354 -0.637733
v -185.938705 -0.744838 -0.564099
v -181.873703 -0.481684 -0.564099
v -179.634003 -2.349016 -0.876338
v -182.425797 -3.196848 -0.793494
v -180.588593 -3.978988 -0.729691
v -183.789505 -2.616264 -0.962950
v -178.421295 -0.278673 -0.564099
v -181.632004 -5.481984 -0.529873
v -184.702805 -5.665534 -0.535617
v -186.299606 -3.298897 -0.551441
v -184.749405 -4.888951 -0.825207
v -182.482300 -4.352599 -0.537617
v -184.820297 -3.707235 -0.546084
v -177.827606 -1.219674 -0.716531
v -180.582703 -1.558027 -1.149262
v -178.600403 -2.955280 -1.253259
v -185.543793 -4.074143 -0.684918
v -187.517395 -5.848362 -0.522487
v -187.430603 -5.843172 -0.011240
v -178.293594 -4.496742 -0.622913
v -196.053299 -1.364417 -0.564099
v -191.707794 -1.084076 -0.564099
v -189.468002 -2.951408 -0.876338
v -192.259903 -3.799240 -0.793494
v -190.422699 -4.581380 -0.729691
v -193.623596 -3.218656 -0.962950
v -188.255402 -0.881065 -0.564099
v -191.466095 -6.084377 -0.529873
v -194.536896 -6.267927 -0.535617
v -196.997803 -4.587323 -0.537695
v -194.583496 -5.491343 -0.825207
v -192.316406 -4.954991 -0.537617
v -194.654404 -4.309628 -0.546084
v -187.661697 -1.822067 -0.716531
v -190.416794 -2.160420 -1.149262
v -188.434494 -3.557673 -1.253259
v -195.826508 -5.654672 -0.684918
v -197.632095 -6.467940 -0.522487
v -187.939896 -4.942092 -0.637733
v -205.887405 -1.966809 -0.564099
v -201.822495 -1.703655 -0.564099
v -199.582703 -3.570987 -0.876338
v -202.374496 -4.418819 -0.793494
v -200.537292 -5.200959 -0.729691
v -203.738205 -3.838235 -0.962950
v -198.369995 -1.500644 -0.564099
v -201.580704 -6.703956 -0.529873
v -204.651596 -6.887506 -0.535616
v -206.248306 -4.520868 -0.551441
v -204.698196 -6.110922 -0.825207
v -202.431000 -5.574571 -0.537617
v -204.768997 -4.929206 -0.546084
v -197.776306 -2.441645 -0.716531
v -200.531403 -2.779998 -1.149262
v -198.549194 -4.177251 -1.253259
v -205.492493 -5.296114 -0.684918
v -207.466095 -7.070333 -0.522486
v -207.379303 -7.065144 -0.011239
v -198.284195 -5.705124 -0.618661
v -216.390503 -2.610185 -0.564099
v -211.656494 -2.306047 -0.564099
v -209.416794 -4.173379 -0.876338
v -212.208603 -5.021212 -0.793494
v -210.371399 -5.803351 -0.729691
v -213.572296 -4.440627 -0.962950
v -208.204102 -2.103036 -0.564099
v -211.414795 -7.306349 -0.529872
v -214.485596 -7.489899 -0.535616
v -217.335007 -5.833090 -0.537695
v -214.532196 -6.713314 -0.825206
v -212.265106 -6.176962 -0.537617
v -214.603104 -5.531598 -0.546084
v -207.610397 -3.044038 -0.716531
v -210.365494 -3.382391 -1.149262
v -208.383194 -4.779644 -1.253259
v -215.882004 -6.741886 -0.684917
v -217.969299 -7.713709 -0.522486
v -217.882401 -7.708520 -0.011239
v -207.888596 -6.164063 -0.637733
v -226.224594 -3.212577 -0.564099
v -222.159698 -2.949422 -0.564099
v -219.919907 -4.816755 -0.876338
v -222.711700 -5.664586 -0.793494
v -220.874496 -6.446726 -0.729691
v -224.075394 -5.084002 -0.962950
v -218.707199 -2.746411 -0.564099
v -221.917892 -7.949723 -0.529872
v -224.988800 -8.133273 -0.535616
v -226.585495 -5.766635 -0.551441
v -225.035400 -7.356690 -0.825206
v -222.768204 -6.820337 -0.537616
v -225.106201 -6.174973 -0.546084
v -218.113495 -3.687413 -0.716531
v -220.868607 -4.025766 -1.149262
v -218.886398 -5.423019 -1.253259
v -225.829697 -6.541883 -0.684918
v -227.803299 -8.316100 -0.522486
v -227.716507 -8.310911 -0.011239
v -218.570297 -6.927271 -0.625564
v -236.339294 -3.832156 -0.564099
v -231.993698 -3.551814 -0.564099
v -229.753998 -5.419147 -0.876338
v -232.545807 -6.266979 -0.793494
v -230.708603 -7.049118 -0.729690
v -233.909500 -5.686395 -0.962950
v -228.541306 -3.348804 -0.564099
v -231.751999 -8.552115 -0.529872
v -234.822800 -8.735665 -0.535616
v -237.283707 -7.055061 -0.537694
v -234.869400 -7.959083 -0.825206
v -232.602295 -7.422729 -0.537616
v -234.940308 -6.777367 -0.546083
v -227.947601 -4.289805 -0.716531
v -230.702698 -4.628159 -1.149262
v -228.720398 -6.025412 -1.253258
v -236.112396 -8.122410 -0.684917
v -237.917999 -8.935679 -0.522487
v -237.831207 -8.930490 -0.011239
v -228.225800 -7.409830 -0.637732
v -246.173294 -4.434548 -0.564099
v -242.108398 -4.171393 -0.564099
v -239.868607 -6.038726 -0.876338
v -242.660400 -6.886558 -0.793493
v -240.823196 -7.668697 -0.729690
v -244.024094 -6.305973 -0.962950
v -238.656006 -3.968382 -0.564099
v -241.866699 -9.171693 -0.529872
v -244.937500 -9.355243 -0.535616
v -246.534302 -6.988606 -0.551440
v -244.984100 -8.578662 -0.825206
v -242.716904 -8.042309 -0.537616
v -245.054993 -7.396944 -0.546083
v -238.062302 -4.909385 -0.716531
v -240.817398 -5.247737 -1.149262
v -238.835098 -6.644990 -1.253258
v -245.778503 -7.763853 -0.684917
v -247.752106 -9.538073 -0.522486
v -247.665207 -9.532883 -0.011239
v -238.753693 -8.099340 -0.620026
v -251.942505 -4.773786 -0.564099
v -249.702698 -6.641118 -0.876338
v -252.494507 -7.488951 -0.793493
v -250.657303 -8.271091 -0.729690
v -253.858200 -6.908365 -0.962949
v -248.490005 -4.570775 -0.564099
v -251.700699 -9.774082 -0.529872
v -254.771606 -9.957632 -0.535616
v -254.818207 -9.181052 -0.825206
v -252.550995 -8.644702 -0.537616
v -254.889008 -7.999337 -0.546083
v -247.896301 -5.511776 -0.716531
v -250.651398 -5.850129 -1.149261
v -248.669205 -7.247382 -1.253258
v -255.612503 -8.366245 -0.684917
v -248.174606 -8.631802 -0.637732
v -138.103195 2.191036 0.564099
v -137.687897 4.593235 -0.000000
v -137.509506 1.250035 0.716531
v -137.274704 -2.770838 0.000000
v -137.365295 -2.776261 0.522487
v -138.282394 -0.485571 1.253259
v -137.966293 -1.989824 0.625565
v -138.103195 2.191036 -0.564099
v -137.509506 1.250035 -0.716531
v -137.365295 -2.776261 -0.522487
v -138.282394 -0.485571 -1.253259
v -137.966293 -1.989824 -0.625565
v -137.966293 -1.989824 -0.103717
v -138.282394 -0.485571 -0.140816
v -137.509506 1.250035 -0.001472
v -138.103195 2.191036 -0.088077
vn -0.9988 -0.0488 -0.0000
vn -0.9988 -0.0498 -0.0000
vn -0.9988 -0.0489 -0.0000
vn -0.9981 -0.0619 0.0032
vn 0.2789 0.0372 0.9596
vn -0.1121 0.1026 0.9884
vn 0.0597 -0.9982 -0.0000
vn 0.0595 -0.9982 -0.0000
vn 0.0594 -0.9982 -0.0000
vn -0.0139 0.2334 0.9723
vn -0.0138 0.2342 0.9721
vn -0.0139 0.2331 0.9724
vn -0.0802 0.0804 0.9935
vn 0.0169 -0.1925 0.9812
vn -0.0177 0.3012 0.9534
vn -0.1138 -0.1022 0.9882
vn -0.0273 0.3905 0.9202
vn -0.0368 0.6256 0.7793
vn -0.3650 -0.0592 0.9291
vn -0.1676 -0.1474 0.9748
vn -0.0142 0.2329 0.9724
vn -0.0141 0.2328 0.9724
vn 0.3709 -0.0563 0.9270
vn 0.0171 -0.2551 0.9668
vn -0.0028 -0.0879 0.9961
vn 0.1689 0.1423 0.9753
vn -0.0114 0.1935 0.9810
vn -0.0146 0.2323 0.9725
vn -0.0145 0.2318 0.9727
vn 0.0621 -0.9981 -0.0008
vn 0.0596 -0.9982 -0.0000
vn -0.1666 0.0184 0.9858
vn 0.3485 0.0131 0.9372
vn 0.0679 0.2332 0.9701
vn -0.0091 0.1543 0.9880
vn -0.0098 0.1538 0.9880
vn -0.0145 0.2326 0.9725
vn 0.0069 -0.1365 0.9906
vn 0.0598 -0.9982 -0.0005
vn 0.0624 -0.9980 0.0004
vn -0.1591 0.3174 0.9348
vn 0.0287 -0.2174 0.9757
vn -0.0770 -0.2915 0.9535
vn 0.2923 0.1614 0.9426
vn -0.1076 -0.1491 0.9829
vn -0.1076 -0.1491 0.9830
vn -0.1224 -0.1253 0.9845
vn -0.1481 -0.0833 0.9855
vn 0.0707 -0.1211 0.9901
vn 0.0708 -0.1212 0.9901
vn -0.0770 -0.2915 0.9534
vn 0.2772 -0.1598 0.9474
vn -0.2136 0.3599 0.9082
vn -0.1983 0.2718 0.9417
vn -0.0830 0.2056 0.9751
vn -0.0831 0.2056 0.9751
vn -0.0830 0.2055 0.9751
vn 0.1207 0.3094 0.9432
vn -0.0349 -0.2083 0.9774
vn -0.0349 -0.2082 0.9775
vn -0.0348 -0.2082 0.9775
vn 0.2843 -0.2005 0.9375
vn -0.2725 0.1962 0.9420
vn 0.0236 -0.3655 0.9305
vn -0.0856 -0.4107 0.9077
vn 0.1324 -0.1916 0.9725
vn 0.0775 -0.2358 0.9687
vn 0.1040 -0.1797 0.9782
vn 0.0457 -0.3377 0.9401
vn -0.0257 -0.0705 0.9972
vn 0.0418 0.1510 0.9877
vn 0.0279 0.1469 0.9888
vn 0.2554 -0.1392 0.9568
vn -0.1583 0.1257 0.9794
vn 0.0112 -0.1569 0.9876
vn 0.3070 -0.0995 0.9465
vn -0.1274 0.1144 0.9852
vn 0.0561 -0.0122 0.9984
vn 0.0634 -0.0020 0.9980
vn 0.0452 -0.0272 0.9986
vn 0.1010 -0.0190 0.9947
vn -0.0106 0.1534 0.9881
vn 0.1297 -0.4200 0.8982
vn 0.1893 -0.3837 0.9038
vn 0.3322 -0.2865 0.8987
vn -0.1349 0.3470 0.9281
vn -0.2956 0.0875 0.9513
vn -0.0266 0.4526 0.8913
vn 0.0363 -0.2508 0.9674
vn 0.0363 -0.2508 0.9673
vn 0.2676 -0.0115 0.9635
vn -0.0727 -0.1392 0.9876
vn -0.1888 -0.0150 0.9819
vn -0.0145 0.2328 0.9724
vn -0.0146 0.2325 0.9725
vn -0.0028 -0.0880 0.9961
vn -0.0141 0.2317 0.9727
vn -0.0141 0.2322 0.9726
vn -0.1666 0.0184 0.9859
vn -0.0098 0.1539 0.9880
vn -0.0148 0.2313 0.9728
vn 0.0070 -0.1366 0.9906
vn 0.0597 -0.9982 -0.0005
vn 0.0624 -0.9981 0.0004
vn 0.4355 0.0833 0.8963
vn -0.1225 -0.1251 0.9846
vn 0.0489 0.0303 0.9983
vn 0.0979 -0.0473 0.9941
vn -0.0105 0.1535 0.9881
vn 0.1558 -0.6726 0.7234
vn -0.1349 0.3471 0.9281
vn -0.0140 0.2311 0.9728
vn -0.0142 0.2313 0.9728
vn -0.0142 0.2312 0.9728
vn -0.0142 0.2314 0.9728
vn -0.0126 0.1946 0.9808
vn -0.0139 0.2318 0.9727
vn -0.0141 0.2315 0.9727
vn 0.0597 -0.9982 -0.0010
vn 0.0650 -0.9979 0.0009
vn -0.1667 0.0187 0.9858
vn 0.0101 -0.1387 0.9903
vn 0.0644 -0.9979 -0.0018
vn 0.0595 -0.9982 -0.0001
vn -0.0643 -0.1269 0.9898
vn -0.0643 -0.1268 0.9898
vn -0.1252 0.0485 0.9909
vn -0.0140 0.2312 0.9728
vn -0.0141 0.2312 0.9728
vn -0.0142 0.2316 0.9727
vn -0.0125 0.1945 0.9808
vn -0.0139 0.2311 0.9728
vn 0.0646 -0.9979 0.0008
vn -0.1379 0.0323 0.9899
vn 0.0432 -0.3919 0.9190
vn 0.2903 0.1624 0.9431
vn -0.0175 0.1177 0.9929
vn 0.0641 -0.9979 -0.0017
vn -0.0123 -0.2609 0.9653
vn 0.0198 -0.1170 0.9929
vn 0.0999 -0.0190 0.9948
vn -0.0264 -0.4140 0.9099
vn 0.2676 -0.0114 0.9635
vn -0.1012 0.0261 0.9945
vn -0.1379 0.2198 0.9657
vn 0.1215 -0.0693 0.9902
vn 0.3303 -0.2824 0.9006
vn -0.0143 0.2316 0.9727
vn -0.0770 -0.2916 0.9534
vn 0.4354 0.0833 0.8964
vn 0.0650 -0.9979 0.0008
vn 0.0809 -0.0353 0.9961
vn 0.1137 -0.0415 0.9926
vn 0.3086 -0.3651 0.8783
vn -0.0139 0.2316 0.9727
vn 0.0598 -0.9982 -0.0009
vn 0.0641 -0.9979 0.0008
vn -0.1213 0.0274 0.9922
vn 0.0400 -0.3894 0.9202
vn 0.2903 0.1623 0.9431
vn -0.0510 0.4399 0.8966
vn 0.0637 -0.9980 -0.0015
vn 0.0596 -0.9982 -0.0001
vn -0.0517 -0.1204 0.9914
vn -0.0518 -0.1203 0.9914
vn 0.0198 -0.1171 0.9929
vn 0.0999 -0.0191 0.9948
vn -0.0715 0.0160 0.9973
vn -0.0348 -0.4006 0.9156
vn 0.0361 -0.0801 0.9961
vn -0.0402 -0.3920 0.9191
vn 0.0211 -0.1141 0.9932
vn 0.0831 -0.0656 0.9944
vn 0.1086 -0.0447 0.9931
vn 0.0580 -0.0861 0.9946
vn 0.0885 -0.3619 0.9280
vn 0.1141 -0.3565 0.9273
vn 0.3333 -0.2993 0.8941
vn -0.1252 0.0486 0.9909
vn -0.0139 0.2314 0.9728
vn -0.0139 0.2315 0.9727
vn 0.0646 -0.9979 0.0009
vn 0.0796 -0.0574 0.9952
vn 0.0984 -0.0412 0.9943
vn 0.0575 -0.0764 0.9954
vn 0.0931 -0.3681 0.9251
vn 0.1135 -0.3642 0.9244
vn 0.3282 -0.3132 0.8912
vn -0.0140 0.2313 0.9728
vn -0.0142 0.2317 0.9727
vn 0.0642 -0.9979 0.0008
vn -0.1224 0.0277 0.9921
vn 0.0402 -0.3895 0.9201
vn -0.0176 0.1323 0.9910
vn 0.0643 -0.9979 0.0007
vn -0.0189 -0.2296 0.9731
vn -0.0189 -0.2295 0.9731
vn -0.0875 0.0215 0.9959
vn -0.1054 0.2226 0.9692
vn -0.0139 0.2317 0.9727
vn 0.0649 -0.9979 0.0009
vn 0.0649 -0.9979 0.0008
vn 0.1108 -0.0454 0.9928
vn 0.3319 -0.3030 0.8933
vn 0.3086 -0.3652 0.8783
vn -0.0139 0.2319 0.9726
vn -0.0142 0.2320 0.9726
vn -0.1407 0.0485 0.9889
vn 0.0424 -0.3913 0.9193
vn -0.0551 0.4465 0.8931
vn -0.1076 -0.1490 0.9830
vn -0.0883 -0.0538 0.9946
vn -0.0441 -0.3856 0.9216
vn -0.0418 -0.3894 0.9201
vn 0.0259 -0.1032 0.9943
vn 0.0173 -0.4818 0.8761
vn 0.0328 -0.0444 0.9985
vn -0.0140 0.2383 -0.9711
vn -0.0143 0.2373 -0.9713
vn -0.0143 0.2346 -0.9720
vn -0.0139 0.2334 -0.9723
vn 0.2789 0.0372 -0.9596
vn -0.1121 0.1026 -0.9884
vn -0.0140 0.2332 -0.9723
vn -0.0802 0.0804 -0.9935
vn 0.0169 -0.1925 -0.9812
vn -0.0177 0.3012 -0.9534
vn -0.1138 -0.1022 -0.9882
vn -0.0273 0.3905 -0.9202
vn -0.0368 0.6256 -0.7793
vn -0.3650 -0.0592 -0.9291
vn -0.1676 -0.1474 -0.9748
vn -0.0142 0.2328 -0.9724
vn -0.0141 0.2328 -0.9724
vn 0.3709 -0.0563 -0.9270
vn 0.0171 -0.2551 -0.9668
vn -0.0028 -0.0879 -0.9961
vn 0.1689 0.1423 -0.9753
vn -0.0114 0.1935 -0.9810
vn -0.0145 0.2318 -0.9727
vn -0.0146 0.2323 -0.9725
vn -0.1666 0.0184 -0.9858
vn 0.3485 0.0131 -0.9372
vn 0.0679 0.2332 -0.9701
vn -0.0091 0.1543 -0.9880
vn -0.0098 0.1538 -0.9880
vn -0.0145 0.2325 -0.9725
vn 0.0069 -0.1365 -0.9906
vn 0.0624 -0.9980 -0.0004
vn -0.1591 0.3174 -0.9348
vn 0.0287 -0.2174 -0.9757
vn -0.0770 -0.2915 -0.9535
vn 0.2923 0.1614 -0.9426
vn -0.1076 -0.1491 -0.9829
vn -0.1224 -0.1253 -0.9845
vn -0.1076 -0.1491 -0.9830
vn -0.1481 -0.0833 -0.9855
vn 0.0707 -0.1211 -0.9901
vn 0.0708 -0.1212 -0.9901
vn 0.2772 -0.1598 -0.9474
vn -0.2136 0.3599 -0.9082
vn -0.1983 0.2718 -0.9417
vn -0.0830 0.2055 -0.9751
vn -0.0831 0.2056 -0.9751
vn -0.0830 0.2056 -0.9751
vn 0.1207 0.3094 -0.9432
vn -0.0348 -0.2083 -0.9774
vn -0.0349 -0.2082 -0.9775
vn -0.0349 -0.2083 -0.9774
vn 0.2843 -0.2005 -0.9375
vn -0.2725 0.1962 -0.9420
vn 0.0236 -0.3655 -0.9305
vn -0.0856 -0.4107 -0.9077
vn 0.1324 -0.1916 -0.9725
vn 0.0775 -0.2358 -0.9687
vn 0.1040 -0.1797 -0.9782
vn 0.0457 -0.3377 -0.9401
vn -0.0257 -0.0705 -0.9972
vn 0.0418 0.1510 -0.9877
vn 0.0279 0.1469 -0.9888
vn 0.2554 -0.1392 -0.9568
vn -0.1583 0.1257 -0.9794
vn 0.0112 -0.1569 -0.9876
vn 0.3070 -0.0995 -0.9465
vn -0.1274 0.1144 -0.9852
vn 0.0561 -0.0122 -0.9984
vn 0.0452 -0.0272 -0.9986
vn 0.0634 -0.0020 -0.9980
vn 0.1010 -0.0190 -0.9947
vn -0.0106 0.1534 -0.9881
vn 0.1297 -0.4200 -0.8982
vn 0.3322 -0.2865 -0.8987
vn 0.1893 -0.3837 -0.9038
vn -0.1349 0.3470 -0.9281
vn -0.2956 0.0875 -0.9513
vn -0.0266 0.4526 -0.8913
vn 0.0363 -0.2508 -0.9674
vn 0.0363 -0.2508 -0.9673
vn 0.2676 -0.0115 -0.9635
vn -0.0727 -0.1392 -0.9876
vn -0.1888 -0.0150 -0.9819
vn -0.0145 0.2327 -0.9724
vn -0.0146 0.2325 -0.9725
vn -0.0028 -0.0880 -0.9961
vn -0.0141 0.2323 -0.9725
vn -0.0141 0.2317 -0.9727
vn -0.1666 0.0184 -0.9859
vn -0.0098 0.1539 -0.9880
vn -0.0148 0.2313 -0.9728
vn 0.0070 -0.1366 -0.9906
vn 0.0625 -0.9980 -0.0004
vn -0.0770 -0.2915 -0.9534
vn 0.4355 0.0833 -0.8963
vn -0.1225 -0.1251 -0.9846
vn 0.0707 -0.1212 -0.9901
vn 0.0489 0.0303 -0.9983
vn 0.0979 -0.0473 -0.9941
vn -0.0105 0.1535 -0.9881
vn 0.1558 -0.6726 -0.7234
vn -0.1349 0.3471 -0.9281
vn -0.0140 0.2311 -0.9728
vn -0.0142 0.2313 -0.9728
vn -0.0141 0.2312 -0.9728
vn -0.0142 0.2314 -0.9728
vn -0.0126 0.1946 -0.9808
vn -0.0141 0.2315 -0.9727
vn -0.0139 0.2318 -0.9727
vn 0.0650 -0.9979 -0.0009
vn -0.1667 0.0187 -0.9858
vn 0.0101 -0.1387 -0.9903
vn 0.0595 -0.9982 0.0001
vn -0.0643 -0.1268 -0.9898
vn -0.1252 0.0485 -0.9909
vn -0.0140 0.2312 -0.9728
vn -0.0142 0.2316 -0.9727
vn -0.0125 0.1945 -0.9808
vn -0.0139 0.2311 -0.9728
vn 0.0647 -0.9979 -0.0009
vn -0.1379 0.0323 -0.9899
vn 0.0432 -0.3919 -0.9190
vn 0.2903 0.1624 -0.9431
vn -0.0175 0.1177 -0.9929
vn -0.0123 -0.2609 -0.9653
vn 0.0198 -0.1170 -0.9929
vn 0.0999 -0.0190 -0.9948
vn -0.0264 -0.4140 -0.9099
vn 0.2676 -0.0114 -0.9635
vn -0.1012 0.0261 -0.9945
vn -0.1379 0.2198 -0.9657
vn 0.1215 -0.0693 -0.9902
vn 0.3303 -0.2824 -0.9006
vn -0.0143 0.2316 -0.9727
vn -0.0770 -0.2916 -0.9534
vn 0.4354 0.0833 -0.8964
vn 0.0649 -0.9979 -0.0008
vn -0.0643 -0.1269 -0.9898
vn 0.0809 -0.0353 -0.9961
vn 0.1137 -0.0415 -0.9926
vn 0.3086 -0.3651 -0.8783
vn -0.0142 0.2312 -0.9728
vn -0.0139 0.2316 -0.9727
vn 0.0642 -0.9979 -0.0008
vn -0.1213 0.0274 -0.9922
vn 0.0400 -0.3894 -0.9202
vn 0.2903 0.1623 -0.9431
vn -0.0510 0.4399 -0.8966
vn -0.0517 -0.1204 -0.9914
vn -0.0517 -0.1203 -0.9914
vn 0.0198 -0.1171 -0.9929
vn 0.0999 -0.0191 -0.9948
vn -0.0715 0.0160 -0.9973
vn -0.0348 -0.4006 -0.9156
vn 0.0361 -0.0801 -0.9961
vn -0.0402 -0.3920 -0.9191
vn 0.0211 -0.1141 -0.9932
vn -0.0140 0.2313 -0.9728
vn 0.0650 -0.9979 -0.0008
vn 0.0831 -0.0656 -0.9944
vn 0.0580 -0.0861 -0.9946
vn 0.1086 -0.0447 -0.9931
vn 0.0885 -0.3619 -0.9280
vn 0.3333 -0.2993 -0.8941
vn 0.1141 -0.3565 -0.9273
vn -0.1252 0.0486 -0.9909
vn 0.0646 -0.9979 -0.0009
vn 0.0796 -0.0574 -0.9952
vn 0.0575 -0.0764 -0.9954
vn 0.0984 -0.0412 -0.9943
vn 0.0931 -0.3681 -0.9251
vn 0.3282 -0.3132 -0.8912
vn 0.1135 -0.3642 -0.9244
vn -0.0142 0.2317 -0.9727
vn -0.0141 0.2311 -0.9728
vn -0.1224 0.0277 -0.9921
vn 0.0402 -0.3895 -0.9201
vn -0.0176 0.1323 -0.9910
vn 0.0643 -0.9979 -0.0007
vn -0.0189 -0.2295 -0.9731
vn -0.0189 -0.2296 -0.9731
vn -0.0875 0.0215 -0.9959
vn -0.1054 0.2226 -0.9692
vn -0.0139 0.2317 -0.9727
vn 0.0649 -0.9979 -0.0009
vn 0.1108 -0.0454 -0.9928
vn 0.3319 -0.3030 -0.8933
vn -0.0139 0.2315 -0.9727
vn 0.0647 -0.9979 -0.0008
vn -0.0139 0.2314 -0.9728
vn 0.3086 -0.3652 -0.8783
vn -0.0139 0.2319 -0.9726
vn -0.0142 0.2320 -0.9726
vn -0.1407 0.0485 -0.9889
vn 0.0424 -0.3913 -0.9193
vn -0.0551 0.4465 -0.8931
vn -0.1076 -0.1490 -0.9830
vn -0.0883 -0.0538 -0.9946
vn -0.0441 -0.3856 -0.9216
vn -0.0418 -0.3894 -0.9201
vn 0.0259 -0.1032 -0.9943
vn 0.0173 -0.4818 -0.8761
vn 0.0328 -0.0444 -0.9985
vn 0.9854 -0.1704 -0.0000
vn 0.9956 0.0938 -0.0000
vn 0.9977 0.0685 -0.0000
vn 0.9921 -0.1253 -0.0000
vn 0.9912 -0.1322 -0.0000
vn 0.9872 -0.1597 -0.0000
vn 0.9909 -0.1345 -0.0000
vn 0.9274 0.3741 -0.0005
vn 0.9492 0.3147 -0.0000
vn 0.7480 0.6636 0.0092
vn 0.7624 0.6427 0.0754
vn 0.9493 0.3144 -0.0000
vn 0.7643 0.6371 -0.0996
vn 0.9902 -0.1399 -0.0000
vn 0.9894 -0.1450 -0.0000
vn 0.9956 0.0939 -0.0000
vt 0.101320 0.054495
vt 0.101299 0.071435
vt 0.094404 0.049081
vt 0.094459 0.078351
vt 0.112443 0.064912
vt 0.105276 0.064441
vt 0.109351 0.062690
vt 0.108629 0.047218
vt 0.103486 0.038218
vt 0.114535 0.041830
vt 0.114561 0.026464
vt 0.115474 0.054044
vt 0.118316 0.053584
vt 0.117401 0.041480
vt 0.101598 0.081623
vt 0.106833 0.058392
vt 0.112275 0.056271
vt 0.112231 0.060034
vt 0.103516 0.061121
vt 0.114202 0.060975
vt 0.104146 0.074885
vt 0.108027 0.068959
vt 0.116501 0.072452
vt 0.110451 0.076275
vt 0.112093 0.070358
vt 0.094026 0.094593
vt 0.100987 0.092889
vt 0.119271 0.072732
vt 0.119075 0.061968
vt 0.116254 0.062120
vt 0.109089 0.080732
vt 0.118982 0.080607
vt 0.116189 0.080360
vt 0.107199 0.098805
vt 0.109430 0.091233
vt 0.111888 0.096167
vt 0.108826 0.054074
vt 0.107180 0.087727
vt 0.101304 0.102498
vt 0.094288 0.105671
vt 0.118706 0.093328
vt 0.115984 0.093063
vt 0.119060 0.084809
vt 0.116334 0.084568
vt 0.113830 0.084492
vt 0.112843 0.090817
vt 0.110436 0.084626
vt 0.104147 0.104044
vt 0.101314 0.108938
vt 0.115843 0.107694
vt 0.118621 0.107901
vt 0.105030 0.096194
vt 0.108915 0.101588
vt 0.108684 0.107748
vt 0.111494 0.082576
vt 0.106781 0.075560
vt 0.113854 0.055175
vt 0.114675 0.065404
vt 0.112602 0.103691
vt 0.093813 0.121989
vt 0.100763 0.120167
vt 0.106939 0.125946
vt 0.109222 0.118424
vt 0.111768 0.123398
vt 0.106939 0.114910
vt 0.101235 0.129829
vt 0.094196 0.131499
vt 0.118508 0.120397
vt 0.115781 0.120189
vt 0.118733 0.111991
vt 0.116002 0.111780
vt 0.113491 0.111678
vt 0.112607 0.117991
vt 0.110105 0.111763
vt 0.104126 0.131340
vt 0.101378 0.137294
vt 0.115971 0.135845
vt 0.118763 0.135998
vt 0.104802 0.123393
vt 0.108448 0.128613
vt 0.110739 0.133301
vt 0.111133 0.109710
vt 0.096310 0.438392
vt 0.103394 0.443330
vt 0.095801 0.456271
vt 0.102762 0.454544
vt 0.108977 0.460419
vt 0.111146 0.452833
vt 0.113582 0.457766
vt 0.108905 0.449315
vt 0.103125 0.464160
vt 0.096059 0.465666
vt 0.120397 0.454998
vt 0.117679 0.454714
vt 0.120762 0.446518
vt 0.118025 0.446264
vt 0.110687 0.442193
vt 0.115486 0.446114
vt 0.114537 0.452430
vt 0.112091 0.446184
vt 0.105977 0.465718
vt 0.117565 0.465792
vt 0.120266 0.466007
vt 0.106800 0.457822
vt 0.113107 0.444118
vt 0.120666 0.438736
vt 0.117974 0.438491
vt 0.110759 0.463144
vt 0.096588 0.410400
vt 0.103682 0.415301
vt 0.096099 0.428990
vt 0.103074 0.427259
vt 0.109283 0.433167
vt 0.111481 0.425552
vt 0.113924 0.430509
vt 0.109229 0.421989
vt 0.103380 0.436864
vt 0.120766 0.427756
vt 0.118043 0.427465
vt 0.121190 0.419235
vt 0.118455 0.419013
vt 0.112817 0.412563
vt 0.115934 0.418905
vt 0.114900 0.425181
vt 0.112587 0.418937
vt 0.106210 0.438410
vt 0.107112 0.430548
vt 0.111034 0.435957
vt 0.116148 0.415521
vt 0.120856 0.410607
vt 0.118153 0.410410
vt 0.115404 0.437429
vt 0.096694 0.383132
vt 0.103808 0.388030
vt 0.096284 0.401006
vt 0.103237 0.399240
vt 0.109480 0.405076
vt 0.111617 0.397492
vt 0.114083 0.402424
vt 0.109356 0.393985
vt 0.103650 0.408852
vt 0.120882 0.399600
vt 0.118161 0.399336
vt 0.121196 0.391118
vt 0.118458 0.390880
vt 0.111097 0.386852
vt 0.115918 0.390746
vt 0.115005 0.397071
vt 0.112524 0.390835
vt 0.106513 0.410392
vt 0.107292 0.402495
vt 0.111264 0.407779
vt 0.113528 0.388763
vt 0.121000 0.383323
vt 0.118363 0.383104
vt 0.115740 0.408204
vt 0.096853 0.353992
vt 0.103962 0.358864
vt 0.096420 0.373735
vt 0.103390 0.371974
vt 0.109642 0.377833
vt 0.111787 0.370198
vt 0.114268 0.375142
vt 0.109494 0.366650
vt 0.103758 0.381566
vt 0.121099 0.372347
vt 0.118374 0.372071
vt 0.121509 0.363818
vt 0.118775 0.363610
vt 0.113061 0.356097
vt 0.116258 0.363508
vt 0.115218 0.369803
vt 0.112843 0.363589
vt 0.106597 0.383095
vt 0.107453 0.375230
vt 0.111408 0.380612
vt 0.113909 0.361559
vt 0.121068 0.354019
vt 0.118363 0.353841
vt 0.115787 0.382057
vt 0.115319 0.464207
vt 0.096729 0.326743
vt 0.103882 0.331582
vt 0.096473 0.344617
vt 0.103411 0.342802
vt 0.109705 0.348600
vt 0.111765 0.340978
vt 0.114268 0.345879
vt 0.109476 0.337491
vt 0.103901 0.352410
vt 0.121043 0.343008
vt 0.118322 0.342766
vt 0.121292 0.334524
vt 0.118551 0.334310
vt 0.111157 0.330344
vt 0.116010 0.334197
vt 0.115149 0.340527
vt 0.112618 0.334314
vt 0.106772 0.353938
vt 0.107492 0.346029
vt 0.111527 0.351306
vt 0.113604 0.332235
vt 0.121028 0.326733
vt 0.118390 0.326537
vt 0.116192 0.352263
vt 0.096618 0.298747
vt 0.103775 0.303550
vt 0.096384 0.317346
vt 0.103333 0.315518
vt 0.109626 0.321338
vt 0.111715 0.313693
vt 0.114228 0.318614
vt 0.109412 0.310164
vt 0.103776 0.325117
vt 0.121030 0.315762
vt 0.118304 0.315511
vt 0.121330 0.307232
vt 0.118593 0.307053
vt 0.112859 0.300696
vt 0.116071 0.306983
vt 0.115128 0.313273
vt 0.112725 0.307066
vt 0.106627 0.326624
vt 0.107417 0.318750
vt 0.111415 0.324103
vt 0.116233 0.303596
vt 0.120861 0.298610
vt 0.118155 0.298450
vt 0.115806 0.325512
vt 0.096335 0.271476
vt 0.103516 0.276272
vt 0.096182 0.289360
vt 0.103109 0.287494
vt 0.109442 0.293244
vt 0.111460 0.285618
vt 0.113996 0.290504
vt 0.109148 0.282146
vt 0.103660 0.297100
vt 0.120755 0.287597
vt 0.118032 0.287369
vt 0.120948 0.279111
vt 0.118206 0.278912
vt 0.110787 0.274990
vt 0.115664 0.278814
vt 0.114843 0.285148
vt 0.112271 0.278951
vt 0.106544 0.298601
vt 0.107213 0.290692
vt 0.111278 0.295930
vt 0.113245 0.276866
vt 0.120637 0.271322
vt 0.117998 0.271141
vt 0.115934 0.296765
vt 0.096088 0.242411
vt 0.103268 0.247186
vt 0.095931 0.262079
vt 0.102876 0.260214
vt 0.109202 0.265993
vt 0.111246 0.258332
vt 0.113790 0.263242
vt 0.108918 0.254813
vt 0.103374 0.269808
vt 0.120577 0.260353
vt 0.117849 0.260117
vt 0.120843 0.251828
vt 0.118103 0.251658
vt 0.112319 0.244284
vt 0.115577 0.251594
vt 0.114661 0.257895
vt 0.112231 0.251708
vt 0.106234 0.271297
vt 0.106979 0.263419
vt 0.111008 0.268748
vt 0.115320 0.247968
vt 0.120238 0.242149
vt 0.117591 0.242009
vt 0.115407 0.270131
vt 0.095669 0.215139
vt 0.102871 0.219903
vt 0.095600 0.233026
vt 0.102516 0.231128
vt 0.108874 0.236849
vt 0.110855 0.229212
vt 0.113412 0.234084
vt 0.108528 0.225751
vt 0.103116 0.240733
vt 0.120157 0.231147
vt 0.117433 0.230931
vt 0.120314 0.222661
vt 0.117571 0.222475
vt 0.110135 0.218587
vt 0.115028 0.222388
vt 0.114235 0.228725
vt 0.111637 0.222541
vt 0.106005 0.242221
vt 0.106634 0.234307
vt 0.110722 0.239529
vt 0.112601 0.220451
vt 0.119968 0.214875
vt 0.117328 0.214705
vt 0.115307 0.240480
vt 0.095257 0.187147
vt 0.102470 0.191875
vt 0.095226 0.205745
vt 0.102156 0.203844
vt 0.108509 0.209598
vt 0.110519 0.201930
vt 0.113083 0.206826
vt 0.108179 0.198424
vt 0.102698 0.213439
vt 0.119855 0.203905
vt 0.117126 0.203681
vt 0.120069 0.195375
vt 0.117330 0.195222
vt 0.111534 0.188913
vt 0.114806 0.195176
vt 0.113928 0.201476
vt 0.111461 0.195291
vt 0.105566 0.214915
vt 0.106274 0.207033
vt 0.110327 0.212344
vt 0.114937 0.191788
vt 0.119463 0.186751
vt 0.116815 0.186629
vt 0.114732 0.213707
vt 0.094714 0.159869
vt 0.101935 0.164598
vt 0.094724 0.177761
vt 0.101632 0.175826
vt 0.108015 0.181510
vt 0.109964 0.173876
vt 0.112550 0.178747
vt 0.107619 0.170424
vt 0.102279 0.185427
vt 0.119277 0.175758
vt 0.116551 0.175562
vt 0.119383 0.167279
vt 0.116639 0.167108
vt 0.109186 0.163253
vt 0.114097 0.167033
vt 0.113340 0.173375
vt 0.110708 0.167201
vt 0.105179 0.186897
vt 0.105764 0.178982
vt 0.109864 0.184169
vt 0.111661 0.165108
vt 0.118994 0.159506
vt 0.116353 0.159348
vt 0.114349 0.184484
vt 0.094237 0.150468
vt 0.101158 0.148521
vt 0.107520 0.154267
vt 0.109500 0.146590
vt 0.112075 0.151491
vt 0.107157 0.143066
vt 0.101733 0.158130
vt 0.118828 0.148579
vt 0.116099 0.148358
vt 0.119009 0.140141
vt 0.116287 0.139952
vt 0.113821 0.139875
vt 0.112902 0.146152
vt 0.110483 0.139961
vt 0.104603 0.159597
vt 0.105280 0.151703
vt 0.109348 0.157009
vt 0.111569 0.137930
vt 0.113756 0.158359
s 1
usemtl initialShadingGroup
f 1603/914/897 1604/915/898 1606/916/899
f 1606/916/899 1604/915/898 1605/917/900
f 1607/918/901 1608/919/901 1609/920/901
f 1610/921/902 1611/922/902 1613/923/902
f 1613/923/902 1611/922/902 1612/924/902
f 1615/925/903 1613/923/904 1614/926/903
f 1614/926/903 1613/923/904 1616/927/904
f 1616/927/904 1613/923/904 1612/924/905
f 1605/917/906 1604/915/907 1617/928/908
f 1608/919/909 1618/929/909 1609/920/909
f 1609/920/909 1618/929/909 1619/930/909
f 1619/930/910 1620/931/910 1609/920/910
f 1603/914/911 1621/932/911 1604/915/911
f 1603/914/912 1618/929/912 1621/932/912
f 1622/933/913 1607/918/913 1620/931/913
f 1604/915/914 1623/934/914 1617/928/914
f 1607/918/915 1624/935/915 1608/919/915
f 1625/936/916 1626/937/916 1627/938/916
f 1605/917/906 1617/928/908 1629/939/917
f 1629/939/917 1617/928/908 1628/940/918
f 1630/941/903 1625/936/903 1632/942/903
f 1632/942/903 1625/936/903 1631/943/903
f 1626/937/919 1633/944/919 1617/928/919
f 1634/945/903 1635/946/903 1630/941/903
f 1630/941/903 1635/946/903 1625/936/903
f 1635/946/920 1626/937/920 1625/936/920
f 1636/947/921 1637/948/921 1638/949/921
f 1603/914/922 1639/950/922 1618/929/922
f 1617/928/923 1640/951/923 1628/940/923
f 1628/940/918 1641/952/924 1629/939/917
f 1629/939/917 1641/952/924 1642/953/925
f 1643/954/926 1644/955/927 1646/956/903
f 1646/956/903 1644/955/927 1645/957/903
f 1633/944/928 1640/951/928 1617/928/928
f 1635/946/929 1633/944/929 1626/937/929
f 1647/958/930 1648/959/930 1649/960/930
f 1636/947/931 1650/961/932 1641/952/932
f 1642/953/925 1641/952/924 1651/962/933
f 1652/963/934 1638/949/934 1644/955/934
f 1653/964/935 1652/963/936 1643/954/926
f 1643/954/926 1652/963/936 1644/955/927
f 1640/951/937 1654/965/937 1628/940/937
f 1648/959/938 1637/948/938 1640/951/938
f 1633/944/939 1649/960/939 1640/951/939
f 1650/961/940 1655/966/940 1656/967/940
f 1633/944/930 1657/968/930 1649/960/930
f 1646/956/903 1645/957/903 1634/945/903
f 1634/945/903 1645/957/903 1635/946/903
f 1645/957/941 1647/958/942 1635/946/943
f 1635/946/943 1647/958/942 1657/968/944
f 1644/955/945 1648/959/945 1645/957/946
f 1645/957/946 1648/959/945 1647/958/946
f 1640/951/939 1649/960/939 1648/959/947
f 1658/969/948 1617/928/948 1623/934/948
f 1608/919/949 1623/934/949 1604/915/949
f 1624/935/950 1623/934/950 1608/919/950
f 1622/933/951 1620/931/952 1659/970/951
f 1659/970/951 1620/931/952 1619/930/953
f 1631/943/903 1615/925/903 1632/942/903
f 1632/942/903 1615/925/903 1614/926/903
f 1625/936/954 1607/918/954 1660/971/954
f 1631/943/955 1622/933/955 1615/925/956
f 1615/925/956 1622/933/955 1659/970/957
f 1631/943/958 1607/918/958 1622/933/958
f 1609/920/910 1620/931/910 1607/918/910
f 1631/943/959 1660/971/959 1607/918/959
f 1625/936/960 1660/971/960 1631/943/960
f 1624/935/961 1627/938/961 1626/937/961
f 1624/935/962 1658/969/962 1623/934/962
f 1621/932/963 1618/929/963 1608/919/963
f 1604/915/964 1621/932/964 1608/919/964
f 1607/918/965 1627/938/965 1624/935/965
f 1625/936/966 1627/938/966 1607/918/966
f 1626/937/967 1658/969/967 1624/935/967
f 1626/937/968 1617/928/968 1658/969/968
f 1615/925/969 1659/970/969 1639/950/969
f 1659/970/969 1619/930/969 1639/950/969
f 1613/923/970 1639/950/970 1610/921/970
f 1615/925/971 1639/950/971 1613/923/971
f 1639/950/972 1619/930/972 1618/929/972
f 1610/921/970 1639/950/970 1603/914/970
f 1603/914/973 1606/916/973 1610/921/973
f 1610/921/973 1606/916/973 1611/922/973
f 1652/963/974 1656/967/975 1661/972/976
f 1650/961/977 1656/967/977 1651/962/977
f 1641/952/932 1650/961/932 1651/962/978
f 1655/966/979 1661/972/980 1656/967/981
f 1636/947/982 1655/966/982 1650/961/982
f 1638/949/983 1655/966/983 1636/947/983
f 1641/952/984 1628/940/984 1654/965/984
f 1640/951/985 1637/948/985 1654/965/985
f 1654/965/985 1637/948/985 1636/947/986
f 1641/952/987 1654/965/987 1636/947/987
f 1644/955/988 1638/949/988 1648/959/988
f 1648/959/988 1638/949/988 1637/948/988
f 1635/946/943 1657/968/944 1633/944/989
f 1649/960/930 1657/968/930 1647/958/930
f 1642/953/925 1651/962/933 1663/973/990
f 1663/973/990 1651/962/933 1662/974/991
f 1664/975/992 1665/976/992 1666/977/992
f 1651/962/923 1667/978/923 1662/974/923
f 1662/974/991 1668/979/993 1663/973/990
f 1663/973/990 1668/979/993 1669/980/994
f 1670/981/926 1671/982/903 1673/983/903
f 1673/983/903 1671/982/903 1672/984/903
f 1656/967/995 1667/978/995 1651/962/995
f 1674/985/930 1675/986/930 1676/987/930
f 1664/975/931 1677/988/996 1668/979/996
f 1669/980/994 1668/979/993 1678/989/997
f 1679/990/998 1666/977/998 1671/982/998
f 1680/991/999 1679/990/1000 1670/981/926
f 1670/981/926 1679/990/1000 1671/982/903
f 1667/978/937 1681/992/937 1662/974/937
f 1675/986/938 1665/976/938 1667/978/938
f 1656/967/947 1676/987/939 1667/978/939
f 1677/988/1001 1682/993/1001 1683/994/1001
f 1656/967/930 1684/995/930 1676/987/930
f 1673/983/903 1672/984/903 1653/964/935
f 1653/964/935 1672/984/903 1652/963/936
f 1672/984/942 1674/985/942 1652/963/1002
f 1652/963/1002 1674/985/942 1684/995/944
f 1671/982/945 1675/986/945 1672/984/946
f 1672/984/946 1675/986/945 1674/985/946
f 1667/978/939 1676/987/939 1675/986/939
f 1679/990/1003 1683/994/1003 1666/977/1003
f 1677/988/1004 1683/994/1004 1678/989/1004
f 1668/979/996 1677/988/996 1678/989/1005
f 1666/977/1006 1683/994/1006 1682/993/1006
f 1664/975/1007 1682/993/1007 1677/988/1007
f 1666/977/983 1682/993/983 1664/975/983
f 1668/979/984 1662/974/984 1681/992/984
f 1667/978/985 1665/976/985 1681/992/985
f 1681/992/985 1665/976/985 1664/975/985
f 1668/979/987 1681/992/987 1664/975/987
f 1671/982/988 1666/977/988 1675/986/988
f 1675/986/988 1666/977/988 1665/976/988
f 1652/963/1002 1684/995/944 1656/967/989
f 1676/987/930 1684/995/930 1674/985/930
f 1685/996/1008 1686/997/1009 1688/998/1010
f 1688/998/1010 1686/997/1009 1687/999/1011
f 1689/1000/992 1690/1001/992 1691/1002/992
f 1686/997/1012 1692/1003/1012 1687/999/1012
f 1687/999/1011 2255/1004/1013 1688/998/1010
f 1688/998/1010 2255/1004/1013 2256/1005/1014
f 1693/1006/903 1694/1007/903 1696/1008/1015
f 1696/1008/1015 1694/1007/903 1695/1009/1016
f 1697/1010/1017 1692/1003/1017 1686/997/1017
f 1698/1011/930 1699/1012/930 1700/1013/930
f 1689/1000/931 2257/1014/931 2255/1004/931
f 2259/1015/1018 1691/1002/1018 1694/1007/1018
f 2258/1016/903 2259/1015/903 1693/1006/903
f 1693/1006/903 2259/1015/903 1694/1007/903
f 1692/1003/937 1701/1017/937 1687/999/937
f 1699/1012/938 1690/1001/938 1692/1003/938
f 1697/1010/939 1700/1013/939 1692/1003/939
f 1697/1010/930 1702/1018/930 1700/1013/930
f 1696/1008/1015 1695/1009/1016 1704/1019/1019
f 1704/1019/1019 1695/1009/1016 1703/1020/1020
f 1698/1011/1021 1702/1018/1022 1695/1009/1022
f 1695/1009/1022 1702/1018/1022 1703/1020/1022
f 1694/1007/945 1699/1012/945 1695/1009/946
f 1695/1009/946 1699/1012/945 1698/1011/946
f 1692/1003/939 1700/1013/939 1699/1012/939
f 1689/1000/1007 2260/1021/1007 2257/1014/1007
f 1691/1002/983 2260/1021/983 1689/1000/983
f 2255/1004/984 1687/999/984 1701/1017/984
f 1692/1003/985 1690/1001/985 1701/1017/985
f 1701/1017/985 1690/1001/985 1689/1000/985
f 2255/1004/987 1701/1017/987 1689/1000/987
f 1694/1007/988 1691/1002/988 1699/1012/988
f 1699/1012/988 1691/1002/988 1690/1001/988
f 1703/1020/1023 1702/1018/1023 1697/1010/1023
f 1700/1013/930 1702/1018/930 1698/1011/930
f 1705/1022/1024 1706/1023/1025 1708/1024/1026
f 1708/1024/1026 1706/1023/1025 1707/1025/1009
f 1709/1026/992 1710/1027/992 1711/1028/992
f 1706/1023/1027 1712/1029/1027 1707/1025/1027
f 1707/1025/1009 1713/1030/1028 1708/1024/1026
f 1708/1024/1026 1713/1030/1028 1685/996/1008
f 1714/1031/903 1715/1032/903 1717/1033/1015
f 1717/1033/1015 1715/1032/903 1716/1034/1029
f 1718/1035/1030 1712/1029/1030 1706/1023/1030
f 1719/1036/930 1720/1037/930 1721/1038/930
f 1709/1026/931 1722/1039/931 1713/1030/931
f 1685/996/1008 1713/1030/1028 1686/997/1009
f 1703/1020/1018 1711/1028/1018 1715/1032/1018
f 1704/1019/1019 1703/1020/1020 1714/1031/903
f 1714/1031/903 1703/1020/1020 1715/1032/903
f 1712/1029/937 1723/1040/937 1707/1025/937
f 1720/1037/938 1710/1027/938 1712/1029/938
f 1718/1035/1031 1721/1038/1031 1712/1029/1031
f 1722/1039/1032 1724/1041/1032 1697/1010/1032
f 1718/1035/1033 1725/1042/1033 1721/1038/1033
f 1717/1033/1015 1716/1034/1029 1727/1043/1034
f 1727/1043/1034 1716/1034/1029 1726/1044/1020
f 1719/1036/1035 1725/1042/1035 1716/1034/1035
f 1716/1034/1035 1725/1042/1035 1726/1044/1035
f 1715/1032/945 1720/1037/945 1716/1034/946
f 1716/1034/946 1720/1037/945 1719/1036/946
f 1712/1029/939 1721/1038/939 1720/1037/939
f 1703/1020/1036 1728/1045/1036 1711/1028/1036
f 1722/1039/1037 1697/1010/1037 1686/997/1037
f 1713/1030/931 1722/1039/931 1686/997/931
f 1711/1028/1038 1728/1045/1038 1724/1041/1038
f 1709/1026/1007 1724/1041/1007 1722/1039/1007
f 1711/1028/983 1724/1041/983 1709/1026/983
f 1713/1030/984 1707/1025/984 1723/1040/984
f 1712/1029/985 1710/1027/985 1723/1040/985
f 1723/1040/985 1710/1027/985 1709/1026/986
f 1713/1030/1039 1723/1040/1039 1709/1026/1039
f 1715/1032/988 1711/1028/988 1720/1037/988
f 1720/1037/988 1711/1028/988 1710/1027/988
f 1726/1044/1040 1725/1042/1040 1718/1035/1040
f 1721/1038/1041 1725/1042/1041 1719/1036/1041
f 1703/1020/1042 1697/1010/1042 1728/1045/1042
f 1724/1041/1043 1728/1045/1043 1697/1010/1043
f 1729/1046/1024 1730/1047/1009 1732/1048/1044
f 1732/1048/1044 1730/1047/1009 1731/1049/1011
f 1733/1050/992 1734/1051/992 1735/1052/992
f 1730/1047/1012 1736/1053/1012 1731/1049/1012
f 1731/1049/1011 1737/1054/1028 1732/1048/1044
f 1732/1048/1044 1737/1054/1028 1705/1022/1024
f 1738/1055/903 1739/1056/903 1741/1057/904
f 1741/1057/904 1739/1056/903 1740/1058/1016
f 1742/1059/1017 1736/1053/1017 1730/1047/1017
f 1743/1060/930 1744/1061/930 1745/1062/930
f 1733/1050/931 1746/1063/931 1737/1054/931
f 1705/1022/1024 1737/1054/1028 1706/1023/1025
f 1726/1044/1018 1735/1052/1018 1739/1056/1018
f 1727/1043/1034 1726/1044/1020 1738/1055/903
f 1738/1055/903 1726/1044/1020 1739/1056/903
f 1736/1053/937 1747/1064/937 1731/1049/937
f 1744/1061/938 1734/1051/938 1736/1053/938
f 1742/1059/1045 1745/1062/1045 1736/1053/939
f 1746/1063/1046 1748/1065/1046 1718/1035/1046
f 1742/1059/930 1749/1066/930 1745/1062/930
f 1741/1057/904 1740/1058/1016 1751/1067/1047
f 1751/1067/1047 1740/1058/1016 1750/1068/1020
f 1743/1060/1021 1749/1066/1022 1740/1058/1022
f 1740/1058/1022 1749/1066/1022 1750/1068/1022
f 1739/1056/945 1744/1061/945 1740/1058/946
f 1740/1058/946 1744/1061/945 1743/1060/946
f 1736/1053/939 1745/1062/1045 1744/1061/939
f 1726/1044/1048 1718/1035/1048 1752/1069/1048
f 1746/1063/1049 1718/1035/1049 1706/1023/1049
f 1737/1054/931 1746/1063/931 1706/1023/931
f 1748/1065/1050 1752/1069/1050 1718/1035/1050
f 1733/1050/1007 1748/1065/1007 1746/1063/1007
f 1735/1052/983 1748/1065/983 1733/1050/983
f 1737/1054/984 1731/1049/984 1747/1064/984
f 1736/1053/985 1734/1051/985 1747/1064/985
f 1747/1064/985 1734/1051/985 1733/1050/985
f 1737/1054/1039 1747/1064/1039 1733/1050/1039
f 1739/1056/988 1735/1052/988 1744/1061/988
f 1744/1061/988 1735/1052/988 1734/1051/988
f 1750/1068/1023 1749/1066/1023 1742/1059/1023
f 1745/1062/930 1749/1066/930 1743/1060/930
f 1753/1070/1024 1754/1071/1009 1756/1072/1009
f 1756/1072/1009 1754/1071/1009 1755/1073/1009
f 1757/1074/992 1758/1075/992 1759/1076/992
f 1754/1071/1027 1760/1077/1027 1755/1073/1027
f 1755/1073/1009 1761/1078/1051 1756/1072/1009
f 1756/1072/1009 1761/1078/1051 1729/1046/1024
f 1762/1079/903 1763/1080/903 1765/1081/1052
f 1765/1081/1052 1763/1080/903 1764/1082/1053
f 1766/1083/1054 1760/1077/1054 1754/1071/1054
f 1767/1084/930 1768/1085/930 1769/1086/930
f 1757/1074/931 1770/1087/931 1761/1078/931
f 1729/1046/1024 1761/1078/1051 1730/1047/1009
f 1750/1068/1018 1759/1076/1018 1763/1080/1018
f 1751/1067/1047 1750/1068/1020 1762/1079/903
f 1762/1079/903 1750/1068/1020 1763/1080/903
f 1760/1077/937 1771/1088/937 1755/1073/937
f 1768/1085/938 1758/1075/938 1760/1077/938
f 1766/1083/1055 1769/1086/1055 1760/1077/1055
f 1770/1087/1056 1772/1089/1056 1742/1059/1056
f 1766/1083/1057 1773/1090/1057 1769/1086/1057
f 1765/1081/1052 1764/1082/1053 1775/1091/1058
f 1775/1091/1058 1764/1082/1053 1774/1092/1059
f 1764/1082/1060 1767/1084/1060 1774/1092/1060
f 1767/1084/1060 1773/1090/1061 1774/1092/1060
f 1763/1080/945 1768/1085/945 1764/1082/946
f 1764/1082/946 1768/1085/945 1767/1084/946
f 1760/1077/939 1769/1086/939 1768/1085/939
f 1750/1068/1062 1776/1093/1062 1759/1076/1062
f 1770/1087/1063 1742/1059/1063 1730/1047/1063
f 1761/1078/931 1770/1087/931 1730/1047/931
f 1759/1076/1038 1776/1093/1038 1772/1089/1038
f 1757/1074/1007 1772/1089/1007 1770/1087/1007
f 1759/1076/983 1772/1089/983 1757/1074/983
f 1761/1078/984 1755/1073/984 1771/1088/984
f 1760/1077/985 1758/1075/985 1771/1088/985
f 1771/1088/985 1758/1075/985 1757/1074/985
f 1761/1078/1039 1771/1088/1039 1757/1074/1039
f 1763/1080/988 1759/1076/988 1768/1085/988
f 1768/1085/988 1759/1076/988 1758/1075/988
f 1774/1092/1064 1773/1090/1064 1766/1083/1064
f 1769/1086/930 1773/1090/930 1767/1084/930
f 1750/1068/1042 1742/1059/1042 1776/1093/1042
f 1772/1089/1043 1776/1093/1043 1742/1059/1043
f 1735/1052/1065 1752/1069/1065 1748/1065/1065
f 1726/1044/1066 1752/1069/1066 1735/1052/1066
f 1691/1002/1067 2261/1094/1067 2260/1021/1067
f 2259/1015/1068 2261/1094/1068 1691/1002/1068
f 1777/1095/1024 1778/1096/1009 1780/1097/1010
f 1780/1097/1010 1778/1096/1009 1779/1098/1009
f 1781/1099/992 1782/1100/992 1783/1101/992
f 1778/1096/1012 1784/1102/1012 1779/1098/1012
f 1779/1098/1009 1785/1103/1051 1780/1097/1010
f 1780/1097/1010 1785/1103/1051 1753/1070/1024
f 1786/1104/903 1787/1105/903 1789/1106/904
f 1789/1106/904 1787/1105/903 1788/1107/1016
f 1790/1108/1017 1784/1102/1017 1778/1096/1017
f 1791/1109/930 1792/1110/930 1793/1111/930
f 1781/1099/931 1794/1112/931 1785/1103/931
f 1753/1070/1024 1785/1103/1051 1754/1071/1009
f 1774/1092/1018 1783/1101/1018 1787/1105/1018
f 1775/1091/1058 1774/1092/1059 1786/1104/903
f 1786/1104/903 1774/1092/1059 1787/1105/903
f 1784/1102/937 1795/1113/937 1779/1098/937
f 1792/1110/938 1782/1100/938 1784/1102/938
f 1790/1108/947 1793/1111/939 1784/1102/939
f 1794/1112/1046 1796/1114/1046 1766/1083/1046
f 1790/1108/930 1797/1115/930 1793/1111/930
f 1789/1106/904 1788/1107/1016 1799/1116/1047
f 1799/1116/1047 1788/1107/1016 1798/1117/1020
f 1791/1109/1021 1797/1115/1022 1788/1107/1021
f 1788/1107/1021 1797/1115/1022 1798/1117/1022
f 1787/1105/945 1792/1110/945 1788/1107/946
f 1788/1107/946 1792/1110/945 1791/1109/946
f 1784/1102/939 1793/1111/939 1792/1110/939
f 1774/1092/1069 1766/1083/1070 1800/1118/1071
f 1794/1112/1049 1766/1083/1049 1754/1071/1049
f 1785/1103/931 1794/1112/931 1754/1071/931
f 1796/1114/1072 1800/1118/1073 1766/1083/1074
f 1781/1099/1007 1796/1114/1007 1794/1112/1007
f 1783/1101/983 1796/1114/983 1781/1099/983
f 1785/1103/984 1779/1098/984 1795/1113/984
f 1784/1102/985 1782/1100/985 1795/1113/985
f 1795/1113/985 1782/1100/985 1781/1099/985
f 1785/1103/987 1795/1113/987 1781/1099/987
f 1787/1105/988 1783/1101/988 1792/1110/988
f 1792/1110/988 1783/1101/988 1782/1100/988
f 1798/1117/1075 1797/1115/1075 1790/1108/1075
f 1793/1111/930 1797/1115/930 1791/1109/930
f 1801/1119/1076 1802/1120/1011 1804/1121/1010
f 1804/1121/1010 1802/1120/1011 1803/1122/1009
f 1805/1123/992 1806/1124/992 1807/1125/992
f 1802/1120/1027 1808/1126/1027 1803/1122/1027
f 1803/1122/1009 1809/1127/1077 1804/1121/1010
f 1804/1121/1010 1809/1127/1077 1777/1095/1024
f 1810/1128/903 1811/1129/903 1813/1130/1015
f 1813/1130/1015 1811/1129/903 1812/1131/1078
f 1814/1132/1030 1808/1126/1030 1802/1120/1030
f 1815/1133/930 1816/1134/930 1817/1135/930
f 1805/1123/931 1818/1136/931 1809/1127/931
f 1777/1095/1024 1809/1127/1077 1778/1096/1009
f 1798/1117/1018 1807/1125/1018 1811/1129/1018
f 1799/1116/1047 1798/1117/1020 1810/1128/903
f 1810/1128/903 1798/1117/1020 1811/1129/903
f 1808/1126/937 1819/1137/937 1803/1122/937
f 1816/1134/938 1806/1124/938 1808/1126/938
f 1814/1132/1031 1817/1135/1031 1808/1126/1031
f 1818/1136/1032 1820/1138/1032 1790/1108/1032
f 1814/1132/1033 1821/1139/1033 1817/1135/1033
f 1813/1130/1015 1812/1131/1078 1823/1140/1034
f 1823/1140/1034 1812/1131/1078 1822/1141/1020
f 1815/1133/1035 1821/1139/1035 1812/1131/1035
f 1812/1131/1035 1821/1139/1035 1822/1141/1035
f 1811/1129/945 1816/1134/945 1812/1131/946
f 1812/1131/946 1816/1134/945 1815/1133/946
f 1808/1126/939 1817/1135/939 1816/1134/939
f 1798/1117/1036 1824/1142/1036 1807/1125/1036
f 1818/1136/1037 1790/1108/1037 1778/1096/1037
f 1809/1127/931 1818/1136/931 1778/1096/931
f 1807/1125/1038 1824/1142/1038 1820/1138/1038
f 1805/1123/1007 1820/1138/1007 1818/1136/1007
f 1807/1125/983 1820/1138/983 1805/1123/983
f 1809/1127/984 1803/1122/984 1819/1137/984
f 1808/1126/985 1806/1124/985 1819/1137/985
f 1819/1137/985 1806/1124/985 1805/1123/986
f 1809/1127/1039 1819/1137/1039 1805/1123/1039
f 1811/1129/988 1807/1125/988 1816/1134/988
f 1816/1134/988 1807/1125/988 1806/1124/988
f 1822/1141/1040 1821/1139/1040 1814/1132/1040
f 1817/1135/1041 1821/1139/1041 1815/1133/1041
f 1798/1117/1042 1790/1108/1042 1824/1142/1042
f 1820/1138/1043 1824/1142/1043 1790/1108/1043
f 1825/1143/1024 1826/1144/1025 1828/1145/1010
f 1828/1145/1010 1826/1144/1025 1827/1146/1009
f 1829/1147/992 1830/1148/992 1831/1149/992
f 1826/1144/1012 1832/1150/1012 1827/1146/1012
f 1827/1146/1009 1833/1151/1051 1828/1145/1010
f 1828/1145/1010 1833/1151/1051 1801/1119/1076
f 1834/1152/903 1835/1153/903 1837/1154/904
f 1837/1154/904 1835/1153/903 1836/1155/1016
f 1838/1156/1017 1832/1150/1017 1826/1144/1017
f 1839/1157/930 1840/1158/930 1841/1159/930
f 1829/1147/931 1842/1160/931 1833/1151/931
f 1801/1119/1076 1833/1151/1051 1802/1120/1011
f 1822/1141/1018 1831/1149/1018 1835/1153/1018
f 1823/1140/1034 1822/1141/1020 1834/1152/903
f 1834/1152/903 1822/1141/1020 1835/1153/903
f 1832/1150/937 1843/1161/937 1827/1146/937
f 1840/1158/938 1830/1148/938 1832/1150/938
f 1838/1156/939 1841/1159/939 1832/1150/939
f 1842/1160/1046 1844/1162/1046 1814/1132/1046
f 1838/1156/930 1845/1163/930 1841/1159/930
f 1837/1154/904 1836/1155/1016 1847/1164/1047
f 1847/1164/1047 1836/1155/1016 1846/1165/1020
f 1839/1157/1022 1845/1163/1022 1836/1155/1022
f 1836/1155/1022 1845/1163/1022 1846/1165/1022
f 1835/1153/945 1840/1158/945 1836/1155/946
f 1836/1155/946 1840/1158/945 1839/1157/946
f 1832/1150/939 1841/1159/939 1840/1158/947
f 1822/1141/1079 1814/1132/1080 1848/1166/1081
f 1842/1160/1049 1814/1132/1049 1802/1120/1049
f 1833/1151/931 1842/1160/931 1802/1120/931
f 1844/1162/1082 1848/1166/1083 1814/1132/1084
f 1829/1147/1007 1844/1162/1007 1842/1160/1007
f 1831/1149/983 1844/1162/983 1829/1147/983
f 1833/1151/984 1827/1146/984 1843/1161/984
f 1832/1150/985 1830/1148/985 1843/1161/985
f 1843/1161/985 1830/1148/985 1829/1147/986
f 1833/1151/987 1843/1161/987 1829/1147/987
f 1835/1153/988 1831/1149/988 1840/1158/988
f 1840/1158/988 1831/1149/988 1830/1148/988
f 1846/1165/1075 1845/1163/1075 1838/1156/1075
f 1841/1159/930 1845/1163/930 1839/1157/930
f 1849/1167/1085 1850/1168/1009 1852/1169/1086
f 1852/1169/1086 1850/1168/1009 1851/1170/1026
f 1853/1171/992 1854/1172/992 1855/1173/992
f 1850/1168/1027 1856/1174/1027 1851/1170/1027
f 1851/1170/1026 1857/1175/1028 1852/1169/1086
f 1852/1169/1086 1857/1175/1028 1825/1143/1024
f 1858/1176/903 1859/1177/903 1861/1178/904
f 1861/1178/904 1859/1177/903 1860/1179/1087
f 1862/1180/1088 1856/1174/1088 1850/1168/1088
f 1863/1181/930 1864/1182/930 1865/1183/930
f 1853/1171/931 1866/1184/931 1857/1175/931
f 1825/1143/1024 1857/1175/1028 1826/1144/1025
f 1846/1165/1018 1855/1173/1018 1859/1177/1018
f 1847/1164/1047 1846/1165/1020 1858/1176/903
f 1858/1176/903 1846/1165/1020 1859/1177/903
f 1856/1174/937 1867/1185/937 1851/1170/937
f 1864/1182/938 1854/1172/938 1856/1174/938
f 1862/1180/1089 1865/1183/1089 1856/1174/1089
f 1866/1184/1032 1868/1186/1032 1838/1156/1032
f 1862/1180/1090 1869/1187/1090 1865/1183/1090
f 1861/1178/904 1860/1179/1087 1871/1188/1091
f 1871/1188/1091 1860/1179/1087 1870/1189/1020
f 1863/1181/1092 1869/1187/1093 1860/1179/1092
f 1860/1179/1092 1869/1187/1093 1870/1189/1093
f 1859/1177/945 1864/1182/945 1860/1179/946
f 1860/1179/946 1864/1182/945 1863/1181/946
f 1856/1174/939 1865/1183/939 1864/1182/939
f 1846/1165/1062 1872/1190/1062 1855/1173/1062
f 1866/1184/1063 1838/1156/1063 1826/1144/1063
f 1857/1175/931 1866/1184/931 1826/1144/931
f 1855/1173/1038 1872/1190/1038 1868/1186/1038
f 1853/1171/1007 1868/1186/1007 1866/1184/1007
f 1855/1173/983 1868/1186/983 1853/1171/983
f 1857/1175/984 1851/1170/984 1867/1185/984
f 1856/1174/985 1854/1172/985 1867/1185/985
f 1867/1185/985 1854/1172/985 1853/1171/986
f 1857/1175/987 1867/1185/987 1853/1171/987
f 1859/1177/988 1855/1173/988 1864/1182/988
f 1864/1182/988 1855/1173/988 1854/1172/988
f 1870/1189/1094 1869/1187/1094 1862/1180/1094
f 1865/1183/1095 1869/1187/1095 1863/1181/1095
f 1846/1165/1042 1838/1156/1042 1872/1190/1042
f 1868/1186/1043 1872/1190/1043 1838/1156/1043
f 1873/1191/1024 1874/1192/1025 1876/1193/1010
f 1876/1193/1010 1874/1192/1025 1875/1194/1009
f 1877/1195/992 1878/1196/992 1879/1197/992
f 1874/1192/1012 1880/1198/1012 1875/1194/1012
f 1875/1194/1009 1881/1199/1096 1876/1193/1010
f 1876/1193/1010 1881/1199/1096 1849/1167/1085
f 1882/1200/903 1883/1201/903 1885/1202/904
f 1885/1202/904 1883/1201/903 1884/1203/1097
f 1886/1204/1017 1880/1198/1017 1874/1192/1017
f 1887/1205/930 1888/1206/930 1889/1207/930
f 1877/1195/931 1890/1208/931 1881/1199/931
f 1849/1167/1085 1881/1199/1096 1850/1168/1009
f 1870/1189/1018 1879/1197/1018 1883/1201/1018
f 1871/1188/1091 1870/1189/1020 1882/1200/903
f 1882/1200/903 1870/1189/1020 1883/1201/903
f 1880/1198/937 1891/1209/937 1875/1194/937
f 1888/1206/938 1878/1196/938 1880/1198/938
f 1886/1204/939 1889/1207/939 1880/1198/939
f 1890/1208/1046 1892/1210/1046 1862/1180/1046
f 1886/1204/930 1893/1211/930 1889/1207/930
f 1885/1202/904 1884/1203/1097 1895/1212/1098
f 1895/1212/1098 1884/1203/1097 1894/1213/1020
f 1887/1205/1022 1893/1211/1022 1884/1203/1022
f 1884/1203/1022 1893/1211/1022 1894/1213/1022
f 1883/1201/945 1888/1206/945 1884/1203/946
f 1884/1203/946 1888/1206/945 1887/1205/946
f 1880/1198/939 1889/1207/939 1888/1206/939
f 1870/1189/1099 1862/1180/1099 1896/1214/1099
f 1890/1208/1049 1862/1180/1049 1850/1168/1049
f 1881/1199/931 1890/1208/931 1850/1168/931
f 1892/1210/1100 1896/1214/1100 1862/1180/1100
f 1877/1195/1007 1892/1210/1007 1890/1208/1007
f 1879/1197/983 1892/1210/983 1877/1195/983
f 1881/1199/984 1875/1194/984 1891/1209/984
f 1880/1198/985 1878/1196/985 1891/1209/985
f 1891/1209/985 1878/1196/985 1877/1195/985
f 1881/1199/987 1891/1209/987 1877/1195/987
f 1883/1201/988 1879/1197/988 1888/1206/988
f 1888/1206/988 1879/1197/988 1878/1196/988
f 1894/1213/1075 1893/1211/1075 1886/1204/1075
f 1889/1207/930 1893/1211/930 1887/1205/930
f 1897/1215/1024 1898/1216/1025 1900/1217/1026
f 1900/1217/1026 1898/1216/1025 1899/1218/1011
f 1901/1219/992 1902/1220/992 1903/1221/992
f 1898/1216/1027 1904/1222/1027 1899/1218/1027
f 1899/1218/1011 1905/1223/1077 1900/1217/1026
f 1900/1217/1026 1905/1223/1077 1873/1191/1024
f 1906/1224/903 1907/1225/903 1909/1226/904
f 1909/1226/904 1907/1225/903 1908/1227/1078
f 1910/1228/1030 1904/1222/1030 1898/1216/1030
f 1911/1229/930 1912/1230/930 1913/1231/930
f 1901/1219/931 1914/1232/931 1905/1223/931
f 1873/1191/1024 1905/1223/1077 1874/1192/1025
f 1894/1213/1018 1903/1221/1018 1907/1225/1018
f 1895/1212/1098 1894/1213/1020 1906/1224/903
f 1906/1224/903 1894/1213/1020 1907/1225/903
f 1904/1222/937 1915/1233/937 1899/1218/937
f 1912/1230/938 1902/1220/938 1904/1222/938
f 1910/1228/1031 1913/1231/1031 1904/1222/1031
f 1914/1232/1032 1916/1234/1032 1886/1204/1032
f 1910/1228/1033 1917/1235/1033 1913/1231/1033
f 1909/1226/904 1908/1227/1078 1919/1236/1029
f 1919/1236/1029 1908/1227/1078 1918/1237/1020
f 1911/1229/1035 1917/1235/1035 1908/1227/1035
f 1908/1227/1035 1917/1235/1035 1918/1237/1035
f 1907/1225/945 1912/1230/945 1908/1227/946
f 1908/1227/946 1912/1230/945 1911/1229/946
f 1904/1222/939 1913/1231/939 1912/1230/939
f 1894/1213/1062 1920/1238/1062 1903/1221/1062
f 1914/1232/1037 1886/1204/1037 1874/1192/1037
f 1905/1223/931 1914/1232/931 1874/1192/931
f 1903/1221/1038 1920/1238/1038 1916/1234/1038
f 1901/1219/1007 1916/1234/1007 1914/1232/1007
f 1903/1221/983 1916/1234/983 1901/1219/983
f 1905/1223/984 1899/1218/984 1915/1233/984
f 1904/1222/985 1902/1220/985 1915/1233/985
f 1915/1233/985 1902/1220/985 1901/1219/986
f 1905/1223/1039 1915/1233/1039 1901/1219/1039
f 1907/1225/988 1903/1221/988 1912/1230/988
f 1912/1230/988 1903/1221/988 1902/1220/988
f 1918/1237/1040 1917/1235/1040 1910/1228/1040
f 1913/1231/1041 1917/1235/1041 1911/1229/1041
f 1894/1213/1042 1886/1204/1042 1920/1238/1042
f 1916/1234/1043 1920/1238/1043 1886/1204/1043
f 1921/1239/1085 1922/1240/1009 1924/1241/1044
f 1924/1241/1044 1922/1240/1009 1923/1242/1011
f 1925/1243/992 1926/1244/992 1927/1245/992
f 1922/1240/1012 1928/1246/1012 1923/1242/1012
f 1923/1242/1011 1929/1247/1028 1924/1241/1044
f 1924/1241/1044 1929/1247/1028 1897/1215/1024
f 1930/1248/903 1931/1249/903 1933/1250/904
f 1933/1250/904 1931/1249/903 1932/1251/1016
f 1934/1252/1017 1928/1246/1017 1922/1240/1017
f 1935/1253/930 1936/1254/930 1937/1255/930
f 1925/1243/931 1938/1256/931 1929/1247/931
f 1897/1215/1024 1929/1247/1028 1898/1216/1025
f 1918/1237/1018 1927/1245/1018 1931/1249/1018
f 1919/1236/1029 1918/1237/1020 1930/1248/903
f 1930/1248/903 1918/1237/1020 1931/1249/903
f 1928/1246/937 1939/1257/937 1923/1242/937
f 1936/1254/938 1926/1244/938 1928/1246/938
f 1934/1252/939 1937/1255/939 1928/1246/939
f 1938/1256/1001 1940/1258/1001 1910/1228/1001
f 1934/1252/930 1941/1259/930 1937/1255/930
f 1933/1250/904 1932/1251/1016 1943/1260/1098
f 1943/1260/1098 1932/1251/1016 1942/1261/1020
f 1935/1253/1021 1941/1259/1021 1932/1251/1021
f 1932/1251/1021 1941/1259/1021 1942/1261/1022
f 1931/1249/945 1936/1254/945 1932/1251/946
f 1932/1251/946 1936/1254/945 1935/1253/946
f 1928/1246/939 1937/1255/939 1936/1254/939
f 1918/1237/1048 1910/1228/1048 1944/1262/1048
f 1938/1256/1049 1910/1228/1049 1898/1216/1049
f 1929/1247/931 1938/1256/931 1898/1216/931
f 1940/1258/1101 1944/1262/1101 1910/1228/1101
f 1925/1243/1007 1940/1258/1007 1938/1256/1007
f 1927/1245/983 1940/1258/983 1925/1243/983
f 1929/1247/984 1923/1242/984 1939/1257/984
f 1928/1246/985 1926/1244/985 1939/1257/985
f 1939/1257/985 1926/1244/985 1925/1243/986
f 1929/1247/1039 1939/1257/1039 1925/1243/1039
f 1931/1249/988 1927/1245/988 1936/1254/988
f 1936/1254/988 1927/1245/988 1926/1244/988
f 1942/1261/1075 1941/1259/1075 1934/1252/1075
f 1937/1255/930 1941/1259/930 1935/1253/930
f 1669/980/994 1678/989/997 1946/1263/1102
f 1946/1263/1102 1678/989/997 1945/1264/1103
f 1947/1265/992 1948/1266/992 1949/1267/992
f 1678/989/923 1950/1268/923 1945/1264/923
f 1945/1264/1103 1951/1269/1051 1946/1263/1102
f 1946/1263/1102 1951/1269/1051 1921/1239/1085
f 1952/1270/903 1953/1271/903 1955/1272/903
f 1955/1272/903 1953/1271/903 1954/1273/903
f 1683/994/1104 1950/1268/1104 1678/989/1104
f 1956/1274/930 1957/1275/930 1958/1276/930
f 1947/1265/931 1959/1277/931 1951/1269/931
f 1921/1239/1085 1951/1269/1051 1922/1240/1009
f 1942/1261/1018 1949/1267/1018 1953/1271/1018
f 1943/1260/1098 1942/1261/1020 1952/1270/903
f 1952/1270/903 1942/1261/1020 1953/1271/903
f 1950/1268/937 1960/1278/937 1945/1264/937
f 1957/1275/938 1948/1266/938 1950/1268/938
f 1683/994/1105 1958/1276/1105 1950/1268/1105
f 1959/1277/1056 1961/1279/1056 1934/1252/1056
f 1683/994/1106 1962/1280/1106 1958/1276/1106
f 1955/1272/903 1954/1273/903 1680/991/999
f 1680/991/999 1954/1273/903 1679/990/1000
f 1954/1273/942 1956/1274/942 1679/990/942
f 1679/990/942 1956/1274/942 1962/1280/1107
f 1953/1271/945 1957/1275/945 1954/1273/946
f 1954/1273/946 1957/1275/945 1956/1274/946
f 1950/1268/939 1958/1276/939 1957/1275/939
f 1942/1261/1036 1963/1281/1036 1949/1267/1036
f 1959/1277/1063 1934/1252/1063 1922/1240/1063
f 1951/1269/931 1959/1277/931 1922/1240/931
f 1949/1267/1038 1963/1281/1038 1961/1279/1038
f 1947/1265/1007 1961/1279/1007 1959/1277/1007
f 1949/1267/983 1961/1279/983 1947/1265/983
f 1951/1269/984 1945/1264/984 1960/1278/984
f 1950/1268/985 1948/1266/985 1960/1278/985
f 1960/1278/985 1948/1266/985 1947/1265/986
f 1951/1269/1039 1960/1278/1039 1947/1265/1039
f 1953/1271/988 1949/1267/988 1957/1275/988
f 1957/1275/988 1949/1267/988 1948/1266/988
f 1679/990/1108 1962/1280/1108 1683/994/1108
f 1958/1276/930 1962/1280/930 1956/1274/930
f 1942/1261/1042 1934/1252/1042 1963/1281/1042
f 1961/1279/1043 1963/1281/1043 1934/1252/1043
f 1927/1245/1065 1944/1262/1065 1940/1258/1065
f 1918/1237/1066 1944/1262/1066 1927/1245/1066
f 1879/1197/1067 1896/1214/1067 1892/1210/1067
f 1870/1189/1068 1896/1214/1068 1879/1197/1068
f 1783/1101/1109 1800/1118/1073 1796/1114/1072
f 1774/1092/1069 1800/1118/1071 1783/1101/1036
f 1831/1149/1110 1848/1166/1083 1844/1162/1082
f 1822/1141/1079 1848/1166/1081 1831/1149/1111
f 1638/949/1112 1661/972/980 1655/966/979
f 1652/963/974 1661/972/976 1638/949/1113
f 1964/914/1114 1606/916/1115 1965/915/1116
f 1965/915/1116 1606/916/1115 1605/917/1117
f 1966/918/1118 1968/920/1118 1967/919/1118
f 1969/921/1119 1970/923/1119 1611/922/1119
f 1611/922/1119 1970/923/1119 1612/924/1119
f 1616/927/904 1970/923/904 1614/926/903
f 1614/926/903 1970/923/904 1971/925/903
f 1616/927/904 1612/924/905 1970/923/904
f 1605/917/1117 1972/928/1120 1965/915/1116
f 1967/919/1121 1968/920/1121 1973/929/1121
f 1973/929/1121 1968/920/1121 1974/930/1121
f 1974/930/1122 1968/920/1122 1975/931/1122
f 1964/914/1123 1965/915/1123 1976/932/1123
f 1964/914/1124 1976/932/1124 1973/929/1124
f 1977/933/1125 1975/931/1125 1966/918/1125
f 1965/915/1126 1972/928/1126 1978/934/1126
f 1966/918/1127 1967/919/1127 1979/935/1127
f 1980/936/1128 1982/938/1128 1981/937/1128
f 1605/917/1117 1629/939/1129 1972/928/1120
f 1972/928/1120 1629/939/1129 1983/940/1130
f 1630/941/903 1632/942/903 1980/936/903
f 1980/936/903 1632/942/903 1984/943/903
f 1981/937/1131 1972/928/1131 1985/944/1131
f 1634/945/903 1630/941/903 1986/946/903
f 1986/946/903 1630/941/903 1980/936/903
f 1986/946/1132 1980/936/1132 1981/937/1132
f 1987/947/1133 1989/949/1133 1988/948/1133
f 1964/914/1134 1973/929/1134 1990/950/1134
f 1972/928/1135 1983/940/1135 1991/951/1135
f 1642/953/1136 1992/952/1137 1629/939/1129
f 1629/939/1129 1992/952/1137 1983/940/1130
f 1643/954/926 1646/956/903 1993/955/927
f 1993/955/927 1646/956/903 1994/957/903
f 1985/944/1138 1972/928/1138 1991/951/1138
f 1986/946/1139 1981/937/1139 1985/944/1139
f 1995/958/1140 1997/960/1140 1996/959/1140
f 1987/947/1141 1992/952/1142 1998/961/1142
f 1642/953/1136 1999/962/1143 1992/952/1137
f 2000/963/1144 1993/955/1144 1989/949/1144
f 1653/964/935 1643/954/926 2000/963/1145
f 2000/963/1145 1643/954/926 1993/955/927
f 1991/951/1146 1983/940/1146 2001/965/1146
f 1996/959/1147 1991/951/1147 1988/948/1147
f 1985/944/1148 1991/951/1148 1997/960/1148
f 1998/961/1149 2003/967/1149 2002/966/1149
f 1985/944/1140 1997/960/1140 2004/968/1140
f 1646/956/903 1634/945/903 1994/957/903
f 1994/957/903 1634/945/903 1986/946/903
f 1994/957/1150 1986/946/1151 1995/958/1152
f 1995/958/1152 1986/946/1151 2004/968/1153
f 1993/955/1154 1994/957/1155 1996/959/1154
f 1996/959/1154 1994/957/1155 1995/958/1155
f 1991/951/1148 1996/959/1148 1997/960/1148
f 2005/969/1156 1978/934/1156 1972/928/1156
f 1967/919/1157 1965/915/1157 1978/934/1157
f 1979/935/1158 1967/919/1158 1978/934/1158
f 1974/930/1159 1975/931/1160 2006/970/1159
f 2006/970/1159 1975/931/1160 1977/933/1161
f 1614/926/903 1971/925/903 1632/942/903
f 1632/942/903 1971/925/903 1984/943/903
f 1980/936/1162 2007/971/1162 1966/918/1162
f 1984/943/1163 1971/925/1164 1977/933/1165
f 1977/933/1165 1971/925/1164 2006/970/1164
f 1984/943/1166 1977/933/1166 1966/918/1166
f 1968/920/1122 1966/918/1122 1975/931/1122
f 1984/943/1167 1966/918/1167 2007/971/1167
f 1980/936/1168 1984/943/1168 2007/971/1168
f 1979/935/1169 1981/937/1169 1982/938/1169
f 1979/935/1170 1978/934/1170 2005/969/1170
f 1976/932/1171 1967/919/1171 1973/929/1171
f 1965/915/1172 1967/919/1172 1976/932/1172
f 1966/918/1173 1979/935/1173 1982/938/1173
f 1980/936/1174 1966/918/1174 1982/938/1174
f 1981/937/1175 1979/935/1175 2005/969/1175
f 1981/937/1176 2005/969/1176 1972/928/1176
f 1971/925/1177 1990/950/1177 2006/970/1177
f 1990/950/1177 1974/930/1177 2006/970/1177
f 1970/923/1178 1969/921/1178 1990/950/1178
f 1971/925/1179 1970/923/1179 1990/950/1179
f 1990/950/1180 1973/929/1180 1974/930/1180
f 1969/921/1178 1964/914/1178 1990/950/1178
f 1964/914/1181 1969/921/1181 1606/916/1181
f 1606/916/1181 1969/921/1181 1611/922/1181
f 2000/963/1182 2008/972/1183 2003/967/1184
f 1998/961/1185 1999/962/1185 2003/967/1185
f 1992/952/1142 1999/962/1186 1998/961/1142
f 2002/966/1187 2003/967/1188 2008/972/1189
f 1987/947/1190 1998/961/1190 2002/966/1190
f 1989/949/1191 1987/947/1191 2002/966/1191
f 1992/952/1192 2001/965/1192 1983/940/1192
f 1991/951/1193 2001/965/1193 1988/948/1193
f 1988/948/1193 2001/965/1193 1987/947/1194
f 1992/952/1195 1987/947/1195 2001/965/1195
f 1993/955/1196 1996/959/1196 1989/949/1196
f 1989/949/1196 1996/959/1196 1988/948/1196
f 1986/946/1151 1985/944/1197 2004/968/1153
f 1997/960/1140 1995/958/1140 2004/968/1140
f 1642/953/1136 1663/973/1198 1999/962/1143
f 1999/962/1143 1663/973/1198 2009/974/1199
f 2010/975/1200 2012/977/1200 2011/976/1200
f 1999/962/1135 2009/974/1135 2013/978/1135
f 1669/980/1201 2014/979/1202 1663/973/1198
f 1663/973/1198 2014/979/1202 2009/974/1199
f 1670/981/926 1673/983/903 2015/982/903
f 2015/982/903 1673/983/903 2016/984/903
f 2003/967/1203 1999/962/1203 2013/978/1203
f 2017/985/1140 2019/987/1140 2018/986/1140
f 2010/975/1141 2014/979/1204 2020/988/1204
f 1669/980/1201 2021/989/1205 2014/979/1202
f 2022/990/1206 2015/982/1206 2012/977/1206
f 1680/991/999 1670/981/926 2022/990/1207
f 2022/990/1207 1670/981/926 2015/982/903
f 2013/978/1146 2009/974/1146 2023/992/1146
f 2018/986/1147 2013/978/1147 2011/976/1147
f 2003/967/1208 2013/978/1148 2019/987/1148
f 2020/988/1209 2025/994/1209 2024/993/1209
f 2003/967/1140 2019/987/1140 2026/995/1140
f 1673/983/903 1653/964/935 2016/984/903
f 2016/984/903 1653/964/935 2000/963/1145
f 2016/984/1150 2000/963/1210 2017/985/1152
f 2017/985/1152 2000/963/1210 2026/995/1153
f 2015/982/1154 2016/984/1155 2018/986/1154
f 2018/986/1154 2016/984/1155 2017/985/1211
f 2013/978/1148 2018/986/1148 2019/987/1148
f 2022/990/1212 2012/977/1212 2025/994/1212
f 2020/988/1213 2021/989/1213 2025/994/1213
f 2014/979/1204 2021/989/1214 2020/988/1204
f 2012/977/1215 2024/993/1215 2025/994/1215
f 2010/975/1216 2020/988/1216 2024/993/1216
f 2012/977/1191 2010/975/1191 2024/993/1191
f 2014/979/1192 2023/992/1192 2009/974/1192
f 2013/978/1193 2023/992/1193 2011/976/1193
f 2011/976/1193 2023/992/1193 2010/975/1194
f 2014/979/1195 2010/975/1195 2023/992/1195
f 2015/982/1196 2018/986/1196 2012/977/1196
f 2012/977/1196 2018/986/1196 2011/976/1196
f 2000/963/1210 2003/967/1197 2026/995/1153
f 2019/987/1140 2017/985/1140 2026/995/1140
f 1685/996/1217 1688/998/1218 2027/997/1219
f 2027/997/1219 1688/998/1218 2028/999/1220
f 2029/1000/1200 2031/1002/1200 2030/1001/1200
f 2027/997/1221 2028/999/1221 2032/1003/1221
f 2256/1005/1222 2262/1004/1223 1688/998/1218
f 1688/998/1218 2262/1004/1223 2028/999/1220
f 1693/1006/903 1696/1008/1015 2033/1007/903
f 2033/1007/903 1696/1008/1015 2034/1009/1224
f 2035/1010/1225 2027/997/1225 2032/1003/1225
f 2036/1011/1140 2038/1013/1140 2037/1012/1140
f 2029/1000/1141 2262/1004/1141 2263/1014/1141
f 2264/1015/1226 2033/1007/1226 2031/1002/1226
f 2258/1016/903 1693/1006/903 2264/1015/903
f 2264/1015/903 1693/1006/903 2033/1007/903
f 2032/1003/1146 2028/999/1146 2039/1017/1146
f 2037/1012/1147 2032/1003/1147 2030/1001/1147
f 2035/1010/1148 2032/1003/1148 2038/1013/1148
f 2035/1010/1140 2038/1013/1140 2040/1018/1140
f 1696/1008/1015 1704/1019/1019 2034/1009/1224
f 2034/1009/1224 1704/1019/1019 2041/1020/1227
f 2041/1020/1228 2040/1018/1228 2034/1009/1228
f 2034/1009/1228 2040/1018/1228 2036/1011/1228
f 2033/1007/1154 2034/1009/1155 2037/1012/1154
f 2037/1012/1154 2034/1009/1155 2036/1011/1155
f 2032/1003/1148 2037/1012/1148 2038/1013/1148
f 2029/1000/1216 2263/1014/1216 2265/1021/1216
f 2031/1002/1191 2029/1000/1191 2265/1021/1191
f 2262/1004/1192 2039/1017/1192 2028/999/1192
f 2032/1003/1193 2039/1017/1193 2030/1001/1193
f 2030/1001/1193 2039/1017/1193 2029/1000/1193
f 2262/1004/1195 2029/1000/1195 2039/1017/1195
f 2033/1007/1196 2037/1012/1196 2031/1002/1196
f 2031/1002/1196 2037/1012/1196 2030/1001/1196
f 2041/1020/1229 2035/1010/1229 2040/1018/1229
f 2038/1013/1140 2036/1011/1140 2040/1018/1140
f 1705/1022/1230 1708/1024/1231 2042/1023/1219
f 2042/1023/1219 1708/1024/1231 2043/1025/1218
f 2044/1026/1200 2046/1028/1200 2045/1027/1200
f 2042/1023/1232 2043/1025/1232 2047/1029/1232
f 1685/996/1217 2048/1030/1233 1708/1024/1231
f 1708/1024/1231 2048/1030/1233 2043/1025/1218
f 1714/1031/903 1717/1033/1015 2049/1032/903
f 2049/1032/903 1717/1033/1015 2050/1034/1234
f 2051/1035/1235 2042/1023/1235 2047/1029/1235
f 2052/1036/1140 2054/1038/1140 2053/1037/1140
f 2044/1026/1141 2048/1030/1141 2055/1039/1141
f 1685/996/1217 2027/997/1219 2048/1030/1233
f 2041/1020/1226 2049/1032/1226 2046/1028/1226
f 1704/1019/1019 1714/1031/903 2041/1020/1227
f 2041/1020/1227 1714/1031/903 2049/1032/903
f 2047/1029/1146 2043/1025/1146 2056/1040/1146
f 2053/1037/1147 2047/1029/1147 2045/1027/1147
f 2051/1035/1236 2047/1029/1236 2054/1038/1236
f 2055/1039/1237 2035/1010/1237 2057/1041/1237
f 2051/1035/1238 2054/1038/1238 2058/1042/1238
f 1717/1033/1015 1727/1043/1034 2050/1034/1234
f 2050/1034/1234 1727/1043/1034 2059/1044/1227
f 2059/1044/1239 2058/1042/1239 2050/1034/1239
f 2050/1034/1239 2058/1042/1239 2052/1036/1239
f 2049/1032/1154 2050/1034/1155 2053/1037/1154
f 2053/1037/1154 2050/1034/1155 2052/1036/1155
f 2047/1029/1148 2053/1037/1148 2054/1038/1148
f 2041/1020/1240 2046/1028/1240 2060/1045/1240
f 2055/1039/1241 2027/997/1241 2035/1010/1241
f 2048/1030/1141 2027/997/1141 2055/1039/1141
f 2046/1028/1242 2057/1041/1242 2060/1045/1242
f 2044/1026/1216 2055/1039/1216 2057/1041/1216
f 2046/1028/1191 2044/1026/1191 2057/1041/1191
f 2048/1030/1192 2056/1040/1192 2043/1025/1192
f 2047/1029/1193 2056/1040/1193 2045/1027/1193
f 2045/1027/1193 2056/1040/1193 2044/1026/1194
f 2048/1030/1243 2044/1026/1243 2056/1040/1243
f 2049/1032/1196 2053/1037/1196 2046/1028/1196
f 2046/1028/1196 2053/1037/1196 2045/1027/1196
f 2059/1044/1244 2051/1035/1244 2058/1042/1244
f 2054/1038/1245 2052/1036/1245 2058/1042/1245
f 2041/1020/1246 2060/1045/1246 2035/1010/1246
f 2057/1041/1247 2035/1010/1247 2060/1045/1247
f 1729/1046/1230 1732/1048/1248 2061/1047/1218
f 2061/1047/1218 1732/1048/1248 2062/1049/1220
f 2063/1050/1200 2065/1052/1200 2064/1051/1200
f 2061/1047/1221 2062/1049/1221 2066/1053/1221
f 1705/1022/1230 2067/1054/1233 1732/1048/1248
f 1732/1048/1248 2067/1054/1233 2062/1049/1220
f 1738/1055/903 1741/1057/904 2068/1056/903
f 2068/1056/903 1741/1057/904 2069/1058/1224
f 2070/1059/1225 2061/1047/1225 2066/1053/1225
f 2071/1060/1140 2073/1062/1140 2072/1061/1140
f 2063/1050/1141 2067/1054/1141 2074/1063/1141
f 1705/1022/1230 2042/1023/1219 2067/1054/1233
f 2059/1044/1226 2068/1056/1226 2065/1052/1226
f 1727/1043/1034 1738/1055/903 2059/1044/1227
f 2059/1044/1227 1738/1055/903 2068/1056/903
f 2066/1053/1146 2062/1049/1146 2075/1064/1146
f 2072/1061/1147 2066/1053/1147 2064/1051/1147
f 2070/1059/1249 2066/1053/1148 2073/1062/1249
f 2074/1063/1250 2051/1035/1250 2076/1065/1250
f 2070/1059/1140 2073/1062/1140 2077/1066/1140
f 1741/1057/904 2079/1067/1251 2069/1058/1224
f 2069/1058/1224 2079/1067/1251 2078/1068/1227
f 2078/1068/1228 2077/1066/1228 2069/1058/1252
f 2069/1058/1252 2077/1066/1228 2071/1060/1228
f 2068/1056/1154 2069/1058/1155 2072/1061/1154
f 2072/1061/1154 2069/1058/1155 2071/1060/1155
f 2066/1053/1148 2072/1061/1148 2073/1062/1249
f 2059/1044/1253 2080/1069/1253 2051/1035/1253
f 2074/1063/1254 2042/1023/1254 2051/1035/1254
f 2067/1054/1141 2042/1023/1141 2074/1063/1141
f 2076/1065/1255 2051/1035/1255 2080/1069/1255
f 2063/1050/1216 2074/1063/1216 2076/1065/1216
f 2065/1052/1191 2063/1050/1191 2076/1065/1191
f 2067/1054/1192 2075/1064/1192 2062/1049/1192
f 2066/1053/1193 2075/1064/1193 2064/1051/1193
f 2064/1051/1193 2075/1064/1193 2063/1050/1193
f 2067/1054/1243 2063/1050/1243 2075/1064/1243
f 2068/1056/1196 2072/1061/1196 2065/1052/1196
f 2065/1052/1196 2072/1061/1196 2064/1051/1196
f 2078/1068/1229 2070/1059/1229 2077/1066/1229
f 2073/1062/1140 2071/1060/1140 2077/1066/1140
f 1753/1070/1230 1756/1072/1256 2081/1071/1218
f 2081/1071/1218 1756/1072/1256 2082/1073/1218
f 2083/1074/1200 2085/1076/1200 2084/1075/1200
f 2081/1071/1232 2082/1073/1232 2086/1077/1232
f 1729/1046/1230 2087/1078/1257 1756/1072/1256
f 1756/1072/1256 2087/1078/1257 2082/1073/1218
f 1762/1079/903 1765/1081/1052 2088/1080/903
f 2088/1080/903 1765/1081/1052 2089/1082/1258
f 2090/1083/1259 2081/1071/1259 2086/1077/1259
f 2091/1084/1140 2093/1086/1140 2092/1085/1140
f 2083/1074/1141 2087/1078/1141 2094/1087/1141
f 1729/1046/1230 2061/1047/1218 2087/1078/1257
f 2078/1068/1226 2088/1080/1226 2085/1076/1226
f 2079/1067/1251 1762/1079/903 2078/1068/1227
f 2078/1068/1227 1762/1079/903 2088/1080/903
f 2086/1077/1146 2082/1073/1146 2095/1088/1146
f 2092/1085/1147 2086/1077/1147 2084/1075/1147
f 2090/1083/1260 2086/1077/1260 2093/1086/1260
f 2094/1087/1261 2070/1059/1261 2096/1089/1261
f 2090/1083/1262 2093/1086/1262 2097/1090/1262
f 1765/1081/1052 1775/1091/1058 2089/1082/1258
f 2089/1082/1258 1775/1091/1058 2098/1092/1227
f 2089/1082/1263 2098/1092/1263 2091/1084/1263
f 2098/1092/1263 2097/1090/1264 2091/1084/1263
f 2088/1080/1154 2089/1082/1155 2092/1085/1154
f 2092/1085/1154 2089/1082/1155 2091/1084/1155
f 2086/1077/1148 2092/1085/1148 2093/1086/1148
f 2078/1068/1265 2085/1076/1265 2099/1093/1265
f 2094/1087/1266 2061/1047/1266 2070/1059/1266
f 2087/1078/1141 2061/1047/1141 2094/1087/1141
f 2085/1076/1242 2096/1089/1242 2099/1093/1242
f 2083/1074/1216 2094/1087/1216 2096/1089/1216
f 2085/1076/1191 2083/1074/1191 2096/1089/1191
f 2087/1078/1192 2095/1088/1192 2082/1073/1192
f 2086/1077/1193 2095/1088/1193 2084/1075/1193
f 2084/1075/1193 2095/1088/1193 2083/1074/1193
f 2087/1078/1243 2083/1074/1243 2095/1088/1243
f 2088/1080/1196 2092/1085/1196 2085/1076/1196
f 2085/1076/1196 2092/1085/1196 2084/1075/1196
f 2098/1092/1267 2090/1083/1267 2097/1090/1267
f 2093/1086/1140 2091/1084/1140 2097/1090/1140
f 2078/1068/1246 2099/1093/1246 2070/1059/1246
f 2096/1089/1247 2070/1059/1247 2099/1093/1247
f 2065/1052/1268 2076/1065/1268 2080/1069/1268
f 2059/1044/1269 2065/1052/1269 2080/1069/1269
f 2031/1002/1270 2265/1021/1270 2266/1094/1270
f 2264/1015/1271 2031/1002/1271 2266/1094/1271
f 1777/1095/1272 1780/1097/1218 2100/1096/1218
f 2100/1096/1218 1780/1097/1218 2101/1098/1218
f 2102/1099/1200 2104/1101/1200 2103/1100/1200
f 2100/1096/1221 2101/1098/1221 2105/1102/1221
f 1753/1070/1230 2106/1103/1257 1780/1097/1218
f 1780/1097/1218 2106/1103/1257 2101/1098/1218
f 1786/1104/903 1789/1106/904 2107/1105/903
f 2107/1105/903 1789/1106/904 2108/1107/1224
f 2109/1108/1225 2100/1096/1225 2105/1102/1225
f 2110/1109/1140 2112/1111/1140 2111/1110/1140
f 2102/1099/1141 2106/1103/1141 2113/1112/1141
f 1753/1070/1230 2081/1071/1218 2106/1103/1257
f 2098/1092/1226 2107/1105/1226 2104/1101/1226
f 1775/1091/1058 1786/1104/903 2098/1092/1227
f 2098/1092/1227 1786/1104/903 2107/1105/903
f 2105/1102/1146 2101/1098/1146 2114/1113/1146
f 2111/1110/1147 2105/1102/1147 2103/1100/1147
f 2109/1108/1208 2105/1102/1148 2112/1111/1148
f 2113/1112/1250 2090/1083/1250 2115/1114/1250
f 2109/1108/1140 2112/1111/1140 2116/1115/1140
f 1789/1106/904 2118/1116/1273 2108/1107/1224
f 2108/1107/1224 2118/1116/1273 2117/1117/1227
f 2117/1117/1228 2116/1115/1228 2108/1107/1228
f 2108/1107/1228 2116/1115/1228 2110/1109/1228
f 2107/1105/1154 2108/1107/1155 2111/1110/1154
f 2111/1110/1154 2108/1107/1155 2110/1109/1155
f 2105/1102/1148 2111/1110/1148 2112/1111/1148
f 2098/1092/1274 2119/1118/1275 2090/1083/1276
f 2113/1112/1254 2081/1071/1254 2090/1083/1254
f 2106/1103/1141 2081/1071/1141 2113/1112/1141
f 2115/1114/1277 2090/1083/1278 2119/1118/1279
f 2102/1099/1216 2113/1112/1216 2115/1114/1216
f 2104/1101/1191 2102/1099/1191 2115/1114/1191
f 2106/1103/1192 2114/1113/1192 2101/1098/1192
f 2105/1102/1193 2114/1113/1193 2103/1100/1193
f 2103/1100/1193 2114/1113/1193 2102/1099/1194
f 2106/1103/1195 2102/1099/1195 2114/1113/1195
f 2107/1105/1196 2111/1110/1196 2104/1101/1196
f 2104/1101/1196 2111/1110/1196 2103/1100/1196
f 2117/1117/1280 2109/1108/1280 2116/1115/1280
f 2112/1111/1140 2110/1109/1140 2116/1115/1140
f 1801/1119/1272 1804/1121/1231 2120/1120/1219
f 2120/1120/1219 1804/1121/1231 2121/1122/1218
f 2122/1123/1200 2124/1125/1200 2123/1124/1200
f 2120/1120/1232 2121/1122/1232 2125/1126/1232
f 1777/1095/1272 2126/1127/1257 1804/1121/1231
f 1804/1121/1231 2126/1127/1257 2121/1122/1218
f 1810/1128/903 1813/1130/1015 2127/1129/903
f 2127/1129/903 1813/1130/1015 2128/1131/1281
f 2129/1132/1235 2120/1120/1235 2125/1126/1235
f 2130/1133/1140 2132/1135/1140 2131/1134/1140
f 2122/1123/1141 2126/1127/1141 2133/1136/1141
f 1777/1095/1272 2100/1096/1218 2126/1127/1257
f 2117/1117/1226 2127/1129/1226 2124/1125/1226
f 2118/1116/1273 1810/1128/903 2117/1117/1227
f 2117/1117/1227 1810/1128/903 2127/1129/903
f 2125/1126/1146 2121/1122/1146 2134/1137/1146
f 2131/1134/1147 2125/1126/1147 2123/1124/1147
f 2129/1132/1236 2125/1126/1236 2132/1135/1236
f 2133/1136/1237 2109/1108/1237 2135/1138/1237
f 2129/1132/1238 2132/1135/1238 2136/1139/1238
f 1813/1130/1015 1823/1140/1034 2128/1131/1281
f 2128/1131/1281 1823/1140/1034 2137/1141/1227
f 2137/1141/1239 2136/1139/1239 2128/1131/1239
f 2128/1131/1239 2136/1139/1239 2130/1133/1239
f 2127/1129/1154 2128/1131/1155 2131/1134/1154
f 2131/1134/1154 2128/1131/1155 2130/1133/1155
f 2125/1126/1148 2131/1134/1148 2132/1135/1148
f 2117/1117/1240 2124/1125/1240 2138/1142/1240
f 2133/1136/1241 2100/1096/1241 2109/1108/1241
f 2126/1127/1141 2100/1096/1141 2133/1136/1141
f 2124/1125/1242 2135/1138/1242 2138/1142/1242
f 2122/1123/1216 2133/1136/1216 2135/1138/1216
f 2124/1125/1191 2122/1123/1191 2135/1138/1191
f 2126/1127/1192 2134/1137/1192 2121/1122/1192
f 2125/1126/1193 2134/1137/1193 2123/1124/1193
f 2123/1124/1193 2134/1137/1193 2122/1123/1194
f 2126/1127/1243 2122/1123/1243 2134/1137/1243
f 2127/1129/1196 2131/1134/1196 2124/1125/1196
f 2124/1125/1196 2131/1134/1196 2123/1124/1196
f 2137/1141/1244 2129/1132/1244 2136/1139/1244
f 2132/1135/1245 2130/1133/1245 2136/1139/1245
f 2117/1117/1246 2138/1142/1246 2109/1108/1246
f 2135/1138/1247 2109/1108/1247 2138/1142/1247
f 1825/1143/1230 1828/1145/1256 2139/1144/1219
f 2139/1144/1219 1828/1145/1256 2140/1146/1218
f 2141/1147/1200 2143/1149/1200 2142/1148/1200
f 2139/1144/1221 2140/1146/1221 2144/1150/1221
f 1801/1119/1272 2145/1151/1257 1828/1145/1256
f 1828/1145/1256 2145/1151/1257 2140/1146/1218
f 1834/1152/903 1837/1154/904 2146/1153/903
f 2146/1153/903 1837/1154/904 2147/1155/1224
f 2148/1156/1225 2139/1144/1225 2144/1150/1225
f 2149/1157/1140 2151/1159/1140 2150/1158/1140
f 2141/1147/1141 2145/1151/1141 2152/1160/1141
f 1801/1119/1272 2120/1120/1219 2145/1151/1257
f 2137/1141/1226 2146/1153/1226 2143/1149/1226
f 1823/1140/1034 1834/1152/903 2137/1141/1227
f 2137/1141/1227 1834/1152/903 2146/1153/903
f 2144/1150/1146 2140/1146/1146 2153/1161/1146
f 2150/1158/1147 2144/1150/1147 2142/1148/1147
f 2148/1156/1148 2144/1150/1148 2151/1159/1148
f 2152/1160/1250 2129/1132/1250 2154/1162/1250
f 2148/1156/1140 2151/1159/1140 2155/1163/1140
f 1837/1154/904 2157/1164/1273 2147/1155/1224
f 2147/1155/1224 2157/1164/1273 2156/1165/1227
f 2156/1165/1228 2155/1163/1228 2147/1155/1228
f 2147/1155/1228 2155/1163/1228 2149/1157/1228
f 2146/1153/1154 2147/1155/1155 2150/1158/1154
f 2150/1158/1154 2147/1155/1155 2149/1157/1155
f 2144/1150/1148 2150/1158/1148 2151/1159/1148
f 2137/1141/1282 2158/1166/1283 2129/1132/1284
f 2152/1160/1254 2120/1120/1254 2129/1132/1254
f 2145/1151/1141 2120/1120/1141 2152/1160/1141
f 2154/1162/1285 2129/1132/1286 2158/1166/1287
f 2141/1147/1216 2152/1160/1216 2154/1162/1216
f 2143/1149/1191 2141/1147/1191 2154/1162/1191
f 2145/1151/1192 2153/1161/1192 2140/1146/1192
f 2144/1150/1193 2153/1161/1193 2142/1148/1193
f 2142/1148/1193 2153/1161/1193 2141/1147/1194
f 2145/1151/1195 2141/1147/1195 2153/1161/1195
f 2146/1153/1196 2150/1158/1196 2143/1149/1196
f 2143/1149/1196 2150/1158/1196 2142/1148/1196
f 2156/1165/1280 2148/1156/1280 2155/1163/1280
f 2151/1159/1140 2149/1157/1140 2155/1163/1140
f 1849/1167/1272 1852/1169/1288 2159/1168/1289
f 2159/1168/1289 1852/1169/1288 2160/1170/1231
f 2161/1171/1200 2163/1173/1200 2162/1172/1200
f 2159/1168/1232 2160/1170/1232 2164/1174/1232
f 1825/1143/1230 2165/1175/1233 1852/1169/1288
f 1852/1169/1288 2165/1175/1233 2160/1170/1231
f 1858/1176/903 1861/1178/904 2166/1177/903
f 2166/1177/903 1861/1178/904 2167/1179/1258
f 2168/1180/1290 2159/1168/1290 2164/1174/1290
f 2169/1181/1140 2171/1183/1140 2170/1182/1140
f 2161/1171/1141 2165/1175/1141 2172/1184/1141
f 1825/1143/1230 2139/1144/1219 2165/1175/1233
f 2156/1165/1226 2166/1177/1226 2163/1173/1226
f 2157/1164/1273 1858/1176/903 2156/1165/1227
f 2156/1165/1227 1858/1176/903 2166/1177/903
f 2164/1174/1146 2160/1170/1146 2173/1185/1146
f 2170/1182/1147 2164/1174/1147 2162/1172/1147
f 2168/1180/1291 2164/1174/1291 2171/1183/1291
f 2172/1184/1237 2148/1156/1237 2174/1186/1237
f 2168/1180/1292 2171/1183/1292 2175/1187/1292
f 1861/1178/904 2177/1188/1293 2167/1179/1258
f 2167/1179/1258 2177/1188/1293 2176/1189/1227
f 2176/1189/1294 2175/1187/1294 2167/1179/1295
f 2167/1179/1295 2175/1187/1294 2169/1181/1295
f 2166/1177/1154 2167/1179/1155 2170/1182/1154
f 2170/1182/1154 2167/1179/1155 2169/1181/1155
f 2164/1174/1148 2170/1182/1148 2171/1183/1148
f 2156/1165/1265 2163/1173/1265 2178/1190/1265
f 2172/1184/1266 2139/1144/1266 2148/1156/1266
f 2165/1175/1141 2139/1144/1141 2172/1184/1141
f 2163/1173/1242 2174/1186/1242 2178/1190/1242
f 2161/1171/1216 2172/1184/1216 2174/1186/1216
f 2163/1173/1191 2161/1171/1191 2174/1186/1191
f 2165/1175/1192 2173/1185/1192 2160/1170/1192
f 2164/1174/1193 2173/1185/1193 2162/1172/1193
f 2162/1172/1193 2173/1185/1193 2161/1171/1193
f 2165/1175/1195 2161/1171/1195 2173/1185/1195
f 2166/1177/1196 2170/1182/1196 2163/1173/1196
f 2163/1173/1196 2170/1182/1196 2162/1172/1196
f 2176/1189/1296 2168/1180/1296 2175/1187/1296
f 2171/1183/1297 2169/1181/1297 2175/1187/1297
f 2156/1165/1246 2178/1190/1246 2148/1156/1246
f 2174/1186/1247 2148/1156/1247 2178/1190/1247
f 1873/1191/1230 1876/1193/1218 2179/1192/1219
f 2179/1192/1219 1876/1193/1218 2180/1194/1218
f 2181/1195/1200 2183/1197/1200 2182/1196/1200
f 2179/1192/1221 2180/1194/1221 2184/1198/1221
f 1849/1167/1272 2185/1199/1298 1876/1193/1218
f 1876/1193/1218 2185/1199/1298 2180/1194/1218
f 1882/1200/903 1885/1202/904 2186/1201/903
f 2186/1201/903 1885/1202/904 2187/1203/1299
f 2188/1204/1225 2179/1192/1225 2184/1198/1225
f 2189/1205/1140 2191/1207/1140 2190/1206/1140
f 2181/1195/1141 2185/1199/1141 2192/1208/1141
f 1849/1167/1272 2159/1168/1289 2185/1199/1298
f 2176/1189/1226 2186/1201/1226 2183/1197/1226
f 2177/1188/1293 1882/1200/903 2176/1189/1227
f 2176/1189/1227 1882/1200/903 2186/1201/903
f 2184/1198/1146 2180/1194/1146 2193/1209/1146
f 2190/1206/1147 2184/1198/1147 2182/1196/1147
f 2188/1204/1148 2184/1198/1148 2191/1207/1148
f 2192/1208/1250 2168/1180/1250 2194/1210/1250
f 2188/1204/1140 2191/1207/1140 2195/1211/1140
f 1885/1202/904 2197/1212/1251 2187/1203/1299
f 2187/1203/1299 2197/1212/1251 2196/1213/1227
f 2196/1213/1228 2195/1211/1228 2187/1203/1252
f 2187/1203/1252 2195/1211/1228 2189/1205/1228
f 2186/1201/1154 2187/1203/1155 2190/1206/1154
f 2190/1206/1154 2187/1203/1155 2189/1205/1155
f 2184/1198/1148 2190/1206/1148 2191/1207/1148
f 2176/1189/1300 2198/1214/1300 2168/1180/1300
f 2192/1208/1254 2159/1168/1254 2168/1180/1254
f 2185/1199/1141 2159/1168/1141 2192/1208/1141
f 2194/1210/1301 2168/1180/1301 2198/1214/1301
f 2181/1195/1216 2192/1208/1216 2194/1210/1216
f 2183/1197/1191 2181/1195/1191 2194/1210/1191
f 2185/1199/1192 2193/1209/1192 2180/1194/1192
f 2184/1198/1193 2193/1209/1193 2182/1196/1193
f 2182/1196/1193 2193/1209/1193 2181/1195/1193
f 2185/1199/1195 2181/1195/1195 2193/1209/1195
f 2186/1201/1196 2190/1206/1196 2183/1197/1196
f 2183/1197/1196 2190/1206/1196 2182/1196/1196
f 2196/1213/1280 2188/1204/1280 2195/1211/1280
f 2191/1207/1140 2189/1205/1140 2195/1211/1140
f 1897/1215/1230 1900/1217/1231 2199/1216/1219
f 2199/1216/1219 1900/1217/1231 2200/1218/1220
f 2201/1219/1200 2203/1221/1200 2202/1220/1200
f 2199/1216/1232 2200/1218/1232 2204/1222/1232
f 1873/1191/1230 2205/1223/1302 1900/1217/1231
f 1900/1217/1231 2205/1223/1302 2200/1218/1220
f 1906/1224/903 1909/1226/904 2206/1225/903
f 2206/1225/903 1909/1226/904 2207/1227/1281
f 2208/1228/1235 2199/1216/1235 2204/1222/1235
f 2209/1229/1140 2211/1231/1140 2210/1230/1140
f 2201/1219/1141 2205/1223/1141 2212/1232/1141
f 1873/1191/1230 2179/1192/1219 2205/1223/1302
f 2196/1213/1226 2206/1225/1226 2203/1221/1226
f 2197/1212/1251 1906/1224/903 2196/1213/1227
f 2196/1213/1227 1906/1224/903 2206/1225/903
f 2204/1222/1146 2200/1218/1146 2213/1233/1146
f 2210/1230/1147 2204/1222/1147 2202/1220/1147
f 2208/1228/1236 2204/1222/1236 2211/1231/1236
f 2212/1232/1237 2188/1204/1237 2214/1234/1237
f 2208/1228/1238 2211/1231/1238 2215/1235/1238
f 1909/1226/904 2217/1236/1303 2207/1227/1281
f 2207/1227/1281 2217/1236/1303 2216/1237/1227
f 2216/1237/1239 2215/1235/1239 2207/1227/1239
f 2207/1227/1239 2215/1235/1239 2209/1229/1239
f 2206/1225/1154 2207/1227/1155 2210/1230/1154
f 2210/1230/1154 2207/1227/1155 2209/1229/1155
f 2204/1222/1148 2210/1230/1148 2211/1231/1148
f 2196/1213/1265 2203/1221/1265 2218/1238/1265
f 2212/1232/1266 2179/1192/1266 2188/1204/1266
f 2205/1223/1141 2179/1192/1141 2212/1232/1141
f 2203/1221/1242 2214/1234/1242 2218/1238/1242
f 2201/1219/1216 2212/1232/1216 2214/1234/1216
f 2203/1221/1191 2201/1219/1191 2214/1234/1191
f 2205/1223/1192 2213/1233/1192 2200/1218/1192
f 2204/1222/1193 2213/1233/1193 2202/1220/1193
f 2202/1220/1193 2213/1233/1193 2201/1219/1194
f 2205/1223/1243 2201/1219/1243 2213/1233/1243
f 2206/1225/1196 2210/1230/1196 2203/1221/1196
f 2203/1221/1196 2210/1230/1196 2202/1220/1196
f 2216/1237/1244 2208/1228/1244 2215/1235/1244
f 2211/1231/1245 2209/1229/1245 2215/1235/1245
f 2196/1213/1246 2218/1238/1246 2188/1204/1246
f 2214/1234/1247 2188/1204/1247 2218/1238/1247
f 1921/1239/1304 1924/1241/1248 2219/1240/1218
f 2219/1240/1218 1924/1241/1248 2220/1242/1220
f 2221/1243/1200 2223/1245/1200 2222/1244/1200
f 2219/1240/1221 2220/1242/1221 2224/1246/1221
f 1897/1215/1230 2225/1247/1233 1924/1241/1248
f 1924/1241/1248 2225/1247/1233 2220/1242/1220
f 1930/1248/903 1933/1250/904 2226/1249/903
f 2226/1249/903 1933/1250/904 2227/1251/1224
f 2228/1252/1225 2219/1240/1225 2224/1246/1225
f 2229/1253/1140 2231/1255/1140 2230/1254/1140
f 2221/1243/1141 2225/1247/1141 2232/1256/1141
f 1897/1215/1230 2199/1216/1219 2225/1247/1233
f 2216/1237/1226 2226/1249/1226 2223/1245/1226
f 2217/1236/1303 1930/1248/903 2216/1237/1227
f 2216/1237/1227 1930/1248/903 2226/1249/903
f 2224/1246/1146 2220/1242/1146 2233/1257/1146
f 2230/1254/1147 2224/1246/1147 2222/1244/1147
f 2228/1252/1148 2224/1246/1148 2231/1255/1148
f 2232/1256/1209 2208/1228/1209 2234/1258/1209
f 2228/1252/1140 2231/1255/1140 2235/1259/1140
f 1933/1250/904 2237/1260/1251 2227/1251/1224
f 2227/1251/1224 2237/1260/1251 2236/1261/1227
f 2236/1261/1228 2235/1259/1252 2227/1251/1228
f 2227/1251/1228 2235/1259/1252 2229/1253/1228
f 2226/1249/1154 2227/1251/1155 2230/1254/1154
f 2230/1254/1154 2227/1251/1155 2229/1253/1155
f 2224/1246/1148 2230/1254/1148 2231/1255/1148
f 2216/1237/1253 2238/1262/1253 2208/1228/1253
f 2232/1256/1254 2199/1216/1254 2208/1228/1254
f 2225/1247/1141 2199/1216/1141 2232/1256/1141
f 2234/1258/1305 2208/1228/1305 2238/1262/1305
f 2221/1243/1216 2232/1256/1216 2234/1258/1216
f 2223/1245/1191 2221/1243/1191 2234/1258/1191
f 2225/1247/1192 2233/1257/1192 2220/1242/1192
f 2224/1246/1193 2233/1257/1193 2222/1244/1193
f 2222/1244/1193 2233/1257/1193 2221/1243/1194
f 2225/1247/1243 2221/1243/1243 2233/1257/1243
f 2226/1249/1196 2230/1254/1196 2223/1245/1196
f 2223/1245/1196 2230/1254/1196 2222/1244/1196
f 2236/1261/1280 2228/1252/1280 2235/1259/1280
f 2231/1255/1140 2229/1253/1140 2235/1259/1140
f 1669/980/1201 1946/1263/1306 2021/989/1205
f 2021/989/1205 1946/1263/1306 2239/1264/1307
f 2240/1265/1200 2242/1267/1200 2241/1266/1200
f 2021/989/1135 2239/1264/1135 2243/1268/1135
f 1921/1239/1304 2244/1269/1257 1946/1263/1306
f 1946/1263/1306 2244/1269/1257 2239/1264/1307
f 1952/1270/903 1955/1272/903 2245/1271/903
f 2245/1271/903 1955/1272/903 2246/1273/903
f 2025/994/1308 2021/989/1308 2243/1268/1308
f 2247/1274/1140 2249/1276/1140 2248/1275/1140
f 2240/1265/1141 2244/1269/1141 2250/1277/1141
f 1921/1239/1304 2219/1240/1218 2244/1269/1257
f 2236/1261/1226 2245/1271/1226 2242/1267/1226
f 2237/1260/1251 1952/1270/903 2236/1261/1227
f 2236/1261/1227 1952/1270/903 2245/1271/903
f 2243/1268/1146 2239/1264/1146 2251/1278/1146
f 2248/1275/1147 2243/1268/1147 2241/1266/1147
f 2025/994/1309 2243/1268/1309 2249/1276/1309
f 2250/1277/1261 2228/1252/1261 2252/1279/1261
f 2025/994/1310 2249/1276/1310 2253/1280/1310
f 1955/1272/903 1680/991/999 2246/1273/903
f 2246/1273/903 1680/991/999 2022/990/1207
f 2246/1273/1152 2022/990/1152 2247/1274/1152
f 2247/1274/1152 2022/990/1152 2253/1280/1311
f 2245/1271/1154 2246/1273/1155 2248/1275/1154
f 2248/1275/1154 2246/1273/1155 2247/1274/1155
f 2243/1268/1148 2248/1275/1148 2249/1276/1148
f 2236/1261/1240 2242/1267/1240 2254/1281/1240
f 2250/1277/1266 2219/1240/1266 2228/1252/1266
f 2244/1269/1141 2219/1240/1141 2250/1277/1141
f 2242/1267/1242 2252/1279/1242 2254/1281/1242
f 2240/1265/1216 2250/1277/1216 2252/1279/1216
f 2242/1267/1191 2240/1265/1191 2252/1279/1191
f 2244/1269/1192 2251/1278/1192 2239/1264/1192
f 2243/1268/1193 2251/1278/1193 2241/1266/1193
f 2241/1266/1193 2251/1278/1193 2240/1265/1194
f 2244/1269/1243 2240/1265/1243 2251/1278/1243
f 2245/1271/1196 2248/1275/1196 2242/1267/1196
f 2242/1267/1196 2248/1275/1196 2241/1266/1196
f 2022/990/1312 2025/994/1312 2253/1280/1312
f 2249/1276/1140 2247/1274/1140 2253/1280/1140
f 2236/1261/1246 2254/1281/1246 2228/1252/1246
f 2252/1279/1247 2228/1252/1247 2254/1281/1247
f 2223/1245/1268 2234/1258/1268 2238/1262/1268
f 2216/1237/1269 2223/1245/1269 2238/1262/1269
f 2183/1197/1270 2194/1210/1270 2198/1214/1270
f 2176/1189/1271 2183/1197/1271 2198/1214/1271
f 2104/1101/1313 2115/1114/1277 2119/1118/1279
f 2098/1092/1274 2104/1101/1240 2119/1118/1275
f 2143/1149/1314 2154/1162/1285 2158/1166/1287
f 2137/1141/1282 2143/1149/1315 2158/1166/1283
f 1989/949/1316 2002/966/1187 2008/972/1189
f 2000/963/1182 1989/949/1317 2008/972/1183
f 2256/1005/1318 2255/1004/1319 2270/1004/1320
f 2269/1014/1321 2270/1004/1320 2257/1014/1322
f 2268/1021/1323 2269/1014/1321 2260/1021/1324
f 2267/1094/1325 2268/1021/1323 2261/1094/1326
f 2258/1016/1327 2267/1094/1325 2259/1015/1328
f 2266/1094/1329 2267/1094/1325 2264/1015/1330
f 2265/1021/1331 2268/1021/1323 2266/1094/1329
f 2263/1014/1332 2269/1014/1321 2265/1021/1331
f 2262/1004/1333 2270/1004/1320 2263/1014/1332
f 2256/1005/1318 2270/1004/1320 2262/1004/1333
f 2257/1014/1322 2270/1004/1320 2255/1004/1319
f 2260/1021/1324 2269/1014/1321 2257/1014/1322
f 2261/1094/1326 2268/1021/1323 2260/1021/1324
f 2259/1015/1328 2267/1094/1325 2261/1094/1326
f 2263/1014/1332 2270/1004/1320 2269/1014/1321
f 2265/1021/1331 2269/1014/1321 2268/1021/1323
f 2266/1094/1329 2268/1021/1323 2267/1094/1325
f 2264/1015/1330 2267/1094/1325 2258/1016/1327
o item_damaged
v 70.393272 0.564468 -0.466341
v 0.000000 70.957733 -0.466347
v 0.000000 55.970829 3.515691
v 55.406349 0.564469 3.515710
v 0.000000 -69.828697 -0.466336
v 0.000000 -54.841782 3.515722
v -70.393272 0.564468 -0.466341
v -55.406250 0.564469 3.515710
v 0.000000 55.970829 -4.448382
v -55.406349 0.564468 -4.448393
v 0.000000 -54.841782 -4.448397
v 55.406250 0.564468 -4.448393
v 15.521439 3.609766 9.373296
v 12.254305 6.559961 9.533403
v 7.703289 1.378168 9.533404
v 10.945183 -1.549839 9.373296
v 8.913891 9.565908 8.654537
v 4.337624 4.406311 8.654538
v 56.708633 49.542740 9.763751
v 52.962685 52.910660 10.823507
v 12.911583 7.308342 10.823511
v 16.820318 3.779747 9.763755
v 49.970181 55.616867 9.763751
v 9.180437 10.666439 9.763754
v 11.521860 5.726002 10.823511
v 15.410145 2.215366 9.763755
v 7.770271 9.102049 9.763754
v 9.180437 10.666439 7.918692
v 7.770271 9.102049 7.918693
v 49.970181 55.616867 7.918689
v 52.962685 52.910660 7.918689
v 56.708633 49.542740 7.918689
v 16.820318 3.779747 7.918693
v 15.410145 2.215366 7.918693
v 11.521860 5.726002 7.918693
v 15.521439 3.609766 7.918693
v 10.945183 -1.549839 7.918693
v 7.703289 1.378168 7.918693
v 4.337624 4.406311 7.918693
v 8.913891 9.565908 7.918692
v 15.521439 3.609766 6.464090
v 12.254305 6.559961 6.303982
v 7.703289 1.378168 6.303982
v 10.945183 -1.549839 6.464090
v 8.913891 9.565908 7.182847
v 4.337624 4.406311 7.182847
v 56.708633 49.542740 6.073627
v 52.962685 52.910660 5.013871
v 12.911583 7.308342 5.013875
v 16.820318 3.779747 6.073631
v 49.970181 55.616867 6.073627
v 9.180437 10.666439 6.073630
v 11.521860 5.726002 5.013875
v 15.410145 2.215366 6.073631
v 7.770271 9.102049 6.073630
v 6.949863 -0.885069 8.367776
v 7.998190 0.955818 8.702902
v 5.683252 0.790762 8.378085
v 8.035513 -0.265949 8.363414
v 7.831556 -0.894312 8.476477
v 9.277039 -1.273722 7.918693
v 9.233191 -1.323360 8.354890
v 7.721485 -3.052771 8.344197
v 7.768377 -2.999683 7.927847
v 8.758232 -0.904039 8.590726
v -2.380634 -5.435844 7.918694
v 0.019619 -5.640497 8.378085
v 2.564175 -2.733656 8.378085
v 1.477028 -1.061646 7.918693
v 4.928806 -2.513960 8.632366
v 3.813967 -4.612337 8.564900
v 5.320972 -4.001463 8.512940
v 2.695335 -5.065763 8.702903
v 4.430725 -0.624537 8.378085
v 3.282986 0.995409 7.918693
v 5.632219 -5.418146 7.918694
v 5.588850 -5.467245 8.350212
v 3.930334 -7.344946 8.354891
v 3.974186 -7.295301 7.918694
v 1.336979 -8.037373 8.356583
v 3.455379 -6.925621 8.590727
v 4.448500 -5.309032 8.356519
v 2.732655 -6.287535 8.363415
v 5.314936 -0.822577 8.502222
v 3.927168 -2.607018 8.854631
v 5.872528 -2.265854 8.939324
v 2.696335 -7.720997 8.476478
v 2.057861 -9.484020 8.344198
v 2.104752 -9.430933 7.927848
v 6.955708 -2.775864 8.438051
v -7.683495 -11.457430 7.918694
v -5.283234 -11.662081 8.378086
v -3.099457 -9.164909 8.378086
v -4.186604 -7.492903 7.918694
v -0.734821 -8.945217 8.632367
v -1.849659 -11.043589 8.564901
v -0.342663 -10.432722 8.512940
v -2.968292 -11.497019 8.702903
v -1.232906 -7.055792 8.378086
v -0.031410 -11.849405 7.918694
v -0.074780 -11.898500 8.350213
v -1.733292 -13.776197 8.354891
v -1.689445 -13.726564 7.918694
v -4.016621 -13.337908 8.367777
v -2.208248 -13.356878 8.590727
v -1.215126 -11.740286 8.356519
v -2.930969 -12.718786 8.363415
v -0.348694 -7.253838 8.502223
v -1.736462 -9.038277 8.854631
v 0.208904 -8.697107 8.939324
v -3.134926 -13.347155 8.476479
v -3.244995 -15.505606 8.344198
v -3.196068 -15.450209 7.918694
v 1.258629 -9.379032 8.428142
v -13.137646 -17.650816 7.918694
v -10.737385 -17.855463 8.378086
v -8.402309 -15.186495 8.378086
v -9.489456 -13.514482 7.918694
v -6.037685 -14.966806 8.632367
v -7.152519 -17.065176 8.564901
v -5.645515 -16.454306 8.512941
v -8.271149 -17.518602 8.702904
v -6.535767 -13.077383 8.378086
v -5.334263 -17.870981 7.918694
v -5.377632 -17.920084 8.350213
v -7.036152 -19.797785 8.354892
v -6.992294 -19.748140 7.918694
v -9.420021 -20.252340 8.356584
v -7.511101 -19.378458 8.590728
v -6.517982 -17.761869 8.356520
v -8.233829 -18.740374 8.363416
v -5.651554 -13.275423 8.502223
v -7.039314 -15.059858 8.854632
v -5.093952 -14.718691 8.939325
v -8.131020 -20.189638 8.476479
v -8.699142 -21.698988 8.344198
v -8.652256 -21.645903 7.927849
v -4.010784 -15.228708 8.438052
v -18.440498 -23.672396 7.918695
v -16.040234 -23.877043 8.378087
v -13.856453 -21.379869 8.378087
v -14.943604 -19.707869 7.918694
v -11.491829 -21.160185 8.632368
v -12.606667 -23.258558 8.564901
v -11.099663 -22.647692 8.512941
v -13.725296 -23.711985 8.702904
v -11.989910 -19.270761 8.378086
v -10.788414 -24.064371 7.918695
v -10.831783 -24.113466 8.350214
v -12.490299 -25.991167 8.354892
v -12.446449 -25.941530 7.918695
v -14.773621 -25.552870 8.367778
v -12.965256 -25.571844 8.590728
v -11.972137 -23.955259 8.356520
v -13.687981 -24.933760 8.363416
v -11.105701 -19.468801 8.502224
v -12.493469 -21.253244 8.854632
v -10.548100 -20.912069 8.939325
v -13.891933 -25.562124 8.476479
v -14.001999 -27.720575 8.344199
v -13.953075 -27.665174 7.918695
v -9.661987 -21.700735 8.423633
v -23.412525 -29.335684 7.918695
v -21.357811 -29.885664 8.378087
v -19.159313 -27.401461 8.378087
v -20.246464 -25.729456 7.918695
v -16.794682 -27.181768 8.632368
v -17.909523 -29.280142 8.564902
v -16.402523 -28.669275 8.512942
v -19.028156 -29.733572 8.702905
v -17.292767 -25.292345 8.378087
v -16.091270 -30.085955 7.918695
v -16.134640 -30.135054 8.350214
v -17.793152 -32.012749 8.354893
v -17.749306 -31.963110 7.918695
v -20.076481 -31.574461 8.367779
v -18.268108 -31.593431 8.590729
v -17.274990 -29.976835 8.356521
v -18.990833 -30.955343 8.363417
v -16.408562 -25.490389 8.502224
v -17.796322 -27.274828 8.854633
v -15.850956 -26.933661 8.939326
v -19.194786 -31.583700 8.476480
v -18.586708 -32.911186 8.357129
v -18.542664 -32.861320 7.918695
v -14.767784 -27.443670 8.438053
v -29.580086 -36.321800 7.918696
v -27.179832 -36.526459 8.378088
v -24.996014 -34.029251 8.378088
v -26.083160 -32.357239 7.918695
v -22.631405 -33.809570 8.632369
v -23.746265 -35.907967 8.564902
v -22.239235 -35.297073 8.512942
v -24.864895 -36.361397 8.702905
v -23.129482 -31.920149 8.378087
v -21.927986 -36.713760 7.918696
v -21.971359 -36.762856 8.350215
v -23.629860 -38.640541 8.354893
v -23.586002 -38.590897 7.918696
v -25.913197 -38.202263 8.367779
v -24.104820 -38.221230 8.590729
v -23.111721 -36.604660 8.356521
v -24.827553 -37.583145 8.363417
v -22.245277 -32.118195 8.502225
v -19.789791 -34.292976 7.918695
v -23.633041 -33.902626 8.854633
v -21.687679 -33.561462 8.939326
v -25.031509 -38.211517 8.476480
v -25.141571 -40.369957 8.344200
v -25.092644 -40.314560 7.918696
v -20.547009 -33.661674 8.449951
v -35.034203 -42.515152 7.918696
v -32.633949 -42.719810 8.378088
v -30.298882 -40.050842 8.378088
v -31.386032 -38.378838 7.918696
v -27.934250 -39.831146 8.632369
v -29.049072 -41.929512 8.564903
v -27.542118 -41.318687 8.512943
v -30.167702 -42.382935 8.702906
v -28.432350 -37.941742 8.378088
v -27.230854 -42.735352 7.918696
v -27.274223 -42.784447 8.350215
v -28.932732 -44.662140 8.354894
v -28.888878 -44.612495 7.918696
v -31.316582 -45.116669 8.356586
v -29.407692 -44.242821 8.590730
v -28.414589 -42.626251 8.356522
v -30.130417 -43.604744 8.363418
v -27.548149 -38.139793 8.502225
v -28.935913 -39.924232 8.854634
v -26.990528 -39.583046 8.939327
v -30.027580 -45.053970 8.476480
v -30.595757 -46.563370 8.344200
v -30.546822 -46.507973 7.918696
v -25.907360 -40.093063 8.438054
v -40.337082 -48.536758 7.918697
v -37.936821 -48.741402 8.378089
v -35.753067 -46.244263 8.378089
v -36.840210 -44.572250 7.918696
v -33.388428 -46.024559 8.632370
v -34.503250 -48.122925 8.564903
v -32.996239 -47.512039 8.512943
v -35.621880 -48.576347 8.702906
v -33.886467 -44.135101 8.378088
v -32.684975 -48.928711 7.918697
v -32.728340 -48.977806 8.350216
v -34.386856 -50.855499 8.354894
v -34.343056 -50.805901 7.918697
v -36.670189 -50.417213 8.367780
v -34.861809 -50.436180 8.590730
v -33.868713 -48.819611 8.356522
v -35.584541 -49.798096 8.363418
v -33.002274 -44.333145 8.502226
v -34.390038 -46.117584 8.854634
v -32.444710 -45.776459 8.939327
v -35.788506 -50.426468 8.476480
v -35.898560 -52.584915 8.344201
v -35.849632 -52.529510 7.918697
v -31.472504 -46.375732 8.425051
v -46.000687 -54.967987 7.918697
v -43.600441 -55.172646 8.378089
v -41.055878 -52.265800 8.378089
v -42.143021 -50.593788 7.918697
v -38.691246 -52.046104 8.632370
v -39.806122 -54.144516 8.564904
v -38.299103 -53.533638 8.512944
v -40.924759 -54.597946 8.702907
v -39.189346 -50.156700 8.378089
v -37.987846 -54.950302 7.918697
v -38.031219 -54.999413 8.350216
v -39.689720 -56.877098 8.354895
v -39.645859 -56.827446 7.918697
v -42.283066 -57.569511 8.356586
v -40.164680 -56.457779 8.590731
v -39.171585 -54.841202 8.356523
v -40.887413 -55.819702 8.363419
v -38.305138 -50.354752 8.502226
v -39.692909 -52.139191 8.854635
v -37.747520 -51.797997 8.939328
v -40.923698 -57.253136 8.476481
v -41.562233 -59.016212 8.344201
v -41.513306 -58.960808 7.918697
v -36.664352 -52.308022 8.438055
v -44.852951 -56.587936 8.378089
v -43.968758 -56.785988 8.502226
v -43.411186 -58.229294 8.939328
v -42.361427 -58.911186 8.428145
v 7.593790 2.960247 8.378085
v 6.140421 4.240128 7.918693
v 8.815735 1.884172 8.702902
v 10.641825 0.276043 7.918693
v 10.641743 0.276102 8.354890
v 10.166267 0.694834 8.590726
v 9.442738 1.332006 8.363414
v 6.949863 -0.885069 7.469610
v 7.998190 0.955818 7.134484
v 5.683252 0.790762 7.459301
v 8.035513 -0.265949 7.473972
v 7.831556 -0.894312 7.360909
v 9.233191 -1.323360 7.482496
v 7.721485 -3.052771 7.493189
v 7.768377 -2.999683 7.909539
v 8.758232 -0.904039 7.246660
v 0.019619 -5.640497 7.459301
v 2.564175 -2.733656 7.459301
v 4.928806 -2.513960 7.205020
v 3.813967 -4.612337 7.272487
v 5.320972 -4.001463 7.324446
v 2.695335 -5.065763 7.134484
v 4.430725 -0.624537 7.459301
v 5.588850 -5.467245 7.487175
v 3.930334 -7.344946 7.482497
v 1.336979 -8.037373 7.480804
v 3.455379 -6.925621 7.246661
v 4.448500 -5.309032 7.480868
v 2.732655 -6.287535 7.473972
v 5.314936 -0.822577 7.335164
v 3.927168 -2.607018 6.982755
v 5.872528 -2.265854 6.898062
v 2.696335 -7.720997 7.360909
v 2.057861 -9.484020 7.493190
v 2.104752 -9.430933 7.909540
v 6.955708 -2.775864 7.399335
v -5.283234 -11.662081 7.459302
v -3.099457 -9.164909 7.459302
v -0.734821 -8.945217 7.205021
v -1.849659 -11.043589 7.272487
v -0.342663 -10.432722 7.324447
v -2.968292 -11.497019 7.134485
v -1.232906 -7.055792 7.459301
v -0.074780 -11.898500 7.487175
v -1.733292 -13.776197 7.482497
v -4.016621 -13.337908 7.469611
v -2.208248 -13.356878 7.246661
v -1.215126 -11.740286 7.480869
v -2.930969 -12.718786 7.473973
v -0.348694 -7.253838 7.335165
v -1.736462 -9.038277 6.982756
v 0.208904 -8.697107 6.898063
v -3.134926 -13.347155 7.360910
v -3.244995 -15.505606 7.493190
v 1.258629 -9.379032 7.409246
v -10.737385 -17.855463 7.459302
v -8.402309 -15.186495 7.459302
v -6.037685 -14.966806 7.205021
v -7.152519 -17.065176 7.272488
v -5.645515 -16.454306 7.324447
v -8.271149 -17.518602 7.134485
v -6.535767 -13.077383 7.459302
v -5.377632 -17.920084 7.487175
v -7.036152 -19.797785 7.482498
v -9.420021 -20.252340 7.480805
v -7.511101 -19.378458 7.246662
v -6.517982 -17.761869 7.480869
v -8.233829 -18.740374 7.473973
v -5.651554 -13.275423 7.335165
v -7.039314 -15.059858 6.982756
v -5.093952 -14.718691 6.898063
v -8.131020 -20.189638 7.360910
v -8.699142 -21.698988 7.493191
v -8.652256 -21.645903 7.909541
v -4.010784 -15.228708 7.399336
v -16.040234 -23.877043 7.459303
v -13.856453 -21.379869 7.459303
v -11.491829 -21.160185 7.205022
v -12.606667 -23.258558 7.272488
v -11.099663 -22.647692 7.324448
v -13.725296 -23.711985 7.134486
v -11.989910 -19.270761 7.459302
v -10.831783 -24.113466 7.487176
v -12.490299 -25.991167 7.482498
v -14.773621 -25.552870 7.469612
v -12.965256 -25.571844 7.246662
v -11.972137 -23.955259 7.480870
v -13.687981 -24.933760 7.473974
v -11.105701 -19.468801 7.335166
v -12.493469 -21.253244 6.982757
v -10.548100 -20.912069 6.898064
v -13.891933 -25.562124 7.360911
v -14.001999 -27.720575 7.493191
v -9.661987 -21.700735 7.413757
v -21.357811 -29.885664 7.459303
v -19.159313 -27.401461 7.459303
v -16.794682 -27.181768 7.205022
v -17.909523 -29.280142 7.272488
v -16.402523 -28.669275 7.324448
v -19.028156 -29.733572 7.134486
v -17.292767 -25.292345 7.459303
v -16.134640 -30.135054 7.487176
v -17.793152 -32.012749 7.482499
v -20.076481 -31.574461 7.469613
v -18.268108 -31.593431 7.246663
v -17.274990 -29.976835 7.480870
v -18.990833 -30.955343 7.473974
v -16.408562 -25.490389 7.335166
v -17.796322 -27.274828 6.982757
v -15.850956 -26.933661 6.898064
v -19.194786 -31.583700 7.360911
v -18.586708 -32.911186 7.480261
v -14.767784 -27.443670 7.399337
v -27.179832 -36.526459 7.459304
v -24.996014 -34.029251 7.459304
v -22.631405 -33.809570 7.205023
v -23.746265 -35.907967 7.272489
v -22.239235 -35.297073 7.324449
v -24.864895 -36.361397 7.134487
v -23.129482 -31.920149 7.459303
v -21.971359 -36.762856 7.487177
v -23.629860 -38.640541 7.482499
v -25.913197 -38.202263 7.469613
v -24.104820 -38.221230 7.246663
v -23.111721 -36.604660 7.480871
v -24.827553 -37.583145 7.473975
v -22.245277 -32.118195 7.335166
v -23.633041 -33.902626 6.982758
v -21.687679 -33.561462 6.898065
v -25.031509 -38.211517 7.360912
v -25.141571 -40.369957 7.493192
v -20.547009 -33.661674 7.387440
v -32.633949 -42.719810 7.459304
v -30.298882 -40.050842 7.459304
v -27.934250 -39.831146 7.205023
v -29.049072 -41.929512 7.272489
v -27.542118 -41.318687 7.324449
v -30.167702 -42.382935 7.134487
v -28.432350 -37.941742 7.459304
v -27.274223 -42.784447 7.487177
v -28.932732 -44.662140 7.482500
v -31.316582 -45.116669 7.480807
v -29.407692 -44.242821 7.246664
v -28.414589 -42.626251 7.480871
v -30.130417 -43.604744 7.473975
v -27.548149 -38.139793 7.335167
v -28.935913 -39.924232 6.982758
v -26.990528 -39.583046 6.898065
v -30.027580 -45.053970 7.360912
v -30.595757 -46.563370 7.493193
v -25.907360 -40.093063 7.399338
v -37.936821 -48.741402 7.459305
v -35.753067 -46.244263 7.459304
v -33.388428 -46.024559 7.205024
v -34.503250 -48.122925 7.272490
v -32.996239 -47.512039 7.324450
v -35.621880 -48.576347 7.134488
v -33.886467 -44.135101 7.459304
v -32.728340 -48.977806 7.487178
v -34.386856 -50.855499 7.482500
v -36.670189 -50.417213 7.469614
v -34.861809 -50.436180 7.246664
v -33.868713 -48.819611 7.480872
v -35.584541 -49.798096 7.473976
v -33.002274 -44.333145 7.335167
v -34.390038 -46.117584 6.982759
v -32.444710 -45.776459 6.898066
v -35.788506 -50.426468 7.360913
v -35.898560 -52.584915 7.493193
v -31.472504 -46.375732 7.412343
v -43.600441 -55.172646 7.459305
v -41.055878 -52.265800 7.459305
v -38.691246 -52.046104 7.205024
v -39.806122 -54.144516 7.272490
v -38.299103 -53.533638 7.324450
v -40.924759 -54.597946 7.134488
v -39.189346 -50.156700 7.459305
v -38.031219 -54.999413 7.487178
v -39.689720 -56.877098 7.482501
v -42.283066 -57.569511 7.480808
v -40.164680 -56.457779 7.246665
v -39.171585 -54.841202 7.480872
v -40.887413 -55.819702 7.473976
v -38.305138 -50.354752 7.335168
v -39.692909 -52.139191 6.982759
v -37.747520 -51.797997 6.898066
v -40.923698 -57.253136 7.360913
v -41.562233 -59.016212 7.493194
v -36.664352 -52.308022 7.399339
v -44.852951 -56.587936 7.459305
v -43.968758 -56.785988 7.335168
v -43.411186 -58.229294 6.898067
v -42.361427 -58.911186 7.409249
v 7.593790 2.960247 7.459301
v 8.815735 1.884172 7.134484
v 10.641743 0.276102 7.482496
v 10.166267 0.694834 7.246660
v 9.442738 1.332006 7.473972
v -42.361427 -58.911186 7.920410
v -43.411186 -58.229294 7.921022
v -43.968758 -56.785988 7.918721
v -44.852943 -56.587929 7.920151
v -51.122269 -44.635010 8.482796
v -46.886353 -40.127991 8.482795
v -46.902725 -36.733047 7.918696
v -54.144714 -44.500076 7.918696
v -45.735596 -44.437149 8.466274
v -47.688446 -42.908035 8.478180
v -47.011337 -44.304794 8.671492
v -50.798141 -48.380127 8.482796
v -54.240173 -49.574432 7.918697
v -54.349991 -55.410126 7.918697
v -50.540909 -51.351776 8.482796
v -47.550720 -48.164017 7.918697
v -47.486832 -48.095917 8.474461
v -50.540909 -51.351761 7.918697
v -44.401047 -37.483612 8.482795
v -48.740540 -44.874664 8.475801
v -47.839859 -46.751923 8.473670
v -46.916092 -45.735733 8.470423
v -48.947342 -43.356781 8.707294
v -46.228104 -45.864197 8.722890
v -45.531265 -39.672089 9.025830
v -46.073288 -42.443146 9.015399
v -43.001877 -43.314651 8.462220
v -43.536758 -40.937439 8.992916
v -44.690887 -42.774384 8.549924
v -41.611282 -34.515305 8.482795
v -42.884232 -32.423233 7.918695
v -42.945404 -43.254440 7.918696
v -45.517914 -45.996918 8.469088
v -45.528946 -46.008698 7.918696
v -42.890396 -39.603455 8.470137
v -41.055176 -41.239319 7.918696
v -41.111023 -41.298859 8.457060
v -38.701004 -34.332657 8.795033
v -40.146423 -36.867126 8.712190
v -38.274292 -36.172760 8.648387
v -49.186310 -46.478470 8.848095
v -41.536072 -37.382553 8.881646
v -39.242828 -31.995255 8.482795
v -40.182220 -29.547272 7.918695
v -37.944351 -37.922974 7.918696
v -37.999374 -37.981659 8.448569
v -40.104004 -40.225311 8.454313
v -40.048431 -40.166061 7.918696
v -40.671539 -39.693192 8.743903
v -39.393219 -37.745575 8.456313
v -41.535156 -38.883469 8.464780
v -38.164871 -32.270859 8.635226
v -37.680466 -30.297791 8.482795
v -34.390518 -34.113113 8.457060
v -34.334656 -34.053543 7.918695
v -39.933777 -34.410019 9.067958
v -37.533508 -34.062759 9.171955
v -36.169922 -32.417709 8.470137
v -41.808594 -39.647232 8.603614
v -44.731079 -40.259949 8.809212
v -47.666168 -47.413208 8.474058
v -45.109131 -44.807159 8.669989
v -36.257004 -34.360779 8.556228
v -34.890808 -27.329559 8.482794
v -36.163666 -25.237411 7.918695
v -31.980438 -27.146835 8.795033
v -33.425873 -29.681335 8.712190
v -31.553818 -28.987015 8.648386
v -34.815491 -30.196732 8.881645
v -32.522324 -24.809494 8.482794
v -33.871506 -22.779037 7.918695
v -31.223831 -30.737213 7.918695
v -31.278885 -30.795898 8.448568
v -33.383514 -33.039566 8.454312
v -33.327866 -32.980240 7.918695
v -33.951050 -32.507462 8.743902
v -32.672714 -30.559799 8.456312
v -34.814651 -31.697723 8.464780
v -31.444366 -25.085083 8.635226
v -30.697617 -22.831497 8.482794
v -27.407639 -26.646820 8.457059
v -27.351715 -26.587204 7.918695
v -33.213257 -27.224243 9.067957
v -30.813004 -26.876984 9.171954
v -29.404190 -26.108734 8.456390
v -35.088089 -32.461472 8.603614
v 41.924446 58.264198 7.918689
v 44.862930 57.924789 8.482788
v 47.635025 60.909470 8.482787
v 46.362129 63.001602 7.918688
v 50.545380 61.092194 8.795027
v 49.099953 58.557693 8.712183
v 50.972084 59.252098 8.648379
v 47.710297 58.042290 8.881639
v 51.302048 57.501869 7.918689
v 51.247002 57.443192 8.448562
v 49.142372 55.199524 8.454306
v 49.197952 55.258781 7.918689
v 46.355972 55.821388 8.470130
v 48.574837 55.731636 8.743896
v 49.853165 57.679283 8.456306
v 47.711227 56.541367 8.464773
v 49.312614 61.014832 9.067950
v 47.437798 55.777626 8.603607
v 47.223381 53.132446 8.441176
v 47.285461 53.198647 7.918689
v 35.002548 50.863106 7.918689
v 37.941040 50.523689 8.482788
v 40.905151 53.713684 8.482788
v 39.632263 55.805824 7.918689
v 43.815514 53.896408 8.795027
v 42.370003 51.361847 8.712183
v 44.242134 52.056236 8.648380
v 40.980362 50.846443 8.881639
v 43.273605 56.233734 8.482788
v 44.572098 50.306007 7.918689
v 44.517067 50.247345 8.448563
v 42.412437 48.003677 8.454307
v 42.468094 48.062996 7.918689
v 39.469772 47.533340 8.456385
v 41.844902 48.535797 8.743896
v 43.123215 50.483421 8.456306
v 40.981285 49.345520 8.464773
v 44.351578 55.958153 8.635220
v 42.582672 53.818985 9.067951
v 44.982941 54.166252 9.171947
v 41.054169 47.562912 8.603607
v 40.301407 45.731270 8.441176
v 40.363487 45.797470 7.918690
v 46.293640 53.500443 8.556422
v 28.272598 43.667244 7.918690
v 31.211090 43.327827 8.482789
v 33.983177 46.312515 8.482788
v 32.710297 48.404648 7.918689
v 36.893539 46.495239 8.795028
v 35.448105 43.960747 8.712184
v 37.320236 44.655144 8.648380
v 34.058456 43.445335 8.881639
v 36.351624 48.832558 8.482788
v 37.650124 42.904839 7.918690
v 37.595093 42.846176 8.448563
v 35.490471 40.602501 8.454307
v 35.546120 40.661827 7.918690
v 32.704063 41.224373 8.470131
v 34.922928 41.134628 8.743896
v 36.201324 43.082329 8.456306
v 34.059387 41.944412 8.464774
v 37.429672 48.557045 8.635221
v 35.660774 46.417877 9.067951
v 38.060966 46.765083 9.171948
v 33.785957 41.180679 8.603608
v 33.571457 38.535423 8.441177
v 33.631020 38.598907 7.929930
v 39.119560 45.764511 8.538716
v 21.062805 35.958313 7.918690
v 24.001289 35.618904 8.482789
v 27.253304 39.116730 8.482789
v 25.980354 41.208809 7.918690
v 30.163605 39.299393 8.795028
v 28.718155 36.764893 8.712184
v 30.590286 37.459282 8.648381
v 27.328522 36.249489 8.881640
v 29.621765 41.636780 8.482789
v 30.920250 35.709053 7.918690
v 30.865219 35.650391 8.448564
v 28.760597 33.406715 8.454308
v 28.816177 33.465981 7.918691
v 25.530106 32.628624 8.456386
v 28.193054 33.938843 8.743897
v 29.471375 35.886467 8.456307
v 27.329437 34.748566 8.464774
v 30.699730 41.361198 8.635221
v 28.930840 39.222038 9.067952
v 31.331017 39.569221 9.171949
v 27.056015 33.984818 8.603608
v 26.361725 30.826553 8.441177
v 26.423813 30.892761 7.918691
v 32.641800 38.903496 8.556423
v 14.332840 28.762459 7.918691
v 17.271347 28.423050 8.482790
v 20.043488 31.407791 8.482790
v 18.770615 33.499931 7.918691
v 22.953781 31.590454 8.795029
v 21.508362 29.055954 8.712185
v 23.380493 29.750351 8.648382
v 20.118698 28.540543 8.881641
v 22.411957 33.927849 8.482790
v 23.710449 28.000122 7.918691
v 23.655411 27.941452 8.448564
v 21.550781 25.697784 8.454309
v 21.606369 25.757034 7.918691
v 18.764389 26.319641 8.470132
v 20.983246 26.229904 8.743898
v 22.261566 28.177536 8.456308
v 20.119644 27.039627 8.464775
v 23.489929 33.652260 8.635221
v 21.721008 31.513092 9.067953
v 24.121277 31.860359 9.171949
v 19.846207 26.275894 8.603609
v 19.631790 23.630707 8.441178
v 19.691269 23.694122 7.929931
v 25.403496 30.951416 8.541604
v 7.410950 21.361359 7.918692
v 10.349457 21.021957 8.482790
v 13.313553 24.211945 8.482790
v 12.040665 26.304092 7.918691
v 16.223923 24.394684 8.795030
v 14.778397 21.860107 8.712185
v 16.650543 22.554504 8.648382
v 13.388763 21.344696 8.881641
v 15.682007 26.731995 8.482790
v 16.980499 20.804276 7.918692
v 16.925461 20.745621 8.448565
v 14.820847 18.501938 8.454309
v 14.876495 18.561249 7.918692
v 11.878174 18.031601 8.456387
v 14.253296 19.034058 8.743898
v 15.531616 20.981689 8.456308
v 13.389694 19.843765 8.464775
v 16.759979 26.456421 8.635222
v 14.991089 24.317245 9.067953
v 17.391342 24.664505 9.171950
v 13.462570 18.061172 8.603610
v 12.709808 16.229538 8.441179
v 12.771896 16.295731 7.918692
v 18.702042 23.998718 8.556424
v 0.681000 14.165512 7.918692
v 3.619492 13.826096 8.482791
v 6.391571 16.810776 8.482791
v 5.118698 18.902908 7.918692
v 9.301941 16.993515 8.795030
v 7.856522 14.459015 8.712186
v 9.728653 15.153412 8.648383
v 6.466873 13.943588 8.881642
v 8.760117 19.330902 8.482791
v 10.058609 13.403168 7.918692
v 10.003571 13.344498 8.448565
v 7.898880 11.100769 8.454309
v 7.954514 11.160080 7.918692
v 5.112534 11.722687 8.470133
v 7.331329 11.632889 8.743899
v 8.609741 13.580582 8.456309
v 6.467804 12.442673 8.464776
v 9.838074 19.055313 8.635222
v 8.069183 16.916138 9.067954
v 10.469360 17.263336 9.171950
v 6.194366 11.678925 8.603610
v 5.979950 9.033752 8.441179
v 6.039429 9.097168 7.929933
v 11.711884 16.335541 8.537353
v -6.506760 6.480133 7.918693
v -3.568268 6.140717 8.482792
v -0.338287 9.614990 8.482791
v -1.611176 11.707138 7.918692
v 2.572006 9.797668 8.795031
v 1.126556 7.263153 8.712187
v 2.998688 7.957550 8.648383
v -0.263077 6.747757 8.881642
v 2.030167 12.135040 8.482791
v 3.328644 6.207321 7.918693
v 3.273621 6.148666 8.448565
v 1.168991 3.904984 8.454309
v 1.224655 3.964294 7.918693
v -2.039536 3.150375 8.456388
v 0.601456 4.437103 8.743899
v 1.879776 6.384735 8.456309
v -0.262161 5.246811 8.464777
v 3.108139 11.859467 8.635223
v 1.339233 9.720291 9.067954
v 3.739502 10.067566 9.171951
v -0.359467 3.488724 8.603611
v -1.207901 1.348312 8.441180
v -1.148346 1.411789 7.929933
v 5.050201 9.401764 8.556425
v -13.236710 -0.715714 7.918693
v -10.298203 -1.055130 8.482792
v -7.526138 1.929535 8.482792
v -8.799026 4.021683 7.918693
v -4.615768 2.112274 8.795031
v -6.061203 -0.422226 8.712187
v -4.189072 0.272171 8.648384
v -7.450851 -0.937622 8.881643
v -5.157608 4.449661 8.482792
v -3.859100 -1.478058 7.918693
v -3.914139 -1.536713 8.448566
v -6.018845 -3.780472 8.454310
v -5.963181 -3.721130 7.918694
v -8.805161 -3.158524 8.470135
v -6.586380 -3.248352 8.743900
v -5.307983 -1.300644 8.456310
v -7.449921 -2.438553 8.464777
v -4.079620 4.174088 8.635223
v -5.848526 2.034912 9.067955
v -3.448349 2.382111 9.171951
v -7.723358 -3.202286 8.603611
v -7.937775 -5.847473 8.441180
v -7.878296 -5.784058 7.929934
v -2.184952 1.506592 8.544258
v -20.158676 -8.116898 7.918694
v -17.220184 -8.456299 8.482793
v -14.255997 -5.266251 8.482793
v -15.528900 -3.174103 7.918694
v -11.345703 -5.083572 8.795032
v -12.791153 -7.618088 8.712188
v -10.919022 -6.923676 8.648385
v -14.180786 -8.133484 8.881643
v -11.887543 -2.746201 8.482792
v -10.589066 -8.673920 7.918694
v -10.644089 -8.732574 8.448566
v -12.748718 -10.976257 8.454311
v -12.693130 -10.916992 7.918694
v -15.691376 -11.446579 8.456388
v -13.316254 -10.444138 8.743901
v -12.037933 -8.496490 8.456310
v -14.179871 -9.634399 8.464778
v -10.809586 -3.021759 8.635224
v -12.578476 -5.160934 9.067955
v -10.178207 -4.813675 9.171952
v -14.106979 -11.417007 8.603612
v -14.859756 -13.248642 8.441182
v -14.800262 -13.185226 7.929934
v -8.867508 -5.479477 8.556426
v -26.888565 -15.312668 7.918694
v -23.950058 -15.652084 8.482793
v -21.177979 -12.667419 8.482793
v -22.450867 -10.575272 7.918694
v -18.267624 -12.484680 8.795033
v -19.713043 -15.019180 8.712188
v -17.840912 -14.324783 8.648385
v -21.102676 -15.534576 8.881644
v -18.809525 -10.147369 8.482793
v -17.511032 -16.075089 7.918694
v -17.566071 -16.133743 8.448567
v -19.670685 -18.377426 8.454311
v -19.615036 -18.318085 7.918694
v -22.457092 -17.755554 8.470136
v -20.238220 -17.845306 8.743901
v -18.959824 -15.897598 8.456311
v -21.101837 -17.035568 8.464778
v -17.731552 -10.422943 8.635225
v -19.500443 -12.562103 9.067956
v -17.100189 -12.214844 9.171953
v -21.375275 -17.799316 8.603613
v -21.589691 -20.444504 8.441181
v -21.530136 -20.381012 7.929935
v -16.041595 -13.215393 8.538721
v -27.907928 -19.863266 8.482794
v -29.180801 -17.771118 7.918694
v -24.997559 -19.680527 8.795033
v -26.442993 -22.215042 8.712189
v -24.570862 -21.520630 8.648386
v -27.832642 -22.730438 8.881645
v -25.539383 -17.343155 8.482794
v -24.240891 -23.270874 7.918695
v -24.295944 -23.329529 8.448568
v -26.400635 -25.573273 8.454312
v -26.344971 -25.513931 7.918695
v -26.968185 -25.041153 8.743902
v -25.689774 -23.093445 8.456312
v -27.831726 -24.231354 8.464779
v -24.461426 -17.618713 8.635225
v -26.230316 -19.757889 9.067957
v -23.830139 -19.410690 9.171953
v -28.105148 -24.995102 8.603613
v -22.519440 -20.076508 8.556428
v -51.122269 -44.635010 7.354598
v -46.886353 -40.127991 7.354597
v -45.735596 -44.437149 7.371119
v -47.688446 -42.908035 7.359212
v -47.011337 -44.304794 7.165901
v -50.798141 -48.380127 7.354598
v -50.540909 -51.351776 7.354598
v -47.486832 -48.095917 7.362933
v -44.401047 -37.483612 7.354597
v -48.740540 -44.874664 7.361592
v -47.839859 -46.751923 7.363724
v -46.916092 -45.735733 7.366971
v -48.947342 -43.356781 7.130099
v -46.228104 -45.864197 7.114503
v -45.531265 -39.672089 6.811562
v -46.073288 -42.443146 6.821993
v -43.001877 -43.314651 7.375172
v -43.536758 -40.937439 6.844476
v -44.690887 -42.774384 7.287468
v -41.611282 -34.515305 7.354597
v -45.517914 -45.996918 7.368306
v -42.890396 -39.603455 7.367255
v -41.111023 -41.298859 7.380332
v -38.701004 -34.332657 7.042357
v -40.146423 -36.867126 7.125202
v -38.274292 -36.172760 7.189005
v -49.186310 -46.478470 6.989299
v -41.536072 -37.382553 6.955746
v -39.242828 -31.995255 7.354597
v -37.999374 -37.981659 7.388823
v -40.104004 -40.225311 7.383079
v -40.671539 -39.693192 7.093489
v -39.393219 -37.745575 7.381079
v -41.535156 -38.883469 7.372612
v -38.164871 -32.270859 7.202165
v -37.680466 -30.297791 7.354596
v -34.390518 -34.113113 7.380332
v -39.933777 -34.410019 6.769434
v -37.533508 -34.062759 6.665437
v -36.169922 -32.417709 7.367254
v -41.808594 -39.647232 7.233778
v -44.731079 -40.259949 7.028180
v -47.666168 -47.413208 7.363335
v -45.109131 -44.807159 7.167405
v -36.257004 -34.360779 7.281164
v -34.890808 -27.329559 7.354596
v -31.980438 -27.146835 7.042357
v -33.425873 -29.681335 7.125201
v -31.553818 -28.987015 7.189004
v -34.815491 -30.196732 6.955745
v -32.522324 -24.809494 7.354596
v -31.278885 -30.795898 7.388823
v -33.383514 -33.039566 7.383079
v -33.951050 -32.507462 7.093489
v -32.672714 -30.559799 7.381078
v -34.814651 -31.697723 7.372612
v -31.444366 -25.085083 7.202164
v -30.697617 -22.831497 7.354596
v -27.407639 -26.646820 7.380331
v -33.213257 -27.224243 6.769433
v -30.813004 -26.876984 6.665436
v -29.404190 -26.108734 7.381000
v -35.088089 -32.461472 7.233778
v 44.862930 57.924789 7.354589
v 47.635025 60.909470 7.354589
v 50.545380 61.092194 7.042350
v 49.099953 58.557693 7.125195
v 50.972084 59.252098 7.188998
v 47.710297 58.042290 6.955739
v 51.247002 57.443192 7.388816
v 49.142372 55.199524 7.383072
v 46.355972 55.821388 7.367248
v 48.574837 55.731636 7.093482
v 49.853165 57.679283 7.381072
v 47.711227 56.541367 7.372605
v 49.312614 61.014832 6.769426
v 47.437798 55.777626 7.233771
v 47.223381 53.132446 7.396202
v 37.941040 50.523689 7.354590
v 40.905151 53.713684 7.354590
v 43.815514 53.896408 7.042351
v 42.370003 51.361847 7.125195
v 44.242134 52.056236 7.188998
v 40.980362 50.846443 6.955739
v 43.273605 56.233734 7.354590
v 44.517067 50.247345 7.388816
v 42.412437 48.003677 7.383072
v 39.469772 47.533340 7.380994
v 41.844902 48.535797 7.093482
v 43.123215 50.483421 7.381072
v 40.981285 49.345520 7.372605
v 44.351578 55.958153 7.202158
v 42.582672 53.818985 6.769427
v 44.982941 54.166252 6.665430
v 41.054169 47.562912 7.233771
v 40.301407 45.731270 7.396203
v 46.293640 53.500443 7.280956
v 31.211090 43.327827 7.354591
v 33.983177 46.312515 7.354590
v 36.893539 46.495239 7.042352
v 35.448105 43.960747 7.125196
v 37.320236 44.655144 7.188999
v 34.058456 43.445335 6.955740
v 36.351624 48.832558 7.354590
v 37.595093 42.846176 7.388817
v 35.490471 40.602501 7.383073
v 32.704063 41.224373 7.367249
v 34.922928 41.134628 7.093483
v 36.201324 43.082329 7.381073
v 34.059387 41.944412 7.372606
v 37.429672 48.557045 7.202158
v 35.660774 46.417877 6.769428
v 38.060966 46.765083 6.665431
v 33.785957 41.180679 7.233772
v 33.571457 38.535423 7.396203
v 33.631020 38.598907 7.907450
v 39.119560 45.764511 7.298663
v 24.001289 35.618904 7.354591
v 27.253304 39.116730 7.354591
v 30.163605 39.299393 7.042352
v 28.718155 36.764893 7.125196
v 30.590286 37.459282 7.188999
v 27.328522 36.249489 6.955740
v 29.621765 41.636780 7.354591
v 30.865219 35.650391 7.388817
v 28.760597 33.406715 7.383074
v 25.530106 32.628624 7.380996
v 28.193054 33.938843 7.093483
v 29.471375 35.886467 7.381073
v 27.329437 34.748566 7.372606
v 30.699730 41.361198 7.202159
v 28.930840 39.222038 6.769428
v 31.331017 39.569221 6.665431
v 27.056015 33.984818 7.233772
v 26.361725 30.826553 7.396204
v 32.641800 38.903496 7.280957
v 17.271347 28.423050 7.354592
v 20.043488 31.407791 7.354592
v 22.953781 31.590454 7.042353
v 21.508362 29.055954 7.125197
v 23.380493 29.750351 7.189000
v 20.118698 28.540543 6.955741
v 22.411957 33.927849 7.354591
v 23.655411 27.941452 7.388818
v 21.550781 25.697784 7.383074
v 18.764389 26.319641 7.367250
v 20.983246 26.229904 7.093484
v 22.261566 28.177536 7.381074
v 20.119644 27.039627 7.372607
v 23.489929 33.652260 7.202159
v 21.721008 31.513092 6.769429
v 24.121277 31.860359 6.665432
v 19.846207 26.275894 7.233773
v 19.631790 23.630707 7.396204
v 19.691269 23.694122 7.907451
v 25.403496 30.951416 7.295778
v 10.349457 21.021957 7.354592
v 13.313553 24.211945 7.354592
v 16.223923 24.394684 7.042353
v 14.778397 21.860107 7.125197
v 16.650543 22.554504 7.189000
v 13.388763 21.344696 6.955741
v 15.682007 26.731995 7.354592
v 16.925461 20.745621 7.388819
v 14.820847 18.501938 7.383075
v 11.878174 18.031601 7.380997
v 14.253296 19.034058 7.093485
v 15.531616 20.981689 7.381074
v 13.389694 19.843765 7.372608
v 16.759979 26.456421 7.202160
v 14.991089 24.317245 6.769429
v 17.391342 24.664505 6.665432
v 13.462570 18.061172 7.233774
v 12.709808 16.229538 7.396205
v 18.702042 23.998718 7.280958
v 3.619492 13.826096 7.354593
v 6.391571 16.810776 7.354593
v 9.301941 16.993515 7.042354
v 7.856522 14.459015 7.125198
v 9.728653 15.153412 7.189001
v 6.466873 13.943588 6.955742
v 8.760117 19.330902 7.354593
v 10.003571 13.344498 7.388819
v 7.898880 11.100769 7.383075
v 5.112534 11.722687 7.367251
v 7.331329 11.632889 7.093485
v 8.609741 13.580582 7.381075
v 6.467804 12.442673 7.372608
v 9.838074 19.055313 7.202161
v 8.069183 16.916138 6.769430
v 10.469360 17.263336 6.665433
v 6.194366 11.678925 7.233774
v 5.979950 9.033752 7.396205
v 6.039429 9.097168 7.907453
v 11.711884 16.335541 7.300031
v -3.568268 6.140717 7.354594
v -0.338287 9.614990 7.354593
v 2.572006 9.797668 7.042355
v 1.126556 7.263153 7.125198
v 2.998688 7.957550 7.189002
v -0.263077 6.747757 6.955742
v 2.030167 12.135040 7.354593
v 3.273621 6.148666 7.388820
v 1.168991 3.904984 7.383076
v -2.039536 3.150375 7.380998
v 0.601456 4.437103 7.093486
v 1.879776 6.384735 7.381075
v -0.262161 5.246811 7.372609
v 3.108139 11.859467 7.202161
v 1.339233 9.720291 6.769430
v 3.739502 10.067566 6.665433
v -0.359467 3.488724 7.233775
v -1.207901 1.348312 7.396206
v -1.148346 1.411789 7.907453
v 5.050201 9.401764 7.280959
v -10.298203 -1.055130 7.354594
v -7.526138 1.929535 7.354594
v -4.615768 2.112274 7.042355
v -6.061203 -0.422226 7.125199
v -4.189072 0.272171 7.189002
v -7.450851 -0.937622 6.955743
v -5.157608 4.449661 7.354594
v -3.914139 -1.536713 7.388820
v -6.018845 -3.780472 7.383076
v -8.805161 -3.158524 7.367252
v -6.586380 -3.248352 7.093486
v -5.307983 -1.300644 7.381076
v -7.449921 -2.438553 7.372609
v -4.079620 4.174088 7.202162
v -5.848526 2.034912 6.769431
v -3.448349 2.382111 6.665434
v -7.723358 -3.202286 7.233775
v -7.937775 -5.847473 7.396206
v -7.878296 -5.784058 7.907454
v -2.184952 1.506592 7.293128
v -17.220184 -8.456299 7.354595
v -14.255997 -5.266251 7.354594
v -11.345703 -5.083572 7.042356
v -12.791153 -7.618088 7.125200
v -10.919022 -6.923676 7.189003
v -14.180786 -8.133484 6.955744
v -11.887543 -2.746201 7.354594
v -10.644089 -8.732574 7.388821
v -12.748718 -10.976257 7.383077
v -15.691376 -11.446579 7.380999
v -13.316254 -10.444138 7.093487
v -12.037933 -8.496490 7.381077
v -14.179871 -9.634399 7.372610
v -10.809586 -3.021759 7.202162
v -12.578476 -5.160934 6.769432
v -10.178207 -4.813675 6.665434
v -14.106979 -11.417007 7.233776
v -14.859756 -13.248642 7.396206
v -14.800262 -13.185226 7.907454
v -8.867508 -5.479477 7.280961
v -23.950058 -15.652084 7.354595
v -21.177979 -12.667419 7.354595
v -18.267624 -12.484680 7.042356
v -19.713043 -15.019180 7.125200
v -17.840912 -14.324783 7.189003
v -21.102676 -15.534576 6.955744
v -18.809525 -10.147369 7.354595
v -17.566071 -16.133743 7.388821
v -19.670685 -18.377426 7.383078
v -22.457092 -17.755554 7.367253
v -20.238220 -17.845306 7.093487
v -18.959824 -15.897598 7.381077
v -21.101837 -17.035568 7.372611
v -17.731552 -10.422943 7.202163
v -19.500443 -12.562103 6.769432
v -17.100189 -12.214844 6.665435
v -21.375275 -17.799316 7.233777
v -21.589691 -20.444504 7.396208
v -21.530136 -20.381012 7.907454
v -16.041595 -13.215393 7.298667
v -27.907928 -19.863266 7.354596
v -24.997559 -19.680527 7.042356
v -26.442993 -22.215042 7.125201
v -24.570862 -21.520630 7.189003
v -27.832642 -22.730438 6.955745
v -25.539383 -17.343155 7.354595
v -24.295944 -23.329529 7.388822
v -26.400635 -25.573273 7.383078
v -26.968185 -25.041153 7.093488
v -25.689774 -23.093445 7.381078
v -27.831726 -24.231354 7.372611
v -24.461426 -17.618713 7.202163
v -26.230316 -19.757889 6.769433
v -23.830139 -19.410690 6.665436
v -28.105148 -24.995102 7.233777
v -22.519440 -20.076508 7.280962
v 50.003548 63.429588 8.482787
v 48.654396 65.460060 7.918688
v 51.081512 63.153999 8.635220
v 54.015327 60.394424 7.918688
v 53.953255 60.328224 8.441175
v 51.712807 61.362038 9.171947
v 52.976196 60.486511 8.544253
v 50.003548 63.429588 7.354589
v 51.081512 63.153999 7.202157
v 53.953255 60.328224 7.396202
v 51.712807 61.362038 6.665430
v 52.976196 60.486511 7.293123
v 52.976196 60.486511 7.814971
v 51.712807 61.362038 7.777873
v 51.081512 63.153999 7.917216
v 50.003548 63.429588 7.830611
vn 0.2487 0.2487 0.9361
vn 0.1531 -0.0511 0.9869
vn 0.2559 0.0853 0.9629
vn 0.0639 0.1919 0.9793
vn 0.0853 -0.2559 0.9629
vn -0.0639 -0.1919 0.9793
vn -0.2558 -0.0853 0.9630
vn -0.1531 0.0511 0.9869
vn -0.0853 0.2558 0.9630
vn -0.2487 0.2487 -0.9361
vn -0.1531 -0.0511 -0.9869
vn -0.2559 0.0853 -0.9629
vn -0.0639 0.1919 -0.9793
vn -0.0853 -0.2559 -0.9629
vn 0.0639 -0.1919 -0.9793
vn 0.2558 -0.0853 -0.9630
vn 0.1531 0.0511 -0.9869
vn 0.0853 0.2558 -0.9630
vn 0.0273 -0.0240 0.9993
vn 0.0274 -0.0242 0.9993
vn 0.0273 -0.0241 0.9993
vn 0.0274 -0.0243 0.9993
vn -0.0773 0.0686 0.9946
vn -0.0778 0.0674 0.9947
vn -0.0425 0.0375 0.9984
vn -0.0075 0.0065 1.0000
vn -0.0643 0.0583 0.9962
vn -0.0020 0.0025 1.0000
vn 0.1517 -0.1328 0.9795
vn 0.1481 -0.1309 0.9803
vn -0.1881 0.1707 0.9672
vn -0.1656 0.1485 0.9749
vn 0.0476 -0.0435 0.9979
vn 0.1473 -0.1328 0.9801
vn -0.1539 0.1371 0.9785
vn -0.7417 0.6708 -0.0000
vn -0.7428 0.6695 -0.0000
vn -0.7405 0.6720 -0.0000
vn 0.6707 0.7417 -0.0000
vn 0.6697 0.7427 -0.0000
vn 0.6693 0.7430 -0.0000
vn 0.6686 0.7436 -0.0000
vn 0.7538 -0.6571 -0.0000
vn 0.7483 -0.6633 -0.0000
vn 0.7428 -0.6695 -0.0000
vn -0.6701 -0.7422 -0.0000
vn -0.6695 -0.7428 -0.0000
vn -0.6689 -0.7433 -0.0000
vn 0.7481 -0.6635 -0.0000
vn -0.6697 -0.7426 0.0017
vn -0.6696 -0.7428 -0.0000
vn -0.6703 -0.7421 -0.0000
vn -0.6688 -0.7434 -0.0000
vn -0.6694 -0.7429 -0.0005
vn -0.7481 0.6636 -0.0000
vn -0.7481 0.6635 -0.0000
vn 0.0274 -0.0243 -0.9993
vn 0.0274 -0.0244 -0.9993
vn 0.0273 -0.0240 -0.9993
vn -0.0075 0.0065 -1.0000
vn -0.0772 0.0681 -0.9947
vn -0.0424 0.0375 -0.9984
vn -0.0777 0.0681 -0.9946
vn 0.1481 -0.1309 -0.9803
vn -0.0020 0.0025 -1.0000
vn 0.1517 -0.1328 -0.9795
vn -0.0643 0.0583 -0.9962
vn -0.1656 0.1485 -0.9749
vn -0.1881 0.1707 -0.9672
vn 0.1473 -0.1328 -0.9801
vn 0.0479 -0.0432 -0.9979
vn -0.1539 0.1371 -0.9785
vn -0.6697 -0.7426 -0.0017
vn -0.6694 -0.7429 0.0005
vn -0.1308 -0.1050 0.9858
vn 0.1523 -0.2603 0.9535
vn -0.1174 0.2126 0.9701
vn 0.7520 -0.6592 -0.0013
vn 0.7530 -0.6581 0.0009
vn 0.7530 -0.6580 0.0008
vn 0.7494 -0.6621 -0.0001
vn 0.0446 -0.1351 0.9898
vn 0.0445 -0.1350 0.9898
vn 0.0445 -0.1351 0.9898
vn -0.1227 -0.0545 0.9909
vn -0.1738 0.1533 0.9728
vn -0.1739 0.1531 0.9728
vn -0.1742 0.1534 0.9727
vn -0.1740 0.1532 0.9728
vn 0.0603 -0.0641 0.9961
vn -0.1466 0.1284 0.9808
vn -0.1736 0.1532 0.9728
vn -0.1734 0.1535 0.9728
vn 0.7495 -0.6620 -0.0000
vn 0.7494 -0.6621 -0.0000
vn 0.7525 -0.6586 0.0008
vn -0.1060 -0.0672 0.9921
vn -0.1158 0.1024 0.9880
vn -0.1732 0.1528 0.9730
vn 0.1054 -0.0907 0.9903
vn -0.3372 0.1112 0.9348
vn 0.1743 -0.1331 0.9757
vn 0.3044 -0.2464 0.9201
vn 0.0898 0.3203 0.9431
vn -0.1062 0.0809 0.9910
vn 0.7525 -0.6585 0.0007
vn 0.1493 -0.1754 0.9731
vn 0.1493 -0.1753 0.9731
vn 0.1357 -0.0353 0.9901
vn 0.1358 -0.0353 0.9901
vn 0.1358 -0.0354 0.9901
vn 0.0969 -0.0686 0.9929
vn 0.0840 0.0574 0.9948
vn 0.2747 -0.3108 0.9099
vn -0.3411 0.1493 0.9281
vn -0.2706 -0.1477 0.9513
vn -0.3395 0.3005 0.8913
vn 0.2034 -0.1512 0.9674
vn 0.2033 -0.1512 0.9674
vn 0.2034 -0.1512 0.9673
vn 0.1969 0.1816 0.9635
vn 0.0473 -0.1497 0.9876
vn 0.0474 -0.1497 0.9876
vn -0.0769 -0.0469 0.9959
vn -0.2321 0.0823 0.9692
vn 0.1348 0.0372 0.9902
vn 0.4332 0.0348 0.9006
vn -0.1737 0.1532 0.9728
vn -0.1735 0.1530 0.9729
vn -0.1742 0.1533 0.9727
vn -0.1468 0.1284 0.9808
vn 0.7495 -0.6620 -0.0010
vn 0.7530 -0.6580 0.0009
vn 0.2482 0.3674 0.8964
vn 0.7526 -0.6584 -0.0018
vn 0.1104 0.0465 0.9928
vn 0.1096 0.0514 0.9926
vn 0.4489 0.0214 0.8933
vn -0.1738 0.1531 0.9728
vn -0.1467 0.1284 0.9808
vn 0.7494 -0.6622 -0.0000
vn 0.7528 -0.6583 0.0008
vn -0.1201 -0.0749 0.9899
vn 0.3082 -0.2459 0.9190
vn -0.0958 0.0707 0.9929
vn 0.7528 -0.6582 0.0008
vn 0.1762 -0.1928 0.9653
vn -0.0899 -0.0533 0.9945
vn -0.2531 0.0574 0.9657
vn 0.0446 -0.1350 0.9898
vn 0.0821 0.0324 0.9961
vn 0.1096 0.0513 0.9926
vn 0.4765 -0.0389 0.8783
vn -0.1745 0.1539 0.9726
vn -0.1751 0.1540 0.9724
vn -0.1752 0.1539 0.9724
vn -0.1750 0.1537 0.9725
vn -0.1452 0.1285 0.9810
vn -0.1306 -0.1051 0.9858
vn 0.7492 -0.6623 -0.0051
vn 0.7501 -0.6612 0.0084
vn 0.0298 -0.1814 0.9830
vn 0.0297 -0.1814 0.9830
vn -0.1226 -0.1444 0.9819
vn 0.2593 -0.3073 0.9156
vn 0.0822 -0.0309 0.9961
vn 0.2494 -0.3051 0.9191
vn 0.0957 -0.0655 0.9932
vn -0.1739 0.1533 0.9728
vn -0.1739 0.1534 0.9727
vn -0.1757 0.1537 0.9724
vn 0.7507 -0.6606 -0.0078
vn 0.7507 -0.6606 0.0072
vn 0.7495 -0.6620 -0.0011
vn -0.1159 0.1017 0.9880
vn -0.1159 0.1018 0.9880
vn 0.1019 -0.0913 0.9906
vn 0.7511 -0.6601 -0.0098
vn -0.0122 0.2855 0.9583
vn 0.7526 -0.6585 -0.0018
vn 0.0370 0.0269 0.9990
vn 0.0353 0.0314 0.9989
vn 0.0463 0.0026 0.9989
vn 0.0533 0.0343 0.9980
vn -0.1161 0.1011 0.9881
vn 0.3685 -0.2180 0.9037
vn 0.3792 -0.1457 0.9138
vn 0.3899 -0.0517 0.9194
vn 0.7524 -0.6587 -0.0017
vn -0.1737 0.1531 0.9728
vn 0.7530 -0.6581 0.0010
vn 0.2482 0.3673 0.8964
vn 0.0937 0.0090 0.9956
vn 0.1006 0.0416 0.9941
vn 0.0906 -0.0058 0.9959
vn 0.3481 -0.2178 0.9118
vn 0.3654 -0.1893 0.9114
vn 0.4631 -0.0092 0.8862
vn -0.1736 0.1531 0.9728
vn -0.1734 0.1530 0.9729
vn 0.7495 -0.6620 -0.0009
vn 0.7525 -0.6585 0.0008
vn 0.7524 -0.6587 -0.0007
vn 0.7524 -0.6587 0.0008
vn -0.1731 0.1532 0.9729
vn -0.1732 0.1525 0.9730
vn -0.1468 0.1293 0.9807
vn 0.7505 -0.6609 0.0002
vn 0.7504 -0.6610 -0.0003
vn 0.7505 -0.6609 -0.0000
vn -0.1722 0.1517 0.9733
vn 0.2825 -0.2488 0.9264
vn 0.2618 -0.2306 0.9372
vn 0.3483 -0.3265 0.8787
vn 0.0539 -0.0173 0.9984
vn 0.2859 -0.3133 0.9056
vn 0.0842 -0.0358 0.9958
vn -0.1308 -0.1050 -0.9858
vn 0.1523 -0.2603 -0.9535
vn -0.1174 0.2126 -0.9701
vn 0.7530 -0.6580 -0.0008
vn 0.7530 -0.6581 -0.0009
vn 0.7494 -0.6621 0.0001
vn 0.0445 -0.1350 -0.9898
vn 0.0445 -0.1351 -0.9898
vn -0.1227 -0.0545 -0.9909
vn -0.1738 0.1533 -0.9728
vn -0.1738 0.1531 -0.9728
vn -0.1740 0.1532 -0.9728
vn -0.1739 0.1531 -0.9728
vn 0.0603 -0.0641 -0.9961
vn -0.1466 0.1284 -0.9808
vn -0.1734 0.1533 -0.9728
vn -0.1736 0.1532 -0.9728
vn 0.7525 -0.6586 -0.0008
vn -0.1060 -0.0672 -0.9921
vn -0.1158 0.1024 -0.9880
vn -0.1732 0.1527 -0.9730
vn 0.1054 -0.0907 -0.9903
vn -0.3372 0.1112 -0.9348
vn 0.1743 -0.1331 -0.9757
vn 0.3044 -0.2464 -0.9201
vn 0.0898 0.3203 -0.9431
vn -0.1062 0.0809 -0.9910
vn 0.7525 -0.6585 -0.0007
vn 0.1493 -0.1753 -0.9731
vn 0.1493 -0.1754 -0.9731
vn 0.1357 -0.0353 -0.9901
vn 0.1358 -0.0354 -0.9901
vn 0.1358 -0.0353 -0.9901
vn 0.0969 -0.0686 -0.9929
vn 0.0840 0.0574 -0.9948
vn 0.2747 -0.3108 -0.9099
vn -0.3411 0.1493 -0.9281
vn -0.2706 -0.1477 -0.9513
vn -0.3395 0.3005 -0.8913
vn 0.2034 -0.1512 -0.9674
vn 0.2033 -0.1512 -0.9674
vn 0.2034 -0.1512 -0.9673
vn 0.1969 0.1816 -0.9635
vn 0.0473 -0.1497 -0.9876
vn 0.0474 -0.1497 -0.9876
vn -0.0769 -0.0469 -0.9959
vn -0.2321 0.0823 -0.9692
vn 0.1348 0.0372 -0.9902
vn 0.4332 0.0348 -0.9006
vn -0.1737 0.1531 -0.9728
vn -0.1742 0.1533 -0.9727
vn -0.1735 0.1530 -0.9729
vn -0.1468 0.1284 -0.9808
vn 0.7530 -0.6580 -0.0009
vn 0.2482 0.3674 -0.8964
vn 0.1104 0.0465 -0.9928
vn 0.1096 0.0513 -0.9926
vn 0.4489 0.0214 -0.8933
vn -0.1467 0.1284 -0.9808
vn 0.7528 -0.6583 -0.0008
vn -0.1201 -0.0749 -0.9899
vn 0.3082 -0.2459 -0.9190
vn -0.0958 0.0707 -0.9929
vn 0.7528 -0.6582 -0.0008
vn 0.1762 -0.1928 -0.9653
vn -0.0899 -0.0533 -0.9945
vn -0.2531 0.0574 -0.9657
vn 0.0821 0.0324 -0.9961
vn 0.4765 -0.0389 -0.8783
vn -0.1745 0.1539 -0.9726
vn -0.1752 0.1539 -0.9724
vn -0.1753 0.1540 -0.9724
vn -0.1750 0.1537 -0.9725
vn -0.1452 0.1285 -0.9810
vn -0.1306 -0.1051 -0.9858
vn 0.7505 -0.6608 -0.0088
vn 0.0298 -0.1814 -0.9830
vn 0.0297 -0.1814 -0.9830
vn 0.0474 -0.1498 -0.9876
vn -0.1226 -0.1444 -0.9819
vn 0.2593 -0.3073 -0.9156
vn 0.0822 -0.0309 -0.9961
vn 0.2494 -0.3051 -0.9191
vn 0.0957 -0.0655 -0.9933
vn -0.1735 0.1529 -0.9729
vn -0.1740 0.1534 -0.9727
vn -0.1739 0.1534 -0.9727
vn -0.1757 0.1537 -0.9724
vn 0.7499 -0.6615 -0.0058
vn -0.1159 0.1018 -0.9880
vn -0.1159 0.1017 -0.9880
vn 0.1019 -0.0913 -0.9906
vn -0.0122 0.2855 -0.9583
vn 0.0370 0.0269 -0.9990
vn 0.0463 0.0026 -0.9989
vn 0.0353 0.0314 -0.9989
vn 0.0533 0.0343 -0.9980
vn -0.1161 0.1011 -0.9881
vn 0.3685 -0.2180 -0.9037
vn 0.3899 -0.0517 -0.9194
vn 0.3792 -0.1457 -0.9138
vn -0.1737 0.1532 -0.9728
vn -0.1740 0.1531 -0.9728
vn 0.7494 -0.6621 0.0002
vn 0.7530 -0.6580 -0.0010
vn 0.2482 0.3673 -0.8964
vn 0.0937 0.0090 -0.9956
vn 0.0906 -0.0058 -0.9959
vn 0.1006 0.0416 -0.9941
vn 0.3481 -0.2178 -0.9118
vn 0.4631 -0.0092 -0.8862
vn 0.3654 -0.1893 -0.9114
vn 0.7524 -0.6587 -0.0008
vn -0.1731 0.1532 -0.9729
vn 0.1096 0.0514 -0.9926
vn -0.1732 0.1525 -0.9730
vn -0.1468 0.1293 -0.9807
vn 0.7505 -0.6609 -0.0002
vn -0.1722 0.1517 -0.9733
vn 0.2825 -0.2488 -0.9264
vn 0.2618 -0.2306 -0.9372
vn 0.3483 -0.3265 -0.8787
vn 0.0539 -0.0173 -0.9984
vn 0.2859 -0.3133 -0.9056
vn 0.0842 -0.0358 -0.9958
vn -0.8175 -0.5760 -0.0000
vn -0.7617 -0.6480 -0.0000
vn -0.6234 -0.7819 -0.0000
vn -0.6668 -0.7453 -0.0000
vn -0.8160 -0.5781 -0.0000
vn -0.8062 -0.5917 -0.0000
vn -0.8003 -0.5997 -0.0000
vn -0.3879 -0.9217 -0.0000
vn -0.4467 -0.8947 -0.0000
vn -0.0584 -0.9983 0.0002
vn -0.0840 -0.9927 0.0869
vn -0.0841 -0.9926 -0.0874
vn -0.8171 -0.5765 -0.0000
vn -0.6230 -0.7822 -0.0000
vn -0.6920 -0.7219 -0.0000
vn -0.6913 -0.7226 -0.0000
vn -0.6825 -0.7309 0.0032
vn 0.1770 0.2186 0.9596
vn -0.1519 -0.0026 0.9884
vn -0.1519 -0.0025 0.9884
vn 0.7293 -0.6841 -0.0000
vn 0.7292 -0.6842 -0.0000
vn 0.7292 -0.6843 -0.0000
vn 0.7291 -0.6844 -0.0000
vn -0.1705 0.1600 0.9723
vn -0.1710 0.1607 0.9721
vn -0.1706 0.1599 0.9723
vn -0.1135 0.0033 0.9935
vn 0.1445 -0.1282 0.9812
vn -0.2198 0.2066 0.9534
vn -0.0124 -0.1524 0.9882
vn -0.2882 0.2649 0.9202
vn -0.4567 0.4292 0.7792
vn -0.2244 -0.2939 0.9291
vn -0.0205 -0.2222 0.9748
vn -0.1700 0.1593 0.9725
vn -0.1701 0.1594 0.9725
vn 0.3081 0.2140 0.9270
vn 0.1877 -0.1736 0.9668
vn 0.0584 -0.0658 0.9961
vn 0.0249 0.2195 0.9753
vn -0.1413 0.1328 0.9810
vn -0.1702 0.1588 0.9725
vn -0.1698 0.1584 0.9727
vn 0.7310 -0.6823 -0.0008
vn 0.7292 -0.6843 0.0001
vn -0.1337 -0.1011 0.9858
vn 0.2441 0.2490 0.9372
vn -0.1109 0.2161 0.9701
vn -0.1126 0.1059 0.9880
vn -0.1129 0.1050 0.9880
vn -0.1703 0.1590 0.9725
vn 0.0989 -0.0944 0.9906
vn 0.7293 -0.6842 -0.0005
vn 0.7312 -0.6822 0.0005
vn -0.3337 0.1213 0.9348
vn 0.1702 -0.1382 0.9757
vn 0.1444 -0.2647 0.9535
vn 0.1014 0.3181 0.9426
vn 0.0244 -0.1823 0.9829
vn 0.0243 -0.1823 0.9830
vn -0.0030 -0.1751 0.9846
vn -0.0503 -0.1623 0.9855
vn 0.1346 -0.0394 0.9901
vn 0.1347 -0.0394 0.9901
vn 0.3111 0.0744 0.9474
vn -0.4025 0.1146 0.9082
vn -0.3308 0.0612 0.9417
vn -0.2016 0.0923 0.9751
vn -0.2016 0.0922 0.9751
vn -0.1250 0.3077 0.9432
vn 0.1178 -0.1753 0.9774
vn 0.1178 -0.1752 0.9775
vn 0.3443 0.0497 0.9375
vn -0.3327 -0.0447 0.9420
vn 0.2683 -0.2493 0.9305
vn 0.2201 -0.3572 0.9077
vn 0.2278 -0.0482 0.9725
vn 0.2184 -0.1180 0.9687
vn 0.1991 -0.0591 0.9782
vn 0.2653 -0.2140 0.9401
vn 0.0298 -0.0689 0.9972
vn -0.0734 0.1384 0.9877
vn -0.0807 0.1258 0.9888
vn 0.2812 0.0744 0.9568
vn -0.2014 -0.0174 0.9794
vn 0.1160 -0.1063 0.9876
vn 0.2914 0.1387 0.9465
vn -0.1712 -0.0044 0.9852
vn -0.1712 -0.0045 0.9852
vn 0.0491 0.0296 0.9984
vn 0.0474 0.0421 0.9980
vn 0.0516 0.0113 0.9986
vn 0.0864 0.0556 0.9947
vn -0.1131 0.1041 0.9881
vn 0.3829 -0.2160 0.8982
vn 0.4012 -0.1486 0.9038
vn 0.4382 0.0202 0.8987
vn -0.3365 0.1594 0.9281
vn -0.2749 -0.1396 0.9513
vn -0.3304 0.3105 0.8913
vn 0.1987 -0.1573 0.9674
vn 0.1988 -0.1573 0.9673
vn 0.2023 0.1756 0.9635
vn 0.0428 -0.1511 0.9876
vn 0.0429 -0.1511 0.9876
vn -0.1268 -0.1407 0.9819
vn -0.1704 0.1591 0.9725
vn -0.1702 0.1589 0.9725
vn -0.1694 0.1587 0.9727
vn -0.1699 0.1590 0.9726
vn 0.7310 -0.6824 -0.0008
vn 0.7293 -0.6842 -0.0000
vn -0.1337 -0.1011 0.9859
vn -0.1129 0.1051 0.9880
vn -0.1697 0.1578 0.9728
vn 0.0990 -0.0944 0.9906
vn 0.7294 -0.6841 -0.0005
vn 0.7312 -0.6821 0.0004
vn 0.2591 0.3598 0.8963
vn 0.0243 -0.1822 0.9830
vn 0.0147 0.0556 0.9983
vn 0.1036 0.0329 0.9941
vn -0.1131 0.1043 0.9881
vn 0.5755 -0.3815 0.7234
vn -0.2749 -0.1395 0.9513
vn -0.1690 0.1583 0.9728
vn -0.1693 0.1583 0.9728
vn -0.1695 0.1585 0.9727
vn -0.1429 0.1327 0.9808
vn -0.1693 0.1584 0.9728
vn 0.7294 -0.6841 -0.0011
vn 0.7330 -0.6803 0.0010
vn -0.1339 -0.1010 0.9858
vn 0.1027 -0.0938 0.9903
vn 0.7326 -0.6807 -0.0018
vn 0.7292 -0.6843 -0.0001
vn 0.0405 -0.1363 0.9898
vn 0.0405 -0.1364 0.9898
vn -0.1243 -0.0508 0.9909
vn -0.1691 0.1584 0.9728
vn -0.1428 0.1327 0.9808
vn -0.1690 0.1584 0.9728
vn 0.7294 -0.6841 -0.0010
vn 0.7327 -0.6805 0.0008
vn -0.1223 -0.0713 0.9899
vn 0.3007 -0.2551 0.9190
vn 0.0993 0.3175 0.9431
vn -0.0936 0.0735 0.9929
vn 0.7324 -0.6809 -0.0017
vn 0.1703 -0.1979 0.9653
vn 0.1703 -0.1980 0.9653
vn 0.0948 -0.0714 0.9929
vn 0.0857 0.0548 0.9948
vn 0.2653 -0.3189 0.9099
vn -0.0915 -0.0506 0.9945
vn -0.2512 0.0649 0.9657
vn 0.1359 0.0332 0.9902
vn 0.4340 0.0218 0.9006
vn -0.1691 0.1585 0.9728
vn -0.1691 0.1582 0.9728
vn -0.1694 0.1583 0.9728
vn 0.0584 -0.0659 0.9961
vn 0.7330 -0.6803 0.0009
vn 0.2591 0.3598 0.8964
vn -0.1110 0.2161 0.9701
vn 0.7330 -0.6802 0.0008
vn 0.7293 -0.6842 -0.0001
vn 0.0404 -0.1363 0.9898
vn 0.0831 0.0299 0.9961
vn 0.1111 0.0480 0.9926
vn 0.4751 -0.0532 0.8783
vn -0.1692 0.1583 0.9728
vn -0.1427 0.1327 0.9808
vn -0.1689 0.1584 0.9728
vn 0.7293 -0.6841 -0.0009
vn 0.7324 -0.6808 0.0009
vn -0.1069 -0.0634 0.9922
vn 0.2966 -0.2554 0.9202
vn -0.3393 0.2845 0.8966
vn 0.7321 -0.6812 -0.0015
vn 0.0452 -0.1230 0.9914
vn 0.0451 -0.1230 0.9914
vn -0.0629 -0.0375 0.9973
vn 0.2500 -0.3150 0.9156
vn 0.0813 -0.0334 0.9961
vn 0.2402 -0.3124 0.9191
vn 0.0937 -0.0684 0.9932
vn -0.1692 0.1586 0.9727
vn 0.7330 -0.6802 0.0009
vn 0.0404 -0.1364 0.9898
vn 0.1055 0.0095 0.9944
vn 0.1096 0.0422 0.9931
vn 0.1013 -0.0228 0.9946
vn 0.3130 -0.2021 0.9280
vn 0.3278 -0.1806 0.9273
vn 0.4478 0.0116 0.8941
vn 0.7328 -0.6805 0.0008
vn 0.1704 -0.1980 0.9653
vn 0.2591 0.3597 0.8964
vn 0.0973 0.0130 0.9952
vn 0.0998 0.0377 0.9943
vn 0.0942 -0.0159 0.9954
vn 0.3206 -0.2034 0.9251
vn 0.3328 -0.1866 0.9244
vn 0.4537 -0.0019 0.8912
vn -0.1692 0.1585 0.9728
vn 0.7325 -0.6808 0.0007
vn -0.1080 -0.0640 0.9921
vn 0.2969 -0.2554 0.9201
vn 0.0993 0.3175 0.9430
vn -0.1038 0.0840 0.9910
vn 0.7325 -0.6808 0.0006
vn 0.1440 -0.1798 0.9731
vn 0.1440 -0.1797 0.9731
vn -0.0783 -0.0445 0.9959
vn -0.2296 0.0892 0.9692
vn 0.1117 0.0432 0.9928
vn 0.4494 0.0080 0.8933
vn 0.7328 -0.6805 0.0009
vn 0.7328 -0.6805 0.0007
vn -0.1699 0.1589 0.9726
vn -0.1697 0.1587 0.9726
vn -0.1355 -0.0614 0.9889
vn 0.2997 -0.2551 0.9193
vn -0.3468 0.2865 0.8931
vn 0.0242 -0.1822 0.9830
vn -0.0272 -0.0997 0.9946
vn 0.0813 -0.0333 0.9961
vn 0.2330 -0.3105 0.9216
vn 0.0948 -0.0713 0.9929
vn 0.2373 -0.3116 0.9201
vn 0.0898 -0.0572 0.9943
vn 0.3437 -0.3381 0.8761
vn 0.0543 -0.0097 0.9985
vn -0.1739 0.1635 -0.9711
vn -0.1732 0.1622 -0.9715
vn -0.1715 0.1605 -0.9720
vn -0.1705 0.1600 -0.9723
vn 0.1770 0.2186 -0.9596
vn -0.1519 -0.0026 -0.9884
vn -0.1519 -0.0025 -0.9884
vn -0.1706 0.1599 -0.9723
vn -0.1135 0.0033 -0.9935
vn 0.1445 -0.1282 -0.9812
vn -0.2198 0.2066 -0.9534
vn -0.0124 -0.1524 -0.9882
vn -0.2882 0.2649 -0.9202
vn -0.4567 0.4292 -0.7793
vn -0.2244 -0.2939 -0.9291
vn -0.0205 -0.2222 -0.9748
vn -0.1704 0.1595 -0.9724
vn -0.1702 0.1594 -0.9724
vn 0.3081 0.2140 -0.9270
vn 0.1877 -0.1736 -0.9668
vn 0.0584 -0.0658 -0.9961
vn 0.0249 0.2195 -0.9753
vn -0.1413 0.1328 -0.9810
vn -0.1698 0.1584 -0.9727
vn -0.1702 0.1588 -0.9725
vn -0.1337 -0.1011 -0.9858
vn 0.2441 0.2490 -0.9372
vn -0.1109 0.2161 -0.9701
vn -0.1126 0.1059 -0.9880
vn -0.1129 0.1050 -0.9880
vn -0.1703 0.1590 -0.9725
vn 0.0989 -0.0944 -0.9906
vn 0.7312 -0.6822 -0.0005
vn -0.3337 0.1213 -0.9348
vn 0.1702 -0.1382 -0.9757
vn 0.1444 -0.2647 -0.9535
vn 0.1014 0.3181 -0.9426
vn 0.0244 -0.1823 -0.9829
vn -0.0030 -0.1751 -0.9846
vn 0.0243 -0.1822 -0.9830
vn -0.0503 -0.1623 -0.9855
vn 0.1346 -0.0394 -0.9901
vn 0.1347 -0.0394 -0.9901
vn 0.3111 0.0744 -0.9474
vn -0.4025 0.1146 -0.9082
vn -0.3308 0.0612 -0.9417
vn -0.2016 0.0922 -0.9751
vn -0.2016 0.0923 -0.9751
vn -0.1250 0.3077 -0.9432
vn 0.1178 -0.1753 -0.9774
vn 0.1178 -0.1752 -0.9775
vn 0.3443 0.0497 -0.9375
vn -0.3327 -0.0447 -0.9420
vn 0.2683 -0.2493 -0.9305
vn 0.2201 -0.3572 -0.9077
vn 0.2278 -0.0482 -0.9725
vn 0.2184 -0.1180 -0.9687
vn 0.1991 -0.0591 -0.9782
vn 0.2653 -0.2140 -0.9401
vn 0.0298 -0.0689 -0.9972
vn -0.0734 0.1384 -0.9877
vn -0.0807 0.1258 -0.9888
vn 0.2812 0.0744 -0.9568
vn -0.2014 -0.0174 -0.9794
vn 0.1160 -0.1063 -0.9876
vn 0.2914 0.1387 -0.9465
vn -0.1712 -0.0044 -0.9852
vn -0.1712 -0.0045 -0.9852
vn 0.0491 0.0296 -0.9984
vn 0.0516 0.0113 -0.9986
vn 0.0474 0.0421 -0.9980
vn 0.0864 0.0556 -0.9947
vn -0.1131 0.1041 -0.9881
vn 0.3828 -0.2159 -0.8982
vn 0.4382 0.0202 -0.8987
vn 0.4012 -0.1486 -0.9038
vn -0.3365 0.1594 -0.9281
vn -0.2749 -0.1396 -0.9513
vn -0.3304 0.3105 -0.8913
vn 0.1987 -0.1573 -0.9674
vn 0.1988 -0.1573 -0.9673
vn 0.2023 0.1756 -0.9635
vn 0.0428 -0.1511 -0.9876
vn 0.0429 -0.1511 -0.9876
vn -0.1268 -0.1407 -0.9819
vn -0.1705 0.1591 -0.9724
vn -0.1702 0.1589 -0.9725
vn -0.1699 0.1591 -0.9725
vn -0.1694 0.1587 -0.9727
vn -0.1337 -0.1011 -0.9859
vn -0.1129 0.1051 -0.9880
vn -0.1697 0.1578 -0.9728
vn 0.0990 -0.0944 -0.9906
vn 0.7312 -0.6822 -0.0004
vn 0.2591 0.3598 -0.8963
vn 0.0243 -0.1823 -0.9830
vn 0.0147 0.0556 -0.9983
vn 0.1036 0.0329 -0.9941
vn -0.1131 0.1043 -0.9881
vn 0.5755 -0.3815 -0.7234
vn -0.2749 -0.1395 -0.9513
vn -0.1688 0.1580 -0.9729
vn -0.1695 0.1585 -0.9727
vn -0.1693 0.1583 -0.9728
vn -0.1429 0.1327 -0.9808
vn -0.1693 0.1584 -0.9728
vn 0.7330 -0.6803 -0.0010
vn -0.1339 -0.1010 -0.9858
vn 0.1027 -0.0938 -0.9903
vn 0.0405 -0.1363 -0.9898
vn 0.0405 -0.1364 -0.9898
vn -0.1243 -0.0508 -0.9909
vn -0.1691 0.1584 -0.9728
vn 0.0584 -0.0659 -0.9961
vn -0.1428 0.1327 -0.9808
vn -0.1690 0.1584 -0.9728
vn 0.7327 -0.6805 -0.0008
vn -0.1223 -0.0713 -0.9899
vn 0.3007 -0.2551 -0.9190
vn 0.0993 0.3175 -0.9431
vn -0.0936 0.0735 -0.9929
vn 0.1703 -0.1979 -0.9653
vn 0.1703 -0.1980 -0.9653
vn 0.0948 -0.0714 -0.9929
vn 0.0857 0.0548 -0.9948
vn 0.2653 -0.3189 -0.9099
vn -0.0915 -0.0506 -0.9945
vn -0.2512 0.0649 -0.9657
vn 0.1359 0.0332 -0.9902
vn 0.4340 0.0218 -0.9006
vn -0.1691 0.1582 -0.9728
vn -0.1694 0.1583 -0.9728
vn 0.7330 -0.6803 -0.0009
vn 0.2591 0.3598 -0.8964
vn -0.1110 0.2161 -0.9701
vn 0.7330 -0.6802 -0.0007
vn 0.0831 0.0299 -0.9961
vn 0.1111 0.0480 -0.9926
vn 0.4751 -0.0532 -0.8783
vn -0.1690 0.1583 -0.9728
vn -0.1692 0.1582 -0.9728
vn -0.1427 0.1327 -0.9808
vn -0.1689 0.1584 -0.9728
vn 0.7324 -0.6808 -0.0009
vn -0.1069 -0.0634 -0.9922
vn 0.2966 -0.2554 -0.9202
vn -0.3393 0.2845 -0.8966
vn 0.0452 -0.1230 -0.9914
vn 0.0451 -0.1230 -0.9914
vn -0.0629 -0.0375 -0.9973
vn 0.2500 -0.3150 -0.9156
vn 0.0813 -0.0334 -0.9961
vn 0.2402 -0.3124 -0.9191
vn 0.0937 -0.0684 -0.9932
vn -0.1692 0.1586 -0.9727
vn 0.7330 -0.6802 -0.0009
vn 0.7330 -0.6802 -0.0008
vn 0.1055 0.0095 -0.9944
vn 0.1013 -0.0228 -0.9946
vn 0.1096 0.0422 -0.9931
vn 0.3130 -0.2021 -0.9280
vn 0.4478 0.0116 -0.8941
vn 0.3278 -0.1806 -0.9273
vn -0.1691 0.1585 -0.9728
vn -0.1692 0.1583 -0.9728
vn 0.7328 -0.6805 -0.0008
vn 0.7293 -0.6842 0.0001
vn 0.1704 -0.1980 -0.9653
vn 0.2591 0.3597 -0.8964
vn 0.0973 0.0130 -0.9952
vn 0.0942 -0.0159 -0.9954
vn 0.0998 0.0377 -0.9943
vn 0.3206 -0.2034 -0.9251
vn 0.4537 -0.0019 -0.8912
vn 0.3328 -0.1866 -0.9244
vn 0.7325 -0.6808 -0.0007
vn -0.1080 -0.0640 -0.9921
vn 0.2969 -0.2554 -0.9201
vn -0.1038 0.0840 -0.9910
vn 0.7325 -0.6807 -0.0006
vn 0.1440 -0.1797 -0.9731
vn 0.1440 -0.1798 -0.9731
vn -0.0783 -0.0445 -0.9959
vn -0.2296 0.0892 -0.9692
vn -0.1693 0.1587 -0.9727
vn 0.1117 0.0432 -0.9928
vn 0.4494 0.0080 -0.8933
vn 0.7328 -0.6805 -0.0009
vn 0.7328 -0.6805 -0.0007
vn -0.1698 0.1589 -0.9726
vn -0.1697 0.1588 -0.9726
vn -0.1355 -0.0614 -0.9889
vn 0.2997 -0.2551 -0.9193
vn -0.3468 0.2865 -0.8931
vn 0.0242 -0.1822 -0.9830
vn -0.0272 -0.0997 -0.9946
vn 0.0813 -0.0333 -0.9961
vn 0.2330 -0.3105 -0.9216
vn 0.0948 -0.0713 -0.9929
vn 0.2373 -0.3116 -0.9201
vn 0.0898 -0.0572 -0.9943
vn 0.3437 -0.3381 -0.8761
vn 0.0543 -0.0097 -0.9985
vn 0.8329 0.5534 -0.0000
vn 0.6587 0.7524 -0.0000
vn 0.6777 0.7354 -0.0000
vn 0.8068 0.5908 -0.0000
vn 0.8109 0.5852 -0.0000
vn 0.8269 0.5624 -0.0000
vn 0.8123 0.5832 -0.0000
vn 0.4166 0.9091 -0.0005
vn 0.4732 0.8809 -0.0000
vn 0.0874 0.9961 0.0091
vn 0.1122 0.9908 0.0754
vn 0.4735 0.8808 -0.0000
vn 0.1174 0.9881 -0.0996
vn 0.8155 0.5788 -0.0000
vn 0.8184 0.5746 -0.0000
vt 0.459900 0.912430
vt 0.189880 0.912430
vt 0.218624 0.883686
vt 0.431156 0.883686
vt 0.459900 0.642410
vt 0.431156 0.671154
vt 0.189880 0.642410
vt 0.218624 0.671154
vt 0.275648 0.489446
vt 0.168801 0.489446
vt 0.275648 0.421608
vt 0.168801 0.421608
vt 0.275648 0.560280
vt 0.168801 0.560280
vt 0.186201 0.344448
vt 0.186201 0.043981
vt 0.212126 0.344448
vt 0.212126 0.043981
vt 0.162765 0.344448
vt 0.162765 0.043981
vt 0.186201 0.033556
vt 0.212126 0.033556
vt 0.162765 0.033556
vt 0.243278 0.046979
vt 0.234110 0.046979
vt 0.243278 0.036514
vt 0.234110 0.036514
vt 0.243278 0.348587
vt 0.234110 0.348587
vt 0.162765 0.356205
vt 0.186201 0.356205
vt 0.212126 0.356205
vt 0.243278 0.047463
vt 0.234126 0.047463
vt 0.234126 0.348587
vt 0.243278 0.037016
vt 0.234126 0.037016
vt 0.212126 0.021799
vt 0.186201 0.021799
vt 0.162765 0.021799
vt 0.275648 0.399073
vt 0.158304 0.410340
vt 0.147808 0.489446
vt 0.158304 0.565980
vt 0.275648 0.571680
vt 0.110024 0.722854
vt 0.108114 0.729940
vt 0.102701 0.724025
vt 0.111436 0.726857
vt 0.112475 0.724785
vt 0.120279 0.726769
vt 0.117517 0.726676
vt 0.119838 0.719119
vt 0.117200 0.718972
vt 0.114926 0.726810
vt 0.095457 0.690131
vt 0.102611 0.694950
vt 0.095205 0.709781
vt 0.102156 0.707978
vt 0.108446 0.713807
vt 0.110521 0.706145
vt 0.113036 0.711069
vt 0.108214 0.702612
vt 0.102608 0.717574
vt 0.095555 0.719154
vt 0.119827 0.708189
vt 0.117103 0.707950
vt 0.120145 0.699678
vt 0.117408 0.699497
vt 0.111670 0.692098
vt 0.114884 0.699423
vt 0.113933 0.705720
vt 0.111540 0.699522
vt 0.105464 0.719097
vt 0.106238 0.711214
vt 0.110239 0.716577
vt 0.114648 0.695796
vt 0.119599 0.690003
vt 0.116953 0.689850
vt 0.114623 0.717966
vt 0.095190 0.662857
vt 0.102365 0.667662
vt 0.095020 0.680742
vt 0.101946 0.678886
vt 0.108269 0.684643
vt 0.110294 0.677017
vt 0.112822 0.681903
vt 0.107988 0.673542
vt 0.102492 0.688495
vt 0.119583 0.679004
vt 0.116861 0.678773
vt 0.119790 0.670520
vt 0.117048 0.670318
vt 0.109635 0.666388
vt 0.114506 0.670217
vt 0.113676 0.676549
vt 0.111114 0.670351
vt 0.105372 0.689999
vt 0.106044 0.682088
vt 0.110101 0.687334
vt 0.112091 0.668266
vt 0.119547 0.662742
vt 0.116851 0.662548
vt 0.114679 0.688309
vt 0.094938 0.634862
vt 0.102124 0.639632
vt 0.094801 0.653461
vt 0.101742 0.651600
vt 0.108061 0.657390
vt 0.110115 0.649734
vt 0.112652 0.654644
vt 0.107796 0.646214
vt 0.102229 0.661197
vt 0.119440 0.651763
vt 0.116713 0.651523
vt 0.119704 0.643235
vt 0.116966 0.643066
vt 0.111207 0.636723
vt 0.114442 0.643005
vt 0.113527 0.649299
vt 0.111097 0.643100
vt 0.105087 0.662690
vt 0.105841 0.654812
vt 0.109864 0.660146
vt 0.114593 0.639618
vt 0.119149 0.634607
vt 0.116502 0.634470
vt 0.114261 0.661535
vt 0.094538 0.607569
vt 0.101741 0.612356
vt 0.094457 0.625472
vt 0.101378 0.623580
vt 0.107730 0.629300
vt 0.109726 0.621679
vt 0.112283 0.626563
vt 0.107399 0.618214
vt 0.101971 0.633183
vt 0.119030 0.623611
vt 0.116305 0.623400
vt 0.119189 0.615129
vt 0.116447 0.614944
vt 0.109012 0.611055
vt 0.113904 0.614857
vt 0.113107 0.621196
vt 0.110511 0.615009
vt 0.104863 0.634671
vt 0.105493 0.626760
vt 0.109564 0.631970
vt 0.111478 0.612921
vt 0.118910 0.607354
vt 0.116213 0.607179
vt 0.114048 0.632310
vt 0.094407 0.581862
vt 0.101471 0.585069
vt 0.094124 0.598144
vt 0.101068 0.596289
vt 0.107399 0.602072
vt 0.109434 0.594423
vt 0.111977 0.599307
vt 0.107129 0.590940
vt 0.101578 0.605892
vt 0.118738 0.596380
vt 0.116010 0.596160
vt 0.118887 0.587929
vt 0.116151 0.587734
vt 0.108776 0.583713
vt 0.113635 0.587642
vt 0.112815 0.593956
vt 0.110249 0.587747
vt 0.104445 0.607377
vt 0.105172 0.599504
vt 0.109213 0.604818
vt 0.111252 0.585681
vt 0.118735 0.583847
vt 0.115943 0.583670
vt 0.113618 0.606181
vt 0.094708 0.550019
vt 0.101755 0.555028
vt 0.094068 0.567968
vt 0.101052 0.566258
vt 0.107271 0.572190
vt 0.109478 0.564573
vt 0.111952 0.569510
vt 0.107239 0.561049
vt 0.101339 0.575845
vt 0.118728 0.566654
vt 0.116009 0.566396
vt 0.119103 0.558266
vt 0.116368 0.558006
vt 0.109054 0.553924
vt 0.113830 0.557853
vt 0.112866 0.564153
vt 0.110437 0.557919
vt 0.104145 0.577390
vt 0.118722 0.577461
vt 0.105098 0.569564
vt 0.108980 0.575020
vt 0.111463 0.555856
vt 0.119054 0.550521
vt 0.116364 0.550260
vt 0.112685 0.577443
vt 0.095216 0.522008
vt 0.102266 0.526976
vt 0.094571 0.540605
vt 0.101557 0.538933
vt 0.107717 0.544890
vt 0.109976 0.537290
vt 0.112378 0.542264
vt 0.107754 0.533711
vt 0.101788 0.548548
vt 0.119241 0.539564
vt 0.116522 0.539253
vt 0.119738 0.531053
vt 0.117005 0.530810
vt 0.111422 0.524314
vt 0.114485 0.530681
vt 0.113398 0.536946
vt 0.111138 0.530686
vt 0.104605 0.550115
vt 0.105568 0.542255
vt 0.109445 0.547691
vt 0.114728 0.527301
vt 0.119476 0.522430
vt 0.116776 0.522210
vt 0.113803 0.549186
vt 0.095591 0.494728
vt 0.102654 0.499699
vt 0.095002 0.512606
vt 0.101971 0.510908
vt 0.108158 0.516806
vt 0.110368 0.509238
vt 0.112788 0.514191
vt 0.108141 0.505710
vt 0.102292 0.520526
vt 0.119612 0.511432
vt 0.116894 0.511143
vt 0.120008 0.502959
vt 0.117273 0.502695
vt 0.109953 0.498595
vt 0.114734 0.502536
vt 0.113760 0.508850
vt 0.111340 0.502591
vt 0.105141 0.522093
vt 0.105995 0.514202
vt 0.109915 0.519535
vt 0.112364 0.500530
vt 0.119947 0.495180
vt 0.117255 0.494923
vt 0.114170 0.520662
vt 0.096059 0.465666
vt 0.103119 0.470615
vt 0.095418 0.485323
vt 0.102406 0.483629
vt 0.108589 0.489562
vt 0.110820 0.481954
vt 0.113242 0.486924
vt 0.108579 0.478378
vt 0.102669 0.493233
vt 0.120098 0.484203
vt 0.117376 0.483900
vt 0.120573 0.475687
vt 0.117839 0.475450
vt 0.112238 0.467936
vt 0.115315 0.475324
vt 0.114245 0.481601
vt 0.111967 0.475356
vt 0.105492 0.494792
vt 0.106430 0.486934
vt 0.110327 0.492360
vt 0.115148 0.471693
vt 0.120266 0.466007
vt 0.117565 0.465792
vt 0.114690 0.493850
vt 0.103125 0.464160
vt 0.105977 0.465718
vt 0.110759 0.463144
vt 0.115319 0.464207
vt 0.095268 0.733571
vt 0.102292 0.733844
vt 0.108184 0.734044
vt 0.117793 0.733791
vt 0.120543 0.733689
vt 0.111676 0.733971
vt 0.115203 0.733884
vt 0.101320 0.054495
vt 0.101299 0.071435
vt 0.094404 0.049081
vt 0.094459 0.078351
vt 0.112443 0.064912
vt 0.105276 0.064441
vt 0.109351 0.062690
vt 0.108629 0.047218
vt 0.103486 0.038218
vt 0.114535 0.041830
vt 0.114561 0.026464
vt 0.115474 0.054044
vt 0.118316 0.053584
vt 0.117401 0.041480
vt 0.101598 0.081623
vt 0.106833 0.058392
vt 0.112275 0.056271
vt 0.112231 0.060034
vt 0.103516 0.061121
vt 0.114202 0.060975
vt 0.104146 0.074885
vt 0.108027 0.068959
vt 0.116501 0.072452
vt 0.110451 0.076275
vt 0.112093 0.070358
vt 0.094026 0.094593
vt 0.100987 0.092889
vt 0.119271 0.072732
vt 0.119075 0.061968
vt 0.116254 0.062120
vt 0.109089 0.080732
vt 0.118982 0.080607
vt 0.116189 0.080360
vt 0.107199 0.098805
vt 0.109430 0.091233
vt 0.111888 0.096167
vt 0.108826 0.054074
vt 0.107180 0.087727
vt 0.101304 0.102498
vt 0.094288 0.105671
vt 0.118706 0.093328
vt 0.115984 0.093063
vt 0.119060 0.084809
vt 0.116334 0.084568
vt 0.113830 0.084492
vt 0.112843 0.090817
vt 0.110436 0.084626
vt 0.104147 0.104044
vt 0.101314 0.108938
vt 0.115843 0.107694
vt 0.118621 0.107901
vt 0.105030 0.096194
vt 0.108915 0.101588
vt 0.108684 0.107748
vt 0.111494 0.082576
vt 0.106781 0.075560
vt 0.113854 0.055175
vt 0.114675 0.065404
vt 0.112602 0.103691
vt 0.093813 0.121989
vt 0.100763 0.120167
vt 0.106939 0.125946
vt 0.109222 0.118424
vt 0.111768 0.123398
vt 0.106939 0.114910
vt 0.101235 0.129829
vt 0.094196 0.131499
vt 0.118508 0.120397
vt 0.115781 0.120189
vt 0.118733 0.111991
vt 0.116002 0.111780
vt 0.113491 0.111678
vt 0.112607 0.117991
vt 0.110105 0.111763
vt 0.104126 0.131340
vt 0.101378 0.137294
vt 0.115971 0.135845
vt 0.118763 0.135998
vt 0.104802 0.123393
vt 0.108448 0.128613
vt 0.110739 0.133301
vt 0.111133 0.109710
vt 0.096310 0.438392
vt 0.103394 0.443330
vt 0.095801 0.456271
vt 0.102762 0.454544
vt 0.108977 0.460419
vt 0.111146 0.452833
vt 0.113582 0.457766
vt 0.108905 0.449315
vt 0.120397 0.454998
vt 0.117679 0.454714
vt 0.120762 0.446518
vt 0.118025 0.446264
vt 0.110687 0.442193
vt 0.115486 0.446114
vt 0.114537 0.452430
vt 0.112091 0.446184
vt 0.106800 0.457822
vt 0.113107 0.444118
vt 0.120666 0.438736
vt 0.117974 0.438491
vt 0.096588 0.410400
vt 0.103682 0.415301
vt 0.096099 0.428990
vt 0.103074 0.427259
vt 0.109283 0.433167
vt 0.111481 0.425552
vt 0.113924 0.430509
vt 0.109229 0.421989
vt 0.103380 0.436864
vt 0.120766 0.427756
vt 0.118043 0.427465
vt 0.121190 0.419235
vt 0.118455 0.419013
vt 0.112817 0.412563
vt 0.115934 0.418905
vt 0.114900 0.425181
vt 0.112587 0.418937
vt 0.106210 0.438410
vt 0.107112 0.430548
vt 0.111034 0.435957
vt 0.116148 0.415521
vt 0.120856 0.410607
vt 0.118153 0.410410
vt 0.115404 0.437429
vt 0.096694 0.383132
vt 0.103808 0.388030
vt 0.096284 0.401006
vt 0.103237 0.399240
vt 0.109480 0.405076
vt 0.111617 0.397492
vt 0.114083 0.402424
vt 0.109356 0.393985
vt 0.103650 0.408852
vt 0.120882 0.399600
vt 0.118161 0.399336
vt 0.121196 0.391118
vt 0.118458 0.390880
vt 0.111097 0.386852
vt 0.115918 0.390746
vt 0.115005 0.397071
vt 0.112524 0.390835
vt 0.106513 0.410392
vt 0.107292 0.402495
vt 0.111264 0.407779
vt 0.113528 0.388763
vt 0.121000 0.383323
vt 0.118363 0.383104
vt 0.115740 0.408204
vt 0.096853 0.353992
vt 0.103962 0.358864
vt 0.096420 0.373735
vt 0.103390 0.371974
vt 0.109642 0.377833
vt 0.111787 0.370198
vt 0.114268 0.375142
vt 0.109494 0.366650
vt 0.103758 0.381566
vt 0.121099 0.372347
vt 0.118374 0.372071
vt 0.121509 0.363818
vt 0.118775 0.363610
vt 0.113061 0.356097
vt 0.116258 0.363508
vt 0.115218 0.369803
vt 0.112843 0.363589
vt 0.106597 0.383095
vt 0.107453 0.375230
vt 0.111408 0.380612
vt 0.113909 0.361559
vt 0.121068 0.354019
vt 0.118363 0.353841
vt 0.115787 0.382057
vt 0.096729 0.326743
vt 0.103882 0.331582
vt 0.096473 0.344617
vt 0.103411 0.342802
vt 0.109705 0.348600
vt 0.111765 0.340978
vt 0.114268 0.345879
vt 0.109476 0.337491
vt 0.103901 0.352410
vt 0.121043 0.343008
vt 0.118322 0.342766
vt 0.121292 0.334524
vt 0.118551 0.334310
vt 0.111157 0.330344
vt 0.116010 0.334197
vt 0.115149 0.340527
vt 0.112618 0.334314
vt 0.106772 0.353938
vt 0.107492 0.346029
vt 0.111527 0.351306
vt 0.113604 0.332235
vt 0.121028 0.326733
vt 0.118390 0.326537
vt 0.116192 0.352263
vt 0.096618 0.298747
vt 0.103775 0.303550
vt 0.096384 0.317346
vt 0.103333 0.315518
vt 0.109626 0.321338
vt 0.111715 0.313693
vt 0.114228 0.318614
vt 0.109412 0.310164
vt 0.103776 0.325117
vt 0.121030 0.315762
vt 0.118304 0.315511
vt 0.121330 0.307232
vt 0.118593 0.307053
vt 0.112859 0.300696
vt 0.116071 0.306983
vt 0.115128 0.313273
vt 0.112725 0.307066
vt 0.106627 0.326624
vt 0.107417 0.318750
vt 0.111415 0.324103
vt 0.116233 0.303596
vt 0.120861 0.298610
vt 0.118155 0.298450
vt 0.115806 0.325512
vt 0.096335 0.271476
vt 0.103516 0.276272
vt 0.096182 0.289360
vt 0.103109 0.287494
vt 0.109442 0.293244
vt 0.111460 0.285618
vt 0.113996 0.290504
vt 0.109148 0.282146
vt 0.103660 0.297100
vt 0.120755 0.287597
vt 0.118032 0.287369
vt 0.120948 0.279111
vt 0.118206 0.278912
vt 0.110787 0.274990
vt 0.115664 0.278814
vt 0.114843 0.285148
vt 0.112271 0.278951
vt 0.106544 0.298601
vt 0.107213 0.290692
vt 0.111278 0.295930
vt 0.113245 0.276866
vt 0.120637 0.271322
vt 0.117998 0.271141
vt 0.115934 0.296765
vt 0.096088 0.242411
vt 0.103268 0.247186
vt 0.095931 0.262079
vt 0.102876 0.260214
vt 0.109202 0.265993
vt 0.111246 0.258332
vt 0.113790 0.263242
vt 0.108918 0.254813
vt 0.103374 0.269808
vt 0.120577 0.260353
vt 0.117849 0.260117
vt 0.120843 0.251828
vt 0.118103 0.251658
vt 0.112319 0.244284
vt 0.115577 0.251594
vt 0.114661 0.257895
vt 0.112231 0.251708
vt 0.106234 0.271297
vt 0.106979 0.263419
vt 0.111008 0.268748
vt 0.115320 0.247968
vt 0.120238 0.242149
vt 0.117591 0.242009
vt 0.115407 0.270131
vt 0.095669 0.215139
vt 0.102871 0.219903
vt 0.095600 0.233026
vt 0.102516 0.231128
vt 0.108874 0.236849
vt 0.110855 0.229212
vt 0.113412 0.234084
vt 0.108528 0.225751
vt 0.103116 0.240733
vt 0.120157 0.231147
vt 0.117433 0.230931
vt 0.120314 0.222661
vt 0.117571 0.222475
vt 0.110135 0.218587
vt 0.115028 0.222388
vt 0.114235 0.228725
vt 0.111637 0.222541
vt 0.106005 0.242221
vt 0.106634 0.234307
vt 0.110722 0.239529
vt 0.112601 0.220451
vt 0.119968 0.214875
vt 0.117328 0.214705
vt 0.115307 0.240480
vt 0.095257 0.187147
vt 0.102470 0.191875
vt 0.095226 0.205745
vt 0.102156 0.203844
vt 0.108509 0.209598
vt 0.110519 0.201930
vt 0.113083 0.206826
vt 0.108179 0.198424
vt 0.102698 0.213439
vt 0.119855 0.203905
vt 0.117126 0.203681
vt 0.120069 0.195375
vt 0.117330 0.195222
vt 0.111534 0.188913
vt 0.114806 0.195176
vt 0.113928 0.201476
vt 0.111461 0.195291
vt 0.105566 0.214915
vt 0.106274 0.207033
vt 0.110327 0.212344
vt 0.114937 0.191788
vt 0.119463 0.186751
vt 0.116815 0.186629
vt 0.114732 0.213707
vt 0.094714 0.159869
vt 0.101935 0.164598
vt 0.094724 0.177761
vt 0.101632 0.175826
vt 0.108015 0.181510
vt 0.109964 0.173876
vt 0.112550 0.178747
vt 0.107619 0.170424
vt 0.102279 0.185427
vt 0.119277 0.175758
vt 0.116551 0.175562
vt 0.119383 0.167279
vt 0.116639 0.167108
vt 0.109186 0.163253
vt 0.114097 0.167033
vt 0.113340 0.173375
vt 0.110708 0.167201
vt 0.105179 0.186897
vt 0.105764 0.178982
vt 0.109864 0.184169
vt 0.111661 0.165108
vt 0.118994 0.159506
vt 0.116353 0.159348
vt 0.114349 0.184484
vt 0.094237 0.150468
vt 0.101158 0.148521
vt 0.107520 0.154267
vt 0.109500 0.146590
vt 0.112075 0.151491
vt 0.107157 0.143066
vt 0.101733 0.158130
vt 0.118828 0.148579
vt 0.116099 0.148358
vt 0.119009 0.140141
vt 0.116287 0.139952
vt 0.113821 0.139875
vt 0.112902 0.146152
vt 0.110483 0.139961
vt 0.104603 0.159597
vt 0.105280 0.151703
vt 0.109348 0.157009
vt 0.111569 0.137930
vt 0.113756 0.158359
s 1
usemtl initialShadingGroup
f 2271/1282/1334 2272/1283/1334 2273/1284/1334
f 2274/1285/1335 2271/1282/1336 2273/1284/1337
f 2275/1286/1338 2271/1282/1336 2274/1285/1335
f 2276/1287/1339 2275/1286/1338 2274/1285/1335
f 2277/1288/1340 2275/1286/1338 2276/1287/1339
f 2278/1289/1341 2277/1288/1340 2276/1287/1339
f 2272/1283/1342 2277/1288/1340 2278/1289/1341
f 2273/1284/1337 2272/1283/1342 2278/1289/1341
f 2278/1289/1341 2276/1287/1339 2274/1285/1335
f 2273/1284/1337 2278/1289/1341 2274/1285/1335
f 2277/1282/1343 2272/1283/1343 2279/1284/1343
f 2280/1285/1344 2277/1282/1345 2279/1284/1346
f 2275/1286/1347 2277/1282/1345 2280/1285/1344
f 2281/1287/1348 2275/1286/1347 2280/1285/1344
f 2271/1288/1349 2275/1286/1347 2281/1287/1348
f 2282/1289/1350 2271/1288/1349 2281/1287/1348
f 2272/1283/1351 2271/1288/1349 2282/1289/1350
f 2279/1284/1346 2272/1283/1351 2282/1289/1350
f 2282/1289/1350 2281/1287/1348 2280/1285/1344
f 2279/1284/1346 2282/1289/1350 2280/1285/1344
f 2284/1290/1352 2285/1291/1353 2283/1292/1354
f 2283/1292/1354 2285/1291/1353 2286/1293/1355
f 2287/1294/1356 2288/1295/1357 2284/1290/1358
f 2284/1290/1358 2288/1295/1357 2285/1291/1359
f 2290/1296/1360 2291/1297/1361 2289/1298/1362
f 2289/1298/1362 2291/1297/1361 2292/1299/1363
f 2293/1300/1364 2294/1301/1365 2290/1296/1360
f 2290/1296/1360 2294/1301/1365 2291/1297/1361
f 2291/1297/1361 2295/1302/1366 2292/1299/1363
f 2292/1299/1363 2295/1302/1366 2296/1303/1367
f 2294/1301/1365 2297/1304/1368 2291/1297/1361
f 2291/1297/1361 2297/1304/1368 2295/1302/1366
f 2294/1305/1369 2298/1306/1369 2297/1307/1370
f 2297/1307/1370 2298/1306/1369 2299/1308/1370
f 2294/1305/1369 2293/1309/1371 2298/1306/1369
f 2298/1306/1369 2293/1309/1371 2300/1310/1371
f 2300/1311/1372 2293/1300/1372 2301/1312/1373
f 2301/1312/1373 2293/1300/1372 2290/1296/1374
f 2302/1313/1375 2301/1312/1373 2289/1298/1375
f 2289/1298/1375 2301/1312/1373 2290/1296/1374
f 2303/1314/1376 2302/1309/1376 2292/1315/1377
f 2292/1315/1377 2302/1309/1376 2289/1316/1376
f 2304/1317/1378 2303/1314/1378 2296/1318/1378
f 2296/1318/1378 2303/1314/1378 2292/1315/1377
f 2304/1319/1379 2296/1303/1379 2305/1320/1380
f 2305/1320/1380 2296/1303/1379 2295/1302/1380
f 2295/1302/1380 2297/1304/1381 2305/1320/1380
f 2305/1320/1380 2297/1304/1381 2299/1321/1381
f 2306/1322/1382 2283/1292/1382 2307/1323/1382
f 2307/1323/1382 2283/1292/1382 2286/1293/1382
f 2285/1291/1383 2308/1324/1384 2286/1293/1385
f 2286/1293/1385 2308/1324/1384 2307/1323/1385
f 2309/1325/1386 2308/1324/1384 2288/1295/1387
f 2288/1295/1387 2308/1324/1384 2285/1291/1383
f 2287/1294/1388 2310/1326/1389 2288/1295/1389
f 2288/1295/1389 2310/1326/1389 2309/1325/1388
f 2314/1293/1390 2313/1291/1390 2311/1292/1390
f 2311/1292/1390 2313/1291/1391 2312/1290/1392
f 2313/1291/1393 2316/1295/1394 2312/1290/1395
f 2312/1290/1395 2316/1295/1394 2315/1294/1396
f 2320/1299/1397 2319/1297/1398 2317/1298/1399
f 2317/1298/1399 2319/1297/1398 2318/1296/1400
f 2319/1297/1398 2322/1301/1401 2318/1296/1400
f 2318/1296/1400 2322/1301/1401 2321/1300/1402
f 2324/1303/1403 2323/1302/1404 2320/1299/1397
f 2320/1299/1397 2323/1302/1404 2319/1297/1398
f 2323/1302/1404 2325/1304/1405 2319/1297/1398
f 2319/1297/1398 2325/1304/1405 2322/1301/1401
f 2322/1305/1369 2325/1307/1370 2298/1306/1369
f 2298/1306/1369 2325/1307/1370 2299/1308/1370
f 2322/1305/1369 2298/1306/1369 2321/1309/1371
f 2321/1309/1371 2298/1306/1369 2300/1310/1371
f 2318/1296/1374 2321/1300/1372 2301/1312/1373
f 2301/1312/1373 2321/1300/1372 2300/1311/1372
f 2302/1313/1375 2317/1298/1375 2301/1312/1373
f 2301/1312/1373 2317/1298/1375 2318/1296/1374
f 2303/1314/1376 2320/1315/1377 2302/1309/1376
f 2302/1309/1376 2320/1315/1377 2317/1316/1376
f 2304/1317/1378 2324/1318/1378 2303/1314/1378
f 2303/1314/1378 2324/1318/1378 2320/1315/1377
f 2323/1302/1380 2324/1303/1379 2305/1320/1380
f 2305/1320/1380 2324/1303/1379 2304/1319/1379
f 2323/1302/1380 2305/1320/1380 2325/1304/1381
f 2325/1304/1381 2305/1320/1380 2299/1321/1381
f 2306/1322/1382 2307/1323/1382 2311/1292/1382
f 2311/1292/1382 2307/1323/1382 2314/1293/1382
f 2313/1291/1406 2314/1293/1385 2308/1324/1384
f 2308/1324/1384 2314/1293/1385 2307/1323/1385
f 2313/1291/1406 2308/1324/1384 2316/1295/1407
f 2316/1295/1407 2308/1324/1384 2309/1325/1386
f 2315/1294/1388 2316/1295/1389 2310/1326/1389
f 2310/1326/1389 2316/1295/1389 2309/1325/1388
f 2326/1327/1408 2327/1328/1408 2328/1329/1408
f 2326/1327/1409 2329/1330/1409 2327/1328/1409
f 2326/1327/1410 2330/1331/1410 2329/1330/1410
f 2331/1332/1411 2332/1333/1412 2334/1334/1413
f 2334/1334/1413 2332/1333/1412 2333/1335/1414
f 2335/1336/1415 2330/1331/1416 2332/1333/1417
f 2332/1333/1417 2330/1331/1416 2333/1335/1416
f 2333/1335/1418 2330/1331/1418 2326/1327/1418
f 2329/1330/1410 2330/1331/1410 2335/1336/1410
f 2336/1337/1419 2337/1338/1420 2339/1339/1421
f 2339/1339/1421 2337/1338/1420 2338/1340/1422
f 2340/1341/1423 2341/1342/1423 2342/1343/1423
f 2337/1338/1424 2343/1344/1424 2338/1340/1424
f 2338/1340/1422 2344/1345/1425 2339/1339/1421
f 2339/1339/1421 2344/1345/1425 2345/1346/1426
f 2346/1347/1427 2347/1348/1427 2349/1349/1428
f 2349/1349/1428 2347/1348/1427 2348/1350/1429
f 2350/1351/1430 2343/1344/1430 2337/1338/1430
f 2351/1352/1410 2352/1353/1410 2353/1354/1410
f 2340/1341/1431 2354/1355/1431 2344/1345/1431
f 2345/1346/1426 2344/1345/1425 2328/1329/1432
f 2333/1335/1433 2342/1343/1433 2347/1348/1433
f 2334/1334/1413 2333/1335/1414 2346/1347/1427
f 2346/1347/1427 2333/1335/1414 2347/1348/1427
f 2343/1344/1434 2355/1356/1434 2338/1340/1434
f 2352/1353/1435 2341/1342/1435 2343/1344/1435
f 2350/1351/1436 2353/1354/1436 2343/1344/1436
f 2354/1355/1437 2356/1357/1437 2326/1327/1437
f 2350/1351/1438 2357/1358/1438 2353/1354/1438
f 2349/1349/1428 2348/1350/1429 2359/1359/1439
f 2359/1359/1439 2348/1350/1429 2358/1360/1414
f 2351/1352/1440 2357/1358/1441 2348/1350/1440
f 2348/1350/1440 2357/1358/1441 2358/1360/1441
f 2347/1348/1442 2352/1353/1443 2348/1350/1444
f 2348/1350/1444 2352/1353/1443 2351/1352/1444
f 2343/1344/1409 2353/1354/1409 2352/1353/1409
f 2333/1335/1445 2360/1361/1445 2342/1343/1445
f 2354/1355/1446 2326/1327/1446 2328/1329/1446
f 2344/1345/1431 2354/1355/1431 2328/1329/1431
f 2342/1343/1447 2360/1361/1447 2356/1357/1447
f 2340/1341/1448 2356/1357/1448 2354/1355/1448
f 2342/1343/1449 2356/1357/1449 2340/1341/1449
f 2344/1345/1450 2338/1340/1450 2355/1356/1450
f 2343/1344/1451 2341/1342/1452 2355/1356/1451
f 2355/1356/1451 2341/1342/1452 2340/1341/1453
f 2344/1345/1454 2355/1356/1454 2340/1341/1454
f 2347/1348/1455 2342/1343/1455 2352/1353/1455
f 2352/1353/1455 2342/1343/1455 2341/1342/1456
f 2358/1360/1457 2357/1358/1457 2350/1351/1457
f 2353/1354/1458 2357/1358/1458 2351/1352/1458
f 2333/1335/1459 2326/1327/1459 2360/1361/1459
f 2356/1357/1460 2360/1361/1460 2326/1327/1460
f 2361/1362/1461 2362/1363/1462 2364/1364/1463
f 2364/1364/1463 2362/1363/1462 2363/1365/1422
f 2365/1366/1423 2366/1367/1423 2367/1368/1423
f 2362/1363/1464 2368/1369/1464 2363/1365/1464
f 2363/1365/1422 2369/1370/1425 2364/1364/1463
f 2364/1364/1463 2369/1370/1425 2336/1337/1419
f 2370/1371/1427 2371/1372/1427 2373/1373/1465
f 2373/1373/1465 2371/1372/1427 2372/1374/1466
f 2374/1375/1408 2368/1369/1408 2362/1363/1408
f 2375/1376/1410 2376/1377/1410 2377/1378/1410
f 2365/1366/1431 2378/1379/1431 2369/1370/1431
f 2336/1337/1419 2369/1370/1425 2337/1338/1420
f 2358/1360/1433 2367/1368/1433 2371/1372/1433
f 2359/1359/1439 2358/1360/1414 2370/1371/1427
f 2370/1371/1427 2358/1360/1414 2371/1372/1427
f 2368/1369/1434 2379/1380/1434 2363/1365/1434
f 2376/1377/1435 2366/1367/1435 2368/1369/1435
f 2374/1375/1409 2377/1378/1409 2368/1369/1409
f 2378/1379/1467 2380/1381/1467 2350/1351/1467
f 2374/1375/1410 2381/1382/1410 2377/1378/1410
f 2373/1373/1465 2372/1374/1466 2383/1383/1468
f 2383/1383/1468 2372/1374/1466 2382/1384/1414
f 2375/1376/1415 2381/1382/1416 2372/1374/1417
f 2372/1374/1417 2381/1382/1416 2382/1384/1416
f 2371/1372/1442 2376/1377/1443 2372/1374/1444
f 2372/1374/1444 2376/1377/1443 2375/1376/1444
f 2368/1369/1409 2377/1378/1409 2376/1377/1409
f 2358/1360/1469 2350/1351/1469 2384/1385/1469
f 2378/1379/1470 2350/1351/1470 2337/1338/1470
f 2369/1370/1431 2378/1379/1431 2337/1338/1431
f 2380/1381/1471 2384/1385/1471 2350/1351/1471
f 2365/1366/1448 2380/1381/1448 2378/1379/1448
f 2367/1368/1449 2380/1381/1449 2365/1366/1449
f 2369/1370/1450 2363/1365/1450 2379/1380/1450
f 2368/1369/1451 2366/1367/1452 2379/1380/1451
f 2379/1380/1451 2366/1367/1452 2365/1366/1453
f 2369/1370/1454 2379/1380/1454 2365/1366/1454
f 2371/1372/1455 2367/1368/1455 2376/1377/1455
f 2376/1377/1455 2367/1368/1455 2366/1367/1456
f 2382/1384/1418 2381/1382/1418 2374/1375/1418
f 2377/1378/1410 2381/1382/1410 2375/1376/1410
f 2385/1386/1461 2386/1387/1472 2388/1388/1463
f 2388/1388/1463 2386/1387/1472 2387/1389/1422
f 2389/1390/1423 2390/1391/1423 2391/1392/1423
f 2386/1387/1473 2392/1393/1473 2387/1389/1473
f 2387/1389/1422 2393/1394/1425 2388/1388/1463
f 2388/1388/1463 2393/1394/1425 2361/1362/1461
f 2394/1395/1427 2395/1396/1427 2397/1397/1474
f 2397/1397/1474 2395/1396/1427 2396/1398/1475
f 2398/1399/1476 2392/1393/1476 2386/1387/1476
f 2399/1400/1410 2400/1401/1410 2401/1402/1410
f 2389/1390/1431 2402/1403/1431 2393/1394/1431
f 2361/1362/1461 2393/1394/1425 2362/1363/1462
f 2382/1384/1433 2391/1392/1433 2395/1396/1433
f 2383/1383/1468 2382/1384/1414 2394/1395/1427
f 2394/1395/1427 2382/1384/1414 2395/1396/1427
f 2392/1393/1434 2403/1404/1434 2387/1389/1434
f 2400/1401/1435 2390/1391/1435 2392/1393/1435
f 2398/1399/1477 2401/1402/1477 2392/1393/1477
f 2402/1403/1437 2404/1405/1437 2374/1375/1437
f 2398/1399/1478 2405/1406/1478 2401/1402/1478
f 2397/1397/1474 2396/1398/1475 2407/1407/1479
f 2407/1407/1479 2396/1398/1475 2406/1408/1414
f 2399/1400/1480 2405/1406/1480 2396/1398/1480
f 2396/1398/1480 2405/1406/1480 2406/1408/1480
f 2395/1396/1442 2400/1401/1443 2396/1398/1444
f 2396/1398/1444 2400/1401/1443 2399/1400/1444
f 2392/1393/1409 2401/1402/1409 2400/1401/1409
f 2382/1384/1445 2408/1409/1445 2391/1392/1445
f 2402/1403/1446 2374/1375/1446 2362/1363/1446
f 2393/1394/1431 2402/1403/1431 2362/1363/1431
f 2391/1392/1447 2408/1409/1447 2404/1405/1447
f 2389/1390/1448 2404/1405/1448 2402/1403/1448
f 2391/1392/1449 2404/1405/1449 2389/1390/1449
f 2393/1394/1450 2387/1389/1450 2403/1404/1450
f 2392/1393/1451 2390/1391/1452 2403/1404/1451
f 2403/1404/1451 2390/1391/1452 2389/1390/1452
f 2393/1394/1454 2403/1404/1454 2389/1390/1454
f 2395/1396/1455 2391/1392/1455 2400/1401/1456
f 2400/1401/1456 2391/1392/1455 2390/1391/1456
f 2406/1408/1481 2405/1406/1481 2398/1399/1481
f 2401/1402/1482 2405/1406/1482 2399/1400/1482
f 2382/1384/1459 2374/1375/1459 2408/1409/1459
f 2404/1405/1460 2408/1409/1460 2374/1375/1460
f 2409/1410/1461 2410/1411/1472 2412/1412/1463
f 2412/1412/1463 2410/1411/1472 2411/1413/1422
f 2413/1414/1423 2414/1415/1423 2415/1416/1423
f 2410/1411/1464 2416/1417/1464 2411/1413/1464
f 2411/1413/1422 2417/1418/1425 2412/1412/1463
f 2412/1412/1463 2417/1418/1425 2385/1386/1461
f 2418/1419/1427 2419/1420/1427 2421/1421/1465
f 2421/1421/1465 2419/1420/1427 2420/1422/1466
f 2422/1423/1408 2416/1417/1408 2410/1411/1408
f 2423/1424/1410 2424/1425/1410 2425/1426/1410
f 2413/1414/1431 2426/1427/1431 2417/1418/1431
f 2385/1386/1461 2417/1418/1425 2386/1387/1472
f 2406/1408/1433 2415/1416/1433 2419/1420/1433
f 2407/1407/1479 2406/1408/1414 2418/1419/1427
f 2418/1419/1427 2406/1408/1414 2419/1420/1427
f 2416/1417/1434 2427/1428/1434 2411/1413/1434
f 2424/1425/1435 2414/1415/1435 2416/1417/1435
f 2422/1423/1409 2425/1426/1409 2416/1417/1409
f 2426/1427/1467 2428/1429/1467 2398/1399/1467
f 2422/1423/1410 2429/1430/1410 2425/1426/1410
f 2421/1421/1465 2420/1422/1466 2431/1431/1468
f 2431/1431/1468 2420/1422/1466 2430/1432/1414
f 2423/1424/1483 2429/1430/1416 2420/1422/1417
f 2420/1422/1417 2429/1430/1416 2430/1432/1416
f 2419/1420/1442 2424/1425/1443 2420/1422/1444
f 2420/1422/1444 2424/1425/1443 2423/1424/1443
f 2416/1417/1409 2425/1426/1409 2424/1425/1409
f 2406/1408/1484 2398/1399/1484 2432/1433/1484
f 2426/1427/1485 2398/1399/1485 2386/1387/1485
f 2417/1418/1431 2426/1427/1431 2386/1387/1431
f 2428/1429/1486 2432/1433/1486 2398/1399/1486
f 2413/1414/1448 2428/1429/1448 2426/1427/1448
f 2415/1416/1449 2428/1429/1449 2413/1414/1449
f 2417/1418/1450 2411/1413/1450 2427/1428/1450
f 2416/1417/1451 2414/1415/1452 2427/1428/1451
f 2427/1428/1451 2414/1415/1452 2413/1414/1453
f 2417/1418/1454 2427/1428/1454 2413/1414/1454
f 2419/1420/1455 2415/1416/1455 2424/1425/1455
f 2424/1425/1455 2415/1416/1455 2414/1415/1456
f 2430/1432/1418 2429/1430/1418 2422/1423/1418
f 2425/1426/1410 2429/1430/1410 2423/1424/1410
f 2433/1434/1487 2434/1435/1488 2436/1436/1489
f 2436/1436/1489 2434/1435/1488 2435/1437/1490
f 2437/1438/1423 2438/1439/1423 2439/1440/1423
f 2434/1435/1491 2440/1441/1491 2435/1437/1491
f 2435/1437/1490 2441/1442/1425 2436/1436/1489
f 2436/1436/1489 2441/1442/1425 2409/1410/1461
f 2442/1443/1427 2443/1444/1427 2445/1445/1427
f 2445/1445/1427 2443/1444/1427 2444/1446/1427
f 2446/1447/1492 2440/1441/1492 2434/1435/1492
f 2447/1448/1410 2448/1449/1410 2449/1450/1410
f 2437/1438/1431 2450/1451/1431 2441/1442/1431
f 2409/1410/1461 2441/1442/1425 2410/1411/1472
f 2430/1432/1433 2439/1440/1433 2443/1444/1433
f 2431/1431/1468 2430/1432/1414 2442/1443/1427
f 2442/1443/1427 2430/1432/1414 2443/1444/1427
f 2440/1441/1434 2451/1452/1434 2435/1437/1434
f 2448/1449/1435 2438/1439/1435 2440/1441/1435
f 2446/1447/1409 2449/1450/1409 2440/1441/1409
f 2450/1451/1437 2452/1453/1437 2422/1423/1437
f 2446/1447/1410 2453/1454/1410 2449/1450/1410
f 2445/1445/1427 2444/1446/1427 2455/1455/1493
f 2455/1455/1493 2444/1446/1427 2454/1456/1494
f 2444/1446/1495 2447/1448/1496 2454/1456/1496
f 2454/1456/1496 2447/1448/1496 2453/1454/1496
f 2443/1444/1442 2448/1449/1443 2444/1446/1444
f 2444/1446/1444 2448/1449/1443 2447/1448/1444
f 2440/1441/1409 2449/1450/1409 2448/1449/1409
f 2430/1432/1445 2456/1457/1445 2439/1440/1445
f 2450/1451/1446 2422/1423/1446 2410/1411/1446
f 2441/1442/1431 2450/1451/1431 2410/1411/1431
f 2439/1440/1447 2456/1457/1447 2452/1453/1447
f 2437/1438/1448 2452/1453/1448 2450/1451/1448
f 2439/1440/1449 2452/1453/1449 2437/1438/1449
f 2441/1442/1450 2435/1437/1450 2451/1452/1450
f 2440/1441/1451 2438/1439/1452 2451/1452/1451
f 2451/1452/1451 2438/1439/1452 2437/1438/1453
f 2441/1442/1454 2451/1452/1454 2437/1438/1454
f 2443/1444/1455 2439/1440/1455 2448/1449/1455
f 2448/1449/1455 2439/1440/1455 2438/1439/1455
f 2454/1456/1497 2453/1454/1497 2446/1447/1497
f 2449/1450/1410 2453/1454/1410 2447/1448/1410
f 2430/1432/1459 2422/1423/1459 2456/1457/1459
f 2452/1453/1460 2456/1457/1460 2422/1423/1460
f 2415/1416/1498 2432/1433/1498 2428/1429/1498
f 2406/1408/1499 2432/1433/1499 2415/1416/1499
f 2367/1368/1500 2384/1385/1500 2380/1381/1500
f 2358/1360/1501 2384/1385/1501 2367/1368/1501
f 2457/1458/1461 2458/1459/1462 2460/1460/1502
f 2460/1460/1502 2458/1459/1462 2459/1461/1503
f 2461/1462/1423 2462/1463/1423 2463/1464/1423
f 2458/1459/1464 2464/1465/1464 2459/1461/1464
f 2459/1461/1503 2465/1466/1504 2460/1460/1502
f 2460/1460/1502 2465/1466/1504 2433/1434/1487
f 2466/1467/1505 2467/1468/1506 2469/1469/1507
f 2469/1469/1507 2467/1468/1506 2468/1470/1466
f 2470/1471/1408 2464/1465/1408 2458/1459/1408
f 2471/1472/1410 2472/1473/1410 2473/1474/1410
f 2461/1462/1431 2474/1475/1508 2465/1466/1509
f 2433/1434/1487 2465/1466/1504 2434/1435/1488
f 2454/1456/1510 2463/1464/1510 2467/1468/1510
f 2455/1455/1493 2454/1456/1494 2475/1476/1511
f 2454/1456/1494 2467/1468/1506 2475/1476/1511
f 2475/1476/1511 2467/1468/1506 2466/1467/1505
f 2464/1465/1434 2476/1477/1434 2459/1461/1434
f 2472/1473/1435 2462/1463/1435 2464/1465/1435
f 2470/1471/1409 2473/1474/1409 2464/1465/1409
f 2474/1475/1512 2477/1478/1512 2446/1447/1512
f 2470/1471/1410 2478/1479/1410 2473/1474/1410
f 2469/1469/1507 2468/1470/1466 2480/1480/1513
f 2480/1480/1513 2468/1470/1466 2479/1481/1414
f 2471/1472/1415 2478/1479/1416 2468/1470/1417
f 2468/1470/1417 2478/1479/1416 2479/1481/1416
f 2467/1468/1442 2472/1473/1443 2468/1470/1444
f 2468/1470/1444 2472/1473/1443 2471/1472/1443
f 2464/1465/1409 2473/1474/1409 2472/1473/1409
f 2454/1456/1514 2446/1447/1515 2481/1482/1516
f 2474/1475/1517 2446/1447/1517 2434/1435/1517
f 2465/1466/1509 2474/1475/1508 2434/1435/1518
f 2477/1478/1519 2481/1482/1520 2446/1447/1521
f 2461/1462/1448 2477/1478/1448 2474/1475/1448
f 2463/1464/1449 2477/1478/1449 2461/1462/1449
f 2465/1466/1450 2459/1461/1450 2476/1477/1450
f 2464/1465/1451 2462/1463/1452 2476/1477/1451
f 2476/1477/1451 2462/1463/1452 2461/1462/1453
f 2465/1466/1454 2476/1477/1454 2461/1462/1454
f 2467/1468/1455 2463/1464/1455 2472/1473/1455
f 2472/1473/1455 2463/1464/1455 2462/1463/1456
f 2479/1481/1418 2478/1479/1418 2470/1471/1418
f 2473/1474/1410 2478/1479/1410 2471/1472/1410
f 2482/1483/1419 2483/1484/1472 2485/1485/1463
f 2485/1485/1463 2483/1484/1472 2484/1486/1422
f 2486/1487/1423 2487/1488/1423 2488/1489/1423
f 2483/1484/1473 2489/1490/1473 2484/1486/1473
f 2484/1486/1422 2490/1491/1425 2485/1485/1463
f 2485/1485/1463 2490/1491/1425 2457/1458/1461
f 2491/1492/1427 2492/1493/1427 2494/1494/1465
f 2494/1494/1465 2492/1493/1427 2493/1495/1475
f 2495/1496/1476 2489/1490/1476 2483/1484/1476
f 2496/1497/1410 2497/1498/1410 2498/1499/1410
f 2486/1487/1431 2499/1500/1431 2490/1491/1431
f 2457/1458/1461 2490/1491/1425 2458/1459/1462
f 2479/1481/1433 2488/1489/1433 2492/1493/1433
f 2480/1480/1513 2479/1481/1414 2491/1492/1427
f 2491/1492/1427 2479/1481/1414 2492/1493/1427
f 2489/1490/1434 2500/1501/1434 2484/1486/1434
f 2497/1498/1435 2487/1488/1435 2489/1490/1435
f 2495/1496/1477 2498/1499/1477 2489/1490/1477
f 2499/1500/1437 2501/1502/1437 2470/1471/1437
f 2495/1496/1478 2502/1503/1478 2498/1499/1478
f 2494/1494/1465 2493/1495/1475 2504/1504/1522
f 2504/1504/1522 2493/1495/1475 2503/1505/1414
f 2496/1497/1480 2502/1503/1480 2493/1495/1480
f 2493/1495/1480 2502/1503/1480 2503/1505/1480
f 2492/1493/1442 2497/1498/1443 2493/1495/1444
f 2493/1495/1444 2497/1498/1443 2496/1497/1443
f 2489/1490/1409 2498/1499/1409 2497/1498/1409
f 2479/1481/1445 2505/1506/1445 2488/1489/1445
f 2499/1500/1446 2470/1471/1446 2458/1459/1446
f 2490/1491/1431 2499/1500/1431 2458/1459/1431
f 2488/1489/1447 2505/1506/1447 2501/1502/1447
f 2486/1487/1448 2501/1502/1448 2499/1500/1448
f 2488/1489/1449 2501/1502/1449 2486/1487/1449
f 2490/1491/1450 2484/1486/1450 2500/1501/1450
f 2489/1490/1451 2487/1488/1452 2500/1501/1451
f 2500/1501/1451 2487/1488/1452 2486/1487/1453
f 2490/1491/1454 2500/1501/1454 2486/1487/1454
f 2492/1493/1455 2488/1489/1455 2497/1498/1455
f 2497/1498/1455 2488/1489/1455 2487/1488/1456
f 2503/1505/1481 2502/1503/1481 2495/1496/1481
f 2498/1499/1482 2502/1503/1482 2496/1497/1482
f 2479/1481/1459 2470/1471/1459 2505/1506/1459
f 2501/1502/1460 2505/1506/1460 2470/1471/1460
f 2506/1507/1523 2507/1508/1420 2509/1509/1463
f 2509/1509/1463 2507/1508/1420 2508/1510/1422
f 2510/1511/1423 2511/1512/1423 2512/1513/1423
f 2507/1508/1464 2513/1514/1464 2508/1510/1464
f 2508/1510/1422 2514/1515/1425 2509/1509/1463
f 2509/1509/1463 2514/1515/1425 2482/1483/1419
f 2515/1516/1427 2516/1517/1427 2518/1518/1465
f 2518/1518/1465 2516/1517/1427 2517/1519/1524
f 2519/1520/1408 2513/1514/1408 2507/1508/1408
f 2520/1521/1410 2521/1522/1410 2522/1523/1410
f 2510/1511/1431 2523/1524/1431 2514/1515/1431
f 2482/1483/1419 2514/1515/1425 2483/1484/1472
f 2503/1505/1433 2512/1513/1433 2516/1517/1433
f 2504/1504/1522 2503/1505/1414 2515/1516/1427
f 2515/1516/1427 2503/1505/1414 2516/1517/1427
f 2513/1514/1434 2524/1525/1434 2508/1510/1434
f 2521/1522/1435 2511/1512/1435 2513/1514/1435
f 2519/1520/1409 2522/1523/1409 2513/1514/1409
f 2523/1524/1525 2525/1526/1525 2495/1496/1525
f 2519/1520/1410 2526/1527/1410 2522/1523/1410
f 2518/1518/1465 2517/1519/1524 2528/1528/1468
f 2528/1528/1468 2517/1519/1524 2527/1529/1414
f 2520/1521/1417 2526/1527/1417 2517/1519/1417
f 2517/1519/1417 2526/1527/1417 2527/1529/1416
f 2516/1517/1442 2521/1522/1443 2517/1519/1444
f 2517/1519/1444 2521/1522/1443 2520/1521/1444
f 2513/1514/1409 2522/1523/1409 2521/1522/1409
f 2503/1505/1526 2495/1496/1527 2529/1530/1528
f 2523/1524/1485 2495/1496/1485 2483/1484/1485
f 2514/1515/1431 2523/1524/1431 2483/1484/1431
f 2525/1526/1529 2529/1530/1530 2495/1496/1531
f 2510/1511/1448 2525/1526/1448 2523/1524/1448
f 2512/1513/1449 2525/1526/1449 2510/1511/1449
f 2514/1515/1450 2508/1510/1450 2524/1525/1450
f 2513/1514/1451 2511/1512/1452 2524/1525/1451
f 2524/1525/1451 2511/1512/1452 2510/1511/1453
f 2514/1515/1454 2524/1525/1454 2510/1511/1454
f 2516/1517/1455 2512/1513/1455 2521/1522/1455
f 2521/1522/1455 2512/1513/1455 2511/1512/1455
f 2527/1529/1418 2526/1527/1418 2519/1520/1418
f 2522/1523/1410 2526/1527/1410 2520/1521/1410
f 2530/1531/1532 2531/1532/1533 2533/1533/1422
f 2533/1533/1422 2531/1532/1533 2532/1534/1422
f 2534/1535/1423 2535/1536/1423 2536/1537/1423
f 2531/1532/1424 2537/1538/1424 2532/1534/1424
f 2532/1534/1422 2538/1539/1425 2533/1533/1422
f 2533/1533/1422 2538/1539/1425 2506/1507/1523
f 2539/1540/1427 2540/1541/1427 2542/1542/1534
f 2542/1542/1534 2540/1541/1427 2541/1543/1535
f 2543/1544/1430 2537/1538/1430 2531/1532/1430
f 2544/1545/1410 2545/1546/1410 2546/1547/1410
f 2534/1535/1431 2547/1548/1431 2538/1539/1431
f 2506/1507/1523 2538/1539/1425 2507/1508/1420
f 2527/1529/1433 2536/1537/1433 2540/1541/1433
f 2528/1528/1468 2527/1529/1414 2539/1540/1427
f 2539/1540/1427 2527/1529/1414 2540/1541/1427
f 2537/1538/1434 2548/1549/1434 2532/1534/1434
f 2545/1546/1435 2535/1536/1435 2537/1538/1435
f 2543/1544/1436 2546/1547/1436 2537/1538/1436
f 2547/1548/1437 2549/1550/1437 2519/1520/1437
f 2543/1544/1438 2550/1551/1438 2546/1547/1438
f 2542/1542/1534 2541/1543/1535 2552/1552/1536
f 2552/1552/1536 2541/1543/1535 2551/1553/1537
f 2544/1545/1440 2550/1551/1441 2541/1543/1440
f 2541/1543/1440 2550/1551/1441 2551/1553/1441
f 2540/1541/1442 2545/1546/1443 2541/1543/1444
f 2541/1543/1444 2545/1546/1443 2544/1545/1443
f 2537/1538/1409 2546/1547/1409 2545/1546/1409
f 2527/1529/1445 2553/1554/1445 2536/1537/1445
f 2547/1548/1446 2519/1520/1446 2507/1508/1446
f 2538/1539/1431 2547/1548/1431 2507/1508/1431
f 2536/1537/1447 2553/1554/1447 2549/1550/1447
f 2534/1535/1448 2549/1550/1448 2547/1548/1448
f 2536/1537/1449 2549/1550/1449 2534/1535/1449
f 2538/1539/1450 2532/1534/1450 2548/1549/1450
f 2537/1538/1451 2535/1536/1452 2548/1549/1451
f 2548/1549/1451 2535/1536/1452 2534/1535/1453
f 2538/1539/1454 2548/1549/1454 2534/1535/1454
f 2540/1541/1455 2536/1537/1455 2545/1546/1455
f 2545/1546/1455 2536/1537/1455 2535/1536/1456
f 2551/1553/1457 2550/1551/1457 2543/1544/1457
f 2546/1547/1458 2550/1551/1458 2544/1545/1458
f 2527/1529/1459 2519/1520/1459 2553/1554/1459
f 2549/1550/1460 2553/1554/1460 2519/1520/1460
f 2530/1531/1532 2554/1555/1538 2531/1532/1533
f 2555/1556/1525 2556/1557/1525 2543/1544/1525
f 2551/1553/1469 2543/1544/1469 2557/1558/1469
f 2555/1556/1470 2543/1544/1470 2531/1532/1470
f 2554/1555/1431 2555/1556/1431 2531/1532/1431
f 2556/1557/1471 2557/1558/1471 2543/1544/1471
f 2345/1346/1426 2328/1329/1432 2559/1559/1539
f 2559/1559/1539 2328/1329/1539 2558/1560/1539
f 2328/1329/1540 2327/1328/1540 2558/1560/1540
f 2558/1560/1540 2327/1328/1540 2560/1561/1540
f 2332/1333/1412 2331/1332/1411 2562/1562/1541
f 2562/1562/1541 2331/1332/1542 2561/1563/1543
f 2329/1330/1544 2335/1336/1544 2564/1564/1544
f 2564/1564/1544 2335/1336/1544 2563/1565/1544
f 2329/1330/1545 2564/1564/1545 2327/1328/1545
f 2327/1328/1545 2564/1564/1545 2560/1561/1545
f 2335/1336/1546 2332/1333/1546 2563/1565/1546
f 2563/1565/1546 2332/1333/1546 2562/1562/1546
f 2463/1464/1547 2481/1482/1520 2477/1478/1519
f 2454/1456/1514 2481/1482/1516 2463/1464/1548
f 2512/1513/1549 2529/1530/1530 2525/1526/1529
f 2503/1505/1526 2529/1530/1528 2512/1513/1550
f 2565/1327/1551 2567/1329/1551 2566/1328/1551
f 2565/1327/1552 2566/1328/1552 2568/1330/1552
f 2565/1327/1553 2568/1330/1553 2569/1331/1553
f 2331/1332/1542 2572/1334/1554 2570/1333/1555
f 2570/1333/1555 2572/1334/1554 2571/1335/1556
f 2571/1335/1557 2569/1331/1557 2570/1333/1558
f 2570/1333/1558 2569/1331/1557 2573/1336/1557
f 2571/1335/1559 2565/1327/1559 2569/1331/1559
f 2568/1330/1553 2573/1336/1553 2569/1331/1553
f 2336/1337/1560 2339/1339/1561 2574/1338/1562
f 2574/1338/1562 2339/1339/1561 2575/1340/1563
f 2576/1341/1564 2578/1343/1564 2577/1342/1564
f 2574/1338/1565 2575/1340/1565 2579/1344/1565
f 2345/1346/1566 2580/1345/1567 2339/1339/1561
f 2339/1339/1561 2580/1345/1567 2575/1340/1563
f 2346/1347/1427 2349/1349/1428 2581/1348/1427
f 2581/1348/1427 2349/1349/1428 2582/1350/1568
f 2583/1351/1569 2574/1338/1569 2579/1344/1569
f 2584/1352/1553 2586/1354/1553 2585/1353/1553
f 2576/1341/1570 2580/1345/1570 2587/1355/1570
f 2345/1346/1566 2567/1329/1571 2580/1345/1567
f 2571/1335/1572 2581/1348/1572 2578/1343/1572
f 2572/1334/1554 2346/1347/1427 2571/1335/1556
f 2571/1335/1556 2346/1347/1427 2581/1348/1427
f 2579/1344/1573 2575/1340/1573 2588/1356/1573
f 2585/1353/1574 2579/1344/1574 2577/1342/1574
f 2583/1351/1575 2579/1344/1575 2586/1354/1575
f 2587/1355/1576 2565/1327/1576 2589/1357/1576
f 2583/1351/1577 2586/1354/1577 2590/1358/1577
f 2349/1349/1428 2592/1359/1578 2582/1350/1568
f 2582/1350/1568 2592/1359/1578 2591/1360/1556
f 2591/1360/1579 2590/1358/1579 2582/1350/1580
f 2582/1350/1580 2590/1358/1579 2584/1352/1580
f 2581/1348/1581 2582/1350/1582 2585/1353/1583
f 2585/1353/1583 2582/1350/1582 2584/1352/1582
f 2579/1344/1552 2585/1353/1552 2586/1354/1552
f 2571/1335/1584 2578/1343/1584 2593/1361/1584
f 2587/1355/1585 2567/1329/1585 2565/1327/1585
f 2580/1345/1570 2567/1329/1570 2587/1355/1570
f 2578/1343/1586 2589/1357/1586 2593/1361/1586
f 2576/1341/1587 2587/1355/1587 2589/1357/1587
f 2578/1343/1588 2576/1341/1588 2589/1357/1588
f 2580/1345/1589 2588/1356/1589 2575/1340/1589
f 2579/1344/1590 2588/1356/1590 2577/1342/1591
f 2577/1342/1591 2588/1356/1590 2576/1341/1592
f 2580/1345/1593 2576/1341/1593 2588/1356/1593
f 2581/1348/1594 2585/1353/1594 2578/1343/1594
f 2578/1343/1594 2585/1353/1594 2577/1342/1595
f 2591/1360/1596 2583/1351/1596 2590/1358/1596
f 2586/1354/1597 2584/1352/1597 2590/1358/1597
f 2571/1335/1598 2593/1361/1598 2565/1327/1598
f 2589/1357/1599 2565/1327/1599 2593/1361/1599
f 2361/1362/1600 2364/1364/1601 2594/1363/1602
f 2594/1363/1602 2364/1364/1601 2595/1365/1562
f 2596/1366/1564 2598/1368/1564 2597/1367/1564
f 2594/1363/1603 2595/1365/1603 2599/1369/1603
f 2336/1337/1560 2600/1370/1567 2364/1364/1601
f 2364/1364/1601 2600/1370/1567 2595/1365/1562
f 2370/1371/1427 2373/1373/1465 2601/1372/1427
f 2601/1372/1427 2373/1373/1465 2602/1374/1604
f 2603/1375/1551 2594/1363/1551 2599/1369/1551
f 2604/1376/1553 2606/1378/1553 2605/1377/1553
f 2596/1366/1570 2600/1370/1570 2607/1379/1570
f 2336/1337/1560 2574/1338/1562 2600/1370/1567
f 2591/1360/1572 2601/1372/1572 2598/1368/1572
f 2592/1359/1578 2370/1371/1427 2591/1360/1556
f 2591/1360/1556 2370/1371/1427 2601/1372/1427
f 2599/1369/1573 2595/1365/1573 2608/1380/1573
f 2605/1377/1574 2599/1369/1574 2597/1367/1574
f 2603/1375/1552 2599/1369/1552 2606/1378/1552
f 2607/1379/1605 2583/1351/1605 2609/1381/1605
f 2603/1375/1553 2606/1378/1553 2610/1382/1553
f 2373/1373/1465 2383/1383/1468 2602/1374/1604
f 2602/1374/1604 2383/1383/1468 2611/1384/1556
f 2611/1384/1557 2610/1382/1557 2602/1374/1558
f 2602/1374/1558 2610/1382/1557 2604/1376/1557
f 2601/1372/1583 2602/1374/1582 2605/1377/1583
f 2605/1377/1583 2602/1374/1582 2604/1376/1582
f 2599/1369/1552 2605/1377/1552 2606/1378/1552
f 2591/1360/1606 2612/1385/1606 2583/1351/1606
f 2607/1379/1607 2574/1338/1607 2583/1351/1607
f 2600/1370/1570 2574/1338/1570 2607/1379/1570
f 2609/1381/1608 2583/1351/1608 2612/1385/1608
f 2596/1366/1587 2607/1379/1587 2609/1381/1587
f 2598/1368/1588 2596/1366/1588 2609/1381/1588
f 2600/1370/1589 2608/1380/1589 2595/1365/1589
f 2599/1369/1590 2608/1380/1590 2597/1367/1591
f 2597/1367/1591 2608/1380/1590 2596/1366/1592
f 2600/1370/1593 2596/1366/1593 2608/1380/1593
f 2601/1372/1594 2605/1377/1594 2598/1368/1594
f 2598/1368/1594 2605/1377/1594 2597/1367/1595
f 2611/1384/1559 2603/1375/1559 2610/1382/1559
f 2606/1378/1553 2604/1376/1553 2610/1382/1553
f 2385/1386/1560 2388/1388/1601 2613/1387/1561
f 2613/1387/1561 2388/1388/1601 2614/1389/1562
f 2615/1390/1564 2617/1392/1564 2616/1391/1564
f 2613/1387/1609 2614/1389/1609 2618/1393/1609
f 2361/1362/1600 2619/1394/1567 2388/1388/1601
f 2388/1388/1601 2619/1394/1567 2614/1389/1562
f 2394/1395/1427 2397/1397/1474 2620/1396/1427
f 2620/1396/1427 2397/1397/1474 2621/1398/1610
f 2622/1399/1611 2613/1387/1611 2618/1393/1611
f 2623/1400/1553 2625/1402/1553 2624/1401/1553
f 2615/1390/1570 2619/1394/1570 2626/1403/1570
f 2361/1362/1600 2594/1363/1602 2619/1394/1567
f 2611/1384/1572 2620/1396/1572 2617/1392/1572
f 2383/1383/1468 2394/1395/1427 2611/1384/1556
f 2611/1384/1556 2394/1395/1427 2620/1396/1427
f 2618/1393/1573 2614/1389/1573 2627/1404/1573
f 2624/1401/1574 2618/1393/1574 2616/1391/1574
f 2622/1399/1612 2618/1393/1612 2625/1402/1612
f 2626/1403/1576 2603/1375/1576 2628/1405/1576
f 2622/1399/1613 2625/1402/1613 2629/1406/1613
f 2397/1397/1474 2631/1407/1614 2621/1398/1610
f 2621/1398/1610 2631/1407/1614 2630/1408/1556
f 2630/1408/1615 2629/1406/1615 2621/1398/1615
f 2621/1398/1615 2629/1406/1615 2623/1400/1615
f 2620/1396/1583 2621/1398/1582 2624/1401/1583
f 2624/1401/1583 2621/1398/1582 2623/1400/1582
f 2618/1393/1552 2624/1401/1552 2625/1402/1552
f 2611/1384/1584 2617/1392/1584 2632/1409/1584
f 2626/1403/1585 2594/1363/1585 2603/1375/1585
f 2619/1394/1570 2594/1363/1570 2626/1403/1570
f 2617/1392/1586 2628/1405/1586 2632/1409/1586
f 2615/1390/1587 2626/1403/1587 2628/1405/1587
f 2617/1392/1588 2615/1390/1588 2628/1405/1588
f 2619/1394/1589 2627/1404/1589 2614/1389/1589
f 2618/1393/1590 2627/1404/1590 2616/1391/1591
f 2616/1391/1591 2627/1404/1590 2615/1390/1591
f 2619/1394/1593 2615/1390/1593 2627/1404/1593
f 2620/1396/1594 2624/1401/1594 2617/1392/1594
f 2617/1392/1594 2624/1401/1594 2616/1391/1595
f 2630/1408/1616 2622/1399/1616 2629/1406/1616
f 2625/1402/1617 2623/1400/1617 2629/1406/1617
f 2611/1384/1598 2632/1409/1598 2603/1375/1598
f 2628/1405/1599 2603/1375/1599 2632/1409/1599
f 2409/1410/1600 2412/1412/1601 2633/1411/1602
f 2633/1411/1602 2412/1412/1601 2634/1413/1562
f 2635/1414/1564 2637/1416/1564 2636/1415/1564
f 2633/1411/1603 2634/1413/1603 2638/1417/1603
f 2385/1386/1560 2639/1418/1567 2412/1412/1601
f 2412/1412/1601 2639/1418/1567 2634/1413/1562
f 2418/1419/1427 2421/1421/1465 2640/1420/1427
f 2640/1420/1427 2421/1421/1465 2641/1422/1604
f 2642/1423/1551 2633/1411/1551 2638/1417/1551
f 2643/1424/1553 2645/1426/1553 2644/1425/1553
f 2635/1414/1570 2639/1418/1570 2646/1427/1570
f 2385/1386/1560 2613/1387/1561 2639/1418/1567
f 2630/1408/1572 2640/1420/1572 2637/1416/1572
f 2631/1407/1614 2418/1419/1427 2630/1408/1556
f 2630/1408/1556 2418/1419/1427 2640/1420/1427
f 2638/1417/1573 2634/1413/1573 2647/1428/1573
f 2644/1425/1574 2638/1417/1574 2636/1415/1574
f 2642/1423/1552 2638/1417/1552 2645/1426/1552
f 2646/1427/1605 2622/1399/1605 2648/1429/1605
f 2642/1423/1553 2645/1426/1553 2649/1430/1553
f 2421/1421/1465 2431/1431/1468 2641/1422/1604
f 2641/1422/1604 2431/1431/1468 2650/1432/1556
f 2650/1432/1557 2649/1430/1557 2641/1422/1558
f 2641/1422/1558 2649/1430/1557 2643/1424/1557
f 2640/1420/1581 2641/1422/1582 2644/1425/1583
f 2644/1425/1583 2641/1422/1582 2643/1424/1582
f 2638/1417/1552 2644/1425/1552 2645/1426/1552
f 2630/1408/1618 2651/1433/1618 2622/1399/1618
f 2646/1427/1607 2613/1387/1607 2622/1399/1607
f 2639/1418/1570 2613/1387/1570 2646/1427/1570
f 2648/1429/1619 2622/1399/1619 2651/1433/1619
f 2635/1414/1587 2646/1427/1587 2648/1429/1587
f 2637/1416/1588 2635/1414/1588 2648/1429/1588
f 2639/1418/1589 2647/1428/1589 2634/1413/1589
f 2638/1417/1590 2647/1428/1590 2636/1415/1591
f 2636/1415/1591 2647/1428/1590 2635/1414/1592
f 2639/1418/1593 2635/1414/1593 2647/1428/1593
f 2640/1420/1594 2644/1425/1594 2637/1416/1594
f 2637/1416/1594 2644/1425/1594 2636/1415/1595
f 2650/1432/1559 2642/1423/1559 2649/1430/1559
f 2645/1426/1553 2643/1424/1553 2649/1430/1553
f 2433/1434/1620 2436/1436/1621 2652/1435/1622
f 2652/1435/1622 2436/1436/1621 2653/1437/1623
f 2654/1438/1564 2656/1440/1564 2655/1439/1564
f 2652/1435/1624 2653/1437/1624 2657/1441/1624
f 2409/1410/1600 2658/1442/1567 2436/1436/1621
f 2436/1436/1621 2658/1442/1567 2653/1437/1623
f 2442/1443/1427 2445/1445/1427 2659/1444/1427
f 2659/1444/1427 2445/1445/1427 2660/1446/1427
f 2661/1447/1625 2652/1435/1625 2657/1441/1625
f 2662/1448/1553 2664/1450/1553 2663/1449/1553
f 2654/1438/1570 2658/1442/1570 2665/1451/1570
f 2409/1410/1600 2633/1411/1602 2658/1442/1567
f 2650/1432/1572 2659/1444/1572 2656/1440/1572
f 2431/1431/1468 2442/1443/1427 2650/1432/1556
f 2650/1432/1556 2442/1443/1427 2659/1444/1427
f 2657/1441/1573 2653/1437/1573 2666/1452/1573
f 2663/1449/1574 2657/1441/1574 2655/1439/1574
f 2661/1447/1552 2657/1441/1552 2664/1450/1552
f 2665/1451/1576 2642/1423/1576 2667/1453/1576
f 2661/1447/1553 2664/1450/1553 2668/1454/1553
f 2445/1445/1427 2455/1455/1493 2660/1446/1427
f 2660/1446/1427 2455/1455/1493 2669/1456/1626
f 2660/1446/1627 2669/1456/1628 2662/1448/1628
f 2662/1448/1628 2669/1456/1628 2668/1454/1628
f 2659/1444/1581 2660/1446/1582 2663/1449/1583
f 2663/1449/1583 2660/1446/1582 2662/1448/1582
f 2657/1441/1552 2663/1449/1552 2664/1450/1552
f 2650/1432/1584 2656/1440/1584 2670/1457/1584
f 2665/1451/1585 2633/1411/1585 2642/1423/1585
f 2658/1442/1570 2633/1411/1570 2665/1451/1570
f 2656/1440/1586 2667/1453/1586 2670/1457/1586
f 2654/1438/1587 2665/1451/1587 2667/1453/1587
f 2656/1440/1588 2654/1438/1588 2667/1453/1588
f 2658/1442/1589 2666/1452/1589 2653/1437/1589
f 2657/1441/1590 2666/1452/1590 2655/1439/1591
f 2655/1439/1591 2666/1452/1590 2654/1438/1591
f 2658/1442/1593 2654/1438/1593 2666/1452/1593
f 2659/1444/1594 2663/1449/1594 2656/1440/1594
f 2656/1440/1594 2663/1449/1594 2655/1439/1629
f 2669/1456/1630 2661/1447/1630 2668/1454/1630
f 2664/1450/1553 2662/1448/1553 2668/1454/1553
f 2650/1432/1598 2670/1457/1598 2642/1423/1598
f 2667/1453/1599 2642/1423/1599 2670/1457/1599
f 2637/1416/1631 2648/1429/1631 2651/1433/1631
f 2630/1408/1632 2637/1416/1632 2651/1433/1632
f 2598/1368/1633 2609/1381/1633 2612/1385/1633
f 2591/1360/1634 2598/1368/1634 2612/1385/1634
f 2457/1458/1635 2460/1460/1636 2671/1459/1602
f 2671/1459/1602 2460/1460/1636 2672/1461/1637
f 2673/1462/1564 2675/1464/1564 2674/1463/1564
f 2671/1459/1603 2672/1461/1603 2676/1465/1603
f 2433/1434/1620 2677/1466/1638 2460/1460/1636
f 2460/1460/1636 2677/1466/1638 2672/1461/1637
f 2466/1467/1505 2469/1469/1507 2678/1468/1639
f 2678/1468/1639 2469/1469/1507 2679/1470/1604
f 2680/1471/1551 2671/1459/1551 2676/1465/1551
f 2681/1472/1553 2683/1474/1553 2682/1473/1553
f 2673/1462/1570 2677/1466/1640 2684/1475/1641
f 2433/1434/1620 2652/1435/1622 2677/1466/1638
f 2669/1456/1642 2678/1468/1642 2675/1464/1642
f 2678/1468/1639 2669/1456/1626 2466/1467/1505
f 2466/1467/1505 2669/1456/1626 2475/1476/1511
f 2475/1476/1511 2669/1456/1626 2455/1455/1493
f 2676/1465/1573 2672/1461/1573 2685/1477/1573
f 2682/1473/1574 2676/1465/1574 2674/1463/1574
f 2680/1471/1552 2676/1465/1552 2683/1474/1552
f 2684/1475/1643 2661/1447/1643 2686/1478/1643
f 2680/1471/1553 2683/1474/1553 2687/1479/1553
f 2469/1469/1507 2480/1480/1513 2679/1470/1604
f 2679/1470/1604 2480/1480/1513 2688/1481/1556
f 2688/1481/1557 2687/1479/1558 2679/1470/1558
f 2679/1470/1558 2687/1479/1558 2681/1472/1557
f 2678/1468/1581 2679/1470/1582 2682/1473/1583
f 2682/1473/1583 2679/1470/1582 2681/1472/1582
f 2676/1465/1552 2682/1473/1552 2683/1474/1552
f 2669/1456/1644 2689/1482/1645 2661/1447/1646
f 2684/1475/1647 2652/1435/1647 2661/1447/1647
f 2677/1466/1640 2652/1435/1648 2684/1475/1641
f 2686/1478/1649 2661/1447/1650 2689/1482/1651
f 2673/1462/1587 2684/1475/1587 2686/1478/1587
f 2675/1464/1588 2673/1462/1588 2686/1478/1588
f 2677/1466/1589 2685/1477/1589 2672/1461/1589
f 2676/1465/1590 2685/1477/1590 2674/1463/1591
f 2674/1463/1591 2685/1477/1590 2673/1462/1592
f 2677/1466/1593 2673/1462/1593 2685/1477/1593
f 2678/1468/1594 2682/1473/1594 2675/1464/1594
f 2675/1464/1594 2682/1473/1594 2674/1463/1595
f 2688/1481/1559 2680/1471/1559 2687/1479/1559
f 2683/1474/1553 2681/1472/1553 2687/1479/1553
f 2482/1483/1652 2485/1485/1653 2690/1484/1561
f 2690/1484/1561 2485/1485/1653 2691/1486/1562
f 2692/1487/1564 2694/1489/1564 2693/1488/1564
f 2690/1484/1609 2691/1486/1609 2695/1490/1609
f 2457/1458/1635 2696/1491/1567 2485/1485/1653
f 2485/1485/1653 2696/1491/1567 2691/1486/1562
f 2491/1492/1427 2494/1494/1465 2697/1493/1427
f 2697/1493/1427 2494/1494/1465 2698/1495/1610
f 2699/1496/1611 2690/1484/1611 2695/1490/1611
f 2700/1497/1553 2702/1499/1553 2701/1498/1553
f 2692/1487/1570 2696/1491/1570 2703/1500/1570
f 2457/1458/1635 2671/1459/1602 2696/1491/1567
f 2688/1481/1572 2697/1493/1572 2694/1489/1572
f 2480/1480/1513 2491/1492/1427 2688/1481/1556
f 2688/1481/1556 2491/1492/1427 2697/1493/1427
f 2695/1490/1573 2691/1486/1573 2704/1501/1573
f 2701/1498/1574 2695/1490/1574 2693/1488/1574
f 2699/1496/1612 2695/1490/1612 2702/1499/1612
f 2703/1500/1576 2680/1471/1576 2705/1502/1576
f 2699/1496/1613 2702/1499/1613 2706/1503/1613
f 2494/1494/1465 2504/1504/1522 2698/1495/1610
f 2698/1495/1610 2504/1504/1522 2707/1505/1654
f 2707/1505/1615 2706/1503/1615 2698/1495/1615
f 2698/1495/1615 2706/1503/1615 2700/1497/1615
f 2697/1493/1581 2698/1495/1582 2701/1498/1583
f 2701/1498/1583 2698/1495/1582 2700/1497/1582
f 2695/1490/1552 2701/1498/1552 2702/1499/1552
f 2688/1481/1584 2694/1489/1584 2708/1506/1584
f 2703/1500/1585 2671/1459/1585 2680/1471/1585
f 2696/1491/1570 2671/1459/1570 2703/1500/1570
f 2694/1489/1586 2705/1502/1586 2708/1506/1586
f 2692/1487/1587 2703/1500/1587 2705/1502/1587
f 2694/1489/1588 2692/1487/1588 2705/1502/1588
f 2696/1491/1589 2704/1501/1589 2691/1486/1589
f 2695/1490/1590 2704/1501/1590 2693/1488/1591
f 2693/1488/1591 2704/1501/1590 2692/1487/1592
f 2696/1491/1593 2692/1487/1593 2704/1501/1593
f 2697/1493/1594 2701/1498/1594 2694/1489/1594
f 2694/1489/1594 2701/1498/1594 2693/1488/1595
f 2707/1505/1616 2699/1496/1616 2706/1503/1616
f 2702/1499/1617 2700/1497/1617 2706/1503/1617
f 2688/1481/1598 2708/1506/1598 2680/1471/1598
f 2705/1502/1599 2680/1471/1599 2708/1506/1599
f 2506/1507/1652 2509/1509/1601 2709/1508/1563
f 2709/1508/1563 2509/1509/1601 2710/1510/1562
f 2711/1511/1564 2713/1513/1564 2712/1512/1564
f 2709/1508/1603 2710/1510/1603 2714/1514/1603
f 2482/1483/1652 2715/1515/1567 2509/1509/1601
f 2509/1509/1601 2715/1515/1567 2710/1510/1562
f 2515/1516/1427 2518/1518/1465 2716/1517/1427
f 2716/1517/1427 2518/1518/1465 2717/1519/1655
f 2718/1520/1551 2709/1508/1551 2714/1514/1551
f 2719/1521/1553 2721/1523/1553 2720/1522/1553
f 2711/1511/1570 2715/1515/1570 2722/1524/1570
f 2482/1483/1652 2690/1484/1561 2715/1515/1567
f 2707/1505/1572 2716/1517/1572 2713/1513/1572
f 2504/1504/1522 2515/1516/1427 2707/1505/1654
f 2707/1505/1654 2515/1516/1427 2716/1517/1427
f 2714/1514/1573 2710/1510/1573 2723/1525/1573
f 2720/1522/1574 2714/1514/1574 2712/1512/1574
f 2718/1520/1552 2714/1514/1552 2721/1523/1552
f 2722/1524/1656 2699/1496/1656 2724/1526/1656
f 2718/1520/1553 2721/1523/1553 2725/1527/1553
f 2518/1518/1465 2528/1528/1468 2717/1519/1655
f 2717/1519/1655 2528/1528/1468 2726/1529/1556
f 2726/1529/1557 2725/1527/1558 2717/1519/1558
f 2717/1519/1558 2725/1527/1558 2719/1521/1558
f 2716/1517/1581 2717/1519/1582 2720/1522/1583
f 2720/1522/1583 2717/1519/1582 2719/1521/1582
f 2714/1514/1552 2720/1522/1552 2721/1523/1552
f 2707/1505/1657 2727/1530/1658 2699/1496/1659
f 2722/1524/1607 2690/1484/1607 2699/1496/1607
f 2715/1515/1570 2690/1484/1570 2722/1524/1570
f 2724/1526/1660 2699/1496/1661 2727/1530/1662
f 2711/1511/1587 2722/1524/1587 2724/1526/1587
f 2713/1513/1588 2711/1511/1588 2724/1526/1588
f 2715/1515/1589 2723/1525/1589 2710/1510/1589
f 2714/1514/1590 2723/1525/1590 2712/1512/1591
f 2712/1512/1591 2723/1525/1590 2711/1511/1591
f 2715/1515/1593 2711/1511/1593 2723/1525/1593
f 2716/1517/1594 2720/1522/1594 2713/1513/1594
f 2713/1513/1594 2720/1522/1594 2712/1512/1594
f 2726/1529/1559 2718/1520/1559 2725/1527/1559
f 2721/1523/1553 2719/1521/1553 2725/1527/1553
f 2530/1531/1600 2533/1533/1562 2728/1532/1561
f 2728/1532/1561 2533/1533/1562 2729/1534/1562
f 2730/1535/1564 2732/1537/1564 2731/1536/1564
f 2728/1532/1565 2729/1534/1565 2733/1538/1565
f 2506/1507/1652 2734/1539/1567 2533/1533/1562
f 2533/1533/1562 2734/1539/1567 2729/1534/1562
f 2539/1540/1427 2542/1542/1534 2735/1541/1427
f 2735/1541/1427 2542/1542/1534 2736/1543/1568
f 2737/1544/1569 2728/1532/1569 2733/1538/1569
f 2738/1545/1553 2740/1547/1553 2739/1546/1553
f 2730/1535/1570 2734/1539/1570 2741/1548/1570
f 2506/1507/1652 2709/1508/1563 2734/1539/1567
f 2726/1529/1572 2735/1541/1572 2732/1537/1572
f 2528/1528/1468 2539/1540/1427 2726/1529/1556
f 2726/1529/1556 2539/1540/1427 2735/1541/1427
f 2733/1538/1573 2729/1534/1573 2742/1549/1573
f 2739/1546/1574 2733/1538/1574 2731/1536/1574
f 2737/1544/1575 2733/1538/1575 2740/1547/1575
f 2741/1548/1576 2718/1520/1576 2743/1550/1576
f 2737/1544/1577 2740/1547/1577 2744/1551/1577
f 2542/1542/1534 2552/1552/1536 2736/1543/1568
f 2736/1543/1568 2552/1552/1536 2745/1553/1663
f 2745/1553/1579 2744/1551/1579 2736/1543/1580
f 2736/1543/1580 2744/1551/1579 2738/1545/1580
f 2735/1541/1581 2736/1543/1582 2739/1546/1583
f 2739/1546/1583 2736/1543/1582 2738/1545/1582
f 2733/1538/1552 2739/1546/1552 2740/1547/1552
f 2726/1529/1584 2732/1537/1584 2746/1554/1584
f 2741/1548/1585 2709/1508/1585 2718/1520/1585
f 2734/1539/1570 2709/1508/1570 2741/1548/1570
f 2732/1537/1586 2743/1550/1586 2746/1554/1586
f 2730/1535/1587 2741/1548/1587 2743/1550/1587
f 2732/1537/1588 2730/1535/1588 2743/1550/1588
f 2734/1539/1589 2742/1549/1589 2729/1534/1589
f 2733/1538/1590 2742/1549/1590 2731/1536/1591
f 2731/1536/1591 2742/1549/1590 2730/1535/1592
f 2734/1539/1593 2730/1535/1593 2742/1549/1593
f 2735/1541/1594 2739/1546/1594 2732/1537/1594
f 2732/1537/1594 2739/1546/1594 2731/1536/1629
f 2745/1553/1596 2737/1544/1596 2744/1551/1596
f 2740/1547/1597 2738/1545/1597 2744/1551/1597
f 2726/1529/1598 2746/1554/1598 2718/1520/1598
f 2743/1550/1599 2718/1520/1599 2746/1554/1599
f 2530/1531/1600 2728/1532/1561 2747/1555/1664
f 2748/1556/1656 2737/1544/1656 2749/1557/1656
f 2745/1553/1606 2750/1558/1606 2737/1544/1606
f 2748/1556/1665 2728/1532/1665 2737/1544/1665
f 2747/1555/1570 2728/1532/1570 2748/1556/1570
f 2749/1557/1608 2737/1544/1608 2750/1558/1608
f 2345/1346/1566 2559/1559/1666 2567/1329/1571
f 2567/1329/1571 2559/1559/1666 2751/1560/1666
f 2567/1329/1667 2751/1560/1667 2566/1328/1667
f 2566/1328/1667 2751/1560/1667 2752/1561/1667
f 2570/1333/1555 2753/1562/1668 2331/1332/1542
f 2331/1332/1542 2753/1562/1668 2561/1563/1543
f 2568/1330/1669 2755/1564/1669 2573/1336/1669
f 2573/1336/1669 2755/1564/1669 2754/1565/1669
f 2752/1561/1670 2755/1564/1670 2566/1328/1670
f 2566/1328/1670 2755/1564/1670 2568/1330/1670
f 2573/1336/1671 2754/1565/1671 2570/1333/1671
f 2570/1333/1671 2754/1565/1671 2753/1562/1671
f 2675/1464/1672 2686/1478/1649 2689/1482/1651
f 2669/1456/1644 2675/1464/1673 2689/1482/1645
f 2713/1513/1674 2724/1526/1660 2727/1530/1662
f 2707/1505/1657 2713/1513/1675 2727/1530/1658
f 2748/1556/1676 2758/1556/1677 2747/1555/1678
f 2747/1555/1678 2758/1556/1677 2759/1555/1679
f 2747/1555/1678 2759/1555/1679 2530/1531/1680
f 2749/1557/1681 2757/1557/1682 2748/1556/1676
f 2748/1556/1676 2757/1557/1682 2758/1556/1677
f 2756/1558/1683 2757/1557/1682 2750/1558/1684
f 2750/1558/1684 2757/1557/1682 2749/1557/1681
f 2552/1552/1685 2756/1558/1683 2745/1553/1686
f 2745/1553/1686 2756/1558/1683 2750/1558/1684
f 2552/1552/1685 2551/1553/1687 2756/1558/1683
f 2756/1558/1683 2551/1553/1687 2557/1558/1684
f 2756/1558/1683 2557/1558/1684 2757/1557/1682
f 2757/1557/1682 2557/1558/1684 2556/1557/1681
f 2758/1556/1677 2757/1557/1682 2555/1556/1688
f 2555/1556/1688 2757/1557/1682 2556/1557/1681
f 2759/1555/1679 2758/1556/1677 2554/1555/1689
f 2554/1555/1689 2758/1556/1677 2555/1556/1688
f 2530/1531/1680 2759/1555/1679 2554/1555/1689
f 2760/1566/1690 2761/1567/1691 2763/1568/1690
f 2763/1568/1690 2761/1567/1691 2762/1569/1692
f 2764/1570/1693 2765/1571/1693 2766/1572/1693
f 2767/1573/1694 2768/1574/1695 2770/1575/1694
f 2770/1575/1694 2768/1574/1695 2769/1576/1694
f 2772/1577/1696 2770/1575/1697 2771/1578/1696
f 2771/1578/1696 2770/1575/1697 2773/1579/1698
f 2773/1579/1698 2770/1575/1697 2769/1576/1699
f 2762/1569/1700 2761/1567/1701 2774/1580/1702
f 2765/1571/1703 2775/1581/1703 2766/1572/1703
f 2766/1572/1703 2775/1581/1703 2776/1582/1703
f 2776/1582/1704 2777/1583/1704 2766/1572/1704
f 2760/1566/1705 2778/1584/1705 2761/1567/1705
f 2760/1566/1706 2775/1581/1706 2778/1584/1706
f 2779/1585/1707 2764/1570/1707 2777/1583/1707
f 2761/1567/1708 2780/1586/1708 2774/1580/1708
f 2764/1570/1709 2781/1587/1709 2765/1571/1709
f 2782/1588/1710 2783/1589/1710 2784/1590/1710
f 2762/1569/1700 2774/1580/1702 2786/1591/1711
f 2786/1591/1711 2774/1580/1702 2785/1592/1712
f 2787/1593/1696 2782/1588/1696 2789/1594/1696
f 2789/1594/1696 2782/1588/1696 2788/1595/1696
f 2783/1589/1713 2790/1596/1713 2774/1580/1713
f 2791/1597/1696 2792/1598/1696 2787/1593/1696
f 2787/1593/1696 2792/1598/1696 2782/1588/1696
f 2792/1598/1714 2783/1589/1714 2782/1588/1714
f 2793/1599/1715 2794/1600/1715 2795/1601/1715
f 2760/1566/1716 2796/1602/1716 2775/1581/1716
f 2774/1580/1717 2797/1603/1717 2785/1592/1717
f 2785/1592/1712 2798/1604/1718 2786/1591/1711
f 2786/1591/1711 2798/1604/1718 2799/1605/1719
f 2800/1606/1720 2801/1607/1721 2803/1608/1696
f 2803/1608/1696 2801/1607/1721 2802/1609/1696
f 2790/1596/1722 2797/1603/1722 2774/1580/1722
f 2792/1598/1723 2790/1596/1723 2783/1589/1723
f 2804/1610/1724 2805/1611/1724 2806/1612/1724
f 2793/1599/1725 2807/1613/1726 2798/1604/1726
f 2799/1605/1719 2798/1604/1718 2808/1614/1727
f 2809/1615/1728 2795/1601/1728 2801/1607/1728
f 2810/1616/1729 2809/1615/1730 2800/1606/1720
f 2800/1606/1720 2809/1615/1730 2801/1607/1721
f 2797/1603/1731 2811/1617/1731 2785/1592/1731
f 2805/1611/1732 2794/1600/1732 2797/1603/1732
f 2790/1596/1733 2806/1612/1733 2797/1603/1733
f 2807/1613/1734 2812/1618/1734 2813/1619/1734
f 2790/1596/1724 2814/1620/1724 2806/1612/1724
f 2803/1608/1696 2802/1609/1696 2791/1597/1696
f 2791/1597/1696 2802/1609/1696 2792/1598/1696
f 2802/1609/1735 2804/1610/1736 2792/1598/1737
f 2792/1598/1737 2804/1610/1736 2814/1620/1738
f 2801/1607/1739 2805/1611/1739 2802/1609/1740
f 2802/1609/1740 2805/1611/1739 2804/1610/1740
f 2797/1603/1733 2806/1612/1733 2805/1611/1733
f 2815/1621/1741 2774/1580/1741 2780/1586/1741
f 2765/1571/1742 2780/1586/1742 2761/1567/1742
f 2781/1587/1743 2780/1586/1743 2765/1571/1743
f 2779/1585/1744 2777/1583/1744 2816/1622/1744
f 2816/1622/1744 2777/1583/1744 2776/1582/1745
f 2788/1595/1696 2772/1577/1696 2789/1594/1696
f 2789/1594/1696 2772/1577/1696 2771/1578/1696
f 2782/1588/1746 2764/1570/1746 2817/1623/1746
f 2788/1595/1747 2779/1585/1747 2772/1577/1748
f 2772/1577/1748 2779/1585/1747 2816/1622/1748
f 2788/1595/1749 2764/1570/1749 2779/1585/1749
f 2766/1572/1704 2777/1583/1704 2764/1570/1704
f 2788/1595/1750 2817/1623/1750 2764/1570/1750
f 2782/1588/1751 2817/1623/1751 2788/1595/1751
f 2781/1587/1752 2784/1590/1752 2783/1589/1752
f 2781/1587/1753 2815/1621/1753 2780/1586/1753
f 2778/1584/1754 2775/1581/1754 2765/1571/1754
f 2761/1567/1755 2778/1584/1755 2765/1571/1755
f 2764/1570/1756 2784/1590/1756 2781/1587/1756
f 2782/1588/1757 2784/1590/1757 2764/1570/1757
f 2783/1589/1758 2815/1621/1758 2781/1587/1758
f 2783/1589/1759 2774/1580/1759 2815/1621/1759
f 2772/1577/1760 2816/1622/1760 2796/1602/1760
f 2816/1622/1760 2776/1582/1760 2796/1602/1760
f 2770/1575/1761 2796/1602/1761 2767/1573/1761
f 2772/1577/1762 2796/1602/1762 2770/1575/1762
f 2796/1602/1763 2776/1582/1763 2775/1581/1763
f 2767/1573/1761 2796/1602/1761 2760/1566/1761
f 2760/1566/1764 2763/1568/1765 2767/1573/1764
f 2767/1573/1764 2763/1568/1765 2768/1574/1764
f 2809/1615/1766 2813/1619/1767 2818/1624/1768
f 2807/1613/1769 2813/1619/1769 2808/1614/1769
f 2798/1604/1726 2807/1613/1726 2808/1614/1770
f 2812/1618/1771 2818/1624/1772 2813/1619/1773
f 2793/1599/1774 2812/1618/1774 2807/1613/1774
f 2795/1601/1775 2812/1618/1775 2793/1599/1775
f 2798/1604/1776 2785/1592/1776 2811/1617/1776
f 2797/1603/1777 2794/1600/1777 2811/1617/1777
f 2811/1617/1777 2794/1600/1777 2793/1599/1778
f 2798/1604/1779 2811/1617/1779 2793/1599/1779
f 2801/1607/1780 2795/1601/1780 2805/1611/1780
f 2805/1611/1780 2795/1601/1780 2794/1600/1781
f 2792/1598/1737 2814/1620/1738 2790/1596/1782
f 2806/1612/1724 2814/1620/1724 2804/1610/1724
f 2799/1605/1719 2808/1614/1727 2820/1625/1783
f 2820/1625/1783 2808/1614/1727 2819/1626/1784
f 2821/1627/1715 2822/1628/1715 2823/1629/1715
f 2808/1614/1717 2824/1630/1717 2819/1626/1717
f 2819/1626/1784 2825/1631/1785 2820/1625/1783
f 2820/1625/1783 2825/1631/1785 2826/1632/1786
f 2827/1633/1787 2828/1634/1788 2830/1635/1696
f 2830/1635/1696 2828/1634/1788 2829/1636/1696
f 2813/1619/1789 2824/1630/1789 2808/1614/1789
f 2831/1637/1724 2832/1638/1724 2833/1639/1724
f 2821/1627/1725 2834/1640/1790 2825/1631/1790
f 2826/1632/1786 2825/1631/1785 2835/1641/1791
f 2836/1642/1792 2823/1629/1792 2828/1634/1792
f 2837/1643/1793 2836/1642/1794 2827/1633/1787
f 2827/1633/1787 2836/1642/1794 2828/1634/1788
f 2824/1630/1731 2838/1644/1731 2819/1626/1731
f 2832/1638/1732 2822/1628/1732 2824/1630/1732
f 2813/1619/1733 2833/1639/1733 2824/1630/1733
f 2834/1640/1795 2839/1645/1795 2840/1646/1795
f 2813/1619/1724 2841/1647/1724 2833/1639/1724
f 2830/1635/1696 2829/1636/1696 2810/1616/1729
f 2810/1616/1729 2829/1636/1696 2809/1615/1730
f 2829/1636/1736 2831/1637/1796 2809/1615/1737
f 2809/1615/1737 2831/1637/1796 2841/1647/1738
f 2828/1634/1739 2832/1638/1739 2829/1636/1740
f 2829/1636/1740 2832/1638/1739 2831/1637/1740
f 2824/1630/1733 2833/1639/1733 2832/1638/1733
f 2836/1642/1797 2840/1646/1797 2823/1629/1797
f 2834/1640/1798 2840/1646/1798 2835/1641/1798
f 2825/1631/1790 2834/1640/1790 2835/1641/1799
f 2823/1629/1800 2840/1646/1800 2839/1645/1800
f 2821/1627/1774 2839/1645/1774 2834/1640/1774
f 2823/1629/1801 2839/1645/1801 2821/1627/1801
f 2825/1631/1776 2819/1626/1776 2838/1644/1776
f 2824/1630/1777 2822/1628/1777 2838/1644/1777
f 2838/1644/1777 2822/1628/1777 2821/1627/1778
f 2825/1631/1779 2838/1644/1779 2821/1627/1779
f 2828/1634/1780 2823/1629/1780 2832/1638/1780
f 2832/1638/1780 2823/1629/1780 2822/1628/1781
f 2809/1615/1737 2841/1647/1738 2813/1619/1782
f 2833/1639/1724 2841/1647/1724 2831/1637/1724
f 2842/1648/1802 2843/1649/1803 2845/1650/1804
f 2845/1650/1804 2843/1649/1803 2844/1651/1803
f 2846/1652/1715 2847/1653/1715 2848/1654/1715
f 2843/1649/1805 2849/1655/1805 2844/1651/1805
f 2844/1651/1803 3412/1555/1806 2845/1650/1804
f 2845/1650/1804 3412/1555/1806 3413/1531/1806
f 2850/1656/1696 2851/1657/1696 2853/1658/1807
f 2853/1658/1807 2851/1657/1696 2852/1659/1808
f 2854/1660/1809 2849/1655/1809 2843/1649/1809
f 2855/1661/1724 2856/1662/1724 2857/1663/1724
f 2846/1652/1725 3414/1556/1725 3412/1555/1725
f 3416/1553/1810 2848/1654/1810 2851/1657/1810
f 3415/1552/1696 3416/1553/1696 2850/1656/1696
f 2850/1656/1696 3416/1553/1696 2851/1657/1696
f 2849/1655/1731 2858/1664/1731 2844/1651/1731
f 2856/1662/1732 2847/1653/1732 2849/1655/1732
f 2854/1660/1733 2857/1663/1733 2849/1655/1733
f 2854/1660/1724 2859/1665/1724 2857/1663/1724
f 2853/1658/1807 2852/1659/1808 2861/1666/1811
f 2861/1666/1811 2852/1659/1808 2860/1667/1812
f 2855/1661/1813 2859/1665/1814 2852/1659/1813
f 2852/1659/1813 2859/1665/1814 2860/1667/1813
f 2851/1657/1739 2856/1662/1739 2852/1659/1740
f 2852/1659/1740 2856/1662/1739 2855/1661/1740
f 2849/1655/1733 2857/1663/1733 2856/1662/1733
f 2846/1652/1774 3417/1557/1774 3414/1556/1774
f 2848/1654/1775 3417/1557/1775 2846/1652/1775
f 3412/1555/1776 2844/1651/1776 2858/1664/1776
f 2849/1655/1777 2847/1653/1777 2858/1664/1777
f 2858/1664/1777 2847/1653/1777 2846/1652/1778
f 3412/1555/1779 2858/1664/1779 2846/1652/1779
f 2851/1657/1780 2848/1654/1780 2856/1662/1780
f 2856/1662/1780 2848/1654/1780 2847/1653/1780
f 2860/1667/1815 2859/1665/1815 2854/1660/1815
f 2857/1663/1724 2859/1665/1724 2855/1661/1724
f 2862/1668/1816 2863/1669/1803 2865/1670/1803
f 2865/1670/1803 2863/1669/1803 2864/1671/1803
f 2866/1672/1715 2867/1673/1715 2868/1674/1715
f 2863/1669/1817 2869/1675/1817 2864/1671/1817
f 2864/1671/1803 2870/1676/1818 2865/1670/1803
f 2865/1670/1803 2870/1676/1818 2842/1648/1802
f 2871/1677/1696 2872/1678/1696 2874/1679/1819
f 2874/1679/1819 2872/1678/1696 2873/1680/1820
f 2875/1681/1821 2869/1675/1821 2863/1669/1821
f 2876/1682/1724 2877/1683/1724 2878/1684/1724
f 2866/1672/1725 2879/1685/1725 2870/1676/1725
f 2842/1648/1802 2870/1676/1818 2843/1649/1803
f 2860/1667/1810 2868/1674/1810 2872/1678/1810
f 2861/1666/1811 2860/1667/1812 2871/1677/1696
f 2871/1677/1696 2860/1667/1812 2872/1678/1696
f 2869/1675/1731 2880/1686/1731 2864/1671/1731
f 2877/1683/1732 2867/1673/1732 2869/1675/1732
f 2875/1681/1822 2878/1684/1822 2869/1675/1822
f 2879/1685/1823 2881/1687/1823 2854/1660/1823
f 2875/1681/1824 2882/1688/1824 2878/1684/1824
f 2874/1679/1819 2873/1680/1820 2884/1689/1825
f 2884/1689/1825 2873/1680/1820 2883/1690/1698
f 2876/1682/1826 2882/1688/1826 2873/1680/1827
f 2873/1680/1827 2882/1688/1826 2883/1690/1826
f 2872/1678/1739 2877/1683/1739 2873/1680/1740
f 2873/1680/1740 2877/1683/1739 2876/1682/1740
f 2869/1675/1733 2878/1684/1733 2877/1683/1733
f 2860/1667/1828 2885/1691/1828 2868/1674/1828
f 2879/1685/1829 2854/1660/1829 2843/1649/1829
f 2870/1676/1725 2879/1685/1725 2843/1649/1725
f 2868/1674/1830 2885/1691/1830 2881/1687/1830
f 2866/1672/1774 2881/1687/1774 2879/1685/1774
f 2868/1674/1801 2881/1687/1801 2866/1672/1801
f 2870/1676/1776 2864/1671/1776 2880/1686/1776
f 2869/1675/1777 2867/1673/1777 2880/1686/1777
f 2880/1686/1777 2867/1673/1777 2866/1672/1778
f 2870/1676/1779 2880/1686/1779 2866/1672/1779
f 2872/1678/1780 2868/1674/1780 2877/1683/1780
f 2877/1683/1780 2868/1674/1780 2867/1673/1781
f 2883/1690/1831 2882/1688/1831 2875/1681/1831
f 2878/1684/1832 2882/1688/1832 2876/1682/1832
f 2860/1667/1833 2854/1660/1833 2885/1691/1833
f 2881/1687/1834 2885/1691/1834 2854/1660/1834
f 2886/1692/1835 2887/1693/1836 2889/1694/1804
f 2889/1694/1804 2887/1693/1836 2888/1695/1837
f 2890/1696/1838 2891/1697/1838 2892/1698/1838
f 2887/1693/1805 2893/1699/1805 2888/1695/1805
f 2888/1695/1837 2894/1700/1818 2889/1694/1804
f 2889/1694/1804 2894/1700/1818 2862/1668/1816
f 2895/1701/1696 2896/1702/1696 2898/1703/1698
f 2898/1703/1698 2896/1702/1696 2897/1704/1839
f 2899/1705/1809 2893/1699/1809 2887/1693/1809
f 2900/1706/1724 2901/1707/1724 2902/1708/1724
f 2890/1696/1725 2903/1709/1725 2894/1700/1725
f 2862/1668/1816 2894/1700/1818 2863/1669/1803
f 2883/1690/1810 2892/1698/1810 2896/1702/1810
f 2884/1689/1825 2883/1690/1698 2895/1701/1696
f 2895/1701/1696 2883/1690/1698 2896/1702/1696
f 2893/1699/1731 2904/1710/1731 2888/1695/1731
f 2901/1707/1732 2891/1697/1732 2893/1699/1732
f 2899/1705/1733 2902/1708/1733 2893/1699/1733
f 2903/1709/1840 2905/1711/1840 2875/1681/1840
f 2899/1705/1841 2906/1712/1724 2902/1708/1724
f 2898/1703/1698 2897/1704/1839 2908/1713/1842
f 2908/1713/1842 2897/1704/1839 2907/1714/1843
f 2900/1706/1813 2906/1712/1813 2897/1704/1844
f 2897/1704/1844 2906/1712/1813 2907/1714/1813
f 2896/1702/1739 2901/1707/1739 2897/1704/1740
f 2897/1704/1740 2901/1707/1739 2900/1706/1740
f 2893/1699/1733 2902/1708/1733 2901/1707/1733
f 2883/1690/1845 2875/1681/1845 2909/1715/1845
f 2903/1709/1846 2875/1681/1846 2863/1669/1846
f 2894/1700/1725 2903/1709/1725 2863/1669/1725
f 2905/1711/1847 2909/1715/1847 2875/1681/1847
f 2890/1696/1774 2905/1711/1774 2903/1709/1774
f 2892/1698/1775 2905/1711/1775 2890/1696/1775
f 2894/1700/1776 2888/1695/1776 2904/1710/1776
f 2893/1699/1777 2891/1697/1777 2904/1710/1777
f 2904/1710/1777 2891/1697/1777 2890/1696/1777
f 2894/1700/1779 2904/1710/1779 2890/1696/1779
f 2896/1702/1780 2892/1698/1780 2901/1707/1780
f 2901/1707/1780 2892/1698/1780 2891/1697/1781
f 2907/1714/1815 2906/1712/1815 2899/1705/1815
f 2902/1708/1724 2906/1712/1724 2900/1706/1724
f 2910/1716/1835 2911/1717/1848 2913/1718/1803
f 2913/1718/1803 2911/1717/1848 2912/1719/1803
f 2914/1720/1838 2915/1721/1838 2916/1722/1838
f 2911/1717/1849 2917/1723/1849 2912/1719/1849
f 2912/1719/1803 2918/1724/1850 2913/1718/1803
f 2913/1718/1803 2918/1724/1850 2886/1692/1835
f 2919/1725/1696 2920/1726/1696 2922/1727/1851
f 2922/1727/1851 2920/1726/1696 2921/1728/1852
f 2923/1729/1853 2917/1723/1853 2911/1717/1853
f 2924/1730/1724 2925/1731/1724 2926/1732/1724
f 2914/1720/1725 2927/1733/1725 2918/1724/1725
f 2886/1692/1835 2918/1724/1850 2887/1693/1836
f 2907/1714/1810 2916/1722/1810 2920/1726/1810
f 2908/1713/1842 2907/1714/1843 2919/1725/1696
f 2919/1725/1696 2907/1714/1843 2920/1726/1696
f 2917/1723/1731 2928/1734/1731 2912/1719/1731
f 2925/1731/1732 2915/1721/1732 2917/1723/1732
f 2923/1729/1854 2926/1732/1854 2917/1723/1854
f 2927/1733/1823 2929/1735/1823 2899/1705/1823
f 2923/1729/1855 2930/1736/1855 2926/1732/1855
f 2922/1727/1851 2921/1728/1852 2932/1737/1856
f 2932/1737/1856 2921/1728/1852 2931/1738/1698
f 2921/1728/1857 2924/1730/1857 2931/1738/1858
f 2924/1730/1857 2930/1736/1858 2931/1738/1858
f 2920/1726/1739 2925/1731/1739 2921/1728/1740
f 2921/1728/1740 2925/1731/1739 2924/1730/1740
f 2917/1723/1733 2926/1732/1733 2925/1731/1733
f 2907/1714/1828 2933/1739/1828 2916/1722/1828
f 2927/1733/1829 2899/1705/1829 2887/1693/1829
f 2918/1724/1725 2927/1733/1725 2887/1693/1725
f 2916/1722/1830 2933/1739/1830 2929/1735/1830
f 2914/1720/1774 2929/1735/1774 2927/1733/1774
f 2916/1722/1775 2929/1735/1775 2914/1720/1775
f 2918/1724/1776 2912/1719/1776 2928/1734/1776
f 2917/1723/1777 2915/1721/1777 2928/1734/1777
f 2928/1734/1777 2915/1721/1777 2914/1720/1777
f 2918/1724/1779 2928/1734/1779 2914/1720/1779
f 2920/1726/1780 2916/1722/1780 2925/1731/1780
f 2925/1731/1780 2916/1722/1780 2915/1721/1781
f 2931/1738/1859 2930/1736/1859 2923/1729/1859
f 2926/1732/1724 2930/1736/1841 2924/1730/1724
f 2907/1714/1833 2899/1705/1833 2933/1739/1833
f 2929/1735/1834 2933/1739/1834 2899/1705/1834
f 2892/1698/1860 2909/1715/1860 2905/1711/1860
f 2883/1690/1861 2909/1715/1861 2892/1698/1861
f 2848/1654/1862 3418/1558/1862 3417/1557/1862
f 3416/1553/1863 3418/1558/1863 2848/1654/1863
f 2934/1740/1816 2935/1741/1803 2937/1742/1804
f 2937/1742/1804 2935/1741/1803 2936/1743/1803
f 2938/1744/1715 2939/1745/1715 2940/1746/1715
f 2935/1741/1805 2941/1747/1805 2936/1743/1805
f 2936/1743/1803 2942/1748/1864 2937/1742/1804
f 2937/1742/1804 2942/1748/1864 2910/1716/1835
f 2943/1749/1696 2944/1750/1696 2946/1751/1698
f 2946/1751/1698 2944/1750/1696 2945/1752/1865
f 2947/1753/1809 2941/1747/1809 2935/1741/1809
f 2948/1754/1724 2949/1755/1724 2950/1756/1724
f 2938/1744/1725 2951/1757/1725 2942/1748/1725
f 2910/1716/1835 2942/1748/1864 2911/1717/1848
f 2931/1738/1810 2940/1746/1810 2944/1750/1810
f 2932/1737/1856 2931/1738/1698 2943/1749/1696
f 2943/1749/1696 2931/1738/1698 2944/1750/1696
f 2941/1747/1731 2952/1758/1731 2936/1743/1731
f 2949/1755/1732 2939/1745/1732 2941/1747/1732
f 2947/1753/1733 2950/1756/1733 2941/1747/1733
f 2951/1757/1840 2953/1759/1840 2923/1729/1840
f 2947/1753/1841 2954/1760/1724 2950/1756/1724
f 2946/1751/1698 2945/1752/1865 2956/1761/1842
f 2956/1761/1842 2945/1752/1865 2955/1762/1812
f 2948/1754/1813 2954/1760/1866 2945/1752/1813
f 2945/1752/1813 2954/1760/1866 2955/1762/1813
f 2944/1750/1739 2949/1755/1739 2945/1752/1740
f 2945/1752/1740 2949/1755/1739 2948/1754/1740
f 2941/1747/1733 2950/1756/1733 2949/1755/1733
f 2931/1738/1867 2923/1729/1868 2957/1763/1869
f 2951/1757/1846 2923/1729/1846 2911/1717/1846
f 2942/1748/1725 2951/1757/1725 2911/1717/1725
f 2953/1759/1870 2957/1763/1871 2923/1729/1872
f 2938/1744/1774 2953/1759/1774 2951/1757/1774
f 2940/1746/1775 2953/1759/1775 2938/1744/1775
f 2942/1748/1776 2936/1743/1776 2952/1758/1776
f 2941/1747/1777 2939/1745/1777 2952/1758/1777
f 2952/1758/1777 2939/1745/1777 2938/1744/1778
f 2942/1748/1779 2952/1758/1779 2938/1744/1779
f 2944/1750/1780 2940/1746/1780 2949/1755/1780
f 2949/1755/1780 2940/1746/1780 2939/1745/1780
f 2955/1762/1815 2954/1760/1815 2947/1753/1815
f 2950/1756/1724 2954/1760/1724 2948/1754/1724
f 2958/1764/1816 2959/1765/1848 2961/1766/1803
f 2961/1766/1803 2959/1765/1848 2960/1767/1803
f 2962/1768/1715 2963/1769/1715 2964/1770/1715
f 2959/1765/1817 2965/1771/1817 2960/1767/1817
f 2960/1767/1803 2966/1772/1864 2961/1766/1803
f 2961/1766/1803 2966/1772/1864 2934/1740/1816
f 2967/1773/1696 2968/1774/1696 2970/1775/1819
f 2970/1775/1819 2968/1774/1696 2969/1776/1873
f 2971/1777/1821 2965/1771/1821 2959/1765/1821
f 2972/1778/1841 2973/1779/1841 2974/1780/1841
f 2962/1768/1725 2975/1781/1725 2966/1772/1725
f 2934/1740/1816 2966/1772/1864 2935/1741/1803
f 2955/1762/1810 2964/1770/1810 2968/1774/1810
f 2956/1761/1842 2955/1762/1812 2967/1773/1696
f 2967/1773/1696 2955/1762/1812 2968/1774/1696
f 2965/1771/1731 2976/1782/1731 2960/1767/1731
f 2973/1779/1732 2963/1769/1732 2965/1771/1732
f 2971/1777/1822 2974/1780/1822 2965/1771/1822
f 2975/1781/1823 2977/1783/1823 2947/1753/1823
f 2971/1777/1824 2978/1784/1824 2974/1780/1824
f 2970/1775/1819 2969/1776/1873 2980/1785/1825
f 2980/1785/1825 2969/1776/1873 2979/1786/1812
f 2972/1778/1874 2978/1784/1826 2969/1776/1827
f 2969/1776/1827 2978/1784/1826 2979/1786/1826
f 2968/1774/1739 2973/1779/1739 2969/1776/1740
f 2969/1776/1740 2973/1779/1739 2972/1778/1740
f 2965/1771/1733 2974/1780/1733 2973/1779/1733
f 2955/1762/1828 2981/1787/1828 2964/1770/1828
f 2975/1781/1829 2947/1753/1829 2935/1741/1829
f 2966/1772/1725 2975/1781/1725 2935/1741/1725
f 2964/1770/1830 2981/1787/1830 2977/1783/1830
f 2962/1768/1774 2977/1783/1774 2975/1781/1774
f 2964/1770/1801 2977/1783/1801 2962/1768/1801
f 2966/1772/1776 2960/1767/1776 2976/1782/1776
f 2965/1771/1777 2963/1769/1777 2976/1782/1777
f 2976/1782/1777 2963/1769/1777 2962/1768/1777
f 2966/1772/1779 2976/1782/1779 2962/1768/1779
f 2968/1774/1780 2964/1770/1780 2973/1779/1780
f 2973/1779/1780 2964/1770/1780 2963/1769/1781
f 2979/1786/1831 2978/1784/1831 2971/1777/1831
f 2974/1780/1832 2978/1784/1832 2972/1778/1832
f 2955/1762/1833 2947/1753/1833 2981/1787/1833
f 2977/1783/1834 2981/1787/1834 2947/1753/1834
f 2982/1788/1802 2983/1789/1803 2985/1790/1803
f 2985/1790/1803 2983/1789/1803 2984/1791/1803
f 2986/1792/1715 2987/1793/1715 2988/1794/1715
f 2983/1789/1805 2989/1795/1805 2984/1791/1805
f 2984/1791/1803 2990/1796/1818 2985/1790/1803
f 2985/1790/1803 2990/1796/1818 2958/1764/1816
f 2991/1797/1696 2992/1798/1696 2994/1799/1698
f 2994/1799/1698 2992/1798/1696 2993/1800/1839
f 2995/1801/1809 2989/1795/1809 2983/1789/1809
f 2996/1802/1724 2997/1803/1724 2998/1804/1724
f 2986/1792/1725 2999/1805/1725 2990/1796/1725
f 2958/1764/1816 2990/1796/1818 2959/1765/1848
f 2979/1786/1810 2988/1794/1810 2992/1798/1810
f 2980/1785/1825 2979/1786/1812 2991/1797/1696
f 2991/1797/1696 2979/1786/1812 2992/1798/1696
f 2989/1795/1731 3000/1806/1731 2984/1791/1731
f 2997/1803/1732 2987/1793/1732 2989/1795/1732
f 2995/1801/1733 2998/1804/1733 2989/1795/1733
f 2999/1805/1875 3001/1807/1875 2971/1777/1875
f 2995/1801/1724 3002/1808/1724 2998/1804/1724
f 2994/1799/1698 2993/1800/1839 3004/1809/1842
f 3004/1809/1842 2993/1800/1839 3003/1810/1812
f 2996/1802/1813 3002/1808/1813 2993/1800/1813
f 2993/1800/1813 3002/1808/1813 3003/1810/1813
f 2992/1798/1739 2997/1803/1739 2993/1800/1740
f 2993/1800/1740 2997/1803/1739 2996/1802/1740
f 2989/1795/1733 2998/1804/1733 2997/1803/1733
f 2979/1786/1876 2971/1777/1877 3005/1811/1878
f 2999/1805/1846 2971/1777/1846 2959/1765/1846
f 2990/1796/1725 2999/1805/1725 2959/1765/1725
f 3001/1807/1879 3005/1811/1880 2971/1777/1881
f 2986/1792/1774 3001/1807/1774 2999/1805/1774
f 2988/1794/1775 3001/1807/1775 2986/1792/1775
f 2990/1796/1776 2984/1791/1776 3000/1806/1776
f 2989/1795/1777 2987/1793/1777 3000/1806/1777
f 3000/1806/1777 2987/1793/1777 2986/1792/1777
f 2990/1796/1779 3000/1806/1779 2986/1792/1779
f 2992/1798/1780 2988/1794/1780 2997/1803/1780
f 2997/1803/1780 2988/1794/1780 2987/1793/1781
f 3003/1810/1815 3002/1808/1815 2995/1801/1815
f 2998/1804/1724 3002/1808/1724 2996/1802/1724
f 3006/1812/1882 3007/1813/1848 3009/1814/1803
f 3009/1814/1803 3007/1813/1848 3008/1815/1803
f 3010/1816/1715 3011/1817/1715 3012/1818/1715
f 3007/1813/1849 3013/1819/1849 3008/1815/1849
f 3008/1815/1803 3014/1820/1850 3009/1814/1803
f 3009/1814/1803 3014/1820/1850 2982/1788/1802
f 3015/1821/1696 3016/1822/1696 3018/1823/1698
f 3018/1823/1698 3016/1822/1696 3017/1824/1883
f 3019/1825/1884 3013/1819/1884 3007/1813/1884
f 3020/1826/1841 3021/1827/1841 3022/1828/1841
f 3010/1816/1725 3023/1829/1725 3014/1820/1725
f 2982/1788/1802 3014/1820/1850 2983/1789/1803
f 3003/1810/1810 3012/1818/1810 3016/1822/1810
f 3004/1809/1842 3003/1810/1812 3015/1821/1696
f 3015/1821/1696 3003/1810/1812 3016/1822/1696
f 3013/1819/1731 3024/1830/1731 3008/1815/1731
f 3021/1827/1732 3011/1817/1732 3013/1819/1732
f 3019/1825/1885 3022/1828/1885 3013/1819/1885
f 3023/1829/1886 3025/1831/1886 2995/1801/1886
f 3019/1825/1887 3026/1832/1887 3022/1828/1887
f 3018/1823/1698 3017/1824/1883 3028/1833/1888
f 3028/1833/1888 3017/1824/1883 3027/1834/1812
f 3020/1826/1889 3026/1832/1890 3017/1824/1889
f 3017/1824/1889 3026/1832/1890 3027/1834/1890
f 3016/1822/1739 3021/1827/1739 3017/1824/1740
f 3017/1824/1740 3021/1827/1739 3020/1826/1740
f 3013/1819/1733 3022/1828/1733 3021/1827/1733
f 3003/1810/1828 3029/1835/1828 3012/1818/1828
f 3023/1829/1829 2995/1801/1829 2983/1789/1829
f 3014/1820/1725 3023/1829/1725 2983/1789/1725
f 3012/1818/1830 3029/1835/1830 3025/1831/1830
f 3010/1816/1774 3025/1831/1774 3023/1829/1774
f 3012/1818/1801 3025/1831/1801 3010/1816/1801
f 3014/1820/1776 3008/1815/1776 3024/1830/1776
f 3013/1819/1777 3011/1817/1777 3024/1830/1777
f 3024/1830/1777 3011/1817/1777 3010/1816/1778
f 3014/1820/1779 3024/1830/1779 3010/1816/1779
f 3016/1822/1780 3012/1818/1780 3021/1827/1780
f 3021/1827/1780 3012/1818/1780 3011/1817/1781
f 3027/1834/1891 3026/1832/1891 3019/1825/1891
f 3022/1828/1892 3026/1832/1892 3020/1826/1892
f 3003/1810/1833 2995/1801/1833 3029/1835/1833
f 3025/1831/1834 3029/1835/1834 2995/1801/1834
f 3030/1836/1816 3031/1837/1803 3033/1838/1804
f 3033/1838/1804 3031/1837/1803 3032/1839/1803
f 3034/1840/1715 3035/1841/1715 3036/1842/1715
f 3031/1837/1805 3037/1843/1805 3032/1839/1805
f 3032/1839/1803 3038/1844/1864 3033/1838/1804
f 3033/1838/1804 3038/1844/1864 3006/1812/1882
f 3039/1845/1696 3040/1846/1696 3042/1847/1698
f 3042/1847/1698 3040/1846/1696 3041/1848/1839
f 3043/1849/1809 3037/1843/1809 3031/1837/1809
f 3044/1850/1724 3045/1851/1724 3046/1852/1724
f 3034/1840/1725 3047/1853/1725 3038/1844/1725
f 3006/1812/1882 3038/1844/1864 3007/1813/1848
f 3027/1834/1810 3036/1842/1810 3040/1846/1810
f 3028/1833/1888 3027/1834/1812 3039/1845/1696
f 3039/1845/1696 3027/1834/1812 3040/1846/1696
f 3037/1843/1731 3048/1854/1731 3032/1839/1731
f 3045/1851/1732 3035/1841/1732 3037/1843/1732
f 3043/1849/1733 3046/1852/1733 3037/1843/1733
f 3047/1853/1875 3049/1855/1875 3019/1825/1875
f 3043/1849/1724 3050/1856/1724 3046/1852/1724
f 3042/1847/1698 3041/1848/1839 3052/1857/1842
f 3052/1857/1842 3041/1848/1839 3051/1858/1812
f 3044/1850/1813 3050/1856/1813 3041/1848/1844
f 3041/1848/1844 3050/1856/1813 3051/1858/1813
f 3040/1846/1739 3045/1851/1739 3041/1848/1740
f 3041/1848/1740 3045/1851/1739 3044/1850/1740
f 3037/1843/1733 3046/1852/1733 3045/1851/1733
f 3027/1834/1893 3019/1825/1893 3053/1859/1893
f 3047/1853/1846 3019/1825/1846 3007/1813/1846
f 3038/1844/1725 3047/1853/1725 3007/1813/1725
f 3049/1855/1894 3053/1859/1894 3019/1825/1894
f 3034/1840/1774 3049/1855/1774 3047/1853/1774
f 3036/1842/1775 3049/1855/1775 3034/1840/1775
f 3038/1844/1776 3032/1839/1776 3048/1854/1776
f 3037/1843/1777 3035/1841/1777 3048/1854/1777
f 3048/1854/1777 3035/1841/1777 3034/1840/1778
f 3038/1844/1779 3048/1854/1779 3034/1840/1779
f 3040/1846/1780 3036/1842/1780 3045/1851/1780
f 3045/1851/1780 3036/1842/1780 3035/1841/1781
f 3051/1858/1815 3050/1856/1815 3043/1849/1815
f 3046/1852/1724 3050/1856/1724 3044/1850/1724
f 3054/1860/1816 3055/1861/1803 3057/1862/1804
f 3057/1862/1804 3055/1861/1803 3056/1863/1803
f 3058/1864/1838 3059/1865/1838 3060/1866/1838
f 3055/1861/1817 3061/1867/1817 3056/1863/1817
f 3056/1863/1803 3062/1868/1850 3057/1862/1804
f 3057/1862/1804 3062/1868/1850 3030/1836/1816
f 3063/1869/1696 3064/1870/1696 3066/1871/1788
f 3066/1871/1788 3064/1870/1696 3065/1872/1895
f 3067/1873/1821 3061/1867/1821 3055/1861/1821
f 3068/1874/1724 3069/1875/1724 3070/1876/1724
f 3058/1864/1725 3071/1877/1725 3062/1868/1725
f 3030/1836/1816 3062/1868/1850 3031/1837/1803
f 3051/1858/1810 3060/1866/1810 3064/1870/1810
f 3052/1857/1842 3051/1858/1812 3063/1869/1696
f 3063/1869/1696 3051/1858/1812 3064/1870/1696
f 3061/1867/1731 3072/1878/1731 3056/1863/1731
f 3069/1875/1732 3059/1865/1732 3061/1867/1732
f 3067/1873/1822 3070/1876/1822 3061/1867/1822
f 3071/1877/1823 3073/1879/1823 3043/1849/1823
f 3067/1873/1824 3074/1880/1824 3070/1876/1824
f 3066/1871/1788 3065/1872/1895 3076/1881/1896
f 3076/1881/1896 3065/1872/1895 3075/1882/1812
f 3068/1874/1826 3074/1880/1827 3065/1872/1827
f 3065/1872/1827 3074/1880/1827 3075/1882/1826
f 3064/1870/1739 3069/1875/1739 3065/1872/1740
f 3065/1872/1740 3069/1875/1739 3068/1874/1740
f 3061/1867/1733 3070/1876/1733 3069/1875/1733
f 3051/1858/1828 3077/1883/1828 3060/1866/1828
f 3071/1877/1829 3043/1849/1829 3031/1837/1829
f 3062/1868/1725 3071/1877/1725 3031/1837/1725
f 3060/1866/1830 3077/1883/1830 3073/1879/1830
f 3058/1864/1774 3073/1879/1774 3071/1877/1774
f 3060/1866/1801 3073/1879/1801 3058/1864/1801
f 3062/1868/1776 3056/1863/1776 3072/1878/1776
f 3061/1867/1777 3059/1865/1777 3072/1878/1777
f 3072/1878/1777 3059/1865/1777 3058/1864/1778
f 3062/1868/1779 3072/1878/1779 3058/1864/1779
f 3064/1870/1780 3060/1866/1780 3069/1875/1780
f 3069/1875/1780 3060/1866/1780 3059/1865/1780
f 3075/1882/1831 3074/1880/1831 3067/1873/1831
f 3070/1876/1832 3074/1880/1832 3068/1874/1832
f 3051/1858/1833 3043/1849/1833 3077/1883/1833
f 3073/1879/1834 3077/1883/1834 3043/1849/1834
f 3078/1884/1816 3079/1885/1803 3081/1886/1804
f 3081/1886/1804 3079/1885/1803 3080/1887/1803
f 3082/1888/1715 3083/1889/1715 3084/1890/1715
f 3079/1885/1805 3085/1891/1805 3080/1887/1805
f 3080/1887/1803 3086/1892/1818 3081/1886/1804
f 3081/1886/1804 3086/1892/1818 3054/1860/1816
f 3087/1893/1696 3088/1894/1696 3090/1895/1698
f 3090/1895/1698 3088/1894/1696 3089/1896/1808
f 3091/1897/1809 3085/1891/1809 3079/1885/1809
f 3092/1898/1724 3093/1899/1724 3094/1900/1724
f 3082/1888/1725 3095/1901/1725 3086/1892/1725
f 3054/1860/1816 3086/1892/1818 3055/1861/1803
f 3075/1882/1810 3084/1890/1810 3088/1894/1810
f 3076/1881/1896 3075/1882/1812 3087/1893/1696
f 3087/1893/1696 3075/1882/1812 3088/1894/1696
f 3085/1891/1731 3096/1902/1731 3080/1887/1731
f 3093/1899/1732 3083/1889/1732 3085/1891/1732
f 3091/1897/1733 3094/1900/1733 3085/1891/1733
f 3095/1901/1795 3097/1903/1795 3067/1873/1795
f 3091/1897/1724 3098/1904/1724 3094/1900/1724
f 3090/1895/1698 3089/1896/1808 3100/1905/1842
f 3100/1905/1842 3089/1896/1808 3099/1906/1812
f 3092/1898/1813 3098/1904/1814 3089/1896/1813
f 3089/1896/1813 3098/1904/1814 3099/1906/1813
f 3088/1894/1739 3093/1899/1739 3089/1896/1740
f 3089/1896/1740 3093/1899/1739 3092/1898/1740
f 3085/1891/1733 3094/1900/1733 3093/1899/1733
f 3075/1882/1845 3067/1873/1845 3101/1907/1845
f 3095/1901/1846 3067/1873/1846 3055/1861/1846
f 3086/1892/1725 3095/1901/1725 3055/1861/1725
f 3097/1903/1847 3101/1907/1847 3067/1873/1847
f 3082/1888/1774 3097/1903/1774 3095/1901/1774
f 3084/1890/1775 3097/1903/1775 3082/1888/1775
f 3086/1892/1776 3080/1887/1776 3096/1902/1776
f 3085/1891/1777 3083/1889/1777 3096/1902/1777
f 3096/1902/1777 3083/1889/1777 3082/1888/1777
f 3086/1892/1779 3096/1902/1779 3082/1888/1779
f 3088/1894/1780 3084/1890/1780 3093/1899/1780
f 3093/1899/1780 3084/1890/1780 3083/1889/1781
f 3099/1906/1815 3098/1904/1815 3091/1897/1815
f 3094/1900/1724 3098/1904/1724 3092/1898/1724
f 2826/1632/1786 2835/1641/1791 3103/1908/1897
f 3103/1908/1897 2835/1641/1791 3102/1909/1898
f 3104/1910/1715 3105/1911/1715 3106/1912/1715
f 2835/1641/1717 3107/1913/1717 3102/1909/1717
f 3102/1909/1898 3108/1914/1864 3103/1908/1897
f 3103/1908/1897 3108/1914/1864 3078/1884/1816
f 3109/1915/1696 3110/1916/1696 3112/1917/1696
f 3112/1917/1696 3110/1916/1696 3111/1918/1696
f 2840/1646/1899 3107/1913/1899 2835/1641/1899
f 3113/1919/1724 3114/1920/1724 3115/1921/1724
f 3104/1910/1725 3116/1922/1725 3108/1914/1725
f 3078/1884/1816 3108/1914/1864 3079/1885/1803
f 3099/1906/1810 3106/1912/1810 3110/1916/1810
f 3100/1905/1842 3099/1906/1812 3109/1915/1696
f 3109/1915/1696 3099/1906/1812 3110/1916/1696
f 3107/1913/1731 3117/1923/1731 3102/1909/1731
f 3114/1920/1732 3105/1911/1732 3107/1913/1732
f 2840/1646/1900 3115/1921/1900 3107/1913/1900
f 3116/1922/1823 3118/1924/1823 3091/1897/1823
f 2840/1646/1901 3119/1925/1901 3115/1921/1901
f 3112/1917/1696 3111/1918/1696 2837/1643/1793
f 2837/1643/1793 3111/1918/1696 2836/1642/1794
f 3111/1918/1796 3113/1919/1796 2836/1642/1796
f 2836/1642/1796 3113/1919/1796 3119/1925/1902
f 3110/1916/1739 3114/1920/1739 3111/1918/1740
f 3111/1918/1740 3114/1920/1739 3113/1919/1740
f 3107/1913/1733 3115/1921/1733 3114/1920/1733
f 3099/1906/1828 3120/1926/1828 3106/1912/1828
f 3116/1922/1829 3091/1897/1829 3079/1885/1829
f 3108/1914/1725 3116/1922/1725 3079/1885/1725
f 3106/1912/1830 3120/1926/1830 3118/1924/1830
f 3104/1910/1774 3118/1924/1774 3116/1922/1774
f 3106/1912/1775 3118/1924/1775 3104/1910/1775
f 3108/1914/1776 3102/1909/1776 3117/1923/1776
f 3107/1913/1777 3105/1911/1777 3117/1923/1777
f 3117/1923/1777 3105/1911/1777 3104/1910/1777
f 3108/1914/1779 3117/1923/1779 3104/1910/1779
f 3110/1916/1780 3106/1912/1780 3114/1920/1780
f 3114/1920/1780 3106/1912/1780 3105/1911/1780
f 2836/1642/1903 3119/1925/1903 2840/1646/1903
f 3115/1921/1724 3119/1925/1724 3113/1919/1724
f 3099/1906/1833 3091/1897/1833 3120/1926/1833
f 3118/1924/1834 3120/1926/1834 3091/1897/1834
f 3084/1890/1860 3101/1907/1860 3097/1903/1860
f 3075/1882/1904 3101/1907/1904 3084/1890/1904
f 3036/1842/1862 3053/1859/1862 3049/1855/1862
f 3027/1834/1863 3053/1859/1863 3036/1842/1863
f 2940/1746/1905 2957/1763/1871 2953/1759/1870
f 2931/1738/1867 2957/1763/1869 2940/1746/1906
f 2988/1794/1907 3005/1811/1880 3001/1807/1879
f 2979/1786/1876 3005/1811/1878 2988/1794/1908
f 2795/1601/1909 2818/1624/1772 2812/1618/1771
f 2809/1615/1766 2818/1624/1768 2795/1601/1910
f 3121/1566/1911 2763/1568/1912 3122/1567/1913
f 3122/1567/1913 2763/1568/1912 2762/1569/1914
f 3123/1570/1915 3125/1572/1915 3124/1571/1915
f 3126/1573/1916 3127/1575/1916 2768/1574/1917
f 2768/1574/1917 3127/1575/1916 2769/1576/1916
f 2773/1579/1698 3127/1575/1697 2771/1578/1696
f 2771/1578/1696 3127/1575/1697 3128/1577/1696
f 2773/1579/1698 2769/1576/1699 3127/1575/1697
f 2762/1569/1914 3129/1580/1918 3122/1567/1913
f 3124/1571/1919 3125/1572/1919 3130/1581/1919
f 3130/1581/1919 3125/1572/1919 3131/1582/1919
f 3131/1582/1920 3125/1572/1920 3132/1583/1920
f 3121/1566/1921 3122/1567/1921 3133/1584/1921
f 3121/1566/1922 3133/1584/1922 3130/1581/1922
f 3134/1585/1923 3132/1583/1923 3123/1570/1923
f 3122/1567/1924 3129/1580/1924 3135/1586/1924
f 3123/1570/1925 3124/1571/1925 3136/1587/1925
f 3137/1588/1926 3139/1590/1926 3138/1589/1926
f 2762/1569/1914 2786/1591/1927 3129/1580/1918
f 3129/1580/1918 2786/1591/1927 3140/1592/1928
f 2787/1593/1696 2789/1594/1696 3137/1588/1696
f 3137/1588/1696 2789/1594/1696 3141/1595/1696
f 3138/1589/1929 3129/1580/1929 3142/1596/1929
f 2791/1597/1696 2787/1593/1696 3143/1598/1696
f 3143/1598/1696 2787/1593/1696 3137/1588/1696
f 3143/1598/1930 3137/1588/1930 3138/1589/1930
f 3144/1599/1931 3146/1601/1931 3145/1600/1931
f 3121/1566/1932 3130/1581/1932 3147/1602/1932
f 3129/1580/1933 3140/1592/1933 3148/1603/1933
f 2799/1605/1934 3149/1604/1935 2786/1591/1927
f 2786/1591/1927 3149/1604/1935 3140/1592/1928
f 2800/1606/1720 2803/1608/1696 3150/1607/1843
f 3150/1607/1843 2803/1608/1696 3151/1609/1696
f 3142/1596/1936 3129/1580/1936 3148/1603/1936
f 3143/1598/1937 3138/1589/1937 3142/1596/1937
f 3152/1610/1938 3154/1612/1938 3153/1611/1938
f 3144/1599/1939 3149/1604/1940 3155/1613/1940
f 2799/1605/1934 3156/1614/1941 3149/1604/1935
f 3157/1615/1942 3150/1607/1942 3146/1601/1942
f 2810/1616/1729 2800/1606/1720 3157/1615/1943
f 3157/1615/1943 2800/1606/1720 3150/1607/1843
f 3148/1603/1944 3140/1592/1944 3158/1617/1944
f 3153/1611/1945 3148/1603/1945 3145/1600/1945
f 3142/1596/1946 3148/1603/1946 3154/1612/1946
f 3155/1613/1947 3160/1619/1947 3159/1618/1947
f 3142/1596/1938 3154/1612/1938 3161/1620/1938
f 2803/1608/1696 2791/1597/1696 3151/1609/1696
f 3151/1609/1696 2791/1597/1696 3143/1598/1696
f 3151/1609/1948 3143/1598/1949 3152/1610/1950
f 3152/1610/1950 3143/1598/1949 3161/1620/1951
f 3150/1607/1952 3151/1609/1953 3153/1611/1952
f 3153/1611/1952 3151/1609/1953 3152/1610/1953
f 3148/1603/1946 3153/1611/1946 3154/1612/1946
f 3162/1621/1954 3135/1586/1954 3129/1580/1954
f 3124/1571/1955 3122/1567/1955 3135/1586/1955
f 3136/1587/1956 3124/1571/1956 3135/1586/1956
f 3131/1582/1957 3132/1583/1958 3163/1622/1958
f 3163/1622/1958 3132/1583/1958 3134/1585/1958
f 2771/1578/1696 3128/1577/1696 2789/1594/1696
f 2789/1594/1696 3128/1577/1696 3141/1595/1696
f 3137/1588/1959 3164/1623/1959 3123/1570/1959
f 3141/1595/1960 3128/1577/1961 3134/1585/1960
f 3134/1585/1960 3128/1577/1961 3163/1622/1961
f 3141/1595/1962 3134/1585/1962 3123/1570/1962
f 3125/1572/1920 3123/1570/1920 3132/1583/1920
f 3141/1595/1963 3123/1570/1963 3164/1623/1963
f 3137/1588/1964 3141/1595/1964 3164/1623/1964
f 3136/1587/1965 3138/1589/1965 3139/1590/1965
f 3136/1587/1966 3135/1586/1966 3162/1621/1966
f 3133/1584/1967 3124/1571/1967 3130/1581/1967
f 3122/1567/1968 3124/1571/1968 3133/1584/1968
f 3123/1570/1969 3136/1587/1969 3139/1590/1969
f 3137/1588/1970 3123/1570/1970 3139/1590/1970
f 3138/1589/1971 3136/1587/1971 3162/1621/1971
f 3138/1589/1972 3162/1621/1972 3129/1580/1972
f 3128/1577/1973 3147/1602/1973 3163/1622/1973
f 3147/1602/1973 3131/1582/1973 3163/1622/1973
f 3127/1575/1974 3126/1573/1974 3147/1602/1974
f 3128/1577/1975 3127/1575/1975 3147/1602/1975
f 3147/1602/1976 3130/1581/1976 3131/1582/1976
f 3126/1573/1974 3121/1566/1974 3147/1602/1974
f 3121/1566/1977 3126/1573/1977 2763/1568/1978
f 2763/1568/1978 3126/1573/1977 2768/1574/1977
f 3157/1615/1979 3165/1624/1980 3160/1619/1981
f 3155/1613/1982 3156/1614/1982 3160/1619/1982
f 3149/1604/1940 3156/1614/1983 3155/1613/1940
f 3159/1618/1984 3160/1619/1985 3165/1624/1986
f 3144/1599/1987 3155/1613/1987 3159/1618/1987
f 3146/1601/1988 3144/1599/1988 3159/1618/1988
f 3149/1604/1989 3158/1617/1989 3140/1592/1989
f 3148/1603/1990 3158/1617/1990 3145/1600/1990
f 3145/1600/1990 3158/1617/1990 3144/1599/1991
f 3149/1604/1992 3144/1599/1992 3158/1617/1992
f 3150/1607/1993 3153/1611/1993 3146/1601/1993
f 3146/1601/1993 3153/1611/1993 3145/1600/1994
f 3143/1598/1949 3142/1596/1995 3161/1620/1951
f 3154/1612/1938 3152/1610/1938 3161/1620/1938
f 2799/1605/1934 2820/1625/1996 3156/1614/1941
f 3156/1614/1941 2820/1625/1996 3166/1626/1997
f 3167/1627/1931 3169/1629/1931 3168/1628/1931
f 3156/1614/1933 3166/1626/1933 3170/1630/1933
f 2826/1632/1998 3171/1631/1999 2820/1625/1996
f 2820/1625/1996 3171/1631/1999 3166/1626/1997
f 2827/1633/1787 2830/1635/1696 3172/1634/1788
f 3172/1634/1788 2830/1635/1696 3173/1636/1696
f 3160/1619/2000 3156/1614/2000 3170/1630/2000
f 3174/1637/1938 3176/1639/1938 3175/1638/1938
f 3167/1627/1939 3171/1631/2001 3177/1640/2001
f 2826/1632/1998 3178/1641/2002 3171/1631/1999
f 3179/1642/2003 3172/1634/2003 3169/1629/2003
f 2837/1643/1793 2827/1633/1787 3179/1642/2004
f 3179/1642/2004 2827/1633/1787 3172/1634/1788
f 3170/1630/1944 3166/1626/1944 3180/1644/1944
f 3175/1638/1945 3170/1630/1945 3168/1628/1945
f 3160/1619/1946 3170/1630/1946 3176/1639/1946
f 3177/1640/2005 3182/1646/2005 3181/1645/2005
f 3160/1619/1938 3176/1639/1938 3183/1647/1938
f 2830/1635/1696 2810/1616/1729 3173/1636/1696
f 3173/1636/1696 2810/1616/1729 3157/1615/1943
f 3173/1636/2006 3157/1615/1949 3174/1637/1950
f 3174/1637/1950 3157/1615/1949 3183/1647/1951
f 3172/1634/1952 3173/1636/1953 3175/1638/1952
f 3175/1638/1952 3173/1636/1953 3174/1637/1953
f 3170/1630/1946 3175/1638/1946 3176/1639/1946
f 3179/1642/2007 3169/1629/2007 3182/1646/2007
f 3177/1640/2008 3178/1641/2008 3182/1646/2008
f 3171/1631/2001 3178/1641/2009 3177/1640/2001
f 3169/1629/2010 3181/1645/2010 3182/1646/2010
f 3167/1627/1987 3177/1640/1987 3181/1645/1987
f 3169/1629/2011 3167/1627/2011 3181/1645/2011
f 3171/1631/1989 3180/1644/1989 3166/1626/1989
f 3170/1630/1990 3180/1644/1990 3168/1628/1990
f 3168/1628/1990 3180/1644/1990 3167/1627/1991
f 3171/1631/1992 3167/1627/1992 3180/1644/1992
f 3172/1634/1993 3175/1638/1993 3169/1629/1993
f 3169/1629/1993 3175/1638/1993 3168/1628/1994
f 3157/1615/1949 3160/1619/1995 3183/1647/1951
f 3176/1639/1938 3174/1637/1938 3183/1647/1938
f 2842/1648/2012 2845/1650/2013 3184/1649/2014
f 3184/1649/2014 2845/1650/2013 3185/1651/2014
f 3186/1652/1931 3188/1654/1931 3187/1653/1931
f 3184/1649/2015 3185/1651/2015 3189/1655/2015
f 3413/1531/2016 3419/1555/2016 2845/1650/2013
f 2845/1650/2013 3419/1555/2016 3185/1651/2014
f 2850/1656/1696 2853/1658/1807 3190/1657/1696
f 3190/1657/1696 2853/1658/1807 3191/1659/2017
f 3192/1660/2018 3184/1649/2018 3189/1655/2018
f 3193/1661/1938 3195/1663/1938 3194/1662/1938
f 3186/1652/1939 3419/1555/1939 3420/1556/1939
f 3421/1553/2019 3190/1657/2019 3188/1654/2019
f 3415/1552/1696 2850/1656/1696 3421/1553/1696
f 3421/1553/1696 2850/1656/1696 3190/1657/1696
f 3189/1655/1944 3185/1651/1944 3196/1664/1944
f 3194/1662/1945 3189/1655/1945 3187/1653/1945
f 3192/1660/1946 3189/1655/1946 3195/1663/1946
f 3192/1660/1938 3195/1663/1938 3197/1665/1938
f 2853/1658/1807 2861/1666/1811 3191/1659/2017
f 3191/1659/2017 2861/1666/1811 3198/1667/1721
f 3198/1667/2020 3197/1665/2021 3191/1659/2020
f 3191/1659/2020 3197/1665/2021 3193/1661/2020
f 3190/1657/1952 3191/1659/1953 3194/1662/1952
f 3194/1662/1952 3191/1659/1953 3193/1661/1953
f 3189/1655/1946 3194/1662/1946 3195/1663/1946
f 3186/1652/1987 3420/1556/1987 3422/1557/1987
f 3188/1654/1988 3186/1652/1988 3422/1557/1988
f 3419/1555/1989 3196/1664/1989 3185/1651/1989
f 3189/1655/1990 3196/1664/1990 3187/1653/1990
f 3187/1653/1990 3196/1664/1990 3186/1652/1991
f 3419/1555/1992 3186/1652/1992 3196/1664/1992
f 3190/1657/1993 3194/1662/1993 3188/1654/1993
f 3188/1654/1993 3194/1662/1993 3187/1653/1993
f 3198/1667/2022 3192/1660/2022 3197/1665/2022
f 3195/1663/1938 3193/1661/1938 3197/1665/1938
f 2862/1668/2023 2865/1670/2014 3199/1669/2014
f 3199/1669/2014 2865/1670/2014 3200/1671/2014
f 3201/1672/2024 3203/1674/2024 3202/1673/2024
f 3199/1669/2025 3200/1671/2025 3204/1675/2025
f 2842/1648/2012 3205/1676/2026 2865/1670/2014
f 2865/1670/2014 3205/1676/2026 3200/1671/2014
f 2871/1677/1696 2874/1679/1819 3206/1678/1696
f 3206/1678/1696 2874/1679/1819 3207/1680/2027
f 3208/1681/2028 3199/1669/2028 3204/1675/2028
f 3209/1682/1938 3211/1684/1938 3210/1683/1938
f 3201/1672/1939 3205/1676/1939 3212/1685/1939
f 2842/1648/2012 3184/1649/2014 3205/1676/2026
f 3198/1667/2019 3206/1678/2019 3203/1674/2019
f 2861/1666/1811 2871/1677/1696 3198/1667/1721
f 3198/1667/1721 2871/1677/1696 3206/1678/1696
f 3204/1675/1944 3200/1671/1944 3213/1686/1944
f 3210/1683/1945 3204/1675/1945 3202/1673/1945
f 3208/1681/2029 3204/1675/2029 3211/1684/2029
f 3212/1685/2030 3192/1660/2030 3214/1687/2030
f 3208/1681/2031 3211/1684/2031 3215/1688/2031
f 2874/1679/1819 2884/1689/1825 3207/1680/2027
f 3207/1680/2027 2884/1689/1825 3216/1690/1698
f 3216/1690/2032 3215/1688/2032 3207/1680/2033
f 3207/1680/2033 3215/1688/2032 3209/1682/2033
f 3206/1678/1952 3207/1680/1953 3210/1683/1952
f 3210/1683/1952 3207/1680/1953 3209/1682/1953
f 3204/1675/1946 3210/1683/1946 3211/1684/1946
f 3198/1667/2034 3203/1674/2034 3217/1691/2034
f 3212/1685/2035 3184/1649/2035 3192/1660/2035
f 3205/1676/1939 3184/1649/1939 3212/1685/1939
f 3203/1674/2036 3214/1687/2036 3217/1691/2036
f 3201/1672/1987 3212/1685/1987 3214/1687/1987
f 3203/1674/2011 3201/1672/2011 3214/1687/2011
f 3205/1676/1989 3213/1686/1989 3200/1671/1989
f 3204/1675/1990 3213/1686/1990 3202/1673/1990
f 3202/1673/1990 3213/1686/1990 3201/1672/1991
f 3205/1676/1992 3201/1672/1992 3213/1686/1992
f 3206/1678/1993 3210/1683/1993 3203/1674/1993
f 3203/1674/1993 3210/1683/1993 3202/1673/1993
f 3216/1690/2037 3208/1681/2037 3215/1688/2037
f 3211/1684/2038 3209/1682/2038 3215/1688/2038
f 3198/1667/2039 3217/1691/2039 3192/1660/2039
f 3214/1687/2040 3192/1660/2040 3217/1691/2040
f 2886/1692/2023 2889/1694/2014 3218/1693/2041
f 3218/1693/2041 2889/1694/2014 3219/1695/2042
f 3220/1696/2024 3222/1698/2024 3221/1697/2024
f 3218/1693/2015 3219/1695/2015 3223/1699/2015
f 2862/1668/2023 3224/1700/2026 2889/1694/2014
f 2889/1694/2014 3224/1700/2026 3219/1695/2042
f 2895/1701/1696 2898/1703/1698 3225/1702/1696
f 3225/1702/1696 2898/1703/1698 3226/1704/2043
f 3227/1705/2018 3218/1693/2018 3223/1699/2018
f 3228/1706/1938 3230/1708/1938 3229/1707/1938
f 3220/1696/1939 3224/1700/1939 3231/1709/1939
f 2862/1668/2023 3199/1669/2014 3224/1700/2026
f 3216/1690/2019 3225/1702/2019 3222/1698/2019
f 2884/1689/1825 2895/1701/1696 3216/1690/1698
f 3216/1690/1698 2895/1701/1696 3225/1702/1696
f 3223/1699/1944 3219/1695/1944 3232/1710/1944
f 3229/1707/1945 3223/1699/1945 3221/1697/1945
f 3227/1705/1946 3223/1699/1946 3230/1708/1946
f 3231/1709/2044 3208/1681/2044 3233/1711/2044
f 3227/1705/2045 3230/1708/1938 3234/1712/1938
f 2898/1703/1698 3236/1713/2046 3226/1704/2043
f 3226/1704/2043 3236/1713/2046 3235/1714/1721
f 3235/1714/2020 3234/1712/2020 3226/1704/2020
f 3226/1704/2020 3234/1712/2020 3228/1706/2020
f 3225/1702/1952 3226/1704/1953 3229/1707/1952
f 3229/1707/1952 3226/1704/1953 3228/1706/1953
f 3223/1699/1946 3229/1707/1946 3230/1708/1946
f 3216/1690/2047 3237/1715/2047 3208/1681/2047
f 3231/1709/2048 3199/1669/2048 3208/1681/2048
f 3224/1700/1939 3199/1669/1939 3231/1709/1939
f 3233/1711/2049 3208/1681/2049 3237/1715/2049
f 3220/1696/1987 3231/1709/1987 3233/1711/1987
f 3222/1698/1988 3220/1696/1988 3233/1711/1988
f 3224/1700/1989 3232/1710/1989 3219/1695/1989
f 3223/1699/1990 3232/1710/1990 3221/1697/1990
f 3221/1697/1990 3232/1710/1990 3220/1696/1990
f 3224/1700/1992 3220/1696/1992 3232/1710/1992
f 3225/1702/1993 3229/1707/1993 3222/1698/1993
f 3222/1698/1993 3229/1707/1993 3221/1697/1994
f 3235/1714/2022 3227/1705/2022 3234/1712/2022
f 3230/1708/1938 3228/1706/1938 3234/1712/1938
f 2910/1716/2050 2913/1718/2051 3238/1717/2041
f 3238/1717/2041 2913/1718/2051 3239/1719/2014
f 3240/1720/2024 3242/1722/2024 3241/1721/2024
f 3238/1717/2052 3239/1719/2052 3243/1723/2052
f 2886/1692/2023 3244/1724/2053 2913/1718/2051
f 2913/1718/2051 3244/1724/2053 3239/1719/2014
f 2919/1725/1696 2922/1727/1851 3245/1726/1696
f 3245/1726/1696 2922/1727/1851 3246/1728/2054
f 3247/1729/2055 3238/1717/2055 3243/1723/2055
f 3248/1730/1938 3250/1732/1938 3249/1731/1938
f 3240/1720/1939 3244/1724/1939 3251/1733/1939
f 2886/1692/2023 3218/1693/2041 3244/1724/2053
f 3235/1714/2019 3245/1726/2019 3242/1722/2019
f 3236/1713/2046 2919/1725/1696 3235/1714/1721
f 3235/1714/1721 2919/1725/1696 3245/1726/1696
f 3243/1723/1944 3239/1719/1944 3252/1734/1944
f 3249/1731/1945 3243/1723/1945 3241/1721/1945
f 3247/1729/2056 3243/1723/2056 3250/1732/2056
f 3251/1733/2030 3227/1705/2030 3253/1735/2030
f 3247/1729/2057 3250/1732/2057 3254/1736/2057
f 2922/1727/1851 2932/1737/1856 3246/1728/2054
f 3246/1728/2054 2932/1737/1856 3255/1738/1698
f 3246/1728/2058 3255/1738/2059 3248/1730/2058
f 3255/1738/2059 3254/1736/2059 3248/1730/2058
f 3245/1726/1952 3246/1728/1953 3249/1731/1952
f 3249/1731/1952 3246/1728/1953 3248/1730/1953
f 3243/1723/1946 3249/1731/1946 3250/1732/1946
f 3235/1714/2034 3242/1722/2034 3256/1739/2034
f 3251/1733/2035 3218/1693/2035 3227/1705/2035
f 3244/1724/1939 3218/1693/1939 3251/1733/1939
f 3242/1722/2036 3253/1735/2036 3256/1739/2036
f 3240/1720/1987 3251/1733/1987 3253/1735/1987
f 3242/1722/1988 3240/1720/1988 3253/1735/1988
f 3244/1724/1989 3252/1734/1989 3239/1719/1989
f 3243/1723/1990 3252/1734/1990 3241/1721/1990
f 3241/1721/1990 3252/1734/1990 3240/1720/1990
f 3244/1724/1992 3240/1720/1992 3252/1734/1992
f 3245/1726/1993 3249/1731/1993 3242/1722/1993
f 3242/1722/1993 3249/1731/1993 3241/1721/1994
f 3255/1738/2060 3247/1729/2060 3254/1736/2060
f 3250/1732/1938 3248/1730/1938 3254/1736/2045
f 3235/1714/2039 3256/1739/2039 3227/1705/2039
f 3253/1735/2040 3227/1705/2040 3256/1739/2040
f 3222/1698/2061 3233/1711/2061 3237/1715/2061
f 3216/1690/2062 3222/1698/2062 3237/1715/2062
f 3188/1654/2063 3422/1557/2063 3423/1558/2063
f 3421/1553/2064 3188/1654/2064 3423/1558/2064
f 2934/1740/2023 2937/1742/2013 3257/1741/2014
f 3257/1741/2014 2937/1742/2013 3258/1743/2014
f 3259/1744/1931 3261/1746/1931 3260/1745/1931
f 3257/1741/2015 3258/1743/2015 3262/1747/2015
f 2910/1716/2050 3263/1748/2065 2937/1742/2013
f 2937/1742/2013 3263/1748/2065 3258/1743/2014
f 2943/1749/1696 2946/1751/1698 3264/1750/1696
f 3264/1750/1696 2946/1751/1698 3265/1752/2066
f 3266/1753/2018 3257/1741/2018 3262/1747/2018
f 3267/1754/1938 3269/1756/1938 3268/1755/1938
f 3259/1744/1939 3263/1748/1939 3270/1757/1939
f 2910/1716/2050 3238/1717/2041 3263/1748/2065
f 3255/1738/2019 3264/1750/2019 3261/1746/2019
f 2932/1737/1856 2943/1749/1696 3255/1738/1698
f 3255/1738/1698 2943/1749/1696 3264/1750/1696
f 3262/1747/1944 3258/1743/1944 3271/1758/1944
f 3268/1755/1945 3262/1747/1945 3260/1745/1945
f 3266/1753/1946 3262/1747/1946 3269/1756/1946
f 3270/1757/2044 3247/1729/2044 3272/1759/2044
f 3266/1753/2045 3269/1756/1938 3273/1760/1938
f 2946/1751/1698 3275/1761/2067 3265/1752/2066
f 3265/1752/2066 3275/1761/2067 3274/1762/1721
f 3274/1762/2020 3273/1760/2021 3265/1752/2020
f 3265/1752/2020 3273/1760/2021 3267/1754/2020
f 3264/1750/1952 3265/1752/1953 3268/1755/1952
f 3268/1755/1952 3265/1752/1953 3267/1754/1953
f 3262/1747/1946 3268/1755/1946 3269/1756/1946
f 3255/1738/2068 3276/1763/2069 3247/1729/2070
f 3270/1757/2048 3238/1717/2048 3247/1729/2048
f 3263/1748/1939 3238/1717/1939 3270/1757/1939
f 3272/1759/2071 3247/1729/2072 3276/1763/2073
f 3259/1744/1987 3270/1757/1987 3272/1759/1987
f 3261/1746/1988 3259/1744/1988 3272/1759/1988
f 3263/1748/1989 3271/1758/1989 3258/1743/1989
f 3262/1747/1990 3271/1758/1990 3260/1745/1990
f 3260/1745/1990 3271/1758/1990 3259/1744/1991
f 3263/1748/1992 3259/1744/1992 3271/1758/1992
f 3264/1750/1993 3268/1755/1993 3261/1746/1993
f 3261/1746/1993 3268/1755/1993 3260/1745/1993
f 3274/1762/2022 3266/1753/2022 3273/1760/2022
f 3269/1756/1938 3267/1754/1938 3273/1760/1938
f 2958/1764/2074 2961/1766/2013 3277/1765/2075
f 3277/1765/2075 2961/1766/2013 3278/1767/2014
f 3279/1768/1931 3281/1770/1931 3280/1769/1931
f 3277/1765/2025 3278/1767/2025 3282/1771/2025
f 2934/1740/2023 3283/1772/2065 2961/1766/2013
f 2961/1766/2013 3283/1772/2065 3278/1767/2014
f 2967/1773/1696 2970/1775/1819 3284/1774/1696
f 3284/1774/1696 2970/1775/1819 3285/1776/2076
f 3286/1777/2028 3277/1765/2028 3282/1771/2028
f 3287/1778/2045 3289/1780/2045 3288/1779/2045
f 3279/1768/1939 3283/1772/1939 3290/1781/1939
f 2934/1740/2023 3257/1741/2014 3283/1772/2065
f 3274/1762/2019 3284/1774/2019 3281/1770/2019
f 3275/1761/2067 2967/1773/1696 3274/1762/1721
f 3274/1762/1721 2967/1773/1696 3284/1774/1696
f 3282/1771/1944 3278/1767/1944 3291/1782/1944
f 3288/1779/1945 3282/1771/1945 3280/1769/1945
f 3286/1777/2029 3282/1771/2029 3289/1780/2029
f 3290/1781/2030 3266/1753/2030 3292/1783/2030
f 3286/1777/2031 3289/1780/2031 3293/1784/2031
f 2970/1775/1819 2980/1785/1825 3285/1776/2076
f 3285/1776/2076 2980/1785/1825 3294/1786/2077
f 3294/1786/2032 3293/1784/2032 3285/1776/2033
f 3285/1776/2033 3293/1784/2032 3287/1778/2078
f 3284/1774/1952 3285/1776/1953 3288/1779/1952
f 3288/1779/1952 3285/1776/1953 3287/1778/1953
f 3282/1771/1946 3288/1779/1946 3289/1780/1946
f 3274/1762/2034 3281/1770/2034 3295/1787/2034
f 3290/1781/2035 3257/1741/2035 3266/1753/2035
f 3283/1772/1939 3257/1741/1939 3290/1781/1939
f 3281/1770/2036 3292/1783/2036 3295/1787/2036
f 3279/1768/1987 3290/1781/1987 3292/1783/1987
f 3281/1770/2011 3279/1768/2011 3292/1783/2011
f 3283/1772/1989 3291/1782/1989 3278/1767/1989
f 3282/1771/1990 3291/1782/1990 3280/1769/1990
f 3280/1769/1990 3291/1782/1990 3279/1768/1991
f 3283/1772/1992 3279/1768/1992 3291/1782/1992
f 3284/1774/1993 3288/1779/1993 3281/1770/1993
f 3281/1770/1993 3288/1779/1993 3280/1769/1994
f 3294/1786/2037 3286/1777/2037 3293/1784/2037
f 3289/1780/2038 3287/1778/2038 3293/1784/2038
f 3274/1762/2039 3295/1787/2039 3266/1753/2039
f 3292/1783/2040 3266/1753/2040 3295/1787/2040
f 2982/1788/2023 2985/1790/2013 3296/1789/2014
f 3296/1789/2014 2985/1790/2013 3297/1791/2014
f 3298/1792/1931 3300/1794/1931 3299/1793/1931
f 3296/1789/2015 3297/1791/2015 3301/1795/2015
f 2958/1764/2074 3302/1796/2026 2985/1790/2013
f 2985/1790/2013 3302/1796/2026 3297/1791/2014
f 2991/1797/1696 2994/1799/1698 3303/1798/1696
f 3303/1798/1696 2994/1799/1698 3304/1800/2043
f 3305/1801/2018 3296/1789/2018 3301/1795/2018
f 3306/1802/1938 3308/1804/1938 3307/1803/1938
f 3298/1792/1939 3302/1796/1939 3309/1805/1939
f 2958/1764/2074 3277/1765/2075 3302/1796/2026
f 3294/1786/2019 3303/1798/2019 3300/1794/2019
f 2980/1785/1825 2991/1797/1696 3294/1786/2077
f 3294/1786/2077 2991/1797/1696 3303/1798/1696
f 3301/1795/1944 3297/1791/1944 3310/1806/1944
f 3307/1803/1945 3301/1795/1945 3299/1793/1945
f 3305/1801/1946 3301/1795/1946 3308/1804/1946
f 3309/1805/2079 3286/1777/2079 3311/1807/2079
f 3305/1801/1938 3308/1804/1938 3312/1808/1938
f 2994/1799/1698 3314/1809/2067 3304/1800/2043
f 3304/1800/2043 3314/1809/2067 3313/1810/1721
f 3313/1810/2020 3312/1808/2020 3304/1800/2020
f 3304/1800/2020 3312/1808/2020 3306/1802/2020
f 3303/1798/1952 3304/1800/1953 3307/1803/1952
f 3307/1803/1952 3304/1800/1953 3306/1802/1953
f 3301/1795/1946 3307/1803/1946 3308/1804/1946
f 3294/1786/2080 3315/1811/2081 3286/1777/2082
f 3309/1805/2048 3277/1765/2048 3286/1777/2048
f 3302/1796/1939 3277/1765/1939 3309/1805/1939
f 3311/1807/2083 3286/1777/2084 3315/1811/2085
f 3298/1792/1987 3309/1805/1987 3311/1807/1987
f 3300/1794/1988 3298/1792/1988 3311/1807/1988
f 3302/1796/1989 3310/1806/1989 3297/1791/1989
f 3301/1795/1990 3310/1806/1990 3299/1793/1990
f 3299/1793/1990 3310/1806/1990 3298/1792/1990
f 3302/1796/1992 3298/1792/1992 3310/1806/1992
f 3303/1798/1993 3307/1803/1993 3300/1794/1993
f 3300/1794/1993 3307/1803/1993 3299/1793/1994
f 3313/1810/2022 3305/1801/2022 3312/1808/2022
f 3308/1804/1938 3306/1802/1938 3312/1808/1938
f 3006/1812/2074 3009/1814/2014 3316/1813/2075
f 3316/1813/2075 3009/1814/2014 3317/1815/2014
f 3318/1816/1931 3320/1818/1931 3319/1817/1931
f 3316/1813/2052 3317/1815/2052 3321/1819/2052
f 2982/1788/2023 3322/1820/2053 3009/1814/2014
f 3009/1814/2014 3322/1820/2053 3317/1815/2014
f 3015/1821/1696 3018/1823/1698 3323/1822/1696
f 3323/1822/1696 3018/1823/1698 3324/1824/2086
f 3325/1825/2087 3316/1813/2087 3321/1819/2087
f 3326/1826/2045 3328/1828/2045 3327/1827/2045
f 3318/1816/1939 3322/1820/1939 3329/1829/1939
f 2982/1788/2023 3296/1789/2014 3322/1820/2053
f 3313/1810/2019 3323/1822/2019 3320/1818/2019
f 3314/1809/2067 3015/1821/1696 3313/1810/1721
f 3313/1810/1721 3015/1821/1696 3323/1822/1696
f 3321/1819/1944 3317/1815/1944 3330/1830/1944
f 3327/1827/1945 3321/1819/1945 3319/1817/1945
f 3325/1825/2088 3321/1819/2088 3328/1828/2088
f 3329/1829/2030 3305/1801/2030 3331/1831/2030
f 3325/1825/2089 3328/1828/2089 3332/1832/2089
f 3018/1823/1698 3334/1833/2090 3324/1824/2086
f 3324/1824/2086 3334/1833/2090 3333/1834/1721
f 3333/1834/2091 3332/1832/2091 3324/1824/2092
f 3324/1824/2092 3332/1832/2091 3326/1826/2092
f 3323/1822/1952 3324/1824/1953 3327/1827/1952
f 3327/1827/1952 3324/1824/1953 3326/1826/1953
f 3321/1819/1946 3327/1827/1946 3328/1828/1946
f 3313/1810/2034 3320/1818/2034 3335/1835/2034
f 3329/1829/2035 3296/1789/2035 3305/1801/2035
f 3322/1820/1939 3296/1789/1939 3329/1829/1939
f 3320/1818/2036 3331/1831/2036 3335/1835/2036
f 3318/1816/1987 3329/1829/1987 3331/1831/1987
f 3320/1818/2011 3318/1816/2011 3331/1831/2011
f 3322/1820/1989 3330/1830/1989 3317/1815/1989
f 3321/1819/1990 3330/1830/1990 3319/1817/1990
f 3319/1817/1990 3330/1830/1990 3318/1816/1991
f 3322/1820/1992 3318/1816/1992 3330/1830/1992
f 3323/1822/1993 3327/1827/1993 3320/1818/1993
f 3320/1818/1993 3327/1827/1993 3319/1817/1994
f 3333/1834/2093 3325/1825/2093 3332/1832/2093
f 3328/1828/2094 3326/1826/2094 3332/1832/2094
f 3313/1810/2039 3335/1835/2039 3305/1801/2039
f 3331/1831/2040 3305/1801/2040 3335/1835/2040
f 3030/1836/2023 3033/1838/2013 3336/1837/2014
f 3336/1837/2014 3033/1838/2013 3337/1839/2014
f 3338/1840/2024 3340/1842/2024 3339/1841/2024
f 3336/1837/2015 3337/1839/2015 3341/1843/2015
f 3006/1812/2074 3342/1844/2095 3033/1838/2013
f 3033/1838/2013 3342/1844/2095 3337/1839/2014
f 3039/1845/1696 3042/1847/1698 3343/1846/1696
f 3343/1846/1696 3042/1847/1698 3344/1848/2043
f 3345/1849/2018 3336/1837/2018 3341/1843/2018
f 3346/1850/1938 3348/1852/1938 3347/1851/1938
f 3338/1840/1939 3342/1844/1939 3349/1853/1939
f 3006/1812/2074 3316/1813/2075 3342/1844/2095
f 3333/1834/2019 3343/1846/2019 3340/1842/2019
f 3334/1833/2090 3039/1845/1696 3333/1834/1721
f 3333/1834/1721 3039/1845/1696 3343/1846/1696
f 3341/1843/1944 3337/1839/1944 3350/1854/1944
f 3347/1851/1945 3341/1843/1945 3339/1841/1945
f 3345/1849/1946 3341/1843/1946 3348/1852/1946
f 3349/1853/2079 3325/1825/2079 3351/1855/2079
f 3345/1849/1938 3348/1852/1938 3352/1856/1938
f 3042/1847/1698 3354/1857/2067 3344/1848/2043
f 3344/1848/2043 3354/1857/2067 3353/1858/1721
f 3353/1858/2020 3352/1856/2020 3344/1848/2020
f 3344/1848/2020 3352/1856/2020 3346/1850/2020
f 3343/1846/1952 3344/1848/1953 3347/1851/1952
f 3347/1851/1952 3344/1848/1953 3346/1850/1953
f 3341/1843/1946 3347/1851/1946 3348/1852/1946
f 3333/1834/2096 3355/1859/2096 3325/1825/2096
f 3349/1853/2048 3316/1813/2048 3325/1825/2048
f 3342/1844/1939 3316/1813/1939 3349/1853/1939
f 3351/1855/2097 3325/1825/2097 3355/1859/2097
f 3338/1840/1987 3349/1853/1987 3351/1855/1987
f 3340/1842/1988 3338/1840/1988 3351/1855/1988
f 3342/1844/1989 3350/1854/1989 3337/1839/1989
f 3341/1843/1990 3350/1854/1990 3339/1841/1990
f 3339/1841/1990 3350/1854/1990 3338/1840/1991
f 3342/1844/1992 3338/1840/1992 3350/1854/1992
f 3343/1846/1993 3347/1851/1993 3340/1842/1993
f 3340/1842/1993 3347/1851/1993 3339/1841/1994
f 3353/1858/2022 3345/1849/2022 3352/1856/2022
f 3348/1852/1938 3346/1850/1938 3352/1856/1938
f 3054/1860/2023 3057/1862/2013 3356/1861/2014
f 3356/1861/2014 3057/1862/2013 3357/1863/2014
f 3358/1864/2024 3360/1866/2024 3359/1865/2024
f 3356/1861/2025 3357/1863/2025 3361/1867/2025
f 3030/1836/2023 3362/1868/2053 3057/1862/2013
f 3057/1862/2013 3362/1868/2053 3357/1863/2014
f 3063/1869/1696 3066/1871/1788 3363/1870/1696
f 3363/1870/1696 3066/1871/1788 3364/1872/2098
f 3365/1873/2028 3356/1861/2028 3361/1867/2028
f 3366/1874/1938 3368/1876/1938 3367/1875/1938
f 3358/1864/1939 3362/1868/1939 3369/1877/1939
f 3030/1836/2023 3336/1837/2014 3362/1868/2053
f 3353/1858/2019 3363/1870/2019 3360/1866/2019
f 3354/1857/2067 3063/1869/1696 3353/1858/1721
f 3353/1858/1721 3063/1869/1696 3363/1870/1696
f 3361/1867/1944 3357/1863/1944 3370/1878/1944
f 3367/1875/1945 3361/1867/1945 3359/1865/1945
f 3365/1873/2029 3361/1867/2029 3368/1876/2029
f 3369/1877/2030 3345/1849/2030 3371/1879/2030
f 3365/1873/2031 3368/1876/2031 3372/1880/2031
f 3066/1871/1788 3374/1881/2099 3364/1872/2098
f 3364/1872/2098 3374/1881/2099 3373/1882/2077
f 3373/1882/2032 3372/1880/2033 3364/1872/2033
f 3364/1872/2033 3372/1880/2033 3366/1874/2032
f 3363/1870/1952 3364/1872/1953 3367/1875/1952
f 3367/1875/1952 3364/1872/1953 3366/1874/1953
f 3361/1867/1946 3367/1875/1946 3368/1876/1946
f 3353/1858/2034 3360/1866/2034 3375/1883/2034
f 3369/1877/2035 3336/1837/2035 3345/1849/2035
f 3362/1868/1939 3336/1837/1939 3369/1877/1939
f 3360/1866/2036 3371/1879/2036 3375/1883/2036
f 3358/1864/1987 3369/1877/1987 3371/1879/1987
f 3360/1866/2011 3358/1864/2011 3371/1879/2011
f 3362/1868/1989 3370/1878/1989 3357/1863/1989
f 3361/1867/1990 3370/1878/1990 3359/1865/1990
f 3359/1865/1990 3370/1878/1990 3358/1864/1990
f 3362/1868/1992 3358/1864/1992 3370/1878/1992
f 3363/1870/1993 3367/1875/1993 3360/1866/1993
f 3360/1866/1993 3367/1875/1993 3359/1865/1993
f 3373/1882/2037 3365/1873/2037 3372/1880/2037
f 3368/1876/2038 3366/1874/2038 3372/1880/2038
f 3353/1858/2039 3375/1883/2039 3345/1849/2039
f 3371/1879/2040 3345/1849/2040 3375/1883/2040
f 3078/1884/2050 3081/1886/2051 3376/1885/2014
f 3376/1885/2014 3081/1886/2051 3377/1887/2014
f 3378/1888/1931 3380/1890/1931 3379/1889/1931
f 3376/1885/2015 3377/1887/2015 3381/1891/2015
f 3054/1860/2023 3382/1892/2026 3081/1886/2051
f 3081/1886/2051 3382/1892/2026 3377/1887/2014
f 3087/1893/1696 3090/1895/1698 3383/1894/1696
f 3383/1894/1696 3090/1895/1698 3384/1896/2017
f 3385/1897/2018 3376/1885/2018 3381/1891/2018
f 3386/1898/1938 3388/1900/1938 3387/1899/1938
f 3378/1888/1939 3382/1892/1939 3389/1901/1939
f 3054/1860/2023 3356/1861/2014 3382/1892/2026
f 3373/1882/2019 3383/1894/2019 3380/1890/2019
f 3374/1881/2099 3087/1893/1696 3373/1882/2077
f 3373/1882/2077 3087/1893/1696 3383/1894/1696
f 3381/1891/1944 3377/1887/1944 3390/1902/1944
f 3387/1899/1945 3381/1891/1945 3379/1889/1945
f 3385/1897/1946 3381/1891/1946 3388/1900/1946
f 3389/1901/2005 3365/1873/2005 3391/1903/2005
f 3385/1897/1938 3388/1900/1938 3392/1904/1938
f 3090/1895/1698 3394/1905/2067 3384/1896/2017
f 3384/1896/2017 3394/1905/2067 3393/1906/1721
f 3393/1906/2020 3392/1904/2021 3384/1896/2020
f 3384/1896/2020 3392/1904/2021 3386/1898/2020
f 3383/1894/1952 3384/1896/1953 3387/1899/1952
f 3387/1899/1952 3384/1896/1953 3386/1898/1953
f 3381/1891/1946 3387/1899/1946 3388/1900/1946
f 3373/1882/2047 3395/1907/2047 3365/1873/2047
f 3389/1901/2048 3356/1861/2048 3365/1873/2048
f 3382/1892/1939 3356/1861/1939 3389/1901/1939
f 3391/1903/2049 3365/1873/2049 3395/1907/2049
f 3378/1888/1987 3389/1901/1987 3391/1903/1987
f 3380/1890/1988 3378/1888/1988 3391/1903/1988
f 3382/1892/1989 3390/1902/1989 3377/1887/1989
f 3381/1891/1990 3390/1902/1990 3379/1889/1990
f 3379/1889/1990 3390/1902/1990 3378/1888/1991
f 3382/1892/1992 3378/1888/1992 3390/1902/1992
f 3383/1894/1993 3387/1899/1993 3380/1890/1993
f 3380/1890/1993 3387/1899/1993 3379/1889/1994
f 3393/1906/2022 3385/1897/2022 3392/1904/2022
f 3388/1900/1938 3386/1898/1938 3392/1904/1938
f 2826/1632/1998 3103/1908/2100 3178/1641/2002
f 3178/1641/2002 3103/1908/2100 3396/1909/2101
f 3397/1910/1931 3399/1912/1931 3398/1911/1931
f 3178/1641/1933 3396/1909/1933 3400/1913/1933
f 3078/1884/2050 3401/1914/2065 3103/1908/2100
f 3103/1908/2100 3401/1914/2065 3396/1909/2101
f 3109/1915/1696 3112/1917/1696 3402/1916/1696
f 3402/1916/1696 3112/1917/1696 3403/1918/1696
f 3182/1646/2102 3178/1641/2102 3400/1913/2102
f 3404/1919/1938 3406/1921/1938 3405/1920/1938
f 3397/1910/1939 3401/1914/1939 3407/1922/1939
f 3078/1884/2050 3376/1885/2014 3401/1914/2065
f 3393/1906/2019 3402/1916/2019 3399/1912/2019
f 3394/1905/2067 3109/1915/1696 3393/1906/1721
f 3393/1906/1721 3109/1915/1696 3402/1916/1696
f 3400/1913/1944 3396/1909/1944 3408/1923/1944
f 3405/1920/1945 3400/1913/1945 3398/1911/1945
f 3182/1646/2103 3400/1913/2103 3406/1921/2103
f 3407/1922/2030 3385/1897/2030 3409/1924/2030
f 3182/1646/2104 3406/1921/2104 3410/1925/2104
f 3112/1917/1696 2837/1643/1793 3403/1918/1696
f 3403/1918/1696 2837/1643/1793 3179/1642/2004
f 3403/1918/1950 3179/1642/1950 3404/1919/1950
f 3404/1919/1950 3179/1642/1950 3410/1925/2105
f 3402/1916/1952 3403/1918/1953 3405/1920/1952
f 3405/1920/1952 3403/1918/1953 3404/1919/1953
f 3400/1913/1946 3405/1920/1946 3406/1921/1946
f 3393/1906/2034 3399/1912/2034 3411/1926/2034
f 3407/1922/2035 3376/1885/2035 3385/1897/2035
f 3401/1914/1939 3376/1885/1939 3407/1922/1939
f 3399/1912/2036 3409/1924/2036 3411/1926/2036
f 3397/1910/1987 3407/1922/1987 3409/1924/1987
f 3399/1912/1988 3397/1910/1988 3409/1924/1988
f 3401/1914/1989 3408/1923/1989 3396/1909/1989
f 3400/1913/1990 3408/1923/1990 3398/1911/1990
f 3398/1911/1990 3408/1923/1990 3397/1910/1990
f 3401/1914/1992 3397/1910/1992 3408/1923/1992
f 3402/1916/1993 3405/1920/1993 3399/1912/1993
f 3399/1912/1993 3405/1920/1993 3398/1911/1993
f 3179/1642/2106 3182/1646/2106 3410/1925/2106
f 3406/1921/1938 3404/1919/1938 3410/1925/1938
f 3393/1906/2039 3411/1926/2039 3385/1897/2039
f 3409/1924/2040 3385/1897/2040 3411/1926/2040
f 3380/1890/2061 3391/1903/2061 3395/1907/2061
f 3373/1882/2107 3380/1890/2107 3395/1907/2107
f 3340/1842/2063 3351/1855/2063 3355/1859/2063
f 3333/1834/2064 3340/1842/2064 3355/1859/2064
f 3261/1746/2108 3272/1759/2071 3276/1763/2073
f 3255/1738/2068 3261/1746/2109 3276/1763/2069
f 3300/1794/2110 3311/1807/2083 3315/1811/2085
f 3294/1786/2080 3300/1794/2111 3315/1811/2081
f 3146/1601/2112 3159/1618/1984 3165/1624/1986
f 3157/1615/1979 3146/1601/2113 3165/1624/1980
f 3413/1531/2114 3412/1555/2115 3427/1555/2116
f 3426/1556/2117 3427/1555/2116 3414/1556/2118
f 3425/1557/2119 3426/1556/2117 3417/1557/2120
f 3424/1558/2121 3425/1557/2119 3418/1558/2122
f 3415/1552/2123 3424/1558/2121 3416/1553/2124
f 3423/1558/2125 3424/1558/2121 3421/1553/2126
f 3422/1557/2127 3425/1557/2119 3423/1558/2125
f 3420/1556/2128 3426/1556/2117 3422/1557/2127
f 3419/1555/2115 3427/1555/2116 3420/1556/2128
f 3413/1531/2114 3427/1555/2116 3419/1555/2115
f 3414/1556/2118 3427/1555/2116 3412/1555/2115
f 3417/1557/2120 3426/1556/2117 3414/1556/2118
f 3418/1558/2122 3425/1557/2119 3417/1557/2120
f 3416/1553/2124 3424/1558/2121 3418/1558/2122
f 3420/1556/2128 3427/1555/2116 3426/1556/2117
f 3422/1557/2127 3426/1556/2117 3425/1557/2119
f 3423/1558/2125 3425/1557/2119 3424/1558/2121
f 3421/1553/2126 3424/1558/2121 3415/1552/2123
o sheath
v -297.660492 -17.250669 2.265601
v -297.974304 -10.825670 3.566902
v -297.974304 -10.825670 0.000001
v -297.660492 -17.250669 0.000001
v -298.286713 -4.636218 2.265600
v -298.286713 -4.636218 0.000000
v -34.723881 0.695798 2.265600
v -34.723881 0.695798 -0.000000
v -35.037640 7.120802 -0.000001
v -35.037640 7.120802 3.566900
v -35.350079 13.310250 -0.000001
v -35.350079 13.310250 2.265599
v -297.660492 -17.250669 -2.265599
v -297.974304 -10.825670 -3.566900
v -298.286713 -4.636218 -2.265600
v -34.723881 0.695798 -2.265600
v -35.037640 7.120801 -3.566901
v -35.350079 13.310250 -2.265601
vn -0.9988 -0.0490 -0.0000
vn -0.9988 -0.0488 -0.0000
vn -0.9987 -0.0504 -0.0000
vn 0.9988 0.0488 -0.0000
vn 0.9988 0.0496 -0.0000
vn 0.9987 0.0504 -0.0000
vn 0.0681 -0.9977 -0.0000
vn 0.0135 -0.1979 0.9801
vn -0.0681 0.9977 -0.0000
vn -0.0140 0.2051 0.9787
vn -0.9988 -0.0491 -0.0000
vn 0.0135 -0.1979 -0.9801
vn -0.0140 0.2051 -0.9787
vt 0.043122 0.736838
vt 0.043122 0.744739
vt 0.025487 0.736838
vt 0.025487 0.744739
vt 0.060097 0.736838
vt 0.060097 0.744739
vt 0.025487 0.014871
vt 0.043122 0.014871
vt 0.025487 0.022773
vt 0.043122 0.022773
vt 0.060097 0.022773
vt 0.060097 0.014871
vt 0.025462 0.020869
vt 0.025462 0.739607
vt 0.019283 0.020869
vt 0.019283 0.739607
vt 0.066505 0.019916
vt 0.066505 0.738849
vt 0.060325 0.019916
vt 0.060325 0.738849
s 1
usemtl initialShadingGroup
f 3429/1927/2129 3430/1928/2129 3428/1929/2130
f 3428/1929/2130 3430/1928/2129 3431/1930/2130
f 3429/1927/2129 3432/1931/2131 3430/1928/2129
f 3430/1928/2129 3432/1931/2131 3433/1932/2131
f 3435/1933/2132 3436/1934/2133 3434/1935/2132
f 3434/1935/2132 3436/1934/2133 3437/1936/2133
f 3437/1936/2133 3436/1934/2133 3439/1937/2134
f 3439/1937/2134 3436/1934/2133 3438/1938/2134
f 3434/1939/2135 3428/1940/2135 3435/1941/2135
f 3435/1941/2135 3428/1940/2135 3431/1942/2135
f 3437/1936/2136 3429/1927/2136 3434/1935/2136
f 3434/1935/2136 3429/1927/2136 3428/1929/2136
f 3438/1943/2137 3433/1944/2137 3439/1945/2137
f 3439/1945/2137 3433/1944/2137 3432/1946/2137
f 3439/1937/2138 3432/1931/2138 3437/1936/2138
f 3437/1936/2138 3432/1931/2138 3429/1927/2138
f 3431/1930/2130 3430/1928/2129 3440/1929/2130
f 3440/1929/2130 3430/1928/2129 3441/1927/2139
f 3441/1927/2139 3430/1928/2129 3442/1931/2131
f 3442/1931/2131 3430/1928/2129 3433/1932/2131
f 3444/1936/2133 3436/1934/2133 3443/1935/2132
f 3443/1935/2132 3436/1934/2133 3435/1933/2132
f 3444/1936/2133 3445/1937/2134 3436/1934/2133
f 3436/1934/2133 3445/1937/2134 3438/1938/2134
f 3443/1939/2135 3435/1941/2135 3440/1940/2135
f 3440/1940/2135 3435/1941/2135 3431/1942/2135
f 3444/1936/2140 3443/1935/2140 3441/1927/2140
f 3441/1927/2140 3443/1935/2140 3440/1929/2140
f 3438/1943/2137 3445/1945/2137 3433/1944/2137
f 3433/1944/2137 3445/1945/2137 3442/1946/2137
f 3445/1937/2141 3444/1936/2141 3442/1931/2141
f 3442/1931/2141 3444/1936/2141 3441/1927/2141
o item_blade
v -60.338207 -71.083862 15.277828
v -63.490444 -68.032501 15.850669
v -63.480053 -68.148994 13.774541
v -60.331608 -71.157852 13.959126
v 63.096519 56.732559 8.723751
v 63.103119 56.658566 7.405049
v 59.954689 59.667465 7.220462
v 63.109718 56.584572 6.086348
v -60.325008 -71.231842 12.640425
v -63.469662 -68.265488 11.698413
v -66.511543 -65.329002 12.278252
v 59.965080 59.550972 5.144334
v 56.923183 62.487434 5.724174
v -66.518143 -65.255013 13.596953
v 56.916584 62.561428 7.042875
v 56.909985 62.635422 8.361576
v -66.524742 -65.181023 14.915655
v 59.944298 59.783958 9.296590
v 61.264179 -70.216438 12.231483
v 60.084919 -73.016205 11.902718
v 58.613289 -67.485268 12.231483
v 60.852390 -68.551056 12.362325
v 62.315636 -67.976379 12.227407
v 63.629715 -67.976929 12.444386
v 64.809471 -68.968781 12.231483
v 67.622559 -67.978767 12.231484
v 64.701782 -71.814880 11.902718
v 70.011353 -70.433350 11.902719
v 64.809479 -68.968781 11.573952
v 67.622566 -67.978760 11.573953
v 67.622543 -67.978767 11.902718
v 65.705513 -66.011192 11.578810
v 63.629707 -67.976921 11.361050
v 65.745598 -66.052330 11.902719
v 65.705505 -66.011192 12.226626
v 64.476547 -64.749825 11.902718
v 62.890305 -63.121761 11.585943
v 64.469604 -64.742722 11.581941
v 62.890305 -63.121761 12.219492
v 62.854855 -63.085377 11.902719
v 64.469604 -64.742722 12.223495
v 64.099930 -65.426254 12.371415
v 62.964184 -65.338013 12.221855
v 63.522057 -64.670868 12.340584
v 62.397335 -66.538910 12.341459
v 60.880821 -67.513184 12.228793
v 63.741936 -66.088356 12.224273
v 61.018925 -66.153404 12.541895
v 61.805275 -64.804413 12.270609
v 60.524975 -64.214890 12.528790
v 57.057968 -65.882828 12.231483
v 59.528233 -63.962284 12.224108
v 61.703400 -61.903584 12.216485
v 59.486973 -65.479729 12.421724
v 58.668789 -66.361168 12.547974
v 61.668339 -61.867619 11.902718
v 61.071297 -61.254826 12.214884
v 60.385433 -61.909252 12.383662
v 59.946163 -62.961315 12.301899
v 59.341759 -62.905102 12.220985
v 59.047050 -61.234234 12.216049
v 57.965977 -63.287083 12.463942
v 55.801502 -62.575916 12.572527
v 55.312115 -64.084068 12.231483
v 57.978992 -62.146488 12.365179
v 56.161171 -61.467617 12.413462
v 57.996510 -60.609867 12.327994
v 57.465466 -57.579361 12.216485
v 59.750210 -59.898952 12.211536
v 56.321590 -60.467930 12.633138
v 57.040539 -59.224255 12.274282
v 55.290291 -59.638027 12.224107
v 53.727993 -58.962795 12.463940
v 55.103825 -58.580845 12.220984
v 55.708248 -58.637074 12.301899
v 54.458950 -61.500675 12.320324
v 52.819981 -61.558529 12.231483
v 53.829899 -62.556957 12.231483
v 51.258438 -64.038200 11.902717
v 48.712322 -61.455799 11.902718
v 51.074173 -59.759846 12.231483
v 49.591961 -58.232716 12.231483
v 51.563572 -58.251652 12.572526
v 51.923187 -57.143314 12.413462
v 53.741005 -57.822212 12.365179
v 53.758575 -56.285641 12.327993
v 54.809116 -56.909985 12.216050
v 56.833355 -56.930603 12.214884
v 56.147495 -57.585018 12.383661
v 55.512287 -55.574711 12.211536
v 55.477730 -55.539227 11.902718
v 56.798424 -56.894741 11.902718
v 53.062061 -53.086285 12.216484
v 53.026962 -53.050251 11.902718
v 51.871635 -55.049740 12.216095
v 52.429955 -52.437515 12.214884
v 51.744102 -53.091957 12.383661
v 51.304806 -54.143944 12.301899
v 50.700378 -54.087719 12.220984
v 50.405674 -52.416859 12.216049
v 49.324589 -54.469746 12.463940
v 46.670765 -55.266769 12.231483
v 49.337605 -53.329132 12.365178
v 48.416599 -57.065468 12.231483
v 47.160130 -53.758533 12.572526
v 47.519787 -52.650238 12.413462
v 45.188534 -53.739601 12.231483
v 42.856560 -55.489735 11.902717
v 44.308926 -56.962738 11.902717
v 44.193905 -52.714844 12.231483
v 45.817570 -52.683296 12.320323
v 46.642990 -50.814625 12.224106
v 47.680256 -51.650600 12.633137
v 48.748169 -50.282253 12.274399
v 49.355125 -51.792519 12.327993
v 51.108849 -51.081596 12.211536
v 49.410130 -49.338097 12.207232
v 48.186066 -48.107193 12.214883
v 47.060928 -49.813671 12.301898
v 49.372761 -49.299732 11.909268
v 51.074310 -51.046120 11.902718
v 52.395027 -52.401657 11.902718
v 51.108845 -51.081596 11.593899
v 49.372765 -49.299732 11.896166
v 49.410133 -49.338093 11.598203
v 48.186062 -48.107193 11.590551
v 47.060932 -49.813663 11.503535
v 46.642998 -50.814625 11.581328
v 49.355118 -51.792515 11.477442
v 48.748169 -50.282253 11.531036
v 47.680252 -51.650604 11.172297
v 47.519791 -52.650238 11.391973
v 45.817570 -52.683296 11.485111
v 44.193909 -52.714848 11.573951
v 45.188538 -53.739605 11.573951
v 46.670769 -55.266773 11.573952
v 47.160126 -53.758537 11.232908
v 49.337608 -53.329132 11.440256
v 49.324589 -54.469746 11.341495
v 51.871639 -55.049740 11.589340
v 48.416603 -57.065468 11.573952
v 50.405678 -52.416862 11.589385
v 50.700378 -54.087719 11.584451
v 51.744099 -53.091957 11.421774
v 51.304806 -54.143944 11.503536
v 53.062057 -53.086285 11.588950
v 53.758568 -56.285637 11.477442
v 52.429955 -52.437515 11.590551
v 55.512283 -55.574715 11.593899
v 56.833351 -56.930599 11.590551
v 54.809113 -56.909988 11.589385
v 56.147491 -57.585022 11.421774
v 55.103825 -58.580845 11.584450
v 53.741001 -57.822205 11.440256
v 53.727993 -58.962795 11.341495
v 51.074173 -59.759846 11.573952
v 55.290291 -59.638035 11.581328
v 51.563568 -58.251659 11.232908
v 52.819984 -61.558529 11.573952
v 54.458946 -61.500675 11.485111
v 53.829895 -62.556965 11.573952
v 56.161171 -61.467609 11.391973
v 52.950314 -65.780106 11.902718
v 55.312119 -64.084084 11.573952
v 55.801498 -62.575924 11.232908
v 57.978989 -62.146481 11.440256
v 57.965984 -63.287083 11.341495
v 59.528225 -63.962276 11.581329
v 57.057968 -65.882828 11.573952
v 59.047047 -61.234234 11.589386
v 59.341763 -62.905094 11.584452
v 60.385429 -61.909260 11.421774
v 59.946159 -62.961315 11.503536
v 61.703396 -61.903591 11.588951
v 61.071304 -61.254826 11.590551
v 60.524982 -64.214890 11.276646
v 61.018913 -66.153397 11.263542
v 61.805275 -64.804405 11.534828
v 59.486969 -65.479729 11.383711
v 58.668785 -66.361176 11.257462
v 58.613293 -67.485275 11.573952
v 60.880829 -67.513184 11.576642
v 62.964191 -65.338020 11.583581
v 62.397339 -66.538910 11.463977
v 62.315632 -67.976379 11.578030
v 60.852398 -68.551064 11.443111
v 61.264179 -70.216446 11.573952
v 64.350540 -66.675529 11.579271
v 63.741936 -66.088348 11.581163
v 65.017212 -66.348686 11.579044
v 64.099937 -65.426247 11.434021
v 63.522064 -64.670868 11.464853
v 55.496380 -68.362434 11.902718
v 59.750206 -59.898960 11.593899
v 61.036404 -61.219051 11.902718
v 59.715679 -59.863499 11.902718
v 57.430389 -57.543381 11.902718
v 57.465462 -57.579361 11.588951
v 57.996506 -60.609859 11.477442
v 57.040543 -59.224255 11.531154
v 55.708252 -58.637074 11.503536
v 56.321590 -60.467930 11.172297
v 51.923191 -57.143311 11.391973
v 49.591965 -58.232723 11.573952
v 47.260002 -59.982838 11.902718
v 50.221001 -57.176414 11.485111
v 52.083633 -56.143673 11.172297
v 40.065044 -52.632416 11.902717
v 42.426880 -50.936432 11.573951
v 45.080696 -50.139404 11.341494
v 42.916275 -49.428257 11.232908
v 46.161777 -48.086552 11.589385
v 46.456535 -49.757431 11.584450
v 45.093719 -48.998795 11.440256
v 43.275902 -48.319923 11.391973
v 45.111233 -47.462177 11.477441
v 46.864971 -46.751312 11.593898
v 43.436344 -47.320278 11.172297
v 44.723000 -46.097569 11.541355
v 45.166241 -45.007755 11.598202
v 43.821079 -43.653297 11.590550
v 43.750595 -44.784168 11.503536
v 45.128895 -44.969448 11.896166
v 43.224335 -46.226357 11.589339
v 46.830433 -46.715855 11.902718
v 48.151127 -48.071327 11.902717
v 46.864971 -46.751312 12.211536
v 45.166245 -45.007763 12.207232
v 45.128891 -44.969448 11.909267
v 43.821087 -43.653294 12.214883
v 43.786179 -43.617504 11.902717
v 42.465469 -42.261959 11.902717
v 42.500000 -42.297405 12.211536
v 42.500000 -42.297405 11.593898
v 40.746273 -43.008366 11.477441
v 40.801258 -40.553890 11.598203
v 41.796825 -43.632713 11.589385
v 43.135208 -44.307732 11.421773
v 42.091553 -45.303562 11.584450
v 40.728786 -44.544949 11.440256
v 40.715767 -45.685566 11.341494
v 39.950066 -48.384563 11.573951
v 38.061905 -46.482552 11.573951
v 38.551277 -44.974392 11.232908
v 38.910950 -43.866077 11.391973
v 36.579689 -44.955441 11.573951
v 34.247738 -46.705551 11.902717
v 35.700058 -48.178535 11.902717
v 35.585068 -43.930683 11.573951
v 37.208714 -43.899143 11.485111
v 39.071358 -42.866379 11.172297
v 38.034122 -42.030399 11.581327
v 36.471851 -41.355240 11.341494
v 37.847637 -40.973240 11.584450
v 38.452065 -41.029449 11.503535
v 40.139290 -41.498028 11.531035
v 39.577229 -39.323025 11.590550
v 38.891373 -39.977444 11.421772
v 37.552944 -39.302383 11.589384
v 36.502377 -38.678028 11.477441
v 38.256111 -37.967087 11.593898
v 36.484879 -40.214642 11.440255
v 34.667057 -39.535748 11.391973
v 34.307400 -40.644062 11.232907
v 32.335793 -40.625114 11.573951
v 33.818043 -42.152271 11.573951
v 31.456202 -43.848248 11.902717
v 30.003824 -42.375229 11.902716
v 35.585068 -43.930679 12.231483
v 33.818039 -42.152267 12.231483
v 32.335789 -40.625114 12.231483
v 32.964832 -39.568798 12.320322
v 34.307404 -40.644058 12.572525
v 31.341169 -39.600357 12.231483
v 34.667053 -39.535744 12.413461
v 36.502388 -38.678032 12.327993
v 36.484882 -40.214645 12.365177
v 34.827515 -38.536102 12.633137
v 36.071106 -37.157791 12.267306
v 34.615509 -37.442173 12.216093
v 31.939264 -36.730328 12.463940
v 33.315048 -36.348320 12.220984
v 34.892204 -35.990883 12.301897
v 36.557400 -36.223614 12.207231
v 35.044590 -34.698063 12.214882
v 36.520023 -36.185234 11.909267
v 38.256111 -37.967083 12.211535
v 38.221558 -37.931629 11.902717
v 39.542286 -39.287167 11.902717
v 36.520031 -36.185230 11.896166
v 36.557396 -36.223610 11.598203
v 35.044586 -34.698055 11.590550
v 34.892208 -35.990879 11.503535
v 34.615509 -37.442173 11.589339
v 36.071106 -37.157791 11.538127
v 34.827511 -38.536098 11.172297
v 32.964828 -39.568802 11.485110
v 31.341171 -39.600357 11.573951
v 29.285404 -37.527309 11.573950
v 31.939262 -36.730324 11.341493
v 26.923559 -39.223293 11.902716
v 25.471233 -37.750317 11.902716
v 29.285400 -37.527309 12.231482
v 27.803186 -36.000206 12.231482
v 27.803190 -36.000206 11.573950
v 30.134436 -34.910843 11.391973
v 26.808575 -34.975452 11.573950
v 28.432228 -34.943905 11.485110
v 29.774799 -36.019154 11.232907
v 31.952278 -35.589722 11.440255
v 31.969790 -34.053112 11.477440
v 33.020344 -34.677460 11.589384
v 34.358719 -35.352497 11.421772
v 33.315048 -36.348320 11.584450
v 33.723507 -33.342178 11.593898
v 33.688969 -33.306709 11.902717
v 35.009659 -34.662205 11.902716
v 32.024750 -31.598640 11.598202
v 30.800730 -30.367783 11.590550
v 29.675566 -32.074203 11.503535
v 31.987431 -31.560326 11.896166
v 29.257627 -33.075169 11.581327
v 31.362799 -32.542786 11.531034
v 30.294874 -33.911140 11.172297
v 27.695364 -32.400009 11.341493
v 29.071154 -32.017994 11.584449
v 30.114855 -31.022221 11.421772
v 28.776449 -30.347137 11.589384
v 27.725882 -29.722775 11.477440
v 29.479610 -29.011860 11.593897
v 27.708387 -31.259396 11.440255
v 25.890568 -30.580513 11.391973
v 25.530901 -31.688820 11.232907
v 23.559296 -31.669872 11.573950
v 25.041533 -33.197041 11.573950
v 22.679701 -34.893013 11.902716
v 21.227327 -33.419991 11.902716
v 26.808573 -34.975452 12.231482
v 25.041529 -33.197037 12.231482
v 23.559294 -31.669872 12.231482
v 24.188334 -30.613575 12.320322
v 25.530905 -31.688824 12.572525
v 22.564680 -30.645119 12.231482
v 25.890566 -30.580509 12.413460
v 27.725887 -29.722778 12.327992
v 27.708385 -31.259399 12.365177
v 26.051010 -29.580868 12.633136
v 27.335211 -28.208385 12.263282
v 25.839006 -28.486935 12.216093
v 23.330418 -27.946163 12.463939
v 24.706207 -27.564156 12.220983
v 26.365273 -27.044762 12.301897
v 27.780914 -27.268364 12.207230
v 26.435738 -25.913898 12.214882
v 27.741928 -27.228363 11.902716
v 29.479612 -29.011856 12.211535
v 29.445068 -28.976395 11.902716
v 30.765806 -30.331924 11.902717
v 27.780914 -27.268364 11.598202
v 26.435732 -25.913902 11.590550
v 26.365276 -27.044762 11.503535
v 25.839006 -28.486938 11.589339
v 27.335211 -28.208382 11.542150
v 26.051008 -29.580872 11.172297
v 24.188334 -30.613575 11.485109
v 22.564684 -30.645119 11.573950
v 20.676559 -28.743141 11.573950
v 23.330418 -27.946167 11.341493
v 18.314730 -30.439121 11.902716
v 16.862389 -28.966152 11.902716
v 20.676559 -28.743141 12.231482
v 19.194359 -27.216042 12.231482
v 19.194357 -27.216042 11.573950
v 21.525576 -26.126629 11.391972
v 18.199730 -26.191292 11.573950
v 19.823391 -26.159729 11.485109
v 21.165947 -27.234978 11.232906
v 23.343422 -26.805580 11.440255
v 23.360949 -25.268948 11.477440
v 24.411497 -25.893314 11.589384
v 25.114674 -24.558010 11.593897
v 25.749874 -26.568329 11.421772
v 24.706205 -27.564159 11.584449
v 25.080122 -24.522556 11.902716
v 26.400816 -25.878059 11.902716
v 23.415913 -22.814484 11.598202
v 22.191853 -21.583576 11.590549
v 21.066721 -23.290051 11.503534
v 23.378576 -22.776154 11.896165
v 20.648781 -24.291012 11.581326
v 22.753962 -23.758617 11.531034
v 21.686029 -25.126980 11.172296
v 19.086521 -23.615841 11.341493
v 20.462313 -23.233822 11.584448
v 20.167603 -21.562988 11.589384
v 21.505997 -22.237999 11.421772
v 19.099548 -22.475239 11.440254
v 19.117050 -20.938622 11.477440
v 20.870771 -20.227684 11.593897
v 20.836224 -20.192230 11.902716
v 19.172026 -18.484169 11.598202
v 22.156960 -21.547775 11.902716
v 20.870771 -20.227688 12.211535
v 22.191853 -21.583576 12.214882
v 23.378580 -22.776154 11.909266
v 23.415913 -22.814484 12.207230
v 21.066721 -23.290051 12.301897
v 20.648783 -24.291012 12.224105
v 25.114676 -24.558014 12.211535
v 23.360947 -25.268948 12.327991
v 22.753963 -23.758621 12.274397
v 21.686031 -25.126984 12.633136
v 19.823391 -26.159729 12.320322
v 21.525576 -26.126629 12.413460
v 23.343422 -26.805576 12.365177
v 21.165947 -27.234978 12.572525
v 24.411499 -25.893314 12.216048
v 25.749880 -26.568329 12.383659
v 18.199730 -26.191292 12.231482
v 14.070824 -26.108791 11.902716
v 16.432667 -24.412827 12.231482
v 19.086523 -23.615841 12.463939
v 16.922054 -22.904667 12.572525
v 20.167604 -21.562988 12.216047
v 20.462313 -23.233818 12.220983
v 19.099546 -22.475239 12.365177
v 17.281719 -21.796352 12.413460
v 19.117048 -20.938625 12.327991
v 19.172028 -18.484169 12.207230
v 17.442137 -20.796654 12.633136
v 18.722933 -19.392635 12.265760
v 17.230124 -19.702713 12.216093
v 14.540024 -18.976757 12.463938
v 13.955839 -21.860973 12.231482
v 15.915815 -18.594738 12.220983
v 16.520231 -18.650963 12.301896
v 15.579498 -21.829414 12.320322
v 14.950459 -22.885719 12.231482
v 12.618496 -24.635818 11.902715
v 9.524365 -21.469749 11.902715
v 13.955837 -21.860970 11.573949
v 14.950457 -22.885719 11.573950
v 15.579498 -21.829418 11.485109
v 16.922052 -22.904667 11.232906
v 16.432665 -24.412823 11.573950
v 17.281717 -21.796352 11.391972
v 17.442135 -20.796654 11.172296
v 17.230124 -19.702717 11.589338
v 18.722933 -19.392635 11.539672
v 15.915815 -18.594738 11.584448
v 16.520231 -18.650959 11.503534
v 14.540024 -18.976761 11.341492
v 11.886168 -19.773731 11.573949
v 14.553047 -17.836155 11.440254
v 12.375559 -18.265564 11.232906
v 15.621117 -16.923885 11.589383
v 16.324276 -15.588599 11.593897
v 17.645355 -16.944492 11.590549
v 16.959488 -17.598911 11.421772
v 14.570551 -16.299534 11.477439
v 12.735222 -17.157246 11.391972
v 13.963572 -14.789207 11.531034
v 12.895678 -16.157616 11.172295
v 14.625566 -13.845115 11.598201
v 16.289736 -15.553138 11.902716
v 13.401487 -12.614217 11.590549
v 12.276333 -14.320636 11.503534
v 14.588194 -13.806729 11.896164
v 11.858426 -15.321651 11.581326
v 10.296131 -14.646434 11.341493
v 9.409342 -17.221870 11.573949
v 11.671925 -14.264403 11.584448
v 11.032991 -17.190308 11.485109
v 10.403965 -18.246620 11.573949
v 8.072001 -19.996731 11.902715
v 5.280478 -17.139431 11.902715
v 9.409344 -17.221874 12.231482
v 10.403966 -18.246620 12.231482
v 11.032993 -17.190311 12.320322
v 12.375559 -18.265564 12.572524
v 11.886169 -19.773731 12.231482
v 12.735222 -17.157249 12.413460
v 14.570549 -16.299534 12.327991
v 14.553047 -17.836151 12.365176
v 12.895679 -16.157619 12.633135
v 13.963572 -14.789207 12.274396
v 11.858427 -15.321647 12.224104
v 10.296133 -14.646432 12.463938
v 11.671925 -14.264401 12.220983
v 12.276333 -14.320638 12.301897
v 14.625566 -13.845113 12.207230
v 13.401485 -12.614213 12.214881
v 14.588196 -13.806729 11.909266
v 16.324278 -15.588597 12.211535
v 17.610460 -16.908676 11.902716
v 17.645355 -16.944489 12.214882
v 15.621117 -16.923885 12.216047
v 16.959486 -17.598907 12.383659
v 19.133051 -18.444153 11.902716
v 13.366564 -12.578361 11.902716
v 12.045881 -11.222859 11.902715
v 12.080420 -11.258317 12.211535
v 12.080420 -11.258317 11.593896
v 10.326653 -11.969207 11.477439
v 10.381674 -9.514781 11.598201
v 11.377216 -12.593566 11.589383
v 12.715633 -13.268632 11.421771
v 10.309148 -13.505818 11.440254
v 8.491329 -12.826928 11.391971
v 8.131672 -13.935245 11.232906
v 6.160105 -13.916347 11.573949
v 7.642318 -15.443450 11.573949
v 3.828108 -15.666396 11.902715
v 5.165448 -12.891543 11.573949
v 6.789107 -12.859994 11.485109
v 8.651779 -11.827292 11.172295
v 8.439774 -10.733357 11.589338
v 5.931178 -10.192586 11.341492
v 7.306984 -9.810562 11.584448
v 8.966036 -9.291185 11.503534
v 9.938446 -10.604604 11.541353
v 9.036508 -8.160320 11.590549
v 8.350646 -8.814752 11.421771
v 7.012276 -8.139725 11.589383
v 7.715432 -6.804430 11.593896
v 5.944208 -9.051977 11.440254
v 5.961716 -7.515368 11.477439
v 6.016692 -5.060899 11.598201
v 4.126346 -8.373046 11.391971
v 5.354726 -6.005047 11.531034
v 4.286799 -7.373397 11.172295
v 2.424160 -8.406146 11.485108
v 3.249558 -6.537422 11.581326
v 0.800501 -8.437710 11.573949
v 3.063088 -5.480238 11.584448
v 3.667494 -5.536464 11.503533
v 1.687293 -5.862266 11.341492
v -0.966527 -6.659286 11.573949
v 1.700314 -4.721652 11.440253
v -0.477168 -5.151068 11.232905
v 2.768380 -3.809388 11.589382
v 4.792621 -3.830003 11.590549
v 4.106753 -4.484431 11.421770
v 1.717821 -3.185030 11.477439
v 3.471540 -2.474113 11.593895
v 3.437004 -2.438638 11.902715
v 4.757730 -3.794185 11.902715
v 1.772835 -0.730620 11.598201
v 0.260016 0.794908 11.590549
v 0.107609 -0.497838 11.503533
v -0.169104 -1.949142 11.589337
v 1.286538 -1.664804 11.538124
v 1.733857 -0.690621 11.902715
v 0.260016 0.794908 12.214880
v 0.225083 0.830770 11.902715
v 1.772835 -0.730619 12.207229
v 0.107609 -0.497838 12.301895
v -0.169105 -1.949142 12.216091
v 3.471540 -2.474113 12.211534
v 1.717821 -3.185029 12.327991
v 1.286539 -1.664804 12.267304
v 0.042947 -3.043118 12.633135
v -1.819734 -4.075829 12.320320
v -0.117507 -4.042766 12.413459
v 1.700313 -4.721652 12.365175
v -2.448774 -5.132123 12.231481
v -0.477169 -5.151068 12.572523
v 1.687294 -5.862267 12.463938
v -0.966527 -6.659286 12.231481
v 0.800500 -8.437710 12.231481
v -3.328366 -8.355266 11.902715
v -0.536841 -11.212571 11.902715
v -4.780738 -6.882247 11.902715
v -2.448773 -5.132124 11.573948
v -0.117507 -4.042766 11.391971
v -3.443387 -4.107371 11.573948
v -1.819734 -4.075830 11.485108
v 0.042948 -3.043118 11.172295
v -7.861006 -3.730304 11.902714
v -5.499165 -2.034330 11.573948
v -2.845307 -1.237356 11.341492
v -2.832295 -0.096749 11.440253
v -5.009768 -0.526162 11.232905
v -1.764227 0.815516 11.589382
v -1.469516 -0.855329 11.584448
v -0.425843 0.140485 11.421770
v -2.814782 1.439874 11.477438
v -1.061064 2.150800 11.593895
v -1.095605 2.186265 11.902715
v -2.759809 3.894338 11.598200
v -3.983874 5.125241 11.590549
v -5.109004 3.418767 11.503533
v -5.526946 2.417811 11.581326
v -3.421771 2.950192 11.531034
v -2.798792 3.934340 11.902715
v -3.983874 5.125240 12.214880
v -4.018770 5.161045 11.902715
v -2.759809 3.894338 12.207229
v -5.109004 3.418767 12.301895
v -5.526944 2.417810 12.224103
v -1.061064 2.150800 12.211534
v -2.814781 1.439874 12.327991
v -3.421771 2.950191 12.274395
v -4.489695 1.581839 12.633135
v -6.352331 0.549094 12.320320
v -4.650148 0.582198 12.413458
v -2.832296 -0.096749 12.365175
v -6.981372 -0.507218 12.231480
v -5.009769 -0.526163 12.572523
v -2.845306 -1.237357 12.463938
v -5.499164 -2.034329 12.231481
v -3.443388 -4.107370 12.231481
v -1.764227 0.815516 12.216046
v -1.469516 -0.855329 12.220982
v -0.425843 0.140484 12.383658
v -9.313337 -2.257330 11.902714
v -7.975993 0.517532 12.231480
v -12.104866 0.599967 11.902714
v -9.743023 2.295944 12.231480
v -7.089200 3.092976 12.463937
v -9.253670 3.804167 12.572523
v -6.008117 5.145844 12.216046
v -5.713413 3.474997 12.220982
v -7.076185 4.233578 12.365175
v -8.894009 4.912469 12.413458
v -7.058676 5.770200 12.327990
v -7.003663 8.224617 12.207228
v -5.304958 6.481131 12.211533
v -8.733553 5.912117 12.633134
v -7.617685 7.179641 12.265089
v -8.945599 7.006096 12.216091
v -11.454184 7.546865 12.463937
v -12.219891 4.847858 12.231480
v -10.078362 7.928833 12.220982
v -8.419346 8.448268 12.301895
v -10.596237 4.879405 12.320320
v -11.225271 3.823107 12.231480
v -13.557234 2.072995 11.902714
v -16.469847 5.053864 11.902714
v -12.219891 4.847857 11.573948
v -11.225269 3.823107 11.573948
v -10.596237 4.879405 11.485107
v -9.253668 3.804167 11.232904
v -9.743023 2.295943 11.573948
v -8.894011 4.912469 11.391970
v -7.076185 4.233578 11.440253
v -7.058675 5.770200 11.477438
v -8.733555 5.912117 11.172294
v -8.945599 7.006095 11.589337
v -7.617684 7.179640 11.540339
v -7.003663 8.224617 11.598200
v -5.304957 6.481131 11.593895
v -5.339495 6.516593 11.902714
v -8.348825 9.579081 11.590548
v -7.042646 8.264614 11.902714
v -8.419344 8.448268 11.503533
v -9.034687 8.924654 11.421770
v -10.078360 7.928833 11.584447
v -10.373062 9.599680 11.589382
v -11.454184 7.546865 11.341491
v -14.108006 6.749840 11.573948
v -11.441168 8.687469 11.440252
v -13.618618 8.258003 11.232904
v -13.258993 9.366360 11.391970
v -15.590216 8.276951 11.573948
v -17.922173 6.526840 11.902714
v -16.584835 9.301701 11.573948
v -14.961182 9.333248 11.485107
v -13.098539 10.366002 11.172294
v -14.135788 11.201973 11.581325
v -15.698050 11.877142 11.341491
v -14.322248 12.259160 11.584447
v -13.717840 12.202932 11.503532
v -11.368649 12.678501 11.598200
v -12.030605 11.734362 11.531033
v -11.423626 10.224031 11.477438
v -9.669903 10.934975 11.593895
v -9.704441 10.970430 11.902714
v -8.383753 9.614934 11.902714
v -9.669903 10.934975 12.211533
v -8.348825 9.579081 12.214880
v -9.034685 8.924654 12.383657
v -10.373064 9.599680 12.216045
v -11.441168 8.687469 12.365175
v -11.423624 10.224031 12.327990
v -13.258993 9.366360 12.413458
v -11.368647 12.678501 12.207228
v -12.030605 11.734363 12.274395
v -13.098539 10.366001 12.633134
v -14.961182 9.333248 12.320320
v -14.135790 11.201972 12.224103
v -16.584835 9.301701 12.231480
v -14.322250 12.259161 12.220981
v -13.717840 12.202932 12.301895
v -15.698046 11.877141 12.463937
v -18.351896 11.080166 12.231480
v -15.685028 13.017742 12.365174
v -17.862514 12.588328 12.572523
v -14.616961 13.930005 12.216045
v -13.913792 15.265303 12.211533
v -12.592724 13.909407 12.214880
v -13.278582 13.254978 12.383657
v -15.667521 14.554372 12.327990
v -17.502872 13.696666 12.413458
v -16.631742 18.026897 12.216480
v -17.342421 14.696311 12.633133
v -16.703592 16.015823 12.282909
v -18.806921 15.968236 12.224102
v -21.277206 14.047710 12.231480
v -18.993391 17.025423 12.220981
v -18.388983 16.969204 12.301894
v -19.205072 13.663576 12.320319
v -20.369194 16.643423 12.463937
v -23.023027 15.846416 12.231480
v -20.356174 17.784039 12.365174
v -22.533649 17.354595 12.572522
v -19.288103 18.696289 12.216045
v -18.584927 20.031567 12.211533
v -17.263845 18.675671 12.214879
v -17.949715 18.021240 12.383657
v -20.338659 19.320637 12.327990
v -22.174013 18.462934 12.413458
v -20.283667 21.775084 12.207228
v -20.945631 20.830944 12.274394
v -22.013556 19.462582 12.633133
v -23.876211 18.429844 12.320319
v -23.050810 20.298555 12.224102
v -25.499870 18.398300 12.231480
v -23.237272 21.355740 12.220980
v -22.632864 21.299515 12.301894
v -24.613077 20.973747 12.463936
v -27.266912 20.176739 12.231479
v -24.600063 22.114346 12.365174
v -26.777531 21.684910 12.572522
v -23.531986 23.026596 12.216045
v -22.828814 24.361881 12.211533
v -21.507734 23.005978 12.214879
v -22.193596 22.351555 12.383657
v -24.582544 23.650948 12.327990
v -26.417891 22.793251 12.413457
v -24.527554 26.105400 12.207227
v -26.257442 23.792900 12.633133
v -24.970781 25.015602 12.264075
v -26.469456 24.886833 12.216090
v -29.743752 22.728615 12.231480
v -27.602238 25.809597 12.220980
v -25.943197 26.329018 12.301894
v -28.120094 22.760162 12.320319
v -28.978043 25.427601 12.463936
v -31.631878 24.630589 12.231480
v -28.965023 26.568211 12.365173
v -31.142498 26.138775 12.572521
v -27.896954 27.480457 12.216045
v -27.193781 28.815746 12.211532
v -25.872698 27.459835 12.214879
v -26.558565 26.805424 12.383657
v -28.947502 28.104816 12.327990
v -30.782852 27.247108 12.413457
v -28.892513 30.559261 12.207227
v -29.554478 29.615120 12.274394
v -30.622406 28.246758 12.633133
v -32.485058 27.214024 12.320318
v -31.659653 29.082729 12.224102
v -34.108711 27.182472 12.231479
v -31.846123 30.139919 12.220980
v -31.241722 30.083698 12.301893
v -33.221924 29.757919 12.463936
v -35.875759 28.960903 12.231478
v -33.208912 30.898529 12.365173
v -35.386375 30.469090 12.572522
v -32.140842 31.810776 12.216044
v -31.437660 33.146053 12.211532
v -30.116581 31.790157 12.214879
v -30.802444 31.135731 12.383657
v -33.191387 32.435123 12.327989
v -35.026741 31.577431 12.413456
v -33.136398 34.889576 12.207227
v -34.866287 32.577068 12.633133
v -33.622669 33.955360 12.267303
v -35.078304 33.671009 12.216089
v -38.352596 31.512783 12.231478
v -36.378731 34.764839 12.220980
v -34.801594 35.122314 12.301894
v -36.728943 31.544338 12.320318
v -37.754539 34.382847 12.463936
v -40.408367 33.585827 12.231479
v -37.741524 35.523445 12.365173
v -39.918991 35.094013 12.572521
v -36.673450 36.435696 12.216043
v -35.970272 37.770977 12.211531
v -34.649193 36.415081 12.214878
v -37.724007 37.060055 12.327988
v -35.335060 35.760654 12.383657
v -39.559357 36.202351 12.413456
v -37.669014 39.514492 12.207227
v -38.330982 38.570362 12.274393
v -39.398907 37.201988 12.633132
v -41.261555 36.169262 12.320318
v -40.436150 38.037971 12.224101
v -42.885216 36.137711 12.231479
v -41.998413 38.713158 12.463935
v -40.622616 39.095158 12.220980
v -40.018211 39.038933 12.301893
v -39.578938 40.090965 12.383657
v -38.893082 40.745392 12.214878
v -38.928001 40.781242 11.902712
v -37.706352 39.552830 11.909263
v -40.020348 41.895622 12.214878
v -40.705795 41.240780 12.383656
v -41.748825 40.244297 12.220979
v -42.652706 39.380764 12.463936
v -44.414219 37.697853 12.231478
v -46.509354 35.696224 11.902712
v -44.222542 33.362843 11.902712
v -42.885220 36.137711 11.573946
v -44.414219 37.697857 11.573946
v -42.652706 39.380764 11.341489
v -41.998417 38.713158 11.341489
v -40.436150 38.037968 11.581324
v -40.622620 39.095158 11.584445
v -41.748829 40.244297 11.584446
v -39.578938 40.090969 11.421768
v -40.705795 41.240776 11.421768
v -40.020344 41.895615 11.590546
v -38.893089 40.745388 11.590547
v -40.018215 39.038933 11.503531
v -37.706356 39.552830 11.896161
v -37.669010 39.514488 11.598198
v -37.724003 37.060059 11.477436
v -35.970276 37.770973 11.593893
v -38.330978 38.570362 11.531031
v -36.004818 37.806431 11.902712
v -34.684120 36.450928 11.902713
v -33.173748 34.927910 11.909264
v -34.649185 36.415077 11.590547
v -33.173748 34.927910 11.896162
v -31.472210 33.181511 11.902713
v -33.136398 34.889572 11.598199
v -34.801586 35.122311 11.503531
v -35.078304 33.671009 11.589335
v -33.191391 32.435127 11.477437
v -31.437668 33.146053 11.593894
v -33.622665 33.955360 11.538122
v -34.866291 32.577068 11.172293
v -35.026745 31.577427 11.391969
v -36.728935 31.544342 11.485106
v -38.352600 31.512787 11.573946
v -37.357983 30.488033 11.573946
v -35.875763 28.960907 11.573946
v -38.237602 27.264927 11.902713
v -35.386379 30.469090 11.232903
v -39.689938 28.737926 11.902713
v -42.770218 31.889851 11.902712
v -37.357979 30.488029 12.231478
v -41.890579 35.112953 12.231478
v -40.408371 33.585827 11.573946
v -41.890583 35.112953 11.573946
v -41.261555 36.169262 11.485106
v -39.918995 35.094013 11.232903
v -39.559357 36.202354 11.391968
v -37.741524 35.523445 11.440251
v -39.398907 37.201988 11.172293
v -36.673447 36.435699 11.589380
v -37.754543 34.382843 11.341490
v -36.378731 34.764839 11.584446
v -35.335056 35.760651 11.421768
v -33.208912 30.898529 11.440251
v -33.221924 29.757915 11.341490
v -31.659653 29.082733 11.581324
v -32.140839 31.810776 11.589380
v -31.846123 30.139915 11.584446
v -34.108719 27.182472 11.573946
v -35.446060 24.407604 11.902713
v -33.114086 26.157707 11.573947
v -32.485058 27.214024 11.485106
v -30.782856 27.247105 11.391969
v -30.622402 28.246758 11.172293
v -29.554478 29.615120 11.531032
v -28.947502 28.104816 11.477437
v -28.892513 30.559258 11.598199
v -28.965023 26.568211 11.440252
v -27.193785 28.815746 11.593894
v -27.896957 27.480457 11.589381
v -25.872698 27.459831 11.590548
v -26.558563 26.805424 11.421769
v -27.602242 25.809601 11.584446
v -28.978046 25.427605 11.341490
v -29.743752 22.728615 11.573947
v -31.631874 24.630589 11.573947
v -26.469452 24.886833 11.589336
v -31.142498 26.138775 11.232903
v -25.943195 26.329018 11.503532
v -24.527554 26.105404 11.598199
v -28.120098 22.760162 11.485107
v -26.257442 23.792900 11.172293
v -24.970783 25.015602 11.541351
v -24.582542 23.650948 11.477437
v -26.417891 22.793255 11.391969
v -24.600061 22.114346 11.440252
v -22.828812 24.361877 11.593894
v -23.531986 23.026596 11.589381
v -22.193600 22.351555 11.421769
v -23.237270 21.355743 11.584446
v -24.613077 20.973747 11.341491
v -21.507732 23.005978 11.590548
v -21.542660 23.041824 11.902713
v -20.322649 21.815083 11.902714
v -20.283667 21.775084 11.598199
v -22.632866 21.299515 11.503532
v -23.050806 20.298555 11.581324
v -25.499868 18.398300 11.573947
v -23.876211 18.429844 11.485107
v -22.013554 19.462582 11.172293
v -20.945631 20.830942 11.531033
v -20.338657 19.320637 11.477437
v -22.174009 18.462934 11.391970
v -20.356173 17.784039 11.440252
v -18.584929 20.031567 11.593895
v -19.288105 18.696287 11.589381
v -17.263847 18.675671 11.590548
v -17.949715 18.021240 11.421769
v -18.993393 17.025421 11.584446
v -20.369194 16.643423 11.341490
v -21.277208 14.047711 11.573947
v -23.023027 15.846416 11.573947
v -18.806921 15.968236 11.581325
v -22.533648 17.354595 11.232904
v -24.505247 17.373529 11.573948
v -26.837208 15.623434 11.902713
v -25.384863 14.150438 11.902713
v -22.838772 11.568099 11.902713
v -24.505245 17.373529 12.231480
v -20.713736 9.384192 11.902714
v -19.834110 12.607267 12.231480
v -19.834108 12.607267 11.573948
v -19.205070 13.663576 11.485107
v -17.862513 12.588329 11.232904
v -18.351894 11.080166 11.573948
v -17.502871 13.696665 11.391970
v -15.685026 13.017742 11.440252
v -15.667522 14.554372 11.477438
v -17.342422 14.696312 11.172294
v -16.703596 16.015823 11.522517
v -16.631742 18.026897 11.588947
v -18.388983 16.969202 11.503532
v -13.948338 15.300755 11.902714
v -13.913794 15.265302 11.593895
v -15.651512 17.048813 11.902714
v -16.666834 18.062904 11.902714
v -17.298773 18.711510 11.902714
v -18.619474 20.067020 11.902714
v -12.592722 13.909407 11.590548
v -14.616961 13.930005 11.589382
v -12.627651 13.945260 11.902714
v -11.407629 12.718504 11.902714
v -13.278582 13.254978 11.421770
v -29.628750 18.480755 11.902713
v -31.081089 19.953743 11.902713
v -28.749123 21.703856 12.231479
v -27.266914 20.176739 11.573947
v -28.749123 21.703856 11.573947
v -26.777527 21.684910 11.232904
v -33.993721 22.934612 11.902713
v -33.114090 26.157707 12.231479
v -22.863358 24.397335 11.902713
v -24.564899 26.143738 11.896162
v -24.564899 26.143734 11.909264
v -25.907627 27.495686 11.902713
v -27.228327 28.851200 11.902713
v -28.931499 30.599258 11.902713
v -30.151505 31.826000 11.902713
v -30.116577 31.790154 11.590547
v -31.241718 30.083698 11.503531
v -30.802441 31.135731 11.421769
v -40.020237 41.895725 11.902713
v -15.590216 8.276951 12.231480
v -13.618616 8.258003 12.572523
v -14.108006 6.749840 12.231480
v -6.008117 5.145844 11.589382
v -4.669737 4.470817 11.421770
v -5.713413 3.474996 11.584447
v -7.089199 3.092976 11.341491
v -7.975995 0.517532 11.573948
v -6.981374 -0.507218 11.573948
v -6.352331 0.549094 11.485108
v -4.489695 1.581841 11.172295
v -4.650147 0.582198 11.391970
v -4.669738 4.470818 12.383658
v 0.915493 -12.685548 11.902715
v 1.795119 -9.462461 12.231481
v 1.795120 -9.462463 11.573949
v 3.766722 -9.481397 11.232905
v 3.277331 -10.989566 11.573949
v 2.424161 -8.406147 12.320320
v 3.766721 -9.481397 12.572523
v 3.277333 -10.989564 12.231481
v 4.126346 -8.373047 12.413459
v 5.961716 -7.515368 12.327991
v 5.944206 -9.051978 12.365175
v 4.286798 -7.373397 12.633135
v 5.354725 -6.005045 12.274396
v 3.249557 -6.537424 12.224104
v 3.063088 -5.480238 12.220982
v 3.667494 -5.536465 12.301896
v 6.016691 -5.060899 12.207229
v 4.792621 -3.830003 12.214881
v 5.977712 -5.020897 11.902715
v 7.715434 -6.804430 12.211535
v 7.680893 -6.768966 11.902715
v 9.001583 -8.124464 11.902716
v 9.036507 -8.160321 12.214881
v 10.342699 -9.474792 11.902716
v 10.381674 -9.514779 12.207229
v 8.966036 -9.291184 12.301896
v 8.439774 -10.733357 12.216092
v 10.326654 -11.969209 12.327991
v 9.938446 -10.604602 12.264077
v 8.651781 -11.827294 12.633135
v 6.789107 -12.859992 12.320321
v 8.491331 -12.826930 12.413459
v 10.309147 -13.505816 12.365176
v 6.160107 -13.916347 12.231482
v 8.131671 -13.935246 12.572524
v 7.642319 -15.443450 12.231482
v 5.165450 -12.891545 12.231481
v 5.931179 -10.192586 12.463938
v 7.012276 -8.139724 12.216047
v 7.306984 -9.810565 12.220982
v 8.350645 -8.814751 12.383659
v 11.377216 -12.593566 12.216047
v 12.715631 -13.268632 12.383659
v 4.106754 -4.484432 12.383658
v 2.768381 -3.809387 12.216047
v 21.505993 -22.238003 12.383659
v 30.800734 -30.367786 12.214883
v 31.987429 -31.560326 11.909267
v 32.024750 -31.598640 12.207230
v 29.675562 -32.074207 12.301897
v 29.257626 -33.075172 12.224106
v 33.723507 -33.342175 12.211535
v 31.969793 -34.053112 12.327992
v 31.362804 -32.542789 12.274397
v 30.294876 -33.911137 12.633136
v 28.432230 -34.943905 12.320322
v 30.134434 -34.910843 12.413460
v 31.952278 -35.589729 12.365177
v 29.774803 -36.019146 12.572525
v 33.020348 -34.677460 12.216048
v 34.358719 -35.352493 12.383660
v 27.695364 -32.400013 12.463939
v 29.071154 -32.017990 12.220984
v 28.776451 -30.347137 12.216048
v 30.114857 -31.022221 12.383660
v 39.577236 -39.323025 12.214883
v 40.763924 -40.515560 11.909267
v 40.763924 -40.515556 11.896166
v 40.801254 -40.553894 12.207231
v 38.452061 -41.029449 12.301898
v 38.034119 -42.030399 12.224106
v 40.746273 -43.008369 12.327993
v 40.139290 -41.498028 12.274398
v 39.071362 -42.866383 12.633137
v 37.208714 -43.899139 12.320322
v 38.910950 -43.866070 12.413461
v 40.728786 -44.544949 12.365178
v 36.579685 -44.955437 12.231483
v 38.551277 -44.974388 12.572525
v 40.715763 -45.685566 12.463940
v 38.061905 -46.482544 12.231483
v 39.950062 -48.384560 12.231483
v 38.612732 -51.159443 11.902717
v 43.224331 -46.226357 12.216093
v 40.944675 -49.409317 12.231483
v 41.573723 -48.353012 12.320323
v 43.436344 -47.320278 12.633137
v 43.275898 -48.319923 12.413461
v 45.111237 -47.462181 12.327992
v 45.093719 -48.998795 12.365178
v 42.916279 -49.428253 12.572526
v 45.080696 -50.139404 12.463940
v 42.426876 -50.936432 12.231483
v 46.161777 -48.086548 12.216049
v 46.456539 -49.757427 12.220984
v 47.500206 -48.761620 12.383661
v 44.723003 -46.097569 12.264079
v 42.091553 -45.303558 12.220984
v 43.750587 -44.784172 12.301898
v 43.135212 -44.307732 12.383661
v 41.796825 -43.632717 12.216049
v 40.944675 -49.409325 11.573951
v 41.573723 -48.353012 11.485111
v 36.471848 -41.355247 12.463940
v 37.847641 -40.973236 12.220984
v 37.552952 -39.302383 12.216048
v 38.891376 -39.977444 12.383660
v 47.500202 -48.761623 11.421773
v 50.221001 -57.176418 12.320323
v 52.083633 -56.143673 12.633138
v 64.350548 -66.675545 12.226166
v 65.017220 -66.348679 12.226393
v -41.471054 46.494194 12.943707
v -46.262104 41.974258 13.058289
v -42.604401 38.261776 13.058289
v -37.849693 42.746952 12.943707
v -51.149017 37.355846 12.429322
v -47.527687 33.608597 12.429323
v -41.471058 46.494190 11.902712
v -37.849693 42.746952 11.902713
v -42.604397 38.261780 11.902712
v -47.527683 33.608597 11.902712
v -51.149021 37.355850 11.902712
v -41.471054 46.494194 10.861717
v -46.262100 41.974262 10.747136
v -42.604404 38.261780 10.747136
v -37.849693 42.746952 10.861717
v -51.149025 37.355846 11.376101
v -47.527683 33.608593 11.376101
v -73.503006 80.360313 13.223139
v -78.979912 75.182030 13.981558
v -46.790359 42.510429 13.981559
v -41.059513 47.917725 13.223142
v -73.503006 80.360321 11.902710
v -78.979919 75.182030 11.902710
v -83.372696 71.040916 11.902710
v -83.372704 71.040916 13.223139
v -78.979912 75.182030 9.823862
v -83.372696 71.040924 10.582281
v -73.503006 80.360306 10.582281
v -41.059513 47.917728 10.582283
v -46.790359 42.510433 9.823864
v -52.249519 37.351650 10.582283
v -45.673431 41.376770 9.823864
v -51.162003 36.189842 10.582283
v -51.162003 36.189846 11.902712
v -45.673431 41.376774 11.902712
v -52.249519 37.351650 11.902711
v -52.249523 37.351650 13.223141
v -51.162006 36.189838 13.223141
v -45.673431 41.376774 13.981560
v -39.972008 46.755913 13.223141
v -39.972004 46.755917 11.902712
v -41.059509 47.917728 11.902712
v -39.972004 46.755913 10.582283
v 70.393280 0.564468 0.254325
v -0.000000 55.970833 4.236357
v -0.000000 70.957733 0.254319
v 55.406353 0.564468 4.236376
v -0.000000 -69.828705 0.254330
v 0.000000 -54.841782 -3.727732
v 55.406258 0.564468 -3.727727
v -55.406357 0.564468 -3.727728
v -0.000000 55.970829 -3.727715
v -70.393272 0.564468 0.254325
v -0.000000 -54.841782 4.236388
v -55.406258 0.564469 4.236376
vn 0.1185 -0.0636 0.9909
vn -0.6912 -0.7217 0.0370
vn -0.6910 -0.7219 0.0370
vn -0.6916 -0.7214 0.0370
vn 0.7198 -0.6929 0.0425
vn 0.6916 0.7214 -0.0370
vn 0.6910 0.7219 -0.0370
vn 0.1283 -0.1740 -0.9763
vn -0.1230 0.0680 -0.9901
vn -0.6904 -0.7225 0.0371
vn 0.6904 0.7225 -0.0371
vn -0.7198 0.6929 -0.0425
vn -0.1329 0.1783 0.9750
vn 0.0385 -0.1247 0.9914
vn 0.0376 -0.1233 0.9917
vn 0.0363 -0.1235 0.9917
vn 0.4983 -0.8656 -0.0486
vn 0.6735 -0.7391 -0.0131
vn 0.5476 -0.8358 -0.0393
vn -0.1074 -0.1042 0.9887
vn 0.1113 -0.0504 0.9925
vn -0.1624 0.0780 0.9836
vn 0.0526 -0.1494 0.9874
vn 0.0318 -0.1110 0.9933
vn 0.0329 -0.1101 0.9934
vn 0.0297 -0.1088 0.9936
vn 0.0364 -0.1234 0.9917
vn 0.0324 -0.1079 0.9936
vn 0.0330 -0.1101 -0.9934
vn 0.0297 -0.1088 -0.9936
vn 0.0324 -0.1079 -0.9936
vn 0.0376 -0.1233 -0.9917
vn 0.0363 -0.1235 -0.9917
vn 0.0364 -0.1233 -0.9917
vn 0.0318 -0.1110 -0.9933
vn 0.0526 -0.1494 -0.9874
vn 0.7164 0.6976 -0.0000
vn 0.7166 0.6974 -0.0000
vn 0.7162 0.6979 -0.0000
vn 0.0532 0.0543 -0.9971
vn 0.7164 0.6977 -0.0000
vn 0.7162 0.6978 -0.0000
vn 0.7162 0.6978 -0.0001
vn 0.7162 0.6978 0.0001
vn 0.1313 0.1304 0.9827
vn -0.1057 0.2646 0.9586
vn 0.0258 0.0158 0.9995
vn 0.0475 -0.0182 0.9987
vn 0.1521 0.1123 0.9820
vn 0.0996 -0.2545 0.9619
vn -0.2017 -0.0057 0.9794
vn 0.0636 0.0691 0.9956
vn -0.1913 0.1863 0.9637
vn 0.2553 -0.2415 0.9362
vn -0.1401 -0.1420 0.9799
vn 0.1046 0.1371 0.9850
vn 0.0432 0.0025 0.9991
vn 0.2255 0.0640 0.9721
vn 0.1636 -0.0756 0.9836
vn -0.0847 -0.0148 0.9963
vn 0.0887 0.0888 0.9921
vn -0.0742 -0.0235 0.9970
vn -0.2150 0.2801 0.9356
vn -0.2267 0.2430 0.9432
vn -0.0108 0.1516 0.9884
vn -0.1161 0.2456 0.9624
vn 0.0225 -0.2265 0.9737
vn -0.0022 -0.2709 0.9626
vn -0.2576 -0.2501 0.9333
vn 0.1260 0.0021 0.9920
vn 0.1650 -0.0716 0.9837
vn 0.1253 -0.1288 0.9837
vn 0.7162 0.6979 -0.0001
vn 0.0643 -0.0792 0.9948
vn 0.1164 -0.0723 0.9906
vn -0.1346 -0.0208 0.9907
vn 0.1652 0.0320 0.9857
vn 0.0852 0.1035 0.9910
vn 0.0765 0.1075 0.9913
vn 0.0725 0.0945 0.9929
vn -0.0213 -0.2139 0.9766
vn 0.0659 0.0853 0.9942
vn 0.0985 -0.1229 0.9875
vn -0.0675 -0.0655 0.9956
vn 0.0623 0.0994 0.9931
vn 0.0354 0.0238 0.9991
vn 0.0944 -0.0183 0.9954
vn 0.1035 -0.0037 0.9946
vn 0.0717 -0.0234 0.9971
vn 0.1548 -0.2357 0.9594
vn -0.0260 0.0412 0.9988
vn -0.0228 0.0395 0.9990
vn -0.0038 0.0361 0.9993
vn 0.0480 0.0451 0.9978
vn 0.1168 0.0089 0.9931
vn 0.1905 0.1689 0.9670
vn 0.0780 0.2378 0.9682
vn 0.0449 0.2606 0.9644
vn -0.1052 0.3314 0.9376
vn -0.0393 0.0452 0.9982
vn 0.1261 0.0024 0.9920
vn -0.0567 0.0767 0.9954
vn -0.2495 0.1607 0.9550
vn -0.0526 -0.0525 0.9972
vn -0.0531 -0.0522 0.9972
vn -0.0522 -0.0528 0.9972
vn -0.0807 -0.0791 0.9936
vn -0.0810 -0.0800 0.9935
vn -0.0809 -0.0798 0.9935
vn -0.0813 -0.0802 0.9935
vn -0.0813 -0.0798 0.9935
vn -0.0810 -0.0795 0.9935
vn -0.1697 -0.1647 0.9716
vn -0.1655 0.1925 0.9672
vn 0.1035 -0.0036 0.9946
vn 0.0718 -0.0234 0.9971
vn -0.0383 0.0094 0.9992
vn 0.0347 0.1307 0.9908
vn -0.0476 0.0319 0.9984
vn 0.0490 0.1099 0.9927
vn 0.0479 0.0452 0.9978
vn 0.7136 0.7005 -0.0009
vn 0.7134 0.7008 0.0006
vn 0.7154 0.6988 0.0001
vn -0.0425 0.0256 0.9988
vn 0.7154 0.6987 -0.0006
vn 0.0764 -0.0465 0.9960
vn 0.1237 0.0083 0.9923
vn 0.1906 -0.0081 0.9816
vn -0.1472 -0.1842 0.9718
vn 0.1303 0.1537 0.9795
vn 0.0706 -0.1134 0.9910
vn -0.0813 -0.0793 0.9935
vn -0.0811 -0.0790 0.9936
vn -0.0813 -0.0799 0.9935
vn -0.0810 -0.0793 0.9936
vn -0.0809 -0.0794 0.9936
vn -0.0536 -0.0520 0.9972
vn -0.0559 0.0760 0.9955
vn -0.0494 -0.2068 0.9771
vn -0.2486 0.1590 0.9555
vn -0.1055 0.3284 0.9386
vn 0.1872 0.1099 0.9762
vn 0.0468 0.0480 0.9977
vn 0.0323 0.0484 0.9983
vn 0.0245 0.0126 0.9996
vn 0.0940 -0.0140 0.9955
vn 0.0963 0.0142 0.9952
vn 0.7106 0.7036 0.0013
vn 0.7107 0.7035 0.0015
vn 0.7147 0.6994 0.0002
vn 0.0608 -0.1025 0.9929
vn -0.0506 0.1061 0.9931
vn 0.7147 0.6994 -0.0002
vn 0.7105 0.7037 -0.0013
vn 0.0963 0.0142 -0.9952
vn 0.0943 -0.0142 -0.9954
vn 0.0243 0.0124 -0.9996
vn 0.7106 0.7036 -0.0014
vn 0.0608 -0.1025 -0.9929
vn -0.0506 0.1061 -0.9931
vn 0.0323 0.0484 -0.9983
vn 0.0468 0.0480 -0.9977
vn 0.1872 0.1099 -0.9762
vn -0.1055 0.3284 -0.9386
vn 0.1548 -0.2357 -0.9594
vn -0.0494 -0.2068 -0.9771
vn -0.2486 0.1590 -0.9555
vn -0.0536 -0.0520 -0.9972
vn -0.0559 0.0760 -0.9955
vn -0.1697 -0.1647 -0.9716
vn -0.0812 -0.0797 -0.9935
vn -0.0811 -0.0790 -0.9936
vn -0.0811 -0.0794 -0.9935
vn -0.0810 -0.0793 -0.9936
vn -0.0809 -0.0794 -0.9936
vn -0.1655 0.1925 -0.9672
vn -0.0213 -0.2139 -0.9766
vn 0.0766 0.1076 -0.9912
vn 0.0725 0.0944 -0.9929
vn 0.0623 0.0993 -0.9931
vn 0.0853 0.1036 -0.9910
vn -0.0675 -0.0655 -0.9956
vn 0.1303 0.1537 -0.9795
vn 0.0706 -0.1134 -0.9910
vn 0.0659 0.0853 -0.9942
vn 0.1652 0.0320 -0.9857
vn -0.1346 -0.0208 -0.9907
vn -0.1472 -0.1842 -0.9718
vn 0.0764 -0.0465 -0.9960
vn 0.1164 -0.0728 -0.9905
vn 0.1237 0.0084 -0.9923
vn 0.1911 -0.0088 -0.9815
vn 0.7133 0.7009 -0.0006
vn -0.0425 0.0256 -0.9988
vn 0.0479 0.0452 -0.9978
vn 0.0642 -0.0796 -0.9948
vn 0.7154 0.6988 -0.0001
vn 0.1169 0.0089 -0.9931
vn 0.0944 -0.0184 -0.9954
vn 0.1035 -0.0036 -0.9946
vn 0.0492 0.1103 -0.9927
vn -0.0379 0.0085 -0.9992
vn 0.0349 0.1310 -0.9908
vn -0.0477 0.0298 -0.9984
vn 0.0717 -0.0235 -0.9971
vn 0.0985 -0.1229 -0.9875
vn -0.0808 -0.0792 -0.9936
vn -0.0813 -0.0799 -0.9935
vn -0.0809 -0.0798 -0.9935
vn -0.0810 -0.0800 -0.9935
vn -0.0526 -0.0525 -0.9972
vn -0.0522 -0.0528 -0.9972
vn -0.0531 -0.0522 -0.9972
vn -0.0567 0.0767 -0.9954
vn -0.0813 -0.0797 -0.9935
vn -0.0815 -0.0794 -0.9935
vn -0.0817 -0.0797 -0.9935
vn 0.1260 0.0023 -0.9920
vn 0.1253 -0.1288 -0.9837
vn 0.1652 -0.0720 -0.9836
vn -0.2267 0.2430 -0.9432
vn 0.7162 0.6979 0.0001
vn 0.0887 0.0888 -0.9921
vn -0.0847 -0.0148 -0.9963
vn 0.2255 0.0640 -0.9721
vn 0.1636 -0.0756 -0.9836
vn -0.0742 -0.0235 -0.9970
vn -0.2150 0.2801 -0.9356
vn -0.0108 0.1516 -0.9884
vn -0.1161 0.2456 -0.9624
vn 0.0225 -0.2265 -0.9737
vn -0.2576 -0.2501 -0.9333
vn -0.0022 -0.2709 -0.9626
vn 0.0027 0.1275 -0.9918
vn 0.2553 -0.2415 -0.9362
vn -0.1913 0.1863 -0.9637
vn 0.0308 -0.0507 -0.9982
vn 0.0403 -0.0702 -0.9967
vn 0.0003 -0.0836 -0.9965
vn 0.0418 0.1264 -0.9911
vn 0.1113 -0.0504 -0.9925
vn -0.1074 -0.1042 -0.9887
vn -0.0838 -0.0813 -0.9932
vn -0.0827 -0.0811 -0.9933
vn -0.0822 -0.0804 -0.9934
vn -0.1624 0.0780 -0.9836
vn 0.0386 -0.1248 -0.9914
vn -0.1577 0.2477 -0.9559
vn 0.0123 -0.1032 -0.9946
vn -0.0665 -0.1820 -0.9811
vn 0.0130 -0.0817 -0.9966
vn -0.0429 -0.1799 -0.9827
vn 0.0636 0.0691 -0.9956
vn -0.1098 0.2232 -0.9686
vn 0.0474 -0.0189 -0.9987
vn 0.1527 0.1127 -0.9818
vn 0.1474 0.1283 -0.9807
vn 0.0173 -0.0977 -0.9951
vn -0.1057 0.2646 -0.9586
vn 0.0256 0.0148 -0.9996
vn -0.1401 -0.1420 -0.9799
vn 0.1046 0.1371 -0.9850
vn 0.0432 0.0025 -0.9991
vn -0.2017 -0.0057 -0.9794
vn 0.0996 -0.2545 -0.9619
vn 0.1313 0.1304 -0.9827
vn -0.0816 -0.0797 -0.9935
vn -0.0817 -0.0795 -0.9935
vn -0.0817 -0.0798 0.9935
vn -0.0823 -0.0799 0.9934
vn -0.0817 -0.0796 0.9935
vn 0.6846 -0.7288 -0.0105
vn -0.0815 -0.0794 0.9935
vn 0.7154 0.6988 -0.0003
vn 0.7135 0.7006 -0.0009
vn 0.7154 0.6987 0.0002
vn 0.7134 0.7008 0.0007
vn 0.0480 0.0451 -0.9978
vn -0.0261 0.0412 -0.9988
vn -0.0038 0.0361 -0.9993
vn -0.0227 0.0395 -0.9990
vn -0.0393 0.0452 -0.9982
vn 0.1164 -0.0727 -0.9905
vn 0.1905 0.1689 -0.9670
vn 0.0460 0.2600 -0.9645
vn 0.0777 0.2379 -0.9682
vn -0.1052 0.3314 -0.9376
vn -0.2495 0.1607 -0.9550
vn -0.0495 -0.2068 -0.9771
vn 0.0354 0.0238 -0.9991
vn 0.1035 -0.0037 -0.9946
vn 0.0717 -0.0234 -0.9972
vn -0.0817 -0.0797 0.9935
vn -0.0810 -0.0795 -0.9935
vn -0.0527 -0.0525 -0.9972
vn -0.0816 -0.0796 -0.9935
vn -0.0801 -0.0795 -0.9936
vn -0.0523 -0.0527 -0.9972
vn -0.3106 0.2855 -0.9067
vn -0.0439 0.0829 -0.9956
vn 0.1969 0.3823 -0.9028
vn -0.0816 -0.0796 0.9935
vn -0.0800 -0.0794 0.9936
vn -0.0805 -0.0790 -0.9936
vn -0.0807 -0.0791 -0.9936
vn -0.0672 -0.0667 -0.9955
vn 0.0984 -0.1230 -0.9875
vn 0.1865 0.0988 -0.9775
vn 0.0077 0.0490 -0.9988
vn 0.1182 0.0868 -0.9892
vn 0.1287 0.0758 -0.9888
vn 0.0799 0.0558 -0.9952
vn 0.7110 0.7032 -0.0015
vn 0.7109 0.7033 -0.0013
vn 0.7149 0.6993 -0.0003
vn 0.0541 -0.0790 -0.9954
vn -0.0377 0.0673 -0.9970
vn 0.7147 0.6994 -0.0000
vn 0.7148 0.6994 0.0003
vn 0.7110 0.7032 0.0013
vn 0.7110 0.7031 0.0015
vn 0.7148 0.6993 -0.0000
vn 0.7147 0.6994 -0.0003
vn 0.0717 -0.0235 -0.9972
vn 0.0750 -0.1067 -0.9915
vn 0.1301 0.1545 -0.9794
vn -0.0808 -0.0791 -0.9936
vn 0.0964 -0.0350 -0.9947
vn -0.0808 -0.0794 -0.9936
vn -0.0809 -0.0792 0.9936
vn -0.0808 -0.0791 0.9936
vn -0.0808 -0.0794 0.9936
vn -0.0812 -0.0793 -0.9935
vn 0.0623 0.0995 0.9931
vn -0.3105 0.2855 0.9067
vn 0.1860 0.0918 0.9782
vn -0.0989 0.3377 0.9360
vn 0.1310 0.1514 0.9798
vn 0.0669 -0.0944 0.9933
vn -0.0562 0.0923 0.9941
vn -0.0395 -0.0515 0.9979
vn 0.0472 -0.0679 0.9966
vn -0.0529 0.0915 0.9944
vn 0.0610 0.0380 0.9974
vn 0.1231 0.0591 0.9906
vn 0.1103 0.0742 0.9911
vn 0.7114 0.7028 0.0011
vn 0.7115 0.7027 0.0012
vn 0.7149 0.6992 0.0001
vn 0.0303 0.0484 0.9984
vn 0.7149 0.6992 -0.0002
vn 0.7114 0.7028 -0.0010
vn 0.1104 0.0743 -0.9911
vn 0.1232 0.0591 -0.9906
vn 0.0608 0.0377 -0.9974
vn 0.7114 0.7028 -0.0012
vn 0.0472 -0.0679 -0.9966
vn -0.0529 0.0915 -0.9944
vn 0.0303 0.0484 -0.9984
vn 0.1860 0.0918 -0.9782
vn -0.0989 0.3377 -0.9360
vn -0.3105 0.2855 -0.9067
vn -0.0562 0.0923 -0.9941
vn -0.0672 -0.0666 -0.9955
vn 0.0669 -0.0944 -0.9933
vn -0.0813 -0.0791 -0.9935
vn -0.0808 -0.0792 0.9936
vn 0.7147 0.6995 -0.0003
vn 0.7150 0.6992 -0.0000
vn 0.7105 0.7036 -0.0013
vn -0.0811 -0.0793 -0.9935
vn 0.1859 0.0898 0.9785
vn 0.0876 0.1780 0.9801
vn 0.0780 0.2032 0.9760
vn -0.0926 0.3390 0.9362
vn 0.1301 0.1545 0.9794
vn 0.0750 -0.1067 0.9915
vn -0.0340 -0.0470 0.9983
vn 0.0541 -0.0790 0.9954
vn -0.0208 0.0678 0.9975
vn -0.0466 0.0814 0.9956
vn -0.0136 0.0634 0.9979
vn 0.0801 0.0560 0.9952
vn 0.1286 0.0757 0.9888
vn 0.1181 0.0867 0.9892
vn 0.7114 0.7028 -0.0018
vn 0.7110 0.7031 0.0014
vn 0.7148 0.6993 0.0002
vn 0.0230 0.0486 0.9986
vn 0.7110 0.7032 -0.0014
vn -0.0208 0.0678 -0.9975
vn -0.0135 0.0634 -0.9979
vn -0.0466 0.0814 -0.9956
vn 0.0230 0.0486 -0.9986
vn 0.1859 0.0898 -0.9785
vn 0.0792 0.2022 -0.9761
vn 0.0873 0.1781 -0.9801
vn -0.0926 0.3390 -0.9362
vn -0.0812 -0.0794 0.9935
vn -0.0340 -0.0470 -0.9983
vn 0.0035 -0.1648 -0.9863
vn 0.0927 0.0382 -0.9950
vn 0.7147 0.6995 -0.0012
vn 0.7148 0.6994 -0.0003
vn 0.7106 0.7036 -0.0013
vn 0.7106 0.7036 -0.0015
vn 0.7150 0.6991 -0.0003
vn 0.7107 0.7035 0.0014
vn 0.0927 0.0386 0.9949
vn 0.0035 -0.1648 0.9863
vn -0.0672 -0.0667 0.9955
vn 0.0984 -0.1230 0.9875
vn -0.0182 0.0718 0.9973
vn -0.0110 0.0676 0.9977
vn 0.0322 0.0484 0.9983
vn 0.1857 0.0867 0.9788
vn 0.0860 0.1741 0.9810
vn 0.0776 0.1992 0.9769
vn -0.1012 0.3372 0.9360
vn -0.0517 0.0896 0.9946
vn 0.1311 0.1511 0.9798
vn 0.0663 -0.0935 0.9934
vn -0.1469 -0.1785 0.9729
vn 0.0391 -0.0550 0.9977
vn -0.0806 -0.0790 -0.9936
vn 0.1857 0.0867 -0.9788
vn 0.0789 0.1983 -0.9770
vn 0.0857 0.1741 -0.9810
vn -0.1012 0.3372 -0.9360
vn -0.0182 0.0719 -0.9972
vn 0.0322 0.0484 -0.9983
vn -0.0109 0.0676 -0.9977
vn -0.0517 0.0896 -0.9946
vn 0.0663 -0.0935 -0.9934
vn -0.1468 -0.1785 -0.9729
vn 0.1311 0.1511 -0.9798
vn 0.0391 -0.0550 -0.9977
vn 0.7106 0.7036 -0.0012
vn -0.0809 -0.0792 -0.9936
vn -0.0806 -0.0791 0.9936
vn -0.0806 -0.0790 0.9936
vn 0.7105 0.7037 0.0013
vn 0.7147 0.6995 0.0002
vn 0.7147 0.6994 -0.0010
vn 0.7115 0.7027 0.0013
vn 0.0147 -0.0596 0.9981
vn 0.0478 -0.0308 0.9984
vn 0.0872 0.0167 0.9961
vn 0.1487 0.0369 0.9882
vn 0.7118 0.7024 -0.0017
vn 0.7149 0.6992 0.0002
vn 0.7115 0.7027 -0.0013
vn -0.0814 -0.0792 -0.9935
vn -0.0597 0.3455 -0.9365
vn 0.7146 0.6995 -0.0012
vn 0.7113 0.7028 -0.0012
vn 0.7114 0.7028 0.0013
vn 0.7148 0.6993 -0.0010
vn -0.0989 0.3377 0.9361
vn -0.0810 -0.0796 0.9935
vn -0.0989 0.3377 -0.9361
vn 0.1310 0.1514 -0.9798
vn -0.0185 -0.1423 -0.9897
vn -0.0395 -0.0515 -0.9979
vn 0.0767 0.0192 -0.9969
vn 0.7110 0.7032 -0.0020
vn -0.0672 -0.0666 0.9955
vn -0.0805 -0.0791 0.9936
vn -0.0185 -0.1423 0.9897
vn 0.0767 0.0197 0.9969
vn -0.0162 0.0648 0.9978
vn -0.0162 0.0651 0.9977
vn 0.0109 0.0489 0.9987
vn 0.1877 0.1179 0.9751
vn 0.0964 0.1961 0.9758
vn 0.0921 0.2158 0.9721
vn -0.0792 0.3417 0.9365
vn -0.0476 0.0831 0.9954
vn -0.0806 -0.0791 -0.9936
vn 0.0933 0.2150 -0.9722
vn -0.0792 0.3417 -0.9365
vn 0.0960 0.1961 -0.9759
vn 0.1877 0.1179 -0.9751
vn -0.0162 0.0648 -0.9978
vn 0.0109 0.0489 -0.9987
vn -0.0161 0.0651 -0.9978
vn -0.0476 0.0831 -0.9954
vn 0.7114 0.7028 -0.0019
vn 0.7110 0.7032 -0.0013
vn 0.0717 -0.0234 -0.9971
vn 0.7147 0.6995 -0.0011
vn 0.7111 0.7031 0.0014
vn -0.0228 0.0328 0.9992
vn -0.0151 0.0301 0.9994
vn 0.0029 0.0329 0.9995
vn 0.0479 0.0453 0.9978
vn 0.1903 0.1648 0.9678
vn 0.0733 0.2211 0.9725
vn 0.0657 0.2223 0.9728
vn -0.0330 0.2713 0.9619
vn -0.0287 0.0340 0.9990
vn -0.0340 0.0475 0.9983
vn -0.2062 0.0763 0.9755
vn 0.0077 0.0490 0.9988
vn 0.1865 0.0988 0.9775
vn -0.0597 0.3455 0.9365
vn -0.0377 0.0673 0.9970
vn 0.0924 -0.0319 0.9952
vn 0.7103 0.7039 0.0015
vn 0.7113 0.7029 -0.0009
vn 0.7142 0.6999 0.0005
vn 0.7106 0.7036 0.0014
vn 0.1252 0.1227 0.9845
vn -0.0800 -0.0784 0.9937
vn 0.1363 0.1335 0.9816
vn -0.0678 -0.0665 0.9955
vn -0.0805 -0.0789 0.9936
vn -0.0805 -0.0789 -0.9936
vn -0.0807 -0.0788 -0.9936
vn -0.0808 -0.0788 0.9936
vn -0.0678 -0.0665 -0.9955
vn 0.1363 0.1335 -0.9816
vn -0.0800 -0.0784 -0.9937
vn 0.1252 0.1227 -0.9845
vn 0.7102 0.7040 -0.0015
vn 0.7142 0.6999 -0.0005
vn 0.7132 0.7010 -0.0008
vn 0.0964 -0.0351 -0.9947
vn 0.7114 0.7028 0.0012
vn 0.7113 0.7029 -0.0011
vn 0.7149 0.6992 -0.0003
vn -0.0810 -0.0794 -0.9935
vn -0.0807 -0.0790 0.9936
vn -0.0185 -0.1422 -0.9897
vn -0.0477 0.0299 -0.9984
vn 0.7146 0.6996 -0.0012
vn 0.7110 0.7031 -0.0021
vn -0.0811 -0.0791 -0.9936
vn -0.0812 -0.0803 -0.9935
vn -0.0811 -0.0793 0.9935
vn -0.0811 -0.0799 0.9935
vn -0.0813 -0.0797 0.9935
vn -0.0812 -0.0806 0.9934
vn -0.0812 -0.0806 -0.9934
vn -0.0811 -0.0793 -0.9936
vn -0.0808 -0.0790 0.9936
vn -0.0528 -0.0524 -0.9972
vn -0.0525 -0.0526 -0.9972
vn -0.0532 -0.0522 -0.9972
vn -0.0809 -0.0790 -0.9936
vn 0.1903 0.1648 -0.9678
vn 0.0662 0.2221 -0.9728
vn 0.0730 0.2212 -0.9725
vn -0.2062 0.0763 -0.9755
vn -0.0330 0.2713 -0.9619
vn -0.0228 0.0328 -0.9992
vn 0.0029 0.0329 -0.9995
vn -0.0151 0.0301 -0.9994
vn -0.0287 0.0340 -0.9990
vn 0.7143 0.6998 -0.0059
vn 0.7129 0.7012 -0.0123
vn 0.7145 0.6995 -0.0096
vn 0.7132 0.7008 -0.0163
vn 0.7150 0.6991 -0.0069
vn 0.0479 0.0453 -0.9978
vn 0.7132 0.7008 0.0117
vn 0.7148 0.6993 0.0092
vn 0.7110 0.7032 -0.0021
vn -0.0340 0.0475 -0.9983
vn -0.0528 -0.0524 0.9972
vn -0.0532 -0.0522 0.9972
vn -0.0525 -0.0526 0.9972
vn -0.0809 -0.0791 0.9936
vn 0.7148 0.6993 -0.0003
vn 0.7109 0.7033 -0.0012
vn 0.7110 0.7032 0.0014
vn 0.7110 0.7031 -0.0020
vn 0.7149 0.6993 0.0002
vn 0.7142 0.6999 -0.0000
vn -0.0805 -0.0790 0.9936
vn 0.7147 0.6994 -0.0011
vn 0.7113 0.7028 -0.0019
vn 0.0149 -0.0604 -0.9981
vn 0.0872 0.0167 -0.9960
vn 0.0476 -0.0311 -0.9984
vn 0.1490 0.0365 -0.9882
vn -0.0185 -0.1422 0.9897
vn -0.3106 0.2855 0.9067
vn -0.0527 -0.0525 0.9972
vn -0.0523 -0.0527 0.9972
vn -0.0439 0.0829 0.9956
vn 0.1969 0.3823 0.9028
vn 0.0642 -0.0792 0.9948
vn -0.0431 -0.1806 0.9826
vn 0.0130 -0.0810 0.9966
vn -0.0669 -0.1831 0.9808
vn 0.0176 -0.0968 0.9951
vn -0.1098 0.2232 0.9686
vn 0.1468 0.1282 0.9808
vn 0.0403 -0.0702 0.9967
vn 0.0003 -0.0837 0.9965
vn 0.0122 -0.1033 0.9946
vn -0.1577 0.2477 0.9559
vn 0.0309 -0.0505 0.9982
vn 0.0418 0.1264 0.9911
vn 0.0027 0.1275 0.9918
vn 0.0532 0.0543 0.9971
vn 0.0124 0.0122 0.9998
vn 0.0122 0.0121 0.9999
vn 0.0125 0.0122 0.9998
vn 0.0126 0.0122 0.9998
vn -0.0124 -0.0097 0.9999
vn -0.0118 -0.0105 0.9999
vn 0.0172 0.0178 0.9997
vn 0.0455 0.0459 0.9979
vn 0.7191 0.6949 -0.0000
vn 0.6865 -0.7272 0.0020
vn 0.6865 -0.7271 -0.0000
vn 0.6862 -0.7274 -0.0000
vn 0.6869 -0.7268 -0.0000
vn 0.6863 -0.7273 -0.0005
vn -0.7191 -0.6949 -0.0000
vn 0.0126 0.0122 -0.9998
vn 0.0123 0.0122 -0.9998
vn 0.0124 0.0122 -0.9998
vn 0.0455 0.0457 -0.9979
vn -0.0120 -0.0106 -0.9999
vn 0.0239 0.0091 -0.9997
vn 0.0307 0.0001 -0.9995
vn 0.0007 -0.0277 -0.9996
vn -0.0120 -0.0104 -0.9999
vn 0.6865 -0.7271 -0.0020
vn 0.6863 -0.7273 0.0005
vn -0.6870 0.7266 -0.0000
vn -0.6865 0.7271 -0.0000
vn -0.6867 0.7269 -0.0000
vn -0.0446 -0.0435 0.9981
vn -0.0010 -0.0006 1.0000
vn 0.0684 0.0678 0.9953
vn 0.0689 0.0669 0.9954
vn 0.7130 0.7012 -0.0000
vn 0.7071 0.7071 -0.0000
vn -0.6860 0.7276 -0.0000
vn 0.0689 0.0669 -0.9954
vn -0.0011 -0.0006 -1.0000
vn 0.0684 0.0678 -0.9953
vn -0.0449 -0.0435 -0.9980
vn -0.0832 -0.0787 -0.9934
vn 0.0378 0.0377 -0.9986
vn -0.0727 -0.0690 -0.9950
vn 0.6866 -0.7271 -0.0000
vn -0.7323 -0.6810 -0.0000
vn -0.7301 -0.6834 -0.0000
vn -0.7345 -0.6786 -0.0000
vn -0.0726 -0.0691 0.9950
vn 0.0382 0.0375 0.9986
vn -0.0833 -0.0787 0.9934
vn 0.0703 0.0658 0.9954
vn 0.6863 -0.7274 -0.0000
vn 0.7301 0.6834 -0.0000
vn 0.7244 0.6894 -0.0000
vn 0.0703 0.0658 -0.9954
vn -0.0916 -0.0846 0.9922
vn -0.0916 -0.0846 -0.9922
vn 0.1557 -0.0443 0.9868
vn 0.2565 0.0740 0.9637
vn 0.0374 0.1870 0.9817
vn 0.2487 0.2487 0.9361
vn 0.1062 0.2553 -0.9610
vn 0.2565 -0.0753 -0.9636
vn 0.1567 0.0447 -0.9866
vn 0.0742 -0.2557 0.9639
vn -0.0747 -0.2559 -0.9638
vn 0.0555 -0.1913 -0.9800
vn -0.0385 0.1865 -0.9817
vn -0.1551 -0.0458 -0.9868
vn -0.2487 0.2487 -0.9361
vn -0.2571 0.0739 -0.9636
vn -0.1072 0.2554 0.9609
vn -0.2573 -0.0772 0.9632
vn -0.1563 0.0470 0.9866
vn -0.0557 -0.1912 0.9800
vt 0.025487 0.022773
vt 0.043122 0.736838
vt 0.025487 0.736838
vt 0.043122 0.744739
vt 0.025487 0.744739
vt 0.019283 0.020869
vt 0.025462 0.739607
vt 0.019283 0.739607
vt 0.025462 0.020869
vt 0.025487 0.014871
vt 0.043122 0.014871
vt 0.060097 0.736838
vt 0.043122 0.022773
vt 0.060097 0.022773
vt 0.066505 0.738849
vt 0.060325 0.019916
vt 0.060325 0.738849
vt 0.066505 0.019916
vt 0.060097 0.014871
vt 0.060097 0.744739
vt 0.101320 0.054495
vt 0.094404 0.049081
vt 0.108629 0.047218
vt 0.101299 0.071435
vt 0.103516 0.061121
vt 0.106833 0.058392
vt 0.108826 0.054074
vt 0.114535 0.041830
vt 0.103486 0.038218
vt 0.114561 0.026464
vt 0.117401 0.041480
vt 0.118316 0.053584
vt 0.115474 0.054044
vt 0.119075 0.061968
vt 0.116501 0.072452
vt 0.116254 0.062120
vt 0.119271 0.072732
vt 0.114675 0.065404
vt 0.112443 0.064912
vt 0.114202 0.060975
vt 0.109351 0.062690
vt 0.112231 0.060034
vt 0.105276 0.064441
vt 0.108027 0.068959
vt 0.112093 0.070358
vt 0.110451 0.076275
vt 0.106781 0.075560
vt 0.116189 0.080360
vt 0.101598 0.081623
vt 0.109089 0.080732
vt 0.104146 0.074885
vt 0.111494 0.082576
vt 0.118982 0.080607
vt 0.116334 0.084568
vt 0.113830 0.084492
vt 0.110436 0.084626
vt 0.107180 0.087727
vt 0.112843 0.090817
vt 0.109430 0.091233
vt 0.105030 0.096194
vt 0.100987 0.092889
vt 0.107199 0.098805
vt 0.111888 0.096167
vt 0.108915 0.101588
vt 0.115843 0.107694
vt 0.112602 0.103691
vt 0.115984 0.093063
vt 0.108684 0.107748
vt 0.110105 0.111763
vt 0.106939 0.114910
vt 0.101314 0.108938
vt 0.111133 0.109710
vt 0.104147 0.104044
vt 0.101304 0.102498
vt 0.094288 0.105671
vt 0.093813 0.121989
vt 0.100763 0.120167
vt 0.101235 0.129829
vt 0.104802 0.123393
vt 0.106939 0.125946
vt 0.109222 0.118424
vt 0.111768 0.123398
vt 0.112607 0.117991
vt 0.116002 0.111780
vt 0.113491 0.111678
vt 0.115781 0.120189
vt 0.115971 0.135845
vt 0.118508 0.120397
vt 0.118733 0.111991
vt 0.110739 0.133301
vt 0.118763 0.135998
vt 0.116287 0.139952
vt 0.111569 0.137930
vt 0.113821 0.139875
vt 0.110483 0.139961
vt 0.107157 0.143066
vt 0.112902 0.146152
vt 0.105280 0.151703
vt 0.101158 0.148521
vt 0.101378 0.137294
vt 0.109500 0.146590
vt 0.101733 0.158130
vt 0.107520 0.154267
vt 0.094237 0.150468
vt 0.094714 0.159869
vt 0.101935 0.164598
vt 0.104603 0.159597
vt 0.109186 0.163253
vt 0.109348 0.157009
vt 0.113756 0.158359
vt 0.112075 0.151491
vt 0.116099 0.148358
vt 0.116353 0.159348
vt 0.116639 0.167108
vt 0.111661 0.165108
vt 0.118994 0.159506
vt 0.118828 0.148579
vt 0.119009 0.140141
vt 0.094026 0.094593
vt 0.112275 0.056271
vt 0.113854 0.055175
vt 0.094459 0.078351
vt 0.119060 0.084809
vt 0.118706 0.093328
vt 0.118621 0.107901
vt 0.104126 0.131340
vt 0.094196 0.131499
vt 0.108448 0.128613
vt 0.094724 0.177761
vt 0.101632 0.175826
vt 0.107619 0.170424
vt 0.110708 0.167201
vt 0.105764 0.178982
vt 0.109964 0.173876
vt 0.113340 0.173375
vt 0.108015 0.181510
vt 0.112550 0.178747
vt 0.116551 0.175562
vt 0.116815 0.186629
vt 0.109864 0.184169
vt 0.114349 0.184484
vt 0.114937 0.191788
vt 0.117330 0.195222
vt 0.119463 0.186751
vt 0.111534 0.188913
vt 0.119277 0.175758
vt 0.119383 0.167279
vt 0.120069 0.195375
vt 0.119855 0.203905
vt 0.117126 0.203681
vt 0.117328 0.214705
vt 0.113928 0.201476
vt 0.113083 0.206826
vt 0.114806 0.195176
vt 0.111461 0.195291
vt 0.108179 0.198424
vt 0.110519 0.201930
vt 0.102470 0.191875
vt 0.102156 0.203844
vt 0.106274 0.207033
vt 0.102698 0.213439
vt 0.108509 0.209598
vt 0.095669 0.215139
vt 0.102871 0.219903
vt 0.095226 0.205745
vt 0.105566 0.214915
vt 0.110327 0.212344
vt 0.110135 0.218587
vt 0.108528 0.225751
vt 0.111637 0.222541
vt 0.112601 0.220451
vt 0.114732 0.213707
vt 0.115028 0.222388
vt 0.117571 0.222475
vt 0.114235 0.228725
vt 0.113412 0.234084
vt 0.110855 0.229212
vt 0.117433 0.230931
vt 0.106634 0.234307
vt 0.108874 0.236849
vt 0.102516 0.231128
vt 0.103116 0.240733
vt 0.095600 0.233026
vt 0.096088 0.242411
vt 0.103268 0.247186
vt 0.106005 0.242221
vt 0.110722 0.239529
vt 0.112319 0.244284
vt 0.115307 0.240480
vt 0.112231 0.251708
vt 0.108918 0.254813
vt 0.115320 0.247968
vt 0.117591 0.242009
vt 0.118103 0.251658
vt 0.120238 0.242149
vt 0.120157 0.231147
vt 0.120314 0.222661
vt 0.102876 0.260214
vt 0.095931 0.262079
vt 0.096335 0.271476
vt 0.103374 0.269808
vt 0.103516 0.276272
vt 0.106979 0.263419
vt 0.109202 0.265993
vt 0.106234 0.271297
vt 0.111246 0.258332
vt 0.113790 0.263242
vt 0.114661 0.257895
vt 0.115577 0.251594
vt 0.117849 0.260117
vt 0.117998 0.271141
vt 0.120577 0.260353
vt 0.120843 0.251828
vt 0.120637 0.271322
vt 0.113245 0.276866
vt 0.118206 0.278912
vt 0.110787 0.274990
vt 0.115407 0.270131
vt 0.111008 0.268748
vt 0.109148 0.282146
vt 0.112271 0.278951
vt 0.115664 0.278814
vt 0.114843 0.285148
vt 0.113996 0.290504
vt 0.111460 0.285618
vt 0.118032 0.287369
vt 0.107213 0.290692
vt 0.109442 0.293244
vt 0.103109 0.287494
vt 0.103660 0.297100
vt 0.096182 0.289360
vt 0.096618 0.298747
vt 0.103775 0.303550
vt 0.106544 0.298601
vt 0.111278 0.295930
vt 0.112859 0.300696
vt 0.115934 0.296765
vt 0.112725 0.307066
vt 0.109412 0.310164
vt 0.116233 0.303596
vt 0.118155 0.298450
vt 0.118593 0.307053
vt 0.120861 0.298610
vt 0.120755 0.287597
vt 0.120948 0.279111
vt 0.096384 0.317346
vt 0.103333 0.315518
vt 0.096729 0.326743
vt 0.103776 0.325117
vt 0.103882 0.331582
vt 0.107417 0.318750
vt 0.109626 0.321338
vt 0.106627 0.326624
vt 0.111715 0.313693
vt 0.114228 0.318614
vt 0.115128 0.313273
vt 0.118304 0.315511
vt 0.116071 0.306983
vt 0.121330 0.307232
vt 0.118390 0.326537
vt 0.121030 0.315762
vt 0.121028 0.326733
vt 0.113604 0.332235
vt 0.118551 0.334310
vt 0.111157 0.330344
vt 0.115806 0.325512
vt 0.111415 0.324103
vt 0.109476 0.337491
vt 0.112618 0.334314
vt 0.115149 0.340527
vt 0.116010 0.334197
vt 0.114268 0.345879
vt 0.111765 0.340978
vt 0.118322 0.342766
vt 0.118363 0.353841
vt 0.121043 0.343008
vt 0.121292 0.334524
vt 0.096473 0.344617
vt 0.103411 0.342802
vt 0.107492 0.346029
vt 0.109705 0.348600
vt 0.111527 0.351306
vt 0.116192 0.352263
vt 0.113061 0.356097
vt 0.112843 0.363589
vt 0.109494 0.366650
vt 0.103962 0.358864
vt 0.106772 0.353938
vt 0.113909 0.361559
vt 0.103901 0.352410
vt 0.096853 0.353992
vt 0.096420 0.373735
vt 0.103390 0.371974
vt 0.107453 0.375230
vt 0.111787 0.370198
vt 0.115218 0.369803
vt 0.118374 0.372071
vt 0.114268 0.375142
vt 0.118775 0.363610
vt 0.116258 0.363508
vt 0.109642 0.377833
vt 0.111408 0.380612
vt 0.118363 0.383104
vt 0.115787 0.382057
vt 0.121099 0.372347
vt 0.121000 0.383323
vt 0.113528 0.388763
vt 0.118458 0.390880
vt 0.111097 0.386852
vt 0.109356 0.393985
vt 0.112524 0.390835
vt 0.103808 0.388030
vt 0.106597 0.383095
vt 0.103758 0.381566
vt 0.096694 0.383132
vt 0.096284 0.401006
vt 0.121509 0.363818
vt 0.121068 0.354019
vt 0.121196 0.391118
vt 0.120882 0.399600
vt 0.118161 0.399336
vt 0.118153 0.410410
vt 0.115005 0.397071
vt 0.114083 0.402424
vt 0.115918 0.390746
vt 0.111617 0.397492
vt 0.107292 0.402495
vt 0.109480 0.405076
vt 0.103650 0.408852
vt 0.103237 0.399240
vt 0.106513 0.410392
vt 0.096588 0.410400
vt 0.103682 0.415301
vt 0.111264 0.407779
vt 0.112817 0.412563
vt 0.109229 0.421989
vt 0.112587 0.418937
vt 0.116148 0.415521
vt 0.115740 0.408204
vt 0.118455 0.419013
vt 0.115934 0.418905
vt 0.114900 0.425181
vt 0.111481 0.425552
vt 0.118043 0.427465
vt 0.113924 0.430509
vt 0.117974 0.438491
vt 0.115404 0.437429
vt 0.109283 0.433167
vt 0.111034 0.435957
vt 0.106210 0.438410
vt 0.110687 0.442193
vt 0.103394 0.443330
vt 0.108905 0.449315
vt 0.112091 0.446184
vt 0.113107 0.444118
vt 0.102762 0.454544
vt 0.106800 0.457822
vt 0.111146 0.452833
vt 0.114537 0.452430
vt 0.118025 0.446264
vt 0.115486 0.446114
vt 0.117679 0.454714
vt 0.113582 0.457766
vt 0.117565 0.465792
vt 0.120397 0.454998
vt 0.120762 0.446518
vt 0.120266 0.466007
vt 0.115148 0.471693
vt 0.117839 0.475450
vt 0.112238 0.467936
vt 0.115319 0.464207
vt 0.120573 0.475687
vt 0.110759 0.463144
vt 0.108977 0.460419
vt 0.105977 0.465718
vt 0.103125 0.464160
vt 0.095801 0.456271
vt 0.096310 0.438392
vt 0.096059 0.465666
vt 0.103119 0.470615
vt 0.095418 0.485323
vt 0.102406 0.483629
vt 0.108579 0.478378
vt 0.106430 0.486934
vt 0.110820 0.481954
vt 0.114245 0.481601
vt 0.111967 0.475356
vt 0.115315 0.475324
vt 0.113242 0.486924
vt 0.117376 0.483900
vt 0.117255 0.494923
vt 0.120098 0.484203
vt 0.112364 0.500530
vt 0.117273 0.502695
vt 0.119947 0.495180
vt 0.109953 0.498595
vt 0.114690 0.493850
vt 0.120008 0.502959
vt 0.110327 0.492360
vt 0.108589 0.489562
vt 0.105492 0.494792
vt 0.102669 0.493233
vt 0.095591 0.494728
vt 0.102654 0.499699
vt 0.095002 0.512606
vt 0.101971 0.510908
vt 0.108141 0.505710
vt 0.111340 0.502591
vt 0.110368 0.509238
vt 0.105995 0.514202
vt 0.113760 0.508850
vt 0.108158 0.516806
vt 0.112788 0.514191
vt 0.109915 0.519535
vt 0.116776 0.522210
vt 0.114170 0.520662
vt 0.116894 0.511143
vt 0.111422 0.524314
vt 0.111138 0.530686
vt 0.107754 0.533711
vt 0.102266 0.526976
vt 0.105141 0.522093
vt 0.114728 0.527301
vt 0.102292 0.520526
vt 0.095216 0.522008
vt 0.094571 0.540605
vt 0.119612 0.511432
vt 0.119476 0.522430
vt 0.117005 0.530810
vt 0.114485 0.530681
vt 0.113398 0.536946
vt 0.101557 0.538933
vt 0.105568 0.542255
vt 0.109976 0.537290
vt 0.101788 0.548548
vt 0.107717 0.544890
vt 0.094708 0.550019
vt 0.101755 0.555028
vt 0.104605 0.550115
vt 0.109445 0.547691
vt 0.109054 0.553924
vt 0.107239 0.561049
vt 0.110437 0.557919
vt 0.111463 0.555856
vt 0.116364 0.550260
vt 0.113803 0.549186
vt 0.112378 0.542264
vt 0.116522 0.539253
vt 0.119241 0.539564
vt 0.119738 0.531053
vt 0.101052 0.566258
vt 0.105098 0.569564
vt 0.109478 0.564573
vt 0.112866 0.564153
vt 0.116009 0.566396
vt 0.111952 0.569510
vt 0.116368 0.558006
vt 0.113830 0.557853
vt 0.108980 0.575020
vt 0.107271 0.572190
vt 0.115943 0.583670
vt 0.112685 0.577443
vt 0.108776 0.583713
vt 0.104145 0.577390
vt 0.101471 0.585069
vt 0.107129 0.590940
vt 0.111252 0.585681
vt 0.110249 0.587747
vt 0.101068 0.596289
vt 0.105172 0.599504
vt 0.109434 0.594423
vt 0.112815 0.593956
vt 0.116010 0.596160
vt 0.111977 0.599307
vt 0.116151 0.587734
vt 0.113635 0.587642
vt 0.109213 0.604818
vt 0.107399 0.602072
vt 0.116213 0.607179
vt 0.113618 0.606181
vt 0.104445 0.607377
vt 0.109012 0.611055
vt 0.101741 0.612356
vt 0.107399 0.618214
vt 0.111478 0.612921
vt 0.110511 0.615009
vt 0.101378 0.623580
vt 0.105493 0.626760
vt 0.109726 0.621679
vt 0.113107 0.621196
vt 0.116305 0.623400
vt 0.112283 0.626563
vt 0.116447 0.614944
vt 0.113904 0.614857
vt 0.109564 0.631970
vt 0.107730 0.629300
vt 0.116502 0.634470
vt 0.114048 0.632310
vt 0.111207 0.636723
vt 0.104863 0.634671
vt 0.102124 0.639632
vt 0.107796 0.646214
vt 0.114593 0.639618
vt 0.111097 0.643100
vt 0.101742 0.651600
vt 0.105841 0.654812
vt 0.110115 0.649734
vt 0.113527 0.649299
vt 0.116713 0.651523
vt 0.112652 0.654644
vt 0.116966 0.643066
vt 0.114442 0.643005
vt 0.109864 0.660146
vt 0.108061 0.657390
vt 0.116851 0.662548
vt 0.114261 0.661535
vt 0.105087 0.662690
vt 0.109635 0.666388
vt 0.102365 0.667662
vt 0.107988 0.673542
vt 0.112091 0.668266
vt 0.111114 0.670351
vt 0.101946 0.678886
vt 0.106044 0.682088
vt 0.110294 0.677017
vt 0.113676 0.676549
vt 0.116861 0.678773
vt 0.112822 0.681903
vt 0.117048 0.670318
vt 0.114506 0.670217
vt 0.110101 0.687334
vt 0.108269 0.684643
vt 0.116953 0.689850
vt 0.114679 0.688309
vt 0.111670 0.692098
vt 0.105372 0.689999
vt 0.102611 0.694950
vt 0.108214 0.702612
vt 0.114648 0.695796
vt 0.111540 0.699522
vt 0.102156 0.707978
vt 0.106238 0.711214
vt 0.110521 0.706145
vt 0.113933 0.705720
vt 0.117103 0.707950
vt 0.113036 0.711069
vt 0.117408 0.699497
vt 0.114884 0.699423
vt 0.110239 0.716577
vt 0.108446 0.713807
vt 0.117200 0.718972
vt 0.114623 0.717966
vt 0.105464 0.719097
vt 0.110024 0.722854
vt 0.102701 0.724025
vt 0.108114 0.729940
vt 0.111436 0.726857
vt 0.112475 0.724785
vt 0.114926 0.726810
vt 0.117517 0.726676
vt 0.120279 0.726769
vt 0.117793 0.733791
vt 0.119838 0.719119
vt 0.115203 0.733884
vt 0.111676 0.733971
vt 0.108184 0.734044
vt 0.102292 0.733844
vt 0.095268 0.733571
vt 0.095555 0.719154
vt 0.119827 0.708189
vt 0.120145 0.699678
vt 0.119599 0.690003
vt 0.119583 0.679004
vt 0.102492 0.688495
vt 0.095020 0.680742
vt 0.095457 0.690131
vt 0.095205 0.709781
vt 0.102608 0.717574
vt 0.095190 0.662857
vt 0.102229 0.661197
vt 0.119189 0.615129
vt 0.118910 0.607354
vt 0.101578 0.605892
vt 0.094538 0.607569
vt 0.094124 0.598144
vt 0.094407 0.581862
vt 0.101339 0.575845
vt 0.094068 0.567968
vt 0.118735 0.583847
vt 0.118728 0.566654
vt 0.118722 0.577461
vt 0.118887 0.587929
vt 0.118738 0.596380
vt 0.119103 0.558266
vt 0.119054 0.550521
vt 0.094457 0.625472
vt 0.094938 0.634862
vt 0.101971 0.633183
vt 0.094801 0.653461
vt 0.119030 0.623611
vt 0.119149 0.634607
vt 0.119704 0.643235
vt 0.119440 0.651763
vt 0.119547 0.662742
vt 0.119790 0.670520
vt 0.120543 0.733689
vt 0.114734 0.502536
vt 0.103380 0.436864
vt 0.096099 0.428990
vt 0.107112 0.430548
vt 0.103074 0.427259
vt 0.120666 0.438736
vt 0.120766 0.427756
vt 0.121190 0.419235
vt 0.120856 0.410607
vt 0.119968 0.214875
vt 0.095257 0.187147
vt 0.102279 0.185427
vt 0.105179 0.186897
vt 0.114097 0.167033
vt 0.275648 0.489446
vt 0.168801 0.489446
vt 0.275648 0.421608
vt 0.168801 0.421608
vt 0.275648 0.560280
vt 0.168801 0.560280
vt 0.275648 0.399073
vt 0.158304 0.410340
vt 0.147808 0.489446
vt 0.158304 0.565980
vt 0.275648 0.571680
vt 0.212126 0.344448
vt 0.186201 0.356205
vt 0.186201 0.344448
vt 0.186201 0.043981
vt 0.212126 0.043981
vt 0.234126 0.047463
vt 0.243278 0.348587
vt 0.234126 0.348587
vt 0.212126 0.356205
vt 0.162765 0.344448
vt 0.162765 0.356205
vt 0.162765 0.043981
vt 0.186201 0.033556
vt 0.162765 0.033556
vt 0.186201 0.021799
vt 0.162765 0.021799
vt 0.234110 0.046979
vt 0.243278 0.036514
vt 0.234110 0.036514
vt 0.243278 0.046979
vt 0.234110 0.348587
vt 0.212126 0.033556
vt 0.234126 0.037016
vt 0.243278 0.047463
vt 0.212126 0.021799
vt 0.243278 0.037016
vt 0.431156 0.883686
vt 0.459900 0.912430
vt 0.218624 0.883686
vt 0.189880 0.912430
vt 0.189880 0.642410
vt 0.218624 0.671154
vt 0.459900 0.642410
vt 0.431156 0.671154
s 1
usemtl initialShadingGroup
f 3450/1947/2142 3447/1948/2142 3446/1949/2142
f 3447/1948/2143 3448/1950/2144 3446/1949/2145
f 3446/1949/2145 3448/1950/2144 3449/1951/2145
f 3451/1952/2146 3446/1953/2146 3449/1954/2146
f 3450/1955/2146 3446/1953/2146 3451/1952/2146
f 3454/1953/2146 3451/1952/2146 3449/1954/2146
f 3451/1956/2147 3452/1957/2148 3450/1947/2147
f 3453/1947/2147 3452/1957/2148 3451/1956/2147
f 3453/1955/2146 3451/1952/2146 3454/1953/2146
f 3449/1951/2145 3448/1950/2144 3454/1949/2145
f 3455/1948/2149 3453/1947/2149 3454/1949/2149
f 3454/1949/2145 3448/1950/2144 3455/1948/2144
f 3456/1958/2150 3457/1959/2150 3455/1948/2150
f 3455/1948/2144 3448/1950/2144 3456/1958/2151
f 3457/1959/2149 3453/1947/2149 3455/1948/2149
f 3458/1960/2150 3457/1959/2150 3456/1958/2150
f 3457/1959/2148 3452/1957/2148 3453/1947/2147
f 3457/1959/2148 3458/1960/2152 3452/1957/2148
f 3459/1961/2153 3458/1962/2153 3456/1963/2153
f 3460/1964/2153 3458/1962/2153 3459/1961/2153
f 3452/1957/2148 3458/1960/2152 3460/1965/2152
f 3460/1964/2153 3459/1961/2153 3461/1962/2153
f 3461/1960/2152 3452/1957/2148 3460/1965/2152
f 3461/1960/2154 3462/1958/2154 3463/1959/2154
f 3461/1962/2153 3459/1961/2153 3462/1963/2153
f 3463/1959/2148 3452/1957/2148 3461/1960/2152
f 3463/1959/2154 3462/1958/2154 3447/1948/2154
f 3463/1959/2142 3447/1948/2142 3450/1947/2142
f 3450/1947/2147 3452/1957/2148 3463/1959/2148
f 3448/1950/2144 3462/1958/2151 3459/1966/2151
f 3447/1948/2143 3462/1958/2151 3448/1950/2144
f 3456/1958/2151 3448/1950/2144 3459/1966/2151
f 3464/1967/2155 3465/1968/2156 3470/1969/2157
f 3464/1967/2158 3466/1970/2159 3465/1968/2160
f 3464/1967/2161 3467/1971/2161 3466/1970/2161
f 3464/1967/2162 3468/1972/2162 3467/1971/2162
f 3464/1967/2163 3469/1973/2163 3468/1972/2163
f 3470/1969/2164 3469/1973/2164 3464/1967/2164
f 3471/1974/2164 3469/1973/2164 3470/1969/2164
f 3470/1969/2165 3472/1975/2166 3471/1974/2167
f 3470/1969/2157 3465/1968/2156 3472/1975/2168
f 3471/1974/2167 3472/1975/2166 3473/1976/2169
f 3472/1975/2170 3475/1974/2171 3473/1976/2172
f 3465/1968/2173 3474/1969/2174 3472/1975/2175
f 3474/1969/2176 3475/1974/2171 3472/1975/2170
f 3475/1974/2177 3474/1969/2177 3478/1973/2177
f 3476/1977/2178 3473/1976/2179 3475/1974/2178
f 3476/1977/2178 3475/1974/2178 3479/1978/2180
f 3477/1979/2181 3475/1974/2181 3478/1973/2181
f 3479/1978/2180 3475/1974/2178 3477/1979/2180
f 3479/1978/2180 3471/1974/2182 3476/1977/2178
f 3480/1979/2180 3471/1974/2182 3479/1978/2180
f 3481/1980/2183 3480/1979/2180 3479/1978/2180
f 3479/1978/2180 3477/1979/2180 3481/1980/2183
f 3482/1981/2180 3481/1980/2183 3483/1982/2184
f 3485/1983/2180 3481/1980/2183 3482/1981/2180
f 3481/1980/2183 3477/1979/2180 3483/1982/2184
f 3481/1980/2183 3484/1981/2180 3486/1982/2185
f 3485/1983/2180 3484/1981/2180 3481/1980/2183
f 3486/1982/2185 3480/1979/2180 3481/1980/2183
f 3484/1981/2186 3489/1984/2186 3486/1982/2186
f 3486/1982/2187 3488/1985/2187 3487/1986/2187
f 3486/1982/2188 3487/1986/2189 3480/1979/2190
f 3486/1982/2191 3489/1984/2191 3488/1985/2191
f 3484/1981/2192 3488/1985/2192 3489/1984/2192
f 3490/1987/2193 3492/1988/2193 3488/1985/2193
f 3488/1985/2194 3491/1989/2194 3490/1987/2194
f 3488/1985/2195 3493/1990/2195 3491/1989/2195
f 3487/1986/2196 3488/1985/2196 3492/1988/2196
f 3488/1985/2197 3494/1991/2197 3493/1990/2197
f 3484/1981/2198 3494/1991/2198 3488/1985/2198
f 3493/1990/2199 3494/1991/2199 3495/1992/2199
f 3484/1981/2200 3495/1992/2200 3494/1991/2200
f 3495/1992/2201 3499/1993/2201 3493/1990/2201
f 3498/1994/2202 3495/1992/2202 3484/1981/2202
f 3495/1992/2203 3496/1995/2203 3499/1993/2203
f 3495/1992/2204 3497/1996/2204 3496/1995/2204
f 3498/1994/2205 3497/1996/2205 3495/1992/2205
f 3493/1990/2206 3499/1993/2206 3500/1997/2206
f 3499/1993/2207 3496/1995/2207 3500/1997/2207
f 3493/1990/2208 3500/1997/2208 3491/1989/2208
f 3491/1989/2209 3500/1997/2209 3466/1970/2209
f 3466/1970/2210 3500/1997/2210 3496/1995/2210
f 3485/1983/2180 3498/1994/2180 3484/1981/2180
f 3498/1994/2211 3504/1998/2212 3497/1996/2213
f 3501/1999/2180 3502/2000/2214 3498/1994/2180
f 3501/1999/2180 3498/1994/2180 3485/1983/2180
f 3502/2000/2215 3503/2001/2216 3498/1994/2211
f 3498/1994/2211 3503/2001/2216 3504/1998/2212
f 3497/1996/2217 3504/1998/2217 3505/2002/2217
f 3505/2002/2217 3504/1998/2217 3503/2001/2217
f 3507/2003/2218 3505/2002/2218 3506/2004/2218
f 3503/2001/2217 3506/2004/2217 3505/2002/2217
f 3497/1996/2218 3505/2002/2218 3507/2003/2218
f 3507/2003/2219 3510/2005/2220 3508/2006/2221
f 3507/2003/2222 3508/2006/2222 3509/2007/2222
f 3506/2004/2223 3510/2005/2223 3507/2003/2223
f 3497/1996/2224 3507/2003/2224 3496/1995/2224
f 3496/1995/2225 3507/2003/2225 3509/2007/2225
f 3508/2006/2221 3510/2005/2220 3511/2008/2226
f 3511/2008/2227 3510/2005/2227 3512/2009/2227
f 3506/2004/2228 3512/2009/2229 3510/2005/2230
f 3512/2009/2231 3515/2010/2231 3511/2008/2231
f 3513/2011/2232 3516/2012/2233 3512/2009/2234
f 3513/2011/2235 3512/2009/2235 3514/2013/2235
f 3514/2013/2236 3512/2009/2229 3506/2004/2228
f 3512/2009/2237 3516/2012/2238 3515/2010/2239
f 3515/2010/2239 3516/2012/2238 3517/2014/2240
f 3513/2011/2232 3517/2014/2241 3516/2012/2233
f 3517/2014/2218 3519/2015/2218 3518/2016/2218
f 3517/2014/2224 3518/2016/2224 3522/2017/2224
f 3517/2014/2217 3520/2018/2217 3519/2015/2217
f 3513/2011/2242 3520/2018/2212 3517/2014/2213
f 3521/2019/2243 3517/2014/2243 3522/2017/2243
f 3521/2019/2244 3515/2010/2244 3517/2014/2244
f 3523/2020/2245 3521/2019/2246 3522/2017/2247
f 3524/2021/2248 3523/2020/2249 3522/2017/2250
f 3524/2021/2248 3522/2017/2250 3525/2022/2251
f 3525/2022/2251 3522/2017/2250 3526/2023/2252
f 3522/2017/2225 3518/2016/2225 3526/2023/2225
f 3526/2023/2252 3527/2024/2253 3525/2022/2251
f 3518/2016/2222 3528/2025/2222 3526/2023/2222
f 3527/2024/2254 3526/2023/2254 3528/2025/2254
f 3527/2024/2255 3528/2025/2255 3529/2026/2255
f 3528/2025/2221 3530/2027/2220 3529/2026/2226
f 3518/2016/2219 3530/2027/2220 3528/2025/2221
f 3529/2026/2227 3530/2027/2227 3531/2028/2227
f 3532/2029/2228 3531/2028/2256 3530/2027/2257
f 3532/2029/2223 3530/2027/2223 3518/2016/2223
f 3533/2030/2258 3532/2029/2259 3534/2031/2260
f 3535/2032/2261 3532/2029/2259 3533/2030/2258
f 3534/2031/2217 3532/2029/2217 3519/2015/2217
f 3535/2032/2236 3531/2028/2256 3532/2029/2228
f 3518/2016/2218 3519/2015/2218 3532/2029/2218
f 3538/2033/2262 3531/2028/2262 3535/2032/2262
f 3536/2034/2263 3538/2033/2264 3535/2032/2265
f 3536/2034/2263 3535/2032/2265 3537/2035/2183
f 3537/2035/2183 3535/2032/2265 3533/2030/2183
f 3538/2033/2266 3540/2036/2266 3531/2028/2266
f 3539/2037/2267 3538/2033/2264 3536/2034/2263
f 3539/2037/2267 3541/2038/2183 3538/2033/2264
f 3538/2033/2268 3543/2039/2268 3540/2036/2268
f 3541/2038/2215 3542/2040/2216 3538/2033/2269
f 3538/2033/2269 3542/2040/2216 3543/2039/2270
f 3540/2036/2271 3543/2039/2271 3544/2041/2271
f 3544/2041/2217 3543/2039/2217 3542/2040/2217
f 3540/2036/2272 3544/2041/2272 3546/2042/2272
f 3542/2040/2217 3545/2043/2217 3544/2041/2217
f 3546/2042/2218 3544/2041/2218 3545/2043/2218
f 3546/2042/2222 3550/2044/2222 3547/2045/2222
f 3549/2046/2225 3546/2042/2225 3547/2045/2225
f 3540/2036/2273 3546/2042/2273 3549/2046/2273
f 3546/2042/2219 3548/2047/2220 3550/2044/2221
f 3545/2043/2223 3548/2047/2223 3546/2042/2223
f 3552/2048/2254 3547/2045/2254 3550/2044/2254
f 3552/2048/2255 3550/2044/2255 3551/2049/2255
f 3550/2044/2221 3548/2047/2220 3551/2049/2226
f 3547/2045/2274 3552/2048/2275 3554/2050/2276
f 3553/2051/2277 3552/2048/2275 3555/2052/2278
f 3554/2050/2276 3552/2048/2275 3553/2051/2277
f 3552/2048/2279 3556/2053/2279 3555/2052/2279
f 3551/2049/2279 3556/2053/2279 3552/2048/2279
f 3556/2053/2280 3557/2054/2280 3555/2052/2280
f 3551/2049/2281 3558/2055/2281 3556/2053/2281
f 3556/2053/2282 3558/2055/2282 3557/2054/2282
f 3558/2055/2283 3559/2056/2283 3557/2054/2283
f 3560/2057/2284 3559/2056/2284 3558/2055/2284
f 3560/2057/2231 3558/2055/2231 3551/2049/2231
f 3551/2049/2227 3548/2047/2227 3560/2057/2227
f 3545/2043/2228 3560/2057/2256 3548/2047/2230
f 3561/2058/2236 3560/2057/2256 3545/2043/2228
f 3562/2059/2285 3560/2057/2285 3561/2058/2285
f 3562/2059/2286 3559/2056/2286 3560/2057/2286
f 3563/2060/2287 3564/2061/2288 3562/2059/2289
f 3565/2062/2290 3563/2060/2291 3562/2059/2292
f 3562/2059/2293 3564/2061/2293 3557/2054/2293
f 3565/2062/2290 3562/2059/2292 3566/2063/2183
f 3562/2059/2294 3557/2054/2294 3559/2056/2294
f 3566/2063/2183 3562/2059/2292 3561/2058/2183
f 3566/2063/2183 3567/2064/2183 3568/2058/2184
f 3566/2063/2183 3561/2058/2183 3567/2064/2183
f 3570/2059/2295 3566/2063/2183 3568/2058/2184
f 3569/2062/2296 3566/2063/2183 3570/2059/2295
f 3570/2059/2297 3572/2061/2298 3571/2060/2299
f 3571/2060/2300 3569/2062/2296 3570/2059/2295
f 3570/2059/2301 3573/2054/2301 3572/2061/2301
f 3570/2059/2302 3575/2056/2302 3573/2054/2302
f 3570/2059/2303 3574/2057/2303 3575/2056/2303
f 3570/2059/2304 3568/2058/2304 3574/2057/2304
f 3574/2057/2305 3576/2055/2305 3575/2056/2305
f 3576/2055/2306 3573/2054/2306 3575/2056/2306
f 3574/2057/2307 3577/2049/2307 3576/2055/2307
f 3577/2049/2308 3578/2053/2308 3576/2055/2308
f 3578/2053/2309 3573/2054/2309 3576/2055/2309
f 3577/2049/2310 3580/2048/2310 3578/2053/2310
f 3580/2048/2310 3579/2052/2310 3578/2053/2310
f 3578/2053/2311 3579/2052/2311 3573/2054/2311
f 3580/2048/2312 3582/2044/2312 3581/2045/2312
f 3554/2050/2313 3580/2048/2314 3581/2045/2315
f 3553/2051/2316 3579/2052/2317 3580/2048/2314
f 3553/2051/2316 3580/2048/2314 3554/2050/2313
f 3580/2048/2318 3577/2049/2318 3582/2044/2318
f 3584/2042/2319 3581/2045/2319 3582/2044/2319
f 3583/2047/2320 3582/2044/2321 3577/2049/2322
f 3584/2042/2323 3582/2044/2321 3583/2047/2320
f 3586/2046/2324 3581/2045/2324 3584/2042/2324
f 3585/2036/2325 3584/2042/2325 3588/2041/2325
f 3585/2036/2326 3586/2046/2326 3584/2042/2326
f 3587/2043/2327 3584/2042/2327 3583/2047/2327
f 3584/2042/2328 3587/2043/2328 3588/2041/2328
f 3588/2041/2329 3589/2040/2329 3590/2039/2329
f 3589/2040/2329 3588/2041/2329 3587/2043/2329
f 3585/2036/2330 3588/2041/2330 3590/2039/2330
f 3591/2033/2331 3585/2036/2331 3590/2039/2331
f 3589/2040/2332 3591/2033/2333 3590/2039/2334
f 3593/2038/2183 3539/2037/2267 3591/2033/2335
f 3539/2037/2267 3536/2034/2263 3591/2033/2335
f 3591/2033/2336 3592/2028/2336 3585/2036/2336
f 3591/2033/2337 3594/2032/2337 3592/2028/2337
f 3593/2038/2338 3591/2033/2333 3589/2040/2332
f 3591/2033/2335 3536/2034/2263 3594/2032/2339
f 3594/2032/2339 3537/2035/2183 3595/2030/2183
f 3536/2034/2263 3537/2035/2183 3594/2032/2339
f 3594/2032/2340 3596/2029/2341 3592/2028/2342
f 3594/2032/2343 3595/2030/2344 3596/2029/2345
f 3596/2029/2345 3595/2030/2344 3597/2031/2346
f 3597/2031/2329 3598/2015/2329 3596/2029/2329
f 3600/2016/2328 3596/2029/2328 3598/2015/2328
f 3592/2028/2342 3596/2029/2341 3599/2027/2347
f 3596/2029/2327 3600/2016/2327 3599/2027/2327
f 3600/2016/2319 3601/2023/2319 3603/2025/2319
f 3604/2017/2324 3601/2023/2324 3600/2016/2324
f 3602/2014/2328 3600/2016/2328 3598/2015/2328
f 3602/2014/2348 3604/2017/2348 3600/2016/2348
f 3600/2016/2323 3603/2025/2321 3599/2027/2320
f 3524/2021/2349 3525/2022/2350 3604/2017/2351
f 3524/2021/2349 3604/2017/2351 3606/2020/2352
f 3606/2020/2353 3604/2017/2354 3605/2019/2355
f 3605/2019/2356 3604/2017/2356 3602/2014/2356
f 3604/2017/2351 3525/2022/2350 3601/2023/2357
f 3524/2021/2349 3606/2020/2352 3608/2065/2358
f 3606/2020/2318 3607/2008/2318 3610/2006/2318
f 3607/2008/2310 3606/2020/2353 3605/2019/2355
f 3608/2065/2358 3606/2020/2352 3609/2007/2359
f 3606/2020/2312 3610/2006/2312 3609/2007/2312
f 3611/2005/2320 3610/2006/2321 3607/2008/2322
f 3612/2003/2323 3610/2006/2321 3611/2005/2320
f 3612/2003/2319 3609/2007/2319 3610/2006/2319
f 3613/1996/2328 3612/2003/2328 3616/2002/2328
f 3613/1996/2348 3614/1995/2348 3612/2003/2348
f 3614/1995/2324 3609/2007/2324 3612/2003/2324
f 3615/2004/2327 3612/2003/2327 3611/2005/2327
f 3612/2003/2328 3615/2004/2328 3616/2002/2328
f 3613/1996/2329 3616/2002/2329 3618/1998/2329
f 3616/2002/2329 3617/2001/2329 3618/1998/2329
f 3617/2001/2329 3616/2002/2329 3615/2004/2329
f 3619/1994/2360 3613/1996/2361 3618/1998/2362
f 3617/2001/2332 3619/1994/2360 3618/1998/2362
f 3619/1994/2363 3621/1992/2363 3613/1996/2363
f 3620/2000/2338 3619/1994/2360 3617/2001/2332
f 3620/2000/2364 3501/1999/2180 3619/1994/2183
f 3501/1999/2180 3485/1983/2180 3619/1994/2183
f 3619/1994/2365 3482/1981/2365 3621/1992/2365
f 3619/1994/2183 3485/1983/2180 3482/1981/2180
f 3621/1992/2366 3622/1990/2366 3624/1993/2366
f 3622/1990/2367 3621/1992/2367 3623/1991/2367
f 3482/1981/2368 3623/1991/2368 3621/1992/2368
f 3621/1992/2369 3624/1993/2369 3614/1995/2369
f 3621/1992/2370 3614/1995/2370 3613/1996/2370
f 3622/1990/2371 3625/1997/2371 3624/1993/2371
f 3624/1993/2372 3625/1997/2372 3614/1995/2372
f 3622/1990/2373 3627/1989/2373 3625/1997/2373
f 3626/1970/2374 3614/1995/2374 3625/1997/2374
f 3627/1989/2375 3626/1970/2375 3625/1997/2375
f 3626/1970/2376 3627/1989/2376 3631/1971/2376
f 3628/1985/2377 3627/1989/2377 3622/1990/2377
f 3628/1985/2378 3629/1987/2378 3627/1989/2378
f 3627/1989/2379 3629/1987/2380 3630/1972/2381
f 3631/1971/2382 3627/1989/2382 3630/1972/2382
f 3632/1967/2383 3631/1971/2383 3630/1972/2383
f 3632/1967/2384 3626/1970/2384 3631/1971/2384
f 3632/1967/2385 3465/1968/2386 3626/1970/2387
f 3632/1967/2388 3630/1972/2388 3478/1973/2388
f 3474/1969/2177 3632/1967/2177 3478/1973/2177
f 3632/1967/2389 3474/1969/2174 3465/1968/2173
f 3478/1973/2390 3630/1972/2390 3633/2066/2390
f 3630/1972/2381 3629/1987/2380 3633/2066/2391
f 3633/2066/2392 3634/1988/2393 3635/2067/2394
f 3633/2066/2395 3629/1987/2395 3634/1988/2395
f 3478/1973/2396 3633/2066/2396 3635/2067/2396
f 3636/1986/2397 3477/1979/2398 3635/2067/2399
f 3635/2067/2394 3634/1988/2393 3636/1986/2400
f 3477/1979/2396 3478/1973/2396 3635/2067/2396
f 3483/1982/2401 3636/1986/2401 3628/1985/2401
f 3483/1982/2402 3477/1979/2398 3636/1986/2397
f 3636/1986/2403 3634/1988/2403 3628/1985/2403
f 3629/1987/2395 3628/1985/2395 3634/1988/2395
f 3628/1985/2404 3622/1990/2404 3623/1991/2404
f 3482/1981/2405 3628/1985/2405 3623/1991/2405
f 3482/1981/2406 3637/1984/2406 3628/1985/2406
f 3483/1982/2407 3628/1985/2407 3637/1984/2407
f 3482/1981/2408 3483/1982/2408 3637/1984/2408
f 3638/2068/2409 3614/1995/2410 3626/1970/2387
f 3626/1970/2387 3465/1968/2386 3638/2068/2409
f 3638/2068/2411 3466/1970/2412 3496/1995/2413
f 3465/1968/2160 3466/1970/2159 3638/2068/2414
f 3638/2068/2411 3496/1995/2413 3608/2065/2415
f 3638/2068/2409 3608/2065/2358 3614/1995/2410
f 3639/2013/2343 3620/2000/2344 3615/2004/2345
f 3639/2013/2416 3640/2069/2180 3620/2000/2364
f 3615/2004/2345 3620/2000/2344 3617/2001/2346
f 3640/2069/2180 3501/1999/2180 3620/2000/2364
f 3640/2069/2180 3502/2000/2214 3501/1999/2180
f 3641/2070/2417 3640/2069/2180 3639/2013/2416
f 3641/2070/2417 3514/2013/2418 3640/2069/2180
f 3640/2069/2180 3514/2013/2418 3502/2000/2214
f 3641/2070/2417 3513/2011/2419 3514/2013/2418
f 3642/2071/2267 3641/2070/2417 3643/2011/2335
f 3642/2071/2267 3513/2011/2419 3641/2070/2417
f 3643/2011/2335 3641/2070/2417 3639/2013/2416
f 3643/2011/2420 3639/2013/2420 3644/2009/2420
f 3643/2011/2421 3644/2009/2422 3645/2012/2423
f 3595/2030/2183 3642/2071/2267 3643/2011/2335
f 3643/2011/2360 3602/2014/2361 3646/2018/2362
f 3643/2011/2421 3645/2012/2423 3602/2014/2424
f 3595/2030/2338 3643/2011/2360 3597/2031/2425
f 3597/2031/2425 3643/2011/2360 3646/2018/2362
f 3598/2015/2329 3597/2031/2329 3646/2018/2329
f 3602/2014/2329 3598/2015/2329 3646/2018/2329
f 3644/2009/2426 3647/2010/2427 3645/2012/2428
f 3647/2010/2427 3602/2014/2429 3645/2012/2428
f 3605/2019/2430 3602/2014/2430 3647/2010/2430
f 3644/2009/2307 3607/2008/2307 3647/2010/2307
f 3607/2008/2431 3605/2019/2431 3647/2010/2431
f 3607/2008/2432 3644/2009/2432 3611/2005/2432
f 3644/2009/2433 3615/2004/2341 3611/2005/2434
f 3639/2013/2340 3615/2004/2341 3644/2009/2433
f 3642/2071/2267 3533/2030/2183 3513/2011/2419
f 3537/2035/2183 3642/2071/2267 3595/2030/2183
f 3537/2035/2183 3533/2030/2183 3642/2071/2267
f 3614/1995/2410 3608/2065/2358 3609/2007/2359
f 3608/2065/2415 3496/1995/2413 3509/2007/2435
f 3509/2007/2435 3523/2020/2249 3608/2065/2415
f 3608/2065/2415 3523/2020/2249 3524/2021/2248
f 3649/2024/2312 3603/2025/2312 3601/2023/2312
f 3649/2024/2318 3648/2026/2318 3603/2025/2318
f 3599/2027/2320 3603/2025/2321 3648/2026/2322
f 3525/2022/2350 3649/2024/2436 3601/2023/2357
f 3648/2026/2310 3649/2024/2437 3651/2072/2355
f 3650/2073/2438 3586/2046/2439 3649/2024/2436
f 3650/2073/2438 3649/2024/2436 3525/2022/2350
f 3649/2024/2437 3586/2046/2440 3651/2072/2355
f 3648/2026/2308 3651/2072/2308 3652/2074/2308
f 3651/2072/2441 3585/2036/2441 3652/2074/2441
f 3651/2072/2442 3586/2046/2442 3585/2036/2442
f 3592/2028/2307 3648/2026/2307 3652/2074/2307
f 3592/2028/2443 3652/2074/2443 3585/2036/2443
f 3650/2073/2444 3527/2024/2253 3549/2046/2445
f 3525/2022/2251 3527/2024/2253 3650/2073/2444
f 3650/2073/2444 3549/2046/2445 3554/2050/2276
f 3650/2073/2438 3554/2050/2313 3586/2046/2439
f 3648/2026/2432 3592/2028/2432 3599/2027/2432
f 3567/2064/2183 3539/2037/2267 3593/2038/2183
f 3568/2058/2184 3567/2064/2183 3593/2038/2183
f 3568/2058/2343 3593/2038/2344 3587/2043/2345
f 3587/2043/2345 3593/2038/2344 3589/2040/2346
f 3574/2057/2342 3587/2043/2341 3583/2047/2434
f 3568/2058/2340 3587/2043/2341 3574/2057/2342
f 3586/2046/2439 3554/2050/2313 3581/2045/2315
f 3577/2049/2432 3574/2057/2432 3583/2047/2432
f 3553/2051/2316 3653/2075/2446 3579/2052/2317
f 3579/2052/2317 3653/2075/2446 3654/2076/2447
f 3579/2052/2448 3654/2076/2448 3655/2077/2448
f 3573/2054/2449 3579/2052/2449 3655/2077/2449
f 3573/2054/2328 3655/2077/2328 3658/2078/2328
f 3655/2077/2323 3656/2079/2321 3659/2080/2320
f 3655/2077/2319 3654/2076/2319 3656/2079/2319
f 3655/2077/2328 3657/2081/2328 3658/2078/2328
f 3657/2081/2327 3655/2077/2327 3659/2080/2327
f 3659/2080/2320 3656/2079/2321 3660/2082/2322
f 3660/2082/2432 3661/2083/2432 3659/2080/2432
f 3661/2083/2342 3657/2081/2341 3659/2080/2434
f 3662/2084/2340 3657/2081/2341 3661/2083/2342
f 3665/2085/2304 3662/2084/2304 3661/2083/2304
f 3661/2083/2450 3663/2086/2450 3664/2087/2450
f 3661/2083/2307 3660/2082/2307 3663/2086/2307
f 3665/2085/2451 3661/2083/2451 3664/2087/2451
f 3665/2085/2452 3667/2088/2453 3666/2089/2454
f 3666/2089/2455 3668/2090/2456 3665/2085/2457
f 3665/2085/2458 3669/2091/2458 3667/2088/2458
f 3668/2090/2456 3670/2092/2183 3665/2085/2457
f 3665/2085/2459 3664/2087/2459 3669/2091/2459
f 3665/2085/2457 3670/2092/2183 3662/2084/2180
f 3670/2092/2183 3671/2093/2460 3662/2084/2180
f 3670/2092/2183 3672/2084/2180 3671/2093/2460
f 3670/2092/2183 3673/2085/2461 3672/2084/2180
f 3674/2090/2462 3673/2085/2461 3670/2092/2183
f 3674/2090/2462 3675/2089/2463 3673/2085/2461
f 3676/2094/2464 3675/2089/2463 3674/2090/2462
f 3677/2095/2183 3676/2094/2464 3679/2096/2183
f 3677/2095/2183 3678/2096/2183 3676/2094/2464
f 3676/2094/2464 3678/2096/2183 3675/2089/2463
f 3679/2096/2183 3676/2094/2464 3666/2089/2455
f 3676/2094/2464 3668/2090/2456 3666/2089/2455
f 3681/2097/2465 3677/2095/2183 3679/2096/2183
f 3679/2096/2340 3682/2098/2341 3680/2099/2342
f 3681/2097/2304 3679/2096/2304 3680/2099/2304
f 3679/2096/2343 3666/2089/2344 3682/2098/2345
f 3682/2098/2345 3666/2089/2344 3683/2100/2346
f 3683/2100/2329 3684/2101/2329 3682/2098/2329
f 3686/2102/2328 3682/2098/2328 3684/2101/2328
f 3680/2099/2342 3682/2098/2341 3685/2103/2466
f 3682/2098/2327 3686/2102/2327 3685/2103/2327
f 3669/2091/2467 3687/2104/2467 3686/2102/2467
f 3687/2104/2448 3688/2105/2448 3686/2102/2448
f 3686/2102/2319 3688/2105/2319 3689/2106/2319
f 3686/2102/2323 3689/2106/2321 3685/2103/2320
f 3669/2091/2468 3686/2102/2468 3684/2101/2468
f 3691/2107/2312 3689/2106/2312 3688/2105/2312
f 3691/2107/2318 3690/2108/2318 3689/2106/2318
f 3685/2103/2320 3689/2106/2321 3690/2108/2322
f 3692/2109/2447 3694/2110/2469 3691/2107/2314
f 3692/2109/2447 3691/2107/2314 3693/2111/2446
f 3693/2111/2446 3691/2107/2314 3688/2105/2447
f 3690/2108/2310 3691/2107/2310 3695/2112/2310
f 3691/2107/2310 3694/2110/2310 3695/2112/2310
f 3690/2108/2308 3695/2112/2308 3696/2113/2308
f 3695/2112/2311 3694/2110/2311 3697/2114/2311
f 3695/2112/2309 3697/2114/2309 3696/2113/2309
f 3697/2114/2328 3698/2115/2328 3699/2116/2328
f 3697/2114/2449 3694/2110/2449 3698/2115/2449
f 3697/2114/2329 3699/2116/2329 3700/2117/2329
f 3681/2097/2301 3697/2114/2301 3700/2117/2301
f 3681/2097/2302 3701/2118/2302 3697/2114/2302
f 3696/2113/2306 3697/2114/2306 3701/2118/2306
f 3680/2099/2305 3696/2113/2305 3701/2118/2305
f 3681/2097/2303 3680/2099/2303 3701/2118/2303
f 3699/2116/2329 3703/2119/2329 3700/2117/2329
f 3681/2097/2297 3700/2117/2298 3702/2120/2299
f 3702/2120/2299 3700/2117/2298 3703/2119/2470
f 3704/2121/2345 3702/2120/2344 3703/2119/2346
f 3703/2119/2329 3699/2116/2329 3704/2121/2329
f 3705/2122/2342 3704/2121/2341 3707/2123/2434
f 3706/2124/2340 3704/2121/2341 3705/2122/2342
f 3698/2115/2328 3704/2121/2328 3699/2116/2328
f 3704/2121/2327 3698/2115/2327 3707/2123/2327
f 3706/2124/2343 3702/2120/2344 3704/2121/2345
f 3707/2123/2320 3709/2125/2321 3708/2126/2322
f 3708/2126/2432 3705/2122/2432 3707/2123/2432
f 3698/2115/2323 3709/2125/2321 3707/2123/2320
f 3698/2115/2319 3711/2127/2319 3709/2125/2319
f 3710/2128/2318 3708/2126/2318 3709/2125/2318
f 3710/2128/2312 3709/2125/2312 3711/2127/2312
f 3694/2110/2448 3711/2127/2448 3698/2115/2448
f 3694/2110/2469 3712/2129/2471 3711/2127/2447
f 3712/2129/2471 3710/2128/2314 3711/2127/2447
f 3692/2109/2447 3712/2129/2471 3694/2110/2469
f 3692/2109/2472 3714/2110/2473 3712/2129/2474
f 3713/2130/2475 3710/2128/2314 3712/2129/2471
f 3712/2129/2474 3716/2128/2275 3713/2130/2248
f 3712/2129/2474 3714/2110/2473 3715/2127/2248
f 3715/2127/2248 3716/2128/2275 3712/2129/2474
f 3713/2130/2248 3716/2128/2275 3719/2131/2473
f 3716/2128/2279 3717/2132/2279 3719/2131/2279
f 3720/2126/2279 3717/2132/2279 3716/2128/2279
f 3716/2128/2255 3718/2125/2255 3720/2126/2255
f 3716/2128/2254 3715/2127/2254 3718/2125/2254
f 3721/2122/2231 3723/2133/2231 3720/2126/2231
f 3720/2126/2227 3722/2123/2227 3721/2122/2227
f 3718/2125/2221 3722/2123/2220 3720/2126/2476
f 3720/2126/2281 3723/2133/2281 3717/2132/2281
f 3717/2132/2477 3723/2133/2477 3725/2134/2477
f 3721/2122/2478 3724/2135/2478 3723/2133/2478
f 3723/2133/2479 3724/2135/2479 3725/2134/2479
f 3725/2134/2480 3727/2136/2480 3726/2137/2480
f 3725/2134/2481 3726/2137/2481 3719/2131/2481
f 3717/2132/2482 3725/2134/2482 3719/2131/2482
f 3725/2134/2483 3728/2138/2483 3727/2136/2483
f 3729/2139/2484 3728/2138/2484 3725/2134/2484
f 3729/2139/2485 3725/2134/2485 3724/2135/2485
f 3730/2140/2486 3728/2138/2487 3729/2139/2488
f 3731/2141/2489 3730/2140/2490 3729/2139/2491
f 3731/2141/2489 3729/2139/2491 3733/2142/2180
f 3733/2142/2180 3729/2139/2491 3732/2124/2180
f 3729/2139/2285 3721/2122/2285 3732/2124/2285
f 3729/2139/2492 3724/2135/2492 3721/2122/2492
f 3733/2142/2180 3734/2143/2460 3706/2124/2180
f 3733/2142/2180 3732/2124/2180 3734/2143/2460
f 3736/2139/2493 3733/2142/2180 3706/2124/2180
f 3735/2141/2494 3733/2142/2180 3736/2139/2493
f 3736/2139/2495 3738/2138/2496 3737/2140/2497
f 3737/2140/2498 3735/2141/2494 3736/2139/2493
f 3736/2139/2499 3739/2134/2499 3738/2138/2499
f 3736/2139/2500 3740/2135/2500 3739/2134/2500
f 3736/2139/2501 3705/2122/2501 3740/2135/2501
f 3736/2139/2304 3706/2124/2304 3705/2122/2304
f 3705/2122/2502 3741/2133/2502 3740/2135/2502
f 3741/2133/2503 3739/2134/2503 3740/2135/2503
f 3705/2122/2307 3708/2126/2307 3741/2133/2307
f 3708/2126/2308 3742/2132/2308 3741/2133/2308
f 3742/2132/2504 3739/2134/2504 3741/2133/2504
f 3710/2128/2310 3743/2131/2310 3742/2132/2310
f 3742/2132/2505 3743/2131/2505 3739/2134/2505
f 3708/2126/2310 3710/2128/2310 3742/2132/2310
f 3743/2131/2506 3744/2144/2506 3745/2137/2506
f 3743/2131/2469 3746/2145/2471 3744/2144/2349
f 3739/2134/2507 3743/2131/2507 3745/2137/2507
f 3713/2130/2475 3743/2131/2469 3710/2128/2314
f 3713/2130/2475 3746/2145/2471 3743/2131/2469
f 3713/2130/2248 3719/2131/2473 3746/2145/2474
f 3747/2146/2447 3750/2147/2508 3746/2145/2471
f 3746/2145/2474 3749/2147/2275 3747/2146/2248
f 3746/2145/2474 3719/2131/2473 3748/2144/2509
f 3748/2144/2509 3749/2147/2275 3746/2145/2474
f 3746/2145/2471 3750/2147/2508 3744/2144/2349
f 3747/2146/2447 3752/2148/2317 3750/2147/2508
f 3750/2147/2312 3754/2149/2312 3744/2144/2312
f 3750/2147/2318 3751/2150/2318 3754/2149/2318
f 3751/2150/2310 3750/2147/2310 3753/2151/2310
f 3750/2147/2310 3752/2148/2310 3753/2151/2310
f 3745/2137/2319 3744/2144/2319 3754/2149/2319
f 3755/2152/2320 3754/2149/2321 3751/2150/2322
f 3745/2137/2323 3754/2149/2321 3755/2152/2320
f 3751/2150/2432 3756/2153/2432 3755/2152/2432
f 3756/2153/2342 3757/2154/2341 3755/2152/2466
f 3757/2154/2327 3745/2137/2327 3755/2152/2327
f 3757/2154/2345 3737/2140/2344 3758/2155/2346
f 3760/2156/2343 3737/2140/2344 3757/2154/2345
f 3758/2155/2329 3759/2136/2329 3757/2154/2329
f 3745/2137/2328 3757/2154/2328 3759/2136/2328
f 3760/2156/2340 3757/2154/2341 3756/2153/2342
f 3763/2157/2510 3761/2158/2183 3760/2156/2184
f 3761/2158/2183 3762/2159/2511 3760/2156/2184
f 3763/2157/2304 3760/2156/2304 3756/2153/2304
f 3760/2156/2184 3762/2159/2511 3737/2140/2498
f 3766/2160/2512 3761/2158/2183 3763/2157/2510
f 3763/2157/2297 3765/2161/2298 3764/2162/2299
f 3764/2162/2300 3766/2160/2512 3763/2157/2510
f 3763/2157/2301 3767/2163/2301 3765/2161/2301
f 3763/2157/2302 3768/2164/2302 3767/2163/2302
f 3763/2157/2303 3756/2153/2303 3768/2164/2303
f 3756/2153/2305 3769/2165/2305 3768/2164/2305
f 3769/2165/2306 3767/2163/2306 3768/2164/2306
f 3756/2153/2307 3751/2150/2307 3769/2165/2307
f 3751/2150/2431 3753/2151/2431 3769/2165/2431
f 3753/2151/2309 3767/2163/2309 3769/2165/2309
f 3767/2163/2328 3770/2166/2328 3771/2167/2328
f 3767/2163/2449 3752/2148/2449 3770/2166/2449
f 3753/2151/2311 3752/2148/2311 3767/2163/2311
f 3767/2163/2329 3771/2167/2329 3765/2161/2329
f 3771/2167/2329 3772/2168/2329 3765/2161/2329
f 3770/2166/2328 3773/2169/2328 3771/2167/2328
f 3772/2168/2329 3771/2167/2329 3773/2169/2329
f 3774/2170/2342 3773/2169/2341 3776/2171/2434
f 3775/2172/2340 3773/2169/2341 3774/2170/2342
f 3773/2169/2327 3770/2166/2327 3776/2171/2327
f 3775/2172/2343 3764/2162/2344 3773/2169/2345
f 3773/2169/2345 3764/2162/2344 3772/2168/2346
f 3776/2171/2320 3778/2173/2321 3777/2174/2322
f 3777/2174/2432 3774/2170/2432 3776/2171/2432
f 3770/2166/2323 3778/2173/2321 3776/2171/2320
f 3770/2166/2319 3780/2175/2319 3778/2173/2319
f 3779/2176/2318 3777/2174/2318 3778/2173/2318
f 3779/2176/2312 3778/2173/2312 3780/2175/2312
f 3752/2148/2448 3780/2175/2448 3770/2166/2448
f 3752/2148/2317 3781/2177/2471 3780/2175/2447
f 3781/2177/2471 3779/2176/2314 3780/2175/2447
f 3747/2146/2447 3781/2177/2471 3752/2148/2317
f 3747/2146/2248 3783/2148/2473 3781/2177/2474
f 3782/2178/2513 3779/2176/2314 3781/2177/2471
f 3781/2177/2474 3785/2176/2275 3782/2178/2472
f 3781/2177/2474 3783/2148/2473 3784/2175/2248
f 3784/2175/2248 3785/2176/2275 3781/2177/2474
f 3782/2178/2472 3785/2176/2275 3788/2179/2473
f 3785/2176/2279 3786/2180/2279 3788/2179/2279
f 3789/2174/2279 3786/2180/2279 3785/2176/2279
f 3785/2176/2255 3787/2173/2255 3789/2174/2255
f 3785/2176/2254 3784/2175/2254 3787/2173/2254
f 3790/2170/2231 3792/2181/2231 3789/2174/2231
f 3789/2174/2227 3791/2171/2227 3790/2170/2227
f 3787/2173/2221 3791/2171/2220 3789/2174/2476
f 3789/2174/2281 3792/2181/2281 3786/2180/2281
f 3786/2180/2477 3792/2181/2477 3794/2182/2477
f 3790/2170/2514 3793/2183/2515 3792/2181/2516
f 3792/2181/2516 3793/2183/2515 3794/2182/2517
f 3794/2182/2518 3796/2184/2518 3795/2185/2518
f 3794/2182/2519 3795/2185/2519 3788/2179/2519
f 3786/2180/2482 3794/2182/2482 3788/2179/2482
f 3794/2182/2520 3797/2186/2520 3796/2184/2520
f 3798/2187/2521 3797/2186/2521 3794/2182/2521
f 3798/2187/2522 3794/2182/2523 3793/2183/2524
f 3799/2188/2525 3797/2186/2526 3798/2187/2527
f 3800/2189/2528 3799/2188/2529 3798/2187/2530
f 3800/2189/2528 3798/2187/2530 3802/2190/2180
f 3802/2190/2180 3798/2187/2530 3801/2172/2180
f 3798/2187/2285 3790/2170/2285 3801/2172/2285
f 3798/2187/2522 3793/2183/2524 3790/2170/2531
f 3802/2190/2180 3803/2191/2460 3775/2172/2180
f 3802/2190/2180 3801/2172/2180 3803/2191/2460
f 3804/2187/2457 3802/2190/2180 3775/2172/2180
f 3800/2189/2528 3802/2190/2180 3804/2187/2457
f 3804/2187/2452 3806/2186/2453 3805/2188/2454
f 3805/2188/2532 3800/2189/2528 3804/2187/2457
f 3804/2187/2458 3807/2182/2458 3806/2186/2458
f 3804/2187/2533 3808/2183/2534 3807/2182/2535
f 3804/2187/2533 3774/2170/2536 3808/2183/2534
f 3804/2187/2304 3775/2172/2304 3774/2170/2304
f 3774/2170/2537 3809/2181/2538 3808/2183/2539
f 3809/2181/2538 3807/2182/2540 3808/2183/2539
f 3774/2170/2307 3777/2174/2307 3809/2181/2307
f 3777/2174/2308 3810/2180/2308 3809/2181/2308
f 3810/2180/2504 3807/2182/2504 3809/2181/2504
f 3779/2176/2310 3811/2179/2310 3810/2180/2310
f 3810/2180/2505 3811/2179/2505 3807/2182/2505
f 3777/2174/2310 3779/2176/2310 3810/2180/2310
f 3782/2178/2513 3811/2179/2469 3779/2176/2314
f 3782/2178/2513 3814/2192/2471 3811/2179/2469
f 3811/2179/2448 3812/2193/2448 3813/2185/2448
f 3811/2179/2469 3814/2192/2471 3812/2193/2447
f 3807/2182/2467 3811/2179/2467 3813/2185/2467
f 3782/2178/2472 3788/2179/2473 3814/2192/2474
f 3815/2194/2513 3818/2195/2314 3814/2192/2471
f 3814/2192/2474 3817/2195/2275 3815/2194/2541
f 3814/2192/2474 3788/2179/2473 3816/2193/2248
f 3816/2193/2248 3817/2195/2275 3814/2192/2474
f 3814/2192/2471 3818/2195/2314 3812/2193/2447
f 3815/2194/2513 3820/2196/2469 3818/2195/2314
f 3818/2195/2312 3822/2197/2312 3812/2193/2312
f 3818/2195/2318 3819/2198/2318 3822/2197/2318
f 3819/2198/2310 3818/2195/2310 3821/2199/2310
f 3818/2195/2310 3820/2196/2310 3821/2199/2310
f 3813/2185/2319 3812/2193/2319 3822/2197/2319
f 3823/2200/2320 3822/2197/2321 3819/2198/2322
f 3813/2185/2323 3822/2197/2321 3823/2200/2320
f 3819/2198/2432 3824/2201/2432 3823/2200/2432
f 3824/2201/2342 3825/2202/2341 3823/2200/2434
f 3825/2202/2327 3813/2185/2327 3823/2200/2327
f 3826/2203/2340 3825/2202/2341 3824/2201/2342
f 3826/2203/2343 3805/2188/2344 3825/2202/2345
f 3825/2202/2345 3805/2188/2344 3827/2204/2346
f 3827/2204/2329 3828/2184/2329 3825/2202/2329
f 3813/2185/2328 3825/2202/2328 3828/2184/2328
f 3807/2182/2542 3828/2184/2542 3806/2186/2542
f 3807/2182/2468 3813/2185/2468 3828/2184/2468
f 3828/2184/2543 3827/2204/2543 3806/2186/2543
f 3805/2188/2454 3806/2186/2453 3827/2204/2544
f 3826/2203/2180 3830/2205/2545 3805/2188/2532
f 3831/2206/2546 3829/2207/2180 3826/2203/2180
f 3829/2207/2180 3830/2205/2545 3826/2203/2180
f 3831/2206/2304 3826/2203/2304 3824/2201/2304
f 3834/2208/2547 3829/2207/2180 3831/2206/2546
f 3831/2206/2297 3833/2209/2298 3832/2210/2299
f 3832/2210/2548 3834/2208/2547 3831/2206/2546
f 3831/2206/2301 3835/2211/2301 3833/2209/2301
f 3831/2206/2302 3836/2212/2302 3835/2211/2302
f 3831/2206/2303 3824/2201/2303 3836/2212/2303
f 3837/2213/2306 3835/2211/2306 3836/2212/2306
f 3824/2201/2305 3837/2213/2305 3836/2212/2305
f 3824/2201/2307 3819/2198/2307 3837/2213/2307
f 3819/2198/2308 3821/2199/2308 3837/2213/2308
f 3821/2199/2309 3835/2211/2309 3837/2213/2309
f 3835/2211/2328 3838/2214/2328 3839/2215/2328
f 3835/2211/2449 3820/2196/2449 3838/2214/2449
f 3821/2199/2311 3820/2196/2311 3835/2211/2311
f 3835/2211/2329 3839/2215/2329 3833/2209/2329
f 3838/2214/2328 3840/2216/2328 3839/2215/2328
f 3841/2217/2329 3839/2215/2329 3840/2216/2329
f 3839/2215/2329 3841/2217/2329 3833/2209/2329
f 3840/2216/2345 3832/2210/2344 3841/2217/2346
f 3832/2210/2299 3833/2209/2298 3841/2217/2470
f 3843/2218/2342 3840/2216/2341 3842/2219/2434
f 3840/2216/2327 3838/2214/2327 3842/2219/2327
f 3844/2220/2340 3840/2216/2341 3843/2218/2342
f 3844/2220/2343 3832/2210/2344 3840/2216/2345
f 3846/2221/2304 3844/2220/2304 3843/2218/2304
f 3846/2221/2549 3845/2222/2180 3844/2220/2180
f 3845/2222/2180 3847/2223/2460 3844/2220/2180
f 3844/2220/2180 3847/2223/2460 3832/2210/2548
f 3845/2222/2180 3848/2220/2180 3847/2223/2460
f 3847/2223/2460 3848/2220/2180 3849/2210/2291
f 3847/2223/2460 3849/2210/2291 3850/2208/2550
f 3847/2223/2460 3834/2208/2547 3832/2210/2548
f 3850/2208/2550 3849/2210/2291 3851/2206/2292
f 3850/2208/2550 3851/2206/2292 3829/2207/2180
f 3849/2210/2287 3852/2209/2288 3851/2206/2289
f 3851/2206/2293 3852/2209/2293 3853/2211/2293
f 3851/2206/2294 3853/2211/2294 3856/2212/2294
f 3829/2207/2180 3851/2206/2292 3854/2203/2180
f 3851/2206/2285 3855/2201/2285 3854/2203/2285
f 3851/2206/2286 3856/2212/2286 3855/2201/2286
f 3857/2213/2283 3856/2212/2283 3853/2211/2283
f 3855/2201/2284 3856/2212/2284 3857/2213/2284
f 3859/2198/2281 3857/2213/2281 3858/2199/2281
f 3858/2199/2282 3857/2213/2282 3853/2211/2282
f 3855/2201/2231 3857/2213/2231 3859/2198/2231
f 3859/2198/2227 3860/2200/2227 3855/2201/2227
f 3861/2197/2221 3860/2200/2220 3859/2198/2476
f 3817/2195/2255 3861/2197/2255 3859/2198/2255
f 3859/2198/2279 3858/2199/2279 3817/2195/2279
f 3795/2185/2219 3860/2200/2220 3861/2197/2221
f 3795/2185/2222 3861/2197/2222 3816/2193/2222
f 3817/2195/2254 3816/2193/2254 3861/2197/2254
f 3862/2202/2228 3855/2201/2256 3860/2200/2257
f 3862/2202/2223 3860/2200/2223 3795/2185/2223
f 3795/2185/2218 3796/2184/2218 3862/2202/2218
f 3863/2204/2217 3862/2202/2217 3796/2184/2217
f 3854/2203/2236 3855/2201/2256 3862/2202/2228
f 3854/2203/2261 3862/2202/2259 3799/2188/2258
f 3799/2188/2258 3862/2202/2259 3863/2204/2260
f 3863/2204/2551 3797/2186/2526 3799/2188/2525
f 3796/2184/2552 3797/2186/2552 3863/2204/2552
f 3817/2195/2279 3858/2199/2279 3864/2196/2279
f 3858/2199/2280 3853/2211/2280 3864/2196/2280
f 3815/2194/2541 3817/2195/2275 3864/2196/2473
f 3815/2194/2541 3864/2196/2473 3865/2224/2474
f 3865/2224/2474 3864/2196/2473 3866/2225/2248
f 3864/2196/2553 3867/2214/2553 3866/2225/2553
f 3853/2211/2554 3867/2214/2554 3864/2196/2554
f 3853/2211/2218 3870/2215/2218 3867/2214/2218
f 3867/2214/2219 3871/2219/2220 3868/2226/2221
f 3867/2214/2222 3868/2226/2222 3866/2225/2222
f 3867/2214/2218 3870/2215/2218 3869/2216/2218
f 3869/2216/2223 3871/2219/2223 3867/2214/2223
f 3868/2226/2221 3871/2219/2220 3872/2227/2226
f 3872/2227/2227 3871/2219/2227 3873/2218/2227
f 3869/2216/2228 3873/2218/2256 3871/2219/2230
f 3873/2218/2231 3875/2228/2231 3872/2227/2231
f 3874/2221/2555 3876/2229/2556 3873/2218/2557
f 3874/2221/2285 3873/2218/2285 3848/2220/2285
f 3848/2220/2236 3873/2218/2256 3869/2216/2228
f 3873/2218/2558 3876/2229/2559 3875/2228/2560
f 3875/2228/2560 3876/2229/2559 3877/2230/2561
f 3874/2221/2555 3877/2230/2562 3876/2229/2556
f 3877/2230/2563 3880/2231/2563 3878/2232/2563
f 3877/2230/2564 3878/2232/2564 3879/2233/2564
f 3882/2234/2482 3877/2230/2482 3879/2233/2482
f 3877/2230/2565 3881/2235/2565 3880/2231/2565
f 3874/2221/2566 3881/2235/2566 3877/2230/2566
f 3882/2234/2477 3875/2228/2477 3877/2230/2477
f 3883/2236/2279 3882/2234/2279 3879/2233/2279
f 3872/2227/2279 3882/2234/2279 3883/2236/2279
f 3872/2227/2281 3875/2228/2281 3882/2234/2281
f 3884/2237/2248 3883/2236/2275 3879/2233/2473
f 3865/2224/2474 3883/2236/2275 3884/2237/2248
f 3883/2236/2255 3868/2226/2255 3872/2227/2255
f 3883/2236/2254 3866/2225/2254 3868/2226/2254
f 3866/2225/2248 3883/2236/2275 3865/2224/2474
f 3884/2237/2447 3885/2238/2471 3886/2233/2469
f 3884/2237/2248 3879/2233/2473 3885/2238/2474
f 3884/2237/2447 3887/2236/2314 3865/2224/2471
f 3884/2237/2447 3886/2233/2469 3887/2236/2314
f 3887/2236/2310 3886/2233/2310 3888/2234/2310
f 3891/2227/2310 3887/2236/2310 3888/2234/2310
f 3887/2236/2318 3891/2227/2318 3889/2226/2318
f 3887/2236/2312 3889/2226/2312 3890/2225/2312
f 3865/2224/2471 3887/2236/2314 3890/2225/2567
f 3842/2219/2320 3889/2226/2321 3891/2227/2322
f 3891/2227/2432 3843/2218/2432 3842/2219/2432
f 3843/2218/2307 3891/2227/2307 3892/2228/2307
f 3891/2227/2308 3888/2234/2308 3892/2228/2308
f 3843/2218/2568 3892/2228/2569 3894/2229/2570
f 3888/2234/2441 3893/2230/2441 3892/2228/2441
f 3892/2228/2569 3893/2230/2571 3894/2229/2570
f 3846/2221/2572 3843/2218/2573 3894/2229/2574
f 3846/2221/2572 3894/2229/2574 3893/2230/2575
f 3888/2234/2505 3886/2233/2505 3893/2230/2505
f 3893/2230/2576 3886/2233/2576 3897/2232/2576
f 3893/2230/2577 3895/2231/2577 3896/2235/2577
f 3893/2230/2578 3897/2232/2578 3895/2231/2578
f 3846/2221/2579 3893/2230/2579 3896/2235/2579
f 3886/2233/2506 3898/2239/2506 3897/2232/2506
f 3897/2232/2319 3898/2239/2319 3900/2240/2319
f 3897/2232/2323 3900/2240/2321 3899/2241/2320
f 3901/2242/2327 3897/2232/2327 3899/2241/2327
f 3897/2232/2328 3901/2242/2328 3895/2231/2328
f 3902/2243/2340 3901/2242/2341 3905/2244/2342
f 3902/2243/2343 3903/2245/2344 3901/2242/2345
f 3901/2242/2345 3903/2245/2344 3904/2246/2346
f 3904/2246/2329 3895/2231/2329 3901/2242/2329
f 3905/2244/2342 3901/2242/2341 3899/2241/2434
f 3905/2244/2307 3906/2247/2307 3908/2248/2307
f 3906/2247/2432 3905/2244/2432 3899/2241/2432
f 3909/2249/2304 3902/2243/2304 3905/2244/2304
f 3905/2244/2305 3908/2248/2305 3907/2250/2305
f 3909/2249/2303 3905/2244/2303 3907/2250/2303
f 3909/2249/2295 3910/2251/2180 3902/2243/2180
f 3913/2252/2580 3910/2251/2180 3909/2249/2295
f 3909/2249/2297 3912/2253/2298 3911/2254/2299
f 3911/2254/2300 3913/2252/2580 3909/2249/2295
f 3909/2249/2301 3914/2255/2301 3912/2253/2301
f 3909/2249/2302 3907/2250/2302 3914/2255/2302
f 3914/2255/2328 3915/2256/2328 3917/2257/2328
f 3914/2255/2449 3916/2258/2449 3915/2256/2449
f 3918/2259/2311 3916/2258/2311 3914/2255/2311
f 3914/2255/2329 3917/2257/2329 3912/2253/2329
f 3918/2259/2309 3914/2255/2309 3908/2248/2309
f 3908/2248/2306 3914/2255/2306 3907/2250/2306
f 3919/2260/2310 3916/2258/2310 3918/2259/2310
f 3906/2247/2310 3919/2260/2310 3918/2259/2310
f 3906/2247/2308 3918/2259/2308 3908/2248/2308
f 3919/2260/2318 3906/2247/2318 3900/2240/2318
f 3919/2260/2312 3900/2240/2312 3898/2239/2312
f 3920/2261/2581 3916/2258/2317 3919/2260/2314
f 3920/2261/2581 3919/2260/2314 3885/2238/2471
f 3885/2238/2471 3919/2260/2314 3898/2239/2567
f 3920/2261/2581 3921/2262/2471 3916/2258/2317
f 3920/2261/2472 3922/2258/2253 3921/2262/2582
f 3920/2261/2472 3923/2260/2275 3922/2258/2253
f 3885/2238/2474 3923/2260/2275 3920/2261/2472
f 3923/2260/2279 3924/2259/2279 3922/2258/2279
f 3927/2247/2279 3924/2259/2279 3923/2260/2279
f 3923/2260/2255 3925/2240/2255 3927/2247/2255
f 3923/2260/2254 3926/2239/2254 3925/2240/2254
f 3926/2239/2583 3923/2260/2275 3885/2238/2474
f 3928/2244/2231 3930/2248/2231 3927/2247/2231
f 3927/2247/2227 3929/2241/2227 3928/2244/2227
f 3925/2240/2221 3929/2241/2220 3927/2247/2476
f 3927/2247/2281 3930/2248/2281 3924/2259/2281
f 3924/2259/2282 3930/2248/2282 3932/2255/2282
f 3930/2248/2283 3931/2250/2283 3932/2255/2283
f 3928/2244/2284 3931/2250/2284 3930/2248/2284
f 3932/2255/2218 3934/2257/2218 3933/2256/2218
f 3932/2255/2554 3933/2256/2554 3922/2258/2554
f 3924/2259/2280 3932/2255/2280 3922/2258/2280
f 3932/2255/2217 3935/2253/2217 3934/2257/2217
f 3936/2249/2293 3935/2253/2293 3932/2255/2293
f 3936/2249/2294 3932/2255/2294 3931/2250/2294
f 3937/2254/2287 3935/2253/2288 3936/2249/2289
f 3938/2252/2584 3937/2254/2550 3936/2249/2585
f 3938/2252/2584 3936/2249/2585 3910/2251/2180
f 3910/2251/2180 3936/2249/2585 3939/2243/2180
f 3936/2249/2285 3928/2244/2285 3939/2243/2285
f 3936/2249/2286 3931/2250/2286 3928/2244/2286
f 3910/2251/2180 3939/2243/2180 3940/2263/2586
f 3940/2263/2586 3939/2243/2180 3941/2245/2587
f 3939/2243/2261 3942/2242/2259 3941/2245/2258
f 3939/2243/2236 3928/2244/2256 3942/2242/2228
f 3878/2232/2218 3880/2231/2218 3942/2242/2218
f 3943/2246/2217 3942/2242/2217 3880/2231/2217
f 3942/2242/2223 3929/2241/2223 3878/2232/2223
f 3941/2245/2258 3942/2242/2259 3943/2246/2260
f 3942/2242/2228 3928/2244/2256 3929/2241/2257
f 3941/2245/2588 3943/2246/2589 3874/2221/2590
f 3880/2231/2217 3881/2235/2217 3943/2246/2217
f 3943/2246/2589 3881/2235/2591 3874/2221/2590
f 3940/2263/2586 3941/2245/2587 3944/2264/2592
f 3944/2264/2592 3941/2245/2587 3874/2221/2593
f 3940/2263/2586 3944/2264/2592 3903/2245/2594
f 3944/2264/2592 3874/2221/2593 3845/2222/2180
f 3944/2264/2592 3845/2222/2180 3846/2221/2549
f 3903/2245/2594 3944/2264/2592 3846/2221/2549
f 3910/2251/2180 3940/2263/2586 3902/2243/2180
f 3902/2243/2180 3940/2263/2586 3903/2245/2594
f 3945/2265/2460 3937/2254/2550 3938/2252/2584
f 3946/2266/2183 3945/2265/2460 3948/2267/2183
f 3946/2266/2183 3947/2267/2183 3945/2265/2460
f 3945/2265/2460 3947/2267/2183 3937/2254/2550
f 3948/2267/2183 3945/2265/2460 3911/2254/2300
f 3945/2265/2460 3913/2252/2580 3911/2254/2300
f 3950/2268/2457 3946/2266/2183 3948/2267/2183
f 3948/2267/2340 3951/2269/2341 3949/2270/2342
f 3950/2268/2304 3948/2267/2304 3949/2270/2304
f 3948/2267/2343 3911/2254/2344 3951/2269/2345
f 3951/2269/2345 3911/2254/2344 3952/2271/2346
f 3952/2271/2329 3917/2257/2329 3951/2269/2329
f 3915/2256/2328 3951/2269/2328 3917/2257/2328
f 3949/2270/2342 3951/2269/2341 3953/2272/2434
f 3951/2269/2327 3915/2256/2327 3953/2272/2327
f 3953/2272/2320 3955/2273/2321 3954/2274/2322
f 3954/2274/2432 3949/2270/2432 3953/2272/2432
f 3915/2256/2323 3955/2273/2321 3953/2272/2320
f 3956/2275/2318 3954/2274/2318 3955/2273/2318
f 3915/2256/2319 3957/2276/2319 3955/2273/2319
f 3956/2275/2312 3955/2273/2312 3957/2276/2312
f 3921/2262/2471 3956/2275/2595 3957/2276/2567
f 3916/2258/2317 3921/2262/2471 3957/2276/2567
f 3916/2258/2448 3957/2276/2448 3915/2256/2448
f 3954/2274/2310 3956/2275/2310 3960/2277/2310
f 3958/2278/2581 3959/2279/2469 3956/2275/2595
f 3958/2278/2581 3956/2275/2595 3921/2262/2471
f 3956/2275/2310 3959/2279/2310 3960/2277/2310
f 3954/2274/2308 3960/2277/2308 3961/2280/2308
f 3960/2277/2504 3962/2281/2504 3961/2280/2504
f 3960/2277/2505 3959/2279/2505 3962/2281/2505
f 3962/2281/2468 3963/2282/2468 3964/2283/2468
f 3962/2281/2467 3959/2279/2467 3963/2282/2467
f 3962/2281/2542 3964/2283/2542 3965/2284/2542
f 3950/2268/2458 3962/2281/2458 3965/2284/2458
f 3950/2268/2459 3966/2285/2459 3962/2281/2459
f 3961/2280/2596 3962/2281/2596 3966/2285/2596
f 3950/2268/2451 3949/2270/2451 3966/2285/2451
f 3949/2270/2450 3961/2280/2450 3966/2285/2450
f 3950/2268/2452 3965/2284/2453 3967/2286/2454
f 3967/2286/2454 3965/2284/2453 3968/2287/2544
f 3964/2283/2543 3968/2287/2543 3965/2284/2543
f 3969/2288/2345 3967/2286/2344 3968/2287/2346
f 3968/2287/2329 3964/2283/2329 3969/2288/2329
f 3963/2282/2328 3969/2288/2328 3964/2283/2328
f 3969/2288/2327 3963/2282/2327 3971/2289/2327
f 3970/2290/2340 3969/2288/2341 3972/2291/2342
f 3970/2290/2343 3967/2286/2344 3969/2288/2345
f 3972/2291/2342 3969/2288/2341 3971/2289/2434
f 3973/2292/2303 3972/2291/2303 3975/2293/2303
f 3973/2292/2304 3970/2290/2304 3972/2291/2304
f 3972/2291/2307 3974/2294/2307 3976/2295/2307
f 3974/2294/2432 3972/2291/2432 3971/2289/2432
f 3972/2291/2305 3976/2295/2305 3975/2293/2305
f 3974/2294/2308 3977/2296/2308 3976/2295/2308
f 3977/2296/2309 3978/2297/2309 3976/2295/2309
f 3976/2295/2306 3978/2297/2306 3975/2293/2306
f 3977/2296/2311 3979/2298/2311 3978/2297/2311
f 3978/2297/2449 3979/2298/2449 3982/2299/2449
f 3978/2297/2329 3980/2300/2329 3981/2301/2329
f 3978/2297/2328 3982/2299/2328 3980/2300/2328
f 3973/2292/2301 3978/2297/2301 3981/2301/2301
f 3973/2292/2302 3975/2293/2302 3978/2297/2302
f 3979/2298/2448 3983/2302/2448 3982/2299/2448
f 3982/2299/2319 3983/2302/2319 3985/2303/2319
f 3982/2299/2323 3985/2303/2321 3984/2304/2320
f 3986/2305/2327 3982/2299/2327 3984/2304/2327
f 3982/2299/2328 3986/2305/2328 3980/2300/2328
f 3986/2305/2345 3987/2306/2344 3988/2307/2346
f 3990/2308/2343 3987/2306/2344 3986/2305/2345
f 3988/2307/2329 3980/2300/2329 3986/2305/2329
f 3989/2309/2342 3986/2305/2341 3984/2304/2434
f 3990/2308/2340 3986/2305/2341 3989/2309/2342
f 3993/2310/2493 3991/2311/2183 3990/2308/2184
f 3991/2311/2183 3992/2312/2597 3990/2308/2184
f 3993/2310/2304 3990/2308/2304 3989/2309/2304
f 3990/2308/2184 3992/2312/2597 3987/2306/2300
f 3998/2313/2592 3991/2311/2183 3993/2310/2493
f 3993/2310/2495 3995/2314/2496 3994/2315/2497
f 3994/2315/2598 3998/2313/2592 3993/2310/2493
f 3993/2310/2499 3996/2316/2499 3995/2314/2499
f 3993/2310/2500 3997/2317/2500 3996/2316/2500
f 3993/2310/2501 3989/2309/2501 3997/2317/2501
f 3998/2313/2592 3999/2315/2599 4001/2310/2593
f 4000/2318/2600 3999/2315/2599 3998/2313/2592
f 4000/2318/2600 3998/2313/2592 3994/2315/2598
f 3998/2313/2592 4001/2310/2593 3991/2311/2183
f 3999/2315/2486 4002/2314/2487 4001/2310/2488
f 4001/2310/2484 4002/2314/2484 4003/2316/2484
f 4001/2310/2485 4003/2316/2485 4006/2317/2485
f 3991/2311/2183 4001/2310/2593 4004/2308/2185
f 4001/2310/2285 4005/2309/2285 4004/2308/2285
f 4001/2310/2492 4006/2317/2492 4005/2309/2492
f 4005/2309/2478 4006/2317/2478 4007/2319/2478
f 4007/2319/2601 4006/2317/2601 4003/2316/2601
f 4009/2320/2281 4007/2319/2281 4008/2321/2281
f 4008/2321/2477 4007/2319/2477 4003/2316/2477
f 4005/2309/2231 4007/2319/2231 4009/2320/2231
f 4009/2320/2227 4010/2304/2227 4005/2309/2227
f 4012/2303/2221 4010/2304/2220 4009/2320/2226
f 4011/2322/2255 4012/2303/2255 4009/2320/2255
f 4009/2320/2279 4008/2321/2279 4011/2322/2279
f 4013/2299/2219 4010/2304/2220 4012/2303/2221
f 4013/2299/2222 4012/2303/2222 4014/2302/2222
f 4011/2322/2254 4014/2302/2254 4012/2303/2254
f 4015/2298/2553 4013/2299/2553 4014/2302/2553
f 4016/2323/2474 4015/2298/2602 4014/2302/2583
f 4014/2302/2583 4011/2322/2275 4016/2323/2474
f 4017/2324/2581 4016/2323/2471 3979/2298/2469
f 4017/2324/2472 4015/2298/2602 4016/2323/2474
f 4018/2325/2447 4019/2322/2314 4016/2323/2471
f 4016/2323/2474 4011/2322/2275 4018/2325/2277
f 3979/2298/2469 4016/2323/2471 3983/2302/2567
f 4016/2323/2471 4019/2322/2314 3983/2302/2567
f 4018/2325/2447 4021/2326/2469 4019/2322/2314
f 4019/2322/2312 3985/2303/2312 3983/2302/2312
f 4019/2322/2318 4020/2320/2318 3985/2303/2318
f 4020/2320/2310 4019/2322/2310 4022/2321/2310
f 4019/2322/2310 4021/2326/2310 4022/2321/2310
f 4020/2320/2308 4022/2321/2308 4023/2319/2308
f 4022/2321/2504 3996/2316/2504 4023/2319/2504
f 4022/2321/2505 4021/2326/2505 3996/2316/2505
f 3989/2309/2307 4020/2320/2307 4023/2319/2307
f 3989/2309/2502 4023/2319/2502 3997/2317/2502
f 4023/2319/2603 3996/2316/2603 3997/2317/2603
f 4018/2325/2447 4024/2327/2471 4021/2326/2469
f 4021/2326/2469 4024/2327/2471 4025/2328/2447
f 4021/2326/2506 4025/2328/2506 4026/2329/2506
f 3996/2316/2507 4021/2326/2507 4026/2329/2507
f 4026/2329/2323 4028/2330/2321 4027/2331/2320
f 4029/2332/2327 4026/2329/2327 4027/2331/2327
f 3996/2316/2604 4026/2329/2604 4030/2333/2604
f 4026/2329/2319 4025/2328/2319 4028/2330/2319
f 4026/2329/2328 4029/2332/2328 4030/2333/2328
f 4031/2334/2329 4030/2333/2329 4029/2332/2329
f 4030/2333/2605 4031/2334/2605 3995/2314/2605
f 3996/2316/2606 4030/2333/2606 3995/2314/2606
f 4029/2332/2345 3994/2315/2344 4031/2334/2346
f 3994/2315/2497 3995/2314/2496 4031/2334/2607
f 4032/2335/2342 4029/2332/2341 4027/2331/2434
f 4033/2336/2340 4029/2332/2341 4032/2335/2342
f 4033/2336/2343 3994/2315/2344 4029/2332/2345
f 4035/2337/2304 4033/2336/2304 4032/2335/2304
f 4035/2337/2546 4034/2338/2183 4033/2336/2183
f 4034/2338/2183 4000/2318/2600 4033/2336/2183
f 4033/2336/2183 4000/2318/2600 3994/2315/2598
f 4035/2337/2297 4037/2339/2298 4036/2340/2299
f 4036/2340/2548 4040/2341/2608 4035/2337/2546
f 4035/2337/2301 4038/2342/2301 4037/2339/2301
f 4040/2341/2608 4034/2338/2183 4035/2337/2546
f 4035/2337/2302 4039/2343/2302 4038/2342/2302
f 4035/2337/2303 4032/2335/2303 4039/2343/2303
f 4040/2341/2608 4041/2340/2291 4043/2337/2292
f 4042/2344/2597 4041/2340/2291 4040/2341/2608
f 4042/2344/2597 4040/2341/2608 4036/2340/2548
f 4040/2341/2608 4043/2337/2292 4034/2338/2183
f 4041/2340/2287 4044/2339/2288 4043/2337/2289
f 4043/2337/2293 4044/2339/2293 4045/2342/2293
f 4043/2337/2294 4045/2342/2294 4048/2343/2294
f 4034/2338/2183 4043/2337/2292 4046/2336/2183
f 4043/2337/2285 4047/2335/2285 4046/2336/2285
f 4043/2337/2286 4048/2343/2286 4047/2335/2286
f 4049/2345/2283 4048/2343/2283 4045/2342/2283
f 4047/2335/2284 4048/2343/2284 4049/2345/2284
f 4051/2346/2281 4049/2345/2281 4050/2347/2281
f 4050/2347/2282 4049/2345/2282 4045/2342/2282
f 4047/2335/2231 4049/2345/2231 4051/2346/2231
f 4051/2346/2227 4052/2331/2227 4047/2335/2227
f 4054/2330/2221 4052/2331/2220 4051/2346/2476
f 4053/2348/2255 4054/2330/2255 4051/2346/2255
f 4051/2346/2279 4050/2347/2279 4053/2348/2279
f 4055/2329/2219 4052/2331/2220 4054/2330/2221
f 4055/2329/2222 4054/2330/2222 4056/2328/2222
f 4053/2348/2254 4056/2328/2254 4054/2330/2254
f 4057/2326/2609 4055/2329/2609 4056/2328/2609
f 4024/2327/2610 4057/2326/2473 4056/2328/2583
f 4056/2328/2583 4053/2348/2275 4024/2327/2610
f 4018/2325/2277 4011/2322/2275 4057/2326/2473
f 4018/2325/2277 4057/2326/2473 4024/2327/2610
f 4003/2316/2481 4055/2329/2481 4057/2326/2481
f 4008/2321/2482 4003/2316/2482 4057/2326/2482
f 4011/2322/2279 4008/2321/2279 4057/2326/2279
f 4003/2316/2480 4059/2333/2480 4055/2329/2480
f 4055/2329/2218 4059/2333/2218 4058/2332/2218
f 4058/2332/2223 4052/2331/2223 4055/2329/2223
f 4060/2334/2217 4058/2332/2217 4059/2333/2217
f 4059/2333/2611 4002/2314/2611 4060/2334/2611
f 4003/2316/2483 4002/2314/2483 4059/2333/2483
f 3999/2315/2258 4058/2332/2259 4060/2334/2260
f 4060/2334/2612 4002/2314/2487 3999/2315/2486
f 4046/2336/2236 4047/2335/2256 4058/2332/2228
f 4046/2336/2261 4058/2332/2259 3999/2315/2258
f 4058/2332/2228 4047/2335/2256 4052/2331/2257
f 4061/2349/2248 4053/2348/2275 4062/2350/2473
f 4024/2327/2610 4053/2348/2275 4061/2349/2248
f 4053/2348/2279 4050/2347/2279 4062/2350/2279
f 4061/2349/2248 4062/2350/2473 4063/2351/2474
f 4063/2351/2474 4062/2350/2473 4064/2352/2248
f 4062/2350/2553 4065/2353/2553 4064/2352/2553
f 4045/2342/2554 4065/2353/2554 4062/2350/2554
f 4050/2347/2280 4045/2342/2280 4062/2350/2280
f 4045/2342/2218 4068/2354/2218 4065/2353/2218
f 4065/2353/2219 4069/2355/2220 4066/2356/2221
f 4065/2353/2222 4066/2356/2222 4064/2352/2222
f 4065/2353/2218 4068/2354/2218 4067/2357/2218
f 4067/2357/2223 4069/2355/2223 4065/2353/2223
f 4066/2356/2221 4069/2355/2220 4070/2358/2226
f 4070/2358/2227 4069/2355/2227 4071/2359/2227
f 4067/2357/2228 4071/2359/2256 4069/2355/2257
f 4071/2359/2231 4074/2360/2231 4070/2358/2231
f 4072/2361/2613 4075/2362/2614 4071/2359/2615
f 4072/2361/2285 4071/2359/2285 4073/2363/2285
f 4073/2363/2236 4071/2359/2256 4067/2357/2228
f 4071/2359/2616 4075/2362/2617 4074/2360/2618
f 4074/2360/2618 4075/2362/2617 4076/2364/2619
f 4072/2361/2613 4076/2364/2620 4075/2362/2614
f 4076/2364/2518 4079/2365/2518 4077/2366/2518
f 4076/2364/2519 4077/2366/2519 4078/2367/2519
f 4081/2368/2482 4076/2364/2482 4078/2367/2482
f 4076/2364/2520 4080/2369/2520 4079/2365/2520
f 4072/2361/2521 4080/2369/2521 4076/2364/2521
f 4081/2368/2477 4074/2360/2477 4076/2364/2477
f 4082/2370/2279 4081/2368/2279 4078/2367/2279
f 4070/2358/2279 4081/2368/2279 4082/2370/2279
f 4070/2358/2281 4074/2360/2281 4081/2368/2281
f 4083/2371/2248 4082/2370/2275 4078/2367/2253
f 4063/2351/2474 4082/2370/2275 4083/2371/2248
f 4082/2370/2255 4066/2356/2255 4070/2358/2255
f 4082/2370/2254 4064/2352/2254 4066/2356/2254
f 4064/2352/2248 4082/2370/2275 4063/2351/2474
f 4083/2371/2447 4084/2372/2621 4085/2367/2436
f 4083/2371/2248 4078/2367/2253 4084/2372/2474
f 4083/2371/2447 4086/2370/2314 4063/2351/2471
f 4083/2371/2447 4085/2367/2436 4086/2370/2314
f 4086/2370/2310 4085/2367/2310 4087/2368/2310
f 4090/2358/2310 4086/2370/2310 4087/2368/2310
f 4086/2370/2318 4090/2358/2318 4088/2356/2318
f 4086/2370/2312 4088/2356/2312 4089/2352/2312
f 4063/2351/2471 4086/2370/2314 4089/2352/2567
f 4091/2355/2320 4088/2356/2321 4090/2358/2322
f 4090/2358/2432 4092/2359/2432 4091/2355/2432
f 4092/2359/2307 4090/2358/2307 4093/2360/2307
f 4090/2358/2308 4087/2368/2308 4093/2360/2308
f 4093/2360/2622 4094/2364/2623 4095/2362/2624
f 4087/2368/2504 4094/2364/2504 4093/2360/2504
f 4092/2359/2625 4093/2360/2622 4095/2362/2624
f 4096/2361/2626 4092/2359/2627 4095/2362/2628
f 4096/2361/2626 4095/2362/2628 4094/2364/2629
f 4096/2361/2458 4094/2364/2458 4101/2369/2458
f 4096/2361/2304 4097/2363/2304 4092/2359/2304
f 4096/2361/2457 4098/2373/2183 4097/2363/2183
f 4100/2374/2630 4098/2373/2183 4096/2361/2457
f 4096/2361/2452 4101/2369/2453 4099/2375/2454
f 4099/2375/2631 4100/2374/2630 4096/2361/2457
f 4094/2364/2542 4103/2365/2542 4101/2369/2542
f 4103/2365/2543 4102/2376/2543 4101/2369/2543
f 4099/2375/2454 4101/2369/2453 4102/2376/2544
f 4094/2364/2468 4105/2366/2468 4103/2365/2468
f 4102/2376/2329 4103/2365/2329 4104/2377/2329
f 4105/2366/2328 4104/2377/2328 4103/2365/2328
f 4105/2366/2319 4106/2378/2319 4108/2379/2319
f 4085/2367/2448 4106/2378/2448 4105/2366/2448
f 4105/2366/2323 4108/2379/2321 4107/2380/2320
f 4104/2377/2327 4105/2366/2327 4107/2380/2327
f 4094/2364/2467 4085/2367/2467 4105/2366/2467
f 4110/2381/2312 4108/2379/2312 4106/2378/2312
f 4110/2381/2318 4109/2382/2318 4108/2379/2318
f 4107/2380/2320 4108/2379/2321 4109/2382/2322
f 4111/2383/2447 4112/2384/2469 4110/2381/2314
f 4111/2383/2447 4110/2381/2314 4084/2372/2621
f 4084/2372/2621 4110/2381/2314 4106/2378/2567
f 4109/2382/2310 4110/2381/2310 4113/2385/2310
f 4110/2381/2310 4112/2384/2310 4113/2385/2310
f 4109/2382/2308 4113/2385/2308 4114/2386/2308
f 4113/2385/2309 4115/2387/2309 4114/2386/2309
f 4113/2385/2311 4112/2384/2311 4115/2387/2311
f 4115/2387/2328 4116/2388/2328 4117/2389/2328
f 4115/2387/2449 4112/2384/2449 4116/2388/2449
f 4115/2387/2329 4117/2389/2329 4118/2390/2329
f 4119/2391/2301 4115/2387/2301 4118/2390/2301
f 4119/2391/2302 4120/2392/2302 4115/2387/2302
f 4114/2386/2306 4115/2387/2306 4120/2392/2306
f 4121/2393/2305 4114/2386/2305 4120/2392/2305
f 4119/2391/2303 4121/2393/2303 4120/2392/2303
f 4121/2393/2307 4109/2382/2307 4114/2386/2307
f 4109/2382/2432 4121/2393/2432 4107/2380/2432
f 4121/2393/2342 4104/2377/2341 4107/2380/2632
f 4122/2394/2340 4104/2377/2341 4121/2393/2342
f 4119/2391/2304 4122/2394/2304 4121/2393/2304
f 4119/2391/2546 4123/2395/2183 4122/2394/2183
f 4123/2395/2183 4124/2396/2633 4122/2394/2183
f 4122/2394/2183 4124/2396/2633 4099/2375/2631
f 4122/2394/2343 4099/2375/2344 4104/2377/2345
f 4123/2395/2183 4125/2394/2183 4124/2396/2633
f 4124/2396/2633 4125/2394/2183 4126/2375/2634
f 4124/2396/2633 4126/2375/2634 4100/2374/2630
f 4124/2396/2633 4100/2374/2630 4099/2375/2631
f 4125/2394/2261 4128/2377/2259 4126/2375/2258
f 4100/2374/2630 4126/2375/2634 4072/2361/2530
f 4126/2375/2525 4080/2369/2526 4072/2361/2527
f 4126/2375/2258 4128/2377/2259 4127/2376/2260
f 4127/2376/2551 4080/2369/2526 4126/2375/2525
f 4077/2366/2218 4079/2365/2218 4128/2377/2218
f 4127/2376/2217 4128/2377/2217 4079/2365/2217
f 4128/2377/2223 4129/2380/2223 4077/2366/2223
f 4125/2394/2236 4130/2393/2256 4128/2377/2228
f 4128/2377/2228 4130/2393/2256 4129/2380/2257
f 4130/2393/2231 4134/2386/2231 4131/2382/2231
f 4131/2382/2227 4129/2380/2227 4130/2393/2227
f 4132/2391/2286 4133/2392/2286 4130/2393/2286
f 4132/2391/2285 4130/2393/2285 4125/2394/2285
f 4130/2393/2284 4133/2392/2284 4134/2386/2284
f 4131/2382/2281 4134/2386/2281 4135/2385/2281
f 4135/2385/2282 4134/2386/2282 4136/2387/2282
f 4134/2386/2283 4133/2392/2283 4136/2387/2283
f 4135/2385/2280 4136/2387/2280 4137/2384/2280
f 4136/2387/2554 4140/2388/2554 4137/2384/2554
f 4136/2387/2217 4139/2390/2217 4138/2389/2217
f 4136/2387/2218 4138/2389/2218 4140/2388/2218
f 4132/2391/2293 4139/2390/2293 4136/2387/2293
f 4132/2391/2294 4136/2387/2294 4133/2392/2294
f 4137/2384/2553 4140/2388/2553 4141/2397/2553
f 4140/2388/2222 4143/2398/2222 4141/2397/2222
f 4140/2388/2219 4142/2399/2220 4143/2398/2221
f 4144/2400/2223 4142/2399/2223 4140/2388/2223
f 4140/2388/2218 4138/2389/2218 4144/2400/2218
f 4145/2401/2236 4148/2402/2229 4144/2400/2228
f 4145/2401/2261 4144/2400/2259 4146/2403/2258
f 4146/2403/2258 4144/2400/2259 4147/2404/2260
f 4144/2400/2228 4148/2402/2229 4142/2399/2257
f 4147/2404/2217 4144/2400/2217 4138/2389/2217
f 4148/2402/2231 4151/2405/2231 4149/2406/2231
f 4149/2406/2227 4142/2399/2227 4148/2402/2227
f 4150/2407/2635 4152/2408/2636 4148/2402/2637
f 4150/2407/2638 4148/2402/2638 4145/2401/2638
f 4148/2402/2639 4152/2408/2640 4151/2405/2641
f 4151/2405/2641 4152/2408/2640 4153/2409/2642
f 4150/2407/2635 4153/2409/2643 4152/2408/2636
f 4157/2410/2644 4153/2409/2644 4154/2411/2644
f 4153/2409/2224 4158/2412/2224 4154/2411/2224
f 4153/2409/2217 4156/2413/2217 4155/2414/2217
f 4153/2409/2218 4155/2414/2218 4158/2412/2218
f 4150/2407/2213 4156/2413/2213 4153/2409/2213
f 4157/2410/2645 4151/2405/2645 4153/2409/2645
f 4154/2411/2225 4158/2412/2225 4159/2415/2225
f 4158/2412/2222 4161/2416/2222 4159/2415/2222
f 4158/2412/2219 4160/2417/2220 4161/2416/2221
f 4162/2418/2223 4160/2417/2223 4158/2412/2223
f 4158/2412/2218 4155/2414/2218 4162/2418/2218
f 4163/2419/2236 4166/2420/2256 4162/2418/2228
f 4163/2419/2261 4162/2418/2259 4164/2421/2258
f 4164/2421/2258 4162/2418/2259 4165/2422/2260
f 4162/2418/2228 4166/2420/2256 4160/2417/2257
f 4165/2422/2217 4162/2418/2217 4155/2414/2217
f 4166/2420/2231 4170/2423/2231 4167/2424/2231
f 4167/2424/2227 4160/2417/2227 4166/2420/2227
f 4168/2425/2286 4169/2426/2286 4166/2420/2286
f 4168/2425/2285 4166/2420/2285 4163/2419/2285
f 4166/2420/2284 4169/2426/2284 4170/2423/2284
f 4167/2424/2281 4170/2423/2281 4171/2427/2281
f 4171/2427/2282 4170/2423/2282 4172/2428/2282
f 4170/2423/2283 4169/2426/2283 4172/2428/2283
f 4171/2427/2280 4172/2428/2280 4173/2429/2280
f 4172/2428/2554 4176/2430/2554 4173/2429/2554
f 4172/2428/2217 4175/2431/2217 4174/2432/2217
f 4172/2428/2218 4174/2432/2218 4176/2430/2218
f 4168/2425/2293 4175/2431/2293 4172/2428/2293
f 4168/2425/2294 4172/2428/2294 4169/2426/2294
f 4173/2429/2553 4176/2430/2553 4177/2433/2553
f 4176/2430/2222 4179/2434/2222 4177/2433/2222
f 4176/2430/2219 4178/2435/2220 4179/2434/2221
f 4180/2436/2223 4178/2435/2223 4176/2430/2223
f 4176/2430/2218 4174/2432/2218 4180/2436/2218
f 4181/2437/2236 4184/2438/2256 4180/2436/2228
f 4181/2437/2261 4180/2436/2259 4182/2439/2258
f 4182/2439/2258 4180/2436/2259 4183/2440/2260
f 4180/2436/2228 4184/2438/2256 4178/2435/2257
f 4183/2440/2217 4180/2436/2217 4174/2432/2217
f 4184/2438/2231 4187/2441/2231 4185/2442/2231
f 4185/2442/2227 4178/2435/2227 4184/2438/2227
f 4186/2443/2646 4188/2444/2646 4184/2438/2646
f 4186/2443/2285 4184/2438/2285 4181/2437/2285
f 4184/2438/2647 4188/2444/2647 4187/2441/2647
f 4187/2441/2648 4188/2444/2648 4189/2445/2648
f 4186/2443/2649 4189/2445/2649 4188/2444/2649
f 4193/2446/2482 4189/2445/2482 4190/2447/2482
f 4189/2445/2519 4194/2448/2519 4190/2447/2519
f 4189/2445/2520 4192/2449/2520 4191/2450/2520
f 4189/2445/2518 4191/2450/2518 4194/2448/2518
f 4186/2443/2521 4192/2449/2521 4189/2445/2521
f 4193/2446/2477 4187/2441/2477 4189/2445/2477
f 4190/2447/2553 4194/2448/2553 4195/2451/2553
f 4194/2448/2222 4197/2452/2222 4195/2451/2222
f 4194/2448/2219 4196/2453/2220 4197/2452/2221
f 4198/2454/2223 4196/2453/2223 4194/2448/2223
f 4194/2448/2218 4191/2450/2218 4198/2454/2218
f 4199/2455/2236 4202/2456/2256 4198/2454/2228
f 4199/2455/2261 4198/2454/2259 4200/2457/2258
f 4200/2457/2258 4198/2454/2259 4201/2458/2260
f 4198/2454/2228 4202/2456/2256 4196/2453/2230
f 4201/2458/2217 4198/2454/2217 4191/2450/2217
f 4202/2456/2231 4206/2459/2231 4203/2460/2231
f 4203/2460/2227 4196/2453/2227 4202/2456/2227
f 4204/2461/2286 4205/2462/2286 4202/2456/2286
f 4204/2461/2285 4202/2456/2285 4199/2455/2285
f 4202/2456/2284 4205/2462/2284 4206/2459/2284
f 4203/2460/2281 4206/2459/2281 4207/2463/2281
f 4207/2463/2282 4206/2459/2282 4208/2464/2282
f 4206/2459/2283 4205/2462/2283 4208/2464/2283
f 4207/2463/2280 4208/2464/2280 4209/2465/2280
f 4208/2464/2554 4212/2466/2554 4209/2465/2554
f 4208/2464/2217 4211/2467/2217 4210/2468/2217
f 4208/2464/2218 4210/2468/2218 4212/2466/2218
f 4204/2461/2293 4211/2467/2293 4208/2464/2293
f 4204/2461/2294 4208/2464/2294 4205/2462/2294
f 4209/2465/2553 4212/2466/2553 4213/2469/2553
f 4212/2466/2222 4215/2470/2222 4213/2469/2222
f 4212/2466/2219 4214/2471/2220 4215/2470/2221
f 4216/2472/2223 4214/2471/2223 4212/2466/2223
f 4212/2466/2218 4210/2468/2218 4216/2472/2218
f 4217/2473/2236 4220/2474/2256 4216/2472/2228
f 4217/2473/2261 4216/2472/2259 4218/2475/2258
f 4218/2475/2258 4216/2472/2259 4219/2476/2260
f 4216/2472/2228 4220/2474/2256 4214/2471/2257
f 4219/2476/2217 4216/2472/2217 4210/2468/2217
f 4220/2474/2231 4223/2477/2231 4221/2478/2231
f 4221/2478/2227 4214/2471/2227 4220/2474/2227
f 4222/2479/2492 4224/2480/2492 4220/2474/2492
f 4222/2479/2285 4220/2474/2285 4217/2473/2285
f 4220/2474/2478 4224/2480/2478 4223/2477/2478
f 4223/2477/2479 4224/2480/2479 4225/2481/2479
f 4222/2479/2485 4225/2481/2485 4224/2480/2485
f 4229/2482/2482 4225/2481/2482 4226/2483/2482
f 4225/2481/2481 4230/2484/2481 4226/2483/2481
f 4225/2481/2483 4228/2485/2483 4227/2486/2483
f 4225/2481/2480 4227/2486/2480 4230/2484/2480
f 4222/2479/2484 4228/2485/2484 4225/2481/2484
f 4229/2482/2477 4223/2477/2477 4225/2481/2477
f 4226/2483/2609 4230/2484/2609 4231/2487/2609
f 4230/2484/2222 4233/2488/2222 4231/2487/2222
f 4230/2484/2219 4232/2489/2220 4233/2488/2221
f 4234/2490/2223 4232/2489/2223 4230/2484/2223
f 4230/2484/2218 4227/2486/2218 4234/2490/2218
f 4235/2491/2236 4237/2492/2256 4234/2490/2228
f 4235/2491/2261 4234/2490/2259 4236/2493/2258
f 4236/2493/2258 4234/2490/2259 4238/2494/2260
f 4234/2490/2228 4237/2492/2256 4232/2489/2257
f 4238/2494/2217 4234/2490/2217 4227/2486/2217
f 4238/2494/2612 4228/2485/2487 4236/2493/2486
f 4227/2486/2611 4228/2485/2611 4238/2494/2611
f 4237/2492/2231 4242/2495/2231 4239/2496/2231
f 4239/2496/2227 4232/2489/2227 4237/2492/2227
f 4240/2497/2286 4241/2498/2286 4237/2492/2286
f 4240/2497/2285 4237/2492/2285 4235/2491/2285
f 4237/2492/2284 4241/2498/2284 4242/2495/2284
f 4239/2496/2281 4242/2495/2281 4243/2499/2281
f 4243/2499/2282 4242/2495/2282 4244/2500/2282
f 4242/2495/2283 4241/2498/2283 4244/2500/2283
f 4243/2499/2280 4244/2500/2280 4245/2501/2280
f 4244/2500/2554 4246/2502/2554 4245/2501/2554
f 4244/2500/2218 4247/2503/2218 4246/2502/2218
f 4244/2500/2217 4248/2504/2217 4247/2503/2217
f 4240/2497/2293 4248/2504/2293 4244/2500/2293
f 4240/2497/2294 4244/2500/2294 4241/2498/2294
f 4247/2503/2217 4248/2504/2217 4249/2505/2217
f 4249/2505/2650 4248/2504/2288 4250/2506/2287
f 4250/2506/2287 4248/2504/2288 4240/2497/2289
f 4250/2506/2651 4251/2507/2652 4253/2508/2653
f 4251/2507/2652 4250/2506/2651 4252/2509/2654
f 4252/2509/2654 4250/2506/2651 4240/2497/2292
f 4249/2505/2655 4250/2506/2655 4254/2510/2655
f 4254/2510/2655 4250/2506/2655 4253/2508/2655
f 4255/2511/2656 4249/2505/2656 4254/2510/2656
f 4247/2503/2657 4255/2511/2657 4246/2502/2657
f 4247/2503/2656 4249/2505/2656 4255/2511/2656
f 4246/2502/2657 4255/2511/2657 4256/2512/2657
f 4257/2513/2658 4246/2502/2658 4256/2512/2658
f 4258/2514/2659 4245/2501/2659 4257/2513/2659
f 4245/2501/2658 4246/2502/2658 4257/2513/2658
f 4259/2515/2621 4258/2514/2660 4260/2501/2661
f 4259/2515/2582 4245/2501/2662 4258/2514/2659
f 4260/2501/2661 4258/2514/2660 4261/2513/2660
f 4263/2502/2663 4261/2513/2663 4262/2512/2663
f 4260/2501/2663 4261/2513/2663 4263/2502/2663
f 4264/2500/2328 4263/2502/2328 4265/2503/2328
f 4264/2500/2449 4260/2501/2449 4263/2502/2449
f 4263/2502/2664 4266/2511/2664 4265/2503/2664
f 4262/2512/2664 4266/2511/2664 4263/2502/2664
f 4267/2505/2665 4266/2511/2665 4268/2510/2665
f 4265/2503/2665 4266/2511/2665 4267/2505/2665
f 4267/2505/2666 4268/2510/2666 4270/2506/2666
f 4270/2506/2666 4268/2510/2666 4269/2508/2666
f 4270/2506/2667 4269/2508/2668 4251/2507/2669
f 4251/2507/2669 4272/2509/2512 4270/2506/2667
f 4270/2506/2299 4271/2504/2298 4267/2505/2670
f 4273/2497/2297 4271/2504/2298 4270/2506/2299
f 4270/2506/2667 4272/2509/2512 4273/2497/2465
f 4272/2509/2512 4277/2516/2180 4273/2497/2465
f 4273/2497/2303 4274/2492/2303 4276/2498/2303
f 4273/2497/2304 4275/2491/2304 4274/2492/2304
f 4273/2497/2465 4277/2516/2180 4275/2491/2180
f 4273/2497/2302 4276/2498/2302 4264/2500/2302
f 4273/2497/2301 4264/2500/2301 4271/2504/2301
f 4277/2516/2180 4278/2517/2511 4275/2491/2180
f 4277/2516/2180 4235/2491/2180 4278/2517/2511
f 4277/2516/2180 4240/2497/2292 4235/2491/2180
f 4252/2509/2654 4240/2497/2292 4277/2516/2180
f 4278/2517/2511 4235/2491/2180 4236/2493/2587
f 4278/2517/2511 4236/2493/2587 4279/2518/2671
f 4275/2491/2180 4278/2517/2511 4280/2493/2498
f 4278/2517/2511 4281/2518/2672 4280/2493/2498
f 4281/2518/2672 4282/2519/2180 4283/2479/2673
f 4280/2493/2498 4281/2518/2672 4283/2479/2673
f 4283/2479/2673 4282/2519/2180 4287/2473/2180
f 4283/2479/2495 4284/2485/2496 4280/2493/2497
f 4283/2479/2499 4285/2481/2499 4284/2485/2499
f 4283/2479/2500 4288/2480/2500 4285/2481/2500
f 4283/2479/2501 4286/2474/2501 4288/2480/2501
f 4283/2479/2304 4287/2473/2304 4286/2474/2304
f 4286/2474/2502 4289/2477/2502 4288/2480/2502
f 4289/2477/2503 4285/2481/2503 4288/2480/2503
f 4286/2474/2307 4290/2478/2307 4289/2477/2307
f 4290/2478/2308 4291/2482/2308 4289/2477/2308
f 4291/2482/2504 4285/2481/2504 4289/2477/2504
f 4290/2478/2310 4293/2520/2310 4291/2482/2310
f 4293/2520/2310 4292/2483/2310 4291/2482/2310
f 4291/2482/2505 4292/2483/2505 4285/2481/2505
f 4293/2520/2312 4296/2470/2312 4294/2469/2312
f 4295/2521/2621 4293/2520/2314 4294/2469/2567
f 4293/2520/2318 4290/2478/2318 4296/2470/2318
f 4297/2522/2581 4293/2520/2314 4295/2521/2621
f 4297/2522/2581 4292/2483/2674 4293/2520/2314
f 4297/2522/2581 4298/2523/2471 4292/2483/2674
f 4297/2522/2277 4226/2483/2473 4298/2523/2610
f 4297/2522/2277 4299/2520/2275 4226/2483/2473
f 4295/2521/2474 4299/2520/2275 4297/2522/2277
f 4299/2520/2279 4229/2482/2279 4226/2483/2279
f 4221/2478/2279 4229/2482/2279 4299/2520/2279
f 4299/2520/2255 4215/2470/2255 4221/2478/2255
f 4299/2520/2254 4213/2469/2254 4215/2470/2254
f 4213/2469/2248 4299/2520/2275 4295/2521/2474
f 4298/2523/2610 4226/2483/2473 4231/2487/2675
f 4231/2487/2675 4300/2524/2275 4298/2523/2610
f 4298/2523/2610 4300/2524/2275 4259/2515/2582
f 4259/2515/2621 4302/2524/2314 4298/2523/2471
f 4292/2483/2674 4298/2523/2471 4301/2487/2349
f 4298/2523/2471 4302/2524/2314 4301/2487/2349
f 4259/2515/2621 4260/2501/2661 4302/2524/2314
f 4302/2524/2310 4260/2501/2310 4303/2499/2310
f 4305/2496/2310 4302/2524/2310 4303/2499/2310
f 4302/2524/2318 4305/2496/2318 4304/2488/2318
f 4302/2524/2312 4304/2488/2312 4301/2487/2312
f 4306/2489/2320 4304/2488/2321 4305/2496/2322
f 4305/2496/2432 4274/2492/2432 4306/2489/2432
f 4274/2492/2307 4305/2496/2307 4307/2495/2307
f 4305/2496/2308 4303/2499/2308 4307/2495/2308
f 4303/2499/2309 4264/2500/2309 4307/2495/2309
f 4307/2495/2306 4264/2500/2306 4276/2498/2306
f 4274/2492/2305 4307/2495/2305 4276/2498/2305
f 4274/2492/2342 4308/2490/2341 4306/2489/2434
f 4308/2490/2327 4309/2484/2327 4306/2489/2327
f 4309/2484/2323 4304/2488/2321 4306/2489/2320
f 4285/2481/2604 4309/2484/2604 4310/2486/2604
f 4285/2481/2507 4292/2483/2507 4309/2484/2507
f 4309/2484/2319 4301/2487/2319 4304/2488/2319
f 4309/2484/2328 4308/2490/2328 4310/2486/2328
f 4292/2483/2506 4301/2487/2506 4309/2484/2506
f 4285/2481/2606 4310/2486/2606 4284/2485/2606
f 4310/2486/2676 4311/2494/2676 4284/2485/2676
f 4311/2494/2329 4310/2486/2329 4308/2490/2329
f 4308/2490/2345 4280/2493/2344 4311/2494/2346
f 4280/2493/2497 4284/2485/2496 4311/2494/2607
f 4275/2491/2340 4308/2490/2341 4274/2492/2342
f 4275/2491/2343 4280/2493/2344 4308/2490/2345
f 4303/2499/2311 4260/2501/2311 4264/2500/2311
f 4300/2524/2254 4231/2487/2254 4233/2488/2254
f 4300/2524/2255 4233/2488/2255 4239/2496/2255
f 4239/2496/2279 4243/2499/2279 4300/2524/2279
f 4259/2515/2582 4300/2524/2275 4245/2501/2662
f 4300/2524/2279 4243/2499/2279 4245/2501/2279
f 4313/2466/2319 4294/2469/2319 4296/2470/2319
f 4312/2471/2320 4296/2470/2321 4290/2478/2322
f 4313/2466/2323 4296/2470/2321 4312/2471/2320
f 4317/2465/2448 4294/2469/2448 4313/2466/2448
f 4315/2472/2327 4313/2466/2327 4312/2471/2327
f 4314/2464/2328 4313/2466/2328 4316/2468/2328
f 4314/2464/2449 4317/2465/2449 4313/2466/2449
f 4313/2466/2328 4315/2472/2328 4316/2468/2328
f 4318/2525/2447 4317/2465/2469 4319/2526/2314
f 4318/2525/2447 4295/2521/2621 4317/2465/2469
f 4317/2465/2469 4295/2521/2621 4294/2469/2567
f 4320/2463/2311 4317/2465/2311 4314/2464/2311
f 4319/2526/2310 4317/2465/2310 4320/2463/2310
f 4321/2460/2310 4319/2526/2310 4320/2463/2310
f 4320/2463/2309 4314/2464/2309 4322/2459/2309
f 4321/2460/2308 4320/2463/2308 4322/2459/2308
f 4322/2459/2306 4314/2464/2306 4323/2462/2306
f 4324/2456/2305 4322/2459/2305 4323/2462/2305
f 4324/2456/2307 4321/2460/2307 4322/2459/2307
f 4325/2461/2303 4324/2456/2303 4323/2462/2303
f 4325/2461/2304 4327/2455/2304 4324/2456/2304
f 4321/2460/2432 4324/2456/2432 4326/2453/2432
f 4324/2456/2342 4328/2454/2341 4326/2453/2434
f 4327/2455/2340 4328/2454/2341 4324/2456/2342
f 4327/2455/2343 4329/2457/2344 4328/2454/2345
f 4328/2454/2345 4329/2457/2344 4330/2458/2677
f 4330/2458/2329 4331/2450/2329 4328/2454/2329
f 4332/2448/2328 4328/2454/2328 4331/2450/2328
f 4328/2454/2327 4332/2448/2327 4326/2453/2327
f 4335/2445/2467 4333/2447/2467 4332/2448/2467
f 4333/2447/2448 4334/2451/2448 4332/2448/2448
f 4332/2448/2319 4334/2451/2319 4336/2452/2319
f 4332/2448/2323 4336/2452/2321 4326/2453/2320
f 4335/2445/2468 4332/2448/2468 4331/2450/2468
f 4319/2526/2318 4321/2460/2318 4336/2452/2318
f 4319/2526/2312 4336/2452/2312 4334/2451/2312
f 4326/2453/2320 4336/2452/2321 4321/2460/2322
f 4339/2446/2505 4333/2447/2505 4335/2445/2505
f 4335/2445/2542 4331/2450/2542 4337/2449/2542
f 4338/2443/2458 4335/2445/2458 4337/2449/2458
f 4338/2443/2459 4341/2444/2459 4335/2445/2459
f 4339/2446/2504 4335/2445/2504 4340/2441/2504
f 4340/2441/2596 4335/2445/2596 4341/2444/2596
f 4338/2443/2451 4342/2438/2451 4341/2444/2451
f 4342/2438/2450 4340/2441/2450 4341/2444/2450
f 4342/2438/2307 4343/2442/2307 4340/2441/2307
f 4343/2442/2432 4342/2438/2432 4344/2435/2432
f 4342/2438/2342 4346/2436/2341 4344/2435/2434
f 4345/2437/2340 4346/2436/2341 4342/2438/2342
f 4338/2443/2304 4345/2437/2304 4342/2438/2304
f 4346/2436/2345 4350/2439/2344 4347/2440/2346
f 4347/2440/2329 4348/2432/2329 4346/2436/2329
f 4349/2430/2328 4346/2436/2328 4348/2432/2328
f 4346/2436/2327 4349/2430/2327 4344/2435/2327
f 4345/2437/2343 4350/2439/2344 4346/2436/2345
f 4351/2527/2678 4352/2528/2679 4350/2439/2300
f 4345/2437/2183 4351/2527/2678 4350/2439/2300
f 4350/2439/2300 4352/2528/2679 4353/2425/2546
f 4353/2425/2297 4354/2431/2298 4350/2439/2299
f 4350/2439/2299 4354/2431/2298 4347/2440/2470
f 4348/2432/2329 4347/2440/2329 4354/2431/2329
f 4355/2428/2329 4348/2432/2329 4354/2431/2329
f 4353/2425/2301 4355/2428/2301 4354/2431/2301
f 4355/2428/2328 4349/2430/2328 4348/2432/2328
f 4355/2428/2449 4356/2429/2449 4349/2430/2449
f 4357/2427/2311 4356/2429/2311 4355/2428/2311
f 4353/2425/2302 4359/2426/2302 4355/2428/2302
f 4357/2427/2309 4355/2428/2309 4358/2423/2309
f 4358/2423/2306 4355/2428/2306 4359/2426/2306
f 4360/2420/2305 4358/2423/2305 4359/2426/2305
f 4353/2425/2303 4360/2420/2303 4359/2426/2303
f 4360/2420/2307 4361/2424/2307 4358/2423/2307
f 4361/2424/2432 4360/2420/2432 4362/2417/2432
f 4360/2420/2342 4364/2418/2341 4362/2417/2434
f 4363/2419/2340 4364/2418/2341 4360/2420/2342
f 4353/2425/2304 4363/2419/2304 4360/2420/2304
f 4363/2419/2343 4365/2421/2344 4364/2418/2345
f 4364/2418/2345 4365/2421/2344 4366/2422/2346
f 4366/2422/2329 4367/2414/2329 4364/2418/2329
f 4368/2412/2328 4364/2418/2328 4367/2414/2328
f 4364/2418/2327 4368/2412/2327 4362/2417/2327
f 4371/2409/2348 4369/2411/2348 4368/2412/2348
f 4369/2411/2324 4370/2415/2324 4368/2412/2324
f 4368/2412/2319 4370/2415/2319 4372/2416/2319
f 4368/2412/2323 4372/2416/2321 4362/2417/2320
f 4371/2409/2328 4368/2412/2328 4367/2414/2328
f 4373/2529/2312 4372/2416/2312 4370/2415/2312
f 4373/2529/2318 4361/2424/2318 4372/2416/2318
f 4362/2417/2320 4372/2416/2321 4361/2424/2322
f 4374/2530/2447 4356/2429/2436 4373/2529/2314
f 4374/2530/2447 4373/2529/2314 4375/2531/2350
f 4375/2531/2350 4373/2529/2314 4370/2415/2357
f 4361/2424/2310 4373/2529/2310 4357/2427/2310
f 4373/2529/2310 4356/2429/2310 4357/2427/2310
f 4376/2532/2680 4375/2531/2350 4369/2411/2681
f 4376/2532/2682 4154/2411/2683 4375/2531/2251
f 4375/2531/2251 4377/2529/2275 4374/2530/2248
f 4375/2531/2251 4154/2411/2683 4159/2415/2684
f 4159/2415/2684 4377/2529/2275 4375/2531/2251
f 4369/2411/2681 4375/2531/2350 4370/2415/2357
f 4374/2530/2248 4377/2529/2275 4173/2429/2278
f 4377/2529/2279 4171/2427/2279 4173/2429/2279
f 4167/2424/2279 4171/2427/2279 4377/2529/2279
f 4377/2529/2255 4161/2416/2255 4167/2424/2255
f 4377/2529/2254 4159/2415/2254 4161/2416/2254
f 4376/2532/2682 4379/2533/2685 4154/2411/2683
f 4376/2532/2680 4380/2533/2686 4378/2534/2687
f 4378/2534/2688 4379/2533/2685 4376/2532/2682
f 4376/2532/2680 4369/2411/2681 4380/2533/2686
f 4380/2533/2689 4369/2411/2690 4381/2410/2691
f 4384/2406/2310 4380/2533/2689 4381/2410/2691
f 4380/2533/2318 4384/2406/2318 4382/2398/2318
f 4380/2533/2312 4382/2398/2312 4383/2397/2312
f 4378/2534/2687 4380/2533/2686 4383/2397/2692
f 4385/2399/2320 4382/2398/2321 4384/2406/2322
f 4384/2406/2432 4386/2402/2432 4385/2399/2432
f 4386/2402/2307 4384/2406/2307 4387/2405/2307
f 4384/2406/2308 4381/2410/2308 4387/2405/2308
f 4386/2402/2693 4387/2405/2694 4388/2408/2695
f 4381/2410/2696 4371/2409/2696 4387/2405/2696
f 4387/2405/2694 4371/2409/2697 4388/2408/2695
f 4389/2407/2698 4386/2402/2699 4388/2408/2700
f 4389/2407/2698 4388/2408/2700 4371/2409/2701
f 4365/2421/2338 4389/2407/2333 4366/2422/2332
f 4365/2421/2183 4394/2535/2702 4389/2407/2703
f 4389/2407/2361 4371/2409/2361 4390/2413/2361
f 4366/2422/2332 4389/2407/2333 4390/2413/2334
f 4391/2536/2704 4389/2407/2703 4393/2537/2705
f 4392/2401/2706 4389/2407/2703 4391/2536/2704
f 4389/2407/2707 4392/2401/2707 4386/2402/2707
f 4393/2537/2705 4389/2407/2703 4394/2535/2702
f 4394/2535/2702 4164/2421/2183 4150/2407/2708
f 4395/2538/2183 4164/2421/2183 4394/2535/2702
f 4395/2538/2183 4394/2535/2702 4365/2421/2183
f 4394/2535/2702 4150/2407/2708 4393/2537/2705
f 4396/2539/2183 4395/2538/2183 4363/2419/2183
f 4396/2539/2183 4163/2419/2180 4395/2538/2183
f 4395/2538/2183 4163/2419/2180 4164/2421/2183
f 4363/2419/2183 4395/2538/2183 4365/2421/2183
f 4396/2539/2183 4168/2425/2292 4163/2419/2180
f 4353/2425/2546 4396/2539/2183 4363/2419/2183
f 4352/2528/2679 4396/2539/2183 4353/2425/2546
f 4352/2528/2679 4168/2425/2292 4396/2539/2183
f 4393/2537/2705 4145/2401/2709 4391/2536/2704
f 4150/2407/2708 4145/2401/2709 4393/2537/2705
f 4392/2401/2340 4398/2400/2341 4386/2402/2342
f 4391/2536/2704 4399/2540/2597 4392/2401/2706
f 4392/2401/2343 4397/2403/2344 4398/2400/2345
f 4392/2401/2706 4399/2540/2597 4397/2403/2300
f 4391/2536/2704 4145/2401/2709 4399/2540/2597
f 4399/2540/2597 4145/2401/2709 4146/2403/2291
f 4399/2540/2597 4146/2403/2291 4400/2541/2710
f 4399/2540/2597 4400/2541/2710 4397/2403/2300
f 4400/2541/2710 4146/2403/2291 4132/2391/2292
f 4400/2541/2710 4132/2391/2292 4123/2395/2183
f 4400/2541/2710 4123/2395/2183 4119/2391/2546
f 4397/2403/2300 4400/2541/2710 4119/2391/2546
f 4386/2402/2342 4398/2400/2341 4385/2399/2434
f 4116/2388/2328 4398/2400/2328 4117/2389/2328
f 4398/2400/2327 4116/2388/2327 4385/2399/2327
f 4398/2400/2345 4397/2403/2344 4401/2404/2346
f 4401/2404/2329 4117/2389/2329 4398/2400/2329
f 4397/2403/2299 4118/2390/2298 4401/2404/2470
f 4117/2389/2329 4401/2404/2329 4118/2390/2329
f 4119/2391/2297 4118/2390/2298 4397/2403/2299
f 4371/2409/2329 4367/2414/2329 4390/2413/2329
f 4367/2414/2329 4366/2422/2329 4390/2413/2329
f 4116/2388/2323 4382/2398/2321 4385/2399/2320
f 4112/2384/2469 4378/2534/2687 4383/2397/2692
f 4112/2384/2448 4383/2397/2448 4116/2388/2448
f 4116/2388/2319 4383/2397/2319 4382/2398/2319
f 4381/2410/2711 4369/2411/2711 4371/2409/2711
f 4379/2533/2712 4157/2410/2713 4154/2411/2714
f 4149/2406/2279 4157/2410/2713 4379/2533/2712
f 4379/2533/2255 4143/2398/2255 4149/2406/2255
f 4379/2533/2254 4141/2397/2254 4143/2398/2254
f 4141/2397/2715 4379/2533/2685 4378/2534/2688
f 4111/2383/2447 4378/2534/2687 4112/2384/2469
f 4111/2383/2248 4137/2384/2473 4378/2534/2688
f 4378/2534/2688 4137/2384/2473 4141/2397/2715
f 4374/2530/2447 4402/2542/2471 4356/2429/2436
f 4374/2530/2248 4173/2429/2278 4402/2542/2582
f 4403/2543/2447 4406/2544/2314 4402/2542/2471
f 4402/2542/2582 4404/2544/2275 4403/2543/2472
f 4402/2542/2582 4173/2429/2278 4177/2433/2583
f 4177/2433/2583 4404/2544/2275 4402/2542/2582
f 4356/2429/2436 4402/2542/2471 4405/2433/2447
f 4402/2542/2471 4406/2544/2314 4405/2433/2447
f 4403/2543/2447 4333/2447/2436 4406/2544/2314
f 4406/2544/2318 4343/2442/2318 4407/2434/2318
f 4343/2442/2310 4406/2544/2310 4339/2446/2310
f 4406/2544/2310 4333/2447/2310 4339/2446/2310
f 4406/2544/2312 4407/2434/2312 4405/2433/2312
f 4344/2435/2320 4407/2434/2321 4343/2442/2322
f 4349/2430/2323 4407/2434/2321 4344/2435/2320
f 4349/2430/2319 4405/2433/2319 4407/2434/2319
f 4356/2429/2448 4405/2433/2448 4349/2430/2448
f 4403/2543/2472 4404/2544/2275 4190/2447/2253
f 4404/2544/2279 4193/2446/2279 4190/2447/2279
f 4185/2442/2279 4193/2446/2279 4404/2544/2279
f 4404/2544/2255 4179/2434/2255 4185/2442/2255
f 4404/2544/2254 4177/2433/2254 4179/2434/2254
f 4403/2543/2447 4408/2545/2446 4333/2447/2436
f 4403/2543/2472 4190/2447/2253 4408/2545/2474
f 4318/2525/2447 4319/2526/2314 4408/2545/2446
f 4408/2545/2474 4409/2526/2275 4318/2525/2248
f 4408/2545/2474 4190/2447/2253 4195/2451/2248
f 4195/2451/2248 4409/2526/2275 4408/2545/2474
f 4333/2447/2436 4408/2545/2446 4334/2451/2447
f 4408/2545/2446 4319/2526/2314 4334/2451/2447
f 4318/2525/2248 4409/2526/2275 4209/2465/2473
f 4409/2526/2279 4207/2463/2279 4209/2465/2279
f 4203/2460/2279 4207/2463/2279 4409/2526/2279
f 4409/2526/2255 4197/2452/2255 4203/2460/2255
f 4409/2526/2254 4195/2451/2254 4197/2452/2254
f 4361/2424/2308 4357/2427/2308 4358/2423/2308
f 4352/2528/2679 4182/2439/2291 4168/2425/2292
f 4351/2527/2678 4182/2439/2291 4352/2528/2679
f 4410/2546/2183 4351/2527/2678 4345/2437/2183
f 4410/2546/2183 4181/2437/2183 4351/2527/2678
f 4351/2527/2678 4181/2437/2183 4182/2439/2291
f 4410/2546/2183 4186/2443/2530 4181/2437/2183
f 4338/2443/2716 4410/2546/2183 4345/2437/2183
f 4411/2547/2717 4410/2546/2183 4338/2443/2716
f 4412/2547/2462 4186/2443/2530 4410/2546/2183
f 4412/2547/2462 4200/2457/2718 4186/2443/2530
f 4413/2548/2464 4200/2457/2718 4412/2547/2462
f 4414/2549/2183 4413/2548/2464 4327/2455/2183
f 4414/2549/2183 4199/2455/2183 4413/2548/2464
f 4413/2548/2464 4199/2455/2183 4200/2457/2718
f 4327/2455/2183 4413/2548/2464 4329/2457/2631
f 4413/2548/2464 4411/2547/2717 4329/2457/2631
f 4414/2549/2183 4204/2461/2292 4199/2455/2183
f 4325/2461/2546 4414/2549/2183 4327/2455/2183
f 4415/2550/2719 4414/2549/2183 4325/2461/2546
f 4415/2550/2719 4204/2461/2292 4414/2549/2183
f 4415/2550/2719 4218/2475/2291 4204/2461/2292
f 4416/2551/2678 4218/2475/2291 4415/2550/2719
f 4416/2551/2678 4415/2550/2719 4417/2475/2300
f 4417/2475/2300 4415/2550/2719 4325/2461/2546
f 4287/2473/2180 4416/2551/2678 4417/2475/2300
f 4287/2473/2343 4417/2475/2344 4315/2472/2345
f 4325/2461/2297 4418/2467/2298 4417/2475/2299
f 4417/2475/2299 4418/2467/2298 4419/2476/2470
f 4315/2472/2345 4417/2475/2344 4419/2476/2346
f 4419/2476/2329 4316/2468/2329 4315/2472/2329
f 4316/2468/2329 4419/2476/2329 4418/2467/2329
f 4325/2461/2301 4314/2464/2301 4418/2467/2301
f 4314/2464/2329 4316/2468/2329 4418/2467/2329
f 4282/2519/2180 4416/2551/2678 4287/2473/2180
f 4282/2519/2180 4217/2473/2180 4416/2551/2678
f 4416/2551/2678 4217/2473/2180 4218/2475/2291
f 4329/2457/2631 4411/2547/2717 4338/2443/2716
f 4343/2442/2308 4339/2446/2308 4340/2441/2308
f 4338/2443/2452 4337/2449/2453 4329/2457/2454
f 4329/2457/2454 4337/2449/2453 4330/2458/2544
f 4331/2450/2543 4330/2458/2543 4337/2449/2543
f 4325/2461/2302 4323/2462/2302 4314/2464/2302
f 4318/2525/2248 4209/2465/2473 4295/2521/2474
f 4286/2474/2342 4315/2472/2341 4312/2471/2434
f 4287/2473/2340 4315/2472/2341 4286/2474/2342
f 4290/2478/2432 4286/2474/2432 4312/2471/2432
f 4295/2521/2474 4209/2465/2473 4213/2469/2248
f 4282/2519/2180 4222/2479/2720 4217/2473/2180
f 4279/2518/2671 4222/2479/2720 4282/2519/2180
f 4279/2518/2671 4236/2493/2587 4222/2479/2720
f 4264/2500/2329 4265/2503/2329 4271/2504/2329
f 4265/2503/2329 4267/2505/2329 4271/2504/2329
f 4251/2507/2669 4269/2508/2668 4420/2552/2721
f 4253/2508/2653 4251/2507/2669 4420/2552/2721
f 4233/2488/2221 4232/2489/2220 4239/2496/2476
f 4236/2493/2486 4228/2485/2487 4222/2479/2488
f 4221/2478/2281 4223/2477/2281 4229/2482/2281
f 4215/2470/2221 4214/2471/2220 4221/2478/2226
f 4219/2476/2650 4211/2467/2288 4218/2475/2287
f 4210/2468/2217 4211/2467/2217 4219/2476/2217
f 4218/2475/2287 4211/2467/2288 4204/2461/2289
f 4197/2452/2221 4196/2453/2220 4203/2460/2476
f 4201/2458/2551 4192/2449/2526 4200/2457/2525
f 4191/2450/2552 4192/2449/2552 4201/2458/2552
f 4200/2457/2525 4192/2449/2526 4186/2443/2527
f 4185/2442/2281 4187/2441/2281 4193/2446/2281
f 4179/2434/2221 4178/2435/2220 4185/2442/2226
f 4183/2440/2650 4175/2431/2288 4182/2439/2287
f 4174/2432/2217 4175/2431/2217 4183/2440/2217
f 4182/2439/2287 4175/2431/2288 4168/2425/2289
f 4161/2416/2221 4160/2417/2220 4167/2424/2476
f 4164/2421/2215 4165/2422/2216 4150/2407/2269
f 4155/2414/2217 4156/2413/2217 4165/2422/2217
f 4150/2407/2269 4165/2422/2216 4156/2413/2270
f 4149/2406/2281 4151/2405/2281 4157/2410/2281
f 4143/2398/2221 4142/2399/2220 4149/2406/2476
f 4147/2404/2650 4139/2390/2288 4146/2403/2287
f 4138/2389/2217 4139/2390/2217 4147/2404/2217
f 4146/2403/2287 4139/2390/2288 4132/2391/2289
f 4111/2383/2248 4421/2381/2275 4137/2384/2473
f 4421/2381/2279 4135/2385/2279 4137/2384/2279
f 4084/2372/2474 4421/2381/2275 4111/2383/2248
f 4131/2382/2279 4135/2385/2279 4421/2381/2279
f 4421/2381/2255 4422/2379/2255 4131/2382/2255
f 4421/2381/2254 4423/2378/2254 4422/2379/2254
f 4423/2378/2583 4421/2381/2275 4084/2372/2474
f 4078/2367/2553 4077/2366/2553 4423/2378/2553
f 4084/2372/2474 4078/2367/2253 4423/2378/2583
f 4077/2366/2222 4422/2379/2222 4423/2378/2222
f 4077/2366/2219 4129/2380/2220 4422/2379/2221
f 4422/2379/2221 4129/2380/2220 4131/2382/2476
f 4123/2395/2183 4132/2391/2292 4125/2394/2183
f 4079/2365/2552 4080/2369/2552 4127/2376/2552
f 4085/2367/2436 4084/2372/2621 4106/2378/2567
f 4104/2377/2345 4099/2375/2344 4102/2376/2346
f 4100/2374/2630 4072/2361/2530 4098/2373/2183
f 4098/2373/2183 4042/2344/2597 4097/2363/2183
f 4098/2373/2183 4073/2363/2183 4042/2344/2597
f 4098/2373/2183 4072/2361/2530 4073/2363/2183
f 4097/2363/2343 4036/2340/2344 4424/2357/2345
f 4097/2363/2183 4042/2344/2597 4036/2340/2548
f 4097/2363/2340 4424/2357/2341 4092/2359/2342
f 4424/2357/2345 4036/2340/2344 4425/2553/2346
f 4425/2553/2329 4426/2354/2329 4424/2357/2329
f 4427/2353/2328 4424/2357/2328 4426/2354/2328
f 4092/2359/2342 4424/2357/2341 4091/2355/2434
f 4424/2357/2327 4427/2353/2327 4091/2355/2327
f 4038/2342/2449 4428/2350/2449 4427/2353/2449
f 4428/2350/2448 4089/2352/2448 4427/2353/2448
f 4427/2353/2319 4089/2352/2319 4088/2356/2319
f 4427/2353/2323 4088/2356/2321 4091/2355/2320
f 4038/2342/2328 4427/2353/2328 4426/2354/2328
f 4061/2349/2447 4428/2350/2469 4429/2348/2314
f 4061/2349/2447 4063/2351/2471 4428/2350/2469
f 4428/2350/2469 4063/2351/2471 4089/2352/2567
f 4430/2347/2311 4428/2350/2311 4038/2342/2311
f 4429/2348/2310 4428/2350/2310 4430/2347/2310
f 4432/2346/2308 4430/2347/2308 4431/2345/2308
f 4430/2347/2309 4038/2342/2309 4431/2345/2309
f 4432/2346/2310 4429/2348/2310 4430/2347/2310
f 4027/2331/2320 4028/2330/2321 4432/2346/2322
f 4432/2346/2432 4032/2335/2432 4027/2331/2432
f 4032/2335/2307 4432/2346/2307 4431/2345/2307
f 4429/2348/2318 4432/2346/2318 4028/2330/2318
f 4032/2335/2305 4431/2345/2305 4039/2343/2305
f 4431/2345/2306 4038/2342/2306 4039/2343/2306
f 4061/2349/2447 4429/2348/2314 4024/2327/2471
f 4429/2348/2312 4028/2330/2312 4025/2328/2312
f 4024/2327/2471 4429/2348/2314 4025/2328/2447
f 4038/2342/2329 4426/2354/2329 4037/2339/2329
f 4426/2354/2329 4425/2553/2329 4037/2339/2329
f 4036/2340/2299 4037/2339/2298 4425/2553/2470
f 4087/2368/2505 4085/2367/2505 4094/2364/2505
f 4042/2344/2597 4073/2363/2183 4041/2340/2291
f 4073/2363/2261 4067/2357/2259 4041/2340/2258
f 4433/2553/2217 4067/2357/2217 4068/2354/2217
f 4068/2354/2217 4044/2339/2217 4433/2553/2217
f 4045/2342/2217 4044/2339/2217 4068/2354/2217
f 4041/2340/2258 4067/2357/2259 4433/2553/2260
f 4433/2553/2650 4044/2339/2288 4041/2340/2287
f 4034/2338/2183 4046/2336/2183 4000/2318/2600
f 4000/2318/2600 4046/2336/2183 3999/2315/2599
f 3984/2304/2320 3985/2303/2321 4020/2320/2322
f 4020/2320/2432 3989/2309/2432 3984/2304/2432
f 4017/2324/2472 4435/2554/2275 4015/2298/2602
f 4017/2324/2581 4436/2554/2314 4434/2555/2471
f 4434/2555/2722 4435/2554/2275 4017/2324/2472
f 4017/2324/2581 3979/2298/2469 4436/2554/2314
f 4436/2554/2310 3979/2298/2310 3977/2296/2310
f 3974/2294/2310 4436/2554/2310 3977/2296/2310
f 4436/2554/2318 3974/2294/2318 4437/2556/2318
f 4436/2554/2312 4437/2556/2312 4438/2557/2312
f 4434/2555/2471 4436/2554/2314 4438/2557/2447
f 3959/2279/2448 4438/2557/2448 3963/2282/2448
f 3959/2279/2469 4434/2555/2471 4438/2557/2447
f 3963/2282/2319 4438/2557/2319 4437/2556/2319
f 3963/2282/2323 4437/2556/2321 3971/2289/2320
f 3971/2289/2320 4437/2556/2321 3974/2294/2322
f 4435/2554/2279 4439/2296/2279 4015/2298/2279
f 4442/2294/2279 4439/2296/2279 4435/2554/2279
f 4435/2554/2255 4440/2556/2255 4442/2294/2255
f 4435/2554/2254 4441/2557/2254 4440/2556/2254
f 4441/2557/2583 4435/2554/2275 4434/2555/2722
f 4443/2291/2231 4445/2295/2231 4442/2294/2231
f 4442/2294/2227 4444/2289/2227 4443/2291/2227
f 4440/2556/2221 4444/2289/2220 4442/2294/2226
f 4442/2294/2281 4445/2295/2281 4439/2296/2281
f 4439/2296/2282 4445/2295/2282 4447/2297/2282
f 4445/2295/2283 4446/2293/2283 4447/2297/2283
f 4443/2291/2284 4446/2293/2284 4445/2295/2284
f 4447/2297/2218 4448/2300/2218 4013/2299/2218
f 4447/2297/2554 4013/2299/2554 4015/2298/2554
f 4439/2296/2280 4447/2297/2280 4015/2298/2280
f 4447/2297/2217 4449/2301/2217 4448/2300/2217
f 4450/2292/2293 4449/2301/2293 4447/2297/2293
f 4450/2292/2294 4447/2297/2294 4446/2293/2294
f 4451/2306/2287 4449/2301/2288 4450/2292/2289
f 4452/2558/2608 4451/2306/2291 4450/2292/2292
f 4452/2558/2608 4450/2292/2292 4454/2559/2183
f 4454/2559/2183 4450/2292/2292 4453/2290/2183
f 4450/2292/2285 4443/2291/2285 4453/2290/2285
f 4450/2292/2286 4446/2293/2286 4443/2291/2286
f 4454/2559/2183 4455/2560/2723 3970/2290/2183
f 4454/2559/2183 4453/2290/2183 4455/2560/2723
f 3973/2292/2716 4454/2559/2183 3970/2290/2183
f 4452/2558/2608 4454/2559/2183 3973/2292/2716
f 4455/2560/2723 4453/2290/2183 4456/2286/2718
f 4455/2560/2723 4456/2286/2718 4457/2561/2724
f 4455/2560/2723 4457/2561/2724 3967/2286/2631
f 3970/2290/2183 4455/2560/2723 3967/2286/2631
f 4457/2561/2724 4456/2286/2718 4458/2268/2530
f 4457/2561/2724 4458/2268/2530 3946/2266/2183
f 4457/2561/2724 3946/2266/2183 3950/2268/2457
f 3967/2286/2631 4457/2561/2724 3950/2268/2457
f 4456/2286/2525 4459/2284/2526 4458/2268/2527
f 4458/2268/2521 4459/2284/2521 4460/2281/2521
f 4458/2268/2649 4460/2281/2649 4462/2285/2649
f 3946/2266/2183 4458/2268/2530 3947/2267/2183
f 4458/2268/2285 4461/2270/2285 3947/2267/2285
f 4458/2268/2646 4462/2285/2646 4461/2270/2646
f 4461/2270/2647 4462/2285/2647 4463/2280/2647
f 4463/2280/2648 4462/2285/2648 4460/2281/2648
f 4465/2274/2281 4463/2280/2281 4464/2277/2281
f 4464/2277/2477 4463/2280/2477 4460/2281/2477
f 4461/2270/2231 4463/2280/2231 4465/2274/2231
f 4465/2274/2227 4466/2272/2227 4461/2270/2227
f 4468/2273/2221 4466/2272/2220 4465/2274/2226
f 4467/2275/2255 4468/2273/2255 4465/2274/2255
f 4465/2274/2279 4464/2277/2279 4467/2275/2279
f 3933/2256/2219 4466/2272/2220 4468/2273/2221
f 3933/2256/2222 4468/2273/2222 4469/2276/2222
f 4467/2275/2254 4469/2276/2254 4468/2273/2254
f 3922/2258/2553 3933/2256/2553 4469/2276/2553
f 3921/2262/2582 3922/2258/2253 4469/2276/2583
f 4469/2276/2583 4467/2275/2275 3921/2262/2582
f 3958/2278/2248 4467/2275/2275 4470/2279/2473
f 3921/2262/2582 4467/2275/2275 3958/2278/2248
f 4467/2275/2279 4464/2277/2279 4470/2279/2279
f 3958/2278/2248 4470/2279/2473 4434/2555/2722
f 4434/2555/2722 4470/2279/2473 4441/2557/2583
f 4470/2279/2553 4471/2282/2553 4441/2557/2553
f 4460/2281/2519 4471/2282/2519 4470/2279/2519
f 4464/2277/2482 4460/2281/2482 4470/2279/2482
f 4460/2281/2518 4473/2283/2518 4471/2282/2518
f 4471/2282/2219 4444/2289/2220 4440/2556/2221
f 4471/2282/2222 4440/2556/2222 4441/2557/2222
f 4471/2282/2218 4473/2283/2218 4472/2288/2218
f 4472/2288/2223 4444/2289/2223 4471/2282/2223
f 4474/2287/2217 4472/2288/2217 4473/2283/2217
f 4473/2283/2552 4459/2284/2552 4474/2287/2552
f 4460/2281/2520 4459/2284/2520 4473/2283/2520
f 4456/2286/2258 4472/2288/2259 4474/2287/2260
f 4474/2287/2551 4459/2284/2526 4456/2286/2525
f 4453/2290/2236 4443/2291/2256 4472/2288/2228
f 4453/2290/2261 4472/2288/2259 4456/2286/2258
f 4472/2288/2228 4443/2291/2256 4444/2289/2257
f 4475/2269/2228 4461/2270/2256 4466/2272/2230
f 4475/2269/2223 4466/2272/2223 3933/2256/2223
f 3933/2256/2218 3934/2257/2218 4475/2269/2218
f 4476/2271/2217 4475/2269/2217 3934/2257/2217
f 3947/2267/2236 4461/2270/2256 4475/2269/2228
f 3947/2267/2261 4475/2269/2259 3937/2254/2258
f 3937/2254/2258 4475/2269/2259 4476/2271/2260
f 4476/2271/2650 3935/2253/2288 3937/2254/2287
f 3934/2257/2217 3935/2253/2217 4476/2271/2217
f 3992/2312/2597 4451/2306/2291 4452/2558/2608
f 3992/2312/2597 4452/2558/2608 3987/2306/2300
f 3987/2306/2300 4452/2558/2608 3973/2292/2716
f 4004/2308/2261 4478/2305/2259 4451/2306/2258
f 3992/2312/2597 4004/2308/2185 4451/2306/2291
f 4451/2306/2258 4478/2305/2259 4477/2307/2260
f 4477/2307/2650 4449/2301/2288 4451/2306/2287
f 4013/2299/2218 4448/2300/2218 4478/2305/2218
f 4477/2307/2217 4478/2305/2217 4448/2300/2217
f 4478/2305/2223 4010/2304/2223 4013/2299/2223
f 4004/2308/2236 4005/2309/2256 4478/2305/2228
f 4478/2305/2228 4005/2309/2256 4010/2304/2257
f 4448/2300/2217 4449/2301/2217 4477/2307/2217
f 3958/2278/2581 4434/2555/2471 3959/2279/2469
f 3991/2311/2183 4004/2308/2185 3992/2312/2597
f 3987/2306/2299 3981/2301/2298 3988/2307/2470
f 3980/2300/2329 3988/2307/2329 3981/2301/2329
f 3973/2292/2297 3981/2301/2298 3987/2306/2299
f 3949/2270/2307 3954/2274/2307 3961/2280/2307
f 3917/2257/2329 3952/2271/2329 3912/2253/2329
f 3911/2254/2299 3912/2253/2298 3952/2271/2470
f 3878/2232/2219 3929/2241/2220 3925/2240/2221
f 3879/2233/2609 3878/2232/2609 3926/2239/2609
f 3885/2238/2474 3879/2233/2473 3926/2239/2583
f 3878/2232/2222 3925/2240/2222 3926/2239/2222
f 3899/2241/2320 3900/2240/2321 3906/2247/2322
f 3903/2245/2725 3846/2221/2726 3904/2246/2727
f 3895/2231/2329 3904/2246/2329 3896/2235/2329
f 3846/2221/2726 3896/2235/2728 3904/2246/2727
f 3886/2233/2469 3885/2238/2471 3898/2239/2567
f 3820/2196/2469 3865/2224/2471 3890/2225/2567
f 3820/2196/2448 3890/2225/2448 3838/2214/2448
f 3838/2214/2319 3890/2225/2319 3889/2226/2319
f 3838/2214/2323 3889/2226/2321 3842/2219/2320
f 3845/2222/2180 3874/2221/2593 3848/2220/2180
f 4479/2217/2217 3869/2216/2217 3870/2215/2217
f 3870/2215/2217 3852/2209/2217 4479/2217/2217
f 3853/2211/2217 3852/2209/2217 3870/2215/2217
f 3849/2210/2258 3869/2216/2259 4479/2217/2260
f 4479/2217/2650 3852/2209/2288 3849/2210/2287
f 3848/2220/2261 3869/2216/2259 3849/2210/2258
f 3815/2194/2513 3865/2224/2471 3820/2196/2469
f 3829/2207/2180 3854/2203/2180 3830/2205/2545
f 3830/2205/2545 3854/2203/2180 3799/2188/2529
f 3830/2205/2545 3799/2188/2529 3800/2189/2528
f 3830/2205/2545 3800/2189/2528 3805/2188/2532
f 3788/2179/2553 3795/2185/2553 3816/2193/2553
f 3803/2191/2460 3801/2172/2180 4480/2162/2291
f 3803/2191/2460 4480/2162/2291 4481/2160/2290
f 3775/2172/2180 3803/2191/2460 3764/2162/2300
f 3803/2191/2460 3766/2160/2512 3764/2162/2300
f 4481/2160/2290 4480/2162/2291 4482/2157/2292
f 4481/2160/2290 4482/2157/2292 3761/2158/2183
f 4480/2162/2287 4483/2161/2288 4482/2157/2289
f 4482/2157/2293 4483/2161/2293 4484/2163/2293
f 4482/2157/2294 4484/2163/2294 4487/2164/2294
f 3761/2158/2183 4482/2157/2292 4485/2156/2180
f 4482/2157/2285 4486/2153/2285 4485/2156/2285
f 4482/2157/2286 4487/2164/2286 4486/2153/2286
f 4488/2165/2283 4487/2164/2283 4484/2163/2283
f 4486/2153/2284 4487/2164/2284 4488/2165/2284
f 4490/2150/2281 4488/2165/2281 4489/2151/2281
f 4489/2151/2282 4488/2165/2282 4484/2163/2282
f 4486/2153/2231 4488/2165/2231 4490/2150/2231
f 4490/2150/2227 4491/2152/2227 4486/2153/2227
f 4492/2149/2221 4491/2152/2220 4490/2150/2226
f 3749/2147/2255 4492/2149/2255 4490/2150/2255
f 4490/2150/2279 4489/2151/2279 3749/2147/2279
f 3726/2137/2219 4491/2152/2220 4492/2149/2221
f 3726/2137/2222 4492/2149/2222 3748/2144/2222
f 3749/2147/2254 3748/2144/2254 4492/2149/2254
f 4493/2154/2228 4486/2153/2256 4491/2152/2230
f 4493/2154/2223 4491/2152/2223 3726/2137/2223
f 3726/2137/2218 3727/2136/2218 4493/2154/2218
f 4494/2155/2217 4493/2154/2217 3727/2136/2217
f 4485/2156/2236 4486/2153/2256 4493/2154/2228
f 4485/2156/2261 4493/2154/2259 3730/2140/2258
f 3730/2140/2258 4493/2154/2259 4494/2155/2260
f 4494/2155/2612 3728/2138/2487 3730/2140/2486
f 3727/2136/2729 3728/2138/2729 4494/2155/2729
f 3749/2147/2279 4489/2151/2279 3783/2148/2279
f 4489/2151/2280 4484/2163/2280 3783/2148/2280
f 3761/2158/2183 4485/2156/2180 3762/2159/2511
f 3762/2159/2511 4485/2156/2180 3730/2140/2490
f 4484/2163/2218 4496/2167/2218 4495/2166/2218
f 4484/2163/2554 4495/2166/2554 3783/2148/2554
f 4484/2163/2217 4483/2161/2217 4496/2167/2217
f 4495/2166/2218 4496/2167/2218 4497/2169/2218
f 4498/2168/2217 4497/2169/2217 4496/2167/2217
f 4496/2167/2217 4483/2161/2217 4498/2168/2217
f 4480/2162/2258 4497/2169/2259 4498/2168/2260
f 4498/2168/2650 4483/2161/2288 4480/2162/2287
f 4497/2169/2223 3791/2171/2223 4495/2166/2223
f 3801/2172/2236 3790/2170/2256 4497/2169/2228
f 3801/2172/2261 4497/2169/2259 4480/2162/2258
f 4497/2169/2228 3790/2170/2256 3791/2171/2257
f 4495/2166/2219 3791/2171/2220 3787/2173/2221
f 4495/2166/2222 3787/2173/2222 3784/2175/2222
f 3783/2148/2553 4495/2166/2553 3784/2175/2553
f 3747/2146/2248 3749/2147/2275 3783/2148/2473
f 3764/2162/2299 3765/2161/2298 3772/2168/2670
f 3762/2159/2511 3730/2140/2490 3731/2141/2489
f 3762/2159/2511 3735/2141/2494 3737/2140/2498
f 3739/2134/2606 3759/2136/2606 3738/2138/2606
f 3739/2134/2604 3745/2137/2604 3759/2136/2604
f 3759/2136/2676 3758/2155/2676 3738/2138/2676
f 3737/2140/2497 3738/2138/2496 3758/2155/2607
f 3719/2131/2609 3726/2137/2609 3748/2144/2609
f 3734/2143/2460 3732/2124/2180 4499/2120/2291
f 3734/2143/2460 4499/2120/2291 4500/2562/2654
f 3706/2124/2180 3734/2143/2460 3702/2120/2300
f 3734/2143/2460 4501/2562/2547 3702/2120/2300
f 4501/2562/2547 3677/2095/2183 3681/2097/2465
f 3702/2120/2300 4501/2562/2547 3681/2097/2465
f 4500/2562/2654 4499/2120/2291 4502/2097/2292
f 4500/2562/2654 4502/2097/2292 3677/2095/2183
f 4499/2120/2287 4503/2117/2288 4502/2097/2289
f 4502/2097/2293 4503/2117/2293 4504/2114/2293
f 4502/2097/2294 4504/2114/2294 4506/2118/2294
f 3677/2095/2183 4502/2097/2292 3678/2096/2183
f 4502/2097/2285 4505/2099/2285 3678/2096/2285
f 4502/2097/2286 4506/2118/2286 4505/2099/2286
f 4507/2113/2283 4506/2118/2283 4504/2114/2283
f 4505/2099/2284 4506/2118/2284 4507/2113/2284
f 4509/2108/2281 4507/2113/2281 4508/2112/2281
f 4508/2112/2282 4507/2113/2282 4504/2114/2282
f 4505/2099/2231 4507/2113/2231 4509/2108/2231
f 4509/2108/2227 4510/2103/2227 4505/2099/2227
f 4512/2106/2221 4510/2103/2220 4509/2108/2226
f 4511/2107/2255 4512/2106/2255 4509/2108/2255
f 4509/2108/2279 4508/2112/2279 4511/2107/2279
f 4513/2102/2219 4510/2103/2220 4512/2106/2221
f 4513/2102/2222 4512/2106/2222 4514/2105/2222
f 4511/2107/2254 4514/2105/2254 4512/2106/2254
f 4515/2104/2553 4513/2102/2553 4514/2105/2553
f 3693/2111/2582 4515/2104/2473 4514/2105/2248
f 4514/2105/2248 4511/2107/2275 3693/2111/2582
f 4516/2563/2682 4518/2564/2275 4515/2104/2473
f 4516/2563/2682 4515/2104/2473 3693/2111/2582
f 4517/2091/2519 4513/2102/2519 4515/2104/2519
f 4519/2565/2482 4517/2091/2482 4515/2104/2482
f 4518/2564/2279 4519/2565/2279 4515/2104/2279
f 4521/2082/2279 4519/2565/2279 4518/2564/2279
f 4521/2082/2281 4520/2086/2281 4519/2565/2281
f 4519/2565/2730 4520/2086/2730 4517/2091/2730
f 4522/2083/2231 4520/2086/2231 4521/2082/2231
f 4521/2082/2227 4523/2080/2227 4522/2083/2227
f 4524/2079/2221 4523/2080/2220 4521/2082/2476
f 4518/2564/2255 4524/2079/2255 4521/2082/2255
f 4525/2077/2219 4523/2080/2220 4524/2079/2221
f 4525/2077/2222 4524/2079/2222 4526/2076/2222
f 4518/2564/2254 4526/2076/2254 4524/2079/2254
f 3555/2052/2553 4525/2077/2553 4526/2076/2553
f 3653/2075/2722 3555/2052/2278 4526/2076/2248
f 4526/2076/2248 4518/2564/2275 3653/2075/2722
f 3557/2054/2218 4528/2078/2218 4525/2077/2218
f 3557/2054/2554 4525/2077/2554 3555/2052/2554
f 4525/2077/2218 4528/2078/2218 4527/2081/2218
f 4527/2081/2223 4523/2080/2223 4525/2077/2223
f 4529/2566/2217 4527/2081/2217 4528/2078/2217
f 4528/2078/2217 3564/2061/2217 4529/2566/2217
f 3557/2054/2217 3564/2061/2217 4528/2078/2217
f 3563/2060/2258 4527/2081/2259 4529/2566/2260
f 4529/2566/2650 3564/2061/2288 3563/2060/2287
f 3672/2084/2236 4522/2083/2256 4527/2081/2228
f 3672/2084/2261 4527/2081/2259 3563/2060/2258
f 4527/2081/2228 4522/2083/2256 4523/2080/2257
f 3673/2085/2646 4530/2087/2646 4522/2083/2646
f 3673/2085/2285 4522/2083/2285 3672/2084/2285
f 4522/2083/2647 4530/2087/2647 4520/2086/2647
f 4520/2086/2648 4530/2087/2648 4517/2091/2648
f 3673/2085/2649 4517/2091/2649 4530/2087/2649
f 3653/2075/2722 4518/2564/2275 4516/2563/2682
f 4517/2091/2518 4531/2101/2518 4513/2102/2518
f 4517/2091/2520 4532/2088/2520 4531/2101/2520
f 3673/2085/2521 4532/2088/2521 4517/2091/2521
f 4531/2101/2552 4532/2088/2552 4533/2100/2552
f 3675/2089/2525 4532/2088/2526 3673/2085/2527
f 4533/2100/2551 4532/2088/2526 3675/2089/2525
f 3675/2089/2258 4534/2098/2259 4533/2100/2260
f 4533/2100/2217 4534/2098/2217 4531/2101/2217
f 4513/2102/2218 4531/2101/2218 4534/2098/2218
f 4534/2098/2223 4510/2103/2223 4513/2102/2223
f 3678/2096/2236 4505/2099/2256 4534/2098/2228
f 3678/2096/2261 4534/2098/2259 3675/2089/2258
f 4534/2098/2228 4505/2099/2256 4510/2103/2230
f 4516/2563/2447 3693/2111/2446 3687/2104/2469
f 4516/2563/2447 4535/2564/2314 3653/2075/2446
f 4516/2563/2447 3687/2104/2469 4535/2564/2314
f 4535/2564/2310 3687/2104/2310 4536/2565/2310
f 3660/2082/2310 4535/2564/2310 4536/2565/2310
f 4535/2564/2318 3660/2082/2318 3656/2079/2318
f 4535/2564/2312 3656/2079/2312 3654/2076/2312
f 3653/2075/2446 4535/2564/2314 3654/2076/2447
f 4536/2565/2505 3687/2104/2505 3669/2091/2505
f 3660/2082/2308 4536/2565/2308 3663/2086/2308
f 4536/2565/2504 3669/2091/2504 3663/2086/2504
f 3692/2109/2472 4511/2107/2275 3714/2110/2473
f 3693/2111/2582 4511/2107/2275 3692/2109/2472
f 4511/2107/2279 4508/2112/2279 3714/2110/2279
f 4508/2112/2280 4504/2114/2280 3714/2110/2280
f 4504/2114/2218 4538/2116/2218 4537/2115/2218
f 4504/2114/2554 4537/2115/2554 3714/2110/2554
f 4504/2114/2217 4503/2117/2217 4538/2116/2217
f 4537/2115/2218 4538/2116/2218 4539/2121/2218
f 4540/2119/2217 4539/2121/2217 4538/2116/2217
f 4538/2116/2217 4503/2117/2217 4540/2119/2217
f 4499/2120/2258 4539/2121/2259 4540/2119/2260
f 4540/2119/2650 4503/2117/2288 4499/2120/2287
f 4539/2121/2223 3722/2123/2223 4537/2115/2223
f 3732/2124/2236 3721/2122/2256 4539/2121/2228
f 3732/2124/2261 4539/2121/2259 4499/2120/2258
f 4539/2121/2228 3721/2122/2256 3722/2123/2257
f 4537/2115/2219 3722/2123/2220 3718/2125/2221
f 4537/2115/2222 3718/2125/2222 3715/2127/2222
f 3714/2110/2553 4537/2115/2553 3715/2127/2553
f 3680/2099/2307 3690/2108/2307 3696/2113/2307
f 3687/2104/2469 3693/2111/2446 3688/2105/2447
f 3690/2108/2432 3680/2099/2432 3685/2103/2432
f 3669/2091/2542 3684/2101/2542 3667/2088/2542
f 3684/2101/2543 3683/2100/2543 3667/2088/2543
f 3666/2089/2454 3667/2088/2453 3683/2100/2544
f 3671/2093/2460 3672/2084/2180 3563/2060/2291
f 3671/2093/2460 3563/2060/2291 3565/2062/2290
f 3662/2084/2180 3671/2093/2460 3571/2060/2300
f 3671/2093/2460 3569/2062/2296 3571/2060/2300
f 3663/2086/2596 3669/2091/2596 3664/2087/2596
f 3662/2084/2343 3571/2060/2344 3657/2081/2345
f 3658/2078/2329 4541/2566/2329 3572/2061/2329
f 3573/2054/2329 3658/2078/2329 3572/2061/2329
f 4541/2566/2329 3658/2078/2329 3657/2081/2329
f 3657/2081/2345 3571/2060/2344 4541/2566/2346
f 3571/2060/2299 3572/2061/2298 4541/2566/2470
f 3553/2051/2277 3555/2052/2278 3653/2075/2722
f 3567/2064/2183 3541/2038/2183 3539/2037/2267
f 3567/2064/2183 3561/2058/2183 3541/2038/2183
f 3561/2058/2261 3545/2043/2259 3541/2038/2258
f 3554/2050/2276 3549/2046/2445 3547/2045/2274
f 3527/2024/2731 4542/2072/2246 3549/2046/2732
f 4542/2072/2733 3540/2036/2733 3549/2046/2733
f 3529/2026/2281 4543/2074/2281 4542/2072/2281
f 3529/2026/2279 4542/2072/2246 3527/2024/2731
f 4542/2072/2730 4543/2074/2730 3540/2036/2730
f 3531/2028/2231 4543/2074/2231 3529/2026/2231
f 3531/2028/2734 3540/2036/2734 4543/2074/2734
f 3541/2038/2258 3545/2043/2259 3542/2040/2260
f 3533/2030/2735 3534/2031/2216 3513/2011/2242
f 3519/2015/2217 3520/2018/2217 3534/2031/2217
f 3513/2011/2242 3534/2031/2216 3520/2018/2212
f 3511/2008/2279 3521/2019/2246 3523/2020/2245
f 3523/2020/2255 3508/2006/2255 3511/2008/2255
f 3523/2020/2254 3509/2007/2254 3508/2006/2254
f 3511/2008/2281 3515/2010/2281 3521/2019/2281
f 3514/2013/2261 3506/2004/2259 3502/2000/2258
f 3502/2000/2258 3506/2004/2259 3503/2001/2260
f 4544/2066/2193 3492/1988/2193 3490/1987/2193
f 4545/2067/2736 3492/1988/2737 4544/2066/2738
f 3487/1986/2739 3492/1988/2737 4545/2067/2736
f 4545/2067/2740 4544/2066/2740 3469/1973/2740
f 3480/1979/2190 3487/1986/2189 4545/2067/2741
f 3480/1979/2740 4545/2067/2740 3469/1973/2740
f 3490/1987/2742 3468/1972/2743 4544/2066/2744
f 3469/1973/2745 4544/2066/2745 3468/1972/2745
f 3491/1989/2746 3468/1972/2743 3490/1987/2742
f 3467/1971/2747 3468/1972/2747 3491/1989/2747
f 3466/1970/2748 3467/1971/2748 3491/1989/2748
f 3480/1979/2749 3469/1973/2749 3471/1974/2749
f 3476/1977/2178 3471/1974/2182 3473/1976/2179
f 4547/2567/2750 4548/2568/2751 4546/2569/2752
f 4546/2569/2752 4548/2568/2751 4549/2570/2753
f 4550/2571/2754 4551/2572/2755 4547/2567/2756
f 4547/2567/2756 4551/2572/2755 4548/2568/2757
f 4552/2573/2758 4546/2569/2758 4553/2574/2758
f 4553/2574/2758 4546/2569/2758 4549/2570/2758
f 4548/2568/2759 4554/2575/2760 4549/2570/2761
f 4549/2570/2761 4554/2575/2760 4553/2574/2761
f 4555/2576/2762 4554/2575/2760 4551/2572/2763
f 4551/2572/2763 4554/2575/2760 4548/2568/2759
f 4550/2571/2764 4556/2577/2764 4551/2572/2764
f 4551/2572/2764 4556/2577/2764 4555/2576/2764
f 4560/2570/2765 4559/2568/2765 4557/2569/2766
f 4557/2569/2767 4559/2568/2767 4558/2567/2767
f 4559/2568/2768 4562/2572/2769 4558/2567/2770
f 4558/2567/2771 4562/2572/2772 4561/2571/2773
f 4552/2573/2758 4553/2574/2758 4557/2569/2758
f 4557/2569/2758 4553/2574/2758 4560/2570/2758
f 4559/2568/2774 4560/2570/2761 4554/2575/2760
f 4554/2575/2760 4560/2570/2761 4553/2574/2761
f 4559/2568/2774 4554/2575/2760 4562/2572/2775
f 4562/2572/2775 4554/2575/2760 4555/2576/2762
f 4561/2571/2764 4562/2572/2764 4556/2577/2764
f 4556/2577/2764 4562/2572/2764 4555/2576/2764
f 4563/2578/2776 4568/2579/2777 4564/2580/2778
f 4564/2580/2779 4565/2581/2780 4563/2578/2781
f 4563/2578/2781 4565/2581/2780 4566/2582/2782
f 4566/2583/2783 4567/2584/2784 4563/2585/2784
f 4567/2586/2776 4568/2579/2777 4563/2578/2776
f 4568/2579/2777 4572/2587/2785 4569/2588/2785
f 4569/2588/2785 4570/2587/2785 4568/2579/2777
f 4568/2579/2777 4570/2587/2785 4564/2580/2778
f 4567/2586/2776 4573/2578/2776 4568/2579/2777
f 4568/2579/2777 4573/2578/2776 4571/2580/2777
f 4571/2580/2777 4572/2587/2785 4568/2579/2777
f 4567/2584/2784 4574/2583/2783 4573/2585/2784
f 4574/2582/2786 4575/2581/2787 4573/2578/2788
f 4573/2578/2788 4575/2581/2787 4571/2580/2789
f 4575/2581/2787 4576/2589/2790 4571/2580/2789
f 4574/2582/2786 4577/2590/2791 4575/2581/2787
f 4575/2581/2787 4578/2591/2792 4576/2589/2790
f 4577/2590/2791 4578/2591/2792 4575/2581/2787
f 4577/2590/2793 4580/2592/2793 4578/2591/2762
f 4578/2591/2762 4580/2592/2793 4579/2593/2762
f 4581/2594/2794 4578/2595/2795 4579/2596/2795
f 4576/2597/2794 4578/2595/2795 4581/2594/2794
f 4581/2594/2794 4570/2584/2796 4569/2598/2796
f 4582/2597/2794 4570/2584/2796 4581/2594/2794
f 4582/2597/2794 4581/2594/2794 4583/2595/2795
f 4583/2595/2795 4581/2594/2794 4579/2596/2795
f 4572/2584/2796 4581/2594/2794 4569/2598/2796
f 4576/2597/2794 4581/2594/2794 4572/2584/2796
f 4565/2581/2780 4583/2591/2797 4584/2590/2798
f 4582/2589/2799 4583/2591/2797 4565/2581/2780
f 4584/2590/2760 4583/2591/2762 4580/2592/2793
f 4580/2592/2793 4583/2591/2762 4579/2593/2762
f 4565/2581/2780 4584/2590/2798 4566/2582/2782
f 4566/2582/2782 4584/2590/2798 4585/2599/2800
f 4580/2592/2793 4585/2599/2801 4584/2590/2760
f 4585/2600/2802 4587/2601/2802 4566/2583/2803
f 4586/2602/2801 4585/2599/2801 4580/2592/2793
f 4586/2603/2802 4587/2601/2802 4585/2600/2802
f 4587/2601/2784 4567/2584/2784 4566/2583/2783
f 4587/2601/2784 4574/2583/2783 4567/2584/2784
f 4586/2603/2802 4588/2600/2802 4587/2601/2802
f 4587/2601/2802 4588/2600/2802 4574/2583/2803
f 4577/2590/2793 4588/2599/2801 4580/2592/2793
f 4588/2599/2804 4577/2590/2791 4574/2582/2786
f 4580/2592/2793 4588/2599/2801 4586/2602/2801
f 4564/2580/2779 4582/2589/2799 4565/2581/2780
f 4570/2587/2805 4582/2589/2799 4564/2580/2779
f 4571/2580/2789 4576/2589/2790 4572/2587/2806
f 4592/2604/2807 4589/2605/2808 4590/2606/2809
f 4589/2605/2810 4591/2607/2810 4590/2606/2810
f 4591/2607/2811 4589/2608/2812 4595/2609/2813
f 4593/2610/2814 4589/2605/2808 4592/2604/2807
f 4589/2608/2812 4593/2610/2815 4594/2611/2816
f 4595/2609/2813 4589/2608/2812 4594/2611/2816
f 4597/2606/2817 4591/2607/2811 4595/2609/2813
f 4597/2606/2817 4595/2609/2813 4596/2604/2818
f 4595/2609/2813 4594/2611/2816 4596/2604/2818
f 4598/2605/2819 4591/2607/2819 4597/2606/2819
f 4596/2604/2818 4598/2605/2820 4597/2606/2817
f 4591/2607/2821 4598/2608/2822 4600/2609/2823
f 4593/2610/2815 4598/2605/2820 4596/2604/2818
f 4598/2608/2822 4593/2610/2814 4599/2611/2824
f 4600/2609/2823 4598/2608/2822 4599/2611/2824
f 4590/2606/2809 4591/2607/2821 4600/2609/2823
f 4590/2606/2809 4600/2609/2823 4592/2604/2807
f 4600/2609/2823 4599/2611/2824 4592/2604/2807
f 4599/2611/2824 4593/2610/2814 4592/2604/2807
f 4594/2611/2816 4593/2610/2815 4596/2604/2818
o item_bladens
v 61.264175 -71.295860 12.231484
v 60.084908 -74.095627 11.902719
v 58.613289 -68.564690 12.231484
v 60.852379 -69.630478 12.362326
v 62.315620 -69.055794 12.227407
v 63.629692 -69.056343 12.444386
v 64.809464 -70.048203 12.231484
v 67.622551 -69.058182 12.231484
v 64.701775 -72.894302 11.902719
v 70.011337 -71.512772 11.902719
v 64.809464 -70.048203 11.573953
v 67.622551 -69.058182 11.573953
v 67.622528 -69.058189 11.902719
v 65.705498 -67.090607 11.578811
v 63.629692 -69.056343 11.361051
v 65.745590 -67.131760 11.902719
v 65.705498 -67.090607 12.226626
v 64.476540 -65.829247 11.902719
v 62.890297 -64.201187 11.585943
v 64.469589 -65.822144 11.581942
v 62.890297 -64.201187 12.219494
v 62.854843 -64.164795 11.902719
v 64.469589 -65.822144 12.223495
v 64.099930 -66.505676 12.371415
v 62.964180 -66.417435 12.221855
v 63.522049 -65.750290 12.340584
v 62.397324 -67.618324 12.341459
v 60.880814 -68.592598 12.228794
v 63.741928 -67.167770 12.224274
v 61.018913 -67.232819 12.541894
v 61.805267 -65.883827 12.270608
v 60.524963 -65.294312 12.528791
v 57.057961 -66.962257 12.231484
v 59.528221 -65.041702 12.224107
v 61.703384 -62.983017 12.216485
v 59.486961 -66.559151 12.421725
v 58.668785 -67.440590 12.547975
v 61.668327 -62.947037 11.902719
v 61.071289 -62.334251 12.214884
v 60.385422 -62.988686 12.383662
v 59.946159 -64.040733 12.301899
v 59.341743 -63.984520 12.220985
v 59.047043 -62.313652 12.216050
v 57.965973 -64.366508 12.463942
v 55.801498 -63.655350 12.572527
v 55.312111 -65.163490 12.231484
v 57.978973 -63.225906 12.365179
v 56.161171 -62.547043 12.413462
v 57.996498 -61.689285 12.327994
v 57.465454 -58.658783 12.216485
v 59.750198 -60.978378 12.211537
v 56.321579 -61.547348 12.633138
v 57.040527 -60.303680 12.274282
v 55.290283 -60.717461 12.224107
v 53.727989 -60.042221 12.463941
v 55.103821 -59.660263 12.220985
v 55.708244 -59.716499 12.301899
v 54.458954 -62.580086 12.320324
v 52.819969 -62.637955 12.231483
v 53.829895 -63.636391 12.231483
v 51.258430 -65.117615 11.902718
v 48.712318 -62.535225 11.902718
v 51.074173 -60.839264 12.231483
v 49.591957 -59.312149 12.231483
v 51.563553 -59.331085 12.572527
v 51.923187 -58.222740 12.413462
v 53.741005 -58.901627 12.365179
v 53.758560 -57.365067 12.327993
v 54.809105 -57.989403 12.216050
v 56.833344 -58.010017 12.214884
v 56.147491 -58.664444 12.383662
v 55.512276 -56.654137 12.211537
v 55.477730 -56.618656 11.902718
v 56.798416 -57.974167 11.902718
v 53.062057 -54.165707 12.216485
v 53.026955 -54.129673 11.902718
v 51.871628 -56.129169 12.216095
v 52.429947 -53.516937 12.214884
v 51.744087 -54.171379 12.383661
v 51.304802 -55.223362 12.301899
v 50.700378 -55.167145 12.220984
v 50.405670 -53.496284 12.216049
v 49.324585 -55.549168 12.463941
v 46.670769 -56.346195 12.231483
v 49.337601 -54.408554 12.365179
v 48.416595 -58.144890 12.231483
v 47.160126 -54.837963 12.572527
v 47.519791 -53.729660 12.413462
v 45.188530 -54.819023 12.231483
v 42.856560 -56.569157 11.902718
v 44.308922 -58.042168 11.902718
v 44.193909 -53.794270 12.231483
v 45.817566 -53.762718 12.320323
v 46.642990 -51.894051 12.224107
v 47.680244 -52.730026 12.633138
v 48.748169 -51.361675 12.274399
v 49.355118 -52.871941 12.327993
v 51.108841 -52.161015 12.211536
v 49.410133 -50.417522 12.207232
v 48.186058 -49.186615 12.214884
v 47.060928 -50.893089 12.301898
v 49.372757 -50.379150 11.909268
v 51.074303 -52.125542 11.902718
v 52.395020 -53.481079 11.902718
v 51.108841 -52.161015 11.593899
v 49.372757 -50.379150 11.896167
v 49.410133 -50.417522 11.598204
v 48.186058 -49.186615 11.590551
v 47.060928 -50.893089 11.503536
v 46.642990 -51.894051 11.581328
v 49.355118 -52.871941 11.477442
v 48.748169 -51.361675 11.531036
v 47.680252 -52.730026 11.172297
v 47.519791 -53.729660 11.391973
v 45.817566 -53.762718 11.485111
v 44.193909 -53.794270 11.573952
v 45.188530 -54.819023 11.573952
v 46.670769 -56.346195 11.573952
v 47.160126 -54.837963 11.232908
v 49.337601 -54.408554 11.440256
v 49.324585 -55.549168 11.341495
v 51.871628 -56.129169 11.589341
v 48.416595 -58.144890 11.573952
v 50.405670 -53.496284 11.589386
v 50.700378 -55.167145 11.584451
v 51.744087 -54.171379 11.421774
v 51.304802 -55.223362 11.503536
v 53.062057 -54.165707 11.588951
v 53.758560 -57.365067 11.477442
v 52.429947 -53.516937 11.590551
v 55.512276 -56.654137 11.593899
v 56.833344 -58.010017 11.590552
v 54.809105 -57.989403 11.589386
v 56.147491 -58.664444 11.421774
v 55.103821 -59.660263 11.584451
v 53.741005 -58.901627 11.440257
v 53.727989 -60.042221 11.341495
v 51.074173 -60.839264 11.573952
v 55.290283 -60.717461 11.581329
v 51.563553 -59.331085 11.232909
v 52.819969 -62.637955 11.573952
v 54.458954 -62.580086 11.485112
v 53.829895 -63.636391 11.573952
v 56.161171 -62.547043 11.391974
v 52.950310 -66.859535 11.902718
v 55.312111 -65.163490 11.573952
v 55.801498 -63.655350 11.232909
v 57.978973 -63.225906 11.440257
v 57.965973 -64.366508 11.341496
v 59.528221 -65.041702 11.581329
v 57.057961 -66.962257 11.573952
v 59.047043 -62.313652 11.589386
v 59.341743 -63.984520 11.584452
v 60.385422 -62.988686 11.421774
v 59.946159 -64.040733 11.503537
v 61.703384 -62.983017 11.588951
v 61.071289 -62.334251 11.590552
v 60.524963 -65.294312 11.276646
v 61.018913 -67.232819 11.263542
v 61.805267 -65.883827 11.534828
v 59.486961 -66.559151 11.383711
v 58.668785 -67.440590 11.257463
v 58.613289 -68.564690 11.573953
v 60.880814 -68.592598 11.576642
v 62.964180 -66.417435 11.583581
v 62.397324 -67.618324 11.463978
v 62.315620 -69.055794 11.578030
v 60.852379 -69.630478 11.443111
v 61.264175 -71.295860 11.573953
v 64.350533 -67.754951 11.579271
v 63.741928 -67.167770 11.581163
v 65.017197 -67.428093 11.579044
v 64.099930 -66.505676 11.434021
v 63.522049 -65.750290 11.464853
v 55.496384 -69.441849 11.902719
v 59.750198 -60.978378 11.593899
v 61.036392 -62.298462 11.902719
v 59.715668 -60.942917 11.902719
v 57.430382 -58.622803 11.902718
v 57.465454 -58.658783 11.588951
v 57.996498 -61.689285 11.477442
v 57.040527 -60.303680 11.531154
v 55.708244 -59.716499 11.503537
v 56.321587 -61.547348 11.172298
v 51.923187 -58.222740 11.391973
v 49.591957 -59.312149 11.573952
v 47.259995 -61.062263 11.902718
v 50.221001 -58.255836 11.485111
v 52.083626 -57.223099 11.172297
v 40.065048 -53.711838 11.902718
v 42.426872 -52.015854 11.573952
v 45.080688 -51.218826 11.341495
v 42.916275 -50.507683 11.232908
v 46.161774 -49.165974 11.589385
v 46.456528 -50.836853 11.584451
v 45.093719 -50.078220 11.440256
v 43.275894 -49.399345 11.391973
v 45.111229 -48.541607 11.477442
v 46.864967 -47.830738 11.593899
v 43.436348 -48.399700 11.172297
v 44.723000 -47.176994 11.541355
v 45.166237 -46.087181 11.598203
v 43.821075 -44.732723 11.590551
v 43.750587 -45.863594 11.503536
v 45.128891 -46.048874 11.896166
v 43.224335 -47.305779 11.589340
v 46.830429 -47.795277 11.902718
v 48.151131 -49.150753 11.902718
v 46.864967 -47.830738 12.211536
v 45.166237 -46.087181 12.207232
v 45.128891 -46.048874 11.909268
v 43.821075 -44.732723 12.214883
v 43.786171 -44.696934 11.902718
v 42.465462 -43.341381 11.902718
v 42.500000 -43.376827 12.211536
v 42.500000 -43.376827 11.593898
v 40.746269 -44.087784 11.477441
v 40.801247 -41.633316 11.598203
v 41.796822 -44.712139 11.589385
v 43.135208 -45.387157 11.421773
v 42.091553 -46.382984 11.584450
v 40.728783 -45.624374 11.440256
v 40.715759 -46.764984 11.341494
v 39.950058 -49.463989 11.573951
v 38.061905 -47.561974 11.573951
v 38.551277 -46.053810 11.232908
v 38.910950 -44.945499 11.391973
v 36.579689 -46.034863 11.573951
v 34.247734 -47.784977 11.902717
v 35.700058 -49.257957 11.902717
v 35.585068 -45.010101 11.573951
v 37.208710 -44.978565 11.485111
v 39.071358 -43.945805 11.172297
v 38.034119 -43.109825 11.581327
v 36.471848 -42.434666 11.341494
v 37.847633 -42.052662 11.584450
v 38.452057 -42.108871 11.503536
v 40.139282 -42.577454 11.531036
v 39.577225 -40.402447 11.590551
v 38.891373 -41.056870 11.421773
v 37.552940 -40.381805 11.589385
v 36.502380 -39.757446 11.477441
v 38.256104 -39.046509 11.593898
v 36.484871 -41.294075 11.440256
v 34.667053 -40.615173 11.391973
v 34.307396 -41.723480 11.232907
v 32.335793 -41.704540 11.573951
v 33.818039 -43.231697 11.573951
v 31.456202 -44.927673 11.902717
v 30.003824 -43.454655 11.902717
v 35.585068 -45.010101 12.231483
v 33.818039 -43.231697 12.231483
v 32.335793 -41.704540 12.231483
v 32.964828 -40.648228 12.320323
v 34.307396 -41.723480 12.572526
v 31.341169 -40.679779 12.231483
v 34.667053 -40.615173 12.413461
v 36.502380 -39.757446 12.327992
v 36.484871 -41.294075 12.365178
v 34.827507 -39.615524 12.633137
v 36.071098 -38.237213 12.267306
v 34.615501 -38.521599 12.216094
v 31.939260 -37.809753 12.463940
v 33.315048 -37.427746 12.220984
v 34.892204 -37.070305 12.301898
v 36.557396 -37.303036 12.207231
v 35.044579 -35.777489 12.214883
v 36.520027 -37.264652 11.909267
v 38.256104 -39.046509 12.211535
v 38.221558 -39.011055 11.902717
v 39.542290 -40.366592 11.902717
v 36.520027 -37.264652 11.896166
v 36.557396 -37.303036 11.598203
v 35.044579 -35.777489 11.590550
v 34.892204 -37.070305 11.503535
v 34.615501 -38.521599 11.589339
v 36.071098 -38.237213 11.538127
v 34.827507 -39.615524 11.172297
v 32.964828 -40.648228 11.485110
v 31.341169 -40.679779 11.573951
v 29.285398 -38.606739 11.573951
v 31.939260 -37.809750 11.341494
v 26.923555 -40.302719 11.902717
v 25.471231 -38.829742 11.902717
v 29.285398 -38.606739 12.231483
v 27.803183 -37.079632 12.231483
v 27.803183 -37.079632 11.573951
v 30.134436 -35.990269 11.391973
v 26.808573 -36.054878 11.573950
v 28.432226 -36.023323 11.485110
v 29.774801 -37.098572 11.232907
v 31.952280 -36.669147 11.440255
v 31.969786 -35.132538 11.477441
v 33.020340 -35.756886 11.589384
v 34.358719 -36.431915 11.421773
v 33.315048 -37.427746 11.584450
v 33.723503 -34.421600 11.593898
v 33.688965 -34.386135 11.902717
v 35.009659 -35.741631 11.902717
v 32.024750 -32.678066 11.598203
v 30.800730 -31.447208 11.590550
v 29.675562 -33.153629 11.503535
v 31.987425 -32.639748 11.896166
v 29.257624 -34.154591 11.581327
v 31.362795 -33.622211 11.531035
v 30.294870 -34.990566 11.172297
v 27.695364 -33.479435 11.341494
v 29.071154 -33.097416 11.584450
v 30.114859 -32.101643 11.421772
v 28.776445 -31.426559 11.589384
v 27.725882 -30.802200 11.477440
v 29.479612 -30.091278 11.593897
v 27.708387 -32.338825 11.440255
v 25.890570 -31.659931 11.391973
v 25.530901 -32.768250 11.232907
v 23.559298 -32.749294 11.573950
v 25.041533 -34.276459 11.573950
v 22.679701 -35.972439 11.902716
v 21.227324 -34.499416 11.902716
v 26.808573 -36.054878 12.231483
v 25.041533 -34.276459 12.231483
v 23.559298 -32.749294 12.231483
v 24.188334 -31.693001 12.320322
v 25.530901 -32.768250 12.572525
v 22.564680 -31.724541 12.231482
v 25.890570 -31.659931 12.413460
v 27.725882 -30.802200 12.327992
v 27.708387 -32.338825 12.365177
v 26.051008 -30.660294 12.633136
v 27.335211 -29.287811 12.263282
v 25.839003 -29.566360 12.216093
v 23.330416 -29.025593 12.463939
v 24.706209 -28.643581 12.220984
v 26.365271 -28.124184 12.301897
v 27.780909 -28.347790 12.207231
v 26.435736 -26.993324 12.214882
v 27.741926 -28.307785 11.902717
v 29.479612 -30.091278 12.211535
v 29.445063 -30.055817 11.902717
v 30.765806 -31.411350 11.902717
v 27.780909 -28.347790 11.598202
v 26.435736 -26.993324 11.590550
v 26.365271 -28.124184 11.503535
v 25.839003 -29.566360 11.589339
v 27.335211 -29.287811 11.542150
v 26.051012 -30.660294 11.172297
v 24.188334 -31.693001 11.485110
v 22.564680 -31.724541 11.573950
v 20.676558 -29.822559 11.573950
v 23.330416 -29.025593 11.341493
v 18.314726 -31.518547 11.902716
v 16.862387 -30.045578 11.902716
v 20.676558 -29.822559 12.231482
v 19.194357 -28.295464 12.231482
v 19.194357 -28.295464 11.573950
v 21.525572 -27.206051 11.391972
v 18.199730 -27.270718 11.573950
v 19.823393 -27.239151 11.485109
v 21.165945 -28.314404 11.232907
v 23.343424 -27.885002 11.440255
v 23.360945 -26.348373 11.477440
v 24.411497 -26.972733 11.589384
v 25.114672 -25.637436 11.593897
v 25.749876 -27.647758 11.421772
v 24.706209 -28.643581 11.584449
v 25.080122 -25.601982 11.902716
v 26.400812 -26.957481 11.902716
v 23.415911 -23.893906 11.598202
v 22.191851 -22.663000 11.590549
v 21.066717 -24.369473 11.503535
v 23.378576 -23.855577 11.896165
v 20.648779 -25.370430 11.581326
v 22.753962 -24.838043 11.531034
v 21.686029 -26.206402 11.172296
v 19.086519 -24.695267 11.341493
v 20.462309 -24.313244 11.584449
v 20.167601 -22.642414 11.589384
v 21.505995 -23.317423 11.421772
v 19.099545 -23.554661 11.440255
v 19.117048 -22.018045 11.477440
v 20.870771 -21.307110 11.593897
v 20.836226 -21.271650 11.902716
v 19.172026 -19.563591 11.598202
v 22.156958 -22.627199 11.902716
v 20.870771 -21.307110 12.211535
v 22.191851 -22.663000 12.214882
v 23.378576 -23.855577 11.909266
v 23.415911 -23.893906 12.207230
v 21.066717 -24.369473 12.301897
v 20.648779 -25.370430 12.224105
v 25.114672 -25.637436 12.211535
v 23.360945 -26.348373 12.327992
v 22.753962 -24.838043 12.274397
v 21.686029 -26.206402 12.633136
v 19.823393 -27.239151 12.320322
v 21.525572 -27.206051 12.413460
v 23.343424 -27.885002 12.365177
v 21.165945 -28.314404 12.572525
v 24.411497 -26.972733 12.216048
v 25.749876 -27.647758 12.383660
v 18.199730 -27.270718 12.231482
v 14.070822 -27.188217 11.902716
v 16.432665 -25.492249 12.231482
v 19.086519 -24.695267 12.463939
v 16.922052 -23.984085 12.572525
v 20.167601 -22.642414 12.216047
v 20.462309 -24.313244 12.220983
v 19.099545 -23.554661 12.365177
v 17.281719 -22.875774 12.413460
v 19.117048 -22.018045 12.327991
v 19.172026 -19.563591 12.207230
v 17.442135 -21.876078 12.633136
v 18.722929 -20.472055 12.265759
v 17.230124 -20.782141 12.216093
v 14.540024 -20.056183 12.463939
v 13.955837 -22.940393 12.231482
v 15.915815 -19.674162 12.220983
v 16.520231 -19.730383 12.301897
v 15.579498 -22.908838 12.320322
v 14.950459 -23.965141 12.231482
v 12.618494 -25.715244 11.902716
v 9.524363 -22.549171 11.902716
v 13.955837 -22.940393 11.573950
v 14.950459 -23.965141 11.573950
v 15.579498 -22.908838 11.485109
v 16.922052 -23.984085 11.232906
v 16.432665 -25.492249 11.573950
v 17.281719 -22.875774 11.391972
v 17.442135 -21.876078 11.172296
v 17.230124 -20.782141 11.589338
v 18.722929 -20.472055 11.539672
v 15.915815 -19.674162 11.584449
v 16.520231 -19.730383 11.503534
v 14.540024 -20.056183 11.341493
v 11.886168 -20.853153 11.573950
v 14.553047 -18.915575 11.440254
v 12.375557 -19.344986 11.232906
v 15.621115 -18.003311 11.589383
v 16.324276 -16.668018 11.593897
v 17.645353 -18.023914 11.590549
v 16.959488 -18.678335 11.421772
v 14.570551 -17.378956 11.477440
v 12.735222 -18.236670 11.391972
v 13.963570 -15.868631 11.531034
v 12.895678 -17.237041 11.172296
v 14.625568 -14.924540 11.598202
v 16.289736 -16.632563 11.902716
v 13.401487 -13.693638 11.590549
v 12.276333 -15.400061 11.503534
v 14.588196 -14.886152 11.896164
v 11.858429 -16.401072 11.581326
v 10.296131 -15.725857 11.341493
v 9.409344 -18.301296 11.573949
v 11.671925 -15.343826 11.584448
v 11.032993 -18.269733 11.485109
v 10.403965 -19.326046 11.573949
v 8.071999 -21.076159 11.902715
v 5.280478 -18.218853 11.902715
v 9.409344 -18.301296 12.231482
v 10.403965 -19.326046 12.231482
v 11.032993 -18.269733 12.320321
v 12.375557 -19.344986 12.572524
v 11.886168 -20.853153 12.231482
v 12.735222 -18.236670 12.413460
v 14.570551 -17.378956 12.327991
v 14.553047 -18.915575 12.365176
v 12.895678 -17.237043 12.633135
v 13.963570 -15.868631 12.274396
v 11.858429 -16.401072 12.224104
v 10.296131 -15.725857 12.463938
v 11.671925 -15.343826 12.220983
v 12.276333 -15.400061 12.301896
v 14.625568 -14.924540 12.207230
v 13.401487 -13.693638 12.214881
v 14.588196 -14.886152 11.909266
v 16.324276 -16.668018 12.211535
v 17.610460 -17.988096 11.902716
v 17.645353 -18.023914 12.214882
v 15.621115 -18.003311 12.216047
v 16.959488 -18.678335 12.383659
v 19.133049 -19.523575 11.902716
v 13.366566 -13.657782 11.902716
v 12.045879 -12.302282 11.902716
v 12.080418 -12.337740 12.211535
v 12.080418 -12.337740 11.593896
v 10.326654 -13.048630 11.477439
v 10.381676 -10.594204 11.598201
v 11.377216 -13.672989 11.589383
v 12.715631 -14.348055 11.421771
v 10.309147 -14.585241 11.440254
v 8.491331 -13.906353 11.391972
v 8.131672 -15.014666 11.232906
v 6.160105 -14.995770 11.573949
v 7.642319 -16.522873 11.573949
v 3.828108 -16.745819 11.902715
v 5.165447 -13.970970 11.573949
v 6.789106 -13.939415 11.485109
v 8.651783 -12.906717 11.172295
v 8.439772 -11.812782 11.589338
v 5.931181 -11.272011 11.341492
v 7.306984 -10.889986 11.584448
v 8.966036 -10.370605 11.503534
v 9.938444 -11.684025 11.541353
v 9.036507 -9.239746 11.590549
v 8.350645 -9.894173 11.421771
v 7.012276 -9.219147 11.589383
v 7.715433 -7.883854 11.593896
v 5.944208 -10.131403 11.440254
v 5.961716 -8.594793 11.477439
v 6.016691 -6.140321 11.598201
v 4.126345 -9.452471 11.391971
v 5.354727 -7.084469 11.531034
v 4.286800 -8.452821 11.172295
v 2.424161 -9.485571 11.485108
v 3.249559 -7.616847 11.581326
v 0.800501 -9.517134 11.573949
v 3.063087 -6.559662 11.584448
v 3.667494 -6.615887 11.503533
v 1.687293 -6.941690 11.341492
v -0.966526 -7.738710 11.573949
v 1.700314 -5.801076 11.440253
v -0.477167 -6.230491 11.232905
v 2.768381 -4.888812 11.589383
v 4.792620 -4.909426 11.590549
v 4.106754 -5.563855 11.421771
v 1.717821 -4.264453 11.477439
v 3.471540 -3.553537 11.593896
v 3.437004 -3.518061 11.902715
v 4.757732 -4.873608 11.902715
v 1.772835 -1.810041 11.598201
v 0.260015 -0.284516 11.590549
v 0.107610 -1.577262 11.503533
v -0.169104 -3.028564 11.589337
v 1.286538 -2.744226 11.538125
v 1.733858 -1.770044 11.902715
v 0.260015 -0.284516 12.214881
v 0.225082 -0.248654 11.902715
v 1.772835 -1.810041 12.207229
v 0.107610 -1.577262 12.301895
v -0.169104 -3.028564 12.216091
v 3.471540 -3.553537 12.211534
v 1.717821 -4.264453 12.327991
v 1.286538 -2.744226 12.267304
v 0.042948 -4.122541 12.633135
v -1.819735 -5.155254 12.320320
v -0.117507 -5.122190 12.413459
v 1.700314 -5.801076 12.365175
v -2.448772 -6.211548 12.231481
v -0.477167 -6.230491 12.572523
v 1.687293 -6.941690 12.463938
v -0.966526 -7.738710 12.231481
v 0.800501 -9.517134 12.231481
v -3.328364 -9.434690 11.902715
v -0.536840 -12.291994 11.902715
v -4.780737 -7.961670 11.902715
v -2.448772 -6.211548 11.573949
v -0.117507 -5.122190 11.391971
v -3.443386 -5.186794 11.573949
v -1.819734 -5.155254 11.485108
v 0.042948 -4.122541 11.172295
v -7.861005 -4.809729 11.902714
v -5.499163 -3.113753 11.573948
v -2.845305 -2.316780 11.341492
v -2.832294 -1.176173 11.440253
v -5.009768 -1.605587 11.232905
v -1.764227 -0.263908 11.589382
v -1.469516 -1.934752 11.584448
v -0.425843 -0.938939 11.421770
v -2.814779 0.360451 11.477438
v -1.061063 1.071377 11.593895
v -1.095604 1.106841 11.902715
v -2.759809 2.814914 11.598200
v -3.983873 4.045816 11.590549
v -5.109002 2.339343 11.503533
v -5.526943 1.338386 11.581326
v -3.421770 1.870767 11.531034
v -2.798790 2.854916 11.902715
v -3.983873 4.045816 12.214880
v -4.018769 4.081621 11.902714
v -2.759809 2.814914 12.207229
v -5.109002 2.339343 12.301895
v -5.526943 1.338386 12.224103
v -1.061063 1.071377 12.211534
v -2.814779 0.360451 12.327991
v -3.421770 1.870767 12.274395
v -4.489694 0.502416 12.633134
v -6.352329 -0.530329 12.320320
v -4.650146 -0.497227 12.413458
v -2.832294 -1.176173 12.365175
v -6.981371 -1.586641 12.231481
v -5.009768 -1.605587 12.572523
v -2.845305 -2.316780 12.463938
v -5.499163 -3.113753 12.231481
v -3.443386 -5.186794 12.231481
v -1.764227 -0.263908 12.216046
v -1.469516 -1.934752 12.220982
v -0.425843 -0.938939 12.383658
v -9.313334 -3.336754 11.902714
v -7.975993 -0.561892 12.231480
v -12.104865 -0.479456 11.902714
v -9.743021 1.216520 12.231480
v -7.089198 2.013552 12.463937
v -9.253667 2.724743 12.572523
v -6.008116 4.066419 12.216046
v -5.713412 2.395573 12.220982
v -7.076183 3.154154 12.365175
v -8.894009 3.833045 12.413458
v -7.058675 4.690776 12.327991
v -7.003661 7.145193 12.207228
v -5.304956 5.401707 12.211534
v -8.733552 4.832693 12.633134
v -7.617683 6.100216 12.265089
v -8.945599 5.926672 12.216091
v -11.454182 6.467441 12.463937
v -12.219889 3.768434 12.231480
v -10.078360 6.849409 12.220981
v -8.419344 7.368844 12.301895
v -10.596235 3.799981 12.320320
v -11.225268 2.743683 12.231480
v -13.557231 0.993571 11.902714
v -16.469845 3.974441 11.902714
v -12.219889 3.768434 11.573948
v -11.225268 2.743683 11.573948
v -10.596235 3.799981 11.485108
v -9.253667 2.724743 11.232905
v -9.743021 1.216520 11.573948
v -8.894009 3.833045 11.391970
v -7.076183 3.154154 11.440253
v -7.058675 4.690776 11.477438
v -8.733552 4.832694 11.172294
v -8.945599 5.926672 11.589337
v -7.617683 6.100216 11.540339
v -7.003661 7.145193 11.598200
v -5.304956 5.401707 11.593895
v -5.339494 5.437169 11.902714
v -8.348824 8.499657 11.590548
v -7.042644 7.185189 11.902714
v -8.419344 7.368844 11.503533
v -9.034683 7.845230 11.421770
v -10.078360 6.849409 11.584447
v -10.373061 8.520256 11.589382
v -11.454182 6.467441 11.341491
v -14.108004 5.670415 11.573948
v -11.441166 7.608045 11.440253
v -13.618614 7.178579 11.232904
v -13.258990 8.286936 11.391970
v -15.590212 7.197527 11.573948
v -17.922169 5.447416 11.902714
v -16.584833 8.222277 11.573948
v -14.961180 8.253823 11.485107
v -13.098536 9.286577 11.172294
v -14.135786 10.122548 11.581325
v -15.698046 10.797716 11.341491
v -14.322248 11.179736 11.584447
v -13.717837 11.123507 11.503532
v -11.368646 11.599077 11.598200
v -12.030602 10.654938 11.531033
v -11.423623 9.144608 11.477438
v -9.669901 9.855550 11.593895
v -9.704439 9.891006 11.902714
v -8.383753 8.535510 11.902714
v -9.669901 9.855550 12.211533
v -8.348824 8.499657 12.214880
v -9.034683 7.845230 12.383658
v -10.373061 8.520256 12.216046
v -11.441166 7.608045 12.365175
v -11.423623 9.144608 12.327990
v -13.258991 8.286936 12.413458
v -11.368646 11.599077 12.207228
v -12.030602 10.654938 12.274395
v -13.098536 9.286577 12.633134
v -14.961180 8.253823 12.320320
v -14.135786 10.122548 12.224103
v -16.584833 8.222277 12.231480
v -14.322248 11.179736 12.220981
v -13.717837 11.123507 12.301895
v -15.698046 10.797716 12.463937
v -18.351892 10.000742 12.231480
v -15.685024 11.938316 12.365174
v -17.862511 11.508904 12.572522
v -14.616958 12.850580 12.216045
v -13.913790 14.185878 12.211533
v -12.592720 12.829983 12.214880
v -13.278580 12.175554 12.383657
v -15.667519 13.474948 12.327990
v -17.502869 12.617241 12.413458
v -16.631741 16.947475 12.216480
v -17.342419 13.616886 12.633134
v -16.703592 14.936399 12.282909
v -18.806919 14.888811 12.224102
v -21.277205 12.968287 12.231480
v -18.993389 15.945998 12.220981
v -18.388981 15.889778 12.301894
v -19.205069 12.584152 12.320319
v -20.369190 15.563998 12.463936
v -23.023026 14.766993 12.231480
v -20.356171 16.704613 12.365174
v -22.533644 16.275169 12.572522
v -19.288101 17.616863 12.216045
v -18.584927 18.952141 12.211533
v -17.263844 17.596245 12.214879
v -17.949711 16.941814 12.383657
v -20.338655 18.241213 12.327990
v -22.174007 17.383511 12.413457
v -20.283663 20.695656 12.207228
v -20.945629 19.751518 12.274394
v -22.013552 18.383158 12.633133
v -23.876205 17.350418 12.320319
v -23.050804 19.219131 12.224102
v -25.499866 17.318876 12.231479
v -23.237267 20.276316 12.220980
v -22.632862 20.220089 12.301894
v -24.613073 19.894323 12.463936
v -27.266909 19.097313 12.231479
v -24.600060 21.034920 12.365174
v -26.777523 20.605486 12.572522
v -23.531982 21.947174 12.216045
v -22.828810 23.282455 12.211532
v -21.507729 21.926554 12.214879
v -22.193594 21.272129 12.383657
v -24.582539 22.571526 12.327989
v -26.417887 21.713825 12.413457
v -24.527550 25.025976 12.207227
v -26.257441 22.713474 12.633133
v -24.970779 23.936176 12.264075
v -26.469450 23.807409 12.216090
v -29.743748 21.649189 12.231479
v -27.602234 24.730175 12.220980
v -25.943195 25.249594 12.301894
v -28.120090 21.680738 12.320319
v -28.978043 24.348177 12.463936
v -31.631870 23.551165 12.231479
v -28.965021 25.488787 12.365173
v -31.142494 25.059349 12.572521
v -27.896952 26.401031 12.216044
v -27.193779 27.736319 12.211532
v -25.872696 26.380409 12.214879
v -26.558559 25.726000 12.383657
v -28.947502 27.025393 12.327989
v -30.782852 26.167681 12.413457
v -28.892509 29.479832 12.207227
v -29.554476 28.535694 12.274394
v -30.622400 27.167332 12.633133
v -32.485050 26.134596 12.320318
v -31.659647 28.003305 12.224102
v -34.108711 26.103046 12.231479
v -31.846119 29.060492 12.220980
v -31.241716 29.004271 12.301893
v -33.221924 28.678490 12.463936
v -35.875759 27.881479 12.231479
v -33.208908 29.819103 12.365173
v -35.386375 29.389664 12.572521
v -32.140839 30.731352 12.216044
v -31.437660 32.066628 12.211532
v -30.116575 30.710730 12.214879
v -30.802439 30.056305 12.383657
v -33.191383 31.355701 12.327989
v -35.026741 30.498001 12.413456
v -33.136395 33.810150 12.207227
v -34.866287 31.497644 12.633132
v -33.622665 32.875938 12.267303
v -35.078300 32.591583 12.216089
v -38.352592 30.433361 12.231478
v -36.378727 33.685413 12.220980
v -34.801586 34.042889 12.301893
v -36.728935 30.464914 12.320318
v -37.754536 33.303421 12.463935
v -40.408363 32.506401 12.231478
v -37.741516 34.444023 12.365173
v -39.918991 34.014587 12.572521
v -36.673447 35.356274 12.216044
v -35.970268 36.691551 12.211532
v -34.649185 35.335648 12.214878
v -37.723999 35.980629 12.327989
v -35.335052 34.681229 12.383657
v -39.559349 35.122925 12.413456
v -37.669006 38.435066 12.207226
v -38.330978 37.490936 12.274393
v -39.398903 36.122566 12.633132
v -41.261551 35.089836 12.320318
v -40.436142 36.958542 12.224101
v -42.885212 35.058285 12.231478
v -41.998413 37.633728 12.463935
v -40.622620 38.015732 12.220979
v -40.018211 37.959503 12.301893
v -39.578934 39.011543 12.383657
v -38.893074 39.665966 12.214878
v -38.927994 39.701813 11.902712
v -37.706352 38.473408 11.909264
v -40.020340 40.816193 12.214878
v -40.705788 40.161350 12.383656
v -41.748817 39.164871 12.220979
v -42.652702 38.301338 12.463935
v -44.414219 36.618431 12.231478
v -46.509354 34.616798 11.902712
v -44.222542 32.283417 11.902712
v -42.885212 35.058285 11.573946
v -44.414219 36.618431 11.573946
v -42.652702 38.301338 11.341489
v -41.998413 37.633728 11.341489
v -40.436142 36.958542 11.581323
v -40.622620 38.015732 11.584445
v -41.748817 39.164871 11.584445
v -39.578934 39.011543 11.421768
v -40.705788 40.161350 11.421768
v -40.020340 40.816193 11.590546
v -38.893074 39.665966 11.590546
v -40.018211 37.959503 11.503531
v -37.706352 38.473408 11.896161
v -37.669006 38.435066 11.598198
v -37.723999 35.980629 11.477436
v -35.970268 36.691551 11.593893
v -38.330978 37.490936 11.531031
v -36.004814 36.727005 11.902712
v -34.684113 35.371502 11.902713
v -33.173744 33.848484 11.909264
v -34.649185 35.335648 11.590547
v -33.173744 33.848484 11.896161
v -31.472204 32.102081 11.902713
v -33.136395 33.810150 11.598199
v -34.801586 34.042889 11.503531
v -35.078300 32.591583 11.589335
v -33.191383 31.355701 11.477436
v -31.437660 32.066628 11.593894
v -33.622665 32.875938 11.538122
v -34.866287 31.497644 11.172293
v -35.026741 30.498001 11.391969
v -36.728935 30.464916 11.485106
v -38.352592 30.433361 11.573946
v -37.357971 29.408606 11.573946
v -35.875759 27.881479 11.573946
v -38.237595 26.185503 11.902712
v -35.386375 29.389664 11.232903
v -39.689934 27.658499 11.902712
v -42.770210 30.810425 11.902712
v -37.357971 29.408606 12.231479
v -41.890579 34.033527 12.231478
v -40.408363 32.506401 11.573946
v -41.890579 34.033527 11.573946
v -41.261551 35.089836 11.485106
v -39.918991 34.014587 11.232903
v -39.559349 35.122925 11.391968
v -37.741516 34.444023 11.440251
v -39.398903 36.122566 11.172292
v -36.673447 35.356274 11.589380
v -37.754536 33.303421 11.341489
v -36.378727 33.685413 11.584445
v -35.335052 34.681229 11.421768
v -33.208908 29.819103 11.440251
v -33.221924 28.678492 11.341490
v -31.659647 28.003305 11.581324
v -32.140839 30.731352 11.589380
v -31.846119 29.060492 11.584446
v -34.108711 26.103046 11.573947
v -35.446053 23.328178 11.902713
v -33.114082 25.078281 11.573947
v -32.485050 26.134596 11.485106
v -30.782852 26.167681 11.391969
v -30.622400 27.167332 11.172293
v -29.554476 28.535694 11.531032
v -28.947502 27.025393 11.477437
v -28.892509 29.479832 11.598199
v -28.965021 25.488787 11.440251
v -27.193779 27.736319 11.593894
v -27.896952 26.401031 11.589381
v -25.872696 26.380409 11.590547
v -26.558559 25.726000 11.421769
v -27.602234 24.730175 11.584446
v -28.978041 24.348177 11.341490
v -29.743748 21.649189 11.573947
v -31.631870 23.551165 11.573947
v -26.469450 23.807409 11.589336
v -31.142494 25.059349 11.232903
v -25.943195 25.249594 11.503531
v -24.527550 25.025976 11.598199
v -28.120090 21.680738 11.485106
v -26.257441 22.713474 11.172293
v -24.970779 23.936176 11.541351
v -24.582539 22.571526 11.477437
v -26.417887 21.713825 11.391969
v -24.600060 21.034920 11.440252
v -22.828810 23.282455 11.593894
v -23.531982 21.947174 11.589381
v -22.193594 21.272129 11.421769
v -23.237267 20.276316 11.584446
v -24.613071 19.894323 11.341490
v -21.507729 21.926554 11.590548
v -21.542654 21.962399 11.902713
v -20.322643 20.735659 11.902713
v -20.283663 20.695656 11.598199
v -22.632862 20.220089 11.503532
v -23.050804 19.219131 11.581325
v -25.499866 17.318876 11.573947
v -23.876205 17.350420 11.485107
v -22.013552 18.383158 11.172293
v -20.945629 19.751518 11.531033
v -20.338655 18.241213 11.477437
v -22.174007 17.383511 11.391970
v -20.356171 16.704613 11.440252
v -18.584927 18.952141 11.593894
v -19.288101 17.616863 11.589381
v -17.263844 17.596245 11.590548
v -17.949711 16.941814 11.421769
v -18.993389 15.945998 11.584446
v -20.369190 15.563998 11.341491
v -21.277205 12.968287 11.573947
v -23.023026 14.766993 11.573947
v -18.806919 14.888812 11.581325
v -22.533644 16.275169 11.232904
v -24.505241 16.294106 11.573947
v -26.837204 14.544009 11.902713
v -25.384859 13.071012 11.902713
v -22.838768 10.488674 11.902713
v -24.505241 16.294106 12.231479
v -20.713734 8.304768 11.902714
v -19.834105 11.527843 12.231480
v -19.834105 11.527843 11.573947
v -19.205069 12.584152 11.485107
v -17.862511 11.508904 11.232904
v -18.351892 10.000742 11.573948
v -17.502869 12.617241 11.391970
v -15.685024 11.938316 11.440252
v -15.667519 13.474948 11.477438
v -17.342419 13.616886 11.172294
v -16.703592 14.936399 11.522517
v -16.631741 16.947475 11.588946
v -18.388981 15.889778 11.503532
v -13.948336 14.221331 11.902714
v -13.913790 14.185878 11.593895
v -15.651509 15.969389 11.902714
v -16.666830 16.983479 11.902714
v -17.298771 17.632084 11.902714
v -18.619471 18.987595 11.902714
v -12.592720 12.829983 11.590548
v -14.616958 12.850580 11.589381
v -12.627647 12.865836 11.902714
v -11.407627 11.639080 11.902714
v -13.278580 12.175554 11.421770
v -29.628746 17.401329 11.902713
v -31.081083 18.874317 11.902713
v -28.749119 20.624432 12.231479
v -27.266909 19.097313 11.573947
v -28.749119 20.624432 11.573947
v -26.777523 20.605486 11.232904
v -33.993713 21.855188 11.902713
v -33.114082 25.078281 12.231479
v -22.863354 23.317909 11.902713
v -24.564896 25.064310 11.896162
v -24.564896 25.064310 11.909264
v -25.907621 26.416262 11.902713
v -27.228321 27.771774 11.902713
v -28.931494 29.519835 11.902713
v -30.151503 30.746574 11.902713
v -30.116575 30.710730 11.590547
v -31.241716 29.004271 11.503531
v -30.802439 30.056305 11.421768
v -40.020233 40.816299 11.902712
v -15.590212 7.197527 12.231480
v -13.618614 7.178579 12.572523
v -14.108004 5.670416 12.231480
v -6.008116 4.066419 11.589382
v -4.669737 3.391393 11.421770
v -5.713412 2.395573 11.584447
v -7.089198 2.013552 11.341491
v -7.975993 -0.561892 11.573948
v -6.981371 -1.586641 11.573948
v -6.352329 -0.530329 11.485108
v -4.489694 0.502416 11.172295
v -4.650146 -0.497226 11.391971
v -4.669737 3.391393 12.383658
v 0.915495 -13.764969 11.902715
v 1.795120 -10.541885 12.231481
v 1.795120 -10.541885 11.573949
v 3.766724 -10.560820 11.232905
v 3.277330 -12.068989 11.573949
v 2.424161 -9.485571 12.320321
v 3.766724 -10.560820 12.572524
v 3.277330 -12.068989 12.231481
v 4.126345 -9.452471 12.413459
v 5.961716 -8.594793 12.327991
v 5.944208 -10.131403 12.365176
v 4.286800 -8.452821 12.633135
v 5.354727 -7.084469 12.274396
v 3.249559 -7.616847 12.224104
v 3.063087 -6.559662 12.220982
v 3.667494 -6.615887 12.301896
v 6.016691 -6.140321 12.207229
v 4.792620 -4.909426 12.214881
v 5.977713 -6.100319 11.902715
v 7.715433 -7.883854 12.211534
v 7.680893 -7.848391 11.902715
v 9.001583 -9.203888 11.902715
v 9.036507 -9.239746 12.214881
v 10.342697 -10.554214 11.902715
v 10.381676 -10.594204 12.207230
v 8.966036 -10.370605 12.301896
v 8.439772 -11.812782 12.216092
v 10.326654 -13.048630 12.327991
v 9.938444 -11.684025 12.264077
v 8.651781 -12.906717 12.633135
v 6.789106 -13.939415 12.320321
v 8.491331 -13.906353 12.413459
v 10.309147 -14.585241 12.365176
v 6.160105 -14.995770 12.231481
v 8.131672 -15.014666 12.572524
v 7.642319 -16.522873 12.231482
v 5.165447 -13.970970 12.231481
v 5.931181 -11.272011 12.463938
v 7.012276 -9.219147 12.216047
v 7.306984 -10.889986 12.220982
v 8.350645 -9.894173 12.383659
v 11.377216 -13.672989 12.216047
v 12.715631 -14.348055 12.383659
v 4.106754 -5.563855 12.383658
v 2.768381 -4.888812 12.216046
v 21.505995 -23.317423 12.383659
v 30.800730 -31.447208 12.214883
v 31.987425 -32.639748 11.909267
v 32.024750 -32.678066 12.207231
v 29.675562 -33.153629 12.301897
v 29.257624 -34.154591 12.224106
v 33.723503 -34.421600 12.211535
v 31.969786 -35.132538 12.327992
v 31.362795 -33.622211 12.274398
v 30.294870 -34.990566 12.633137
v 28.432226 -36.023323 12.320322
v 30.134436 -35.990269 12.413461
v 31.952280 -36.669147 12.365177
v 29.774801 -37.098572 12.572525
v 33.020340 -35.756886 12.216048
v 34.358719 -36.431915 12.383660
v 27.695364 -33.479435 12.463940
v 29.071154 -33.097416 12.220984
v 28.776445 -31.426559 12.216048
v 30.114859 -32.101643 12.383660
v 39.577225 -40.402447 12.214883
v 40.763916 -41.594982 11.909268
v 40.763916 -41.594982 11.896166
v 40.801247 -41.633316 12.207231
v 38.452057 -42.108871 12.301898
v 38.034119 -43.109825 12.224106
v 40.746269 -44.087784 12.327993
v 40.139282 -42.577454 12.274398
v 39.071358 -43.945805 12.633137
v 37.208710 -44.978565 12.320323
v 38.910950 -44.945499 12.413461
v 40.728783 -45.624374 12.365178
v 36.579689 -46.034863 12.231483
v 38.551277 -46.053810 12.572526
v 40.715759 -46.764984 12.463940
v 38.061905 -47.561974 12.231483
v 39.950058 -49.463989 12.231483
v 38.612724 -52.238865 11.902717
v 43.224335 -47.305779 12.216094
v 40.944679 -50.488747 12.231483
v 41.573715 -49.432434 12.320323
v 43.436348 -48.399700 12.633137
v 43.275894 -49.399345 12.413462
v 45.111229 -48.541607 12.327993
v 45.093719 -50.078220 12.365178
v 42.916275 -50.507683 12.572526
v 45.080688 -51.218826 12.463941
v 42.426872 -52.015854 12.231483
v 46.161774 -49.165974 12.216049
v 46.456528 -50.836853 12.220984
v 47.500191 -49.841049 12.383661
v 44.723000 -47.176994 12.264079
v 42.091553 -46.382984 12.220984
v 43.750587 -45.863594 12.301898
v 43.135208 -45.387157 12.383661
v 41.796822 -44.712139 12.216049
v 40.944679 -50.488747 11.573951
v 41.573715 -49.432434 11.485111
v 36.471848 -42.434666 12.463940
v 37.847633 -42.052662 12.220984
v 37.552940 -40.381805 12.216049
v 38.891373 -41.056870 12.383661
v 47.500191 -49.841049 11.421774
v 50.221001 -58.255836 12.320324
v 52.083626 -57.223099 12.633138
v 64.350533 -67.754951 12.226166
v 65.017197 -67.428093 12.226393
v -41.471046 45.414764 12.943707
v -46.262100 40.894833 13.058288
v -42.604401 37.182350 13.058288
v -37.849689 41.667526 12.943707
v -51.149017 36.276421 12.429322
v -47.527679 32.529171 12.429323
v -41.471046 45.414764 11.902712
v -37.849689 41.667526 11.902712
v -42.604397 37.182350 11.902712
v -47.527679 32.529171 11.902712
v -51.149017 36.276421 11.902712
v -41.471046 45.414764 10.861717
v -46.262100 40.894833 10.747136
v -42.604397 37.182350 10.747136
v -37.849689 41.667526 10.861717
v -51.149017 36.276421 11.376101
v -47.527679 32.529171 11.376101
v -73.503006 79.280884 13.223139
v -78.979919 74.102600 13.981558
v -46.790352 41.431004 13.981560
v -41.059509 46.838299 13.223141
v -73.503006 79.280884 11.902710
v -78.979919 74.102600 11.902710
v -83.372696 69.961502 11.902710
v -83.372696 69.961502 13.223139
v -78.979919 74.102600 9.823862
v -83.372696 69.961502 10.582280
v -73.503006 79.280884 10.582281
v -41.059509 46.838299 10.582283
v -46.790352 41.431004 9.823864
v -52.249519 36.272224 10.582283
v -45.673424 40.297344 9.823864
v -51.161995 35.110416 10.582283
v -51.161995 35.110416 11.902712
v -45.673424 40.297344 11.902712
v -52.249519 36.272224 11.902712
v -52.249519 36.272224 13.223141
v -51.161995 35.110416 13.223141
v -45.673424 40.297344 13.981560
v -39.972000 45.676487 13.223141
v -39.972000 45.676487 11.902712
v -41.059509 46.838299 11.902712
v -39.972000 45.676487 10.582283
v 70.393257 -0.514954 0.254325
v 0.000002 54.891403 4.236357
v 0.000000 69.878311 0.254319
v 55.406342 -0.514954 4.236376
v -0.000006 -70.908112 0.254331
v -0.000002 -55.921196 -3.727731
v 55.406242 -0.514956 -3.727727
v -55.406349 -0.514954 -3.727727
v 0.000002 54.891403 -3.727715
v -70.393272 -0.514954 0.254325
v -0.000002 -55.921196 4.236389
v -55.406250 -0.514952 4.236376
vn 0.0379 -0.1249 0.9914
vn 0.0375 -0.1243 0.9915
vn 0.0370 -0.1238 0.9916
vn 0.6899 -0.7239 -0.0042
vn 0.6952 -0.7189 -0.0002
vn 0.6912 -0.7226 -0.0031
vn -0.1074 -0.1042 0.9887
vn 0.1113 -0.0504 0.9925
vn -0.1624 0.0780 0.9836
vn 0.0526 -0.1494 0.9874
vn 0.0325 -0.1100 0.9934
vn 0.0321 -0.1096 0.9935
vn 0.0368 -0.1234 0.9917
vn 0.0317 -0.1092 0.9935
vn 0.0321 -0.1096 -0.9935
vn 0.0320 -0.1095 -0.9935
vn 0.0317 -0.1092 -0.9935
vn 0.0375 -0.1243 -0.9915
vn 0.0371 -0.1238 -0.9916
vn 0.0368 -0.1234 -0.9917
vn 0.0325 -0.1100 -0.9934
vn 0.0526 -0.1494 -0.9874
vn 0.7164 0.6976 -0.0000
vn 0.7166 0.6974 -0.0000
vn 0.7164 0.6977 -0.0000
vn 0.7162 0.6979 -0.0000
vn 0.0532 0.0543 -0.9971
vn 0.7162 0.6978 -0.0000
vn 0.7162 0.6978 -0.0001
vn 0.7162 0.6978 0.0001
vn 0.1313 0.1304 0.9827
vn -0.1057 0.2646 0.9586
vn 0.1021 0.0454 0.9937
vn 0.1039 0.0412 0.9937
vn 0.1017 0.0315 0.9943
vn 0.0996 -0.2545 0.9619
vn -0.2017 -0.0057 0.9794
vn 0.0636 0.0691 0.9956
vn -0.1913 0.1863 0.9637
vn 0.2553 -0.2415 0.9362
vn -0.1401 -0.1420 0.9799
vn 0.1046 0.1371 0.9850
vn 0.0432 0.0025 0.9991
vn 0.2255 0.0640 0.9721
vn 0.1636 -0.0756 0.9836
vn -0.0847 -0.0148 0.9963
vn 0.0887 0.0888 0.9921
vn -0.0742 -0.0235 0.9970
vn -0.2150 0.2801 0.9356
vn -0.2267 0.2430 0.9432
vn -0.0108 0.1516 0.9884
vn -0.1161 0.2457 0.9624
vn 0.0225 -0.2265 0.9737
vn -0.0022 -0.2709 0.9626
vn -0.2576 -0.2501 0.9333
vn 0.1259 -0.0495 0.9908
vn 0.1263 -0.0841 0.9884
vn 0.1253 -0.1288 0.9837
vn 0.7162 0.6979 -0.0001
vn 0.1234 -0.0203 0.9922
vn 0.1258 -0.0336 0.9915
vn -0.1346 -0.0208 0.9907
vn 0.1652 0.0320 0.9857
vn 0.0748 0.1002 0.9922
vn 0.0746 0.1006 0.9921
vn 0.0743 0.1022 0.9920
vn -0.0213 -0.2139 0.9766
vn 0.0659 0.0853 0.9942
vn 0.0985 -0.1229 0.9875
vn -0.0675 -0.0655 0.9956
vn 0.0740 0.1027 0.9920
vn 0.0354 0.0238 0.9991
vn 0.0994 -0.0107 0.9950
vn 0.0999 -0.0103 0.9949
vn 0.1003 -0.0077 0.9949
vn 0.1548 -0.2357 0.9594
vn -0.0306 0.0430 0.9986
vn -0.0182 0.0398 0.9990
vn -0.0038 0.0361 0.9993
vn 0.0480 0.0451 0.9978
vn 0.0992 -0.0133 0.9950
vn 0.1905 0.1689 0.9670
vn 0.0296 0.2615 0.9647
vn 0.0818 0.2327 0.9691
vn -0.1052 0.3314 0.9376
vn -0.0393 0.0452 0.9982
vn 0.1259 -0.0493 0.9908
vn -0.0567 0.0767 0.9954
vn -0.2495 0.1607 0.9550
vn -0.0529 -0.0524 0.9972
vn -0.0522 -0.0528 0.9972
vn -0.0809 -0.0796 0.9935
vn -0.0810 -0.0798 0.9935
vn -0.0811 -0.0800 0.9935
vn -0.0812 -0.0798 0.9935
vn -0.0812 -0.0797 0.9935
vn -0.0809 -0.0794 0.9936
vn -0.1697 -0.1647 0.9716
vn -0.1655 0.1925 0.9672
vn 0.0003 0.0919 0.9958
vn 0.0021 0.0817 0.9967
vn 0.0005 0.0967 0.9953
vn 0.0017 0.0791 0.9969
vn 0.0479 0.0452 0.9978
vn 0.7130 0.7012 -0.0017
vn 0.7125 0.7016 0.0008
vn 0.7162 0.6979 -0.0002
vn -0.0425 0.0256 0.9988
vn 0.7161 0.6979 -0.0011
vn 0.0764 -0.0465 0.9960
vn 0.1258 -0.0306 0.9916
vn 0.1270 -0.0405 0.9911
vn -0.1472 -0.1842 0.9718
vn 0.1303 0.1537 0.9795
vn 0.0706 -0.1134 0.9910
vn -0.0813 -0.0793 0.9935
vn -0.0810 -0.0790 0.9936
vn -0.0809 -0.0791 0.9936
vn -0.0808 -0.0792 0.9936
vn -0.0536 -0.0520 0.9972
vn -0.0559 0.0760 0.9955
vn -0.0494 -0.2068 0.9771
vn -0.2486 0.1590 0.9555
vn -0.1055 0.3284 0.9386
vn 0.1872 0.1099 0.9762
vn 0.0468 0.0480 0.9977
vn 0.0323 0.0484 0.9983
vn 0.0923 -0.0101 0.9957
vn 0.0938 -0.0114 0.9955
vn 0.0862 -0.0052 0.9963
vn 0.7089 0.7053 0.0015
vn 0.7090 0.7052 0.0019
vn 0.7164 0.6977 -0.0004
vn 0.0608 -0.1025 0.9929
vn -0.0506 0.1061 0.9931
vn 0.7163 0.6978 0.0004
vn 0.7089 0.7053 -0.0016
vn 0.0862 -0.0052 -0.9963
vn 0.0938 -0.0114 -0.9955
vn 0.0923 -0.0101 -0.9957
vn 0.7089 0.7053 -0.0019
vn 0.0608 -0.1025 -0.9929
vn -0.0506 0.1061 -0.9931
vn 0.0323 0.0484 -0.9983
vn 0.0468 0.0480 -0.9977
vn 0.1872 0.1099 -0.9762
vn -0.1055 0.3284 -0.9386
vn 0.1548 -0.2357 -0.9594
vn -0.0494 -0.2068 -0.9771
vn -0.2486 0.1590 -0.9555
vn -0.0536 -0.0520 -0.9972
vn -0.0559 0.0760 -0.9955
vn -0.1697 -0.1647 -0.9716
vn -0.0812 -0.0796 -0.9935
vn -0.0810 -0.0790 -0.9936
vn -0.0811 -0.0795 -0.9935
vn -0.0809 -0.0791 -0.9936
vn -0.0808 -0.0792 -0.9936
vn -0.1655 0.1925 -0.9672
vn -0.0213 -0.2139 -0.9766
vn 0.0746 0.1006 -0.9921
vn 0.0743 0.1022 -0.9920
vn 0.0740 0.1027 -0.9920
vn 0.0748 0.1002 -0.9922
vn -0.0675 -0.0655 -0.9956
vn 0.1303 0.1537 -0.9795
vn 0.0706 -0.1134 -0.9910
vn 0.0659 0.0853 -0.9942
vn 0.1652 0.0320 -0.9857
vn -0.1346 -0.0208 -0.9907
vn -0.1472 -0.1842 -0.9718
vn 0.0764 -0.0465 -0.9960
vn 0.1258 -0.0336 -0.9915
vn 0.1258 -0.0306 -0.9916
vn 0.1270 -0.0405 -0.9911
vn 0.7124 0.7018 -0.0008
vn -0.0425 0.0256 -0.9988
vn 0.0479 0.0452 -0.9978
vn 0.1234 -0.0203 -0.9921
vn 0.7161 0.6980 0.0002
vn 0.0992 -0.0133 -0.9950
vn 0.0994 -0.0108 -0.9950
vn 0.0999 -0.0103 -0.9949
vn 0.0017 0.0791 -0.9969
vn 0.0003 0.0919 -0.9958
vn 0.0021 0.0817 -0.9967
vn 0.0005 0.0967 -0.9953
vn 0.1003 -0.0077 -0.9949
vn 0.0985 -0.1229 -0.9875
vn -0.0809 -0.0797 -0.9935
vn -0.0812 -0.0797 -0.9935
vn -0.0811 -0.0800 -0.9935
vn -0.0810 -0.0798 -0.9935
vn -0.0529 -0.0524 -0.9972
vn -0.0522 -0.0528 -0.9972
vn -0.0567 0.0767 -0.9954
vn -0.0815 -0.0793 -0.9935
vn -0.0815 -0.0795 -0.9935
vn 0.1259 -0.0495 -0.9908
vn 0.1253 -0.1288 -0.9837
vn 0.1263 -0.0841 -0.9884
vn -0.2267 0.2430 -0.9432
vn 0.1234 -0.0203 -0.9922
vn 0.7162 0.6979 0.0001
vn 0.0887 0.0888 -0.9921
vn -0.0847 -0.0148 -0.9963
vn 0.2255 0.0640 -0.9721
vn 0.1636 -0.0756 -0.9836
vn -0.0742 -0.0235 -0.9970
vn -0.2150 0.2801 -0.9356
vn -0.0108 0.1516 -0.9884
vn -0.1161 0.2456 -0.9624
vn 0.0225 -0.2265 -0.9737
vn -0.2576 -0.2501 -0.9333
vn -0.0022 -0.2709 -0.9626
vn 0.0027 0.1275 -0.9918
vn 0.2553 -0.2415 -0.9362
vn -0.1913 0.1863 -0.9637
vn 0.0178 -0.0804 -0.9966
vn 0.0193 -0.0801 -0.9966
vn 0.0205 -0.0803 -0.9966
vn 0.0418 0.1264 -0.9911
vn 0.1113 -0.0504 -0.9925
vn -0.1074 -0.1042 -0.9887
vn -0.0838 -0.0813 -0.9932
vn -0.0830 -0.0811 -0.9932
vn -0.0822 -0.0805 -0.9934
vn -0.1624 0.0780 -0.9836
vn 0.0379 -0.1249 -0.9914
vn -0.1577 0.2477 -0.9559
vn 0.0219 -0.0800 -0.9966
vn -0.0253 -0.1109 -0.9935
vn -0.0259 -0.1238 -0.9920
vn -0.0264 -0.1165 -0.9928
vn 0.0636 0.0691 -0.9956
vn -0.1098 0.2232 -0.9686
vn 0.1039 0.0412 -0.9937
vn 0.1017 0.0315 -0.9943
vn 0.1010 0.0252 -0.9946
vn -0.0265 -0.1257 -0.9917
vn -0.1057 0.2646 -0.9586
vn 0.1021 0.0454 -0.9937
vn -0.1401 -0.1420 -0.9799
vn 0.1046 0.1371 -0.9850
vn 0.0432 0.0025 -0.9991
vn -0.2017 -0.0057 -0.9794
vn 0.0996 -0.2545 -0.9619
vn 0.1313 0.1304 -0.9827
vn -0.0819 -0.0798 -0.9934
vn -0.0818 -0.0797 -0.9935
vn -0.0819 -0.0799 0.9934
vn -0.0823 -0.0799 0.9934
vn -0.0818 -0.0798 0.9934
vn 0.6996 -0.7146 0.0036
vn -0.0815 -0.0793 0.9935
vn 0.7129 0.7013 -0.0018
vn 0.7163 0.6978 -0.0000
vn 0.7125 0.7016 0.0009
vn 0.7163 0.6978 -0.0012
vn 0.7125 0.7017 -0.0009
vn 0.0480 0.0451 -0.9978
vn -0.0306 0.0430 -0.9986
vn -0.0038 0.0361 -0.9993
vn -0.0182 0.0398 -0.9990
vn -0.0393 0.0452 -0.9982
vn 0.1905 0.1689 -0.9670
vn 0.0818 0.2327 -0.9691
vn 0.0296 0.2615 -0.9647
vn -0.1052 0.3314 -0.9376
vn -0.2495 0.1607 -0.9550
vn 0.0354 0.0238 -0.9991
vn 0.0994 -0.0107 -0.9950
vn -0.0815 -0.0796 0.9935
vn -0.0809 -0.0794 -0.9936
vn -0.0529 -0.0523 -0.9972
vn -0.0812 -0.0795 -0.9935
vn -0.0805 -0.0797 -0.9936
vn -0.0523 -0.0527 -0.9972
vn -0.3106 0.2855 -0.9067
vn -0.0439 0.0829 -0.9956
vn 0.1969 0.3823 -0.9028
vn -0.0812 -0.0795 0.9935
vn -0.0804 -0.0797 0.9936
vn -0.0672 -0.0667 -0.9955
vn 0.0984 -0.1230 -0.9875
vn 0.0740 0.1028 -0.9919
vn 0.1865 0.0988 -0.9775
vn 0.0077 0.0490 -0.9988
vn 0.1082 0.0699 -0.9917
vn 0.1098 0.0696 -0.9915
vn 0.1114 0.0698 -0.9913
vn 0.7095 0.7047 -0.0022
vn 0.7093 0.7049 -0.0017
vn 0.7164 0.6977 0.0002
vn 0.0541 -0.0790 -0.9954
vn -0.0377 0.0673 -0.9970
vn 0.7163 0.6978 -0.0001
vn 0.7093 0.7049 0.0017
vn 0.7095 0.7047 0.0022
vn 0.7163 0.6978 0.0003
vn 0.0750 -0.1067 -0.9915
vn 0.1301 0.1545 -0.9794
vn -0.0807 -0.0790 -0.9936
vn -0.0808 -0.0790 -0.9936
vn -0.0809 -0.0793 -0.9936
vn 0.0862 -0.0053 -0.9963
vn 0.1059 -0.0200 -0.9942
vn -0.0808 -0.0790 0.9936
vn -0.0810 -0.0791 -0.9936
vn -0.0807 -0.0790 0.9936
vn 0.0740 0.1028 0.9919
vn -0.3105 0.2855 0.9067
vn 0.1860 0.0918 0.9782
vn -0.0989 0.3377 0.9360
vn 0.1310 0.1514 0.9798
vn 0.0669 -0.0944 0.9933
vn -0.0562 0.0923 0.9941
vn -0.0395 -0.0515 0.9979
vn 0.0472 -0.0679 0.9966
vn -0.0529 0.0915 0.9944
vn 0.1035 0.0552 0.9931
vn 0.1013 0.0550 0.9933
vn 0.0993 0.0555 0.9935
vn 0.7099 0.7043 0.0012
vn 0.7100 0.7042 0.0016
vn 0.7164 0.6977 -0.0005
vn 0.0303 0.0484 0.9984
vn 0.7099 0.7043 -0.0012
vn 0.0993 0.0555 -0.9935
vn 0.1013 0.0550 -0.9933
vn 0.1035 0.0552 -0.9931
vn 0.7099 0.7043 -0.0017
vn 0.0472 -0.0679 -0.9966
vn -0.0529 0.0915 -0.9944
vn 0.0303 0.0484 -0.9984
vn 0.1860 0.0918 -0.9782
vn -0.0989 0.3377 -0.9360
vn -0.3105 0.2855 -0.9067
vn -0.0562 0.0923 -0.9941
vn -0.0672 -0.0666 -0.9955
vn -0.0810 -0.0794 -0.9935
vn 0.0669 -0.0944 -0.9933
vn -0.0810 -0.0794 0.9935
vn -0.0811 -0.0791 -0.9936
vn 0.7165 0.6976 -0.0000
vn 0.7090 0.7052 -0.0019
vn 0.1859 0.0898 0.9785
vn 0.0721 0.1963 0.9779
vn 0.0836 0.1863 0.9789
vn -0.0926 0.3390 0.9362
vn 0.1301 0.1545 0.9794
vn 0.0750 -0.1067 0.9915
vn -0.0340 -0.0470 0.9983
vn 0.0541 -0.0790 0.9954
vn -0.0280 0.0727 0.9970
vn -0.0466 0.0814 0.9956
vn -0.0073 0.0629 0.9980
vn 0.1114 0.0698 0.9913
vn 0.1098 0.0696 0.9915
vn 0.1082 0.0699 0.9917
vn 0.7102 0.7040 -0.0036
vn 0.7095 0.7047 0.0019
vn 0.7164 0.6977 -0.0002
vn 0.0230 0.0486 0.9986
vn 0.7094 0.7048 -0.0019
vn -0.0280 0.0727 -0.9970
vn -0.0072 0.0629 -0.9980
vn -0.0466 0.0814 -0.9956
vn 0.0230 0.0486 -0.9986
vn 0.1859 0.0898 -0.9785
vn 0.0836 0.1863 -0.9789
vn 0.0721 0.1963 -0.9779
vn -0.0926 0.3390 -0.9362
vn -0.0811 -0.0791 0.9936
vn -0.0340 -0.0470 -0.9983
vn 0.0035 -0.1648 -0.9863
vn 0.1134 0.0691 -0.9911
vn 0.7161 0.6980 -0.0022
vn 0.7164 0.6977 0.0003
vn 0.7090 0.7052 -0.0021
vn 0.1059 -0.0199 -0.9942
vn 0.7090 0.7052 0.0021
vn 0.7090 0.7052 0.0016
vn 0.7165 0.6976 -0.0003
vn 0.1134 0.0691 0.9911
vn 0.0035 -0.1648 0.9863
vn -0.0672 -0.0667 0.9955
vn 0.0984 -0.1230 0.9875
vn -0.0271 0.0776 0.9966
vn -0.0039 0.0662 0.9978
vn 0.0322 0.0484 0.9983
vn 0.1857 0.0867 0.9788
vn 0.0685 0.1940 0.9786
vn 0.0838 0.1808 0.9800
vn -0.1012 0.3372 0.9360
vn -0.0517 0.0896 0.9946
vn 0.1311 0.1511 0.9798
vn 0.0663 -0.0935 0.9934
vn -0.1468 -0.1785 0.9729
vn 0.0391 -0.0550 0.9977
vn 0.1857 0.0867 -0.9788
vn 0.0838 0.1808 -0.9800
vn 0.0685 0.1940 -0.9786
vn -0.1012 0.3372 -0.9360
vn -0.0271 0.0776 -0.9966
vn 0.0322 0.0484 -0.9983
vn -0.0039 0.0662 -0.9978
vn -0.0517 0.0896 -0.9946
vn 0.0663 -0.0935 -0.9934
vn -0.1468 -0.1785 -0.9729
vn 0.1311 0.1511 -0.9798
vn 0.0391 -0.0550 -0.9977
vn 0.7164 0.6977 0.0005
vn 0.7089 0.7053 -0.0015
vn -0.0808 -0.0793 0.9936
vn -0.0809 -0.0793 0.9936
vn 0.7087 0.7055 0.0015
vn 0.7163 0.6978 -0.0004
vn 0.7160 0.6981 -0.0019
vn 0.7101 0.7041 0.0018
vn 0.0787 0.0092 0.9969
vn 0.0783 -0.0014 0.9969
vn 0.0791 -0.0010 0.9969
vn 0.0778 -0.0093 0.9969
vn 0.7108 0.7034 -0.0033
vn 0.7164 0.6977 -0.0003
vn 0.7101 0.7041 -0.0018
vn -0.0812 -0.0791 -0.9936
vn -0.0597 0.3455 -0.9365
vn 0.7163 0.6978 0.0002
vn 0.7162 0.6979 -0.0023
vn 0.7107 0.7035 -0.0034
vn 0.7099 0.7043 0.0016
vn 0.7163 0.6978 -0.0002
vn 0.7162 0.6979 -0.0020
vn -0.0989 0.3377 0.9361
vn -0.0989 0.3377 -0.9361
vn 0.1310 0.1514 -0.9798
vn -0.0185 -0.1423 -0.9897
vn -0.0395 -0.0515 -0.9979
vn 0.1063 0.0542 -0.9929
vn 0.7097 0.7045 -0.0039
vn 0.0862 -0.0053 0.9963
vn -0.0672 -0.0666 0.9955
vn -0.0185 -0.1423 0.9897
vn 0.1063 0.0542 0.9929
vn -0.0228 0.0686 0.9974
vn -0.0121 0.0624 0.9980
vn 0.0109 0.0489 0.9987
vn 0.1877 0.1179 0.9751
vn 0.0772 0.2151 0.9735
vn 0.0989 0.1969 0.9754
vn -0.0792 0.3417 0.9365
vn -0.0476 0.0831 0.9954
vn 0.0989 0.1969 -0.9754
vn -0.0792 0.3417 -0.9365
vn 0.0772 0.2151 -0.9735
vn 0.1877 0.1179 -0.9751
vn -0.0228 0.0686 -0.9974
vn 0.0109 0.0489 -0.9987
vn -0.0121 0.0624 -0.9980
vn -0.0476 0.0831 -0.9954
vn 0.7095 0.7047 -0.0018
vn 0.7161 0.6980 -0.0021
vn 0.7095 0.7047 0.0018
vn -0.0257 0.0340 0.9991
vn -0.0098 0.0333 0.9994
vn 0.0029 0.0329 0.9995
vn 0.0479 0.0453 0.9978
vn 0.1903 0.1648 0.9678
vn 0.0416 0.2374 0.9705
vn 0.0971 0.2110 0.9726
vn -0.0330 0.2713 0.9619
vn -0.0287 0.0340 0.9990
vn -0.0340 0.0475 0.9983
vn -0.2062 0.0763 0.9755
vn 0.0077 0.0490 0.9988
vn 0.1865 0.0988 0.9775
vn -0.0597 0.3455 0.9365
vn -0.0377 0.0673 0.9970
vn 0.0003 0.0920 0.9958
vn -0.0185 -0.1422 0.9897
vn 0.1059 -0.0199 0.9942
vn 0.7091 0.7051 0.0019
vn 0.7110 0.7032 -0.0027
vn 0.7142 0.6999 0.0005
vn 0.7089 0.7053 0.0016
vn 0.1252 0.1227 0.9845
vn -0.0800 -0.0784 0.9937
vn 0.1363 0.1335 0.9816
vn -0.0678 -0.0665 0.9955
vn -0.0805 -0.0789 0.9936
vn -0.0805 -0.0789 -0.9936
vn -0.0807 -0.0788 -0.9936
vn -0.0807 -0.0788 0.9936
vn -0.0678 -0.0665 -0.9955
vn 0.1363 0.1335 -0.9816
vn -0.0800 -0.0784 -0.9937
vn 0.1252 0.1227 -0.9845
vn 0.7091 0.7051 -0.0019
vn 0.7142 0.6999 -0.0005
vn 0.7143 0.6998 -0.0006
vn 0.7100 0.7042 0.0017
vn 0.7099 0.7043 0.0015
vn 0.7100 0.7042 -0.0017
vn 0.7099 0.7043 -0.0014
vn -0.0808 -0.0793 -0.9936
vn -0.0185 -0.1422 -0.9897
vn 0.0003 0.0920 -0.9958
vn 0.7162 0.6979 -0.0024
vn 0.7098 0.7044 -0.0040
vn 0.7090 0.7052 -0.0020
vn -0.0813 -0.0796 -0.9935
vn -0.0812 -0.0804 -0.9934
vn -0.0813 -0.0797 0.9935
vn -0.0813 -0.0801 0.9935
vn -0.0812 -0.0796 0.9935
vn -0.0810 -0.0803 0.9935
vn -0.0810 -0.0802 -0.9935
vn -0.0811 -0.0794 -0.9935
vn -0.0810 -0.0792 0.9936
vn -0.0530 -0.0523 -0.9972
vn -0.0525 -0.0526 -0.9972
vn -0.0810 -0.0792 -0.9936
vn 0.1903 0.1648 -0.9678
vn 0.0971 0.2110 -0.9726
vn 0.0416 0.2374 -0.9705
vn -0.2062 0.0763 -0.9755
vn -0.0330 0.2713 -0.9619
vn -0.0257 0.0340 -0.9991
vn 0.0029 0.0329 -0.9995
vn -0.0098 0.0333 -0.9994
vn -0.0287 0.0340 -0.9990
vn 0.7166 0.6974 -0.0115
vn 0.7141 0.6998 -0.0198
vn 0.7137 0.7003 -0.0175
vn 0.7125 0.7013 -0.0213
vn 0.7153 0.6987 -0.0130
vn 0.0479 0.0453 -0.9978
vn 0.7148 0.6991 0.0187
vn 0.7135 0.7005 0.0161
vn 0.7089 0.7053 -0.0020
vn 0.7097 0.7045 -0.0040
vn -0.0340 0.0475 -0.9983
vn -0.0530 -0.0523 0.9972
vn -0.0525 -0.0526 0.9972
vn -0.0810 -0.0793 0.9935
vn 0.7163 0.6977 0.0002
vn 0.7094 0.7048 -0.0016
vn 0.7093 0.7049 0.0016
vn 0.7094 0.7048 0.0018
vn 0.7098 0.7044 -0.0039
vn 0.7090 0.7052 0.0020
vn 0.7161 0.6980 -0.0023
vn 0.7090 0.7053 -0.0020
vn 0.7142 0.6999 -0.0000
vn 0.7162 0.6979 -0.0022
vn 0.7165 0.6976 0.0003
vn 0.7101 0.7040 -0.0037
vn 0.7094 0.7048 -0.0018
vn 0.0787 0.0092 -0.9969
vn 0.0791 -0.0010 -0.9969
vn 0.0783 -0.0014 -0.9969
vn 0.0777 -0.0093 -0.9969
vn 0.7089 0.7053 0.0019
vn 0.7088 0.7054 0.0016
vn 0.1059 -0.0200 0.9942
vn 0.1060 -0.0200 -0.9942
vn 0.7091 0.7051 0.0020
vn 0.7089 0.7053 -0.0017
vn -0.0810 -0.0791 0.9936
vn -0.0529 -0.0523 0.9972
vn -0.0523 -0.0527 0.9972
vn -0.0439 0.0829 0.9956
vn 0.1969 0.3823 0.9028
vn -0.0495 -0.2068 0.9771
vn -0.0264 -0.1165 0.9928
vn -0.0259 -0.1238 0.9920
vn -0.0253 -0.1109 0.9935
vn -0.0265 -0.1257 0.9917
vn -0.1098 0.2232 0.9686
vn 0.1010 0.0252 0.9946
vn 0.0193 -0.0801 0.9966
vn 0.0205 -0.0803 0.9966
vn 0.0219 -0.0800 0.9966
vn -0.1577 0.2477 0.9559
vn 0.0178 -0.0804 0.9966
vn 0.0418 0.1264 0.9911
vn 0.0027 0.1275 0.9918
vn 0.0532 0.0543 0.9971
vn 0.0124 0.0122 0.9998
vn 0.0123 0.0122 0.9998
vn 0.0125 0.0122 0.9998
vn 0.0126 0.0122 0.9998
vn -0.0364 -0.0377 0.9986
vn -0.0355 -0.0384 0.9986
vn -0.0219 -0.0226 0.9995
vn -0.0066 -0.0083 0.9999
vn 0.7191 0.6949 -0.0000
vn 0.6865 -0.7272 0.0020
vn 0.6865 -0.7271 -0.0000
vn 0.6862 -0.7274 -0.0000
vn 0.6869 -0.7268 -0.0000
vn 0.6866 -0.7270 -0.0005
vn -0.7191 -0.6949 -0.0000
vn 0.0126 0.0122 -0.9998
vn 0.0124 0.0122 -0.9998
vn -0.0066 -0.0083 -0.9999
vn -0.0361 -0.0378 -0.9986
vn -0.0222 -0.0222 -0.9995
vn -0.0212 -0.0232 -0.9995
vn -0.0369 -0.0370 -0.9986
vn -0.0361 -0.0381 -0.9986
vn 0.6865 -0.7272 -0.0020
vn 0.6866 -0.7270 0.0005
vn -0.6870 0.7266 -0.0000
vn -0.6865 0.7271 -0.0000
vn -0.6866 0.7270 -0.0000
vn -0.0313 -0.0271 0.9991
vn -0.0015 -0.0008 1.0000
vn 0.0696 0.0692 0.9952
vn 0.0688 0.0670 0.9954
vn 0.7186 0.6954 -0.0000
vn 0.7071 0.7071 -0.0000
vn -0.6860 0.7276 -0.0000
vn 0.0688 0.0670 -0.9954
vn -0.0015 -0.0007 -1.0000
vn 0.0696 0.0692 -0.9952
vn -0.0313 -0.0271 -0.9991
vn -0.0784 -0.0743 -0.9941
vn 0.0231 0.0197 -0.9995
vn -0.0725 -0.0693 -0.9950
vn 0.6866 -0.7271 -0.0000
vn -0.7323 -0.6810 -0.0000
vn -0.7301 -0.6834 -0.0000
vn -0.7345 -0.6786 -0.0000
vn -0.0724 -0.0693 0.9950
vn 0.0233 0.0195 0.9995
vn -0.0784 -0.0743 0.9941
vn 0.0703 0.0658 0.9954
vn 0.6863 -0.7274 -0.0000
vn 0.7301 0.6834 -0.0000
vn 0.7187 0.6953 -0.0000
vn 0.0703 0.0658 -0.9954
vn -0.0916 -0.0846 0.9922
vn -0.0916 -0.0846 -0.9922
vn 0.1558 -0.0103 0.9877
vn 0.2371 -0.0437 0.9705
vn -0.0133 0.1374 0.9904
vn 0.2487 0.2487 0.9361
vn 0.1222 0.2638 -0.9568
vn 0.2731 -0.1618 -0.9483
vn 0.1442 0.0506 -0.9883
vn 0.1596 -0.2722 0.9489
vn 0.0420 -0.2381 -0.9703
vn 0.0426 -0.2058 -0.9777
vn -0.0397 0.2233 -0.9739
vn -0.1445 -0.0508 -0.9882
vn -0.2487 0.2487 -0.9361
vn -0.2705 0.1470 -0.9514
vn -0.1523 0.2435 0.9579
vn -0.2384 0.0420 0.9702
vn -0.1742 0.0278 0.9843
vn -0.0508 -0.1699 0.9841
vt 0.101320 0.054495
vt 0.094404 0.049081
vt 0.108629 0.047218
vt 0.101299 0.071435
vt 0.103516 0.061121
vt 0.106833 0.058392
vt 0.108826 0.054074
vt 0.114535 0.041830
vt 0.103486 0.038218
vt 0.114561 0.026464
vt 0.117401 0.041480
vt 0.118316 0.053584
vt 0.115474 0.054044
vt 0.119075 0.061968
vt 0.116501 0.072452
vt 0.116254 0.062120
vt 0.119271 0.072732
vt 0.114675 0.065404
vt 0.112443 0.064912
vt 0.114202 0.060975
vt 0.109351 0.062690
vt 0.112231 0.060034
vt 0.105276 0.064441
vt 0.108027 0.068959
vt 0.112093 0.070358
vt 0.110451 0.076275
vt 0.106781 0.075560
vt 0.116189 0.080360
vt 0.101598 0.081623
vt 0.109089 0.080732
vt 0.104146 0.074885
vt 0.111494 0.082576
vt 0.118982 0.080607
vt 0.116334 0.084568
vt 0.113830 0.084492
vt 0.110436 0.084626
vt 0.107180 0.087727
vt 0.112843 0.090817
vt 0.109430 0.091233
vt 0.105030 0.096194
vt 0.100987 0.092889
vt 0.107199 0.098805
vt 0.111888 0.096167
vt 0.108915 0.101588
vt 0.115843 0.107694
vt 0.112602 0.103691
vt 0.115984 0.093063
vt 0.108684 0.107748
vt 0.110105 0.111763
vt 0.106939 0.114910
vt 0.101314 0.108938
vt 0.111133 0.109710
vt 0.104147 0.104044
vt 0.101304 0.102498
vt 0.094288 0.105671
vt 0.093813 0.121989
vt 0.100763 0.120167
vt 0.101235 0.129829
vt 0.104802 0.123393
vt 0.106939 0.125946
vt 0.109222 0.118424
vt 0.111768 0.123398
vt 0.112607 0.117991
vt 0.116002 0.111780
vt 0.113491 0.111678
vt 0.115781 0.120189
vt 0.115971 0.135845
vt 0.118508 0.120397
vt 0.118733 0.111991
vt 0.110739 0.133301
vt 0.118763 0.135998
vt 0.116287 0.139952
vt 0.111569 0.137930
vt 0.113821 0.139875
vt 0.110483 0.139961
vt 0.107157 0.143066
vt 0.112902 0.146152
vt 0.105280 0.151703
vt 0.101158 0.148521
vt 0.101378 0.137294
vt 0.109500 0.146590
vt 0.101733 0.158130
vt 0.107520 0.154267
vt 0.094237 0.150468
vt 0.094714 0.159869
vt 0.101935 0.164598
vt 0.104603 0.159597
vt 0.109186 0.163253
vt 0.109348 0.157009
vt 0.113756 0.158359
vt 0.112075 0.151491
vt 0.116099 0.148358
vt 0.116353 0.159348
vt 0.116639 0.167108
vt 0.111661 0.165108
vt 0.118994 0.159506
vt 0.118828 0.148579
vt 0.119009 0.140141
vt 0.094026 0.094593
vt 0.112275 0.056271
vt 0.113854 0.055175
vt 0.094459 0.078351
vt 0.119060 0.084809
vt 0.118706 0.093328
vt 0.118621 0.107901
vt 0.104126 0.131340
vt 0.094196 0.131499
vt 0.108448 0.128613
vt 0.094724 0.177761
vt 0.101632 0.175826
vt 0.107619 0.170424
vt 0.110708 0.167201
vt 0.105764 0.178982
vt 0.109964 0.173876
vt 0.113340 0.173375
vt 0.108015 0.181510
vt 0.112550 0.178747
vt 0.116551 0.175562
vt 0.116815 0.186629
vt 0.109864 0.184169
vt 0.114349 0.184484
vt 0.114937 0.191788
vt 0.117330 0.195222
vt 0.119463 0.186751
vt 0.111534 0.188913
vt 0.119277 0.175758
vt 0.119383 0.167279
vt 0.120069 0.195375
vt 0.119855 0.203905
vt 0.117126 0.203681
vt 0.117328 0.214705
vt 0.113928 0.201476
vt 0.113083 0.206826
vt 0.114806 0.195176
vt 0.111461 0.195291
vt 0.108179 0.198424
vt 0.110519 0.201930
vt 0.102470 0.191875
vt 0.102156 0.203844
vt 0.106274 0.207033
vt 0.102698 0.213439
vt 0.108509 0.209598
vt 0.095669 0.215139
vt 0.102871 0.219903
vt 0.095226 0.205745
vt 0.105566 0.214915
vt 0.110327 0.212344
vt 0.110135 0.218587
vt 0.108528 0.225751
vt 0.111637 0.222541
vt 0.112601 0.220451
vt 0.114732 0.213707
vt 0.115028 0.222388
vt 0.117571 0.222475
vt 0.114235 0.228725
vt 0.113412 0.234084
vt 0.110855 0.229212
vt 0.117433 0.230931
vt 0.106634 0.234307
vt 0.108874 0.236849
vt 0.102516 0.231128
vt 0.103116 0.240733
vt 0.095600 0.233026
vt 0.096088 0.242411
vt 0.103268 0.247186
vt 0.106005 0.242221
vt 0.110722 0.239529
vt 0.112319 0.244284
vt 0.115307 0.240480
vt 0.112231 0.251708
vt 0.108918 0.254813
vt 0.115320 0.247968
vt 0.117591 0.242009
vt 0.118103 0.251658
vt 0.120238 0.242149
vt 0.120157 0.231147
vt 0.120314 0.222661
vt 0.102876 0.260214
vt 0.095931 0.262079
vt 0.096335 0.271476
vt 0.103374 0.269808
vt 0.103516 0.276272
vt 0.106979 0.263419
vt 0.109202 0.265993
vt 0.106234 0.271297
vt 0.111246 0.258332
vt 0.113790 0.263242
vt 0.114661 0.257895
vt 0.115577 0.251594
vt 0.117849 0.260117
vt 0.117998 0.271141
vt 0.120577 0.260353
vt 0.120843 0.251828
vt 0.120637 0.271322
vt 0.113245 0.276866
vt 0.118206 0.278912
vt 0.110787 0.274990
vt 0.115407 0.270131
vt 0.111008 0.268748
vt 0.109148 0.282146
vt 0.112271 0.278951
vt 0.115664 0.278814
vt 0.114843 0.285148
vt 0.113996 0.290504
vt 0.111460 0.285618
vt 0.118032 0.287369
vt 0.107213 0.290692
vt 0.109442 0.293244
vt 0.103109 0.287494
vt 0.103660 0.297100
vt 0.096182 0.289360
vt 0.096618 0.298747
vt 0.103775 0.303550
vt 0.106544 0.298601
vt 0.111278 0.295930
vt 0.112859 0.300696
vt 0.115934 0.296765
vt 0.112725 0.307066
vt 0.109412 0.310164
vt 0.116233 0.303596
vt 0.118155 0.298450
vt 0.118593 0.307053
vt 0.120861 0.298610
vt 0.120755 0.287597
vt 0.120948 0.279111
vt 0.096384 0.317346
vt 0.103333 0.315518
vt 0.096729 0.326743
vt 0.103776 0.325117
vt 0.103882 0.331582
vt 0.107417 0.318750
vt 0.109626 0.321338
vt 0.106627 0.326624
vt 0.111715 0.313693
vt 0.114228 0.318614
vt 0.115128 0.313273
vt 0.118304 0.315511
vt 0.116071 0.306983
vt 0.121330 0.307232
vt 0.118390 0.326537
vt 0.121030 0.315762
vt 0.121028 0.326733
vt 0.113604 0.332235
vt 0.118551 0.334310
vt 0.111157 0.330344
vt 0.115806 0.325512
vt 0.111415 0.324103
vt 0.109476 0.337491
vt 0.112618 0.334314
vt 0.115149 0.340527
vt 0.116010 0.334197
vt 0.114268 0.345879
vt 0.111765 0.340978
vt 0.118322 0.342766
vt 0.118363 0.353841
vt 0.121043 0.343008
vt 0.121292 0.334524
vt 0.096473 0.344617
vt 0.103411 0.342802
vt 0.107492 0.346029
vt 0.109705 0.348600
vt 0.111527 0.351306
vt 0.116192 0.352263
vt 0.113061 0.356097
vt 0.112843 0.363589
vt 0.109494 0.366650
vt 0.103962 0.358864
vt 0.106772 0.353938
vt 0.113909 0.361559
vt 0.103901 0.352410
vt 0.096853 0.353992
vt 0.096420 0.373735
vt 0.103390 0.371974
vt 0.107453 0.375230
vt 0.111787 0.370198
vt 0.115218 0.369803
vt 0.118374 0.372071
vt 0.114268 0.375142
vt 0.118775 0.363610
vt 0.116258 0.363508
vt 0.109642 0.377833
vt 0.111408 0.380612
vt 0.118363 0.383104
vt 0.115787 0.382057
vt 0.121099 0.372347
vt 0.121000 0.383323
vt 0.113528 0.388763
vt 0.118458 0.390880
vt 0.111097 0.386852
vt 0.109356 0.393985
vt 0.112524 0.390835
vt 0.103808 0.388030
vt 0.106597 0.383095
vt 0.103758 0.381566
vt 0.096694 0.383132
vt 0.096284 0.401006
vt 0.121509 0.363818
vt 0.121068 0.354019
vt 0.121196 0.391118
vt 0.120882 0.399600
vt 0.118161 0.399336
vt 0.118153 0.410410
vt 0.115005 0.397071
vt 0.114083 0.402424
vt 0.115918 0.390746
vt 0.111617 0.397492
vt 0.107292 0.402495
vt 0.109480 0.405076
vt 0.103650 0.408852
vt 0.103237 0.399240
vt 0.106513 0.410392
vt 0.096588 0.410400
vt 0.103682 0.415301
vt 0.111264 0.407779
vt 0.112817 0.412563
vt 0.109229 0.421989
vt 0.112587 0.418937
vt 0.116148 0.415521
vt 0.115740 0.408204
vt 0.118455 0.419013
vt 0.115934 0.418905
vt 0.114900 0.425181
vt 0.111481 0.425552
vt 0.118043 0.427465
vt 0.113924 0.430509
vt 0.117974 0.438491
vt 0.115404 0.437429
vt 0.109283 0.433167
vt 0.111034 0.435957
vt 0.106210 0.438410
vt 0.110687 0.442193
vt 0.103394 0.443330
vt 0.108905 0.449315
vt 0.112091 0.446184
vt 0.113107 0.444118
vt 0.102762 0.454544
vt 0.106800 0.457822
vt 0.111146 0.452833
vt 0.114537 0.452430
vt 0.118025 0.446264
vt 0.115486 0.446114
vt 0.117679 0.454714
vt 0.113582 0.457766
vt 0.117565 0.465792
vt 0.120397 0.454998
vt 0.120762 0.446518
vt 0.120266 0.466007
vt 0.115148 0.471693
vt 0.117839 0.475450
vt 0.112238 0.467936
vt 0.115319 0.464207
vt 0.120573 0.475687
vt 0.110759 0.463144
vt 0.108977 0.460419
vt 0.105977 0.465718
vt 0.103125 0.464160
vt 0.095801 0.456271
vt 0.096310 0.438392
vt 0.096059 0.465666
vt 0.103119 0.470615
vt 0.095418 0.485323
vt 0.102406 0.483629
vt 0.108579 0.478378
vt 0.106430 0.486934
vt 0.110820 0.481954
vt 0.114245 0.481601
vt 0.111967 0.475356
vt 0.115315 0.475324
vt 0.113242 0.486924
vt 0.117376 0.483900
vt 0.117255 0.494923
vt 0.120098 0.484203
vt 0.112364 0.500530
vt 0.117273 0.502695
vt 0.119947 0.495180
vt 0.109953 0.498595
vt 0.114690 0.493850
vt 0.120008 0.502959
vt 0.110327 0.492360
vt 0.108589 0.489562
vt 0.105492 0.494792
vt 0.102669 0.493233
vt 0.095591 0.494728
vt 0.102654 0.499699
vt 0.095002 0.512606
vt 0.101971 0.510908
vt 0.108141 0.505710
vt 0.111340 0.502591
vt 0.110368 0.509238
vt 0.105995 0.514202
vt 0.113760 0.508850
vt 0.108158 0.516806
vt 0.112788 0.514191
vt 0.109915 0.519535
vt 0.116776 0.522210
vt 0.114170 0.520662
vt 0.116894 0.511143
vt 0.111422 0.524314
vt 0.111138 0.530686
vt 0.107754 0.533711
vt 0.102266 0.526976
vt 0.105141 0.522093
vt 0.114728 0.527301
vt 0.102292 0.520526
vt 0.095216 0.522008
vt 0.094571 0.540605
vt 0.119612 0.511432
vt 0.119476 0.522430
vt 0.117005 0.530810
vt 0.114485 0.530681
vt 0.113398 0.536946
vt 0.101557 0.538933
vt 0.105568 0.542255
vt 0.109976 0.537290
vt 0.101788 0.548548
vt 0.107717 0.544890
vt 0.094708 0.550019
vt 0.101755 0.555028
vt 0.104605 0.550115
vt 0.109445 0.547691
vt 0.109054 0.553924
vt 0.107239 0.561049
vt 0.110437 0.557919
vt 0.111463 0.555856
vt 0.116364 0.550260
vt 0.113803 0.549186
vt 0.112378 0.542264
vt 0.116522 0.539253
vt 0.119241 0.539564
vt 0.119738 0.531053
vt 0.101052 0.566258
vt 0.105098 0.569564
vt 0.109478 0.564573
vt 0.112866 0.564153
vt 0.116009 0.566396
vt 0.111952 0.569510
vt 0.116368 0.558006
vt 0.113830 0.557853
vt 0.108980 0.575020
vt 0.107271 0.572190
vt 0.115943 0.583670
vt 0.112685 0.577443
vt 0.108776 0.583713
vt 0.104145 0.577390
vt 0.101471 0.585069
vt 0.107129 0.590940
vt 0.111252 0.585681
vt 0.110249 0.587747
vt 0.101068 0.596289
vt 0.105172 0.599504
vt 0.109434 0.594423
vt 0.112815 0.593956
vt 0.116010 0.596160
vt 0.111977 0.599307
vt 0.116151 0.587734
vt 0.113635 0.587642
vt 0.109213 0.604818
vt 0.107399 0.602072
vt 0.116213 0.607179
vt 0.113618 0.606181
vt 0.104445 0.607377
vt 0.109012 0.611055
vt 0.101741 0.612356
vt 0.107399 0.618214
vt 0.111478 0.612921
vt 0.110511 0.615009
vt 0.101378 0.623580
vt 0.105493 0.626760
vt 0.109726 0.621679
vt 0.113107 0.621196
vt 0.116305 0.623400
vt 0.112283 0.626563
vt 0.116447 0.614944
vt 0.113904 0.614857
vt 0.109564 0.631970
vt 0.107730 0.629300
vt 0.116502 0.634470
vt 0.114048 0.632310
vt 0.111207 0.636723
vt 0.104863 0.634671
vt 0.102124 0.639632
vt 0.107796 0.646214
vt 0.114593 0.639618
vt 0.111097 0.643100
vt 0.101742 0.651600
vt 0.105841 0.654812
vt 0.110115 0.649734
vt 0.113527 0.649299
vt 0.116713 0.651523
vt 0.112652 0.654644
vt 0.116966 0.643066
vt 0.114442 0.643005
vt 0.109864 0.660146
vt 0.108061 0.657390
vt 0.116851 0.662548
vt 0.114261 0.661535
vt 0.105087 0.662690
vt 0.109635 0.666388
vt 0.102365 0.667662
vt 0.107988 0.673542
vt 0.112091 0.668266
vt 0.111114 0.670351
vt 0.101946 0.678886
vt 0.106044 0.682088
vt 0.110294 0.677017
vt 0.113676 0.676549
vt 0.116861 0.678773
vt 0.112822 0.681903
vt 0.117048 0.670318
vt 0.114506 0.670217
vt 0.110101 0.687334
vt 0.108269 0.684643
vt 0.116953 0.689850
vt 0.114679 0.688309
vt 0.111670 0.692098
vt 0.105372 0.689999
vt 0.102611 0.694950
vt 0.108214 0.702612
vt 0.114648 0.695796
vt 0.111540 0.699522
vt 0.102156 0.707978
vt 0.106238 0.711214
vt 0.110521 0.706145
vt 0.113933 0.705720
vt 0.117103 0.707950
vt 0.113036 0.711069
vt 0.117408 0.699497
vt 0.114884 0.699423
vt 0.110239 0.716577
vt 0.108446 0.713807
vt 0.117200 0.718972
vt 0.114623 0.717966
vt 0.105464 0.719097
vt 0.110024 0.722854
vt 0.102701 0.724025
vt 0.108114 0.729940
vt 0.111436 0.726857
vt 0.112475 0.724785
vt 0.114926 0.726810
vt 0.117517 0.726676
vt 0.120279 0.726769
vt 0.117793 0.733791
vt 0.119838 0.719119
vt 0.115203 0.733884
vt 0.111676 0.733971
vt 0.108184 0.734044
vt 0.102292 0.733844
vt 0.095268 0.733571
vt 0.095555 0.719154
vt 0.119827 0.708189
vt 0.120145 0.699678
vt 0.119599 0.690003
vt 0.119583 0.679004
vt 0.102492 0.688495
vt 0.095020 0.680742
vt 0.095457 0.690131
vt 0.095205 0.709781
vt 0.102608 0.717574
vt 0.095190 0.662857
vt 0.102229 0.661197
vt 0.119189 0.615129
vt 0.118910 0.607354
vt 0.101578 0.605892
vt 0.094538 0.607569
vt 0.094124 0.598144
vt 0.094407 0.581862
vt 0.101339 0.575845
vt 0.094068 0.567968
vt 0.118735 0.583847
vt 0.118728 0.566654
vt 0.118722 0.577461
vt 0.118887 0.587929
vt 0.118738 0.596380
vt 0.119103 0.558266
vt 0.119054 0.550521
vt 0.094457 0.625472
vt 0.094938 0.634862
vt 0.101971 0.633183
vt 0.094801 0.653461
vt 0.119030 0.623611
vt 0.119149 0.634607
vt 0.119704 0.643235
vt 0.119440 0.651763
vt 0.119547 0.662742
vt 0.119790 0.670520
vt 0.120543 0.733689
vt 0.114734 0.502536
vt 0.103380 0.436864
vt 0.096099 0.428990
vt 0.107112 0.430548
vt 0.103074 0.427259
vt 0.120666 0.438736
vt 0.120766 0.427756
vt 0.121190 0.419235
vt 0.120856 0.410607
vt 0.119968 0.214875
vt 0.095257 0.187147
vt 0.102279 0.185427
vt 0.105179 0.186897
vt 0.114097 0.167033
vt 0.275648 0.489446
vt 0.168801 0.489446
vt 0.275648 0.421608
vt 0.168801 0.421608
vt 0.275648 0.560280
vt 0.168801 0.560280
vt 0.275648 0.399073
vt 0.158304 0.410340
vt 0.147808 0.489446
vt 0.158304 0.565980
vt 0.275648 0.571680
vt 0.212126 0.344448
vt 0.186201 0.356205
vt 0.186201 0.344448
vt 0.186201 0.043981
vt 0.212126 0.043981
vt 0.234126 0.047463
vt 0.243278 0.348587
vt 0.234126 0.348587
vt 0.212126 0.356205
vt 0.162765 0.344448
vt 0.162765 0.356205
vt 0.162765 0.043981
vt 0.186201 0.033556
vt 0.162765 0.033556
vt 0.186201 0.021799
vt 0.162765 0.021799
vt 0.234110 0.046979
vt 0.243278 0.036514
vt 0.234110 0.036514
vt 0.243278 0.046979
vt 0.234110 0.348587
vt 0.212126 0.033556
vt 0.234126 0.037016
vt 0.243278 0.047463
vt 0.212126 0.021799
vt 0.243278 0.037016
vt 0.431156 0.883686
vt 0.459900 0.912430
vt 0.218624 0.883686
vt 0.189880 0.912430
vt 0.189880 0.642410
vt 0.218624 0.671154
vt 0.459900 0.642410
vt 0.431156 0.671154
s 1
usemtl initialShadingGroup.001
f 4601/2612/2825 4602/2613/2826 4607/2614/2827
f 4601/2612/2828 4603/2615/2829 4602/2613/2830
f 4601/2612/2831 4604/2616/2831 4603/2615/2831
f 4601/2612/2832 4605/2617/2832 4604/2616/2832
f 4601/2612/2833 4606/2618/2833 4605/2617/2833
f 4607/2614/2834 4606/2618/2834 4601/2612/2834
f 4608/2619/2834 4606/2618/2834 4607/2614/2834
f 4607/2614/2835 4609/2620/2836 4608/2619/2836
f 4607/2614/2827 4602/2613/2826 4609/2620/2837
f 4608/2619/2836 4609/2620/2836 4610/2621/2838
f 4609/2620/2839 4612/2619/2840 4610/2621/2841
f 4602/2613/2842 4611/2614/2843 4609/2620/2844
f 4611/2614/2845 4612/2619/2840 4609/2620/2839
f 4612/2619/2846 4611/2614/2846 4615/2618/2846
f 4613/2622/2847 4610/2621/2848 4612/2619/2849
f 4613/2622/2847 4612/2619/2849 4616/2623/2850
f 4614/2624/2851 4612/2619/2851 4615/2618/2851
f 4616/2623/2850 4612/2619/2849 4614/2624/2850
f 4616/2623/2850 4608/2619/2849 4613/2622/2847
f 4617/2624/2850 4608/2619/2849 4616/2623/2850
f 4618/2625/2852 4617/2624/2850 4616/2623/2850
f 4616/2623/2850 4614/2624/2850 4618/2625/2852
f 4619/2626/2850 4618/2625/2852 4620/2627/2853
f 4622/2628/2850 4618/2625/2852 4619/2626/2850
f 4618/2625/2852 4614/2624/2850 4620/2627/2853
f 4618/2625/2852 4621/2626/2850 4623/2627/2854
f 4622/2628/2850 4621/2626/2850 4618/2625/2852
f 4623/2627/2854 4617/2624/2850 4618/2625/2852
f 4621/2626/2855 4626/2629/2855 4623/2627/2855
f 4623/2627/2856 4625/2630/2856 4624/2631/2856
f 4623/2627/2857 4624/2631/2858 4617/2624/2859
f 4623/2627/2860 4626/2629/2860 4625/2630/2860
f 4621/2626/2861 4625/2630/2861 4626/2629/2861
f 4627/2632/2862 4629/2633/2862 4625/2630/2862
f 4625/2630/2863 4628/2634/2863 4627/2632/2863
f 4625/2630/2864 4630/2635/2864 4628/2634/2864
f 4624/2631/2865 4625/2630/2865 4629/2633/2865
f 4625/2630/2866 4631/2636/2866 4630/2635/2866
f 4621/2626/2867 4631/2636/2867 4625/2630/2867
f 4630/2635/2868 4631/2636/2868 4632/2637/2868
f 4621/2626/2869 4632/2637/2869 4631/2636/2869
f 4632/2637/2870 4636/2638/2870 4630/2635/2870
f 4635/2639/2871 4632/2637/2871 4621/2626/2871
f 4632/2637/2872 4633/2640/2872 4636/2638/2872
f 4632/2637/2873 4634/2641/2873 4633/2640/2873
f 4635/2639/2874 4634/2641/2874 4632/2637/2874
f 4630/2635/2875 4636/2638/2875 4637/2642/2875
f 4636/2638/2876 4633/2640/2876 4637/2642/2876
f 4630/2635/2877 4637/2642/2877 4628/2634/2877
f 4628/2634/2878 4637/2642/2878 4603/2615/2878
f 4603/2615/2879 4637/2642/2879 4633/2640/2879
f 4622/2628/2850 4635/2639/2850 4621/2626/2850
f 4635/2639/2880 4641/2643/2881 4634/2641/2882
f 4638/2644/2850 4639/2645/2883 4635/2639/2850
f 4638/2644/2850 4635/2639/2850 4622/2628/2850
f 4639/2645/2884 4640/2646/2885 4635/2639/2880
f 4635/2639/2880 4640/2646/2885 4641/2643/2881
f 4634/2641/2886 4641/2643/2886 4642/2647/2886
f 4642/2647/2886 4641/2643/2886 4640/2646/2886
f 4644/2648/2887 4642/2647/2887 4643/2649/2887
f 4640/2646/2886 4643/2649/2886 4642/2647/2886
f 4634/2641/2887 4642/2647/2887 4644/2648/2887
f 4644/2648/2888 4647/2650/2889 4645/2651/2890
f 4644/2648/2891 4645/2651/2891 4646/2652/2891
f 4643/2649/2892 4647/2650/2892 4644/2648/2892
f 4634/2641/2893 4644/2648/2893 4633/2640/2893
f 4633/2640/2894 4644/2648/2894 4646/2652/2894
f 4645/2651/2890 4647/2650/2889 4648/2653/2895
f 4648/2653/2896 4647/2650/2896 4649/2654/2896
f 4643/2649/2897 4649/2654/2898 4647/2650/2899
f 4649/2654/2900 4652/2655/2900 4648/2653/2900
f 4650/2656/2901 4653/2657/2902 4649/2654/2903
f 4650/2656/2904 4649/2654/2904 4651/2658/2904
f 4651/2658/2905 4649/2654/2898 4643/2649/2897
f 4649/2654/2906 4653/2657/2907 4652/2655/2908
f 4652/2655/2908 4653/2657/2907 4654/2659/2909
f 4650/2656/2901 4654/2659/2910 4653/2657/2902
f 4654/2659/2887 4656/2660/2887 4655/2661/2887
f 4654/2659/2893 4655/2661/2893 4659/2662/2893
f 4654/2659/2886 4657/2663/2886 4656/2660/2886
f 4650/2656/2911 4657/2663/2881 4654/2659/2882
f 4658/2664/2912 4654/2659/2912 4659/2662/2912
f 4658/2664/2913 4652/2655/2913 4654/2659/2913
f 4660/2665/2914 4658/2664/2914 4659/2662/2915
f 4661/2666/2916 4660/2665/2917 4659/2662/2918
f 4661/2666/2916 4659/2662/2918 4662/2667/2919
f 4662/2667/2919 4659/2662/2918 4663/2668/2920
f 4659/2662/2894 4655/2661/2894 4663/2668/2894
f 4663/2668/2920 4664/2669/2921 4662/2667/2919
f 4655/2661/2891 4665/2670/2891 4663/2668/2891
f 4664/2669/2922 4663/2668/2922 4665/2670/2922
f 4664/2669/2923 4665/2670/2923 4666/2671/2923
f 4665/2670/2890 4667/2672/2889 4666/2671/2895
f 4655/2661/2888 4667/2672/2889 4665/2670/2890
f 4666/2671/2896 4667/2672/2896 4668/2673/2896
f 4669/2674/2897 4668/2673/2898 4667/2672/2899
f 4669/2674/2892 4667/2672/2892 4655/2661/2892
f 4670/2675/2924 4669/2674/2925 4671/2676/2926
f 4672/2677/2927 4669/2674/2925 4670/2675/2924
f 4671/2676/2886 4669/2674/2886 4656/2660/2886
f 4672/2677/2905 4668/2673/2898 4669/2674/2897
f 4655/2661/2887 4656/2660/2887 4669/2674/2887
f 4675/2678/2928 4668/2673/2928 4672/2677/2928
f 4673/2679/2929 4675/2678/2930 4672/2677/2931
f 4673/2679/2929 4672/2677/2931 4674/2680/2852
f 4674/2680/2852 4672/2677/2931 4670/2675/2852
f 4675/2678/2932 4677/2681/2932 4668/2673/2932
f 4676/2682/2933 4675/2678/2930 4673/2679/2929
f 4676/2682/2933 4678/2683/2850 4675/2678/2930
f 4675/2678/2934 4680/2684/2934 4677/2681/2934
f 4678/2683/2884 4679/2685/2885 4675/2678/2935
f 4675/2678/2935 4679/2685/2885 4680/2684/2936
f 4677/2681/2937 4680/2684/2937 4681/2686/2937
f 4681/2686/2886 4680/2684/2886 4679/2685/2886
f 4677/2681/2938 4681/2686/2938 4683/2687/2938
f 4679/2685/2886 4682/2688/2886 4681/2686/2886
f 4683/2687/2887 4681/2686/2887 4682/2688/2887
f 4683/2687/2891 4687/2689/2891 4684/2690/2891
f 4686/2691/2894 4683/2687/2894 4684/2690/2894
f 4677/2681/2939 4683/2687/2939 4686/2691/2939
f 4683/2687/2888 4685/2692/2889 4687/2689/2890
f 4682/2688/2892 4685/2692/2892 4683/2687/2892
f 4689/2693/2922 4684/2690/2922 4687/2689/2922
f 4689/2693/2923 4687/2689/2923 4688/2694/2923
f 4687/2689/2890 4685/2692/2889 4688/2694/2895
f 4684/2690/2940 4689/2693/2941 4691/2695/2920
f 4690/2696/2942 4689/2693/2941 4692/2697/2943
f 4691/2695/2920 4689/2693/2941 4690/2696/2942
f 4689/2693/2944 4693/2698/2944 4692/2697/2944
f 4688/2694/2944 4693/2698/2944 4689/2693/2944
f 4693/2698/2945 4694/2699/2945 4692/2697/2945
f 4688/2694/2946 4695/2700/2946 4693/2698/2946
f 4693/2698/2947 4695/2700/2947 4694/2699/2947
f 4695/2700/2948 4696/2701/2948 4694/2699/2948
f 4697/2702/2949 4696/2701/2949 4695/2700/2949
f 4697/2702/2900 4695/2700/2900 4688/2694/2900
f 4688/2694/2896 4685/2692/2896 4697/2702/2896
f 4682/2688/2897 4697/2702/2898 4685/2692/2899
f 4698/2703/2905 4697/2702/2898 4682/2688/2897
f 4699/2704/2950 4697/2702/2950 4698/2703/2950
f 4699/2704/2951 4696/2701/2951 4697/2702/2951
f 4700/2705/2952 4701/2706/2953 4699/2704/2954
f 4702/2707/2955 4700/2705/2956 4699/2704/2957
f 4699/2704/2958 4701/2706/2958 4694/2699/2958
f 4702/2707/2955 4699/2704/2957 4703/2708/2852
f 4699/2704/2959 4694/2699/2959 4696/2701/2959
f 4703/2708/2852 4699/2704/2957 4698/2703/2854
f 4703/2708/2852 4704/2709/2850 4705/2703/2853
f 4703/2708/2852 4698/2703/2854 4704/2709/2850
f 4707/2704/2960 4703/2708/2852 4705/2703/2853
f 4706/2707/2961 4703/2708/2852 4707/2704/2960
f 4707/2704/2962 4709/2706/2963 4708/2705/2964
f 4708/2705/2965 4706/2707/2961 4707/2704/2960
f 4707/2704/2966 4710/2699/2966 4709/2706/2966
f 4707/2704/2967 4712/2701/2967 4710/2699/2967
f 4707/2704/2968 4711/2702/2968 4712/2701/2968
f 4707/2704/2969 4705/2703/2969 4711/2702/2969
f 4711/2702/2970 4713/2700/2970 4712/2701/2970
f 4713/2700/2971 4710/2699/2971 4712/2701/2971
f 4711/2702/2972 4714/2694/2972 4713/2700/2972
f 4714/2694/2973 4715/2698/2973 4713/2700/2973
f 4715/2698/2974 4710/2699/2974 4713/2700/2974
f 4714/2694/2975 4717/2693/2975 4715/2698/2975
f 4717/2693/2975 4716/2697/2975 4715/2698/2975
f 4715/2698/2976 4716/2697/2976 4710/2699/2976
f 4717/2693/2977 4719/2689/2977 4718/2690/2977
f 4691/2695/2978 4717/2693/2979 4718/2690/2980
f 4690/2696/2981 4716/2697/2982 4717/2693/2979
f 4690/2696/2981 4717/2693/2979 4691/2695/2978
f 4717/2693/2983 4714/2694/2983 4719/2689/2983
f 4721/2687/2984 4718/2690/2984 4719/2689/2984
f 4720/2692/2985 4719/2689/2986 4714/2694/2987
f 4721/2687/2988 4719/2689/2986 4720/2692/2985
f 4723/2691/2989 4718/2690/2989 4721/2687/2989
f 4722/2681/2990 4721/2687/2990 4725/2686/2990
f 4722/2681/2991 4723/2691/2991 4721/2687/2991
f 4724/2688/2992 4721/2687/2992 4720/2692/2992
f 4721/2687/2993 4724/2688/2993 4725/2686/2993
f 4725/2686/2994 4726/2685/2994 4727/2684/2994
f 4726/2685/2994 4725/2686/2994 4724/2688/2994
f 4722/2681/2995 4725/2686/2995 4727/2684/2995
f 4728/2678/2996 4722/2681/2996 4727/2684/2996
f 4726/2685/2997 4728/2678/2998 4727/2684/2999
f 4730/2683/2850 4676/2682/2933 4728/2678/3000
f 4676/2682/2933 4673/2679/2929 4728/2678/3000
f 4728/2678/3001 4729/2673/3001 4722/2681/3001
f 4728/2678/3002 4731/2677/3002 4729/2673/3002
f 4730/2683/3003 4728/2678/2998 4726/2685/2997
f 4728/2678/3000 4673/2679/2929 4731/2677/3004
f 4731/2677/3004 4674/2680/2852 4732/2675/2852
f 4673/2679/2929 4674/2680/2852 4731/2677/3004
f 4731/2677/3005 4733/2674/3006 4729/2673/3007
f 4731/2677/3008 4732/2675/3009 4733/2674/3010
f 4733/2674/3010 4732/2675/3009 4734/2676/3011
f 4734/2676/2994 4735/2660/2994 4733/2674/2994
f 4737/2661/2993 4733/2674/2993 4735/2660/2993
f 4729/2673/3007 4733/2674/3006 4736/2672/3012
f 4733/2674/2992 4737/2661/2992 4736/2672/2992
f 4737/2661/2984 4738/2668/2984 4740/2670/2984
f 4741/2662/2989 4738/2668/2989 4737/2661/2989
f 4739/2659/2993 4737/2661/2993 4735/2660/2993
f 4739/2659/3013 4741/2662/3013 4737/2661/3013
f 4737/2661/2988 4740/2670/2986 4736/2672/2985
f 4661/2666/3014 4662/2667/3015 4741/2662/3016
f 4661/2666/3014 4741/2662/3016 4743/2665/3017
f 4743/2665/3018 4741/2662/3019 4742/2664/3018
f 4742/2664/3020 4741/2662/3020 4739/2659/3020
f 4741/2662/3016 4662/2667/3015 4738/2668/3015
f 4661/2666/3014 4743/2665/3017 4745/2710/3021
f 4743/2665/2983 4744/2653/2983 4747/2651/2983
f 4744/2653/2975 4743/2665/3018 4742/2664/3018
f 4745/2710/3021 4743/2665/3017 4746/2652/3022
f 4743/2665/2977 4747/2651/2977 4746/2652/2977
f 4748/2650/2985 4747/2651/2986 4744/2653/2987
f 4749/2648/2988 4747/2651/2986 4748/2650/2985
f 4749/2648/2984 4746/2652/2984 4747/2651/2984
f 4750/2641/2993 4749/2648/2993 4753/2647/2993
f 4750/2641/3013 4751/2640/3013 4749/2648/3013
f 4751/2640/2989 4746/2652/2989 4749/2648/2989
f 4752/2649/2992 4749/2648/2992 4748/2650/2992
f 4749/2648/2993 4752/2649/2993 4753/2647/2993
f 4750/2641/2994 4753/2647/2994 4755/2643/2994
f 4753/2647/2994 4754/2646/2994 4755/2643/2994
f 4754/2646/2994 4753/2647/2994 4752/2649/2994
f 4756/2639/3023 4750/2641/3024 4755/2643/3025
f 4754/2646/2997 4756/2639/3023 4755/2643/3025
f 4756/2639/3026 4758/2637/3026 4750/2641/3026
f 4757/2645/3027 4756/2639/3023 4754/2646/2997
f 4757/2645/3028 4638/2644/2850 4756/2639/2850
f 4638/2644/2850 4622/2628/2850 4756/2639/2850
f 4756/2639/3029 4619/2626/3029 4758/2637/3029
f 4756/2639/2850 4622/2628/2850 4619/2626/2850
f 4758/2637/3030 4759/2635/3030 4761/2638/3030
f 4759/2635/3031 4758/2637/3031 4760/2636/3031
f 4619/2626/3032 4760/2636/3032 4758/2637/3032
f 4758/2637/3033 4761/2638/3033 4751/2640/3033
f 4758/2637/3034 4751/2640/3034 4750/2641/3034
f 4759/2635/3035 4762/2642/3035 4761/2638/3035
f 4761/2638/3036 4762/2642/3036 4751/2640/3036
f 4759/2635/3037 4764/2634/3037 4762/2642/3037
f 4763/2615/3038 4751/2640/3038 4762/2642/3038
f 4764/2634/3039 4763/2615/3039 4762/2642/3039
f 4763/2615/3040 4764/2634/3040 4768/2616/3040
f 4765/2630/3041 4764/2634/3041 4759/2635/3041
f 4765/2630/3042 4766/2632/3042 4764/2634/3042
f 4764/2634/3043 4766/2632/3044 4767/2617/3045
f 4768/2616/3046 4764/2634/3046 4767/2617/3046
f 4769/2612/3047 4768/2616/3047 4767/2617/3047
f 4769/2612/3048 4763/2615/3048 4768/2616/3048
f 4769/2612/3049 4602/2613/3050 4763/2615/3051
f 4769/2612/3052 4767/2617/3052 4615/2618/3052
f 4611/2614/2846 4769/2612/2846 4615/2618/2846
f 4769/2612/3053 4611/2614/2843 4602/2613/2842
f 4615/2618/3054 4767/2617/3054 4770/2711/3054
f 4767/2617/3045 4766/2632/3044 4770/2711/3055
f 4770/2711/3056 4771/2633/3057 4772/2712/3058
f 4770/2711/3059 4766/2632/3059 4771/2633/3059
f 4615/2618/3060 4770/2711/3060 4772/2712/3060
f 4773/2631/3061 4614/2624/3062 4772/2712/3063
f 4772/2712/3058 4771/2633/3057 4773/2631/3064
f 4614/2624/3060 4615/2618/3060 4772/2712/3060
f 4620/2627/3065 4773/2631/3065 4765/2630/3065
f 4620/2627/3066 4614/2624/3062 4773/2631/3061
f 4773/2631/3067 4771/2633/3067 4765/2630/3067
f 4766/2632/3059 4765/2630/3059 4771/2633/3059
f 4765/2630/3068 4759/2635/3068 4760/2636/3068
f 4619/2626/3069 4765/2630/3069 4760/2636/3069
f 4619/2626/3070 4774/2629/3070 4765/2630/3070
f 4620/2627/3071 4765/2630/3071 4774/2629/3071
f 4619/2626/3072 4620/2627/3072 4774/2629/3072
f 4775/2713/3073 4751/2640/3074 4763/2615/3051
f 4763/2615/3051 4602/2613/3050 4775/2713/3073
f 4775/2713/3075 4603/2615/3076 4633/2640/3077
f 4602/2613/2830 4603/2615/2829 4775/2713/3078
f 4775/2713/3075 4633/2640/3077 4745/2710/3079
f 4775/2713/3073 4745/2710/3021 4751/2640/3074
f 4776/2658/3008 4757/2645/3009 4752/2649/3010
f 4776/2658/2850 4777/2714/2850 4757/2645/3028
f 4752/2649/3010 4757/2645/3009 4754/2646/3011
f 4777/2714/2850 4638/2644/2850 4757/2645/3028
f 4777/2714/2850 4639/2645/2883 4638/2644/2850
f 4778/2715/3080 4777/2714/2850 4776/2658/2850
f 4778/2715/3080 4651/2658/3081 4777/2714/2850
f 4777/2714/2850 4651/2658/3081 4639/2645/2883
f 4778/2715/3080 4650/2656/3082 4651/2658/3081
f 4779/2716/3083 4778/2715/3080 4780/2656/3084
f 4779/2716/3083 4650/2656/3082 4778/2715/3080
f 4780/2656/3084 4778/2715/3080 4776/2658/2850
f 4780/2656/3085 4776/2658/3085 4781/2654/3085
f 4780/2656/3086 4781/2654/3087 4782/2657/3088
f 4732/2675/2852 4779/2716/3083 4780/2656/3084
f 4780/2656/3023 4739/2659/3024 4783/2663/3025
f 4780/2656/3086 4782/2657/3088 4739/2659/3089
f 4732/2675/3027 4780/2656/3023 4734/2676/2997
f 4734/2676/2997 4780/2656/3023 4783/2663/3025
f 4735/2660/2994 4734/2676/2994 4783/2663/2994
f 4739/2659/2994 4735/2660/2994 4783/2663/2994
f 4781/2654/3090 4784/2655/3091 4782/2657/3092
f 4784/2655/3091 4739/2659/3093 4782/2657/3092
f 4742/2664/3094 4739/2659/3094 4784/2655/3094
f 4781/2654/2972 4744/2653/2972 4784/2655/2972
f 4744/2653/2973 4742/2664/2973 4784/2655/2973
f 4744/2653/3095 4781/2654/3095 4748/2650/3095
f 4781/2654/3007 4752/2649/3096 4748/2650/3012
f 4776/2658/3005 4752/2649/3096 4781/2654/3007
f 4779/2716/3083 4670/2675/2852 4650/2656/3082
f 4674/2680/2852 4779/2716/3083 4732/2675/2852
f 4674/2680/2852 4670/2675/2852 4779/2716/3083
f 4751/2640/3074 4745/2710/3021 4746/2652/3022
f 4745/2710/3079 4633/2640/3077 4646/2652/3097
f 4646/2652/3097 4660/2665/2917 4745/2710/3079
f 4745/2710/3079 4660/2665/2917 4661/2666/2916
f 4786/2669/2977 4740/2670/2977 4738/2668/2977
f 4786/2669/2983 4785/2671/2983 4740/2670/2983
f 4736/2672/2985 4740/2670/2986 4785/2671/2987
f 4662/2667/3015 4786/2669/3098 4738/2668/3015
f 4785/2671/2975 4786/2669/3099 4788/2717/3099
f 4787/2718/3100 4723/2691/3101 4786/2669/3098
f 4787/2718/3100 4786/2669/3098 4662/2667/3015
f 4786/2669/3099 4723/2691/3102 4788/2717/3099
f 4785/2671/2973 4788/2717/2973 4789/2719/2973
f 4788/2717/3103 4722/2681/3103 4789/2719/3103
f 4788/2717/3104 4723/2691/3104 4722/2681/3104
f 4729/2673/2972 4785/2671/2972 4789/2719/2972
f 4729/2673/3105 4789/2719/3105 4722/2681/3105
f 4787/2718/3106 4664/2669/2921 4686/2691/3107
f 4662/2667/2919 4664/2669/2921 4787/2718/3106
f 4787/2718/3106 4686/2691/3107 4691/2695/2920
f 4787/2718/3100 4691/2695/2978 4723/2691/3101
f 4785/2671/3095 4729/2673/3095 4736/2672/3095
f 4704/2709/2850 4676/2682/2933 4730/2683/2850
f 4705/2703/2853 4704/2709/2850 4730/2683/2850
f 4705/2703/3008 4730/2683/3009 4724/2688/3010
f 4724/2688/3010 4730/2683/3009 4726/2685/3011
f 4711/2702/3007 4724/2688/3096 4720/2692/3012
f 4705/2703/3005 4724/2688/3096 4711/2702/3007
f 4723/2691/3101 4691/2695/2978 4718/2690/2980
f 4714/2694/3095 4711/2702/3095 4720/2692/3095
f 4690/2696/2981 4790/2720/2982 4716/2697/2982
f 4716/2697/2982 4790/2720/2982 4791/2721/3098
f 4716/2697/3108 4791/2721/3108 4792/2722/3108
f 4710/2699/3109 4716/2697/3109 4792/2722/3109
f 4710/2699/2993 4792/2722/2993 4795/2723/2993
f 4792/2722/2988 4793/2724/2986 4796/2725/2985
f 4792/2722/2984 4791/2721/2984 4793/2724/2984
f 4792/2722/2993 4794/2726/2993 4795/2723/2993
f 4794/2726/2992 4792/2722/2992 4796/2725/2992
f 4796/2725/2985 4793/2724/2986 4797/2727/3110
f 4797/2727/3095 4798/2728/3095 4796/2725/3095
f 4798/2728/3007 4794/2726/3096 4796/2725/3012
f 4799/2729/3005 4794/2726/3096 4798/2728/3007
f 4802/2730/2969 4799/2729/2969 4798/2728/2969
f 4798/2728/3111 4800/2731/3111 4801/2732/3111
f 4798/2728/2972 4797/2727/2972 4800/2731/2972
f 4802/2730/3112 4798/2728/3112 4801/2732/3112
f 4802/2730/3113 4804/2733/3114 4803/2734/3115
f 4803/2734/3116 4805/2735/3117 4802/2730/3118
f 4802/2730/3119 4806/2736/3119 4804/2733/3119
f 4805/2735/3117 4807/2737/2852 4802/2730/3118
f 4802/2730/3120 4801/2732/3120 4806/2736/3120
f 4802/2730/3118 4807/2737/2852 4799/2729/2850
f 4807/2737/2852 4808/2738/2849 4799/2729/2850
f 4807/2737/2852 4809/2729/2850 4808/2738/2849
f 4807/2737/2852 4810/2730/3121 4809/2729/2850
f 4811/2735/3122 4810/2730/3121 4807/2737/2852
f 4811/2735/3122 4812/2734/3123 4810/2730/3121
f 4813/2739/2849 4812/2734/3123 4811/2735/3122
f 4814/2740/2852 4813/2739/2849 4816/2741/2852
f 4814/2740/2852 4815/2741/2852 4813/2739/2849
f 4813/2739/2849 4815/2741/2852 4812/2734/3123
f 4816/2741/2852 4813/2739/2849 4803/2734/3116
f 4813/2739/2849 4805/2735/3117 4803/2734/3116
f 4818/2742/3124 4814/2740/2852 4816/2741/2852
f 4816/2741/3005 4819/2743/3096 4817/2744/3007
f 4818/2742/2969 4816/2741/2969 4817/2744/2969
f 4816/2741/3008 4803/2734/3009 4819/2743/3010
f 4819/2743/3010 4803/2734/3009 4820/2745/3011
f 4820/2745/2994 4821/2746/2994 4819/2743/2994
f 4823/2747/2993 4819/2743/2993 4821/2746/2993
f 4817/2744/3007 4819/2743/3096 4822/2748/3012
f 4819/2743/2992 4823/2747/2992 4822/2748/2992
f 4806/2736/3125 4824/2749/3125 4823/2747/3125
f 4824/2749/3108 4825/2750/3108 4823/2747/3108
f 4823/2747/2984 4825/2750/2984 4826/2751/2984
f 4823/2747/2988 4826/2751/2986 4822/2748/2985
f 4806/2736/3126 4823/2747/3126 4821/2746/3126
f 4828/2752/2977 4826/2751/2977 4825/2750/2977
f 4828/2752/2983 4827/2753/2983 4826/2751/2983
f 4822/2748/2985 4826/2751/2986 4827/2753/2987
f 4829/2754/3127 4831/2755/3128 4828/2752/2979
f 4829/2754/3127 4828/2752/2979 4830/2756/2982
f 4830/2756/2982 4828/2752/2979 4825/2750/3129
f 4827/2753/2975 4828/2752/2975 4832/2757/2975
f 4828/2752/2975 4831/2755/2975 4832/2757/2975
f 4827/2753/2973 4832/2757/2973 4833/2758/2973
f 4832/2757/2976 4831/2755/2976 4834/2759/2976
f 4832/2757/2974 4834/2759/2974 4833/2758/2974
f 4834/2759/2993 4835/2760/2993 4836/2761/2993
f 4834/2759/3109 4831/2755/3109 4835/2760/3109
f 4834/2759/2994 4836/2761/2994 4837/2762/2994
f 4818/2742/2966 4834/2759/2966 4837/2762/2966
f 4818/2742/2967 4838/2763/2967 4834/2759/2967
f 4833/2758/2971 4834/2759/2971 4838/2763/2971
f 4817/2744/2970 4833/2758/2970 4838/2763/2970
f 4818/2742/2968 4817/2744/2968 4838/2763/2968
f 4836/2761/2994 4840/2764/2994 4837/2762/2994
f 4818/2742/3130 4837/2762/2963 4839/2765/2964
f 4839/2765/2964 4837/2762/2963 4840/2764/3131
f 4841/2766/3010 4839/2765/3009 4840/2764/3011
f 4840/2764/2994 4836/2761/2994 4841/2766/2994
f 4842/2767/3007 4841/2766/3096 4844/2768/3012
f 4843/2769/3005 4841/2766/3096 4842/2767/3007
f 4835/2760/2993 4841/2766/2993 4836/2761/2993
f 4841/2766/2992 4835/2760/2992 4844/2768/2992
f 4843/2769/3008 4839/2765/3009 4841/2766/3010
f 4844/2768/2985 4846/2770/2986 4845/2771/3110
f 4845/2771/3095 4842/2767/3095 4844/2768/3095
f 4835/2760/2988 4846/2770/2986 4844/2768/2985
f 4835/2760/2984 4848/2772/2984 4846/2770/2984
f 4847/2773/2983 4845/2771/2983 4846/2770/2983
f 4847/2773/2977 4846/2770/2977 4848/2772/2977
f 4831/2755/3108 4848/2772/3108 4835/2760/3108
f 4831/2755/3128 4849/2774/3098 4848/2772/3098
f 4849/2774/3098 4847/2773/2979 4848/2772/3098
f 4829/2754/3127 4849/2774/3098 4831/2755/3128
f 4829/2754/2942 4851/2755/3132 4849/2774/2921
f 4850/2775/3133 4847/2773/2979 4849/2774/3098
f 4849/2774/2921 4853/2773/2941 4850/2775/3134
f 4849/2774/2921 4851/2755/3132 4852/2772/2921
f 4852/2772/2921 4853/2773/2941 4849/2774/2921
f 4850/2775/3134 4853/2773/2941 4856/2776/3132
f 4853/2773/2944 4854/2777/2944 4856/2776/2944
f 4857/2771/2944 4854/2777/2944 4853/2773/2944
f 4853/2773/2923 4855/2770/2923 4857/2771/2923
f 4853/2773/2922 4852/2772/2922 4855/2770/2922
f 4858/2767/2900 4860/2778/2900 4857/2771/2900
f 4857/2771/2896 4859/2768/2896 4858/2767/2896
f 4855/2770/2890 4859/2768/2889 4857/2771/3135
f 4857/2771/2946 4860/2778/2946 4854/2777/2946
f 4854/2777/3136 4860/2778/3136 4862/2779/3136
f 4858/2767/3137 4861/2780/3137 4860/2778/3137
f 4860/2778/3138 4861/2780/3138 4862/2779/3138
f 4862/2779/3139 4864/2781/3139 4863/2782/3139
f 4862/2779/3140 4863/2782/3140 4856/2776/3140
f 4854/2777/3141 4862/2779/3141 4856/2776/3141
f 4862/2779/3142 4865/2783/3142 4864/2781/3142
f 4866/2784/3143 4865/2783/3143 4862/2779/3143
f 4866/2784/3144 4862/2779/3144 4861/2780/3144
f 4867/2785/3145 4865/2783/3146 4866/2784/3147
f 4868/2786/3148 4867/2785/3149 4866/2784/3150
f 4868/2786/3148 4866/2784/3150 4870/2787/2850
f 4870/2787/2850 4866/2784/3150 4869/2769/2850
f 4866/2784/2950 4858/2767/2950 4869/2769/2950
f 4866/2784/3151 4861/2780/3151 4858/2767/3151
f 4870/2787/2850 4871/2788/2849 4843/2769/2850
f 4870/2787/2850 4869/2769/2850 4871/2788/2849
f 4873/2784/2960 4870/2787/2850 4843/2769/2850
f 4872/2786/3152 4870/2787/2850 4873/2784/2960
f 4873/2784/3153 4875/2783/3154 4874/2785/3155
f 4874/2785/3156 4872/2786/3152 4873/2784/2960
f 4873/2784/3157 4876/2779/3157 4875/2783/3157
f 4873/2784/3158 4877/2780/3158 4876/2779/3158
f 4873/2784/3159 4842/2767/3159 4877/2780/3159
f 4873/2784/2969 4843/2769/2969 4842/2767/2969
f 4842/2767/3160 4878/2778/3160 4877/2780/3160
f 4878/2778/3161 4876/2779/3161 4877/2780/3161
f 4842/2767/2972 4845/2771/2972 4878/2778/2972
f 4845/2771/2973 4879/2777/2973 4878/2778/2973
f 4879/2777/3162 4876/2779/3162 4878/2778/3162
f 4847/2773/2975 4880/2776/2975 4879/2777/2975
f 4879/2777/3163 4880/2776/3163 4876/2779/3163
f 4845/2771/2975 4847/2773/2975 4879/2777/2975
f 4880/2776/3164 4881/2789/3164 4882/2782/3164
f 4880/2776/3128 4883/2790/3165 4881/2789/3098
f 4876/2779/3166 4880/2776/3166 4882/2782/3166
f 4850/2775/3133 4880/2776/3128 4847/2773/2979
f 4850/2775/3133 4883/2790/3165 4880/2776/3128
f 4850/2775/3134 4856/2776/3132 4883/2790/3167
f 4884/2791/3127 4887/2792/3168 4883/2790/3165
f 4883/2790/3167 4886/2792/2941 4884/2791/3134
f 4883/2790/3167 4856/2776/3132 4885/2789/2921
f 4885/2789/2921 4886/2792/2941 4883/2790/3167
f 4883/2790/3165 4887/2792/3168 4881/2789/3098
f 4884/2791/3127 4889/2793/2982 4887/2792/3168
f 4887/2792/2977 4891/2794/2977 4881/2789/2977
f 4887/2792/2983 4888/2795/2983 4891/2794/2983
f 4888/2795/2975 4887/2792/2975 4890/2796/2975
f 4887/2792/2975 4889/2793/2975 4890/2796/2975
f 4882/2782/2984 4881/2789/2984 4891/2794/2984
f 4892/2797/2985 4891/2794/2986 4888/2795/2987
f 4882/2782/2988 4891/2794/2986 4892/2797/2985
f 4888/2795/3095 4893/2798/3095 4892/2797/3095
f 4893/2798/3007 4894/2799/3096 4892/2797/3012
f 4894/2799/2992 4882/2782/2992 4892/2797/2992
f 4894/2799/3010 4874/2785/3009 4895/2800/3011
f 4897/2801/3008 4874/2785/3009 4894/2799/3010
f 4895/2800/2994 4896/2781/2994 4894/2799/2994
f 4882/2782/2993 4894/2799/2993 4896/2781/2993
f 4897/2801/3005 4894/2799/3096 4893/2798/3007
f 4900/2802/3124 4898/2803/2850 4897/2801/2850
f 4898/2803/2850 4899/2804/3169 4897/2801/2850
f 4900/2802/2969 4897/2801/2969 4893/2798/2969
f 4897/2801/2850 4899/2804/3169 4874/2785/3156
f 4903/2805/2961 4898/2803/2850 4900/2802/3124
f 4900/2802/2962 4902/2806/2963 4901/2807/2964
f 4901/2807/3170 4903/2805/2961 4900/2802/3124
f 4900/2802/2966 4904/2808/2966 4902/2806/2966
f 4900/2802/2967 4905/2809/2967 4904/2808/2967
f 4900/2802/2968 4893/2798/2968 4905/2809/2968
f 4893/2798/2970 4906/2810/2970 4905/2809/2970
f 4906/2810/2971 4904/2808/2971 4905/2809/2971
f 4893/2798/2972 4888/2795/2972 4906/2810/2972
f 4888/2795/2973 4890/2796/2973 4906/2810/2973
f 4890/2796/2974 4904/2808/2974 4906/2810/2974
f 4904/2808/2993 4907/2811/2993 4908/2812/2993
f 4904/2808/3109 4889/2793/3109 4907/2811/3109
f 4890/2796/2976 4889/2793/2976 4904/2808/2976
f 4904/2808/2994 4908/2812/2994 4902/2806/2994
f 4908/2812/2994 4909/2813/2994 4902/2806/2994
f 4907/2811/2993 4910/2814/2993 4908/2812/2993
f 4909/2813/2994 4908/2812/2994 4910/2814/2994
f 4911/2815/3007 4910/2814/3096 4913/2816/3012
f 4912/2817/3005 4910/2814/3096 4911/2815/3007
f 4910/2814/2992 4907/2811/2992 4913/2816/2992
f 4912/2817/3008 4901/2807/3009 4910/2814/3010
f 4910/2814/3010 4901/2807/3009 4909/2813/3011
f 4913/2816/2985 4915/2818/2986 4914/2819/3110
f 4914/2819/3095 4911/2815/3095 4913/2816/3095
f 4907/2811/2988 4915/2818/2986 4913/2816/2985
f 4907/2811/2984 4917/2820/2984 4915/2818/2984
f 4916/2821/2983 4914/2819/2983 4915/2818/2983
f 4916/2821/2977 4915/2818/2977 4917/2820/2977
f 4889/2793/3108 4917/2820/3108 4907/2811/3108
f 4889/2793/2982 4918/2822/3098 4917/2820/3098
f 4918/2822/3098 4916/2821/2979 4917/2820/3098
f 4884/2791/3127 4918/2822/3098 4889/2793/2982
f 4884/2791/3134 4920/2793/3132 4918/2822/2921
f 4919/2823/3133 4916/2821/2979 4918/2822/3098
f 4918/2822/2921 4922/2821/2941 4919/2823/2942
f 4918/2822/2921 4920/2793/3132 4921/2820/2921
f 4921/2820/2921 4922/2821/2941 4918/2822/2921
f 4919/2823/2942 4922/2821/2941 4925/2824/3132
f 4922/2821/2944 4923/2825/2944 4925/2824/2944
f 4926/2819/2944 4923/2825/2944 4922/2821/2944
f 4922/2821/2923 4924/2818/2923 4926/2819/2923
f 4922/2821/2922 4921/2820/2922 4924/2818/2922
f 4927/2815/2900 4929/2826/2900 4926/2819/2900
f 4926/2819/2896 4928/2816/2896 4927/2815/2896
f 4924/2818/2890 4928/2816/2889 4926/2819/3135
f 4926/2819/2946 4929/2826/2946 4923/2825/2946
f 4923/2825/3136 4929/2826/3136 4931/2827/3136
f 4927/2815/3171 4930/2828/3172 4929/2826/3173
f 4929/2826/3173 4930/2828/3172 4931/2827/3174
f 4931/2827/3175 4933/2829/3175 4932/2830/3175
f 4931/2827/3176 4932/2830/3176 4925/2824/3176
f 4923/2825/3141 4931/2827/3141 4925/2824/3141
f 4931/2827/3177 4934/2831/3177 4933/2829/3177
f 4935/2832/3178 4934/2831/3178 4931/2827/3178
f 4935/2832/3179 4931/2827/3180 4930/2828/3181
f 4936/2833/3182 4934/2831/3183 4935/2832/3184
f 4937/2834/3185 4936/2833/3186 4935/2832/3187
f 4937/2834/3185 4935/2832/3187 4939/2835/2850
f 4939/2835/2850 4935/2832/3187 4938/2817/2850
f 4935/2832/2950 4927/2815/2950 4938/2817/2950
f 4935/2832/3179 4930/2828/3181 4927/2815/3188
f 4939/2835/2850 4940/2836/3169 4912/2817/2850
f 4939/2835/2850 4938/2817/2850 4940/2836/3169
f 4941/2832/3118 4939/2835/2850 4912/2817/2850
f 4937/2834/3185 4939/2835/2850 4941/2832/3118
f 4941/2832/3113 4943/2831/3114 4942/2833/3115
f 4942/2833/3189 4937/2834/3185 4941/2832/3118
f 4941/2832/3119 4944/2827/3119 4943/2831/3119
f 4941/2832/3190 4945/2828/3191 4944/2827/3192
f 4941/2832/3190 4911/2815/3193 4945/2828/3191
f 4941/2832/2969 4912/2817/2969 4911/2815/2969
f 4911/2815/3194 4946/2826/3195 4945/2828/3196
f 4946/2826/3195 4944/2827/3197 4945/2828/3196
f 4911/2815/2972 4914/2819/2972 4946/2826/2972
f 4914/2819/2973 4947/2825/2973 4946/2826/2973
f 4947/2825/3162 4944/2827/3162 4946/2826/3162
f 4916/2821/2975 4948/2824/2975 4947/2825/2975
f 4947/2825/3163 4948/2824/3163 4944/2827/3163
f 4914/2819/2975 4916/2821/2975 4947/2825/2975
f 4919/2823/3133 4948/2824/3128 4916/2821/2979
f 4919/2823/3133 4951/2837/3098 4948/2824/3128
f 4948/2824/3108 4949/2838/3108 4950/2830/3108
f 4948/2824/3128 4951/2837/3098 4949/2838/3098
f 4944/2827/3125 4948/2824/3125 4950/2830/3125
f 4919/2823/2942 4925/2824/3132 4951/2837/2921
f 4952/2839/3133 4955/2840/2979 4951/2837/3098
f 4951/2837/2921 4954/2840/2941 4952/2839/3198
f 4951/2837/2921 4925/2824/3132 4953/2838/2921
f 4953/2838/2921 4954/2840/2941 4951/2837/2921
f 4951/2837/3098 4955/2840/2979 4949/2838/3098
f 4952/2839/3133 4957/2841/3128 4955/2840/2979
f 4955/2840/2977 4959/2842/2977 4949/2838/2977
f 4955/2840/2983 4956/2843/2983 4959/2842/2983
f 4956/2843/2975 4955/2840/2975 4958/2844/2975
f 4955/2840/2975 4957/2841/2975 4958/2844/2975
f 4950/2830/2984 4949/2838/2984 4959/2842/2984
f 4960/2845/2985 4959/2842/2986 4956/2843/3110
f 4950/2830/2988 4959/2842/2986 4960/2845/2985
f 4956/2843/3095 4961/2846/3095 4960/2845/3095
f 4961/2846/3007 4962/2847/3096 4960/2845/3012
f 4962/2847/2992 4950/2830/2992 4960/2845/2992
f 4963/2848/3005 4962/2847/3096 4961/2846/3007
f 4963/2848/3008 4942/2833/3009 4962/2847/3010
f 4962/2847/3010 4942/2833/3009 4964/2849/3011
f 4964/2849/2994 4965/2829/2994 4962/2847/2994
f 4950/2830/2993 4962/2847/2993 4965/2829/2993
f 4944/2827/3199 4965/2829/3199 4943/2831/3199
f 4944/2827/3126 4950/2830/3126 4965/2829/3126
f 4965/2829/3200 4964/2849/3200 4943/2831/3200
f 4942/2833/3115 4943/2831/3114 4964/2849/3201
f 4963/2848/2850 4967/2850/3202 4942/2833/3189
f 4968/2851/3203 4966/2852/2850 4963/2848/2850
f 4966/2852/2850 4967/2850/3202 4963/2848/2850
f 4968/2851/2969 4963/2848/2969 4961/2846/2969
f 4971/2853/2961 4966/2852/2850 4968/2851/3203
f 4968/2851/2962 4970/2854/2963 4969/2855/2964
f 4969/2855/3204 4971/2853/2961 4968/2851/3203
f 4968/2851/2966 4972/2856/2966 4970/2854/2966
f 4968/2851/2967 4973/2857/2967 4972/2856/2967
f 4968/2851/2968 4961/2846/2968 4973/2857/2968
f 4974/2858/2971 4972/2856/2971 4973/2857/2971
f 4961/2846/2970 4974/2858/2970 4973/2857/2970
f 4961/2846/2972 4956/2843/2972 4974/2858/2972
f 4956/2843/2973 4958/2844/2973 4974/2858/2973
f 4958/2844/2974 4972/2856/2974 4974/2858/2974
f 4972/2856/2993 4975/2859/2993 4976/2860/2993
f 4972/2856/3109 4957/2841/3109 4975/2859/3109
f 4958/2844/2976 4957/2841/2976 4972/2856/2976
f 4972/2856/2994 4976/2860/2994 4970/2854/2994
f 4975/2859/2993 4977/2861/2993 4976/2860/2993
f 4978/2862/2994 4976/2860/2994 4977/2861/2994
f 4976/2860/2994 4978/2862/2994 4970/2854/2994
f 4977/2861/3010 4969/2855/3009 4978/2862/3011
f 4969/2855/2964 4970/2854/2963 4978/2862/3205
f 4980/2863/3007 4977/2861/3096 4979/2864/3012
f 4977/2861/2992 4975/2859/2992 4979/2864/2992
f 4981/2865/3005 4977/2861/3096 4980/2863/3007
f 4981/2865/3008 4969/2855/3009 4977/2861/3010
f 4983/2866/2969 4981/2865/2969 4980/2863/2969
f 4983/2866/3118 4982/2867/2852 4981/2865/2852
f 4982/2867/2852 4984/2868/3169 4981/2865/2852
f 4981/2865/2852 4984/2868/3169 4969/2855/3204
f 4982/2867/2852 4985/2865/2852 4984/2868/3169
f 4984/2868/3169 4985/2865/2852 4986/2855/3206
f 4984/2868/3169 4986/2855/3206 4987/2853/3207
f 4984/2868/3169 4971/2853/2961 4969/2855/3204
f 4987/2853/3207 4986/2855/3206 4988/2851/3208
f 4987/2853/3207 4988/2851/3208 4966/2852/2850
f 4986/2855/2952 4989/2854/2953 4988/2851/2954
f 4988/2851/2958 4989/2854/2958 4990/2856/2958
f 4988/2851/2959 4990/2856/2959 4993/2857/2959
f 4966/2852/2850 4988/2851/3208 4991/2848/2850
f 4988/2851/2950 4992/2846/2950 4991/2848/2950
f 4988/2851/2951 4993/2857/2951 4992/2846/2951
f 4994/2858/2948 4993/2857/2948 4990/2856/2948
f 4992/2846/2949 4993/2857/2949 4994/2858/2949
f 4996/2843/2946 4994/2858/2946 4995/2844/2946
f 4995/2844/2947 4994/2858/2947 4990/2856/2947
f 4992/2846/2900 4994/2858/2900 4996/2843/2900
f 4996/2843/2896 4997/2845/2896 4992/2846/2896
f 4998/2842/2890 4997/2845/2889 4996/2843/3135
f 4954/2840/2923 4998/2842/2923 4996/2843/2923
f 4996/2843/2944 4995/2844/2944 4954/2840/2944
f 4932/2830/2888 4997/2845/2889 4998/2842/2890
f 4932/2830/2891 4998/2842/2891 4953/2838/2891
f 4954/2840/2922 4953/2838/2922 4998/2842/2922
f 4999/2847/2897 4992/2846/2898 4997/2845/2899
f 4999/2847/2892 4997/2845/2892 4932/2830/2892
f 4932/2830/2887 4933/2829/2887 4999/2847/2887
f 5000/2849/2886 4999/2847/2886 4933/2829/2886
f 4991/2848/2905 4992/2846/2898 4999/2847/2897
f 4991/2848/2927 4999/2847/2925 4936/2833/2924
f 4936/2833/2924 4999/2847/2925 5000/2849/2926
f 5000/2849/3209 4934/2831/3183 4936/2833/3182
f 4933/2829/3210 4934/2831/3210 5000/2849/3210
f 4954/2840/2944 4995/2844/2944 5001/2841/2944
f 4995/2844/2945 4990/2856/2945 5001/2841/2945
f 4952/2839/3198 4954/2840/2941 5001/2841/3132
f 4952/2839/3198 5001/2841/3132 5002/2869/2921
f 5002/2869/2921 5001/2841/3132 5003/2870/2921
f 5001/2841/3211 5004/2859/3211 5003/2870/3211
f 4990/2856/3212 5004/2859/3212 5001/2841/3212
f 4990/2856/2887 5007/2860/2887 5004/2859/2887
f 5004/2859/2888 5008/2864/2889 5005/2871/2890
f 5004/2859/2891 5005/2871/2891 5003/2870/2891
f 5004/2859/2887 5007/2860/2887 5006/2861/2887
f 5006/2861/2892 5008/2864/2892 5004/2859/2892
f 5005/2871/2890 5008/2864/2889 5009/2872/2895
f 5009/2872/2896 5008/2864/2896 5010/2863/2896
f 5006/2861/2897 5010/2863/2898 5008/2864/2899
f 5010/2863/2900 5012/2873/2900 5009/2872/2900
f 5011/2866/3213 5013/2874/3214 5010/2863/3215
f 5011/2866/2950 5010/2863/2950 4985/2865/2950
f 4985/2865/2905 5010/2863/2898 5006/2861/2897
f 5010/2863/3216 5013/2874/3217 5012/2873/3218
f 5012/2873/3218 5013/2874/3217 5014/2875/3219
f 5011/2866/3213 5014/2875/3220 5013/2874/3214
f 5014/2875/3221 5017/2876/3221 5015/2877/3221
f 5014/2875/3222 5015/2877/3222 5016/2878/3222
f 5019/2879/3141 5014/2875/3141 5016/2878/3141
f 5014/2875/3223 5018/2880/3223 5017/2876/3223
f 5011/2866/3224 5018/2880/3224 5014/2875/3224
f 5019/2879/3136 5012/2873/3136 5014/2875/3136
f 5020/2881/2944 5019/2879/2944 5016/2878/2944
f 5009/2872/2944 5019/2879/2944 5020/2881/2944
f 5009/2872/2946 5012/2873/2946 5019/2879/2946
f 5021/2882/3134 5020/2881/2941 5016/2878/3132
f 5002/2869/2921 5020/2881/2941 5021/2882/3134
f 5020/2881/2923 5005/2871/2923 5009/2872/2923
f 5020/2881/2922 5003/2870/2922 5005/2871/2922
f 5003/2870/2921 5020/2881/2941 5002/2869/2921
f 5021/2882/3127 5022/2883/3165 5023/2878/3128
f 5021/2882/3134 5016/2878/3132 5022/2883/3167
f 5021/2882/3127 5024/2881/2979 5002/2869/3098
f 5021/2882/3127 5023/2878/3128 5024/2881/2979
f 5024/2881/2975 5023/2878/2975 5025/2879/2975
f 5028/2872/2975 5024/2881/2975 5025/2879/2975
f 5024/2881/2983 5028/2872/2983 5026/2871/2983
f 5024/2881/2977 5026/2871/2977 5027/2870/2977
f 5002/2869/3098 5024/2881/2979 5027/2870/3129
f 4979/2864/2985 5026/2871/2986 5028/2872/2987
f 5028/2872/3095 4980/2863/3095 4979/2864/3095
f 4980/2863/2972 5028/2872/2972 5029/2873/2972
f 5028/2872/2973 5025/2879/2973 5029/2873/2973
f 4980/2863/3225 5029/2873/3226 5031/2874/3227
f 5025/2879/3103 5030/2875/3103 5029/2873/3103
f 5029/2873/3226 5030/2875/3228 5031/2874/3227
f 4983/2866/3229 4980/2863/3230 5031/2874/3231
f 4983/2866/3229 5031/2874/3231 5030/2875/3232
f 5025/2879/3163 5023/2878/3163 5030/2875/3163
f 5030/2875/3233 5023/2878/3233 5034/2877/3233
f 5030/2875/3234 5032/2876/3234 5033/2880/3234
f 5030/2875/3235 5034/2877/3235 5032/2876/3235
f 4983/2866/3236 5030/2875/3236 5033/2880/3236
f 5023/2878/3164 5035/2884/3164 5034/2877/3164
f 5034/2877/2984 5035/2884/2984 5037/2885/2984
f 5034/2877/2988 5037/2885/2986 5036/2886/2985
f 5038/2887/2992 5034/2877/2992 5036/2886/2992
f 5034/2877/2993 5038/2887/2993 5032/2876/2993
f 5039/2888/3005 5038/2887/3096 5042/2889/3007
f 5039/2888/3008 5040/2890/3009 5038/2887/3010
f 5038/2887/3010 5040/2890/3009 5041/2891/3011
f 5041/2891/2994 5032/2876/2994 5038/2887/2994
f 5042/2889/3007 5038/2887/3096 5036/2886/3012
f 5042/2889/2972 5043/2892/2972 5045/2893/2972
f 5043/2892/3095 5042/2889/3095 5036/2886/3095
f 5046/2894/2969 5039/2888/2969 5042/2889/2969
f 5042/2889/2970 5045/2893/2970 5044/2895/2970
f 5046/2894/2968 5042/2889/2968 5044/2895/2968
f 5046/2894/3237 5047/2896/2850 5039/2888/2850
f 5050/2897/3238 5047/2896/2850 5046/2894/3237
f 5046/2894/2962 5049/2898/2963 5048/2899/2964
f 5048/2899/2965 5050/2897/3238 5046/2894/3237
f 5046/2894/2966 5051/2900/2966 5049/2898/2966
f 5046/2894/2967 5044/2895/2967 5051/2900/2967
f 5051/2900/2993 5052/2901/2993 5054/2902/2993
f 5051/2900/3109 5053/2903/3109 5052/2901/3109
f 5055/2904/2976 5053/2903/2976 5051/2900/2976
f 5051/2900/2994 5054/2902/2994 5049/2898/2994
f 5055/2904/2974 5051/2900/2974 5045/2893/2974
f 5045/2893/2971 5051/2900/2971 5044/2895/2971
f 5056/2905/2975 5053/2903/2975 5055/2904/2975
f 5043/2892/2975 5056/2905/2975 5055/2904/2975
f 5043/2892/2973 5055/2904/2973 5045/2893/2973
f 5056/2905/2983 5043/2892/2983 5037/2885/2983
f 5056/2905/2977 5037/2885/2977 5035/2884/2977
f 5057/2906/2981 5053/2903/2982 5056/2905/2979
f 5057/2906/2981 5056/2905/2979 5022/2883/3165
f 5022/2883/3165 5056/2905/2979 5035/2884/3129
f 5057/2906/2981 5058/2907/3098 5053/2903/2982
f 5057/2906/2942 5059/2903/3239 5058/2907/3239
f 5057/2906/2942 5060/2905/2941 5059/2903/3239
f 5022/2883/3167 5060/2905/2941 5057/2906/2942
f 5060/2905/2944 5061/2904/2944 5059/2903/2944
f 5064/2892/2944 5061/2904/2944 5060/2905/2944
f 5060/2905/2923 5062/2885/2923 5064/2892/2923
f 5060/2905/2922 5063/2884/2922 5062/2885/2922
f 5063/2884/3240 5060/2905/2941 5022/2883/3167
f 5065/2889/2900 5067/2893/2900 5064/2892/2900
f 5064/2892/2896 5066/2886/2896 5065/2889/2896
f 5062/2885/2890 5066/2886/2889 5064/2892/3135
f 5064/2892/2946 5067/2893/2946 5061/2904/2946
f 5061/2904/2947 5067/2893/2947 5069/2900/2947
f 5067/2893/2948 5068/2895/2948 5069/2900/2948
f 5065/2889/2949 5068/2895/2949 5067/2893/2949
f 5069/2900/2887 5071/2902/2887 5070/2901/2887
f 5069/2900/3212 5070/2901/3212 5059/2903/3212
f 5061/2904/2945 5069/2900/2945 5059/2903/2945
f 5069/2900/2886 5072/2898/2886 5071/2902/2886
f 5073/2894/2958 5072/2898/2958 5069/2900/2958
f 5073/2894/2959 5069/2900/2959 5068/2895/2959
f 5074/2899/2952 5072/2898/2953 5073/2894/2954
f 5075/2897/3241 5074/2899/2956 5073/2894/3242
f 5075/2897/3241 5073/2894/3242 5047/2896/2850
f 5047/2896/2850 5073/2894/3242 5076/2888/2850
f 5073/2894/2950 5065/2889/2950 5076/2888/2950
f 5073/2894/2951 5068/2895/2951 5065/2889/2951
f 5047/2896/2850 5076/2888/2850 5077/2908/3243
f 5077/2908/3243 5076/2888/2850 5078/2890/3244
f 5076/2888/2927 5079/2887/2925 5078/2890/2924
f 5076/2888/2905 5065/2889/2898 5079/2887/2897
f 5015/2877/2887 5017/2876/2887 5079/2887/2887
f 5080/2891/2886 5079/2887/2886 5017/2876/2886
f 5079/2887/2892 5066/2886/2892 5015/2877/2892
f 5078/2890/2924 5079/2887/2925 5080/2891/2926
f 5079/2887/2897 5065/2889/2898 5066/2886/2899
f 5078/2890/3245 5080/2891/3246 5011/2866/3247
f 5017/2876/2886 5018/2880/2886 5080/2891/2886
f 5080/2891/3246 5018/2880/3248 5011/2866/3247
f 5077/2908/3243 5078/2890/3244 5081/2909/3249
f 5081/2909/3249 5078/2890/3244 5011/2866/3250
f 5077/2908/3243 5081/2909/3249 5040/2890/3251
f 5081/2909/3249 5011/2866/3250 4982/2867/2852
f 5081/2909/3249 4982/2867/2852 4983/2866/3118
f 5040/2890/3251 5081/2909/3249 4983/2866/3118
f 5047/2896/2850 5077/2908/3243 5039/2888/2850
f 5039/2888/2850 5077/2908/3243 5040/2890/3251
f 5082/2910/2849 5074/2899/2956 5075/2897/3241
f 5083/2911/2852 5082/2910/2849 5085/2912/2852
f 5083/2911/2852 5084/2912/2852 5082/2910/2849
f 5082/2910/2849 5084/2912/2852 5074/2899/2956
f 5085/2912/2852 5082/2910/2849 5048/2899/2965
f 5082/2910/2849 5050/2897/3238 5048/2899/2965
f 5087/2913/3118 5083/2911/2852 5085/2912/2852
f 5085/2912/3005 5088/2914/3096 5086/2915/3007
f 5087/2913/2969 5085/2912/2969 5086/2915/2969
f 5085/2912/3008 5048/2899/3009 5088/2914/3010
f 5088/2914/3010 5048/2899/3009 5089/2916/3011
f 5089/2916/2994 5054/2902/2994 5088/2914/2994
f 5052/2901/2993 5088/2914/2993 5054/2902/2993
f 5086/2915/3007 5088/2914/3096 5090/2917/3012
f 5088/2914/2992 5052/2901/2992 5090/2917/2992
f 5090/2917/2985 5092/2918/2986 5091/2919/3110
f 5091/2919/3095 5086/2915/3095 5090/2917/3095
f 5052/2901/2988 5092/2918/2986 5090/2917/2985
f 5093/2920/2983 5091/2919/2983 5092/2918/2983
f 5052/2901/2984 5094/2921/2984 5092/2918/2984
f 5093/2920/2977 5092/2918/2977 5094/2921/2977
f 5058/2907/3098 5093/2920/3252 5094/2921/3129
f 5053/2903/2982 5058/2907/3098 5094/2921/3129
f 5053/2903/3108 5094/2921/3108 5052/2901/3108
f 5091/2919/2975 5093/2920/2975 5097/2922/2975
f 5095/2923/2981 5096/2924/3128 5093/2920/3252
f 5095/2923/2981 5093/2920/3252 5058/2907/3098
f 5093/2920/2975 5096/2924/2975 5097/2922/2975
f 5091/2919/2973 5097/2922/2973 5098/2925/2973
f 5097/2922/3162 5099/2926/3162 5098/2925/3162
f 5097/2922/3163 5096/2924/3163 5099/2926/3163
f 5099/2926/3126 5100/2927/3126 5101/2928/3126
f 5099/2926/3125 5096/2924/3125 5100/2927/3125
f 5099/2926/3199 5101/2928/3199 5102/2929/3199
f 5087/2913/3119 5099/2926/3119 5102/2929/3119
f 5087/2913/3120 5103/2930/3120 5099/2926/3120
f 5098/2925/3253 5099/2926/3253 5103/2930/3253
f 5087/2913/3112 5086/2915/3112 5103/2930/3112
f 5086/2915/3111 5098/2925/3111 5103/2930/3111
f 5087/2913/3113 5102/2929/3114 5104/2931/3115
f 5104/2931/3115 5102/2929/3114 5105/2932/3201
f 5101/2928/3200 5105/2932/3200 5102/2929/3200
f 5106/2933/3010 5104/2931/3009 5105/2932/3011
f 5105/2932/2994 5101/2928/2994 5106/2933/2994
f 5100/2927/2993 5106/2933/2993 5101/2928/2993
f 5106/2933/2992 5100/2927/2992 5108/2934/2992
f 5107/2935/3005 5106/2933/3096 5109/2936/3007
f 5107/2935/3008 5104/2931/3009 5106/2933/3010
f 5109/2936/3007 5106/2933/3096 5108/2934/3012
f 5110/2937/2968 5109/2936/2968 5112/2938/2968
f 5110/2937/2969 5107/2935/2969 5109/2936/2969
f 5109/2936/2972 5111/2939/2972 5113/2940/2972
f 5111/2939/3095 5109/2936/3095 5108/2934/3095
f 5109/2936/2970 5113/2940/2970 5112/2938/2970
f 5111/2939/2973 5114/2941/2973 5113/2940/2973
f 5114/2941/2974 5115/2942/2974 5113/2940/2974
f 5113/2940/2971 5115/2942/2971 5112/2938/2971
f 5114/2941/2976 5116/2943/2976 5115/2942/2976
f 5115/2942/3109 5116/2943/3109 5119/2944/3109
f 5115/2942/2994 5117/2945/2994 5118/2946/2994
f 5115/2942/2993 5119/2944/2993 5117/2945/2993
f 5110/2937/2966 5115/2942/2966 5118/2946/2966
f 5110/2937/2967 5112/2938/2967 5115/2942/2967
f 5116/2943/3108 5120/2947/3108 5119/2944/3108
f 5119/2944/2984 5120/2947/2984 5122/2948/2984
f 5119/2944/2988 5122/2948/2986 5121/2949/2985
f 5123/2950/2992 5119/2944/2992 5121/2949/2992
f 5119/2944/2993 5123/2950/2993 5117/2945/2993
f 5123/2950/3010 5124/2951/3009 5125/2952/3011
f 5127/2953/3008 5124/2951/3009 5123/2950/3010
f 5125/2952/2994 5117/2945/2994 5123/2950/2994
f 5126/2954/3007 5123/2950/3096 5121/2949/3012
f 5127/2953/3005 5123/2950/3096 5126/2954/3007
f 5130/2955/3254 5128/2956/2852 5127/2953/2853
f 5128/2956/2852 5129/2957/3255 5127/2953/2853
f 5130/2955/2969 5127/2953/2969 5126/2954/2969
f 5127/2953/2853 5129/2957/3255 5124/2951/3170
f 5135/2958/3256 5128/2956/2852 5130/2955/3254
f 5130/2955/3153 5132/2959/3154 5131/2960/3155
f 5131/2960/3156 5135/2958/3256 5130/2955/3254
f 5130/2955/3157 5133/2961/3157 5132/2959/3157
f 5130/2955/3158 5134/2962/3158 5133/2961/3158
f 5130/2955/3159 5126/2954/3159 5134/2962/3159
f 5135/2958/3256 5136/2960/3257 5138/2955/3258
f 5137/2963/3259 5136/2960/3257 5135/2958/3256
f 5137/2963/3259 5135/2958/3256 5131/2960/3156
f 5135/2958/3256 5138/2955/3258 5128/2956/2852
f 5136/2960/3145 5139/2959/3146 5138/2955/3147
f 5138/2955/3143 5139/2959/3143 5140/2961/3143
f 5138/2955/3144 5140/2961/3144 5143/2962/3144
f 5128/2956/2852 5138/2955/3258 5141/2953/2854
f 5138/2955/2950 5142/2954/2950 5141/2953/2950
f 5138/2955/3151 5143/2962/3151 5142/2954/3151
f 5142/2954/3137 5143/2962/3137 5144/2964/3137
f 5144/2964/3260 5143/2962/3260 5140/2961/3260
f 5146/2965/2946 5144/2964/2946 5145/2966/2946
f 5145/2966/3136 5144/2964/3136 5140/2961/3136
f 5142/2954/2900 5144/2964/2900 5146/2965/2900
f 5146/2965/2896 5147/2949/2896 5142/2954/2896
f 5149/2948/2890 5147/2949/2889 5146/2965/2895
f 5148/2967/2923 5149/2948/2923 5146/2965/2923
f 5146/2965/2944 5145/2966/2944 5148/2967/2944
f 5150/2944/2888 5147/2949/2889 5149/2948/2890
f 5150/2944/2891 5149/2948/2891 5151/2947/2891
f 5148/2967/2922 5151/2947/2922 5149/2948/2922
f 5152/2943/3211 5150/2944/3211 5151/2947/3211
f 5153/2968/2921 5152/2943/3239 5151/2947/3240
f 5151/2947/3240 5148/2967/2941 5153/2968/2921
f 5154/2969/2981 5153/2968/3098 5116/2943/3128
f 5154/2969/2942 5152/2943/3239 5153/2968/2921
f 5155/2970/3127 5156/2967/2979 5153/2968/3098
f 5153/2968/2921 5148/2967/2941 5155/2970/2942
f 5116/2943/3128 5153/2968/3098 5120/2947/3129
f 5153/2968/3098 5156/2967/2979 5120/2947/3129
f 5155/2970/3127 5158/2971/3128 5156/2967/2979
f 5156/2967/2977 5122/2948/2977 5120/2947/2977
f 5156/2967/2983 5157/2965/2983 5122/2948/2983
f 5157/2965/2975 5156/2967/2975 5159/2966/2975
f 5156/2967/2975 5158/2971/2975 5159/2966/2975
f 5157/2965/2973 5159/2966/2973 5160/2964/2973
f 5159/2966/3162 5133/2961/3162 5160/2964/3162
f 5159/2966/3163 5158/2971/3163 5133/2961/3163
f 5126/2954/2972 5157/2965/2972 5160/2964/2972
f 5126/2954/3160 5160/2964/3160 5134/2962/3160
f 5160/2964/3261 5133/2961/3261 5134/2962/3261
f 5155/2970/3127 5161/2972/3165 5158/2971/3128
f 5158/2971/3128 5161/2972/3165 5162/2973/3098
f 5158/2971/3164 5162/2973/3164 5163/2974/3164
f 5133/2961/3166 5158/2971/3166 5163/2974/3166
f 5163/2974/2988 5165/2975/2986 5164/2976/2985
f 5166/2977/2992 5163/2974/2992 5164/2976/2992
f 5133/2961/3262 5163/2974/3262 5167/2978/3262
f 5163/2974/2984 5162/2973/2984 5165/2975/2984
f 5163/2974/2993 5166/2977/2993 5167/2978/2993
f 5168/2979/2994 5167/2978/2994 5166/2977/2994
f 5167/2978/3263 5168/2979/3263 5132/2959/3263
f 5133/2961/3264 5167/2978/3264 5132/2959/3264
f 5166/2977/3010 5131/2960/3009 5168/2979/3011
f 5131/2960/3155 5132/2959/3154 5168/2979/3265
f 5169/2980/3007 5166/2977/3096 5164/2976/3012
f 5170/2981/3005 5166/2977/3096 5169/2980/3007
f 5170/2981/3008 5131/2960/3009 5166/2977/3010
f 5172/2982/2969 5170/2981/2969 5169/2980/2969
f 5172/2982/3203 5171/2983/2852 5170/2981/2852
f 5171/2983/2852 5137/2963/3259 5170/2981/2852
f 5170/2981/2852 5137/2963/3259 5131/2960/3156
f 5172/2982/2962 5174/2984/2963 5173/2985/2964
f 5173/2985/3204 5177/2986/3266 5172/2982/3203
f 5172/2982/2966 5175/2987/2966 5174/2984/2966
f 5177/2986/3266 5171/2983/2852 5172/2982/3203
f 5172/2982/2967 5176/2988/2967 5175/2987/2967
f 5172/2982/2968 5169/2980/2968 5176/2988/2968
f 5177/2986/3266 5178/2985/3206 5180/2982/3208
f 5179/2989/3255 5178/2985/3206 5177/2986/3266
f 5179/2989/3255 5177/2986/3266 5173/2985/3204
f 5177/2986/3266 5180/2982/3208 5171/2983/2852
f 5178/2985/2952 5181/2984/2953 5180/2982/3267
f 5180/2982/2958 5181/2984/2958 5182/2987/2958
f 5180/2982/2959 5182/2987/2959 5185/2988/2959
f 5171/2983/2852 5180/2982/3208 5183/2981/2852
f 5180/2982/2950 5184/2980/2950 5183/2981/2950
f 5180/2982/2951 5185/2988/2951 5184/2980/2951
f 5186/2990/2948 5185/2988/2948 5182/2987/2948
f 5184/2980/2949 5185/2988/2949 5186/2990/2949
f 5188/2991/2946 5186/2990/2946 5187/2992/2946
f 5187/2992/2947 5186/2990/2947 5182/2987/2947
f 5184/2980/2900 5186/2990/2900 5188/2991/2900
f 5188/2991/2896 5189/2976/2896 5184/2980/2896
f 5191/2975/2890 5189/2976/2889 5188/2991/3135
f 5190/2993/2923 5191/2975/2923 5188/2991/2923
f 5188/2991/2944 5187/2992/2944 5190/2993/2944
f 5192/2974/2888 5189/2976/2889 5191/2975/2890
f 5192/2974/2891 5191/2975/2891 5193/2973/2891
f 5190/2993/2922 5193/2973/2922 5191/2975/2922
f 5194/2971/3268 5192/2974/3268 5193/2973/3268
f 5161/2972/2943 5194/2971/3132 5193/2973/3240
f 5193/2973/3240 5190/2993/2941 5161/2972/2943
f 5155/2970/2942 5148/2967/2941 5194/2971/3132
f 5155/2970/2942 5194/2971/3132 5161/2972/2943
f 5140/2961/3140 5192/2974/3140 5194/2971/3140
f 5145/2966/3141 5140/2961/3141 5194/2971/3141
f 5148/2967/2944 5145/2966/2944 5194/2971/2944
f 5140/2961/3139 5196/2978/3139 5192/2974/3139
f 5192/2974/2887 5196/2978/2887 5195/2977/2887
f 5195/2977/2892 5189/2976/2892 5192/2974/2892
f 5197/2979/2886 5195/2977/2886 5196/2978/2886
f 5196/2978/3269 5139/2959/3269 5197/2979/3269
f 5140/2961/3142 5139/2959/3142 5196/2978/3142
f 5136/2960/2924 5195/2977/2925 5197/2979/2926
f 5197/2979/3270 5139/2959/3146 5136/2960/3145
f 5183/2981/2905 5184/2980/2898 5195/2977/2897
f 5183/2981/2927 5195/2977/2925 5136/2960/2924
f 5195/2977/2897 5184/2980/2898 5189/2976/2899
f 5198/2994/3134 5190/2993/2941 5199/2995/3132
f 5161/2972/2943 5190/2993/2941 5198/2994/3134
f 5190/2993/2944 5187/2992/2944 5199/2995/2944
f 5198/2994/3134 5199/2995/3132 5200/2996/2921
f 5200/2996/2921 5199/2995/3132 5201/2997/2921
f 5199/2995/3211 5202/2998/3211 5201/2997/3211
f 5182/2987/3212 5202/2998/3212 5199/2995/3212
f 5187/2992/2945 5182/2987/2945 5199/2995/2945
f 5182/2987/2887 5205/2999/2887 5202/2998/2887
f 5202/2998/2888 5206/3000/2889 5203/3001/2890
f 5202/2998/2891 5203/3001/2891 5201/2997/2891
f 5202/2998/2887 5205/2999/2887 5204/3002/2887
f 5204/3002/2892 5206/3000/2892 5202/2998/2892
f 5203/3001/2890 5206/3000/2889 5207/3003/2895
f 5207/3003/2896 5206/3000/2896 5208/3004/2896
f 5204/3002/2897 5208/3004/2898 5206/3000/2899
f 5208/3004/2900 5211/3005/2900 5207/3003/2900
f 5209/3006/3271 5212/3007/3272 5208/3004/3273
f 5209/3006/2950 5208/3004/2950 5210/3008/2950
f 5210/3008/2905 5208/3004/2898 5204/3002/2897
f 5208/3004/3274 5212/3007/3275 5211/3005/3276
f 5211/3005/3276 5212/3007/3275 5213/3009/3277
f 5209/3006/3271 5213/3009/3278 5212/3007/3272
f 5213/3009/3175 5216/3010/3175 5214/3011/3175
f 5213/3009/3176 5214/3011/3176 5215/3012/3176
f 5218/3013/3141 5213/3009/3141 5215/3012/3141
f 5213/3009/3177 5217/3014/3177 5216/3010/3177
f 5209/3006/3178 5217/3014/3178 5213/3009/3178
f 5218/3013/3136 5211/3005/3136 5213/3009/3136
f 5219/3015/2944 5218/3013/2944 5215/3012/2944
f 5207/3003/2944 5218/3013/2944 5219/3015/2944
f 5207/3003/2946 5211/3005/2946 5218/3013/2946
f 5220/3016/3134 5219/3015/2941 5215/3012/2943
f 5200/2996/2921 5219/3015/2941 5220/3016/3134
f 5219/3015/2923 5203/3001/2923 5207/3003/2923
f 5219/3015/2922 5201/2997/2922 5203/3001/2922
f 5201/2997/2921 5219/3015/2941 5200/2996/2921
f 5220/3016/3127 5221/3017/3129 5222/3012/2982
f 5220/3016/3134 5215/3012/2943 5221/3017/2921
f 5220/3016/3127 5223/3015/2979 5200/2996/3098
f 5220/3016/3127 5222/3012/2982 5223/3015/2979
f 5223/3015/2975 5222/3012/2975 5224/3013/2975
f 5227/3003/2975 5223/3015/2975 5224/3013/2975
f 5223/3015/2983 5227/3003/2983 5225/3001/2983
f 5223/3015/2977 5225/3001/2977 5226/2997/2977
f 5200/2996/3098 5223/3015/2979 5226/2997/3129
f 5228/3000/2985 5225/3001/2986 5227/3003/2987
f 5227/3003/3095 5229/3004/3095 5228/3000/3095
f 5229/3004/2972 5227/3003/2972 5230/3005/2972
f 5227/3003/2973 5224/3013/2973 5230/3005/2973
f 5230/3005/3279 5231/3009/3280 5232/3007/3281
f 5224/3013/3162 5231/3009/3162 5230/3005/3162
f 5229/3004/3282 5230/3005/3279 5232/3007/3281
f 5233/3006/3283 5229/3004/3284 5232/3007/3285
f 5233/3006/3283 5232/3007/3285 5231/3009/3286
f 5233/3006/3119 5231/3009/3119 5238/3014/3119
f 5233/3006/2969 5234/3008/2969 5229/3004/2969
f 5233/3006/3118 5235/3018/2852 5234/3008/2852
f 5237/3019/3185 5235/3018/2852 5233/3006/3118
f 5233/3006/3113 5238/3014/3114 5236/3020/3115
f 5236/3020/3287 5237/3019/3185 5233/3006/3118
f 5231/3009/3199 5240/3010/3199 5238/3014/3199
f 5240/3010/3200 5239/3021/3200 5238/3014/3200
f 5236/3020/3115 5238/3014/3114 5239/3021/3201
f 5231/3009/3126 5242/3011/3126 5240/3010/3126
f 5239/3021/2994 5240/3010/2994 5241/3022/2994
f 5242/3011/2993 5241/3022/2993 5240/3010/2993
f 5242/3011/2984 5243/3023/2984 5245/3024/2984
f 5222/3012/3108 5243/3023/3108 5242/3011/3108
f 5242/3011/2988 5245/3024/2986 5244/3025/2985
f 5241/3022/2992 5242/3011/2992 5244/3025/2992
f 5231/3009/3125 5222/3012/3125 5242/3011/3125
f 5247/3026/2977 5245/3024/2977 5243/3023/2977
f 5247/3026/2983 5246/3027/2983 5245/3024/2983
f 5244/3025/2985 5245/3024/2986 5246/3027/3110
f 5248/3028/3127 5249/3029/3128 5247/3026/2979
f 5248/3028/3127 5247/3026/2979 5221/3017/3129
f 5221/3017/3129 5247/3026/2979 5243/3023/3129
f 5246/3027/2975 5247/3026/2975 5250/3030/2975
f 5247/3026/2975 5249/3029/2975 5250/3030/2975
f 5246/3027/2973 5250/3030/2973 5251/3031/2973
f 5250/3030/2974 5252/3032/2974 5251/3031/2974
f 5250/3030/2976 5249/3029/2976 5252/3032/2976
f 5252/3032/2993 5253/3033/2993 5254/3034/2993
f 5252/3032/3109 5249/3029/3109 5253/3033/3109
f 5252/3032/2994 5254/3034/2994 5255/3035/2994
f 5256/3036/2966 5252/3032/2966 5255/3035/2966
f 5256/3036/2967 5257/3037/2967 5252/3032/2967
f 5251/3031/2971 5252/3032/2971 5257/3037/2971
f 5258/3038/2970 5251/3031/2970 5257/3037/2970
f 5256/3036/2968 5258/3038/2968 5257/3037/2968
f 5258/3038/2972 5246/3027/2972 5251/3031/2972
f 5246/3027/3095 5258/3038/3095 5244/3025/3095
f 5258/3038/3007 5241/3022/3096 5244/3025/3012
f 5259/3039/3005 5241/3022/3096 5258/3038/3007
f 5256/3036/2969 5259/3039/2969 5258/3038/2969
f 5256/3036/3203 5260/3040/2852 5259/3039/2852
f 5260/3040/2852 5261/3041/3288 5259/3039/2852
f 5259/3039/2852 5261/3041/3288 5236/3020/3287
f 5259/3039/3008 5236/3020/3009 5241/3022/3010
f 5260/3040/2852 5262/3039/2852 5261/3041/3288
f 5261/3041/3288 5262/3039/2852 5263/3020/3289
f 5261/3041/3288 5263/3020/3289 5237/3019/3185
f 5261/3041/3288 5237/3019/3185 5236/3020/3287
f 5262/3039/2927 5265/3022/2925 5263/3020/2924
f 5237/3019/3185 5263/3020/3289 5209/3006/3187
f 5263/3020/3182 5217/3014/3183 5209/3006/3184
f 5263/3020/2924 5265/3022/2925 5264/3021/2926
f 5264/3021/3209 5217/3014/3183 5263/3020/3182
f 5214/3011/2887 5216/3010/2887 5265/3022/2887
f 5264/3021/2886 5265/3022/2886 5216/3010/2886
f 5265/3022/2892 5266/3025/2892 5214/3011/2892
f 5262/3039/2905 5267/3038/2898 5265/3022/2897
f 5265/3022/2897 5267/3038/2898 5266/3025/2899
f 5267/3038/2900 5271/3031/2900 5268/3027/2900
f 5268/3027/2896 5266/3025/2896 5267/3038/2896
f 5269/3036/2951 5270/3037/2951 5267/3038/2951
f 5269/3036/2950 5267/3038/2950 5262/3039/2950
f 5267/3038/2949 5270/3037/2949 5271/3031/2949
f 5268/3027/2946 5271/3031/2946 5272/3030/2946
f 5272/3030/2947 5271/3031/2947 5273/3032/2947
f 5271/3031/2948 5270/3037/2948 5273/3032/2948
f 5272/3030/2945 5273/3032/2945 5274/3029/2945
f 5273/3032/3212 5277/3033/3212 5274/3029/3212
f 5273/3032/2886 5276/3035/2886 5275/3034/2886
f 5273/3032/2887 5275/3034/2887 5277/3033/2887
f 5269/3036/2958 5276/3035/2958 5273/3032/2958
f 5269/3036/2959 5273/3032/2959 5270/3037/2959
f 5274/3029/3211 5277/3033/3211 5278/3042/3211
f 5277/3033/2891 5280/3043/2891 5278/3042/2891
f 5277/3033/2888 5279/3044/2889 5280/3043/2890
f 5281/3045/2892 5279/3044/2892 5277/3033/2892
f 5277/3033/2887 5275/3034/2887 5281/3045/2887
f 5282/3046/2905 5285/3047/2898 5281/3045/2897
f 5282/3046/2927 5281/3045/2925 5283/3048/2924
f 5283/3048/2924 5281/3045/2925 5284/3049/2926
f 5281/3045/2897 5285/3047/2898 5279/3044/2899
f 5284/3049/2886 5281/3045/2886 5275/3034/2886
f 5285/3047/2900 5288/3050/2900 5286/3051/2900
f 5286/3051/2896 5279/3044/2896 5285/3047/2896
f 5287/3052/3290 5289/3053/3291 5285/3047/3292
f 5287/3052/3293 5285/3047/3293 5282/3046/3293
f 5285/3047/3294 5289/3053/3295 5288/3050/3296
f 5288/3050/3296 5289/3053/3295 5290/3054/3297
f 5287/3052/3290 5290/3054/3298 5289/3053/3291
f 5294/3055/3299 5290/3054/3299 5291/3056/3299
f 5290/3054/2893 5295/3057/2893 5291/3056/2893
f 5290/3054/2886 5293/3058/2886 5292/3059/2886
f 5290/3054/2887 5292/3059/2887 5295/3057/2887
f 5287/3052/2882 5293/3058/2882 5290/3054/2882
f 5294/3055/3300 5288/3050/3300 5290/3054/3300
f 5291/3056/2894 5295/3057/2894 5296/3060/2894
f 5295/3057/2891 5298/3061/2891 5296/3060/2891
f 5295/3057/2888 5297/3062/2889 5298/3061/2890
f 5299/3063/2892 5297/3062/2892 5295/3057/2892
f 5295/3057/2887 5292/3059/2887 5299/3063/2887
f 5300/3064/2905 5303/3065/2898 5299/3063/2897
f 5300/3064/2927 5299/3063/2925 5301/3066/2924
f 5301/3066/2924 5299/3063/2925 5302/3067/2926
f 5299/3063/2897 5303/3065/2898 5297/3062/2899
f 5302/3067/2886 5299/3063/2886 5292/3059/2886
f 5303/3065/2900 5307/3068/2900 5304/3069/2900
f 5304/3069/2896 5297/3062/2896 5303/3065/2896
f 5305/3070/2951 5306/3071/2951 5303/3065/2951
f 5305/3070/2950 5303/3065/2950 5300/3064/2950
f 5303/3065/2949 5306/3071/2949 5307/3068/2949
f 5304/3069/2946 5307/3068/2946 5308/3072/2946
f 5308/3072/2947 5307/3068/2947 5309/3073/2947
f 5307/3068/2948 5306/3071/2948 5309/3073/2948
f 5308/3072/2945 5309/3073/2945 5310/3074/2945
f 5309/3073/3212 5313/3075/3212 5310/3074/3212
f 5309/3073/2886 5312/3076/2886 5311/3077/2886
f 5309/3073/2887 5311/3077/2887 5313/3075/2887
f 5305/3070/2958 5312/3076/2958 5309/3073/2958
f 5305/3070/2959 5309/3073/2959 5306/3071/2959
f 5310/3074/3211 5313/3075/3211 5314/3078/3211
f 5313/3075/2891 5316/3079/2891 5314/3078/2891
f 5313/3075/2888 5315/3080/2889 5316/3079/2890
f 5317/3081/2892 5315/3080/2892 5313/3075/2892
f 5313/3075/2887 5311/3077/2887 5317/3081/2887
f 5318/3082/2905 5321/3083/2898 5317/3081/2897
f 5318/3082/2927 5317/3081/2925 5319/3084/2924
f 5319/3084/2924 5317/3081/2925 5320/3085/2926
f 5317/3081/2897 5321/3083/2898 5315/3080/2899
f 5320/3085/2886 5317/3081/2886 5311/3077/2886
f 5321/3083/2900 5324/3086/2900 5322/3087/2900
f 5322/3087/2896 5315/3080/2896 5321/3083/2896
f 5323/3088/3301 5325/3089/3301 5321/3083/3301
f 5323/3088/2950 5321/3083/2950 5318/3082/2950
f 5321/3083/3302 5325/3089/3302 5324/3086/3302
f 5324/3086/3303 5325/3089/3303 5326/3090/3303
f 5323/3088/3304 5326/3090/3304 5325/3089/3304
f 5330/3091/3141 5326/3090/3141 5327/3092/3141
f 5326/3090/3176 5331/3093/3176 5327/3092/3176
f 5326/3090/3177 5329/3094/3177 5328/3095/3177
f 5326/3090/3175 5328/3095/3175 5331/3093/3175
f 5323/3088/3178 5329/3094/3178 5326/3090/3178
f 5330/3091/3136 5324/3086/3136 5326/3090/3136
f 5327/3092/3211 5331/3093/3211 5332/3096/3211
f 5331/3093/2891 5334/3097/2891 5332/3096/2891
f 5331/3093/2888 5333/3098/2889 5334/3097/2890
f 5335/3099/2892 5333/3098/2892 5331/3093/2892
f 5331/3093/2887 5328/3095/2887 5335/3099/2887
f 5336/3100/2905 5339/3101/2898 5335/3099/2897
f 5336/3100/2927 5335/3099/2925 5337/3102/3305
f 5337/3102/3305 5335/3099/2925 5338/3103/2926
f 5335/3099/2897 5339/3101/2898 5333/3098/2899
f 5338/3103/2886 5335/3099/2886 5328/3095/2886
f 5339/3101/2900 5343/3104/2900 5340/3105/2900
f 5340/3105/2896 5333/3098/2896 5339/3101/2896
f 5341/3106/2951 5342/3107/2951 5339/3101/2951
f 5341/3106/2950 5339/3101/2950 5336/3100/2950
f 5339/3101/2949 5342/3107/2949 5343/3104/2949
f 5340/3105/2946 5343/3104/2946 5344/3108/2946
f 5344/3108/2947 5343/3104/2947 5345/3109/2947
f 5343/3104/2948 5342/3107/2948 5345/3109/2948
f 5344/3108/2945 5345/3109/2945 5346/3110/2945
f 5345/3109/3212 5349/3111/3212 5346/3110/3212
f 5345/3109/2886 5348/3112/2886 5347/3113/2886
f 5345/3109/2887 5347/3113/2887 5349/3111/2887
f 5341/3106/2958 5348/3112/2958 5345/3109/2958
f 5341/3106/2959 5345/3109/2959 5342/3107/2959
f 5346/3110/3211 5349/3111/3211 5350/3114/3211
f 5349/3111/2891 5352/3115/2891 5350/3114/2891
f 5349/3111/2888 5351/3116/2889 5352/3115/2890
f 5353/3117/2892 5351/3116/2892 5349/3111/2892
f 5349/3111/2887 5347/3113/2887 5353/3117/2887
f 5354/3118/2905 5357/3119/2898 5353/3117/2897
f 5354/3118/2927 5353/3117/2925 5355/3120/2924
f 5355/3120/2924 5353/3117/2925 5356/3121/2926
f 5353/3117/2897 5357/3119/2898 5351/3116/2899
f 5356/3121/2886 5353/3117/2886 5347/3113/2886
f 5357/3119/2900 5360/3122/2900 5358/3123/2900
f 5358/3123/2896 5351/3116/2896 5357/3119/2896
f 5359/3124/3151 5361/3125/3151 5357/3119/3151
f 5359/3124/2950 5357/3119/2950 5354/3118/2950
f 5357/3119/3137 5361/3125/3137 5360/3122/3137
f 5360/3122/3260 5361/3125/3260 5362/3126/3260
f 5359/3124/3144 5362/3126/3144 5361/3125/3144
f 5366/3127/3141 5362/3126/3141 5363/3128/3141
f 5362/3126/3140 5367/3129/3140 5363/3128/3140
f 5362/3126/3142 5365/3130/3142 5364/3131/3142
f 5362/3126/3139 5364/3131/3139 5367/3129/3139
f 5359/3124/3143 5365/3130/3143 5362/3126/3143
f 5366/3127/3136 5360/3122/3136 5362/3126/3136
f 5363/3128/3268 5367/3129/3268 5368/3132/3268
f 5367/3129/2891 5370/3133/2891 5368/3132/2891
f 5367/3129/2888 5369/3134/2889 5370/3133/2890
f 5371/3135/2892 5369/3134/2892 5367/3129/2892
f 5367/3129/2887 5364/3131/2887 5371/3135/2887
f 5372/3136/2905 5374/3137/2898 5371/3135/2897
f 5372/3136/2927 5371/3135/2925 5373/3138/2924
f 5373/3138/2924 5371/3135/2925 5375/3139/2926
f 5371/3135/2897 5374/3137/2898 5369/3134/2899
f 5375/3139/2886 5371/3135/2886 5364/3131/2886
f 5375/3139/3270 5365/3130/3146 5373/3138/3145
f 5364/3131/3306 5365/3130/3306 5375/3139/3306
f 5374/3137/2900 5379/3140/2900 5376/3141/2900
f 5376/3141/2896 5369/3134/2896 5374/3137/2896
f 5377/3142/2951 5378/3143/2951 5374/3137/2951
f 5377/3142/2950 5374/3137/2950 5372/3136/2950
f 5374/3137/2949 5378/3143/2949 5379/3140/2949
f 5376/3141/2946 5379/3140/2946 5380/3144/2946
f 5380/3144/2947 5379/3140/2947 5381/3145/2947
f 5379/3140/2948 5378/3143/2948 5381/3145/2948
f 5380/3144/2945 5381/3145/2945 5382/3146/2945
f 5381/3145/3212 5383/3147/3212 5382/3146/3212
f 5381/3145/2887 5384/3148/2887 5383/3147/2887
f 5381/3145/2886 5385/3149/2886 5384/3148/2886
f 5377/3142/2958 5385/3149/2958 5381/3145/2958
f 5377/3142/2959 5381/3145/2959 5378/3143/2959
f 5384/3148/2886 5385/3149/2886 5386/3150/2886
f 5386/3150/3307 5385/3149/2953 5387/3151/2952
f 5387/3151/2952 5385/3149/2953 5377/3142/2954
f 5387/3151/3308 5388/3152/3309 5390/3153/3310
f 5388/3152/3309 5387/3151/3308 5389/3154/3311
f 5389/3154/3311 5387/3151/3308 5377/3142/3250
f 5386/3150/3312 5387/3151/3312 5391/3155/3312
f 5391/3155/3312 5387/3151/3312 5390/3153/3312
f 5392/3156/3313 5386/3150/3313 5391/3155/3313
f 5384/3148/3314 5392/3156/3314 5383/3147/3314
f 5384/3148/3313 5386/3150/3313 5392/3156/3313
f 5383/3147/3314 5392/3156/3314 5393/3157/3314
f 5394/3158/3315 5383/3147/3315 5393/3157/3315
f 5395/3159/3316 5382/3146/3316 5394/3158/3316
f 5382/3146/3315 5383/3147/3315 5394/3158/3315
f 5396/3160/3127 5395/3159/3317 5397/3146/3318
f 5396/3160/3134 5382/3146/3319 5395/3159/3316
f 5397/3146/3318 5395/3159/3317 5398/3158/3317
f 5400/3147/3320 5398/3158/3320 5399/3157/3320
f 5397/3146/3320 5398/3158/3320 5400/3147/3320
f 5401/3145/2993 5400/3147/2993 5402/3148/2993
f 5401/3145/3109 5397/3146/3109 5400/3147/3109
f 5400/3147/3321 5403/3156/3321 5402/3148/3321
f 5399/3157/3321 5403/3156/3321 5400/3147/3321
f 5404/3150/3322 5403/3156/3322 5405/3155/3322
f 5402/3148/3322 5403/3156/3322 5404/3150/3322
f 5404/3150/3323 5405/3155/3323 5407/3151/3323
f 5407/3151/3323 5405/3155/3323 5406/3153/3323
f 5407/3151/3324 5406/3153/3325 5388/3152/3326
f 5388/3152/3326 5409/3154/2961 5407/3151/3324
f 5407/3151/2964 5408/3149/2963 5404/3150/3205
f 5410/3142/2962 5408/3149/2963 5407/3151/2964
f 5407/3151/3324 5409/3154/2961 5410/3142/3124
f 5409/3154/2961 5414/3161/2850 5410/3142/3124
f 5410/3142/2968 5411/3137/2968 5413/3143/2968
f 5410/3142/2969 5412/3136/2969 5411/3137/2969
f 5410/3142/3124 5414/3161/2850 5412/3136/2850
f 5410/3142/2967 5413/3143/2967 5401/3145/2967
f 5410/3142/2966 5401/3145/2966 5408/3149/2966
f 5414/3161/2850 5415/3162/3169 5412/3136/2850
f 5414/3161/2850 5372/3136/2850 5415/3162/3169
f 5414/3161/2850 5377/3142/3250 5372/3136/2850
f 5389/3154/3311 5377/3142/3250 5414/3161/2850
f 5415/3162/3169 5372/3136/2850 5373/3138/3327
f 5415/3162/3169 5373/3138/3327 5416/3163/3328
f 5412/3136/2850 5415/3162/3169 5417/3138/3329
f 5415/3162/3169 5418/3163/3330 5417/3138/3329
f 5418/3163/3330 5419/3164/2852 5420/3124/3254
f 5417/3138/3329 5418/3163/3330 5420/3124/3254
f 5420/3124/3254 5419/3164/2852 5424/3118/2852
f 5420/3124/3153 5421/3130/3154 5417/3138/3155
f 5420/3124/3157 5422/3126/3157 5421/3130/3157
f 5420/3124/3158 5425/3125/3158 5422/3126/3158
f 5420/3124/3159 5423/3119/3159 5425/3125/3159
f 5420/3124/2969 5424/3118/2969 5423/3119/2969
f 5423/3119/3160 5426/3122/3160 5425/3125/3160
f 5426/3122/3161 5422/3126/3161 5425/3125/3161
f 5423/3119/2972 5427/3123/2972 5426/3122/2972
f 5427/3123/2973 5428/3127/2973 5426/3122/2973
f 5428/3127/3162 5422/3126/3162 5426/3122/3162
f 5427/3123/2975 5430/3165/2975 5428/3127/2975
f 5430/3165/2975 5429/3128/2975 5428/3127/2975
f 5428/3127/3163 5429/3128/3163 5422/3126/3163
f 5430/3165/2977 5433/3115/2977 5431/3114/2977
f 5432/3166/3331 5430/3165/2979 5431/3114/3129
f 5430/3165/2983 5427/3123/2983 5433/3115/2983
f 5434/3167/2981 5430/3165/2979 5432/3166/3331
f 5434/3167/2981 5429/3128/2982 5430/3165/2979
f 5434/3167/2981 5435/3168/3165 5429/3128/2982
f 5434/3167/2942 5363/3128/3132 5435/3168/2943
f 5434/3167/2942 5436/3165/2941 5363/3128/3132
f 5432/3166/2921 5436/3165/2941 5434/3167/2942
f 5436/3165/2944 5366/3127/2944 5363/3128/2944
f 5358/3123/2944 5366/3127/2944 5436/3165/2944
f 5436/3165/2923 5352/3115/2923 5358/3123/2923
f 5436/3165/2922 5350/3114/2922 5352/3115/2922
f 5350/3114/2921 5436/3165/2941 5432/3166/2921
f 5435/3168/2943 5363/3128/3132 5368/3132/3240
f 5368/3132/3240 5437/3169/2941 5435/3168/2943
f 5435/3168/2943 5437/3169/2941 5396/3160/3134
f 5396/3160/3127 5439/3169/2979 5435/3168/3165
f 5429/3128/2982 5435/3168/3165 5438/3132/3098
f 5435/3168/3165 5439/3169/2979 5438/3132/3098
f 5396/3160/3127 5397/3146/3318 5439/3169/2979
f 5439/3169/2975 5397/3146/2975 5440/3144/2975
f 5442/3141/2975 5439/3169/2975 5440/3144/2975
f 5439/3169/2983 5442/3141/2983 5441/3133/2983
f 5439/3169/2977 5441/3133/2977 5438/3132/2977
f 5443/3134/2985 5441/3133/2986 5442/3141/3110
f 5442/3141/3095 5411/3137/3095 5443/3134/3095
f 5411/3137/2972 5442/3141/2972 5444/3140/2972
f 5442/3141/2973 5440/3144/2973 5444/3140/2973
f 5440/3144/2974 5401/3145/2974 5444/3140/2974
f 5444/3140/2971 5401/3145/2971 5413/3143/2971
f 5411/3137/2970 5444/3140/2970 5413/3143/2970
f 5411/3137/3007 5445/3135/3096 5443/3134/3012
f 5445/3135/2992 5446/3129/2992 5443/3134/2992
f 5446/3129/2988 5441/3133/2986 5443/3134/2985
f 5422/3126/3262 5446/3129/3262 5447/3131/3262
f 5422/3126/3166 5429/3128/3166 5446/3129/3166
f 5446/3129/2984 5438/3132/2984 5441/3133/2984
f 5446/3129/2993 5445/3135/2993 5447/3131/2993
f 5429/3128/3164 5438/3132/3164 5446/3129/3164
f 5422/3126/3264 5447/3131/3264 5421/3130/3264
f 5447/3131/3332 5448/3139/3332 5421/3130/3332
f 5448/3139/2994 5447/3131/2994 5445/3135/2994
f 5445/3135/3010 5417/3138/3009 5448/3139/3011
f 5417/3138/3155 5421/3130/3154 5448/3139/3265
f 5412/3136/3005 5445/3135/3096 5411/3137/3007
f 5412/3136/3008 5417/3138/3009 5445/3135/3010
f 5440/3144/2976 5397/3146/2976 5401/3145/2976
f 5437/3169/2922 5368/3132/2922 5370/3133/2922
f 5437/3169/2923 5370/3133/2923 5376/3141/2923
f 5376/3141/2944 5380/3144/2944 5437/3169/2944
f 5396/3160/3134 5437/3169/2941 5382/3146/3319
f 5437/3169/2944 5380/3144/2944 5382/3146/2944
f 5450/3111/2984 5431/3114/2984 5433/3115/2984
f 5449/3116/2985 5433/3115/2986 5427/3123/2987
f 5450/3111/2988 5433/3115/2986 5449/3116/2985
f 5454/3110/3108 5431/3114/3108 5450/3111/3108
f 5452/3117/2992 5450/3111/2992 5449/3116/2992
f 5451/3109/2993 5450/3111/2993 5453/3113/2993
f 5451/3109/3109 5454/3110/3109 5450/3111/3109
f 5450/3111/2993 5452/3117/2993 5453/3113/2993
f 5455/3170/3127 5454/3110/3128 5456/3171/2979
f 5455/3170/3127 5432/3166/3331 5454/3110/3128
f 5454/3110/3128 5432/3166/3331 5431/3114/3129
f 5457/3108/2976 5454/3110/2976 5451/3109/2976
f 5456/3171/2975 5454/3110/2975 5457/3108/2975
f 5458/3105/2975 5456/3171/2975 5457/3108/2975
f 5457/3108/2974 5451/3109/2974 5459/3104/2974
f 5458/3105/2973 5457/3108/2973 5459/3104/2973
f 5459/3104/2971 5451/3109/2971 5460/3107/2971
f 5461/3101/2970 5459/3104/2970 5460/3107/2970
f 5461/3101/2972 5458/3105/2972 5459/3104/2972
f 5462/3106/2968 5461/3101/2968 5460/3107/2968
f 5462/3106/2969 5464/3100/2969 5461/3101/2969
f 5458/3105/3095 5461/3101/3095 5463/3098/3095
f 5461/3101/3007 5465/3099/3096 5463/3098/3012
f 5464/3100/3005 5465/3099/3096 5461/3101/3007
f 5464/3100/3008 5466/3102/3333 5465/3099/3010
f 5465/3099/3010 5466/3102/3333 5467/3103/3011
f 5467/3103/2994 5468/3095/2994 5465/3099/2994
f 5469/3093/2993 5465/3099/2993 5468/3095/2993
f 5465/3099/2992 5469/3093/2992 5463/3098/2992
f 5472/3090/3125 5470/3092/3125 5469/3093/3125
f 5470/3092/3108 5471/3096/3108 5469/3093/3108
f 5469/3093/2984 5471/3096/2984 5473/3097/2984
f 5469/3093/2988 5473/3097/2986 5463/3098/2985
f 5472/3090/3126 5469/3093/3126 5468/3095/3126
f 5456/3171/2983 5458/3105/2983 5473/3097/2983
f 5456/3171/2977 5473/3097/2977 5471/3096/2977
f 5463/3098/2985 5473/3097/2986 5458/3105/3110
f 5476/3091/3163 5470/3092/3163 5472/3090/3163
f 5472/3090/3199 5468/3095/3199 5474/3094/3199
f 5475/3088/3119 5472/3090/3119 5474/3094/3119
f 5475/3088/3120 5478/3089/3120 5472/3090/3120
f 5476/3091/3162 5472/3090/3162 5477/3086/3162
f 5477/3086/3253 5472/3090/3253 5478/3089/3253
f 5475/3088/3112 5479/3083/3112 5478/3089/3112
f 5479/3083/3111 5477/3086/3111 5478/3089/3111
f 5479/3083/2972 5480/3087/2972 5477/3086/2972
f 5480/3087/3095 5479/3083/3095 5481/3080/3095
f 5479/3083/3007 5483/3081/3096 5481/3080/3012
f 5482/3082/3005 5483/3081/3096 5479/3083/3007
f 5475/3088/2969 5482/3082/2969 5479/3083/2969
f 5483/3081/3010 5487/3084/3009 5484/3085/3011
f 5484/3085/2994 5485/3077/2994 5483/3081/2994
f 5486/3075/2993 5483/3081/2993 5485/3077/2993
f 5483/3081/2992 5486/3075/2992 5481/3080/2992
f 5482/3082/3008 5487/3084/3009 5483/3081/3010
f 5488/3172/3334 5489/3173/3335 5487/3084/3336
f 5482/3082/2852 5488/3172/3334 5487/3084/3336
f 5487/3084/3336 5489/3173/3335 5490/3070/3203
f 5490/3070/2962 5491/3076/2963 5487/3084/2964
f 5487/3084/2964 5491/3076/2963 5484/3085/3205
f 5485/3077/2994 5484/3085/2994 5491/3076/2994
f 5492/3073/2994 5485/3077/2994 5491/3076/2994
f 5490/3070/2966 5492/3073/2966 5491/3076/2966
f 5492/3073/2993 5486/3075/2993 5485/3077/2993
f 5492/3073/3109 5493/3074/3109 5486/3075/3109
f 5494/3072/2976 5493/3074/2976 5492/3073/2976
f 5490/3070/2967 5496/3071/2967 5492/3073/2967
f 5494/3072/2974 5492/3073/2974 5495/3068/2974
f 5495/3068/2971 5492/3073/2971 5496/3071/2971
f 5497/3065/2970 5495/3068/2970 5496/3071/2970
f 5490/3070/2968 5497/3065/2968 5496/3071/2968
f 5497/3065/2972 5498/3069/2972 5495/3068/2972
f 5498/3069/3095 5497/3065/3095 5499/3062/3095
f 5497/3065/3007 5501/3063/3096 5499/3062/3012
f 5500/3064/3005 5501/3063/3096 5497/3065/3007
f 5490/3070/2969 5500/3064/2969 5497/3065/2969
f 5500/3064/3008 5502/3066/3009 5501/3063/3010
f 5501/3063/3010 5502/3066/3009 5503/3067/3011
f 5503/3067/2994 5504/3059/2994 5501/3063/2994
f 5505/3057/2993 5501/3063/2993 5504/3059/2993
f 5501/3063/2992 5505/3057/2992 5499/3062/2992
f 5508/3054/3013 5506/3056/3013 5505/3057/3013
f 5506/3056/2989 5507/3060/2989 5505/3057/2989
f 5505/3057/2984 5507/3060/2984 5509/3061/2984
f 5505/3057/2988 5509/3061/2986 5499/3062/2985
f 5508/3054/2993 5505/3057/2993 5504/3059/2993
f 5510/3174/2977 5509/3061/2977 5507/3060/2977
f 5510/3174/2983 5498/3069/2983 5509/3061/2983
f 5499/3062/2985 5509/3061/2986 5498/3069/3110
f 5511/3175/3127 5493/3074/3331 5510/3174/2979
f 5511/3175/3127 5510/3174/2979 5512/3176/3015
f 5512/3176/3015 5510/3174/2979 5507/3060/2978
f 5498/3069/2975 5510/3174/2975 5494/3072/2975
f 5510/3174/2975 5493/3074/2975 5494/3072/2975
f 5513/3177/3337 5512/3176/3015 5506/3056/3338
f 5513/3177/3339 5291/3056/3340 5512/3176/2919
f 5512/3176/2919 5514/3174/2941 5511/3175/3134
f 5512/3176/2919 5291/3056/3340 5296/3060/3341
f 5296/3060/3341 5514/3174/2941 5512/3176/2919
f 5506/3056/3338 5512/3176/3015 5507/3060/2978
f 5511/3175/3134 5514/3174/2941 5310/3074/2943
f 5514/3174/2944 5308/3072/2944 5310/3074/2944
f 5304/3069/2944 5308/3072/2944 5514/3174/2944
f 5514/3174/2923 5298/3061/2923 5304/3069/2923
f 5514/3174/2922 5296/3060/2922 5298/3061/2922
f 5513/3177/3339 5516/3178/3342 5291/3056/3340
f 5513/3177/3337 5517/3178/3343 5515/3179/3344
f 5515/3179/3345 5516/3178/3342 5513/3177/3339
f 5513/3177/3337 5506/3056/3338 5517/3178/3343
f 5517/3178/3346 5506/3056/3347 5518/3055/3346
f 5521/3051/2975 5517/3178/3346 5518/3055/3346
f 5517/3178/2983 5521/3051/2983 5519/3043/2983
f 5517/3178/2977 5519/3043/2977 5520/3042/2977
f 5515/3179/3344 5517/3178/3343 5520/3042/3348
f 5522/3044/2985 5519/3043/2986 5521/3051/3110
f 5521/3051/3095 5523/3047/3095 5522/3044/3095
f 5523/3047/2972 5521/3051/2972 5524/3050/2972
f 5521/3051/2973 5518/3055/2973 5524/3050/2973
f 5523/3047/3349 5524/3050/3350 5525/3053/3351
f 5518/3055/3352 5508/3054/3352 5524/3050/3352
f 5524/3050/3350 5508/3054/3353 5525/3053/3351
f 5526/3052/3354 5523/3047/3355 5525/3053/3356
f 5526/3052/3354 5525/3053/3356 5508/3054/3357
f 5502/3066/3027 5526/3052/2998 5503/3067/2997
f 5502/3066/2852 5531/3180/3358 5526/3052/3359
f 5526/3052/3024 5508/3054/3024 5527/3058/3024
f 5503/3067/2997 5526/3052/2998 5527/3058/2999
f 5528/3181/3360 5526/3052/3359 5530/3182/3361
f 5529/3046/3362 5526/3052/3359 5528/3181/3360
f 5526/3052/3363 5529/3046/3363 5523/3047/3363
f 5530/3182/3361 5526/3052/3359 5531/3180/3358
f 5531/3180/3358 5301/3066/2852 5287/3052/3364
f 5532/3183/2852 5301/3066/2852 5531/3180/3358
f 5532/3183/2852 5531/3180/3358 5502/3066/2852
f 5531/3180/3358 5287/3052/3364 5530/3182/3361
f 5533/3184/2850 5532/3183/2852 5500/3064/2850
f 5533/3184/2850 5300/3064/2850 5532/3183/2852
f 5532/3183/2852 5300/3064/2850 5301/3066/2852
f 5500/3064/2850 5532/3183/2852 5502/3066/2852
f 5533/3184/2850 5305/3070/3208 5300/3064/2850
f 5490/3070/3203 5533/3184/2850 5500/3064/2850
f 5489/3173/3335 5533/3184/2850 5490/3070/3203
f 5489/3173/3335 5305/3070/3208 5533/3184/2850
f 5530/3182/3361 5282/3046/3365 5528/3181/3360
f 5287/3052/3364 5282/3046/3365 5530/3182/3361
f 5529/3046/3005 5535/3045/3096 5523/3047/3007
f 5528/3181/3360 5536/3185/3255 5529/3046/3362
f 5529/3046/3008 5534/3048/3009 5535/3045/3010
f 5529/3046/3362 5536/3185/3255 5534/3048/3366
f 5528/3181/3360 5282/3046/3365 5536/3185/3255
f 5536/3185/3255 5282/3046/3365 5283/3048/2956
f 5536/3185/3255 5283/3048/2956 5537/3186/3367
f 5536/3185/3255 5537/3186/3367 5534/3048/3366
f 5537/3186/3367 5283/3048/2956 5269/3036/3250
f 5537/3186/3367 5269/3036/3250 5260/3040/2852
f 5537/3186/3367 5260/3040/2852 5256/3036/3203
f 5534/3048/3366 5537/3186/3367 5256/3036/3203
f 5523/3047/3007 5535/3045/3096 5522/3044/3012
f 5253/3033/2993 5535/3045/2993 5254/3034/2993
f 5535/3045/2992 5253/3033/2992 5522/3044/2992
f 5535/3045/3010 5534/3048/3009 5538/3049/3011
f 5538/3049/2994 5254/3034/2994 5535/3045/2994
f 5534/3048/2964 5255/3035/2963 5538/3049/3205
f 5254/3034/2994 5538/3049/2994 5255/3035/2994
f 5256/3036/2962 5255/3035/2963 5534/3048/2964
f 5508/3054/2994 5504/3059/2994 5527/3058/2994
f 5504/3059/2994 5503/3067/2994 5527/3058/2994
f 5253/3033/2988 5519/3043/2986 5522/3044/2985
f 5249/3029/3128 5515/3179/3344 5520/3042/3348
f 5249/3029/3108 5520/3042/3108 5253/3033/3108
f 5253/3033/2984 5520/3042/2984 5519/3043/2984
f 5518/3055/3368 5506/3056/3368 5508/3054/3368
f 5516/3178/3369 5294/3055/3369 5291/3056/3370
f 5286/3051/2944 5294/3055/3369 5516/3178/3369
f 5516/3178/2923 5280/3043/2923 5286/3051/2923
f 5516/3178/2922 5278/3042/2922 5280/3043/2922
f 5278/3042/3371 5516/3178/3342 5515/3179/3345
f 5248/3028/3127 5515/3179/3344 5249/3029/3128
f 5248/3028/3134 5274/3029/3132 5515/3179/3345
f 5515/3179/3345 5274/3029/3132 5278/3042/3371
f 5511/3175/3127 5539/3187/3098 5493/3074/3331
f 5511/3175/3134 5310/3074/2943 5539/3187/3239
f 5540/3188/3127 5543/3189/2979 5539/3187/3098
f 5539/3187/3239 5541/3189/2941 5540/3188/2942
f 5539/3187/3239 5310/3074/2943 5314/3078/3240
f 5314/3078/3240 5541/3189/2941 5539/3187/3239
f 5493/3074/3331 5539/3187/3098 5542/3078/3098
f 5539/3187/3098 5543/3189/2979 5542/3078/3098
f 5540/3188/3127 5470/3092/2982 5543/3189/2979
f 5543/3189/2983 5480/3087/2983 5544/3079/2983
f 5480/3087/2975 5543/3189/2975 5476/3091/2975
f 5543/3189/2975 5470/3092/2975 5476/3091/2975
f 5543/3189/2977 5544/3079/2977 5542/3078/2977
f 5481/3080/2985 5544/3079/2986 5480/3087/3110
f 5486/3075/2988 5544/3079/2986 5481/3080/2985
f 5486/3075/2984 5542/3078/2984 5544/3079/2984
f 5493/3074/3108 5542/3078/3108 5486/3075/3108
f 5540/3188/2942 5541/3189/2941 5327/3092/2943
f 5541/3189/2944 5330/3091/2944 5327/3092/2944
f 5322/3087/2944 5330/3091/2944 5541/3189/2944
f 5541/3189/2923 5316/3079/2923 5322/3087/2923
f 5541/3189/2922 5314/3078/2922 5316/3079/2922
f 5540/3188/3127 5545/3190/2982 5470/3092/2982
f 5540/3188/2942 5327/3092/2943 5545/3190/2921
f 5455/3170/3127 5456/3171/2979 5545/3190/2982
f 5545/3190/2921 5546/3171/2941 5455/3170/3134
f 5545/3190/2921 5327/3092/2943 5332/3096/3240
f 5332/3096/3240 5546/3171/2941 5545/3190/2921
f 5470/3092/2982 5545/3190/2982 5471/3096/3129
f 5545/3190/2982 5456/3171/2979 5471/3096/3129
f 5455/3170/3134 5546/3171/2941 5346/3110/3132
f 5546/3171/2944 5344/3108/2944 5346/3110/2944
f 5340/3105/2944 5344/3108/2944 5546/3171/2944
f 5546/3171/2923 5334/3097/2923 5340/3105/2923
f 5546/3171/2922 5332/3096/2922 5334/3097/2922
f 5498/3069/2973 5494/3072/2973 5495/3068/2973
f 5489/3173/3335 5319/3084/3308 5305/3070/3208
f 5488/3172/3334 5319/3084/3308 5489/3173/3335
f 5547/3191/2852 5488/3172/3334 5482/3082/2852
f 5547/3191/2852 5318/3082/2852 5488/3172/3334
f 5488/3172/3334 5318/3082/2852 5319/3084/3308
f 5547/3191/2852 5323/3088/3187 5318/3082/2852
f 5475/3088/3372 5547/3191/2852 5482/3082/2852
f 5548/3192/3373 5547/3191/2852 5475/3088/3372
f 5549/3192/3374 5323/3088/3187 5547/3191/2852
f 5549/3192/3374 5337/3102/3375 5323/3088/3187
f 5550/3193/2849 5337/3102/3375 5549/3192/3374
f 5551/3194/2852 5550/3193/2849 5464/3100/2852
f 5551/3194/2852 5336/3100/2852 5550/3193/2849
f 5550/3193/2849 5336/3100/2852 5337/3102/3375
f 5464/3100/2852 5550/3193/2849 5466/3102/3287
f 5550/3193/2849 5548/3192/3373 5466/3102/3287
f 5551/3194/2852 5341/3106/3250 5336/3100/2852
f 5462/3106/3203 5551/3194/2852 5464/3100/2852
f 5552/3195/3376 5551/3194/2852 5462/3106/3203
f 5552/3195/3376 5341/3106/3250 5551/3194/2852
f 5552/3195/3376 5355/3120/3377 5341/3106/3250
f 5553/3196/3378 5355/3120/3377 5552/3195/3376
f 5553/3196/3378 5552/3195/3376 5554/3120/3379
f 5554/3120/3379 5552/3195/3376 5462/3106/3203
f 5424/3118/2852 5553/3196/3378 5554/3120/3379
f 5424/3118/3008 5554/3120/3009 5452/3117/3010
f 5462/3106/2962 5555/3112/2963 5554/3120/2964
f 5554/3120/2964 5555/3112/2963 5556/3121/3205
f 5452/3117/3010 5554/3120/3009 5556/3121/3011
f 5556/3121/2994 5453/3113/2994 5452/3117/2994
f 5453/3113/2994 5556/3121/2994 5555/3112/2994
f 5462/3106/2966 5451/3109/2966 5555/3112/2966
f 5451/3109/2994 5453/3113/2994 5555/3112/2994
f 5419/3164/2852 5553/3196/3378 5424/3118/2852
f 5419/3164/2852 5354/3118/2852 5553/3196/3378
f 5553/3196/3378 5354/3118/2852 5355/3120/3377
f 5466/3102/3287 5548/3192/3373 5475/3088/3372
f 5480/3087/2973 5476/3091/2973 5477/3086/2973
f 5475/3088/3113 5474/3094/3114 5466/3102/3115
f 5466/3102/3115 5474/3094/3114 5467/3103/3201
f 5468/3095/3200 5467/3103/3200 5474/3094/3200
f 5462/3106/2967 5460/3107/2967 5451/3109/2967
f 5455/3170/3134 5346/3110/3132 5432/3166/2921
f 5423/3119/3007 5452/3117/3096 5449/3116/3012
f 5424/3118/3005 5452/3117/3096 5423/3119/3007
f 5427/3123/3095 5423/3119/3095 5449/3116/3095
f 5432/3166/2921 5346/3110/3132 5350/3114/2921
f 5419/3164/2852 5359/3124/3258 5354/3118/2852
f 5416/3163/3328 5359/3124/3258 5419/3164/2852
f 5416/3163/3328 5373/3138/3327 5359/3124/3258
f 5401/3145/2994 5402/3148/2994 5408/3149/2994
f 5402/3148/2994 5404/3150/2994 5408/3149/2994
f 5388/3152/3326 5406/3153/3325 5557/3197/3380
f 5390/3153/3310 5388/3152/3326 5557/3197/3380
f 5370/3133/2890 5369/3134/2889 5376/3141/3135
f 5373/3138/3145 5365/3130/3146 5359/3124/3147
f 5358/3123/2946 5360/3122/2946 5366/3127/2946
f 5352/3115/2890 5351/3116/2889 5358/3123/2895
f 5356/3121/3307 5348/3112/2953 5355/3120/2952
f 5347/3113/2886 5348/3112/2886 5356/3121/2886
f 5355/3120/2952 5348/3112/2953 5341/3106/2954
f 5334/3097/2890 5333/3098/2889 5340/3105/3135
f 5338/3103/3209 5329/3094/3183 5337/3102/3182
f 5328/3095/3210 5329/3094/3210 5338/3103/3210
f 5337/3102/3182 5329/3094/3183 5323/3088/3184
f 5322/3087/2946 5324/3086/2946 5330/3091/2946
f 5316/3079/2890 5315/3080/2889 5322/3087/2895
f 5320/3085/3307 5312/3076/2953 5319/3084/2952
f 5311/3077/2886 5312/3076/2886 5320/3085/2886
f 5319/3084/2952 5312/3076/2953 5305/3070/2954
f 5298/3061/2890 5297/3062/2889 5304/3069/3135
f 5301/3066/2884 5302/3067/2885 5287/3052/2935
f 5292/3059/2886 5293/3058/2886 5302/3067/2886
f 5287/3052/2935 5302/3067/2885 5293/3058/2936
f 5286/3051/2946 5288/3050/2946 5294/3055/2946
f 5280/3043/2890 5279/3044/2889 5286/3051/3135
f 5284/3049/3307 5276/3035/2953 5283/3048/2952
f 5275/3034/2886 5276/3035/2886 5284/3049/2886
f 5283/3048/2952 5276/3035/2953 5269/3036/3267
f 5248/3028/3134 5558/3026/2941 5274/3029/3132
f 5558/3026/2944 5272/3030/2944 5274/3029/2944
f 5221/3017/2921 5558/3026/2941 5248/3028/3134
f 5268/3027/2944 5272/3030/2944 5558/3026/2944
f 5558/3026/2923 5559/3024/2923 5268/3027/2923
f 5558/3026/2922 5560/3023/2922 5559/3024/2922
f 5560/3023/3240 5558/3026/2941 5221/3017/2921
f 5215/3012/3211 5214/3011/3211 5560/3023/3211
f 5221/3017/2921 5215/3012/2943 5560/3023/3240
f 5214/3011/2891 5559/3024/2891 5560/3023/2891
f 5214/3011/2888 5266/3025/2889 5559/3024/2890
f 5559/3024/2890 5266/3025/2889 5268/3027/3135
f 5260/3040/2852 5269/3036/3250 5262/3039/2852
f 5216/3010/3210 5217/3014/3210 5264/3021/3210
f 5222/3012/2982 5221/3017/3129 5243/3023/3129
f 5241/3022/3010 5236/3020/3009 5239/3021/3011
f 5237/3019/3185 5209/3006/3187 5235/3018/2852
f 5235/3018/2852 5179/2989/3255 5234/3008/2852
f 5235/3018/2852 5210/3008/2852 5179/2989/3255
f 5235/3018/2852 5209/3006/3187 5210/3008/2852
f 5234/3008/3008 5173/2985/3009 5561/3002/3010
f 5234/3008/2852 5179/2989/3255 5173/2985/3204
f 5234/3008/3005 5561/3002/3096 5229/3004/3007
f 5561/3002/3010 5173/2985/3009 5562/3198/3011
f 5562/3198/2994 5563/2999/2994 5561/3002/2994
f 5564/2998/2993 5561/3002/2993 5563/2999/2993
f 5229/3004/3007 5561/3002/3096 5228/3000/3012
f 5561/3002/2992 5564/2998/2992 5228/3000/2992
f 5175/2987/3109 5565/2995/3109 5564/2998/3109
f 5565/2995/3108 5226/2997/3108 5564/2998/3108
f 5564/2998/2984 5226/2997/2984 5225/3001/2984
f 5564/2998/2988 5225/3001/2986 5228/3000/2985
f 5175/2987/2993 5564/2998/2993 5563/2999/2993
f 5198/2994/3127 5565/2995/3128 5566/2993/2979
f 5198/2994/3127 5200/2996/3098 5565/2995/3128
f 5565/2995/3128 5200/2996/3098 5226/2997/3129
f 5567/2992/2976 5565/2995/2976 5175/2987/2976
f 5566/2993/2975 5565/2995/2975 5567/2992/2975
f 5569/2991/2973 5567/2992/2973 5568/2990/2973
f 5567/2992/2974 5175/2987/2974 5568/2990/2974
f 5569/2991/2975 5566/2993/2975 5567/2992/2975
f 5164/2976/2985 5165/2975/2986 5569/2991/3110
f 5569/2991/3095 5169/2980/3095 5164/2976/3095
f 5169/2980/2972 5569/2991/2972 5568/2990/2972
f 5566/2993/2983 5569/2991/2983 5165/2975/2983
f 5169/2980/2970 5568/2990/2970 5176/2988/2970
f 5568/2990/2971 5175/2987/2971 5176/2988/2971
f 5198/2994/3127 5566/2993/2979 5161/2972/3165
f 5566/2993/2977 5165/2975/2977 5162/2973/2977
f 5161/2972/3165 5566/2993/2979 5162/2973/3098
f 5175/2987/2994 5563/2999/2994 5174/2984/2994
f 5563/2999/2994 5562/3198/2994 5174/2984/2994
f 5173/2985/2964 5174/2984/2963 5562/3198/3205
f 5224/3013/3163 5222/3012/3163 5231/3009/3163
f 5179/2989/3255 5210/3008/2852 5178/2985/3206
f 5210/3008/2927 5204/3002/2925 5178/2985/2924
f 5570/3198/2886 5204/3002/2886 5205/2999/2886
f 5205/2999/2886 5181/2984/2886 5570/3198/2886
f 5182/2987/2886 5181/2984/2886 5205/2999/2886
f 5178/2985/2924 5204/3002/2925 5570/3198/2926
f 5570/3198/3307 5181/2984/2953 5178/2985/2952
f 5171/2983/2852 5183/2981/2852 5137/2963/3259
f 5137/2963/3259 5183/2981/2852 5136/2960/3257
f 5121/2949/2985 5122/2948/2986 5157/2965/2987
f 5157/2965/3095 5126/2954/3095 5121/2949/3095
f 5154/2969/2942 5572/3199/2941 5152/2943/3239
f 5154/2969/2981 5573/3199/2979 5571/3200/3098
f 5571/3200/2943 5572/3199/2941 5154/2969/2942
f 5154/2969/2981 5116/2943/3128 5573/3199/2979
f 5573/3199/2975 5116/2943/2975 5114/2941/2975
f 5111/2939/2975 5573/3199/2975 5114/2941/2975
f 5573/3199/2983 5111/2939/2983 5574/3201/2983
f 5573/3199/2977 5574/3201/2977 5575/3202/2977
f 5571/3200/3098 5573/3199/2979 5575/3202/3129
f 5096/2924/3108 5575/3202/3108 5100/2927/3108
f 5096/2924/3128 5571/3200/3098 5575/3202/3129
f 5100/2927/2984 5575/3202/2984 5574/3201/2984
f 5100/2927/2988 5574/3201/2986 5108/2934/2985
f 5108/2934/2985 5574/3201/2986 5111/2939/3110
f 5572/3199/2944 5576/2941/2944 5152/2943/2944
f 5579/2939/2944 5576/2941/2944 5572/3199/2944
f 5572/3199/2923 5577/3201/2923 5579/2939/2923
f 5572/3199/2922 5578/3202/2922 5577/3201/2922
f 5578/3202/3240 5572/3199/2941 5571/3200/2943
f 5580/2936/2900 5582/2940/2900 5579/2939/2900
f 5579/2939/2896 5581/2934/2896 5580/2936/2896
f 5577/3201/2890 5581/2934/2889 5579/2939/2895
f 5579/2939/2946 5582/2940/2946 5576/2941/2946
f 5576/2941/2947 5582/2940/2947 5584/2942/2947
f 5582/2940/2948 5583/2938/2948 5584/2942/2948
f 5580/2936/2949 5583/2938/2949 5582/2940/2949
f 5584/2942/2887 5585/2945/2887 5150/2944/2887
f 5584/2942/3212 5150/2944/3212 5152/2943/3212
f 5576/2941/2945 5584/2942/2945 5152/2943/2945
f 5584/2942/2886 5586/2946/2886 5585/2945/2886
f 5587/2937/2958 5586/2946/2958 5584/2942/2958
f 5587/2937/2959 5584/2942/2959 5583/2938/2959
f 5588/2951/2952 5586/2946/2953 5587/2937/2954
f 5589/3203/3367 5588/2951/2956 5587/2937/3250
f 5589/3203/3367 5587/2937/3250 5591/3204/2852
f 5591/3204/2852 5587/2937/3250 5590/2935/2852
f 5587/2937/2950 5580/2936/2950 5590/2935/2950
f 5587/2937/2951 5583/2938/2951 5580/2936/2951
f 5591/3204/2852 5592/3205/3381 5107/2935/2852
f 5591/3204/2852 5590/2935/2852 5592/3205/3381
f 5110/2937/3382 5591/3204/2852 5107/2935/2852
f 5589/3203/3367 5591/3204/2852 5110/2937/3382
f 5592/3205/3381 5590/2935/2852 5593/2931/3375
f 5592/3205/3381 5593/2931/3375 5594/3206/3383
f 5592/3205/3381 5594/3206/3383 5104/2931/3384
f 5107/2935/2852 5592/3205/3381 5104/2931/3384
f 5594/3206/3383 5593/2931/3375 5595/2913/3187
f 5594/3206/3383 5595/2913/3187 5083/2911/2852
f 5594/3206/3383 5083/2911/2852 5087/2913/3118
f 5104/2931/3384 5594/3206/3383 5087/2913/3118
f 5593/2931/3182 5596/2929/3183 5595/2913/3184
f 5595/2913/3178 5596/2929/3178 5597/2926/3178
f 5595/2913/3304 5597/2926/3304 5599/2930/3304
f 5083/2911/2852 5595/2913/3187 5084/2912/2852
f 5595/2913/2950 5598/2915/2950 5084/2912/2950
f 5595/2913/3301 5599/2930/3301 5598/2915/3301
f 5598/2915/3302 5599/2930/3302 5600/2925/3302
f 5600/2925/3303 5599/2930/3303 5597/2926/3303
f 5602/2919/2946 5600/2925/2946 5601/2922/2946
f 5601/2922/3136 5600/2925/3136 5597/2926/3136
f 5598/2915/2900 5600/2925/2900 5602/2919/2900
f 5602/2919/2896 5603/2917/2896 5598/2915/2896
f 5605/2918/2890 5603/2917/2889 5602/2919/2895
f 5604/2920/2923 5605/2918/2923 5602/2919/2923
f 5602/2919/2944 5601/2922/2944 5604/2920/2944
f 5070/2901/2888 5603/2917/2889 5605/2918/2890
f 5070/2901/2891 5605/2918/2891 5606/2921/2891
f 5604/2920/2922 5606/2921/2922 5605/2918/2922
f 5059/2903/3211 5070/2901/3211 5606/2921/3211
f 5058/2907/3239 5059/2903/3239 5606/2921/3240
f 5606/2921/3240 5604/2920/2941 5058/2907/3239
f 5095/2923/3134 5604/2920/2941 5607/2924/3132
f 5058/2907/3239 5604/2920/2941 5095/2923/3134
f 5604/2920/2944 5601/2922/2944 5607/2924/2944
f 5095/2923/3134 5607/2924/3132 5571/3200/2943
f 5571/3200/2943 5607/2924/3132 5578/3202/3240
f 5607/2924/3211 5608/2927/3211 5578/3202/3211
f 5597/2926/3176 5608/2927/3176 5607/2924/3176
f 5601/2922/3141 5597/2926/3141 5607/2924/3141
f 5597/2926/3175 5610/2928/3175 5608/2927/3175
f 5608/2927/2888 5581/2934/2889 5577/3201/2890
f 5608/2927/2891 5577/3201/2891 5578/3202/2891
f 5608/2927/2887 5610/2928/2887 5609/2933/2887
f 5609/2933/2892 5581/2934/2892 5608/2927/2892
f 5611/2932/2886 5609/2933/2886 5610/2928/2886
f 5610/2928/3210 5596/2929/3210 5611/2932/3210
f 5597/2926/3177 5596/2929/3177 5610/2928/3177
f 5593/2931/2924 5609/2933/2925 5611/2932/2926
f 5611/2932/3209 5596/2929/3183 5593/2931/3182
f 5590/2935/2905 5580/2936/2898 5609/2933/2897
f 5590/2935/2927 5609/2933/2925 5593/2931/2924
f 5609/2933/2897 5580/2936/2898 5581/2934/2899
f 5612/2914/2897 5598/2915/2898 5603/2917/2899
f 5612/2914/2892 5603/2917/2892 5070/2901/2892
f 5070/2901/2887 5071/2902/2887 5612/2914/2887
f 5613/2916/2886 5612/2914/2886 5071/2902/2886
f 5084/2912/2905 5598/2915/2898 5612/2914/2897
f 5084/2912/2927 5612/2914/2925 5074/2899/2924
f 5074/2899/2924 5612/2914/2925 5613/2916/2926
f 5613/2916/3307 5072/2898/2953 5074/2899/2952
f 5071/2902/2886 5072/2898/2886 5613/2916/2886
f 5129/2957/3255 5588/2951/2956 5589/3203/3367
f 5129/2957/3255 5589/3203/3367 5124/2951/3170
f 5124/2951/3170 5589/3203/3367 5110/2937/3382
f 5141/2953/2927 5615/2950/2925 5588/2951/2924
f 5129/2957/3255 5141/2953/2854 5588/2951/2956
f 5588/2951/2924 5615/2950/2925 5614/2952/2926
f 5614/2952/3307 5586/2946/2953 5588/2951/2952
f 5150/2944/2887 5585/2945/2887 5615/2950/2887
f 5614/2952/2886 5615/2950/2886 5585/2945/2886
f 5615/2950/2892 5147/2949/2892 5150/2944/2892
f 5141/2953/2905 5142/2954/2898 5615/2950/2897
f 5615/2950/2897 5142/2954/2898 5147/2949/2899
f 5585/2945/2886 5586/2946/2886 5614/2952/2886
f 5095/2923/2981 5571/3200/3098 5096/2924/3128
f 5128/2956/2852 5141/2953/2854 5129/2957/3255
f 5124/2951/2964 5118/2946/2963 5125/2952/3205
f 5117/2945/2994 5125/2952/2994 5118/2946/2994
f 5110/2937/2962 5118/2946/2963 5124/2951/2964
f 5086/2915/2972 5091/2919/2972 5098/2925/2972
f 5054/2902/2994 5089/2916/2994 5049/2898/2994
f 5048/2899/2964 5049/2898/2963 5089/2916/3205
f 5015/2877/2888 5066/2886/2889 5062/2885/2890
f 5016/2878/3268 5015/2877/3268 5063/2884/3268
f 5022/2883/3167 5016/2878/3132 5063/2884/3240
f 5015/2877/2891 5062/2885/2891 5063/2884/2891
f 5036/2886/2985 5037/2885/2986 5043/2892/3110
f 5040/2890/3385 4983/2866/3386 5041/2891/3387
f 5032/2876/2994 5041/2891/2994 5033/2880/2994
f 4983/2866/3386 5033/2880/3388 5041/2891/3387
f 5023/2878/3128 5022/2883/3165 5035/2884/3129
f 4957/2841/3128 5002/2869/3098 5027/2870/3129
f 4957/2841/3108 5027/2870/3108 4975/2859/3108
f 4975/2859/2984 5027/2870/2984 5026/2871/2984
f 4975/2859/2988 5026/2871/2986 4979/2864/2985
f 4982/2867/2852 5011/2866/3250 4985/2865/2852
f 5616/2862/2886 5006/2861/2886 5007/2860/2886
f 5007/2860/2886 4989/2854/2886 5616/2862/2886
f 4990/2856/2886 4989/2854/2886 5007/2860/2886
f 4986/2855/2924 5006/2861/2925 5616/2862/2926
f 5616/2862/3307 4989/2854/2953 4986/2855/2952
f 4985/2865/2927 5006/2861/2925 4986/2855/2924
f 4952/2839/3133 5002/2869/3098 4957/2841/3128
f 4966/2852/2850 4991/2848/2850 4967/2850/3202
f 4967/2850/3202 4991/2848/2850 4936/2833/3186
f 4967/2850/3202 4936/2833/3186 4937/2834/3185
f 4967/2850/3202 4937/2834/3185 4942/2833/3189
f 4925/2824/3211 4932/2830/3211 4953/2838/3211
f 4940/2836/3169 4938/2817/2850 5617/2807/3389
f 4940/2836/3169 5617/2807/3389 5618/2805/3390
f 4912/2817/2850 4940/2836/3169 4901/2807/3170
f 4940/2836/3169 4903/2805/2961 4901/2807/3170
f 5618/2805/3390 5617/2807/3389 5619/2802/2957
f 5618/2805/3390 5619/2802/2957 4898/2803/2850
f 5617/2807/2952 5620/2806/2953 5619/2802/2954
f 5619/2802/2958 5620/2806/2958 5621/2808/2958
f 5619/2802/2959 5621/2808/2959 5624/2809/2959
f 4898/2803/2850 5619/2802/2957 5622/2801/2850
f 5619/2802/2950 5623/2798/2950 5622/2801/2950
f 5619/2802/2951 5624/2809/2951 5623/2798/2951
f 5625/2810/2948 5624/2809/2948 5621/2808/2948
f 5623/2798/2949 5624/2809/2949 5625/2810/2949
f 5627/2795/2946 5625/2810/2946 5626/2796/2946
f 5626/2796/2947 5625/2810/2947 5621/2808/2947
f 5623/2798/2900 5625/2810/2900 5627/2795/2900
f 5627/2795/2896 5628/2797/2896 5623/2798/2896
f 5629/2794/2890 5628/2797/2889 5627/2795/2895
f 4886/2792/2923 5629/2794/2923 5627/2795/2923
f 5627/2795/2944 5626/2796/2944 4886/2792/2944
f 4863/2782/2888 5628/2797/2889 5629/2794/2890
f 4863/2782/2891 5629/2794/2891 4885/2789/2891
f 4886/2792/2922 4885/2789/2922 5629/2794/2922
f 5630/2799/2897 5623/2798/2898 5628/2797/2899
f 5630/2799/2892 5628/2797/2892 4863/2782/2892
f 4863/2782/2887 4864/2781/2887 5630/2799/2887
f 5631/2800/2886 5630/2799/2886 4864/2781/2886
f 5622/2801/2905 5623/2798/2898 5630/2799/2897
f 5622/2801/2927 5630/2799/2925 4867/2785/2924
f 4867/2785/2924 5630/2799/2925 5631/2800/2926
f 5631/2800/3270 4865/2783/3146 4867/2785/3145
f 4864/2781/3306 4865/2783/3306 5631/2800/3306
f 4886/2792/2944 5626/2796/2944 4920/2793/2944
f 5626/2796/2945 5621/2808/2945 4920/2793/2945
f 4898/2803/2850 5622/2801/2850 4899/2804/3169
f 4899/2804/3169 5622/2801/2850 4867/2785/3149
f 5621/2808/2887 5633/2812/2887 5632/2811/2887
f 5621/2808/3212 5632/2811/3212 4920/2793/3212
f 5621/2808/2886 5620/2806/2886 5633/2812/2886
f 5632/2811/2887 5633/2812/2887 5634/2814/2887
f 5635/2813/2886 5634/2814/2886 5633/2812/2886
f 5633/2812/2886 5620/2806/2886 5635/2813/2886
f 5617/2807/2924 5634/2814/2925 5635/2813/2926
f 5635/2813/3391 5620/2806/2953 5617/2807/2952
f 5634/2814/2892 4928/2816/2892 5632/2811/2892
f 4938/2817/2905 4927/2815/2898 5634/2814/2897
f 4938/2817/2927 5634/2814/2925 5617/2807/2924
f 5634/2814/2897 4927/2815/2898 4928/2816/2899
f 5632/2811/2888 4928/2816/2889 4924/2818/2890
f 5632/2811/2891 4924/2818/2891 4921/2820/2891
f 4920/2793/3211 5632/2811/3211 4921/2820/3211
f 4884/2791/3134 4886/2792/2941 4920/2793/3132
f 4901/2807/2964 4902/2806/2963 4909/2813/3392
f 4899/2804/3169 4867/2785/3149 4868/2786/3148
f 4899/2804/3169 4872/2786/3152 4874/2785/3156
f 4876/2779/3264 4896/2781/3264 4875/2783/3264
f 4876/2779/3262 4882/2782/3262 4896/2781/3262
f 4896/2781/3332 4895/2800/3332 4875/2783/3332
f 4874/2785/3155 4875/2783/3154 4895/2800/3265
f 4856/2776/3268 4863/2782/3268 4885/2789/3268
f 4871/2788/2849 4869/2769/2850 5636/2765/3393
f 4871/2788/2849 5636/2765/3393 5637/3207/3311
f 4843/2769/2850 4871/2788/2849 4839/2765/3336
f 4871/2788/2849 5638/3207/3394 4839/2765/3336
f 5638/3207/3394 4814/2740/2852 4818/2742/3124
f 4839/2765/3336 5638/3207/3394 4818/2742/3124
f 5637/3207/3311 5636/2765/3393 5639/2742/3250
f 5637/3207/3311 5639/2742/3250 4814/2740/2852
f 5636/2765/2952 5640/2762/2953 5639/2742/2954
f 5639/2742/2958 5640/2762/2958 5641/2759/2958
f 5639/2742/2959 5641/2759/2959 5643/2763/2959
f 4814/2740/2852 5639/2742/3250 4815/2741/2852
f 5639/2742/2950 5642/2744/2950 4815/2741/2950
f 5639/2742/2951 5643/2763/2951 5642/2744/2951
f 5644/2758/2948 5643/2763/2948 5641/2759/2948
f 5642/2744/2949 5643/2763/2949 5644/2758/2949
f 5646/2753/2946 5644/2758/2946 5645/2757/2946
f 5645/2757/2947 5644/2758/2947 5641/2759/2947
f 5642/2744/2900 5644/2758/2900 5646/2753/2900
f 5646/2753/2896 5647/2748/2896 5642/2744/2896
f 5649/2751/2890 5647/2748/2889 5646/2753/2895
f 5648/2752/2923 5649/2751/2923 5646/2753/2923
f 5646/2753/2944 5645/2757/2944 5648/2752/2944
f 5650/2747/2888 5647/2748/2889 5649/2751/2890
f 5650/2747/2891 5649/2751/2891 5651/2750/2891
f 5648/2752/2922 5651/2750/2922 5649/2751/2922
f 5652/2749/3211 5650/2747/3211 5651/2750/3211
f 4830/2756/3240 5652/2749/3132 5651/2750/3240
f 5651/2750/3240 5648/2752/2941 4830/2756/3240
f 5653/3208/3395 5655/3209/2941 5652/2749/3132
f 5653/3208/3395 5652/2749/3132 4830/2756/3240
f 5654/2736/3176 5650/2747/3176 5652/2749/3176
f 5656/3210/3141 5654/2736/3141 5652/2749/3141
f 5655/3209/2944 5656/3210/2944 5652/2749/2944
f 5658/2727/2944 5656/3210/2944 5655/3209/2944
f 5658/2727/2946 5657/2731/2946 5656/3210/2946
f 5656/3210/3136 5657/2731/3136 5654/2736/3136
f 5659/2728/2900 5657/2731/2900 5658/2727/2900
f 5658/2727/2896 5660/2725/2896 5659/2728/2896
f 5661/2724/2890 5660/2725/2889 5658/2727/3135
f 5655/3209/2923 5661/2724/2923 5658/2727/2923
f 5662/2722/2888 5660/2725/2889 5661/2724/2890
f 5662/2722/2891 5661/2724/2891 5663/2721/2891
f 5655/3209/2922 5663/2721/2922 5661/2724/2922
f 4692/2697/3211 5662/2722/3211 5663/2721/3211
f 4790/2720/2943 4692/2697/2943 5663/2721/2921
f 5663/2721/2921 5655/3209/2941 4790/2720/2943
f 4694/2699/2887 5665/2723/2887 5662/2722/2887
f 4694/2699/3212 5662/2722/3212 4692/2697/3212
f 5662/2722/2887 5665/2723/2887 5664/2726/2887
f 5664/2726/2892 5660/2725/2892 5662/2722/2892
f 5666/3211/2886 5664/2726/2886 5665/2723/2886
f 5665/2723/2886 4701/2706/2886 5666/3211/2886
f 4694/2699/2886 4701/2706/2886 5665/2723/2886
f 4700/2705/2924 5664/2726/2925 5666/3211/2926
f 5666/3211/3307 4701/2706/2953 4700/2705/2952
f 4809/2729/2905 5659/2728/2898 5664/2726/2897
f 4809/2729/2927 5664/2726/2925 4700/2705/2924
f 5664/2726/2897 5659/2728/2898 5660/2725/2899
f 4810/2730/3301 5667/2732/3301 5659/2728/3301
f 4810/2730/2950 5659/2728/2950 4809/2729/2950
f 5659/2728/3302 5667/2732/3302 5657/2731/3302
f 5657/2731/3303 5667/2732/3303 5654/2736/3303
f 4810/2730/3304 5654/2736/3304 5667/2732/3304
f 4790/2720/2943 5655/3209/2941 5653/3208/3395
f 5654/2736/3175 5668/2746/3175 5650/2747/3175
f 5654/2736/3177 5669/2733/3177 5668/2746/3177
f 4810/2730/3178 5669/2733/3178 5654/2736/3178
f 5668/2746/3210 5669/2733/3210 5670/2745/3210
f 4812/2734/3182 5669/2733/3183 4810/2730/3184
f 5670/2745/3209 5669/2733/3183 4812/2734/3182
f 4812/2734/2924 5671/2743/2925 5670/2745/2926
f 5670/2745/2886 5671/2743/2886 5668/2746/2886
f 5650/2747/2887 5668/2746/2887 5671/2743/2887
f 5671/2743/2892 5647/2748/2892 5650/2747/2892
f 4815/2741/2905 5642/2744/2898 5671/2743/2897
f 4815/2741/2927 5671/2743/2925 4812/2734/2924
f 5671/2743/2897 5642/2744/2898 5647/2748/2899
f 5653/3208/3127 4830/2756/2982 4824/2749/3128
f 5653/3208/3127 5672/3209/2979 4790/2720/2982
f 5653/3208/3127 4824/2749/3128 5672/3209/2979
f 5672/3209/2975 4824/2749/2975 5673/3210/2975
f 4797/2727/2975 5672/3209/2975 5673/3210/2975
f 5672/3209/2983 4797/2727/2983 4793/2724/2983
f 5672/3209/2977 4793/2724/2977 4791/2721/2977
f 4790/2720/2982 5672/3209/2979 4791/2721/3098
f 5673/3210/3163 4824/2749/3163 4806/2736/3163
f 4797/2727/2973 5673/3210/2973 4800/2731/2973
f 5673/3210/3162 4806/2736/3162 4800/2731/3162
f 4829/2754/2942 5648/2752/2941 4851/2755/3132
f 4830/2756/3240 5648/2752/2941 4829/2754/2942
f 5648/2752/2944 5645/2757/2944 4851/2755/2944
f 5645/2757/2945 5641/2759/2945 4851/2755/2945
f 5641/2759/2887 5675/2761/2887 5674/2760/2887
f 5641/2759/3212 5674/2760/3212 4851/2755/3212
f 5641/2759/2886 5640/2762/2886 5675/2761/2886
f 5674/2760/2887 5675/2761/2887 5676/2766/2887
f 5677/2764/2886 5676/2766/2886 5675/2761/2886
f 5675/2761/2886 5640/2762/2886 5677/2764/2886
f 5636/2765/2924 5676/2766/2925 5677/2764/2926
f 5677/2764/3307 5640/2762/2953 5636/2765/2952
f 5676/2766/2892 4859/2768/2892 5674/2760/2892
f 4869/2769/2905 4858/2767/2898 5676/2766/2897
f 4869/2769/2927 5676/2766/2925 5636/2765/2924
f 5676/2766/2897 4858/2767/2898 4859/2768/2899
f 5674/2760/2888 4859/2768/2889 4855/2770/2890
f 5674/2760/2891 4855/2770/2891 4852/2772/2891
f 4851/2755/3211 5674/2760/3211 4852/2772/3211
f 4817/2744/2972 4827/2753/2972 4833/2758/2972
f 4824/2749/3128 4830/2756/2982 4825/2750/3129
f 4827/2753/3095 4817/2744/3095 4822/2748/3095
f 4806/2736/3199 4821/2746/3199 4804/2733/3199
f 4821/2746/3200 4820/2745/3200 4804/2733/3200
f 4803/2734/3115 4804/2733/3114 4820/2745/3201
f 4808/2738/2849 4809/2729/2850 4700/2705/2956
f 4808/2738/2849 4700/2705/2956 4702/2707/2955
f 4799/2729/2850 4808/2738/2849 4708/2705/2965
f 4808/2738/2849 4706/2707/2961 4708/2705/2965
f 4800/2731/3253 4806/2736/3253 4801/2732/3253
f 4799/2729/3008 4708/2705/3009 4794/2726/3010
f 4795/2723/2994 5678/3211/2994 4709/2706/2994
f 4710/2699/2994 4795/2723/2994 4709/2706/2994
f 5678/3211/2994 4795/2723/2994 4794/2726/2994
f 4794/2726/3010 4708/2705/3009 5678/3211/3011
f 4708/2705/2964 4709/2706/2963 5678/3211/3205
f 4690/2696/2942 4692/2697/2943 4790/2720/2943
f 4704/2709/2850 4678/2683/2850 4676/2682/2933
f 4704/2709/2850 4698/2703/2854 4678/2683/2850
f 4698/2703/2927 4682/2688/2925 4678/2683/2924
f 4691/2695/2920 4686/2691/3107 4684/2690/2940
f 4664/2669/3396 5679/2717/3396 4686/2691/3397
f 5679/2717/3398 4677/2681/3398 4686/2691/3398
f 4666/2671/2946 5680/2719/2946 5679/2717/2946
f 4666/2671/2944 5679/2717/3396 4664/2669/3396
f 5679/2717/3136 5680/2719/3136 4677/2681/3136
f 4668/2673/2900 5680/2719/2900 4666/2671/2900
f 4668/2673/3399 4677/2681/3399 5680/2719/3399
f 4678/2683/2924 4682/2688/2925 4679/2685/2926
f 4670/2675/2884 4671/2676/2885 4650/2656/2911
f 4656/2660/2886 4657/2663/2886 4671/2676/2886
f 4650/2656/2911 4671/2676/2885 4657/2663/2881
f 4648/2653/2944 4658/2664/2914 4660/2665/2914
f 4660/2665/2923 4645/2651/2923 4648/2653/2923
f 4660/2665/2922 4646/2652/2922 4645/2651/2922
f 4648/2653/3400 4652/2655/3400 4658/2664/3400
f 4651/2658/2927 4643/2649/2925 4639/2645/2924
f 4639/2645/2924 4643/2649/2925 4640/2646/2926
f 5681/2711/2862 4629/2633/2862 4627/2632/2862
f 5682/2712/3401 4629/2633/3402 5681/2711/3403
f 4624/2631/3404 4629/2633/3402 5682/2712/3401
f 5682/2712/3405 5681/2711/3405 4606/2618/3405
f 4617/2624/2859 4624/2631/2858 5682/2712/3406
f 4617/2624/3405 5682/2712/3405 4606/2618/3405
f 4627/2632/3407 4605/2617/3408 5681/2711/3409
f 4606/2618/3410 5681/2711/3410 4605/2617/3410
f 4628/2634/3411 4605/2617/3408 4627/2632/3407
f 4604/2616/3412 4605/2617/3412 4628/2634/3412
f 4603/2615/3413 4604/2616/3413 4628/2634/3413
f 4617/2624/3414 4606/2618/3414 4608/2619/3414
f 4613/2622/2847 4608/2619/2849 4610/2621/2848
f 5684/3212/3415 5685/3213/3416 5683/3214/3417
f 5683/3214/3417 5685/3213/3416 5686/3215/3418
f 5687/3216/3419 5688/3217/3420 5684/3212/3421
f 5684/3212/3421 5688/3217/3420 5685/3213/3422
f 5689/3218/3423 5683/3214/3423 5690/3219/3423
f 5690/3219/3423 5683/3214/3423 5686/3215/3423
f 5685/3213/3424 5691/3220/3425 5686/3215/3426
f 5686/3215/3426 5691/3220/3425 5690/3219/3426
f 5692/3221/3427 5691/3220/3425 5688/3217/3428
f 5688/3217/3428 5691/3220/3425 5685/3213/3424
f 5687/3216/3429 5693/3222/3429 5688/3217/3429
f 5688/3217/3429 5693/3222/3429 5692/3221/3429
f 5697/3215/3430 5696/3213/3430 5694/3214/3431
f 5694/3214/3431 5696/3213/3431 5695/3212/3431
f 5696/3213/3432 5699/3217/3433 5695/3212/3434
f 5695/3212/3435 5699/3217/3436 5698/3216/3437
f 5689/3218/3423 5690/3219/3423 5694/3214/3423
f 5694/3214/3423 5690/3219/3423 5697/3215/3423
f 5696/3213/3438 5697/3215/3426 5691/3220/3425
f 5691/3220/3425 5697/3215/3426 5690/3219/3426
f 5696/3213/3438 5691/3220/3425 5699/3217/3439
f 5699/3217/3439 5691/3220/3425 5692/3221/3427
f 5698/3216/3429 5699/3217/3429 5693/3222/3429
f 5693/3222/3429 5699/3217/3429 5692/3221/3429
f 5700/3223/3440 5705/3224/3441 5701/3225/3442
f 5701/3225/3443 5702/3226/3444 5700/3223/3445
f 5700/3223/3445 5702/3226/3444 5703/3227/3446
f 5703/3228/3447 5704/3229/3448 5700/3230/3448
f 5704/3231/3440 5705/3224/3441 5700/3223/3440
f 5705/3224/3441 5709/3232/3449 5706/3233/3449
f 5706/3233/3449 5707/3232/3449 5705/3224/3441
f 5705/3224/3441 5707/3232/3449 5701/3225/3442
f 5704/3231/3440 5710/3223/3440 5705/3224/3441
f 5705/3224/3441 5710/3223/3440 5708/3225/3441
f 5708/3225/3441 5709/3232/3449 5705/3224/3441
f 5704/3229/3448 5711/3228/3447 5710/3230/3448
f 5711/3227/3450 5712/3226/3451 5710/3223/3452
f 5710/3223/3452 5712/3226/3451 5708/3225/3453
f 5712/3226/3451 5713/3234/3454 5708/3225/3453
f 5711/3227/3450 5714/3235/3455 5712/3226/3451
f 5712/3226/3451 5715/3236/3456 5713/3234/3454
f 5714/3235/3455 5715/3236/3456 5712/3226/3451
f 5714/3235/3457 5717/3237/3457 5715/3236/3427
f 5715/3236/3427 5717/3237/3457 5716/3238/3427
f 5718/3239/3458 5715/3240/3459 5716/3241/3459
f 5713/3242/3458 5715/3240/3459 5718/3239/3458
f 5718/3239/3458 5707/3229/3460 5706/3243/3460
f 5719/3242/3458 5707/3229/3460 5718/3239/3458
f 5719/3242/3458 5718/3239/3458 5720/3240/3459
f 5720/3240/3459 5718/3239/3458 5716/3241/3459
f 5709/3229/3460 5718/3239/3458 5706/3243/3460
f 5713/3242/3458 5718/3239/3458 5709/3229/3460
f 5702/3226/3444 5720/3236/3461 5721/3235/3462
f 5719/3234/3463 5720/3236/3461 5702/3226/3444
f 5721/3235/3457 5720/3236/3427 5717/3237/3457
f 5717/3237/3457 5720/3236/3427 5716/3238/3427
f 5702/3226/3444 5721/3235/3462 5703/3227/3446
f 5703/3227/3446 5721/3235/3462 5722/3244/3464
f 5717/3237/3457 5722/3244/3465 5721/3235/3457
f 5722/3245/3466 5724/3246/3466 5703/3228/3467
f 5723/3247/3465 5722/3244/3465 5717/3237/3457
f 5723/3248/3466 5724/3246/3466 5722/3245/3466
f 5724/3246/3448 5704/3229/3448 5703/3228/3447
f 5724/3246/3448 5711/3228/3447 5704/3229/3448
f 5723/3248/3466 5725/3245/3466 5724/3246/3466
f 5724/3246/3466 5725/3245/3466 5711/3228/3467
f 5714/3235/3457 5725/3244/3465 5717/3237/3457
f 5725/3244/3468 5714/3235/3455 5711/3227/3450
f 5717/3237/3457 5725/3244/3465 5723/3247/3465
f 5701/3225/3443 5719/3234/3463 5702/3226/3444
f 5707/3232/3469 5719/3234/3463 5701/3225/3443
f 5708/3225/3453 5713/3234/3454 5709/3232/3470
f 5729/3249/3471 5726/3250/3472 5727/3251/3473
f 5726/3250/3474 5728/3252/3474 5727/3251/3474
f 5728/3252/3475 5726/3253/3476 5732/3254/3477
f 5730/3255/3478 5726/3250/3472 5729/3249/3471
f 5726/3253/3476 5730/3255/3479 5731/3256/3480
f 5732/3254/3477 5726/3253/3476 5731/3256/3480
f 5734/3251/3481 5728/3252/3475 5732/3254/3477
f 5734/3251/3481 5732/3254/3477 5733/3249/3482
f 5732/3254/3477 5731/3256/3480 5733/3249/3482
f 5735/3250/3483 5728/3252/3483 5734/3251/3483
f 5733/3249/3482 5735/3250/3484 5734/3251/3481
f 5728/3252/3485 5735/3253/3486 5737/3254/3487
f 5730/3255/3479 5735/3250/3484 5733/3249/3482
f 5735/3253/3486 5730/3255/3478 5736/3256/3488
f 5737/3254/3487 5735/3253/3486 5736/3256/3488
f 5727/3251/3473 5728/3252/3485 5737/3254/3487
f 5727/3251/3473 5737/3254/3487 5729/3249/3471
f 5737/3254/3487 5736/3256/3488 5729/3249/3471
f 5736/3256/3488 5730/3255/3478 5729/3249/3471
f 5731/3256/3480 5730/3255/3479 5733/3249/3482
