# Blender 5.1.0
# www.blender.org
mtllib new.mtl
o blade
v -34.726379 0.402847 2.306175
v 42.239052 0.402847 2.306175
v 42.239052 6.343438 3.263484
v -34.726379 6.343438 3.263484
v -34.726379 12.284030 2.306174
v 42.239052 12.284030 2.306174
v 42.239052 12.284030 -2.306176
v -34.726379 12.284030 -2.306176
v -34.726379 6.343437 -3.263485
v 42.239052 6.343437 -3.263485
v 42.239052 0.402847 -2.306175
v -34.726379 0.402847 -2.306175
v -268.730286 9.255753 0.656044
v -269.878693 10.594860 0.120699
v -270.664215 9.264869 0.656044
v -272.003113 10.594860 0.120699
v -272.952606 9.261064 0.656044
v -274.135101 10.594860 0.120699
v -275.470215 9.256878 0.656044
v -276.474915 10.594860 0.120699
v -277.931396 9.252786 0.656044
v -279.139801 10.594860 0.120699
v -280.479797 9.248548 0.656044
v -282.387299 10.594860 0.120699
v -283.450714 9.255753 0.656044
v -284.993286 10.594860 0.120699
v -285.778809 9.264869 0.656044
v -287.117706 10.594860 0.120699
v -288.067291 9.261064 0.656044
v -289.249695 10.594860 0.120699
v -290.584808 9.256878 0.656044
v -291.589508 10.594860 0.120699
v -293.274506 9.007750 0.656044
v -265.945099 9.375655 0.656044
v -267.666992 10.594860 0.120699
v -295.690491 4.498156 0.656045
v -268.556396 4.498090 0.656045
v -294.061005 8.514835 0.656044
v -291.928314 8.539364 0.656044
v -289.268005 8.749884 0.656044
v -286.778015 8.753421 0.656044
v -284.514496 8.756637 0.656044
v -282.211914 8.748933 0.656044
v -279.273499 8.742845 0.656044
v -276.752899 8.746426 0.656044
v -274.318512 8.749884 0.656044
v -271.828613 8.753421 0.656044
v -269.565094 8.756637 0.656044
v -268.556396 8.748933 0.656044
v -295.430786 8.978724 0.656044
v -296.714386 10.594860 0.120699
v -300.190491 3.332515 0.120700
v -298.111115 3.329937 0.656045
v -101.198799 9.387801 0.656044
v -102.347198 10.594860 0.120699
v -103.132599 9.396917 0.656044
v -298.111115 3.329937 0.120700
v -104.471603 10.594860 0.120699
v -105.421097 9.393112 0.656044
v -106.603600 10.594860 0.120699
v -107.938599 9.388926 0.656044
v -108.943398 10.594860 0.120699
v -110.399803 9.384834 0.656044
v -111.608299 10.594860 0.120699
v -112.948303 9.380596 0.656044
v -114.855797 10.594860 0.120699
v -115.919098 9.387801 0.656044
v -293.951508 10.603150 0.120699
v -117.461800 10.594860 0.120699
v -118.247200 9.396917 0.656044
v -119.586197 10.594860 0.120699
v -120.535698 9.393112 0.656044
v -121.718201 10.594860 0.120699
v -123.053200 9.388926 0.656044
v -124.057999 10.594860 0.120699
v -125.514503 9.384834 0.656044
v -126.722900 10.594860 0.120699
v -128.062897 9.380596 0.656044
v -129.970398 10.594860 0.120699
v -131.033798 9.375655 0.656044
v -86.552460 9.375655 0.656044
v -87.626846 10.594860 0.120699
v -88.412277 9.396917 0.656044
v -89.751251 10.594860 0.120699
v -90.700768 9.393112 0.656044
v -91.883240 10.594860 0.120699
v -93.218292 9.388926 0.656044
v -94.223022 10.594860 0.120699
v -95.679497 9.384834 0.656044
v -96.887917 10.594860 0.120699
v -98.227951 9.380596 0.656044
v -100.135498 10.594860 0.120699
v -56.717510 9.387801 0.656044
v -57.865879 10.594860 0.120699
v -58.651310 9.396917 0.656044
v -59.990280 10.594860 0.120699
v -60.939819 9.393112 0.656044
v -62.122280 10.594860 0.120699
v -63.457321 9.388926 0.656044
v -64.462051 10.594860 0.120699
v -65.918533 9.384834 0.656044
v -67.126961 10.594860 0.120699
v -68.466988 9.380596 0.656044
v -70.374496 10.594860 0.120699
v -71.437843 9.387801 0.656044
v -72.980499 10.594860 0.120699
v -73.765930 9.396917 0.656044
v -75.104897 10.594860 0.120699
v -76.054443 9.393112 0.656044
v -77.236900 10.594860 0.120699
v -78.571938 9.388926 0.656044
v -79.576668 10.594860 0.120699
v -81.033157 9.384834 0.656044
v -82.241592 10.594860 0.120699
v -83.581612 9.380596 0.656044
v -85.489128 10.594860 0.120699
v -42.109341 9.399946 0.656044
v -43.145538 10.594860 0.120699
v -43.930981 9.396917 0.656044
v -45.269951 10.594860 0.120699
v -46.219479 9.393112 0.656044
v -47.401939 10.594860 0.120699
v -48.736992 9.388926 0.656044
v -49.741718 10.594860 0.120699
v -51.198200 9.384834 0.656044
v -52.406631 10.594860 0.120699
v -53.746651 9.380596 0.656044
v -55.654171 10.594860 0.120699
v -146.029602 9.384833 0.656044
v -147.126694 10.594860 0.120699
v -147.691803 9.385850 0.656044
v -149.251099 10.594860 0.120699
v -150.102905 9.387326 0.656044
v -152.718201 9.388926 0.656044
v -153.722900 10.594860 0.120699
v -155.179398 9.384834 0.656044
v -156.387802 10.594860 0.120699
v -157.727798 9.380596 0.656044
v -159.635300 10.594860 0.120699
v -160.698700 9.387801 0.656044
v -162.241302 10.594860 0.120699
v -163.026794 9.396917 0.656044
v -164.365799 10.594860 0.120699
v -165.315308 9.393112 0.656044
v -166.497696 10.594860 0.120699
v -167.832794 9.388926 0.656044
v -168.837494 10.594860 0.120699
v -170.294006 9.384834 0.656044
v -171.502396 10.594860 0.120699
v -172.842499 9.380596 0.656044
v -174.750000 10.594860 0.120699
v -175.813293 9.375655 0.656044
v -132.406403 10.594860 0.120699
v -132.879807 9.376786 0.656044
v -134.530807 10.594860 0.120699
v -135.010406 9.378089 0.656044
v -136.662796 10.594860 0.120699
v -137.766907 9.379775 0.656044
v -139.002594 10.594860 0.120699
v -140.284393 9.381316 0.656044
v -141.667496 10.594860 0.120699
v -142.785797 9.382847 0.656044
v -144.914993 10.594860 0.120699
v -190.922302 9.387801 0.656044
v -192.070602 10.594860 0.120699
v -192.856094 9.396917 0.656044
v -194.195007 10.594860 0.120699
v -195.144608 9.393112 0.656044
v -196.326996 10.594860 0.120699
v -197.662094 9.388926 0.656044
v -198.666794 10.594860 0.120699
v -200.123306 9.384834 0.656044
v -201.331696 10.594860 0.120699
v -202.671799 9.380596 0.656044
v -204.579300 10.594860 0.120699
v -205.642593 9.387801 0.656044
v -207.185303 10.594860 0.120699
v -207.970703 9.396917 0.656044
v -209.309692 10.594860 0.120699
v -210.259201 9.393112 0.656044
v -211.441696 10.594860 0.120699
v -212.776703 9.388926 0.656044
v -213.781403 10.594860 0.120699
v -215.237900 9.384834 0.656044
v -216.446304 10.594860 0.120699
v -217.786407 9.380596 0.656044
v -219.693893 10.594860 0.120699
v -220.757202 9.375655 0.656044
v -177.350296 10.594860 0.120699
v -178.135696 9.396917 0.656044
v -179.474701 10.594860 0.120699
v -180.424194 9.393112 0.656044
v -181.606705 10.594860 0.120699
v -182.941696 9.388926 0.656044
v -183.946503 10.594860 0.120699
v -185.403000 9.384834 0.656044
v -186.611404 10.594860 0.120699
v -187.951401 9.380596 0.656044
v -189.858902 10.594860 0.120699
v -73.954529 2.579094 0.656045
v -98.167709 2.585580 0.656045
v -98.167709 2.585689 0.120700
v -73.954529 2.579155 0.120700
v -236.110199 9.387801 0.656044
v -237.258499 10.594860 0.120699
v -238.044006 9.396917 0.656044
v -239.382904 10.594860 0.120699
v -240.332504 9.393112 0.656044
v -241.514893 10.594860 0.120699
v -242.850006 9.388926 0.656044
v -243.854706 10.594860 0.120699
v -245.311203 9.384834 0.656044
v -246.519608 10.594860 0.120699
v -247.859604 9.380596 0.656044
v -249.767197 10.594860 0.120699
v -250.830505 9.387801 0.656044
v -252.373199 10.594860 0.120699
v -253.158600 9.396917 0.656044
v -254.497604 10.594860 0.120699
v -255.447098 9.393112 0.656044
v -256.629486 10.594860 0.120699
v -257.964600 9.388926 0.656044
v -258.969299 10.594860 0.120699
v -260.425812 9.384834 0.656044
v -261.634186 10.594860 0.120699
v -262.974304 9.380596 0.656044
v -264.881805 10.594860 0.120699
v -222.538193 10.594860 0.120699
v -223.323593 9.396917 0.656044
v -224.662598 10.594860 0.120699
v -225.612106 9.393112 0.656044
v -226.794601 10.594860 0.120699
v -228.129593 9.388926 0.656044
v -229.134399 10.594860 0.120699
v -230.590897 9.384834 0.656044
v -231.799301 10.594860 0.120699
v -233.139297 9.380596 0.656044
v -235.046799 10.594860 0.120699
v -153.372406 2.694836 0.120700
v -153.372406 2.694441 0.656045
v -185.957001 2.837821 0.656045
v -185.957001 2.838127 0.120700
v -42.109341 2.570750 0.656045
v -42.109341 2.570750 0.120700
v -74.818993 8.868221 0.656044
v -73.954536 4.496899 0.656045
v -72.516342 8.860517 0.656044
v -43.508419 4.496899 0.656045
v -69.577972 8.854429 0.656044
v -67.057373 8.858010 0.656044
v -64.623062 8.861468 0.656044
v -62.133072 8.865005 0.656044
v -59.869579 8.868221 0.656044
v -57.956909 8.860517 0.656044
v -55.018539 8.854429 0.656044
v -52.497940 8.858010 0.656044
v -50.063629 8.861468 0.656044
v -47.573631 8.865005 0.656044
v -45.310139 8.868221 0.656044
v -43.508419 8.870780 0.656044
v -98.167709 4.496950 0.656045
v -77.082489 8.865005 0.656044
v -79.572479 8.861468 0.656044
v -82.006790 8.858010 0.656044
v -84.527390 8.854429 0.656044
v -87.465767 8.850254 0.656044
v -89.305252 8.868221 0.656044
v -91.568741 8.865005 0.656044
v -94.058739 8.861468 0.656044
v -96.493050 8.858010 0.656044
v -99.013641 8.854429 0.656044
v -131.625305 2.594544 0.656045
v -131.625305 2.594718 0.120700
v -131.625305 4.497042 0.656045
v -101.952003 8.860517 0.656044
v -103.864700 8.868221 0.656044
v -106.128197 8.865005 0.656044
v -108.618202 8.861468 0.656044
v -111.052498 8.858010 0.656044
v -113.573097 8.854429 0.656044
v -116.511497 8.860517 0.656044
v -118.814102 8.868221 0.656044
v -121.077599 8.865005 0.656044
v -123.567596 8.861468 0.656044
v -126.001900 8.858010 0.656044
v -128.522507 8.854429 0.656044
v -131.460907 8.850254 0.656044
v -215.493607 2.968518 0.656045
v -215.493607 2.968742 0.120700
v -152.908295 8.861468 0.656044
v -155.342606 8.858010 0.656044
v -153.372406 4.497190 0.656045
v -185.783798 4.497522 0.656045
v -157.863205 8.854429 0.656044
v -160.801605 8.860517 0.656044
v -163.104202 8.868221 0.656044
v -165.367706 8.865005 0.656044
v -167.857697 8.861468 0.656044
v -170.292007 8.858010 0.656044
v -172.812607 8.854429 0.656044
v -175.751007 8.850254 0.656044
v -178.048004 8.868221 0.656044
v -180.311493 8.865005 0.656044
v -182.801498 8.861468 0.656044
v -185.235794 8.858010 0.656044
v -245.380295 3.098562 0.656045
v -245.380295 3.098706 0.120700
v -215.493607 4.497780 0.656045
v -214.744705 8.858010 0.656044
v -212.310303 8.861468 0.656044
v -209.820297 8.865005 0.656044
v -207.556900 8.868221 0.656044
v -205.254196 8.860517 0.656044
v -202.315796 8.854429 0.656044
v -199.795197 8.858010 0.656044
v -197.360901 8.861468 0.656044
v -194.870895 8.865005 0.656044
v -192.607498 8.868221 0.656044
v -190.694794 8.860517 0.656044
v -187.756393 8.854429 0.656044
v -268.556396 3.203780 0.656045
v -268.556396 3.203858 0.120700
v -217.265305 8.854429 0.656044
v -244.557602 4.497969 0.656045
v -220.203598 8.850254 0.656044
v -222.742004 8.868221 0.656044
v -225.005493 8.865005 0.656044
v -227.495499 8.861468 0.656044
v -229.929794 8.858010 0.656044
v -232.450394 8.854429 0.656044
v -235.388794 8.860517 0.656044
v -237.301498 8.868221 0.656044
v -239.564896 8.865005 0.656044
v -242.054901 8.861468 0.656044
v -244.489197 8.858010 0.656044
v -247.009796 8.854429 0.656044
v -249.948196 8.860517 0.656044
v -252.250900 8.868221 0.656044
v -254.514297 8.865005 0.656044
v -257.004303 8.861468 0.656044
v -259.438599 8.858010 0.656044
v -261.959290 8.854429 0.656044
v -264.897614 8.850254 0.656044
v -150.321594 8.860116 0.656044
v -147.936798 8.858869 0.656044
v -146.292801 8.858010 0.656044
v -143.084503 8.856331 0.656044
v -140.610397 8.855038 0.656044
v -138.120407 8.853735 0.656044
v -135.394104 8.852310 0.656044
v -133.286804 8.851209 0.656044
v -151.383102 10.594860 0.120699
v -293.274506 9.013249 0.120699
v -290.584808 9.257675 0.120699
v -288.067291 9.261825 0.120699
v -285.778809 9.265157 0.120699
v -283.450714 9.256276 0.120699
v -280.479797 9.249422 0.120699
v -277.931396 9.253608 0.120699
v -275.470215 9.257675 0.120699
v -272.952606 9.261825 0.120699
v -270.664215 9.265157 0.120699
v -268.730286 9.256276 0.120699
v -265.945099 9.376702 0.120699
v -262.974213 9.381470 0.120699
v -260.425812 9.385656 0.120699
v -257.964600 9.389723 0.120699
v -255.447098 9.393873 0.120699
v -253.158600 9.397205 0.120699
v -250.830505 9.388324 0.120699
v -247.859604 9.381470 0.120699
v -245.311203 9.385656 0.120699
v -242.850006 9.389723 0.120699
v -240.332504 9.393873 0.120699
v -238.044006 9.397205 0.120699
v -236.110199 9.388324 0.120699
v -233.139297 9.381470 0.120699
v -230.590897 9.385656 0.120699
v -228.129593 9.389723 0.120699
v -225.612106 9.393873 0.120699
v -223.323593 9.397205 0.120699
v -220.757202 9.376702 0.120699
v -217.786407 9.381470 0.120699
v -215.237900 9.385656 0.120699
v -212.776703 9.389723 0.120699
v -210.259201 9.393873 0.120699
v -207.970703 9.397205 0.120699
v -205.642593 9.388324 0.120699
v -202.671707 9.381470 0.120699
v -200.123306 9.385656 0.120699
v -197.662094 9.389723 0.120699
v -195.144608 9.393873 0.120699
v -192.856094 9.397205 0.120699
v -190.922302 9.388324 0.120699
v -187.951401 9.381470 0.120699
v -185.403000 9.385656 0.120699
v -182.941696 9.389723 0.120699
v -180.424194 9.393873 0.120699
v -178.135696 9.397205 0.120699
v -175.813293 9.376702 0.120699
v -172.842407 9.381470 0.120699
v -170.294006 9.385656 0.120699
v -167.832794 9.389723 0.120699
v -165.315308 9.393873 0.120699
v -163.026794 9.397205 0.120699
v -160.698700 9.388324 0.120699
v -157.727798 9.381470 0.120699
v -155.179398 9.385656 0.120699
v -152.718201 9.389723 0.120699
v -150.102905 9.388198 0.120699
v -147.691803 9.386806 0.120699
v -146.029602 9.385809 0.120699
v -142.785797 9.383945 0.120699
v -140.284393 9.382474 0.120699
v -137.766907 9.381004 0.120699
v -135.010406 9.379387 0.120699
v -132.879807 9.378059 0.120699
v -131.033798 9.376702 0.120699
v -128.062897 9.381470 0.120699
v -125.514503 9.385656 0.120699
v -123.053200 9.389723 0.120699
v -120.535698 9.393873 0.120699
v -118.247200 9.397205 0.120699
v -115.919098 9.388324 0.120699
v -112.948303 9.381470 0.120699
v -110.399803 9.385656 0.120699
v -107.938599 9.389723 0.120699
v -105.421097 9.393873 0.120699
v -103.132599 9.397205 0.120699
v -101.198799 9.388324 0.120699
v -98.227943 9.381470 0.120699
v -95.679497 9.385656 0.120699
v -93.218292 9.389723 0.120699
v -90.700768 9.393873 0.120699
v -88.412277 9.397205 0.120699
v -86.552452 9.376702 0.120699
v -83.581596 9.381470 0.120699
v -81.033157 9.385656 0.120699
v -78.571938 9.389723 0.120699
v -76.054443 9.393873 0.120699
v -73.732613 9.397205 0.120699
v -71.437843 9.388324 0.120699
v -68.466980 9.381470 0.120699
v -65.918533 9.385656 0.120699
v -63.457321 9.389723 0.120699
v -60.939819 9.393873 0.120699
v -58.651310 9.397205 0.120699
v -56.717499 9.388324 0.120699
v -53.746651 9.381470 0.120699
v -51.198200 9.385656 0.120699
v -48.736992 9.389723 0.120699
v -46.219479 9.393873 0.120699
v -43.930981 9.397205 0.120699
v -42.109341 9.399946 0.120699
v -268.730286 9.255753 -0.414646
v -270.664215 9.264869 -0.414646
v -272.952606 9.261064 -0.414646
v -275.470215 9.256878 -0.414646
v -277.931396 9.252786 -0.414646
v -280.479797 9.248548 -0.414646
v -283.450714 9.255753 -0.414646
v -285.778809 9.264869 -0.414646
v -288.067291 9.261064 -0.414646
v -290.584808 9.256878 -0.414646
v -293.274506 9.007750 -0.414646
v -265.945099 9.375655 -0.414646
v -295.690491 4.498156 -0.414645
v -268.556396 4.498090 -0.414645
v -294.061005 8.514835 -0.414646
v -291.928314 8.539364 -0.414646
v -289.268005 8.749884 -0.414646
v -286.778015 8.753421 -0.414646
v -284.514496 8.756637 -0.414646
v -282.211914 8.748933 -0.414646
v -279.273499 8.742845 -0.414646
v -276.752899 8.746426 -0.414646
v -274.318512 8.749884 -0.414646
v -271.828613 8.753421 -0.414646
v -269.565094 8.756637 -0.414646
v -268.556396 8.748933 -0.414646
v -295.430786 8.978724 -0.414646
v -298.111115 3.329937 -0.414645
v -101.198799 9.387801 -0.414646
v -103.132599 9.396917 -0.414646
v -105.421097 9.393112 -0.414646
v -107.938599 9.388926 -0.414646
v -110.399803 9.384834 -0.414646
v -112.948303 9.380596 -0.414646
v -115.919098 9.387801 -0.414646
v -118.247200 9.396917 -0.414646
v -120.535698 9.393112 -0.414646
v -123.053200 9.388926 -0.414646
v -125.514503 9.384834 -0.414646
v -128.062897 9.380596 -0.414646
v -131.033798 9.375655 -0.414646
v -86.552460 9.375655 -0.414646
v -88.412277 9.396917 -0.414646
v -90.700768 9.393112 -0.414646
v -93.218292 9.388926 -0.414646
v -95.679497 9.384834 -0.414646
v -98.227951 9.380596 -0.414646
v -56.717510 9.387801 -0.414646
v -58.651310 9.396917 -0.414646
v -60.939819 9.393112 -0.414646
v -63.457321 9.388926 -0.414646
v -65.918533 9.384834 -0.414646
v -68.466988 9.380596 -0.414646
v -71.437843 9.387801 -0.414646
v -73.765930 9.396917 -0.414646
v -76.054443 9.393112 -0.414646
v -78.571938 9.388926 -0.414646
v -81.033157 9.384834 -0.414646
v -83.581612 9.380596 -0.414646
v -42.109341 9.399946 -0.414646
v -43.930981 9.396917 -0.414646
v -46.219479 9.393112 -0.414646
v -48.736992 9.388926 -0.414646
v -51.198200 9.384834 -0.414646
v -53.746651 9.380596 -0.414646
v -146.029602 9.384833 -0.414646
v -147.691803 9.385850 -0.414646
v -150.102905 9.387326 -0.414646
v -152.718201 9.388926 -0.414646
v -155.179398 9.384834 -0.414646
v -157.727798 9.380596 -0.414646
v -160.698700 9.387801 -0.414646
v -163.026794 9.396917 -0.414646
v -165.315308 9.393112 -0.414646
v -167.832794 9.388926 -0.414646
v -170.294006 9.384834 -0.414646
v -172.842499 9.380596 -0.414646
v -175.813293 9.375655 -0.414646
v -132.879807 9.376786 -0.414646
v -135.010406 9.378089 -0.414646
v -137.766907 9.379775 -0.414646
v -140.284393 9.381316 -0.414646
v -142.785797 9.382847 -0.414646
v -190.922302 9.387801 -0.414646
v -192.856094 9.396917 -0.414646
v -195.144608 9.393112 -0.414646
v -197.662094 9.388926 -0.414646
v -200.123306 9.384834 -0.414646
v -202.671799 9.380596 -0.414646
v -205.642593 9.387801 -0.414646
v -207.970703 9.396917 -0.414646
v -210.259201 9.393112 -0.414646
v -212.776703 9.388926 -0.414646
v -215.237900 9.384834 -0.414646
v -217.786407 9.380596 -0.414646
v -220.757202 9.375655 -0.414646
v -178.135696 9.396917 -0.414646
v -180.424194 9.393112 -0.414646
v -182.941696 9.388926 -0.414646
v -185.403000 9.384834 -0.414646
v -187.951401 9.380596 -0.414646
v -73.954529 2.579094 -0.414645
v -98.167709 2.585580 -0.414645
v -236.110199 9.387801 -0.414646
v -238.044006 9.396917 -0.414646
v -240.332504 9.393112 -0.414646
v -242.850006 9.388926 -0.414646
v -245.311203 9.384834 -0.414646
v -247.859604 9.380596 -0.414646
v -250.830505 9.387801 -0.414646
v -253.158600 9.396917 -0.414646
v -255.447098 9.393112 -0.414646
v -257.964600 9.388926 -0.414646
v -260.425812 9.384834 -0.414646
v -262.974304 9.380596 -0.414646
v -223.323593 9.396917 -0.414646
v -225.612106 9.393112 -0.414646
v -228.129593 9.388926 -0.414646
v -230.590897 9.384834 -0.414646
v -233.139297 9.380596 -0.414646
v -153.372406 2.694441 -0.414645
v -185.957001 2.837821 -0.414645
v -42.109341 2.570750 -0.414645
v -74.818993 8.868221 -0.414646
v -73.954536 4.496899 -0.414645
v -72.516342 8.860517 -0.414646
v -43.508419 4.496899 -0.414645
v -69.577972 8.854429 -0.414646
v -67.057373 8.858010 -0.414646
v -64.623062 8.861468 -0.414646
v -62.133072 8.865005 -0.414646
v -59.869579 8.868221 -0.414646
v -57.956909 8.860517 -0.414646
v -55.018539 8.854429 -0.414646
v -52.497940 8.858010 -0.414646
v -50.063629 8.861468 -0.414646
v -47.573631 8.865005 -0.414646
v -45.310139 8.868221 -0.414646
v -43.508419 8.870780 -0.414646
v -98.167709 4.496950 -0.414645
v -77.082489 8.865005 -0.414646
v -79.572479 8.861468 -0.414646
v -82.006790 8.858010 -0.414646
v -84.527390 8.854429 -0.414646
v -87.465767 8.850254 -0.414646
v -89.305252 8.868221 -0.414646
v -91.568741 8.865005 -0.414646
v -94.058739 8.861468 -0.414646
v -96.493050 8.858010 -0.414646
v -99.013641 8.854429 -0.414646
v -131.625305 2.594544 -0.414645
v -131.625305 4.497042 -0.414645
v -101.952003 8.860517 -0.414646
v -103.864700 8.868221 -0.414646
v -106.128197 8.865005 -0.414646
v -108.618202 8.861468 -0.414646
v -111.052498 8.858010 -0.414646
v -113.573097 8.854429 -0.414646
v -116.511497 8.860517 -0.414646
v -118.814102 8.868221 -0.414646
v -121.077599 8.865005 -0.414646
v -123.567596 8.861468 -0.414646
v -126.001900 8.858010 -0.414646
v -128.522507 8.854429 -0.414646
v -131.460907 8.850254 -0.414646
v -215.493607 2.968518 -0.414645
v -152.908295 8.861468 -0.414646
v -155.342606 8.858010 -0.414646
v -153.372406 4.497190 -0.414645
v -185.783798 4.497522 -0.414645
v -157.863205 8.854429 -0.414646
v -160.801605 8.860517 -0.414646
v -163.104202 8.868221 -0.414646
v -165.367706 8.865005 -0.414646
v -167.857697 8.861468 -0.414646
v -170.292007 8.858010 -0.414646
v -172.812607 8.854429 -0.414646
v -175.751007 8.850254 -0.414646
v -178.048004 8.868221 -0.414646
v -180.311493 8.865005 -0.414646
v -182.801498 8.861468 -0.414646
v -185.235794 8.858010 -0.414646
v -245.380295 3.098562 -0.414645
v -215.493607 4.497780 -0.414645
v -214.744705 8.858010 -0.414646
v -212.310303 8.861468 -0.414646
v -209.820297 8.865005 -0.414646
v -207.556900 8.868221 -0.414646
v -205.254196 8.860517 -0.414646
v -202.315796 8.854429 -0.414646
v -199.795197 8.858010 -0.414646
v -197.360901 8.861468 -0.414646
v -194.870895 8.865005 -0.414646
v -192.607498 8.868221 -0.414646
v -190.694794 8.860517 -0.414646
v -187.756393 8.854429 -0.414646
v -268.556396 3.203780 -0.414645
v -217.265305 8.854429 -0.414646
v -244.557602 4.497969 -0.414645
v -220.203598 8.850254 -0.414646
v -222.742004 8.868221 -0.414646
v -225.005493 8.865005 -0.414646
v -227.495499 8.861468 -0.414646
v -229.929794 8.858010 -0.414646
v -232.450394 8.854429 -0.414646
v -235.388794 8.860517 -0.414646
v -237.301498 8.868221 -0.414646
v -239.564896 8.865005 -0.414646
v -242.054901 8.861468 -0.414646
v -244.489197 8.858010 -0.414646
v -247.009796 8.854429 -0.414646
v -249.948196 8.860517 -0.414646
v -252.250900 8.868221 -0.414646
v -254.514297 8.865005 -0.414646
v -257.004303 8.861468 -0.414646
v -259.438599 8.858010 -0.414646
v -261.959290 8.854429 -0.414646
v -264.897614 8.850254 -0.414646
v -150.321594 8.860116 -0.414646
v -147.936798 8.858869 -0.414646
v -146.292801 8.858010 -0.414646
v -143.084503 8.856331 -0.414646
v -140.610397 8.855038 -0.414646
v -138.120407 8.853735 -0.414646
v -135.394104 8.852310 -0.414646
v -133.286804 8.851209 -0.414646
v -42.658829 0.888458 0.680273
v -33.940022 0.888458 0.680273
v -42.658829 11.798420 0.680272
v -33.940022 11.798420 0.680272
v -42.658829 11.798420 -0.680274
v -33.940022 11.798420 -0.680274
v -42.658829 0.888458 -0.680273
v -33.940022 0.888458 -0.680273
v -33.940022 6.343437 1.090098
v -42.658829 6.343437 1.090098
v -42.658829 6.343437 -1.090099
v -33.940022 6.343437 -1.090099
v -38.389309 3.714608 -11.618300
v -38.389309 10.871159 -11.009311
v -38.389309 11.083989 -13.510291
v -38.389309 3.927434 -14.119280
v -38.389309 12.119059 -10.392391
v -38.389309 13.905449 -12.155641
v -38.389309 18.308519 -4.121687
v -38.389309 20.094919 -5.884934
v -38.389309 18.446110 -3.379046
v -38.389309 20.873911 -4.016222
v -38.389309 18.452080 -0.002891
v -38.389309 20.919849 -0.002892
v -38.389309 1.077117 -13.493800
v -38.389309 2.661262 -11.546800
v -38.389309 -5.107934 -8.461411
v -38.389309 -3.523795 -6.514424
v -38.389309 -7.097394 -5.554202
v -38.389309 -4.390604 -5.554200
v -37.484138 6.271694 -10.167040
v -37.484138 8.105626 -10.010981
v -37.638809 12.427679 -6.879860
v -37.638809 14.800310 -4.476090
v -37.484138 -1.774483 -2.036541
v -38.389309 -4.390604 5.548421
v -37.484138 -1.774483 2.030762
v -37.484138 0.725516 -1.099300
v -37.484138 0.725516 1.093521
v -37.484138 5.657225 -1.068666
v -37.484138 7.491157 -0.994150
v -37.484138 8.947980 -1.193834
v -37.484138 11.899980 -0.743368
v -37.907139 0.853437 -14.011040
v -37.907139 3.813035 -14.660510
v -37.907139 -5.568749 -8.785712
v -37.907139 -7.634487 -5.767039
v -38.389309 3.714610 11.612520
v -38.389309 3.927436 14.113500
v -38.389309 11.083991 13.504509
v -38.389309 10.871161 11.003529
v -38.389309 13.905451 12.149869
v -38.389309 12.119061 10.386609
v -38.389309 20.094919 5.879151
v -38.389309 18.308519 4.115906
v -38.389309 20.873911 4.010440
v -38.389309 18.446110 3.373265
v -38.389309 2.661264 11.541020
v -38.389309 1.077119 13.488020
v -38.389309 -3.523794 6.508646
v -38.389309 -5.107934 8.455632
v -38.389309 -7.097394 5.548423
v -37.484138 8.105628 10.005199
v -37.484138 6.271696 10.161270
v -37.638809 14.800310 4.470308
v -37.638809 12.427681 6.874079
v -37.484138 7.491157 0.988369
v -37.484138 5.657225 1.062885
v -37.484138 11.899980 0.737587
v -37.484138 8.743695 1.222687
v -37.907139 11.243971 14.022379
v -37.907139 3.813037 14.654730
v -37.907139 20.600380 6.104671
v -37.907139 14.173611 12.615799
v -37.907139 21.409241 4.164311
v -37.907139 21.456949 -0.002892
v -37.907139 11.243969 -14.028161
v -37.907139 14.173609 -12.621581
v -37.907139 20.600380 -6.110453
v -37.907139 21.409241 -4.170094
v -37.907139 0.853439 14.005260
v -37.907139 -5.568748 8.779933
v -37.907139 -7.634486 5.761261
v -37.907139 3.927434 -14.119280
v -37.907139 1.077117 -13.493800
v -37.907139 -5.107934 -8.461411
v -37.907139 -7.097394 -5.554202
v -37.907139 3.927436 14.113500
v -37.907139 11.083991 13.504509
v -37.907139 13.905451 12.149869
v -37.907139 20.094919 5.879151
v -37.907139 20.873911 4.010440
v -37.907139 20.919849 -0.002892
v -37.907139 11.083989 -13.510291
v -37.907139 13.905449 -12.155641
v -37.907139 20.094919 -5.884934
v -37.907139 20.873911 -4.016222
v -37.907139 1.077119 13.488020
v -37.907139 -5.107934 8.455632
v -37.907139 -7.097394 5.548423
v -37.954140 10.871159 -11.009311
v -37.954140 12.119059 -10.392391
v -37.954140 18.308519 -4.121687
v -37.954140 18.446110 -3.379046
v -37.954140 18.452080 -0.002891
v -37.954140 3.714608 -11.618300
v -37.291592 6.271694 -10.167040
v -37.404800 12.427679 -6.879860
v -37.291592 5.657225 -1.068666
v -37.291592 8.947980 -1.193834
v -37.954140 3.714610 11.612520
v -37.954140 2.661264 11.541020
v -37.954140 -3.523794 6.508646
v -37.954140 -4.390604 5.548421
v -37.954140 10.871161 11.003529
v -37.291592 8.105628 10.005199
v -37.954140 18.308519 4.115906
v -37.404800 14.800310 4.470308
v -37.291592 -1.774484 2.030762
v -37.291592 0.725516 1.093521
v -37.291592 7.491157 0.988369
v -37.291592 11.899980 0.737587
v -37.954140 2.661262 -11.546800
v -37.954140 -3.523795 -6.514424
v -37.954140 -4.390604 -5.554200
v -37.291592 8.105626 -10.010981
v -37.404800 14.800310 -4.476090
v -37.291592 -1.774484 -2.036541
v -37.291592 0.725516 -1.099300
v -37.291592 7.491157 -0.994150
v -37.291592 11.899980 -0.743368
v -37.954140 12.119061 10.386609
v -37.954140 18.446110 3.373265
v -37.291592 6.271696 10.161270
v -37.404800 12.427681 6.874079
v -37.291592 5.657225 1.062885
v -37.291592 8.743695 1.222687
v -37.954140 10.846249 -10.567801
v -37.954140 11.773129 -10.155901
v -37.954140 18.048040 -3.838780
v -37.954140 17.969450 -3.334839
v -37.954140 17.971390 -0.002891
v -37.954140 3.612255 -11.169480
v -37.291592 5.913441 -9.976584
v -37.404800 12.019139 -7.029601
v -37.291592 5.397223 -0.781506
v -37.291592 8.380590 -0.937069
v -37.954140 3.612257 11.163710
v -37.954140 2.829226 11.114800
v -37.954140 -3.193707 6.161169
v -37.954140 -4.019347 5.530801
v -37.954140 10.846251 10.562019
v -37.291592 8.426857 9.760578
v -37.954140 18.048040 3.832998
v -37.404800 14.945270 4.060408
v -37.291592 -1.497262 2.399236
v -37.291592 1.050226 1.318567
v -37.291592 7.710402 0.700935
v -37.291592 11.898040 0.397974
v -37.954140 2.829223 -11.120580
v -37.954140 -3.193707 -6.166948
v -37.954140 -4.019348 -5.536580
v -37.291592 8.426855 -9.766359
v -37.404800 14.945270 -4.066189
v -37.291592 -1.497262 -2.405015
v -37.291592 1.050226 -1.324347
v -37.291592 7.710402 -0.706716
v -37.291592 11.898040 -0.403755
v -37.954140 11.773131 10.150119
v -37.954140 17.969450 3.329057
v -37.291592 5.913443 9.970805
v -37.404800 12.019141 7.023819
v -37.291592 5.397223 0.775727
v -37.291592 8.252048 0.923843
v -35.142307 3.714608 -11.618300
v -35.142307 10.871159 -11.009311
v -35.142307 11.083989 -13.510291
v -35.142307 3.927434 -14.119280
v -35.142307 12.119059 -10.392391
v -35.142307 13.905449 -12.155641
v -35.142307 18.308519 -4.121687
v -35.142307 20.094919 -5.884934
v -35.142307 18.446110 -3.379046
v -35.142307 20.873911 -4.016222
v -35.142307 18.452080 -0.002891
v -35.142307 20.919849 -0.002892
v -35.142307 1.077117 -13.493800
v -35.142307 2.661262 -11.546800
v -35.142307 -5.107934 -8.461411
v -35.142307 -3.523795 -6.514424
v -35.142307 -7.097394 -5.554202
v -35.142307 -4.390604 -5.554200
v -36.047478 6.271694 -10.167040
v -36.047478 8.105626 -10.010981
v -35.892807 12.427679 -6.879860
v -35.892807 14.800310 -4.476090
v -36.047478 -1.774483 -2.036541
v -35.142307 -4.390604 5.548421
v -36.047478 -1.774483 2.030762
v -36.047478 0.725516 -1.099300
v -36.047478 0.725516 1.093521
v -36.047478 5.657225 -1.068666
v -36.047478 7.491157 -0.994150
v -36.047478 8.947980 -1.193834
v -36.047478 11.899980 -0.743368
v -35.624477 0.853437 -14.011040
v -35.624477 3.813035 -14.660510
v -35.624477 -5.568749 -8.785712
v -35.624477 -7.634487 -5.767039
v -35.142307 3.714610 11.612520
v -35.142307 3.927436 14.113500
v -35.142307 11.083991 13.504509
v -35.142307 10.871161 11.003529
v -35.142307 13.905451 12.149869
v -35.142307 12.119061 10.386609
v -35.142307 20.094919 5.879151
v -35.142307 18.308519 4.115906
v -35.142307 20.873911 4.010440
v -35.142307 18.446110 3.373265
v -35.142307 2.661264 11.541020
v -35.142307 1.077119 13.488020
v -35.142307 -3.523794 6.508646
v -35.142307 -5.107934 8.455632
v -35.142307 -7.097394 5.548423
v -36.047478 8.105628 10.005199
v -36.047478 6.271696 10.161270
v -35.892807 14.800310 4.470308
v -35.892807 12.427681 6.874079
v -36.047478 7.491157 0.988369
v -36.047478 5.657225 1.062885
v -36.047478 11.899980 0.737587
v -36.047478 8.743695 1.222687
v -35.624477 11.243971 14.022379
v -35.624477 3.813037 14.654730
v -35.624477 20.600380 6.104671
v -35.624477 14.173611 12.615799
v -35.624477 21.409241 4.164311
v -35.624477 21.456949 -0.002892
v -35.624477 11.243969 -14.028161
v -35.624477 14.173609 -12.621581
v -35.624477 20.600380 -6.110453
v -35.624477 21.409241 -4.170094
v -35.624477 0.853439 14.005260
v -35.624477 -5.568748 8.779933
v -35.624477 -7.634486 5.761261
v -35.624477 3.927434 -14.119280
v -35.624477 1.077117 -13.493800
v -35.624477 -5.107934 -8.461411
v -35.624477 -7.097394 -5.554202
v -35.624477 3.927436 14.113500
v -35.624477 11.083991 13.504509
v -35.624477 13.905451 12.149869
v -35.624477 20.094919 5.879151
v -35.624477 20.873911 4.010440
v -35.624477 20.919849 -0.002892
v -35.624477 11.083989 -13.510291
v -35.624477 13.905449 -12.155641
v -35.624477 20.094919 -5.884934
v -35.624477 20.873911 -4.016222
v -35.624477 1.077119 13.488020
v -35.624477 -5.107934 8.455632
v -35.624477 -7.097394 5.548423
v -35.577477 10.871159 -11.009311
v -35.577477 12.119059 -10.392391
v -35.577477 18.308519 -4.121687
v -35.577477 18.446110 -3.379046
v -35.577477 18.452080 -0.002891
v -35.577477 3.714608 -11.618300
v -36.240025 6.271694 -10.167040
v -36.126816 12.427679 -6.879860
v -36.240025 5.657225 -1.068666
v -36.240025 8.947980 -1.193834
v -35.577477 3.714610 11.612520
v -35.577477 2.661264 11.541020
v -35.577477 -3.523794 6.508646
v -35.577477 -4.390604 5.548421
v -35.577477 10.871161 11.003529
v -36.240025 8.105628 10.005199
v -35.577477 18.308519 4.115906
v -36.126816 14.800310 4.470308
v -36.240025 -1.774484 2.030762
v -36.240025 0.725516 1.093521
v -36.240025 7.491157 0.988369
v -36.240025 11.899980 0.737587
v -35.577477 2.661262 -11.546800
v -35.577477 -3.523795 -6.514424
v -35.577477 -4.390604 -5.554200
v -36.240025 8.105626 -10.010981
v -36.126816 14.800310 -4.476090
v -36.240025 -1.774484 -2.036541
v -36.240025 0.725516 -1.099300
v -36.240025 7.491157 -0.994150
v -36.240025 11.899980 -0.743368
v -35.577477 12.119061 10.386609
v -35.577477 18.446110 3.373265
v -36.240025 6.271696 10.161270
v -36.126816 12.427681 6.874079
v -36.240025 5.657225 1.062885
v -36.240025 8.743695 1.222687
v -35.577477 10.846249 -10.567801
v -35.577477 11.773129 -10.155901
v -35.577477 18.048040 -3.838780
v -35.577477 17.969450 -3.334839
v -35.577477 17.971390 -0.002891
v -35.577477 3.612255 -11.169480
v -36.240025 5.913441 -9.976584
v -36.126816 12.019139 -7.029601
v -36.240025 5.397223 -0.781506
v -36.240025 8.380590 -0.937069
v -35.577477 3.612257 11.163710
v -35.577477 2.829226 11.114800
v -35.577477 -3.193707 6.161169
v -35.577477 -4.019347 5.530801
v -35.577477 10.846251 10.562019
v -36.240025 8.426857 9.760578
v -35.577477 18.048040 3.832998
v -36.126816 14.945270 4.060408
v -36.240025 -1.497262 2.399236
v -36.240025 1.050226 1.318567
v -36.240025 7.710402 0.700935
v -36.240025 11.898040 0.397974
v -35.577477 2.829223 -11.120580
v -35.577477 -3.193707 -6.166948
v -35.577477 -4.019348 -5.536580
v -36.240025 8.426855 -9.766359
v -36.126816 14.945270 -4.066189
v -36.240025 -1.497262 -2.405015
v -36.240025 1.050226 -1.324347
v -36.240025 7.710402 -0.706716
v -36.240025 11.898040 -0.403755
v -35.577477 11.773131 10.150119
v -35.577477 17.969450 3.329057
v -36.240025 5.913443 9.970805
v -36.126816 12.019141 7.023819
v -36.240025 5.397223 0.775727
v -36.240025 8.252048 0.923843
vn -0.0000 -0.1591 0.9873
vn -0.0001 -0.1591 0.9873
vn -0.0000 -0.1590 0.9873
vn -0.0000 1.0000 -0.0000
vn -0.0001 1.0000 -0.0000
vn 0.0001 1.0000 -0.0000
vn -0.0000 -0.1590 -0.9873
vn -0.0000 -0.1591 -0.9873
vn 0.0001 -0.1591 -0.9873
vn 0.0018 0.3725 0.9280
vn 0.0017 0.3726 0.9280
vn 0.0017 0.3725 0.9280
vn -0.0006 0.3729 0.9279
vn -0.0006 0.3720 0.9282
vn -0.0007 0.3711 0.9286
vn -0.0006 0.3711 0.9286
vn -0.0006 0.3701 0.9290
vn -0.0006 0.3700 0.9290
vn 0.0008 0.3706 0.9288
vn 0.0009 0.3706 0.9288
vn 0.0015 0.3727 0.9280
vn -0.0325 0.3502 0.9361
vn -0.0324 0.3502 0.9361
vn -0.0165 0.3824 0.9238
vn -0.0164 0.3824 0.9238
vn -0.0000 -0.0000 1.0000
vn -0.2490 0.1187 0.9612
vn -0.2489 0.1187 0.9612
vn 0.0019 0.4070 0.9134
vn -0.0012 -1.0000 -0.0000
vn -0.0008 0.4074 0.9132
vn -0.0007 0.4074 0.9133
vn -0.0008 0.4064 0.9137
vn -0.0007 0.4064 0.9137
vn -0.0007 0.4053 0.9142
vn -0.0007 0.4041 0.9147
vn 0.0009 0.4047 0.9144
vn 0.0010 0.4047 0.9144
vn -0.0009 0.3138 0.9495
vn 0.0016 0.4072 0.9133
vn 0.0016 0.4072 0.9134
vn -0.0007 0.4026 0.9154
vn 0.0046 0.4055 0.9141
vn 0.0047 0.4055 0.9141
vn -0.0007 0.4074 0.9132
vn 0.0016 0.4071 0.9134
vn -0.0008 0.4084 0.9128
vn -0.0007 0.4084 0.9128
vn 0.0002 0.4048 0.9144
vn 0.0003 0.4048 0.9144
vn 0.0002 0.4052 0.9142
vn 0.0003 0.4051 0.9143
vn -0.0008 0.4041 0.9147
vn -0.0007 0.4040 0.9147
vn -0.0007 0.4025 0.9154
vn 0.0002 0.4023 0.9155
vn 0.0001 0.4027 0.9153
vn 0.0003 0.4026 0.9154
vn 0.0002 0.4030 0.9152
vn 0.0001 0.4034 0.9150
vn 0.0002 0.4034 0.9150
vn 0.0002 0.4039 0.9148
vn 0.0003 0.4039 0.9148
vn 0.0002 0.4044 0.9146
vn 0.0036 0.4060 0.9139
vn 0.0037 0.4060 0.9139
vn -0.0002 -1.0000 -0.0002
vn -0.0003 -1.0000 -0.0000
vn 0.0033 0.4062 0.9138
vn 0.0034 0.4062 0.9138
vn -0.0044 -1.0000 0.0006
vn -0.0043 -1.0000 -0.0007
vn -0.0044 -1.0000 -0.0006
vn -0.0003 -1.0000 0.0001
vn -0.0002 -1.0000 0.0003
vn -0.0024 -1.0000 -0.0003
vn -0.0044 -1.0000 -0.0000
vn -0.0044 -1.0000 -0.0005
vn -0.0044 -1.0000 0.0005
vn -0.0044 -1.0000 -0.0003
vn -0.0044 -1.0000 -0.0002
vn 0.0002 0.4056 0.9141
vn 0.9201 0.3918 -0.0040
vn 0.7995 0.6007 -0.0009
vn 0.7481 0.6636 -0.0010
vn 0.7047 0.7095 -0.0004
vn 0.6554 0.7553 -0.0008
vn 0.5764 0.8172 -0.0014
vn 0.7430 0.6693 -0.0010
vn 0.7995 0.6007 -0.0008
vn 0.7590 0.6511 -0.0007
vn 0.5776 0.8163 -0.0016
vn 0.5367 0.8437 -0.0013
vn 0.7074 0.7068 -0.0011
vn 0.7681 0.6403 -0.0009
vn 0.7126 0.7016 -0.0009
vn 0.6667 0.7453 -0.0005
vn 0.6161 0.7877 -0.0009
vn 0.5368 0.8437 -0.0015
vn 0.7074 0.7069 -0.0011
vn 0.7126 0.7016 -0.0011
vn 0.7244 0.6894 -0.0008
vn 0.6667 0.7453 -0.0004
vn 0.5646 0.8254 -0.0016
vn 0.6161 0.7877 -0.0007
vn 0.6212 0.7837 -0.0015
vn 0.6859 0.7277 -0.0012
vn 0.6124 0.7905 -0.0014
vn 0.7406 0.6720 -0.0012
vn 0.4944 0.8692 -0.0017
vn 0.6592 0.7520 -0.0016
vn 0.7008 0.7133 -0.0016
vn 0.5926 0.8055 -0.0019
vn 0.5933 0.8050 -0.0019
vn 0.6638 0.7479 -0.0014
vn 0.5367 0.8437 -0.0015
vn 0.7681 0.6403 -0.0010
vn 0.7244 0.6894 -0.0006
vn 0.7500 0.6614 -0.0014
vn 0.5367 0.8438 -0.0013
vn 0.6570 0.7528 -0.0413
vn 0.7555 0.6551 -0.0000
vn 0.0017 0.3725 -0.9280
vn -0.0006 0.3729 -0.9279
vn -0.0006 0.3720 -0.9282
vn -0.0006 0.3711 -0.9286
vn -0.0006 0.3700 -0.9290
vn 0.0009 0.3706 -0.9288
vn 0.0015 0.3727 -0.9280
vn -0.0324 0.3502 -0.9361
vn -0.0165 0.3824 -0.9238
vn -0.0000 -0.0000 -1.0000
vn -0.2489 0.1187 -0.9612
vn 0.0019 0.4070 -0.9134
vn -0.0007 0.4074 -0.9133
vn -0.0007 0.4064 -0.9137
vn -0.0007 0.4053 -0.9142
vn -0.0007 0.4041 -0.9147
vn 0.0010 0.4047 -0.9144
vn 0.0016 0.4072 -0.9134
vn -0.0007 0.4026 -0.9154
vn 0.0046 0.4055 -0.9141
vn -0.0007 0.4074 -0.9132
vn 0.0016 0.4071 -0.9134
vn -0.0008 0.4084 -0.9128
vn -0.0007 0.4084 -0.9128
vn 0.0003 0.4048 -0.9144
vn 0.0002 0.4048 -0.9144
vn 0.0003 0.4051 -0.9143
vn -0.0007 0.4040 -0.9147
vn -0.0007 0.4025 -0.9154
vn 0.0002 0.4023 -0.9155
vn 0.0003 0.4026 -0.9154
vn 0.0002 0.4030 -0.9152
vn 0.0002 0.4034 -0.9150
vn 0.0002 0.4039 -0.9148
vn 0.0019 0.4069 -0.9134
vn 0.0037 0.4060 -0.9139
vn -0.0003 -1.0000 0.0002
vn 0.0034 0.4062 -0.9138
vn -0.0045 -1.0000 0.0007
vn -0.0002 -1.0000 0.0001
vn -0.0003 -1.0000 0.0003
vn -0.0044 -1.0000 0.0003
vn -0.0044 -1.0000 0.0002
vn 0.0001 -0.0749 0.9972
vn -0.0000 -0.0750 0.9972
vn -0.0000 -0.0749 0.9972
vn -0.0000 -0.0749 -0.9972
vn -0.0001 -0.0749 -0.9972
vn -1.0000 -0.0000 -0.0000
vn -1.0000 0.0001 -0.0000
vn -1.0000 -0.0000 0.0001
vn -1.0000 -0.0022 -0.0022
vn -1.0000 -0.0000 -0.0001
vn -0.8053 -0.0502 0.5908
vn -0.8052 -0.0503 0.5908
vn -0.9485 -0.2254 0.2225
vn -0.9450 0.3270 -0.0000
vn -0.9450 0.3269 -0.0000
vn -0.9996 -0.0129 0.0241
vn 0.0001 -0.2144 -0.9768
vn -0.0000 -0.2144 -0.9768
vn -0.0001 -0.2144 -0.9768
vn -0.0000 -0.6312 -0.7756
vn -0.0000 -0.6312 -0.7757
vn 0.0001 -0.8252 -0.5648
vn -0.0000 -0.8252 -0.5648
vn -1.0000 -0.0001 0.0001
vn -1.0000 -0.0001 -0.0000
vn -0.8052 -0.0503 -0.5908
vn -0.9485 -0.2254 -0.2224
vn -0.9485 -0.2254 -0.2225
vn -0.9996 -0.0127 -0.0241
vn -0.9996 -0.0126 -0.0241
vn 0.0001 0.0848 0.9964
vn -0.0000 0.0848 0.9964
vn -0.0000 0.7117 0.7025
vn -0.0000 0.7117 0.7024
vn -0.0001 0.7117 0.7025
vn -0.0000 0.9230 0.3848
vn -0.0001 0.9230 0.3848
vn 0.0001 0.9999 0.0115
vn -0.0001 0.9999 0.0115
vn -0.0000 0.0848 -0.9964
vn -0.0001 0.0848 -0.9964
vn 0.0001 0.4328 -0.9015
vn -0.0000 0.4328 -0.9015
vn -0.0000 0.7117 -0.7025
vn 0.0001 0.9230 -0.3848
vn -0.0000 0.9230 -0.3848
vn -0.0000 -0.2144 0.9767
vn -0.0001 -0.2144 0.9768
vn -0.0000 -0.6311 0.7757
vn -0.0000 -0.6312 0.7756
vn -0.0000 -0.8253 0.5647
vn -0.0000 -0.8252 0.5648
vn -0.0000 -0.2143 -0.9768
vn -0.0000 0.4328 0.9015
vn 0.0001 0.4329 -0.9015
vn -0.0000 0.7118 -0.7024
vn -0.0000 0.9230 -0.3847
vn 0.0001 -0.2144 0.9767
vn -0.0000 -0.4431 0.8965
vn -0.0000 -0.4432 0.8964
vn 0.0001 -0.9833 0.1822
vn -0.0000 -0.9833 0.1822
vn -0.0000 -1.0000 0.0017
vn -0.0000 -0.4936 0.8697
vn -0.0000 -0.9962 0.0876
vn -0.0001 -0.9977 -0.0675
vn -0.0000 -0.8530 -0.5220
vn -0.0000 0.0677 -0.9977
vn -0.0000 0.0678 -0.9977
vn -0.0000 0.6311 -0.7757
vn -0.0000 0.7423 -0.6701
vn -0.0000 0.3396 -0.9406
vn -0.0000 0.3395 -0.9406
vn -0.0000 -0.1004 -0.9949
vn -0.0000 -0.1006 -0.9949
vn 0.0001 0.8024 0.5968
vn -0.0001 0.3510 0.9364
vn -0.0001 0.9977 -0.0679
vn -0.0000 0.7897 -0.6136
vn 0.0001 0.0677 0.9977
vn 0.0001 0.6311 0.7757
vn 0.0001 0.7423 0.6701
vn -0.0000 0.3395 0.9406
vn -0.0000 -0.1005 0.9949
vn -0.0000 0.8024 -0.5967
vn -0.0001 0.3511 -0.9364
vn -0.0000 0.9977 0.0680
vn -0.0000 0.7896 0.6136
vn -0.0000 -0.4432 -0.8964
vn -0.0000 -0.9833 -0.1821
vn -0.0000 -0.4936 -0.8697
vn -0.0000 -0.9962 -0.0876
vn -0.0000 -0.9977 0.0673
vn 0.0001 -0.8378 0.5460
vn -0.9721 0.1905 0.1372
vn -0.9721 0.1904 0.1372
vn -0.9867 0.0186 0.1618
vn -0.9996 0.0053 0.0272
vn -0.9719 -0.2160 -0.0932
vn -0.9719 -0.2160 -0.0933
vn -0.9865 -0.1616 0.0269
vn -0.9865 -0.1616 0.0270
vn -0.9875 0.0750 -0.1388
vn -0.9995 -0.0309 -0.0059
vn -0.9719 -0.2160 0.0932
vn -0.9865 -0.1616 -0.0270
vn -0.9875 0.0750 0.1388
vn -1.0000 -0.0001 -0.0001
vn -1.0000 0.0001 -0.0001
vn -0.9995 -0.0308 0.0058
vn -0.9720 0.1905 -0.1372
vn -0.9867 0.0186 -0.1617
vn -0.9998 0.0035 -0.0215
vn -0.0000 0.0623 -0.9981
vn -0.0000 -0.4602 -0.8878
vn -0.0000 -0.9984 0.0561
vn -0.0000 -0.0323 -0.9995
vn -0.0000 0.9969 -0.0789
vn -0.0000 0.3144 -0.9493
vn -0.0000 -0.4062 -0.9138
vn -0.0000 -0.9969 -0.0785
vn 0.0001 -0.8508 0.5255
vn -0.0000 -0.1428 -0.9897
vn -0.0000 0.7687 -0.6396
vn -0.0000 -0.0731 -0.9973
vn -0.0000 -0.9881 0.1541
vn -0.0001 -1.0000 -0.0006
vn -0.0001 -1.0000 0.0006
vn 0.0001 -0.9881 -0.1541
vn -0.0000 -0.0732 0.9973
vn -0.0000 0.7688 0.6395
vn 0.0001 -0.1499 0.9887
vn -0.0000 -0.8586 -0.5127
vn -0.0000 -0.9969 0.0786
vn -0.0000 -0.4061 0.9138
vn -0.0000 0.3144 0.9493
vn -0.0000 0.9969 0.0788
vn -0.0000 -0.0323 0.9995
vn -0.0000 -0.9984 -0.0560
vn -0.0000 -0.4603 0.8878
vn -0.0000 0.0623 0.9981
vn -0.0001 0.6352 0.7723
vn -0.0000 0.6069 0.7948
vn -0.0000 0.7788 -0.6272
vn -0.0000 0.3905 -0.9206
vn -0.0000 0.3905 0.9206
vn -0.0000 0.7789 0.6272
vn -0.0000 0.6069 -0.7948
vn 1.0000 -0.0001 -0.0000
vn 1.0000 -0.0000 -0.0000
vn 1.0000 0.0001 -0.0001
vn 1.0000 -0.0000 -0.0001
vn 1.0000 0.0001 -0.0000
vn 1.0000 -0.0000 0.0001
vn 0.8052 -0.0503 0.5908
vn 0.9485 -0.2254 0.2224
vn 0.9485 -0.2254 0.2226
vn 0.9450 0.3269 -0.0000
vn 0.9450 0.3270 -0.0000
vn 0.9996 -0.0130 0.0241
vn 0.9996 -0.0129 0.0241
vn 1.0000 -0.0022 0.0022
vn 0.8053 -0.0503 -0.5908
vn 0.8052 -0.0503 -0.5908
vn 0.9485 -0.2254 -0.2225
vn 0.9485 -0.2254 -0.2224
vn 0.9996 -0.0125 -0.0241
vn 0.9996 -0.0126 -0.0241
vn -0.0000 -0.6311 -0.7757
vn -0.0000 -0.8253 -0.5647
vn -0.0001 0.4328 -0.9015
vn -0.0001 0.9230 -0.3848
vn -0.0000 -0.6312 0.7757
vn -0.0001 -0.9833 0.1822
vn -0.0000 -0.9833 0.1821
vn -0.0000 -0.9977 -0.0673
vn -0.0000 -0.8530 -0.5219
vn -0.0000 -0.1005 -0.9949
vn -0.0001 0.8024 0.5967
vn -0.0000 0.3511 0.9363
vn -0.0000 0.9977 -0.0680
vn -0.0000 0.7897 -0.6135
vn -0.0000 0.0677 0.9977
vn -0.0001 0.6311 0.7757
vn -0.0000 0.7422 0.6701
vn -0.0000 -0.1006 0.9949
vn -0.0001 0.8024 -0.5968
vn 0.0001 0.3510 -0.9364
vn -0.0000 0.9977 0.0679
vn -0.0000 -0.4431 -0.8965
vn -0.0000 -0.9833 -0.1822
vn -0.0000 -0.9962 -0.0875
vn -0.0000 -0.8377 0.5461
vt 0.165287 0.048395
vt 0.165287 0.499914
vt 0.130437 0.048395
vt 0.130437 0.499914
vt 0.095586 0.048395
vt 0.095586 0.499914
vt 0.113875 0.944003
vt 0.111655 0.961477
vt 0.110137 0.944122
vt 0.107550 0.961477
vt 0.105715 0.944072
vt 0.103429 0.961477
vt 0.100849 0.944017
vt 0.098907 0.961477
vt 0.096093 0.943964
vt 0.093757 0.961477
vt 0.091167 0.943909
vt 0.087481 0.961477
vt 0.085426 0.944003
vt 0.082445 0.961477
vt 0.080926 0.944122
vt 0.078339 0.961477
vt 0.076504 0.944072
vt 0.074219 0.961477
vt 0.071638 0.944017
vt 0.069697 0.961477
vt 0.066440 0.940766
vt 0.119258 0.945567
vt 0.115930 0.961477
vt 0.061771 0.881920
vt 0.114211 0.881919
vt 0.064920 0.934334
vt 0.069042 0.934654
vt 0.074183 0.937402
vt 0.078995 0.937448
vt 0.083370 0.937490
vt 0.087820 0.937389
vt 0.093499 0.937310
vt 0.098370 0.937356
vt 0.103075 0.937402
vt 0.107887 0.937448
vt 0.112261 0.937490
vt 0.114211 0.937389
vt 0.059792 0.961477
vt 0.053074 0.866709
vt 0.062273 0.940388
vt 0.057093 0.866676
vt 0.437650 0.945726
vt 0.435431 0.961477
vt 0.433913 0.945845
vt 0.431325 0.961477
vt 0.429490 0.945795
vt 0.427205 0.961477
vt 0.424625 0.945740
vt 0.422683 0.961477
vt 0.419868 0.945687
vt 0.417532 0.961477
vt 0.414943 0.945632
vt 0.411256 0.961477
vt 0.409201 0.945726
vt 0.065132 0.961585
vt 0.406220 0.961477
vt 0.404702 0.945845
vt 0.402114 0.961477
vt 0.400279 0.945795
vt 0.397994 0.961477
vt 0.395414 0.945740
vt 0.393472 0.961477
vt 0.390657 0.945687
vt 0.388322 0.961477
vt 0.385732 0.945632
vt 0.382045 0.961477
vt 0.379990 0.945567
vt 0.465956 0.945567
vt 0.463879 0.961477
vt 0.462362 0.945845
vt 0.459774 0.961477
vt 0.457939 0.945795
vt 0.455654 0.961477
vt 0.453073 0.945740
vt 0.451132 0.961477
vt 0.448317 0.945687
vt 0.445981 0.961477
vt 0.443392 0.945632
vt 0.439705 0.961477
vt 0.523616 0.945726
vt 0.521396 0.961477
vt 0.519878 0.945845
vt 0.517291 0.961477
vt 0.515455 0.945795
vt 0.513170 0.961477
vt 0.510590 0.945740
vt 0.508648 0.961477
vt 0.505834 0.945687
vt 0.503498 0.961477
vt 0.500908 0.945632
vt 0.497222 0.961477
vt 0.495167 0.945726
vt 0.492185 0.961477
vt 0.490667 0.945845
vt 0.488080 0.961477
vt 0.486245 0.945795
vt 0.483959 0.961477
vt 0.481379 0.945740
vt 0.479438 0.961477
vt 0.476623 0.945687
vt 0.474287 0.961477
vt 0.471697 0.945632
vt 0.468011 0.961477
vt 0.551848 0.945884
vt 0.549845 0.961477
vt 0.548327 0.945845
vt 0.545739 0.961477
vt 0.543904 0.945795
vt 0.541619 0.961477
vt 0.539039 0.945740
vt 0.537097 0.961477
vt 0.534282 0.945687
vt 0.531947 0.961477
vt 0.529357 0.945632
vt 0.525671 0.961477
vt 0.351009 0.945687
vt 0.348889 0.961477
vt 0.347797 0.945700
vt 0.344783 0.961477
vt 0.343137 0.945720
vt 0.338082 0.945740
vt 0.336141 0.961477
vt 0.333326 0.945687
vt 0.330990 0.961477
vt 0.328401 0.945632
vt 0.324714 0.961477
vt 0.322659 0.945726
vt 0.319678 0.961477
vt 0.318160 0.945845
vt 0.315572 0.961477
vt 0.313737 0.945795
vt 0.311452 0.961477
vt 0.308872 0.945740
vt 0.306930 0.961477
vt 0.304115 0.945687
vt 0.301780 0.961477
vt 0.299190 0.945632
vt 0.295503 0.961477
vt 0.293448 0.945567
vt 0.377338 0.961477
vt 0.376423 0.945582
vt 0.373232 0.961477
vt 0.372305 0.945599
vt 0.369112 0.961477
vt 0.366978 0.945621
vt 0.364590 0.961477
vt 0.362112 0.945641
vt 0.359439 0.961477
vt 0.357278 0.945661
vt 0.353163 0.961477
vt 0.264248 0.945726
vt 0.262029 0.961477
vt 0.260511 0.945845
vt 0.257923 0.961477
vt 0.256088 0.945795
vt 0.253803 0.961477
vt 0.251223 0.945740
vt 0.249281 0.961477
vt 0.246466 0.945687
vt 0.244131 0.961477
vt 0.241541 0.945632
vt 0.237855 0.961477
vt 0.235800 0.945726
vt 0.232818 0.961477
vt 0.231300 0.945845
vt 0.228712 0.961477
vt 0.226877 0.945795
vt 0.224592 0.961477
vt 0.222012 0.945740
vt 0.220070 0.961477
vt 0.217255 0.945687
vt 0.214920 0.961477
vt 0.212330 0.945632
vt 0.208644 0.961477
vt 0.206589 0.945567
vt 0.290478 0.961477
vt 0.288960 0.945845
vt 0.286372 0.961477
vt 0.284537 0.945795
vt 0.282252 0.961477
vt 0.279672 0.945740
vt 0.277730 0.961477
vt 0.274915 0.945687
vt 0.272580 0.961477
vt 0.269990 0.945632
vt 0.266304 0.961477
vt 0.490303 0.856878
vt 0.443508 0.856963
vt 0.490303 0.856879
vt 0.443508 0.856964
vt 0.176917 0.945726
vt 0.174698 0.961477
vt 0.173180 0.945845
vt 0.170592 0.961477
vt 0.168757 0.945795
vt 0.166472 0.961477
vt 0.163892 0.945740
vt 0.161950 0.961477
vt 0.159135 0.945687
vt 0.156800 0.961477
vt 0.154210 0.945632
vt 0.150523 0.961477
vt 0.148468 0.945726
vt 0.145487 0.961477
vt 0.143969 0.945845
vt 0.141381 0.961477
vt 0.139546 0.945795
vt 0.137261 0.961477
vt 0.134681 0.945740
vt 0.132739 0.961477
vt 0.129924 0.945687
vt 0.127589 0.961477
vt 0.124999 0.945632
vt 0.121313 0.961477
vt 0.203147 0.961477
vt 0.201629 0.945845
vt 0.199041 0.961477
vt 0.197206 0.945795
vt 0.194921 0.961477
vt 0.192341 0.945740
vt 0.190399 0.961477
vt 0.187584 0.945687
vt 0.185249 0.961477
vt 0.182659 0.945632
vt 0.178972 0.961477
vt 0.336818 0.858388
vt 0.336818 0.858383
vt 0.273844 0.860258
vt 0.273844 0.860254
vt 0.551848 0.856769
vt 0.488632 0.938946
vt 0.490303 0.881904
vt 0.493082 0.938845
vt 0.549144 0.881904
vt 0.498761 0.938766
vt 0.503633 0.938812
vt 0.508337 0.938858
vt 0.513149 0.938904
vt 0.517524 0.938946
vt 0.521220 0.938845
vt 0.526899 0.938766
vt 0.531770 0.938812
vt 0.536475 0.938858
vt 0.541287 0.938904
vt 0.545662 0.938946
vt 0.549144 0.938979
vt 0.443508 0.881904
vt 0.484258 0.938904
vt 0.479446 0.938858
vt 0.474741 0.938812
vt 0.469870 0.938766
vt 0.464191 0.938711
vt 0.460636 0.938946
vt 0.456261 0.938904
vt 0.451449 0.938858
vt 0.446744 0.938812
vt 0.441873 0.938766
vt 0.378847 0.857082
vt 0.378847 0.857080
vt 0.378847 0.881906
vt 0.436194 0.938845
vt 0.432498 0.938946
vt 0.428123 0.938904
vt 0.423311 0.938858
vt 0.418607 0.938812
vt 0.413735 0.938766
vt 0.408056 0.938845
vt 0.403606 0.938946
vt 0.399232 0.938904
vt 0.394420 0.938858
vt 0.389715 0.938812
vt 0.384844 0.938766
vt 0.379165 0.938711
vt 0.216761 0.861963
vt 0.216761 0.861960
vt 0.337715 0.938858
vt 0.333010 0.938812
vt 0.336818 0.881907
vt 0.274179 0.881912
vt 0.328139 0.938766
vt 0.322460 0.938845
vt 0.318010 0.938946
vt 0.313636 0.938904
vt 0.308824 0.938858
vt 0.304119 0.938812
vt 0.299248 0.938766
vt 0.293569 0.938711
vt 0.289129 0.938946
vt 0.284755 0.938904
vt 0.279943 0.938858
vt 0.275238 0.938812
vt 0.159002 0.863659
vt 0.159002 0.863657
vt 0.216761 0.881915
vt 0.218209 0.938812
vt 0.222913 0.938858
vt 0.227726 0.938904
vt 0.232100 0.938946
vt 0.236550 0.938845
vt 0.242229 0.938766
vt 0.247100 0.938812
vt 0.251805 0.938858
vt 0.256617 0.938904
vt 0.260992 0.938946
vt 0.264688 0.938845
vt 0.270367 0.938766
vt 0.114211 0.865031
vt 0.114211 0.865030
vt 0.213337 0.938766
vt 0.160592 0.881918
vt 0.207659 0.938711
vt 0.202753 0.938946
vt 0.198378 0.938904
vt 0.193566 0.938858
vt 0.188862 0.938812
vt 0.183990 0.938766
vt 0.178311 0.938845
vt 0.174615 0.938946
vt 0.170241 0.938904
vt 0.165428 0.938858
vt 0.160724 0.938812
vt 0.155852 0.938766
vt 0.150174 0.938845
vt 0.145723 0.938946
vt 0.141349 0.938904
vt 0.136537 0.938858
vt 0.131832 0.938812
vt 0.126961 0.938766
vt 0.121282 0.938711
vt 0.342714 0.938840
vt 0.347323 0.938824
vt 0.350500 0.938812
vt 0.356701 0.938791
vt 0.361482 0.938774
vt 0.366295 0.938757
vt 0.371563 0.938738
vt 0.375636 0.938724
vt 0.340663 0.961477
vt 0.066440 0.940838
vt 0.071638 0.944028
vt 0.076504 0.944082
vt 0.080926 0.944125
vt 0.085426 0.944009
vt 0.091167 0.943920
vt 0.096093 0.943975
vt 0.100849 0.944028
vt 0.105715 0.944082
vt 0.110137 0.944125
vt 0.113875 0.944009
vt 0.119258 0.945581
vt 0.124999 0.945643
vt 0.129924 0.945698
vt 0.134681 0.945751
vt 0.139546 0.945805
vt 0.143969 0.945848
vt 0.148468 0.945733
vt 0.154210 0.945643
vt 0.159135 0.945698
vt 0.163892 0.945751
vt 0.168757 0.945805
vt 0.173180 0.945848
vt 0.176917 0.945733
vt 0.182659 0.945643
vt 0.187584 0.945698
vt 0.192341 0.945751
vt 0.197206 0.945805
vt 0.201629 0.945848
vt 0.206589 0.945581
vt 0.212330 0.945643
vt 0.217255 0.945698
vt 0.222012 0.945751
vt 0.226877 0.945805
vt 0.231300 0.945848
vt 0.235800 0.945733
vt 0.241541 0.945643
vt 0.246466 0.945698
vt 0.251223 0.945751
vt 0.256088 0.945805
vt 0.260511 0.945848
vt 0.264248 0.945733
vt 0.269990 0.945643
vt 0.274915 0.945698
vt 0.279672 0.945751
vt 0.284537 0.945805
vt 0.288960 0.945848
vt 0.293448 0.945581
vt 0.299190 0.945643
vt 0.304115 0.945698
vt 0.308872 0.945751
vt 0.313737 0.945805
vt 0.318160 0.945848
vt 0.322659 0.945733
vt 0.328401 0.945643
vt 0.333326 0.945698
vt 0.338082 0.945751
vt 0.343137 0.945731
vt 0.347797 0.945713
vt 0.351009 0.945700
vt 0.357278 0.945675
vt 0.362112 0.945656
vt 0.366978 0.945637
vt 0.372305 0.945616
vt 0.376423 0.945599
vt 0.379990 0.945581
vt 0.385732 0.945643
vt 0.390657 0.945698
vt 0.395414 0.945751
vt 0.400279 0.945805
vt 0.404702 0.945848
vt 0.409201 0.945733
vt 0.414943 0.945643
vt 0.419868 0.945698
vt 0.424625 0.945751
vt 0.429490 0.945805
vt 0.433913 0.945848
vt 0.437650 0.945733
vt 0.443392 0.945643
vt 0.448317 0.945698
vt 0.453073 0.945751
vt 0.457939 0.945805
vt 0.462362 0.945848
vt 0.465956 0.945581
vt 0.471697 0.945643
vt 0.476623 0.945698
vt 0.481379 0.945751
vt 0.486245 0.945805
vt 0.490732 0.945848
vt 0.495167 0.945733
vt 0.500908 0.945643
vt 0.505834 0.945698
vt 0.510590 0.945751
vt 0.515455 0.945805
vt 0.519878 0.945848
vt 0.523616 0.945733
vt 0.529357 0.945643
vt 0.534282 0.945698
vt 0.539039 0.945751
vt 0.543904 0.945805
vt 0.548327 0.945848
vt 0.118576 0.726926
vt 0.178066 0.726926
vt 0.118576 0.756671
vt 0.178066 0.756671
vt 0.118576 0.786416
vt 0.178066 0.786416
vt 0.155906 0.642470
vt 0.155971 0.656797
vt 0.153352 0.644124
vt 0.152960 0.654988
vt 0.152255 0.657669
vt 0.155008 0.659755
vt 0.145226 0.667555
vt 0.146327 0.671806
vt 0.144029 0.668244
vt 0.145203 0.672436
vt 0.140475 0.669737
vt 0.140533 0.673818
vt 0.155215 0.640384
vt 0.152483 0.641991
vt 0.148477 0.628337
vt 0.147113 0.632441
vt 0.146837 0.627080
vt 0.145660 0.632037
vt 0.158078 0.651366
vt 0.157974 0.647526
vt 0.151017 0.671805
vt 0.154414 0.666880
vt 0.142467 0.621792
vt 0.137080 0.621904
vt 0.132934 0.627545
vt 0.140948 0.617175
vt 0.138415 0.617385
vt 0.169430 0.649969
vt 0.169389 0.646694
vt 0.154771 0.678744
vt 0.158214 0.678053
vt 0.131491 0.593418
vt 0.133364 0.594421
vt 0.128356 0.589211
vt 0.127957 0.587204
vt 0.124641 0.643653
vt 0.127251 0.645124
vt 0.124900 0.657781
vt 0.127875 0.655824
vt 0.128658 0.658458
vt 0.125936 0.660651
vt 0.135735 0.668037
vt 0.134694 0.672323
vt 0.136904 0.668628
vt 0.135823 0.672853
vt 0.125255 0.641550
vt 0.128061 0.642903
vt 0.131386 0.628959
vt 0.132959 0.632875
vt 0.134198 0.631951
vt 0.122662 0.652566
vt 0.122693 0.648753
vt 0.129991 0.672509
vt 0.126580 0.667664
vt 0.111272 0.651440
vt 0.111295 0.648163
vt 0.126158 0.679456
vt 0.122474 0.678604
vt 0.147682 0.580782
vt 0.142417 0.578820
vt 0.152015 0.587061
vt 0.149370 0.582120
vt 0.152006 0.588210
vt 0.150878 0.590476
vt 0.139071 0.595696
vt 0.141588 0.595592
vt 0.148322 0.593467
vt 0.149446 0.592652
vt 0.140126 0.578589
vt 0.133852 0.579973
vt 0.131580 0.581154
vt 0.152011 0.642561
vt 0.152750 0.644251
vt 0.146736 0.633175
vt 0.145619 0.632959
vt 0.128472 0.655651
vt 0.127850 0.645208
vt 0.129115 0.657854
vt 0.136096 0.667286
vt 0.137039 0.667735
vt 0.140460 0.668802
vt 0.152365 0.654859
vt 0.151784 0.657076
vt 0.144859 0.666819
vt 0.143866 0.667349
vt 0.128568 0.643419
vt 0.133382 0.633527
vt 0.134272 0.632879
vt 0.133621 0.594153
vt 0.131823 0.593194
vt 0.128808 0.589148
vt 0.128420 0.587223
vt 0.147407 0.581029
vt 0.142341 0.579142
vt 0.149023 0.582313
vt 0.151569 0.587069
vt 0.151562 0.588175
vt 0.150474 0.590354
vt 0.139111 0.595379
vt 0.141530 0.595279
vt 0.148013 0.593232
vt 0.149097 0.592449
vt 0.140145 0.578918
vt 0.134105 0.580251
vt 0.131914 0.581388
vt 0.155550 0.659827
vt 0.156377 0.657177
vt 0.145367 0.673156
vt 0.146283 0.672683
vt 0.140545 0.674601
vt 0.156267 0.641923
vt 0.158047 0.647168
vt 0.154715 0.666795
vt 0.169447 0.646375
vt 0.158420 0.678089
vt 0.124788 0.641200
vt 0.124257 0.643149
vt 0.131064 0.628340
vt 0.132501 0.626996
vt 0.124511 0.658188
vt 0.122571 0.652912
vt 0.134772 0.673186
vt 0.130117 0.672944
vt 0.136893 0.621634
vt 0.138295 0.617103
vt 0.111189 0.651746
vt 0.126224 0.679789
vt 0.155670 0.639981
vt 0.148763 0.627692
vt 0.147237 0.626463
vt 0.158174 0.651715
vt 0.150887 0.672241
vt 0.142642 0.621502
vt 0.141053 0.616879
vt 0.169523 0.650274
vt 0.154700 0.679081
vt 0.125392 0.660758
vt 0.135665 0.673605
vt 0.122617 0.648395
vt 0.126280 0.667563
vt 0.111227 0.647843
vt 0.122268 0.678647
vt 0.156009 0.659993
vt 0.156755 0.657564
vt 0.146310 0.673299
vt 0.145537 0.673968
vt 0.140560 0.675473
vt 0.158318 0.646435
vt 0.156628 0.641303
vt 0.155276 0.666551
vt 0.169814 0.645905
vt 0.159080 0.678616
vt 0.124399 0.640676
vt 0.123878 0.642570
vt 0.130675 0.627734
vt 0.132317 0.626507
vt 0.122267 0.653582
vt 0.124138 0.658595
vt 0.134677 0.673811
vt 0.130315 0.673794
vt 0.136387 0.621078
vt 0.138049 0.616486
vt 0.110824 0.652148
vt 0.126173 0.680453
vt 0.156038 0.639432
vt 0.149098 0.627008
vt 0.147450 0.626027
vt 0.158477 0.652382
vt 0.150680 0.673081
vt 0.143113 0.620899
vt 0.141260 0.616235
vt 0.169889 0.650665
vt 0.154752 0.679735
vt 0.124936 0.660901
vt 0.135550 0.674417
vt 0.122345 0.647671
vt 0.125723 0.667317
vt 0.110860 0.647384
vt 0.121701 0.679231
s 1
usemtl initialShadingGroup.002
f 1/1/1 2/2/2 4/3/3
f 4/3/3 2/2/2 3/4/3
f 5/5/4 6/6/5 8/5/6
f 8/5/6 6/6/5 7/6/4
f 9/3/7 10/4/8 12/1/9
f 12/1/9 10/4/8 11/2/8
f 12/1/9 11/2/8 1/1/1
f 1/1/1 11/2/8 2/2/2
f 2/2/2 11/2/8 3/4/3
f 3/4/3 11/2/8 10/4/8
f 12/1/9 1/1/1 9/3/7
f 9/3/7 1/1/1 4/3/3
f 9/3/7 4/3/3 8/5/6
f 8/5/6 4/3/3 5/5/4
f 8/5/6 7/6/4 9/3/7
f 9/3/7 7/6/4 10/4/8
f 3/4/3 10/4/8 6/6/5
f 6/6/5 10/4/8 7/6/4
f 4/3/3 3/4/3 5/5/4
f 5/5/4 3/4/3 6/6/5
f 13/7/10 14/8/11 15/9/12
f 15/9/12 16/10/13 17/11/13
f 17/11/13 18/12/14 19/13/14
f 19/13/14 20/14/15 21/15/16
f 21/15/16 22/16/17 23/17/18
f 23/17/18 24/18/19 25/19/20
f 25/19/20 26/20/21 27/21/21
f 27/21/21 28/22/13 29/23/13
f 29/23/13 30/24/14 31/25/14
f 31/25/14 32/26/22 33/27/23
f 34/28/24 35/29/25 13/7/10
f 36/30/26 37/31/26 38/32/26
f 38/32/26 37/31/26 39/33/26
f 39/33/26 37/31/26 40/34/26
f 40/34/26 37/31/26 41/35/26
f 41/35/26 37/31/26 42/36/26
f 42/36/26 37/31/26 43/37/26
f 43/37/26 37/31/26 44/38/26
f 44/38/26 37/31/26 45/39/26
f 45/39/26 37/31/26 46/40/26
f 46/40/26 37/31/26 47/41/26
f 47/41/26 37/31/26 48/42/26
f 37/31/26 49/43/26 48/42/26
f 51/44/27 52/45/28 50/46/28
f 50/46/28 52/45/28 53/47/28
f 54/48/29 55/49/29 56/50/29
f 53/47/28 52/45/28 57/47/30
f 56/50/29 58/51/31 59/52/32
f 59/52/32 60/53/33 61/54/34
f 61/54/34 62/55/35 63/56/35
f 63/56/35 64/57/36 65/58/36
f 65/58/36 66/59/37 67/60/38
f 50/46/28 68/61/39 51/44/27
f 67/60/38 69/62/40 70/63/41
f 70/63/41 71/64/31 72/65/32
f 72/65/32 73/66/33 74/67/34
f 74/67/34 75/68/35 76/69/35
f 76/69/35 77/70/36 78/71/36
f 78/71/36 79/72/42 80/73/42
f 81/74/43 82/75/44 83/76/43
f 83/76/43 84/77/31 85/78/32
f 85/78/32 86/79/33 87/80/34
f 87/80/34 88/81/35 89/82/35
f 89/82/35 90/83/36 91/84/36
f 91/84/36 92/85/37 54/48/29
f 93/86/29 94/87/29 95/88/29
f 95/88/29 96/89/31 97/90/45
f 97/90/45 98/91/33 99/92/34
f 99/92/34 100/93/35 101/94/35
f 101/94/35 102/95/36 103/96/36
f 103/96/36 104/97/37 105/98/38
f 105/98/38 106/99/46 107/100/46
f 107/100/46 108/101/45 109/102/45
f 109/102/45 110/103/33 111/104/34
f 111/104/34 112/105/35 113/106/35
f 113/106/35 114/107/36 115/108/36
f 115/108/36 116/109/42 81/74/43
f 117/110/47 118/111/48 119/112/48
f 119/112/48 120/113/31 121/114/32
f 121/114/32 122/115/33 123/116/34
f 123/116/34 124/117/35 125/118/35
f 125/118/35 126/119/36 127/120/36
f 127/120/36 128/121/37 93/86/29
f 129/122/49 130/123/50 131/124/49
f 131/124/49 132/125/51 133/126/52
f 134/127/35 135/128/35 136/129/35
f 136/129/35 137/130/36 138/131/36
f 138/131/36 139/132/37 140/133/38
f 140/133/38 141/134/40 142/135/46
f 142/135/46 143/136/31 144/137/32
f 144/137/32 145/138/33 146/139/34
f 146/139/34 147/140/35 148/141/35
f 148/141/35 149/142/53 150/143/54
f 150/143/54 151/144/42 152/145/55
f 80/73/42 153/146/56 154/147/56
f 154/147/56 155/148/57 156/149/58
f 156/149/58 157/150/59 158/151/59
f 158/151/59 159/152/60 160/153/61
f 160/153/61 161/154/62 162/155/63
f 162/155/63 163/156/64 129/122/49
f 164/157/29 165/158/29 166/159/29
f 166/159/29 167/160/31 168/161/32
f 168/161/32 169/162/33 170/163/34
f 170/163/34 171/164/35 172/165/35
f 172/165/35 173/166/53 174/167/36
f 174/167/36 175/168/37 176/169/38
f 176/169/38 177/170/40 178/171/46
f 178/171/46 179/172/31 180/173/32
f 180/173/32 181/174/33 182/175/34
f 182/175/34 183/176/35 184/177/35
f 184/177/35 185/178/36 186/179/54
f 186/179/54 187/180/42 188/181/42
f 152/145/55 189/182/65 190/183/66
f 190/183/66 191/184/31 192/185/32
f 192/185/32 193/186/33 194/187/34
f 194/187/34 195/188/35 196/189/35
f 196/189/35 197/190/36 198/191/36
f 198/191/36 199/192/37 164/157/29
f 200/193/67 201/194/67 203/195/68
f 203/195/68 201/194/67 202/196/68
f 204/197/29 205/198/29 206/199/29
f 206/199/29 207/200/31 208/201/32
f 208/201/32 209/202/33 210/203/34
f 210/203/34 211/204/35 212/205/35
f 212/205/35 213/206/36 214/207/36
f 214/207/36 215/208/37 216/209/38
f 216/209/38 217/210/40 218/211/46
f 218/211/46 219/212/31 220/213/32
f 220/213/32 221/214/33 222/215/34
f 222/215/34 223/216/35 224/217/35
f 224/217/35 225/218/53 226/219/36
f 226/219/36 227/220/42 34/28/24
f 188/181/42 228/221/69 229/222/70
f 229/222/70 230/223/31 231/224/32
f 231/224/32 232/225/33 233/226/34
f 233/226/34 234/227/35 235/228/35
f 235/228/35 236/229/36 237/230/54
f 237/230/54 238/231/37 204/197/29
f 239/232/71 240/233/72 242/234/71
f 242/234/71 240/233/72 241/235/73
f 50/46/28 33/27/23 68/61/39
f 243/236/68 200/193/67 244/236/74
f 244/236/74 200/193/67 203/195/68
f 245/237/26 246/238/26 247/239/26
f 246/238/26 248/240/26 247/239/26
f 247/239/26 248/240/26 249/241/26
f 249/241/26 248/240/26 250/242/26
f 250/242/26 248/240/26 251/243/26
f 251/243/26 248/240/26 252/244/26
f 252/244/26 248/240/26 253/245/26
f 253/245/26 248/240/26 254/246/26
f 254/246/26 248/240/26 255/247/26
f 255/247/26 248/240/26 256/248/26
f 256/248/26 248/240/26 257/249/26
f 257/249/26 248/240/26 258/250/26
f 258/250/26 248/240/26 259/251/26
f 248/240/26 260/252/26 259/251/26
f 246/238/26 245/237/26 261/253/26
f 245/237/26 262/254/26 261/253/26
f 262/254/26 263/255/26 261/253/26
f 263/255/26 264/256/26 261/253/26
f 264/256/26 265/257/26 261/253/26
f 265/257/26 266/258/26 261/253/26
f 266/258/26 267/259/26 261/253/26
f 267/259/26 268/260/26 261/253/26
f 268/260/26 269/261/26 261/253/26
f 269/261/26 270/262/26 261/253/26
f 270/262/26 271/263/26 261/253/26
f 202/196/68 201/194/67 273/264/75
f 273/264/75 201/194/67 272/265/76
f 261/253/26 271/263/26 274/266/26
f 271/263/26 275/267/26 274/266/26
f 275/267/26 276/268/26 274/266/26
f 276/268/26 277/269/26 274/266/26
f 277/269/26 278/270/26 274/266/26
f 278/270/26 279/271/26 274/266/26
f 279/271/26 280/272/26 274/266/26
f 280/272/26 281/273/26 274/266/26
f 281/273/26 282/274/26 274/266/26
f 282/274/26 283/275/26 274/266/26
f 283/275/26 284/276/26 274/266/26
f 284/276/26 285/277/26 274/266/26
f 285/277/26 286/278/26 274/266/26
f 286/278/26 287/279/26 274/266/26
f 242/234/71 241/235/73 289/280/77
f 289/280/77 241/235/73 288/281/78
f 290/282/26 291/283/26 292/284/26
f 292/284/26 291/283/26 293/285/26
f 291/283/26 294/286/26 293/285/26
f 294/286/26 295/287/26 293/285/26
f 295/287/26 296/288/26 293/285/26
f 296/288/26 297/289/26 293/285/26
f 297/289/26 298/290/26 293/285/26
f 298/290/26 299/291/26 293/285/26
f 299/291/26 300/292/26 293/285/26
f 300/292/26 301/293/26 293/285/26
f 301/293/26 302/294/26 293/285/26
f 302/294/26 303/295/26 293/285/26
f 303/295/26 304/296/26 293/285/26
f 304/296/26 305/297/26 293/285/26
f 289/280/77 288/281/78 307/298/79
f 307/298/79 288/281/78 306/299/80
f 308/300/26 293/285/26 309/301/26
f 309/301/26 293/285/26 310/302/26
f 310/302/26 293/285/26 311/303/26
f 311/303/26 293/285/26 312/304/26
f 312/304/26 293/285/26 313/305/26
f 313/305/26 293/285/26 314/306/26
f 314/306/26 293/285/26 315/307/26
f 315/307/26 293/285/26 316/308/26
f 316/308/26 293/285/26 317/309/26
f 317/309/26 293/285/26 318/310/26
f 318/310/26 293/285/26 319/311/26
f 319/311/26 293/285/26 320/312/26
f 293/285/26 305/297/26 320/312/26
f 307/298/79 306/299/80 322/313/77
f 322/313/77 306/299/80 321/314/81
f 309/301/26 323/315/26 308/300/26
f 308/300/26 323/315/26 324/316/26
f 323/315/26 325/317/26 324/316/26
f 325/317/26 326/318/26 324/316/26
f 326/318/26 327/319/26 324/316/26
f 327/319/26 328/320/26 324/316/26
f 328/320/26 329/321/26 324/316/26
f 329/321/26 330/322/26 324/316/26
f 330/322/26 331/323/26 324/316/26
f 331/323/26 332/324/26 324/316/26
f 332/324/26 333/325/26 324/316/26
f 333/325/26 334/326/26 324/316/26
f 334/326/26 335/327/26 324/316/26
f 322/313/77 321/314/81 57/47/30
f 57/47/30 321/314/81 53/47/28
f 335/327/26 336/328/26 324/316/26
f 324/316/26 336/328/26 37/31/26
f 336/328/26 337/329/26 37/31/26
f 337/329/26 338/330/26 37/31/26
f 338/330/26 339/331/26 37/31/26
f 339/331/26 340/332/26 37/31/26
f 340/332/26 341/333/26 37/31/26
f 341/333/26 342/334/26 37/31/26
f 342/334/26 343/335/26 37/31/26
f 343/335/26 49/43/26 37/31/26
f 292/284/26 274/266/26 290/282/26
f 290/282/26 274/266/26 344/336/26
f 344/336/26 274/266/26 345/337/26
f 345/337/26 274/266/26 346/338/26
f 346/338/26 274/266/26 347/339/26
f 347/339/26 274/266/26 348/340/26
f 348/340/26 274/266/26 349/341/26
f 349/341/26 274/266/26 350/342/26
f 350/342/26 274/266/26 351/343/26
f 274/266/26 287/279/26 351/343/26
f 273/264/75 272/265/76 239/232/71
f 239/232/71 272/265/76 240/233/72
f 133/126/52 352/344/82 134/127/35
f 68/61/39 33/27/23 353/345/83
f 33/27/23 32/26/22 353/345/83
f 32/26/22 31/25/14 354/346/84
f 31/25/14 30/24/14 354/346/84
f 30/24/14 29/23/13 355/347/85
f 29/23/13 28/22/13 355/347/85
f 28/22/13 27/21/21 356/348/86
f 27/21/21 26/20/21 356/348/86
f 26/20/21 25/19/20 357/349/87
f 24/18/19 357/349/87 25/19/20
f 24/18/19 23/17/18 358/350/88
f 23/17/18 22/16/17 358/350/88
f 22/16/17 21/15/16 359/351/89
f 21/15/16 20/14/15 359/351/89
f 20/14/15 19/13/14 360/352/90
f 19/13/14 18/12/14 360/352/90
f 18/12/14 17/11/13 361/353/85
f 17/11/13 16/10/13 361/353/85
f 16/10/13 15/9/12 362/354/86
f 15/9/12 14/8/11 362/354/86
f 14/8/11 13/7/10 363/355/91
f 13/7/10 35/29/25 363/355/91
f 35/29/25 34/28/24 364/356/92
f 34/28/24 227/220/42 364/356/92
f 227/220/42 226/219/36 365/357/93
f 226/219/36 225/218/53 365/357/93
f 225/218/53 224/217/35 366/358/94
f 224/217/35 223/216/35 366/358/94
f 223/216/35 222/215/34 367/359/95
f 222/215/34 221/214/33 367/359/95
f 221/214/33 220/213/32 368/360/96
f 220/213/32 219/212/31 368/360/96
f 219/212/31 218/211/46 369/361/97
f 218/211/46 217/210/40 369/361/97
f 217/210/40 216/209/38 370/362/98
f 215/208/37 370/362/98 216/209/38
f 215/208/37 214/207/36 371/363/99
f 214/207/36 213/206/36 371/363/99
f 213/206/36 212/205/35 372/364/100
f 212/205/35 211/204/35 372/364/100
f 211/204/35 210/203/34 373/365/95
f 210/203/34 209/202/33 373/365/95
f 209/202/33 208/201/32 374/366/101
f 208/201/32 207/200/31 374/366/101
f 207/200/31 206/199/29 375/367/97
f 206/199/29 205/198/29 375/367/97
f 205/198/29 204/197/29 376/368/102
f 204/197/29 238/231/37 376/368/102
f 238/231/37 237/230/54 377/369/93
f 237/230/54 236/229/36 377/369/93
f 236/229/36 235/228/35 378/370/100
f 235/228/35 234/227/35 378/370/100
f 234/227/35 233/226/34 379/371/95
f 233/226/34 232/225/33 379/371/95
f 232/225/33 231/224/32 380/372/96
f 231/224/32 230/223/31 380/372/96
f 230/223/31 229/222/70 381/373/103
f 229/222/70 228/221/69 381/373/103
f 228/221/69 188/181/42 382/374/104
f 188/181/42 187/180/42 382/374/104
f 187/180/42 186/179/54 383/375/93
f 186/179/54 185/178/36 383/375/93
f 185/178/36 184/177/35 384/376/100
f 184/177/35 183/176/35 384/376/100
f 183/176/35 182/175/34 385/377/95
f 182/175/34 181/174/33 385/377/95
f 181/174/33 180/173/32 386/378/96
f 180/173/32 179/172/31 386/378/96
f 179/172/31 178/171/46 387/379/97
f 178/171/46 177/170/40 387/379/97
f 177/170/40 176/169/38 388/380/105
f 175/168/37 388/380/105 176/169/38
f 175/168/37 174/167/36 389/381/93
f 174/167/36 173/166/53 389/381/93
f 173/166/53 172/165/35 390/382/100
f 172/165/35 171/164/35 390/382/100
f 171/164/35 170/163/34 391/383/95
f 170/163/34 169/162/33 391/383/95
f 169/162/33 168/161/32 392/384/101
f 168/161/32 167/160/31 392/384/101
f 167/160/31 166/159/29 393/385/103
f 166/159/29 165/158/29 393/385/103
f 165/158/29 164/157/29 394/386/102
f 164/157/29 199/192/37 394/386/102
f 199/192/37 198/191/36 395/387/93
f 198/191/36 197/190/36 395/387/93
f 197/190/36 196/189/35 396/388/100
f 196/189/35 195/188/35 396/388/100
f 195/188/35 194/187/34 397/389/95
f 194/187/34 193/186/33 397/389/95
f 193/186/33 192/185/32 398/390/96
f 192/185/32 191/184/31 398/390/96
f 191/184/31 190/183/66 399/391/103
f 190/183/66 189/182/65 399/391/103
f 189/182/65 152/145/55 400/392/106
f 152/145/55 151/144/42 400/392/106
f 151/144/42 150/143/54 401/393/93
f 150/143/54 149/142/53 401/393/93
f 149/142/53 148/141/35 402/394/94
f 148/141/35 147/140/35 402/394/94
f 147/140/35 146/139/34 403/395/95
f 146/139/34 145/138/33 403/395/95
f 145/138/33 144/137/32 404/396/101
f 144/137/32 143/136/31 404/396/101
f 143/136/31 142/135/46 405/397/103
f 142/135/46 141/134/40 405/397/103
f 141/134/40 140/133/38 406/398/105
f 139/132/37 406/398/105 140/133/38
f 139/132/37 138/131/36 407/399/93
f 138/131/36 137/130/36 407/399/93
f 137/130/36 136/129/35 408/400/100
f 136/129/35 135/128/35 408/400/100
f 135/128/35 134/127/35 409/401/95
f 134/127/35 352/344/82 409/401/95
f 352/344/82 133/126/52 410/402/107
f 133/126/52 132/125/51 410/402/107
f 132/125/51 131/124/49 411/403/108
f 131/124/49 130/123/50 411/403/108
f 130/123/50 129/122/49 412/404/109
f 129/122/49 163/156/64 412/404/109
f 163/156/64 162/155/63 413/405/110
f 162/155/63 161/154/62 413/405/110
f 161/154/62 160/153/61 414/406/111
f 160/153/61 159/152/60 414/406/111
f 159/152/60 158/151/59 415/407/112
f 158/151/59 157/150/59 415/407/112
f 157/150/59 156/149/58 416/408/113
f 156/149/58 155/148/57 416/408/113
f 155/148/57 154/147/56 417/409/114
f 154/147/56 153/146/56 417/409/114
f 153/146/56 80/73/42 418/410/115
f 80/73/42 79/72/42 418/410/115
f 79/72/42 78/71/36 419/411/93
f 78/71/36 77/70/36 419/411/93
f 77/70/36 76/69/35 420/412/100
f 76/69/35 75/68/35 420/412/100
f 75/68/35 74/67/34 421/413/95
f 74/67/34 73/66/33 421/413/95
f 73/66/33 72/65/32 422/414/96
f 72/65/32 71/64/31 422/414/96
f 71/64/31 70/63/41 423/415/103
f 70/63/41 69/62/40 423/415/103
f 69/62/40 67/60/38 424/416/105
f 66/59/37 424/416/105 67/60/38
f 66/59/37 65/58/36 425/417/116
f 65/58/36 64/57/36 425/417/116
f 64/57/36 63/56/35 426/418/100
f 63/56/35 62/55/35 426/418/100
f 62/55/35 61/54/34 427/419/117
f 61/54/34 60/53/33 427/419/117
f 60/53/33 59/52/32 428/420/96
f 59/52/32 58/51/31 428/420/96
f 58/51/31 56/50/29 429/421/103
f 56/50/29 55/49/29 429/421/103
f 55/49/29 54/48/29 430/422/118
f 54/48/29 92/85/37 430/422/118
f 92/85/37 91/84/36 431/423/93
f 91/84/36 90/83/36 431/423/93
f 90/83/36 89/82/35 432/424/94
f 89/82/35 88/81/35 432/424/94
f 88/81/35 87/80/34 433/425/95
f 87/80/34 86/79/33 433/425/95
f 86/79/33 85/78/32 434/426/96
f 85/78/32 84/77/31 434/426/96
f 84/77/31 83/76/43 435/427/97
f 83/76/43 82/75/44 435/427/97
f 82/75/44 81/74/43 436/428/119
f 81/74/43 116/109/42 436/428/119
f 116/109/42 115/108/36 437/429/120
f 115/108/36 114/107/36 437/429/120
f 114/107/36 113/106/35 438/430/94
f 113/106/35 112/105/35 438/430/94
f 112/105/35 111/104/34 439/431/95
f 111/104/34 110/103/33 439/431/95
f 110/103/33 109/102/45 440/432/96
f 109/102/45 108/101/45 440/432/96
f 108/101/45 107/100/46 441/433/121
f 107/100/46 106/99/46 441/433/121
f 106/99/46 105/98/38 442/434/98
f 104/97/37 442/434/98 105/98/38
f 104/97/37 103/96/36 443/435/93
f 103/96/36 102/95/36 443/435/93
f 102/95/36 101/94/35 444/436/94
f 101/94/35 100/93/35 444/436/94
f 100/93/35 99/92/34 445/437/95
f 99/92/34 98/91/33 445/437/95
f 98/91/33 97/90/45 446/438/101
f 97/90/45 96/89/31 446/438/101
f 96/89/31 95/88/29 447/439/97
f 95/88/29 94/87/29 447/439/97
f 94/87/29 93/86/29 448/440/118
f 93/86/29 128/121/37 448/440/118
f 128/121/37 127/120/36 449/441/93
f 127/120/36 126/119/36 449/441/93
f 126/119/36 125/118/35 450/442/94
f 125/118/35 124/117/35 450/442/94
f 124/117/35 123/116/34 451/443/95
f 123/116/34 122/115/33 451/443/95
f 122/115/33 121/114/32 452/444/96
f 121/114/32 120/113/31 452/444/96
f 120/113/31 119/112/48 453/445/103
f 119/112/48 118/111/48 453/445/103
f 118/111/48 117/110/47 454/110/122
f 15/9/12 48/42/26 13/7/10
f 13/7/10 48/42/26 49/43/26
f 17/11/13 47/41/26 15/9/12
f 15/9/12 47/41/26 48/42/26
f 19/13/14 46/40/26 17/11/13
f 17/11/13 46/40/26 47/41/26
f 21/15/16 45/39/26 19/13/14
f 19/13/14 45/39/26 46/40/26
f 23/17/18 44/38/26 21/15/16
f 21/15/16 44/38/26 45/39/26
f 25/19/20 43/37/26 23/17/18
f 23/17/18 43/37/26 44/38/26
f 27/21/21 42/36/26 25/19/20
f 25/19/20 42/36/26 43/37/26
f 29/23/13 41/35/26 27/21/21
f 27/21/21 41/35/26 42/36/26
f 31/25/14 40/34/26 29/23/13
f 29/23/13 40/34/26 41/35/26
f 33/27/23 39/33/26 31/25/14
f 31/25/14 39/33/26 40/34/26
f 50/46/28 38/32/26 33/27/23
f 33/27/23 38/32/26 39/33/26
f 53/47/28 36/30/26 50/46/28
f 50/46/28 36/30/26 38/32/26
f 53/47/28 321/314/81 36/30/26
f 36/30/26 321/314/81 37/31/26
f 243/236/68 117/110/47 248/240/26
f 248/240/26 117/110/47 260/252/26
f 117/110/47 119/112/48 260/252/26
f 260/252/26 119/112/48 259/251/26
f 119/112/48 121/114/32 259/251/26
f 259/251/26 121/114/32 258/250/26
f 121/114/32 123/116/34 258/250/26
f 258/250/26 123/116/34 257/249/26
f 123/116/34 125/118/35 257/249/26
f 257/249/26 125/118/35 256/248/26
f 125/118/35 127/120/36 256/248/26
f 256/248/26 127/120/36 255/247/26
f 127/120/36 93/86/29 255/247/26
f 255/247/26 93/86/29 254/246/26
f 93/86/29 95/88/29 254/246/26
f 254/246/26 95/88/29 253/245/26
f 95/88/29 97/90/45 253/245/26
f 253/245/26 97/90/45 252/244/26
f 97/90/45 99/92/34 252/244/26
f 252/244/26 99/92/34 251/243/26
f 99/92/34 101/94/35 251/243/26
f 251/243/26 101/94/35 250/242/26
f 101/94/35 103/96/36 250/242/26
f 250/242/26 103/96/36 249/241/26
f 103/96/36 105/98/38 249/241/26
f 249/241/26 105/98/38 247/239/26
f 105/98/38 107/100/46 247/239/26
f 247/239/26 107/100/46 245/237/26
f 243/236/68 248/240/26 200/193/67
f 200/193/67 248/240/26 246/238/26
f 107/100/46 109/102/45 245/237/26
f 245/237/26 109/102/45 262/254/26
f 109/102/45 111/104/34 262/254/26
f 262/254/26 111/104/34 263/255/26
f 111/104/34 113/106/35 263/255/26
f 263/255/26 113/106/35 264/256/26
f 113/106/35 115/108/36 264/256/26
f 264/256/26 115/108/36 265/257/26
f 115/108/36 81/74/43 265/257/26
f 265/257/26 81/74/43 266/258/26
f 81/74/43 83/76/43 266/258/26
f 266/258/26 83/76/43 267/259/26
f 83/76/43 85/78/32 267/259/26
f 267/259/26 85/78/32 268/260/26
f 85/78/32 87/80/34 268/260/26
f 268/260/26 87/80/34 269/261/26
f 87/80/34 89/82/35 269/261/26
f 269/261/26 89/82/35 270/262/26
f 89/82/35 91/84/36 270/262/26
f 270/262/26 91/84/36 271/263/26
f 201/194/67 200/193/67 261/253/26
f 261/253/26 200/193/67 246/238/26
f 91/84/36 54/48/29 271/263/26
f 271/263/26 54/48/29 275/267/26
f 54/48/29 56/50/29 275/267/26
f 275/267/26 56/50/29 276/268/26
f 56/50/29 59/52/32 276/268/26
f 276/268/26 59/52/32 277/269/26
f 59/52/32 61/54/34 277/269/26
f 277/269/26 61/54/34 278/270/26
f 61/54/34 63/56/35 278/270/26
f 278/270/26 63/56/35 279/271/26
f 63/56/35 65/58/36 279/271/26
f 279/271/26 65/58/36 280/272/26
f 65/58/36 67/60/38 280/272/26
f 280/272/26 67/60/38 281/273/26
f 67/60/38 70/63/41 281/273/26
f 281/273/26 70/63/41 282/274/26
f 70/63/41 72/65/32 282/274/26
f 282/274/26 72/65/32 283/275/26
f 72/65/32 74/67/34 283/275/26
f 283/275/26 74/67/34 284/276/26
f 74/67/34 76/69/35 284/276/26
f 284/276/26 76/69/35 285/277/26
f 76/69/35 78/71/36 285/277/26
f 285/277/26 78/71/36 286/278/26
f 78/71/36 80/73/42 286/278/26
f 286/278/26 80/73/42 287/279/26
f 272/265/76 201/194/67 274/266/26
f 274/266/26 201/194/67 261/253/26
f 134/127/35 136/129/35 290/282/26
f 290/282/26 136/129/35 291/283/26
f 136/129/35 138/131/36 291/283/26
f 291/283/26 138/131/36 294/286/26
f 138/131/36 140/133/38 294/286/26
f 294/286/26 140/133/38 295/287/26
f 140/133/38 142/135/46 295/287/26
f 295/287/26 142/135/46 296/288/26
f 142/135/46 144/137/32 296/288/26
f 296/288/26 144/137/32 297/289/26
f 144/137/32 146/139/34 297/289/26
f 297/289/26 146/139/34 298/290/26
f 146/139/34 148/141/35 298/290/26
f 298/290/26 148/141/35 299/291/26
f 150/143/54 300/292/26 148/141/35
f 148/141/35 300/292/26 299/291/26
f 152/145/55 301/293/26 150/143/54
f 150/143/54 301/293/26 300/292/26
f 190/183/66 302/294/26 152/145/55
f 152/145/55 302/294/26 301/293/26
f 192/185/32 303/295/26 190/183/66
f 190/183/66 303/295/26 302/294/26
f 194/187/34 304/296/26 192/185/32
f 192/185/32 304/296/26 303/295/26
f 196/189/35 305/297/26 194/187/34
f 194/187/34 305/297/26 304/296/26
f 241/235/73 240/233/72 293/285/26
f 293/285/26 240/233/72 292/284/26
f 198/191/36 320/312/26 196/189/35
f 196/189/35 320/312/26 305/297/26
f 164/157/29 319/311/26 198/191/36
f 198/191/36 319/311/26 320/312/26
f 166/159/29 318/310/26 164/157/29
f 164/157/29 318/310/26 319/311/26
f 168/161/32 317/309/26 166/159/29
f 166/159/29 317/309/26 318/310/26
f 170/163/34 316/308/26 168/161/32
f 168/161/32 316/308/26 317/309/26
f 172/165/35 315/307/26 170/163/34
f 170/163/34 315/307/26 316/308/26
f 174/167/36 314/306/26 172/165/35
f 172/165/35 314/306/26 315/307/26
f 176/169/38 313/305/26 174/167/36
f 174/167/36 313/305/26 314/306/26
f 178/171/46 312/304/26 176/169/38
f 176/169/38 312/304/26 313/305/26
f 180/173/32 311/303/26 178/171/46
f 178/171/46 311/303/26 312/304/26
f 182/175/34 310/302/26 180/173/32
f 180/173/32 310/302/26 311/303/26
f 184/177/35 309/301/26 182/175/34
f 182/175/34 309/301/26 310/302/26
f 288/281/78 241/235/73 308/300/26
f 308/300/26 241/235/73 293/285/26
f 186/179/54 323/315/26 184/177/35
f 184/177/35 323/315/26 309/301/26
f 188/181/42 325/317/26 186/179/54
f 186/179/54 325/317/26 323/315/26
f 229/222/70 326/318/26 188/181/42
f 188/181/42 326/318/26 325/317/26
f 231/224/32 327/319/26 229/222/70
f 229/222/70 327/319/26 326/318/26
f 233/226/34 328/320/26 231/224/32
f 231/224/32 328/320/26 327/319/26
f 235/228/35 329/321/26 233/226/34
f 233/226/34 329/321/26 328/320/26
f 237/230/54 330/322/26 235/228/35
f 235/228/35 330/322/26 329/321/26
f 204/197/29 331/323/26 237/230/54
f 237/230/54 331/323/26 330/322/26
f 206/199/29 332/324/26 204/197/29
f 204/197/29 332/324/26 331/323/26
f 208/201/32 333/325/26 206/199/29
f 206/199/29 333/325/26 332/324/26
f 210/203/34 334/326/26 208/201/32
f 208/201/32 334/326/26 333/325/26
f 212/205/35 335/327/26 210/203/34
f 210/203/34 335/327/26 334/326/26
f 306/299/80 288/281/78 324/316/26
f 324/316/26 288/281/78 308/300/26
f 214/207/36 336/328/26 212/205/35
f 212/205/35 336/328/26 335/327/26
f 216/209/38 337/329/26 214/207/36
f 214/207/36 337/329/26 336/328/26
f 218/211/46 338/330/26 216/209/38
f 216/209/38 338/330/26 337/329/26
f 220/213/32 339/331/26 218/211/46
f 218/211/46 339/331/26 338/330/26
f 222/215/34 340/332/26 220/213/32
f 220/213/32 340/332/26 339/331/26
f 224/217/35 341/333/26 222/215/34
f 222/215/34 341/333/26 340/332/26
f 226/219/36 342/334/26 224/217/35
f 224/217/35 342/334/26 341/333/26
f 34/28/24 343/335/26 226/219/36
f 226/219/36 343/335/26 342/334/26
f 13/7/10 49/43/26 34/28/24
f 34/28/24 49/43/26 343/335/26
f 321/314/81 306/299/80 37/31/26
f 37/31/26 306/299/80 324/316/26
f 80/73/42 154/147/56 287/279/26
f 287/279/26 154/147/56 351/343/26
f 154/147/56 156/149/58 351/343/26
f 351/343/26 156/149/58 350/342/26
f 156/149/58 158/151/59 350/342/26
f 350/342/26 158/151/59 349/341/26
f 158/151/59 160/153/61 349/341/26
f 349/341/26 160/153/61 348/340/26
f 160/153/61 162/155/63 348/340/26
f 348/340/26 162/155/63 347/339/26
f 162/155/63 129/122/49 347/339/26
f 347/339/26 129/122/49 346/338/26
f 129/122/49 131/124/49 346/338/26
f 346/338/26 131/124/49 345/337/26
f 131/124/49 133/126/52 345/337/26
f 345/337/26 133/126/52 344/336/26
f 133/126/52 134/127/35 344/336/26
f 344/336/26 134/127/35 290/282/26
f 240/233/72 272/265/76 292/284/26
f 292/284/26 272/265/76 274/266/26
f 454/110/122 117/110/47 244/236/74
f 244/236/74 117/110/47 243/236/68
f 455/7/123 456/9/123 14/8/11
f 456/9/123 457/11/124 16/10/13
f 457/11/124 458/13/125 18/12/14
f 458/13/125 459/15/126 20/14/15
f 459/15/126 460/17/127 22/16/17
f 460/17/127 461/19/128 24/18/19
f 461/19/128 462/21/129 26/20/21
f 462/21/129 463/23/124 28/22/13
f 463/23/124 464/25/125 30/24/14
f 464/25/125 465/27/130 32/26/22
f 466/28/131 455/7/123 35/29/25
f 467/30/132 469/32/132 468/31/132
f 469/32/132 470/33/132 468/31/132
f 470/33/132 471/34/132 468/31/132
f 471/34/132 472/35/132 468/31/132
f 472/35/132 473/36/132 468/31/132
f 473/36/132 474/37/132 468/31/132
f 474/37/132 475/38/132 468/31/132
f 475/38/132 476/39/132 468/31/132
f 476/39/132 477/40/132 468/31/132
f 477/40/132 478/41/132 468/31/132
f 478/41/132 479/42/132 468/31/132
f 468/31/132 479/42/132 480/43/132
f 482/47/133 52/45/28 481/46/133
f 481/46/133 52/45/28 51/44/27
f 483/48/134 484/50/134 55/49/29
f 482/47/133 57/47/30 52/45/28
f 484/50/134 485/52/135 58/51/31
f 485/52/135 486/54/136 60/53/33
f 486/54/136 487/56/137 62/55/35
f 487/56/137 488/58/138 64/57/36
f 488/58/138 489/60/139 66/59/37
f 481/46/133 51/44/27 68/61/39
f 489/60/139 490/63/140 69/62/40
f 490/63/140 491/65/135 71/64/31
f 491/65/135 492/67/136 73/66/33
f 492/67/136 493/69/137 75/68/35
f 493/69/137 494/71/138 77/70/36
f 494/71/138 495/73/141 79/72/42
f 496/74/142 497/76/142 82/75/44
f 497/76/142 498/78/135 84/77/31
f 498/78/135 499/80/136 86/79/33
f 499/80/136 500/82/137 88/81/35
f 500/82/137 501/84/138 90/83/36
f 501/84/138 483/48/134 92/85/37
f 502/86/134 503/88/134 94/87/29
f 503/88/134 504/90/143 96/89/31
f 504/90/143 505/92/136 98/91/33
f 505/92/136 506/94/137 100/93/35
f 506/94/137 507/96/138 102/95/36
f 507/96/138 508/98/139 104/97/37
f 508/98/139 509/100/144 106/99/46
f 509/100/144 510/102/143 108/101/45
f 510/102/143 511/104/136 110/103/33
f 511/104/136 512/106/137 112/105/35
f 512/106/137 513/108/138 114/107/36
f 513/108/138 496/74/142 116/109/42
f 514/110/145 515/112/146 118/111/48
f 515/112/146 516/114/135 120/113/31
f 516/114/135 517/116/136 122/115/33
f 517/116/136 518/118/137 124/117/35
f 518/118/137 519/120/138 126/119/36
f 519/120/138 502/86/134 128/121/37
f 520/122/147 521/124/148 130/123/50
f 521/124/148 522/126/149 132/125/51
f 523/127/137 524/129/137 135/128/35
f 524/129/137 525/131/138 137/130/36
f 525/131/138 526/133/139 139/132/37
f 526/133/139 527/135/144 141/134/40
f 527/135/144 528/137/135 143/136/31
f 528/137/135 529/139/136 145/138/33
f 529/139/136 530/141/137 147/140/35
f 530/141/137 531/143/150 149/142/53
f 531/143/150 532/145/151 151/144/42
f 495/73/141 533/147/152 153/146/56
f 533/147/152 534/149/153 155/148/57
f 534/149/153 535/151/154 157/150/59
f 535/151/154 536/153/155 159/152/60
f 536/153/155 537/155/156 161/154/62
f 537/155/156 520/122/147 163/156/64
f 538/157/134 539/159/157 165/158/29
f 539/159/157 540/161/135 167/160/31
f 540/161/135 541/163/136 169/162/33
f 541/163/136 542/165/137 171/164/35
f 542/165/137 543/167/138 173/166/53
f 543/167/138 544/169/139 175/168/37
f 544/169/139 545/171/144 177/170/40
f 545/171/144 546/173/135 179/172/31
f 546/173/135 547/175/136 181/174/33
f 547/175/136 548/177/137 183/176/35
f 548/177/137 549/179/150 185/178/36
f 549/179/150 550/181/141 187/180/42
f 532/145/151 551/183/158 189/182/65
f 551/183/158 552/185/135 191/184/31
f 552/185/135 553/187/136 193/186/33
f 553/187/136 554/189/137 195/188/35
f 554/189/137 555/191/138 197/190/36
f 555/191/138 538/157/134 199/192/37
f 556/193/159 203/195/68 557/194/159
f 557/194/159 203/195/68 202/196/68
f 558/197/134 559/199/134 205/198/29
f 559/199/134 560/201/135 207/200/31
f 560/201/135 561/203/136 209/202/33
f 561/203/136 562/205/137 211/204/35
f 562/205/137 563/207/138 213/206/36
f 563/207/138 564/209/139 215/208/37
f 564/209/139 565/211/144 217/210/40
f 565/211/144 566/213/135 219/212/31
f 566/213/135 567/215/136 221/214/33
f 567/215/136 568/217/137 223/216/35
f 568/217/137 569/219/138 225/218/53
f 569/219/138 466/28/131 227/220/42
f 550/181/141 570/222/160 228/221/69
f 570/222/160 571/224/135 230/223/31
f 571/224/135 572/226/136 232/225/33
f 572/226/136 573/228/137 234/227/35
f 573/228/137 574/230/150 236/229/36
f 574/230/150 558/197/134 238/231/37
f 239/232/71 242/234/71 575/233/161
f 575/233/161 242/234/71 576/235/71
f 481/46/133 68/61/39 465/27/130
f 577/236/162 244/236/74 556/193/159
f 556/193/159 244/236/74 203/195/68
f 578/237/132 580/239/132 579/238/132
f 579/238/132 580/239/132 581/240/132
f 580/239/132 582/241/132 581/240/132
f 582/241/132 583/242/132 581/240/132
f 583/242/132 584/243/132 581/240/132
f 584/243/132 585/244/132 581/240/132
f 585/244/132 586/245/132 581/240/132
f 586/245/132 587/246/132 581/240/132
f 587/246/132 588/247/132 581/240/132
f 588/247/132 589/248/132 581/240/132
f 589/248/132 590/249/132 581/240/132
f 590/249/132 591/250/132 581/240/132
f 591/250/132 592/251/132 581/240/132
f 581/240/132 592/251/132 593/252/132
f 579/238/132 594/253/132 578/237/132
f 578/237/132 594/253/132 595/254/132
f 595/254/132 594/253/132 596/255/132
f 596/255/132 594/253/132 597/256/132
f 597/256/132 594/253/132 598/257/132
f 598/257/132 594/253/132 599/258/132
f 599/258/132 594/253/132 600/259/132
f 600/259/132 594/253/132 601/260/132
f 601/260/132 594/253/132 602/261/132
f 602/261/132 594/253/132 603/262/132
f 603/262/132 594/253/132 604/263/132
f 202/196/68 273/264/75 557/194/159
f 557/194/159 273/264/75 605/265/163
f 594/253/132 606/266/132 604/263/132
f 604/263/132 606/266/132 607/267/132
f 607/267/132 606/266/132 608/268/132
f 608/268/132 606/266/132 609/269/132
f 609/269/132 606/266/132 610/270/132
f 610/270/132 606/266/132 611/271/132
f 611/271/132 606/266/132 612/272/132
f 612/272/132 606/266/132 613/273/132
f 613/273/132 606/266/132 614/274/132
f 614/274/132 606/266/132 615/275/132
f 615/275/132 606/266/132 616/276/132
f 616/276/132 606/266/132 617/277/132
f 617/277/132 606/266/132 618/278/132
f 618/278/132 606/266/132 619/279/132
f 242/234/71 289/280/77 576/235/71
f 576/235/71 289/280/77 620/281/79
f 621/282/132 623/284/132 622/283/132
f 623/284/132 624/285/132 622/283/132
f 622/283/132 624/285/132 625/286/132
f 625/286/132 624/285/132 626/287/132
f 626/287/132 624/285/132 627/288/132
f 627/288/132 624/285/132 628/289/132
f 628/289/132 624/285/132 629/290/132
f 629/290/132 624/285/132 630/291/132
f 630/291/132 624/285/132 631/292/132
f 631/292/132 624/285/132 632/293/132
f 632/293/132 624/285/132 633/294/132
f 633/294/132 624/285/132 634/295/132
f 634/295/132 624/285/132 635/296/132
f 635/296/132 624/285/132 636/297/132
f 289/280/77 307/298/79 620/281/79
f 620/281/79 307/298/79 637/299/164
f 638/300/132 639/301/132 624/285/132
f 639/301/132 640/302/132 624/285/132
f 640/302/132 641/303/132 624/285/132
f 641/303/132 642/304/132 624/285/132
f 642/304/132 643/305/132 624/285/132
f 643/305/132 644/306/132 624/285/132
f 644/306/132 645/307/132 624/285/132
f 645/307/132 646/308/132 624/285/132
f 646/308/132 647/309/132 624/285/132
f 647/309/132 648/310/132 624/285/132
f 648/310/132 649/311/132 624/285/132
f 649/311/132 650/312/132 624/285/132
f 624/285/132 650/312/132 636/297/132
f 307/298/79 322/313/77 637/299/164
f 637/299/164 322/313/77 651/314/165
f 639/301/132 638/300/132 652/315/132
f 638/300/132 653/316/132 652/315/132
f 652/315/132 653/316/132 654/317/132
f 654/317/132 653/316/132 655/318/132
f 655/318/132 653/316/132 656/319/132
f 656/319/132 653/316/132 657/320/132
f 657/320/132 653/316/132 658/321/132
f 658/321/132 653/316/132 659/322/132
f 659/322/132 653/316/132 660/323/132
f 660/323/132 653/316/132 661/324/132
f 661/324/132 653/316/132 662/325/132
f 662/325/132 653/316/132 663/326/132
f 663/326/132 653/316/132 664/327/132
f 322/313/77 57/47/30 651/314/165
f 651/314/165 57/47/30 482/47/133
f 664/327/132 653/316/132 665/328/132
f 653/316/132 468/31/132 665/328/132
f 665/328/132 468/31/132 666/329/132
f 666/329/132 468/31/132 667/330/132
f 667/330/132 468/31/132 668/331/132
f 668/331/132 468/31/132 669/332/132
f 669/332/132 468/31/132 670/333/132
f 670/333/132 468/31/132 671/334/132
f 671/334/132 468/31/132 672/335/132
f 672/335/132 468/31/132 480/43/132
f 623/284/132 621/282/132 606/266/132
f 621/282/132 673/336/132 606/266/132
f 673/336/132 674/337/132 606/266/132
f 674/337/132 675/338/132 606/266/132
f 675/338/132 676/339/132 606/266/132
f 676/339/132 677/340/132 606/266/132
f 677/340/132 678/341/132 606/266/132
f 678/341/132 679/342/132 606/266/132
f 679/342/132 680/343/132 606/266/132
f 606/266/132 680/343/132 619/279/132
f 273/264/75 239/232/71 605/265/163
f 605/265/163 239/232/71 575/233/161
f 522/126/149 523/127/137 352/344/82
f 68/61/39 353/345/83 465/27/130
f 465/27/130 353/345/83 32/26/22
f 32/26/22 354/346/84 464/25/125
f 464/25/125 354/346/84 30/24/14
f 30/24/14 355/347/85 463/23/124
f 463/23/124 355/347/85 28/22/13
f 28/22/13 356/348/86 462/21/129
f 462/21/129 356/348/86 26/20/21
f 26/20/21 357/349/87 461/19/128
f 24/18/19 461/19/128 357/349/87
f 24/18/19 358/350/88 460/17/127
f 460/17/127 358/350/88 22/16/17
f 22/16/17 359/351/89 459/15/126
f 459/15/126 359/351/89 20/14/15
f 20/14/15 360/352/90 458/13/125
f 458/13/125 360/352/90 18/12/14
f 18/12/14 361/353/85 457/11/124
f 457/11/124 361/353/85 16/10/13
f 16/10/13 362/354/86 456/9/123
f 456/9/123 362/354/86 14/8/11
f 14/8/11 363/355/91 455/7/123
f 455/7/123 363/355/91 35/29/25
f 35/29/25 364/356/92 466/28/131
f 466/28/131 364/356/92 227/220/42
f 227/220/42 365/357/93 569/219/138
f 569/219/138 365/357/93 225/218/53
f 225/218/53 366/358/94 568/217/137
f 568/217/137 366/358/94 223/216/35
f 223/216/35 367/359/95 567/215/136
f 567/215/136 367/359/95 221/214/33
f 221/214/33 368/360/96 566/213/135
f 566/213/135 368/360/96 219/212/31
f 219/212/31 369/361/97 565/211/144
f 565/211/144 369/361/97 217/210/40
f 217/210/40 370/362/98 564/209/139
f 215/208/37 564/209/139 370/362/98
f 215/208/37 371/363/99 563/207/138
f 563/207/138 371/363/99 213/206/36
f 213/206/36 372/364/100 562/205/137
f 562/205/137 372/364/100 211/204/35
f 211/204/35 373/365/95 561/203/136
f 561/203/136 373/365/95 209/202/33
f 209/202/33 374/366/101 560/201/135
f 560/201/135 374/366/101 207/200/31
f 207/200/31 375/367/97 559/199/134
f 559/199/134 375/367/97 205/198/29
f 205/198/29 376/368/102 558/197/134
f 558/197/134 376/368/102 238/231/37
f 238/231/37 377/369/93 574/230/150
f 574/230/150 377/369/93 236/229/36
f 236/229/36 378/370/100 573/228/137
f 573/228/137 378/370/100 234/227/35
f 234/227/35 379/371/95 572/226/136
f 572/226/136 379/371/95 232/225/33
f 232/225/33 380/372/96 571/224/135
f 571/224/135 380/372/96 230/223/31
f 230/223/31 381/373/103 570/222/160
f 570/222/160 381/373/103 228/221/69
f 228/221/69 382/374/104 550/181/141
f 550/181/141 382/374/104 187/180/42
f 187/180/42 383/375/93 549/179/150
f 549/179/150 383/375/93 185/178/36
f 185/178/36 384/376/100 548/177/137
f 548/177/137 384/376/100 183/176/35
f 183/176/35 385/377/95 547/175/136
f 547/175/136 385/377/95 181/174/33
f 181/174/33 386/378/96 546/173/135
f 546/173/135 386/378/96 179/172/31
f 179/172/31 387/379/97 545/171/144
f 545/171/144 387/379/97 177/170/40
f 177/170/40 388/380/105 544/169/139
f 175/168/37 544/169/139 388/380/105
f 175/168/37 389/381/93 543/167/138
f 543/167/138 389/381/93 173/166/53
f 173/166/53 390/382/100 542/165/137
f 542/165/137 390/382/100 171/164/35
f 171/164/35 391/383/95 541/163/136
f 541/163/136 391/383/95 169/162/33
f 169/162/33 392/384/101 540/161/135
f 540/161/135 392/384/101 167/160/31
f 167/160/31 393/385/103 539/159/157
f 539/159/157 393/385/103 165/158/29
f 165/158/29 394/386/102 538/157/134
f 538/157/134 394/386/102 199/192/37
f 199/192/37 395/387/93 555/191/138
f 555/191/138 395/387/93 197/190/36
f 197/190/36 396/388/100 554/189/137
f 554/189/137 396/388/100 195/188/35
f 195/188/35 397/389/95 553/187/136
f 553/187/136 397/389/95 193/186/33
f 193/186/33 398/390/96 552/185/135
f 552/185/135 398/390/96 191/184/31
f 191/184/31 399/391/103 551/183/158
f 551/183/158 399/391/103 189/182/65
f 189/182/65 400/392/106 532/145/151
f 532/145/151 400/392/106 151/144/42
f 151/144/42 401/393/93 531/143/150
f 531/143/150 401/393/93 149/142/53
f 149/142/53 402/394/94 530/141/137
f 530/141/137 402/394/94 147/140/35
f 147/140/35 403/395/95 529/139/136
f 529/139/136 403/395/95 145/138/33
f 145/138/33 404/396/101 528/137/135
f 528/137/135 404/396/101 143/136/31
f 143/136/31 405/397/103 527/135/144
f 527/135/144 405/397/103 141/134/40
f 141/134/40 406/398/105 526/133/139
f 139/132/37 526/133/139 406/398/105
f 139/132/37 407/399/93 525/131/138
f 525/131/138 407/399/93 137/130/36
f 137/130/36 408/400/100 524/129/137
f 524/129/137 408/400/100 135/128/35
f 135/128/35 409/401/95 523/127/137
f 523/127/137 409/401/95 352/344/82
f 352/344/82 410/402/107 522/126/149
f 522/126/149 410/402/107 132/125/51
f 132/125/51 411/403/108 521/124/148
f 521/124/148 411/403/108 130/123/50
f 130/123/50 412/404/109 520/122/147
f 520/122/147 412/404/109 163/156/64
f 163/156/64 413/405/110 537/155/156
f 537/155/156 413/405/110 161/154/62
f 161/154/62 414/406/111 536/153/155
f 536/153/155 414/406/111 159/152/60
f 159/152/60 415/407/112 535/151/154
f 535/151/154 415/407/112 157/150/59
f 157/150/59 416/408/113 534/149/153
f 534/149/153 416/408/113 155/148/57
f 155/148/57 417/409/114 533/147/152
f 533/147/152 417/409/114 153/146/56
f 153/146/56 418/410/115 495/73/141
f 495/73/141 418/410/115 79/72/42
f 79/72/42 419/411/93 494/71/138
f 494/71/138 419/411/93 77/70/36
f 77/70/36 420/412/100 493/69/137
f 493/69/137 420/412/100 75/68/35
f 75/68/35 421/413/95 492/67/136
f 492/67/136 421/413/95 73/66/33
f 73/66/33 422/414/96 491/65/135
f 491/65/135 422/414/96 71/64/31
f 71/64/31 423/415/103 490/63/140
f 490/63/140 423/415/103 69/62/40
f 69/62/40 424/416/105 489/60/139
f 66/59/37 489/60/139 424/416/105
f 66/59/37 425/417/116 488/58/138
f 488/58/138 425/417/116 64/57/36
f 64/57/36 426/418/100 487/56/137
f 487/56/137 426/418/100 62/55/35
f 62/55/35 427/419/117 486/54/136
f 486/54/136 427/419/117 60/53/33
f 60/53/33 428/420/96 485/52/135
f 485/52/135 428/420/96 58/51/31
f 58/51/31 429/421/103 484/50/134
f 484/50/134 429/421/103 55/49/29
f 55/49/29 430/422/118 483/48/134
f 483/48/134 430/422/118 92/85/37
f 92/85/37 431/423/93 501/84/138
f 501/84/138 431/423/93 90/83/36
f 90/83/36 432/424/94 500/82/137
f 500/82/137 432/424/94 88/81/35
f 88/81/35 433/425/95 499/80/136
f 499/80/136 433/425/95 86/79/33
f 86/79/33 434/426/96 498/78/135
f 498/78/135 434/426/96 84/77/31
f 84/77/31 435/427/97 497/76/142
f 497/76/142 435/427/97 82/75/44
f 82/75/44 436/428/119 496/74/142
f 496/74/142 436/428/119 116/109/42
f 116/109/42 437/429/120 513/108/138
f 513/108/138 437/429/120 114/107/36
f 114/107/36 438/430/94 512/106/137
f 512/106/137 438/430/94 112/105/35
f 112/105/35 439/431/95 511/104/136
f 511/104/136 439/431/95 110/103/33
f 110/103/33 440/432/96 510/102/143
f 510/102/143 440/432/96 108/101/45
f 108/101/45 441/433/121 509/100/144
f 509/100/144 441/433/121 106/99/46
f 106/99/46 442/434/98 508/98/139
f 104/97/37 508/98/139 442/434/98
f 104/97/37 443/435/93 507/96/138
f 507/96/138 443/435/93 102/95/36
f 102/95/36 444/436/94 506/94/137
f 506/94/137 444/436/94 100/93/35
f 100/93/35 445/437/95 505/92/136
f 505/92/136 445/437/95 98/91/33
f 98/91/33 446/438/101 504/90/143
f 504/90/143 446/438/101 96/89/31
f 96/89/31 447/439/97 503/88/134
f 503/88/134 447/439/97 94/87/29
f 94/87/29 448/440/118 502/86/134
f 502/86/134 448/440/118 128/121/37
f 128/121/37 449/441/93 519/120/138
f 519/120/138 449/441/93 126/119/36
f 126/119/36 450/442/94 518/118/137
f 518/118/137 450/442/94 124/117/35
f 124/117/35 451/443/95 517/116/136
f 517/116/136 451/443/95 122/115/33
f 122/115/33 452/444/96 516/114/135
f 516/114/135 452/444/96 120/113/31
f 120/113/31 453/445/103 515/112/146
f 515/112/146 453/445/103 118/111/48
f 118/111/48 454/110/122 514/110/145
f 480/43/132 479/42/132 455/7/123
f 455/7/123 479/42/132 456/9/123
f 479/42/132 478/41/132 456/9/123
f 456/9/123 478/41/132 457/11/124
f 478/41/132 477/40/132 457/11/124
f 457/11/124 477/40/132 458/13/125
f 477/40/132 476/39/132 458/13/125
f 458/13/125 476/39/132 459/15/126
f 476/39/132 475/38/132 459/15/126
f 459/15/126 475/38/132 460/17/127
f 475/38/132 474/37/132 460/17/127
f 460/17/127 474/37/132 461/19/128
f 474/37/132 473/36/132 461/19/128
f 461/19/128 473/36/132 462/21/129
f 473/36/132 472/35/132 462/21/129
f 462/21/129 472/35/132 463/23/124
f 472/35/132 471/34/132 463/23/124
f 463/23/124 471/34/132 464/25/125
f 471/34/132 470/33/132 464/25/125
f 464/25/125 470/33/132 465/27/130
f 470/33/132 469/32/132 465/27/130
f 465/27/130 469/32/132 481/46/133
f 469/32/132 467/30/132 481/46/133
f 481/46/133 467/30/132 482/47/133
f 482/47/133 467/30/132 651/314/165
f 651/314/165 467/30/132 468/31/132
f 577/236/162 581/240/132 514/110/145
f 514/110/145 581/240/132 593/252/132
f 514/110/145 593/252/132 515/112/146
f 515/112/146 593/252/132 592/251/132
f 515/112/146 592/251/132 516/114/135
f 516/114/135 592/251/132 591/250/132
f 516/114/135 591/250/132 517/116/136
f 517/116/136 591/250/132 590/249/132
f 517/116/136 590/249/132 518/118/137
f 518/118/137 590/249/132 589/248/132
f 518/118/137 589/248/132 519/120/138
f 519/120/138 589/248/132 588/247/132
f 519/120/138 588/247/132 502/86/134
f 502/86/134 588/247/132 587/246/132
f 502/86/134 587/246/132 503/88/134
f 503/88/134 587/246/132 586/245/132
f 503/88/134 586/245/132 504/90/143
f 504/90/143 586/245/132 585/244/132
f 504/90/143 585/244/132 505/92/136
f 505/92/136 585/244/132 584/243/132
f 505/92/136 584/243/132 506/94/137
f 506/94/137 584/243/132 583/242/132
f 506/94/137 583/242/132 507/96/138
f 507/96/138 583/242/132 582/241/132
f 507/96/138 582/241/132 508/98/139
f 508/98/139 582/241/132 580/239/132
f 508/98/139 580/239/132 509/100/144
f 509/100/144 580/239/132 578/237/132
f 579/238/132 581/240/132 556/193/159
f 556/193/159 581/240/132 577/236/162
f 509/100/144 578/237/132 510/102/143
f 510/102/143 578/237/132 595/254/132
f 510/102/143 595/254/132 511/104/136
f 511/104/136 595/254/132 596/255/132
f 511/104/136 596/255/132 512/106/137
f 512/106/137 596/255/132 597/256/132
f 512/106/137 597/256/132 513/108/138
f 513/108/138 597/256/132 598/257/132
f 513/108/138 598/257/132 496/74/142
f 496/74/142 598/257/132 599/258/132
f 496/74/142 599/258/132 497/76/142
f 497/76/142 599/258/132 600/259/132
f 497/76/142 600/259/132 498/78/135
f 498/78/135 600/259/132 601/260/132
f 498/78/135 601/260/132 499/80/136
f 499/80/136 601/260/132 602/261/132
f 499/80/136 602/261/132 500/82/137
f 500/82/137 602/261/132 603/262/132
f 500/82/137 603/262/132 501/84/138
f 501/84/138 603/262/132 604/263/132
f 557/194/159 594/253/132 556/193/159
f 556/193/159 594/253/132 579/238/132
f 501/84/138 604/263/132 483/48/134
f 483/48/134 604/263/132 607/267/132
f 483/48/134 607/267/132 484/50/134
f 484/50/134 607/267/132 608/268/132
f 484/50/134 608/268/132 485/52/135
f 485/52/135 608/268/132 609/269/132
f 485/52/135 609/269/132 486/54/136
f 486/54/136 609/269/132 610/270/132
f 486/54/136 610/270/132 487/56/137
f 487/56/137 610/270/132 611/271/132
f 487/56/137 611/271/132 488/58/138
f 488/58/138 611/271/132 612/272/132
f 488/58/138 612/272/132 489/60/139
f 489/60/139 612/272/132 613/273/132
f 489/60/139 613/273/132 490/63/140
f 490/63/140 613/273/132 614/274/132
f 490/63/140 614/274/132 491/65/135
f 491/65/135 614/274/132 615/275/132
f 491/65/135 615/275/132 492/67/136
f 492/67/136 615/275/132 616/276/132
f 492/67/136 616/276/132 493/69/137
f 493/69/137 616/276/132 617/277/132
f 493/69/137 617/277/132 494/71/138
f 494/71/138 617/277/132 618/278/132
f 494/71/138 618/278/132 495/73/141
f 495/73/141 618/278/132 619/279/132
f 605/265/163 606/266/132 557/194/159
f 557/194/159 606/266/132 594/253/132
f 523/127/137 621/282/132 524/129/137
f 524/129/137 621/282/132 622/283/132
f 524/129/137 622/283/132 525/131/138
f 525/131/138 622/283/132 625/286/132
f 525/131/138 625/286/132 526/133/139
f 526/133/139 625/286/132 626/287/132
f 526/133/139 626/287/132 527/135/144
f 527/135/144 626/287/132 627/288/132
f 527/135/144 627/288/132 528/137/135
f 528/137/135 627/288/132 628/289/132
f 528/137/135 628/289/132 529/139/136
f 529/139/136 628/289/132 629/290/132
f 529/139/136 629/290/132 530/141/137
f 530/141/137 629/290/132 630/291/132
f 630/291/132 631/292/132 530/141/137
f 530/141/137 631/292/132 531/143/150
f 631/292/132 632/293/132 531/143/150
f 531/143/150 632/293/132 532/145/151
f 632/293/132 633/294/132 532/145/151
f 532/145/151 633/294/132 551/183/158
f 633/294/132 634/295/132 551/183/158
f 551/183/158 634/295/132 552/185/135
f 634/295/132 635/296/132 552/185/135
f 552/185/135 635/296/132 553/187/136
f 635/296/132 636/297/132 553/187/136
f 553/187/136 636/297/132 554/189/137
f 576/235/71 624/285/132 575/233/161
f 575/233/161 624/285/132 623/284/132
f 636/297/132 650/312/132 554/189/137
f 554/189/137 650/312/132 555/191/138
f 650/312/132 649/311/132 555/191/138
f 555/191/138 649/311/132 538/157/134
f 649/311/132 648/310/132 538/157/134
f 538/157/134 648/310/132 539/159/157
f 648/310/132 647/309/132 539/159/157
f 539/159/157 647/309/132 540/161/135
f 647/309/132 646/308/132 540/161/135
f 540/161/135 646/308/132 541/163/136
f 646/308/132 645/307/132 541/163/136
f 541/163/136 645/307/132 542/165/137
f 645/307/132 644/306/132 542/165/137
f 542/165/137 644/306/132 543/167/138
f 644/306/132 643/305/132 543/167/138
f 543/167/138 643/305/132 544/169/139
f 643/305/132 642/304/132 544/169/139
f 544/169/139 642/304/132 545/171/144
f 642/304/132 641/303/132 545/171/144
f 545/171/144 641/303/132 546/173/135
f 641/303/132 640/302/132 546/173/135
f 546/173/135 640/302/132 547/175/136
f 640/302/132 639/301/132 547/175/136
f 547/175/136 639/301/132 548/177/137
f 620/281/79 638/300/132 576/235/71
f 576/235/71 638/300/132 624/285/132
f 639/301/132 652/315/132 548/177/137
f 548/177/137 652/315/132 549/179/150
f 652/315/132 654/317/132 549/179/150
f 549/179/150 654/317/132 550/181/141
f 654/317/132 655/318/132 550/181/141
f 550/181/141 655/318/132 570/222/160
f 655/318/132 656/319/132 570/222/160
f 570/222/160 656/319/132 571/224/135
f 656/319/132 657/320/132 571/224/135
f 571/224/135 657/320/132 572/226/136
f 657/320/132 658/321/132 572/226/136
f 572/226/136 658/321/132 573/228/137
f 658/321/132 659/322/132 573/228/137
f 573/228/137 659/322/132 574/230/150
f 659/322/132 660/323/132 574/230/150
f 574/230/150 660/323/132 558/197/134
f 660/323/132 661/324/132 558/197/134
f 558/197/134 661/324/132 559/199/134
f 661/324/132 662/325/132 559/199/134
f 559/199/134 662/325/132 560/201/135
f 662/325/132 663/326/132 560/201/135
f 560/201/135 663/326/132 561/203/136
f 663/326/132 664/327/132 561/203/136
f 561/203/136 664/327/132 562/205/137
f 637/299/164 653/316/132 620/281/79
f 620/281/79 653/316/132 638/300/132
f 664/327/132 665/328/132 562/205/137
f 562/205/137 665/328/132 563/207/138
f 665/328/132 666/329/132 563/207/138
f 563/207/138 666/329/132 564/209/139
f 666/329/132 667/330/132 564/209/139
f 564/209/139 667/330/132 565/211/144
f 667/330/132 668/331/132 565/211/144
f 565/211/144 668/331/132 566/213/135
f 668/331/132 669/332/132 566/213/135
f 566/213/135 669/332/132 567/215/136
f 669/332/132 670/333/132 567/215/136
f 567/215/136 670/333/132 568/217/137
f 670/333/132 671/334/132 568/217/137
f 568/217/137 671/334/132 569/219/138
f 671/334/132 672/335/132 569/219/138
f 569/219/138 672/335/132 466/28/131
f 672/335/132 480/43/132 466/28/131
f 466/28/131 480/43/132 455/7/123
f 651/314/165 468/31/132 637/299/164
f 637/299/164 468/31/132 653/316/132
f 495/73/141 619/279/132 533/147/152
f 533/147/152 619/279/132 680/343/132
f 533/147/152 680/343/132 534/149/153
f 534/149/153 680/343/132 679/342/132
f 534/149/153 679/342/132 535/151/154
f 535/151/154 679/342/132 678/341/132
f 535/151/154 678/341/132 536/153/155
f 536/153/155 678/341/132 677/340/132
f 536/153/155 677/340/132 537/155/156
f 537/155/156 677/340/132 676/339/132
f 537/155/156 676/339/132 520/122/147
f 520/122/147 676/339/132 675/338/132
f 520/122/147 675/338/132 521/124/148
f 521/124/148 675/338/132 674/337/132
f 521/124/148 674/337/132 522/126/149
f 522/126/149 674/337/132 673/336/132
f 522/126/149 673/336/132 523/127/137
f 523/127/137 673/336/132 621/282/132
f 575/233/161 623/284/132 605/265/163
f 605/265/163 623/284/132 606/266/132
f 454/110/122 244/236/74 514/110/145
f 514/110/145 244/236/74 577/236/162
f 681/446/166 682/447/167 690/448/168
f 690/448/168 682/447/167 689/449/168
f 683/450/4 684/451/4 685/450/4
f 685/450/4 684/451/4 686/451/4
f 691/448/169 692/449/169 687/446/169
f 687/446/169 692/449/169 688/447/170
f 687/446/169 688/447/170 681/446/166
f 681/446/166 688/447/170 682/447/167
f 682/447/167 688/447/170 689/449/168
f 689/449/168 688/447/170 692/449/169
f 687/446/169 681/446/166 691/448/169
f 691/448/169 681/446/166 690/448/168
f 690/448/168 689/449/168 683/450/4
f 683/450/4 689/449/168 684/451/4
f 691/448/169 690/448/168 685/450/4
f 685/450/4 690/448/168 683/450/4
f 685/450/4 686/451/4 691/448/169
f 691/448/169 686/451/4 692/449/169
f 689/449/168 692/449/169 684/451/4
f 684/451/4 692/449/169 686/451/4
f 693/452/171 694/453/171 696/454/171
f 696/454/171 694/453/171 695/455/172
f 695/455/172 694/453/171 698/456/173
f 698/456/173 694/453/171 697/457/171
f 698/456/173 697/457/171 700/458/171
f 700/458/171 697/457/171 699/459/174
f 700/458/171 699/459/174 702/460/173
f 702/460/173 699/459/174 701/461/172
f 702/460/173 701/461/172 704/462/171
f 704/462/171 701/461/172 703/463/172
f 693/452/171 696/454/171 706/464/171
f 706/464/171 696/454/171 705/465/172
f 706/464/171 705/465/172 708/466/175
f 708/466/175 705/465/172 707/467/173
f 708/466/175 707/467/173 710/468/171
f 710/468/171 707/467/173 709/469/173
f 694/453/171 693/452/171 712/470/176
f 712/470/176 693/452/171 711/471/177
f 699/459/174 697/457/171 714/472/178
f 714/472/178 697/457/171 713/473/178
f 715/474/179 710/468/171 717/475/180
f 717/475/180 710/468/171 716/476/179
f 718/477/171 715/474/179 719/478/171
f 719/478/171 715/474/179 717/475/180
f 712/470/176 711/471/177 721/479/171
f 721/479/171 711/471/177 720/480/171
f 714/472/178 713/473/178 723/481/181
f 723/481/181 713/473/178 722/482/181
f 724/483/182 725/484/183 886/483/184
f 886/483/184 725/484/183 887/484/183
f 726/485/185 724/483/182 888/485/186
f 888/485/186 724/483/182 886/483/184
f 727/486/187 726/485/185 889/486/188
f 889/486/188 726/485/185 888/485/186
f 728/487/189 729/488/171 731/489/171
f 731/489/171 729/488/171 730/490/171
f 730/490/171 732/491/171 731/489/171
f 731/489/171 732/491/171 733/492/171
f 732/491/171 734/493/171 733/492/171
f 733/492/171 734/493/171 735/494/171
f 734/493/171 736/495/190 735/494/171
f 735/494/171 736/495/190 737/496/173
f 736/495/190 704/462/171 737/496/173
f 737/496/173 704/462/171 703/463/172
f 728/487/189 738/497/190 729/488/171
f 729/488/171 738/497/190 739/498/175
f 738/497/190 740/499/171 739/498/175
f 739/498/175 740/499/171 741/500/175
f 740/499/171 716/476/179 741/500/175
f 741/500/175 716/476/179 742/501/175
f 709/469/173 742/501/175 710/468/171
f 710/468/171 742/501/175 716/476/179
f 731/489/171 743/502/191 728/487/189
f 728/487/189 743/502/191 744/503/191
f 735/494/171 745/504/192 733/492/171
f 733/492/171 745/504/192 746/505/193
f 743/502/191 747/506/171 744/503/191
f 744/503/191 747/506/171 748/507/172
f 745/504/192 749/508/194 746/505/193
f 746/505/193 749/508/194 750/509/195
f 751/510/196 752/511/197 913/510/197
f 913/510/197 752/511/197 914/511/197
f 753/512/198 754/513/198 915/512/199
f 915/512/199 754/513/198 916/513/200
f 755/514/201 753/512/198 917/514/202
f 917/514/202 753/512/198 915/512/199
f 756/515/203 755/514/201 918/515/204
f 918/515/204 755/514/201 917/514/202
f 725/484/183 757/516/205 887/484/183
f 887/484/183 757/516/205 919/516/206
f 757/516/205 758/517/207 919/516/206
f 919/516/206 758/517/207 920/517/208
f 758/517/207 759/518/209 920/517/208
f 920/517/208 759/518/209 921/518/209
f 759/518/209 760/519/210 921/518/209
f 921/518/209 760/519/210 922/519/211
f 760/519/210 756/515/203 922/519/211
f 922/519/211 756/515/203 918/515/204
f 752/511/197 761/520/212 914/511/197
f 914/511/197 761/520/212 923/520/213
f 761/520/212 762/521/214 923/520/213
f 923/520/213 762/521/214 924/521/215
f 762/521/214 763/522/216 924/521/215
f 924/521/215 763/522/216 925/522/217
f 763/522/216 727/486/187 925/522/217
f 925/522/217 727/486/187 889/486/188
f 705/465/172 696/454/171 765/523/183
f 765/523/183 696/454/171 764/524/218
f 707/467/173 705/465/172 766/525/186
f 766/525/186 705/465/172 765/523/183
f 709/469/173 707/467/173 767/526/188
f 767/526/188 707/467/173 766/525/186
f 730/490/171 729/488/171 769/527/197
f 769/527/197 729/488/171 768/528/197
f 732/491/171 730/490/171 770/529/219
f 770/529/219 730/490/171 769/527/197
f 734/493/171 732/491/171 771/530/198
f 771/530/198 732/491/171 770/529/219
f 736/495/190 734/493/171 772/531/201
f 772/531/201 734/493/171 771/530/198
f 704/462/171 736/495/190 773/532/203
f 773/532/203 736/495/190 772/531/201
f 696/454/171 695/455/172 764/524/218
f 764/524/218 695/455/172 774/533/205
f 695/455/172 698/456/173 774/533/205
f 774/533/205 698/456/173 775/534/220
f 698/456/173 700/458/171 775/534/220
f 775/534/220 700/458/171 776/535/221
f 700/458/171 702/460/173 776/535/221
f 776/535/221 702/460/173 777/536/222
f 702/460/173 704/462/171 777/536/222
f 777/536/222 704/462/171 773/532/203
f 729/488/171 739/498/175 768/528/197
f 768/528/197 739/498/175 778/537/223
f 739/498/175 741/500/175 778/537/223
f 778/537/223 741/500/175 779/538/215
f 741/500/175 742/501/175 779/538/215
f 779/538/215 742/501/175 780/539/216
f 742/501/175 709/469/173 780/539/216
f 780/539/216 709/469/173 767/526/188
f 764/540/218 725/484/183 765/541/183
f 765/541/183 725/484/183 724/483/182
f 766/542/186 765/541/183 726/485/185
f 726/485/185 765/541/183 724/483/182
f 766/542/186 726/485/185 767/543/188
f 767/543/188 726/485/185 727/486/187
f 769/544/197 768/545/197 751/510/196
f 751/510/196 768/545/197 752/511/197
f 770/546/219 769/544/197 754/513/198
f 754/513/198 769/544/197 751/510/196
f 770/546/219 754/513/198 771/547/198
f 771/547/198 754/513/198 753/512/198
f 771/547/198 753/512/198 772/548/201
f 772/548/201 753/512/198 755/514/201
f 773/549/203 772/548/201 756/515/203
f 756/515/203 772/548/201 755/514/201
f 774/550/205 757/516/205 764/540/218
f 764/540/218 757/516/205 725/484/183
f 775/551/220 758/517/207 774/550/205
f 774/550/205 758/517/207 757/516/205
f 775/551/220 776/552/221 758/517/207
f 758/517/207 776/552/221 759/518/209
f 776/552/221 777/553/222 759/518/209
f 759/518/209 777/553/222 760/519/210
f 773/549/203 756/515/203 777/553/222
f 777/553/222 756/515/203 760/519/210
f 768/545/197 778/554/223 752/511/197
f 752/511/197 778/554/223 761/520/212
f 778/554/223 779/555/215 761/520/212
f 761/520/212 779/555/215 762/521/214
f 779/555/215 780/556/216 762/521/214
f 762/521/214 780/556/216 763/522/216
f 780/556/216 767/543/188 763/522/216
f 763/522/216 767/543/188 727/486/187
f 697/457/171 694/453/171 782/557/224
f 782/557/224 694/453/171 781/558/225
f 701/461/172 699/459/174 784/559/226
f 784/559/226 699/459/174 783/560/227
f 703/463/172 701/461/172 785/561/228
f 785/561/228 701/461/172 784/559/226
f 693/452/171 786/562/229 711/471/177
f 711/471/177 786/562/229 787/563/229
f 697/457/171 782/557/224 713/473/178
f 713/473/178 782/557/224 788/564/230
f 720/480/171 711/471/177 789/565/231
f 789/565/231 711/471/177 787/563/229
f 713/473/178 788/564/230 722/482/181
f 722/482/181 788/564/230 790/566/232
f 738/497/190 728/487/189 792/567/233
f 792/567/233 728/487/189 791/568/234
f 740/499/171 738/497/190 793/569/235
f 793/569/235 738/497/190 792/567/233
f 716/476/179 740/499/171 794/570/236
f 794/570/236 740/499/171 793/569/235
f 731/489/171 795/571/237 743/502/191
f 743/502/191 795/571/237 796/572/238
f 735/494/171 797/573/239 745/504/192
f 745/504/192 797/573/239 798/574/240
f 716/476/179 794/570/236 717/475/180
f 717/475/180 794/570/236 799/575/241
f 719/478/171 717/475/180 800/576/242
f 800/576/242 717/475/180 799/575/241
f 747/506/171 743/502/191 801/577/243
f 801/577/243 743/502/191 796/572/238
f 745/504/192 798/574/240 749/508/194
f 749/508/194 798/574/240 802/578/244
f 693/452/171 706/464/171 786/562/229
f 786/562/229 706/464/171 803/579/245
f 706/464/171 708/466/175 803/579/245
f 803/579/245 708/466/175 804/580/246
f 708/466/175 710/468/171 804/580/246
f 804/580/246 710/468/171 805/581/247
f 694/453/171 712/470/176 781/558/225
f 781/558/225 712/470/176 806/582/248
f 699/459/174 714/472/178 783/560/227
f 783/560/227 714/472/178 807/583/249
f 710/468/171 715/474/179 805/581/247
f 805/581/247 715/474/179 808/584/250
f 715/474/179 718/477/171 808/584/250
f 808/584/250 718/477/171 809/585/251
f 718/477/171 719/478/171 809/585/251
f 809/585/251 719/478/171 800/576/242
f 712/470/176 721/479/171 806/582/248
f 806/582/248 721/479/171 810/586/252
f 714/472/178 723/481/181 807/583/249
f 807/583/249 723/481/181 811/587/253
f 731/489/171 733/492/171 795/571/237
f 795/571/237 733/492/171 812/588/254
f 735/494/171 737/496/173 797/573/239
f 797/573/239 737/496/173 813/589/255
f 737/496/173 703/463/172 813/589/255
f 813/589/255 703/463/172 785/561/228
f 728/487/189 744/503/191 791/568/234
f 791/568/234 744/503/191 814/590/256
f 733/492/171 746/505/193 812/588/254
f 812/588/254 746/505/193 815/591/257
f 744/503/191 748/507/172 814/590/256
f 814/590/256 748/507/172 816/592/258
f 746/505/193 750/509/195 815/591/257
f 815/591/257 750/509/195 817/593/259
f 723/481/181 722/482/181 811/587/253
f 811/587/253 722/482/181 790/566/232
f 721/479/171 720/480/171 810/586/252
f 810/586/252 720/480/171 789/565/231
f 748/507/172 747/506/171 816/592/258
f 816/592/258 747/506/171 801/577/243
f 750/509/195 749/508/194 817/593/259
f 817/593/259 749/508/194 802/578/244
f 782/557/224 781/558/225 819/594/171
f 819/594/171 781/558/225 818/595/171
f 783/560/227 820/596/171 784/559/226
f 784/559/226 820/596/171 821/597/172
f 784/559/226 821/597/172 785/561/228
f 785/561/228 821/597/172 822/598/172
f 787/563/229 786/562/229 824/599/260
f 824/599/260 786/562/229 823/600/261
f 782/557/224 819/594/171 788/564/230
f 788/564/230 819/594/171 825/601/262
f 787/563/229 824/599/260 789/565/231
f 789/565/231 824/599/260 826/602/171
f 788/564/230 825/601/262 790/566/232
f 790/566/232 825/601/262 827/603/263
f 792/567/233 791/568/234 829/604/190
f 829/604/190 791/568/234 828/605/190
f 792/567/233 829/604/190 793/569/235
f 793/569/235 829/604/190 830/606/190
f 794/570/236 793/569/235 831/607/171
f 831/607/171 793/569/235 830/606/190
f 796/572/238 795/571/237 833/608/264
f 833/608/264 795/571/237 832/609/265
f 797/573/239 834/610/266 798/574/240
f 798/574/240 834/610/266 835/611/267
f 794/570/236 831/607/171 799/575/241
f 799/575/241 831/607/171 836/612/268
f 799/575/241 836/612/268 800/576/242
f 800/576/242 836/612/268 837/613/171
f 796/572/238 833/608/264 801/577/243
f 801/577/243 833/608/264 838/614/171
f 798/574/240 835/611/267 802/578/244
f 802/578/244 835/611/267 839/615/269
f 803/579/245 840/616/190 786/562/229
f 786/562/229 840/616/190 823/600/261
f 803/579/245 804/580/246 840/616/190
f 840/616/190 804/580/246 841/617/171
f 805/581/247 842/618/171 804/580/246
f 804/580/246 842/618/171 841/617/171
f 806/582/248 843/619/270 781/558/225
f 781/558/225 843/619/270 818/595/171
f 783/560/227 807/583/249 820/596/171
f 820/596/171 807/583/249 844/620/271
f 805/581/247 808/584/250 842/618/171
f 842/618/171 808/584/250 845/621/272
f 808/584/250 809/585/251 845/621/272
f 845/621/272 809/585/251 846/622/273
f 809/585/251 800/576/242 846/622/273
f 846/622/273 800/576/242 837/613/171
f 806/582/248 810/586/252 843/619/270
f 843/619/270 810/586/252 847/623/274
f 807/583/249 811/587/253 844/620/271
f 844/620/271 811/587/253 848/624/275
f 812/588/254 849/625/171 795/571/237
f 795/571/237 849/625/171 832/609/265
f 797/573/239 813/589/255 834/610/266
f 834/610/266 813/589/255 850/626/171
f 813/589/255 785/561/228 850/626/171
f 850/626/171 785/561/228 822/598/172
f 814/590/256 851/627/276 791/568/234
f 791/568/234 851/627/276 828/605/190
f 812/588/254 815/591/257 849/625/171
f 849/625/171 815/591/257 852/628/277
f 814/590/256 816/592/258 851/627/276
f 851/627/276 816/592/258 853/629/171
f 815/591/257 817/593/259 852/628/277
f 852/628/277 817/593/259 854/630/278
f 811/587/253 790/566/232 848/624/275
f 848/624/275 790/566/232 827/603/263
f 810/586/252 789/565/231 847/623/274
f 847/623/274 789/565/231 826/602/171
f 801/577/243 838/614/171 816/592/258
f 816/592/258 838/614/171 853/629/171
f 802/578/244 839/615/269 817/593/259
f 817/593/259 839/615/269 854/630/278
f 829/604/190 828/605/190 991/604/279
f 991/604/279 828/605/190 990/605/279
f 828/605/190 851/627/276 990/605/279
f 990/605/279 851/627/276 1013/627/280
f 851/627/276 853/629/171 1013/627/280
f 1013/627/280 853/629/171 1015/629/281
f 853/629/171 838/614/171 1015/629/281
f 1015/629/281 838/614/171 1000/614/282
f 838/614/171 833/608/264 1000/614/282
f 1000/614/282 833/608/264 995/608/283
f 833/608/264 832/609/265 995/608/283
f 995/608/283 832/609/265 994/609/284
f 832/609/265 849/625/171 994/609/284
f 994/609/284 849/625/171 1011/625/285
f 849/625/171 852/628/277 1011/625/285
f 1011/625/285 852/628/277 1014/628/286
f 852/628/277 854/630/278 1014/628/286
f 1014/628/286 854/630/278 1016/630/287
f 854/630/278 839/615/269 1016/630/287
f 1016/630/287 839/615/269 1001/615/288
f 839/615/269 835/611/267 1001/615/288
f 1001/615/288 835/611/267 997/611/289
f 835/611/267 834/610/266 997/611/289
f 997/611/289 834/610/266 996/610/290
f 834/610/266 850/626/171 996/610/290
f 996/610/290 850/626/171 1012/626/291
f 850/626/171 822/598/172 1012/626/291
f 1012/626/291 822/598/172 984/598/292
f 822/598/172 821/597/172 984/598/292
f 984/598/292 821/597/172 983/597/293
f 821/597/172 820/596/171 983/597/293
f 983/597/293 820/596/171 982/596/294
f 820/596/171 844/620/271 982/596/294
f 982/596/294 844/620/271 1006/620/295
f 844/620/271 848/624/275 1006/620/295
f 1006/620/295 848/624/275 1010/624/296
f 848/624/275 827/603/263 1010/624/296
f 1010/624/296 827/603/263 989/603/297
f 827/603/263 825/601/262 989/603/297
f 989/603/297 825/601/262 987/601/298
f 825/601/262 819/594/171 987/601/298
f 987/601/298 819/594/171 981/594/299
f 819/594/171 818/595/171 981/594/299
f 981/594/299 818/595/171 980/595/300
f 818/595/171 843/619/270 980/595/300
f 980/595/300 843/619/270 1005/619/301
f 843/619/270 847/623/274 1005/619/301
f 1005/619/301 847/623/274 1009/623/302
f 847/623/274 826/602/171 1009/623/302
f 1009/623/302 826/602/171 988/602/303
f 826/602/171 824/599/260 988/602/303
f 988/602/303 824/599/260 986/599/304
f 824/599/260 823/600/261 986/599/304
f 986/599/304 823/600/261 985/600/305
f 823/600/261 840/616/190 985/600/305
f 985/600/305 840/616/190 1002/616/306
f 840/616/190 841/617/171 1002/616/306
f 1002/616/306 841/617/171 1003/617/307
f 841/617/171 842/618/171 1003/617/307
f 1003/617/307 842/618/171 1004/618/308
f 842/618/171 845/621/272 1004/618/308
f 1004/618/308 845/621/272 1007/621/309
f 845/621/272 846/622/273 1007/621/309
f 1007/621/309 846/622/273 1008/622/310
f 846/622/273 837/613/171 1008/622/310
f 1008/622/310 837/613/171 999/613/4
f 837/613/171 836/612/268 999/613/4
f 999/613/4 836/612/268 998/612/311
f 836/612/268 831/607/171 998/612/311
f 998/612/311 831/607/171 993/607/312
f 831/607/171 830/606/190 993/607/312
f 993/607/312 830/606/190 992/606/313
f 830/606/190 829/604/190 992/606/313
f 992/606/313 829/604/190 991/604/279
f 754/513/198 751/510/196 916/513/200
f 916/513/200 751/510/196 913/510/197
f 855/452/314 858/454/315 856/453/315
f 856/453/315 858/454/315 857/455/315
f 857/455/315 860/456/315 856/453/315
f 856/453/315 860/456/315 859/457/315
f 860/456/315 862/458/315 859/457/315
f 859/457/315 862/458/315 861/459/315
f 862/458/315 864/460/314 861/459/315
f 861/459/315 864/460/314 863/461/316
f 864/460/314 866/462/317 863/461/316
f 863/461/316 866/462/317 865/463/318
f 855/452/314 868/464/315 858/454/315
f 858/454/315 868/464/315 867/465/315
f 868/464/315 870/466/315 867/465/315
f 867/465/315 870/466/315 869/467/319
f 870/466/315 872/468/315 869/467/319
f 869/467/319 872/468/315 871/469/319
f 856/453/315 874/470/320 855/452/314
f 855/452/314 874/470/320 873/471/320
f 861/459/315 876/472/321 859/457/315
f 859/457/315 876/472/321 875/473/322
f 877/474/323 879/475/324 872/468/315
f 872/468/315 879/475/324 878/476/324
f 880/477/315 881/478/315 877/474/323
f 877/474/323 881/478/315 879/475/324
f 874/470/320 883/479/315 873/471/320
f 873/471/320 883/479/315 882/480/315
f 876/472/321 885/481/325 875/473/322
f 875/473/322 885/481/325 884/482/326
f 890/487/319 893/489/315 891/488/315
f 891/488/315 893/489/315 892/490/316
f 892/490/316 893/489/315 894/491/317
f 894/491/317 893/489/315 895/492/315
f 894/491/317 895/492/315 896/493/315
f 896/493/315 895/492/315 897/494/327
f 896/493/315 897/494/327 898/495/317
f 898/495/317 897/494/327 899/496/315
f 898/495/317 899/496/315 866/462/317
f 866/462/317 899/496/315 865/463/318
f 890/487/319 891/488/315 900/497/314
f 900/497/314 891/488/315 901/498/318
f 900/497/314 901/498/318 902/499/319
f 902/499/319 901/498/318 903/500/317
f 902/499/319 903/500/317 878/476/324
f 878/476/324 903/500/317 904/501/317
f 871/469/319 872/468/315 904/501/317
f 904/501/317 872/468/315 878/476/324
f 893/489/315 890/487/319 905/502/328
f 905/502/328 890/487/319 906/503/329
f 897/494/327 895/492/315 907/504/330
f 907/504/330 895/492/315 908/505/331
f 905/502/328 906/503/329 909/506/315
f 909/506/315 906/503/329 910/507/319
f 907/504/330 908/505/331 911/508/332
f 911/508/332 908/505/331 912/509/333
f 867/465/315 927/523/218 858/454/315
f 858/454/315 927/523/218 926/524/183
f 869/467/319 928/525/334 867/465/315
f 867/465/315 928/525/334 927/523/218
f 871/469/319 929/526/335 869/467/319
f 869/467/319 929/526/335 928/525/334
f 892/490/316 931/527/197 891/488/315
f 891/488/315 931/527/197 930/528/197
f 894/491/317 932/529/219 892/490/316
f 892/490/316 932/529/219 931/527/197
f 896/493/315 933/530/198 894/491/317
f 894/491/317 933/530/198 932/529/219
f 898/495/317 934/531/201 896/493/315
f 896/493/315 934/531/201 933/530/198
f 866/462/317 935/532/204 898/495/317
f 898/495/317 935/532/204 934/531/201
f 858/454/315 926/524/183 857/455/315
f 857/455/315 926/524/183 936/533/205
f 857/455/315 936/533/205 860/456/315
f 860/456/315 936/533/205 937/534/336
f 860/456/315 937/534/336 862/458/315
f 862/458/315 937/534/336 938/535/209
f 862/458/315 938/535/209 864/460/314
f 864/460/314 938/535/209 939/536/337
f 864/460/314 939/536/337 866/462/317
f 866/462/317 939/536/337 935/532/204
f 891/488/315 930/528/197 901/498/318
f 901/498/318 930/528/197 940/537/213
f 901/498/318 940/537/213 903/500/317
f 903/500/317 940/537/213 941/538/338
f 903/500/317 941/538/338 904/501/317
f 904/501/317 941/538/338 942/539/217
f 904/501/317 942/539/217 871/469/319
f 871/469/319 942/539/217 929/526/335
f 886/483/184 887/484/183 927/541/218
f 927/541/218 887/484/183 926/540/183
f 928/542/334 888/485/186 927/541/218
f 927/541/218 888/485/186 886/483/184
f 889/486/188 888/485/186 929/543/335
f 929/543/335 888/485/186 928/542/334
f 931/544/197 913/510/197 930/545/197
f 930/545/197 913/510/197 914/511/197
f 932/546/219 916/513/200 931/544/197
f 931/544/197 916/513/200 913/510/197
f 915/512/199 916/513/200 933/547/198
f 933/547/198 916/513/200 932/546/219
f 917/514/202 915/512/199 934/548/201
f 934/548/201 915/512/199 933/547/198
f 935/549/204 918/515/204 934/548/201
f 934/548/201 918/515/204 917/514/202
f 887/484/183 919/516/206 926/540/183
f 926/540/183 919/516/206 936/550/205
f 919/516/206 920/517/208 936/550/205
f 936/550/205 920/517/208 937/551/336
f 937/551/336 920/517/208 938/552/209
f 938/552/209 920/517/208 921/518/209
f 938/552/209 921/518/209 939/553/337
f 939/553/337 921/518/209 922/519/211
f 922/519/211 918/515/204 939/553/337
f 939/553/337 918/515/204 935/549/204
f 930/545/197 914/511/197 940/554/213
f 940/554/213 914/511/197 923/520/213
f 940/554/213 923/520/213 941/555/338
f 941/555/338 923/520/213 924/521/215
f 941/555/338 924/521/215 942/556/217
f 942/556/217 924/521/215 925/522/217
f 942/556/217 925/522/217 929/543/335
f 929/543/335 925/522/217 889/486/188
f 859/457/315 944/557/224 856/453/315
f 856/453/315 944/557/224 943/558/225
f 863/461/316 946/559/339 861/459/315
f 861/459/315 946/559/339 945/560/340
f 865/463/318 947/561/228 863/461/316
f 863/461/316 947/561/228 946/559/339
f 949/563/229 948/562/229 873/471/320
f 873/471/320 948/562/229 855/452/314
f 950/564/230 944/557/224 875/473/322
f 875/473/322 944/557/224 859/457/315
f 882/480/315 951/565/341 873/471/320
f 873/471/320 951/565/341 949/563/229
f 952/566/342 950/564/230 884/482/326
f 884/482/326 950/564/230 875/473/322
f 900/497/314 954/567/233 890/487/319
f 890/487/319 954/567/233 953/568/233
f 902/499/319 955/569/235 900/497/314
f 900/497/314 955/569/235 954/567/233
f 878/476/324 956/570/236 902/499/319
f 902/499/319 956/570/236 955/569/235
f 958/572/238 957/571/237 905/502/328
f 905/502/328 957/571/237 893/489/315
f 960/574/343 959/573/239 907/504/330
f 907/504/330 959/573/239 897/494/327
f 961/575/344 956/570/236 879/475/324
f 879/475/324 956/570/236 878/476/324
f 881/478/315 962/576/345 879/475/324
f 879/475/324 962/576/345 961/575/344
f 909/506/315 963/577/346 905/502/328
f 905/502/328 963/577/346 958/572/238
f 964/578/347 960/574/343 911/508/332
f 911/508/332 960/574/343 907/504/330
f 855/452/314 948/562/229 868/464/315
f 868/464/315 948/562/229 965/579/348
f 868/464/315 965/579/348 870/466/315
f 870/466/315 965/579/348 966/580/349
f 870/466/315 966/580/349 872/468/315
f 872/468/315 966/580/349 967/581/350
f 856/453/315 943/558/225 874/470/320
f 874/470/320 943/558/225 968/582/248
f 861/459/315 945/560/340 876/472/321
f 876/472/321 945/560/340 969/583/351
f 872/468/315 967/581/350 877/474/323
f 877/474/323 967/581/350 970/584/352
f 877/474/323 970/584/352 880/477/315
f 880/477/315 970/584/352 971/585/353
f 880/477/315 971/585/353 881/478/315
f 881/478/315 971/585/353 962/576/345
f 874/470/320 968/582/248 883/479/315
f 883/479/315 968/582/248 972/586/354
f 876/472/321 969/583/351 885/481/325
f 885/481/325 969/583/351 973/587/253
f 893/489/315 957/571/237 895/492/315
f 895/492/315 957/571/237 974/588/355
f 897/494/327 959/573/239 899/496/315
f 899/496/315 959/573/239 975/589/356
f 899/496/315 975/589/356 865/463/318
f 865/463/318 975/589/356 947/561/228
f 890/487/319 953/568/233 906/503/329
f 906/503/329 953/568/233 976/590/256
f 895/492/315 974/588/355 908/505/331
f 908/505/331 974/588/355 977/591/357
f 906/503/329 976/590/256 910/507/319
f 910/507/319 976/590/256 978/592/258
f 908/505/331 977/591/357 912/509/333
f 912/509/333 977/591/357 979/593/358
f 885/481/325 973/587/253 884/482/326
f 884/482/326 973/587/253 952/566/342
f 883/479/315 972/586/354 882/480/315
f 882/480/315 972/586/354 951/565/341
f 910/507/319 978/592/258 909/506/315
f 909/506/315 978/592/258 963/577/346
f 912/509/333 979/593/358 911/508/332
f 911/508/332 979/593/358 964/578/347
f 944/557/224 981/594/299 943/558/225
f 943/558/225 981/594/299 980/595/300
f 983/597/293 982/596/294 946/559/339
f 946/559/339 982/596/294 945/560/340
f 984/598/292 983/597/293 947/561/228
f 947/561/228 983/597/293 946/559/339
f 949/563/229 986/599/304 948/562/229
f 948/562/229 986/599/304 985/600/305
f 987/601/298 981/594/299 950/564/230
f 950/564/230 981/594/299 944/557/224
f 988/602/303 986/599/304 951/565/341
f 951/565/341 986/599/304 949/563/229
f 989/603/297 987/601/298 952/566/342
f 952/566/342 987/601/298 950/564/230
f 954/567/233 991/604/279 953/568/233
f 953/568/233 991/604/279 990/605/279
f 992/606/313 991/604/279 955/569/235
f 955/569/235 991/604/279 954/567/233
f 956/570/236 993/607/312 955/569/235
f 955/569/235 993/607/312 992/606/313
f 958/572/238 995/608/283 957/571/237
f 957/571/237 995/608/283 994/609/284
f 997/611/289 996/610/290 960/574/343
f 960/574/343 996/610/290 959/573/239
f 998/612/311 993/607/312 961/575/344
f 961/575/344 993/607/312 956/570/236
f 999/613/4 998/612/311 962/576/345
f 962/576/345 998/612/311 961/575/344
f 1000/614/282 995/608/283 963/577/346
f 963/577/346 995/608/283 958/572/238
f 1001/615/288 997/611/289 964/578/347
f 964/578/347 997/611/289 960/574/343
f 985/600/305 1002/616/306 948/562/229
f 948/562/229 1002/616/306 965/579/348
f 965/579/348 1002/616/306 966/580/349
f 966/580/349 1002/616/306 1003/617/307
f 1003/617/307 1004/618/308 966/580/349
f 966/580/349 1004/618/308 967/581/350
f 980/595/300 1005/619/301 943/558/225
f 943/558/225 1005/619/301 968/582/248
f 945/560/340 982/596/294 969/583/351
f 969/583/351 982/596/294 1006/620/295
f 967/581/350 1004/618/308 970/584/352
f 970/584/352 1004/618/308 1007/621/309
f 970/584/352 1007/621/309 971/585/353
f 971/585/353 1007/621/309 1008/622/310
f 971/585/353 1008/622/310 962/576/345
f 962/576/345 1008/622/310 999/613/4
f 968/582/248 1005/619/301 972/586/354
f 972/586/354 1005/619/301 1009/623/302
f 969/583/351 1006/620/295 973/587/253
f 973/587/253 1006/620/295 1010/624/296
f 994/609/284 1011/625/285 957/571/237
f 957/571/237 1011/625/285 974/588/355
f 959/573/239 996/610/290 975/589/356
f 975/589/356 996/610/290 1012/626/291
f 975/589/356 1012/626/291 947/561/228
f 947/561/228 1012/626/291 984/598/292
f 990/605/279 1013/627/280 953/568/233
f 953/568/233 1013/627/280 976/590/256
f 974/588/355 1011/625/285 977/591/357
f 977/591/357 1011/625/285 1014/628/286
f 976/590/256 1013/627/280 978/592/258
f 978/592/258 1013/627/280 1015/629/281
f 977/591/357 1014/628/286 979/593/358
f 979/593/358 1014/628/286 1016/630/287
f 973/587/253 1010/624/296 952/566/342
f 952/566/342 1010/624/296 989/603/297
f 972/586/354 1009/623/302 951/565/341
f 951/565/341 1009/623/302 988/602/303
f 1015/629/281 1000/614/282 978/592/258
f 978/592/258 1000/614/282 963/577/346
f 1016/630/287 1001/615/288 979/593/358
f 979/593/358 1001/615/288 964/578/347
o blade_damaged
v -34.726379 0.402847 2.306175
v 42.239052 0.402847 2.306175
v 42.239052 6.343438 3.263484
v -34.726379 6.343438 3.263484
v -34.726379 12.284030 2.306174
v 42.239052 12.284030 2.306174
v 42.239052 12.284030 -2.306176
v -34.726379 12.284030 -2.306176
v -34.726379 6.343437 -3.263485
v 42.239052 6.343437 -3.263485
v 42.239052 0.402847 -2.306175
v -34.726379 0.402847 -2.306175
v -101.198799 9.387801 0.656044
v -102.347198 10.594860 0.120699
v -103.132599 9.396917 0.656044
v -104.471603 10.594860 0.120699
v -105.421097 9.393112 0.656044
v -106.603600 10.594860 0.120699
v -107.938599 9.388926 0.656044
v -108.943398 10.594860 0.120699
v -110.399803 9.384834 0.656044
v -111.608299 10.594860 0.120699
v -112.948303 9.380596 0.656044
v -114.855797 10.594860 0.120699
v -115.919098 9.387801 0.656044
v -117.461800 10.594860 0.120699
v -118.247200 9.396917 0.656044
v -119.586197 10.594860 0.120699
v -120.535698 9.393112 0.656044
v -121.718201 10.594860 0.120699
v -123.053200 9.388926 0.656044
v -124.057999 10.594860 0.120699
v -125.514503 9.384834 0.656044
v -126.722900 10.594860 0.120699
v -128.062897 9.380596 0.656044
v -129.970398 10.594860 0.120699
v -131.033798 9.375655 0.656044
v -86.552460 9.375655 0.656044
v -87.626846 10.594860 0.120699
v -88.412277 9.396917 0.656044
v -89.751251 10.594860 0.120699
v -90.700768 9.393112 0.656044
v -91.883240 10.594860 0.120699
v -93.218292 9.388926 0.656044
v -94.223022 10.594860 0.120699
v -95.679497 9.384834 0.656044
v -96.887917 10.594860 0.120699
v -98.227951 9.380596 0.656044
v -100.135498 10.594860 0.120699
v -56.717510 9.387801 0.656044
v -57.865879 10.594860 0.120699
v -58.651310 9.396917 0.656044
v -59.990280 10.594860 0.120699
v -60.939819 9.393112 0.656044
v -62.122280 10.594860 0.120699
v -63.457321 9.388926 0.656044
v -64.462051 10.594860 0.120699
v -65.918533 9.384834 0.656044
v -67.126961 10.594860 0.120699
v -68.466988 9.380596 0.656044
v -70.374496 10.594860 0.120699
v -71.437843 9.387801 0.656044
v -72.980499 10.594860 0.120699
v -73.765930 9.396917 0.656044
v -75.104897 10.594860 0.120699
v -76.054443 9.393112 0.656044
v -77.236900 10.594860 0.120699
v -78.571938 9.388926 0.656044
v -79.576668 10.594860 0.120699
v -81.033157 9.384834 0.656044
v -82.241592 10.594860 0.120699
v -83.581612 9.380596 0.656044
v -85.489128 10.594860 0.120699
v -42.109341 9.399946 0.656044
v -43.145538 10.594860 0.120699
v -43.930981 9.396917 0.656044
v -45.269951 10.594860 0.120699
v -46.219479 9.393112 0.656044
v -47.401939 10.594860 0.120699
v -48.736992 9.388926 0.656044
v -49.741718 10.594860 0.120699
v -51.198200 9.384834 0.656044
v -52.406631 10.594860 0.120699
v -53.746651 9.380596 0.656044
v -55.654171 10.594860 0.120699
v -146.029602 9.384833 0.656044
v -147.126694 10.594860 0.120699
v -147.691803 9.385850 0.656044
v -149.251099 10.594860 0.120699
v -150.102905 9.387326 0.656044
v -152.718201 9.388926 0.656044
v -153.722900 10.594860 0.120699
v -155.179398 9.384834 0.656044
v -132.406403 10.594860 0.120699
v -132.879807 9.376786 0.656044
v -134.530807 10.594860 0.120699
v -135.010406 9.378089 0.656044
v -136.662796 10.594860 0.120699
v -137.766907 9.379775 0.656044
v -139.002594 10.594860 0.120699
v -140.284393 9.381316 0.656044
v -141.667496 10.594860 0.120699
v -142.785797 9.382847 0.656044
v -144.914993 10.594860 0.120699
v -73.954529 2.579094 0.656045
v -98.167709 2.585580 0.656045
v -98.167709 2.585689 0.120700
v -73.954529 2.579155 0.120700
v -153.372406 2.694836 0.120700
v -153.372406 2.694441 0.656045
v -42.109341 2.570750 0.656045
v -42.109341 2.570750 0.120700
v -74.818993 8.868221 0.656044
v -73.954536 4.496899 0.656045
v -72.516342 8.860517 0.656044
v -43.508419 4.496899 0.656045
v -69.577972 8.854429 0.656044
v -67.057373 8.858010 0.656044
v -64.623062 8.861468 0.656044
v -62.133072 8.865005 0.656044
v -59.869579 8.868221 0.656044
v -57.956909 8.860517 0.656044
v -55.018539 8.854429 0.656044
v -52.497940 8.858010 0.656044
v -50.063629 8.861468 0.656044
v -47.573631 8.865005 0.656044
v -45.310139 8.868221 0.656044
v -43.508419 8.870780 0.656044
v -98.167709 4.496950 0.656045
v -77.082489 8.865005 0.656044
v -79.572479 8.861468 0.656044
v -82.006790 8.858010 0.656044
v -84.527390 8.854429 0.656044
v -87.465767 8.850254 0.656044
v -89.305252 8.868221 0.656044
v -91.568741 8.865005 0.656044
v -94.058739 8.861468 0.656044
v -96.493050 8.858010 0.656044
v -99.013641 8.854429 0.656044
v -131.625305 2.594544 0.656045
v -131.625305 2.594718 0.120700
v -131.625305 4.497042 0.656045
v -101.952003 8.860517 0.656044
v -103.864700 8.868221 0.656044
v -106.128197 8.865005 0.656044
v -108.618202 8.861468 0.656044
v -111.052498 8.858010 0.656044
v -113.573097 8.854429 0.656044
v -116.511497 8.860517 0.656044
v -118.814102 8.868221 0.656044
v -121.077599 8.865005 0.656044
v -123.567596 8.861468 0.656044
v -126.001900 8.858010 0.656044
v -128.522507 8.854429 0.656044
v -131.460907 8.850254 0.656044
v -152.908295 8.861468 0.656044
v -155.342606 8.858010 0.656044
v -153.372406 4.497190 0.656045
v -150.321594 8.860116 0.656044
v -147.936798 8.858869 0.656044
v -146.292801 8.858010 0.656044
v -143.084503 8.856331 0.656044
v -140.610397 8.855038 0.656044
v -138.120407 8.853735 0.656044
v -135.394104 8.852310 0.656044
v -133.286804 8.851209 0.656044
v -151.383102 10.594860 0.120699
v -155.179398 9.385656 0.120699
v -152.718201 9.389723 0.120699
v -150.102905 9.388198 0.120699
v -147.691803 9.386806 0.120699
v -146.029602 9.385809 0.120699
v -142.785797 9.383945 0.120699
v -140.284393 9.382474 0.120699
v -137.766907 9.381004 0.120699
v -135.010406 9.379387 0.120699
v -132.879807 9.378059 0.120699
v -131.033798 9.376702 0.120699
v -128.062897 9.381470 0.120699
v -125.514503 9.385656 0.120699
v -123.053200 9.389723 0.120699
v -120.535698 9.393873 0.120699
v -118.247200 9.397205 0.120699
v -115.919098 9.388324 0.120699
v -112.948303 9.381470 0.120699
v -110.399803 9.385656 0.120699
v -107.938599 9.389723 0.120699
v -105.421097 9.393873 0.120699
v -103.132599 9.397205 0.120699
v -101.198799 9.388324 0.120699
v -98.227943 9.381470 0.120699
v -95.679497 9.385656 0.120699
v -93.218292 9.389723 0.120699
v -90.700768 9.393873 0.120699
v -88.412277 9.397205 0.120699
v -86.552452 9.376702 0.120699
v -83.581596 9.381470 0.120699
v -81.033157 9.385656 0.120699
v -78.571938 9.389723 0.120699
v -76.054443 9.393873 0.120699
v -73.732613 9.397205 0.120699
v -71.437843 9.388324 0.120699
v -68.466980 9.381470 0.120699
v -65.918533 9.385656 0.120699
v -63.457321 9.389723 0.120699
v -60.939819 9.393873 0.120699
v -58.651310 9.397205 0.120699
v -56.717499 9.388324 0.120699
v -53.746651 9.381470 0.120699
v -51.198200 9.385656 0.120699
v -48.736992 9.389723 0.120699
v -46.219479 9.393873 0.120699
v -43.930981 9.397205 0.120699
v -42.109341 9.399946 0.120699
v -101.198799 9.387801 -0.414646
v -103.132599 9.396917 -0.414646
v -105.421097 9.393112 -0.414646
v -107.938599 9.388926 -0.414646
v -110.399803 9.384834 -0.414646
v -112.948303 9.380596 -0.414646
v -115.919098 9.387801 -0.414646
v -118.247200 9.396917 -0.414646
v -120.535698 9.393112 -0.414646
v -123.053200 9.388926 -0.414646
v -125.514503 9.384834 -0.414646
v -128.062897 9.380596 -0.414646
v -131.033798 9.375655 -0.414646
v -86.552460 9.375655 -0.414646
v -88.412277 9.396917 -0.414646
v -90.700768 9.393112 -0.414646
v -93.218292 9.388926 -0.414646
v -95.679497 9.384834 -0.414646
v -98.227951 9.380596 -0.414646
v -56.717510 9.387801 -0.414646
v -58.651310 9.396917 -0.414646
v -60.939819 9.393112 -0.414646
v -63.457321 9.388926 -0.414646
v -65.918533 9.384834 -0.414646
v -68.466988 9.380596 -0.414646
v -71.437843 9.387801 -0.414646
v -73.765930 9.396917 -0.414646
v -76.054443 9.393112 -0.414646
v -78.571938 9.388926 -0.414646
v -81.033157 9.384834 -0.414646
v -83.581612 9.380596 -0.414646
v -42.109341 9.399946 -0.414646
v -43.930981 9.396917 -0.414646
v -46.219479 9.393112 -0.414646
v -48.736992 9.388926 -0.414646
v -51.198200 9.384834 -0.414646
v -53.746651 9.380596 -0.414646
v -146.029602 9.384833 -0.414646
v -147.691803 9.385850 -0.414646
v -150.102905 9.387326 -0.414646
v -152.718201 9.388926 -0.414646
v -155.179398 9.384834 -0.414646
v -132.879807 9.376786 -0.414646
v -135.010406 9.378089 -0.414646
v -137.766907 9.379775 -0.414646
v -140.284393 9.381316 -0.414646
v -142.785797 9.382847 -0.414646
v -73.954529 2.579094 -0.414645
v -98.167709 2.585580 -0.414645
v -153.372406 2.694441 -0.414645
v -42.109341 2.570750 -0.414645
v -74.818993 8.868221 -0.414646
v -73.954536 4.496899 -0.414645
v -72.516342 8.860517 -0.414646
v -43.508419 4.496899 -0.414645
v -69.577972 8.854429 -0.414646
v -67.057373 8.858010 -0.414646
v -64.623062 8.861468 -0.414646
v -62.133072 8.865005 -0.414646
v -59.869579 8.868221 -0.414646
v -57.956909 8.860517 -0.414646
v -55.018539 8.854429 -0.414646
v -52.497940 8.858010 -0.414646
v -50.063629 8.861468 -0.414646
v -47.573631 8.865005 -0.414646
v -45.310139 8.868221 -0.414646
v -43.508419 8.870780 -0.414646
v -98.167709 4.496950 -0.414645
v -77.082489 8.865005 -0.414646
v -79.572479 8.861468 -0.414646
v -82.006790 8.858010 -0.414646
v -84.527390 8.854429 -0.414646
v -87.465767 8.850254 -0.414646
v -89.305252 8.868221 -0.414646
v -91.568741 8.865005 -0.414646
v -94.058739 8.861468 -0.414646
v -96.493050 8.858010 -0.414646
v -99.013641 8.854429 -0.414646
v -131.625305 2.594544 -0.414645
v -131.625305 4.497042 -0.414645
v -101.952003 8.860517 -0.414646
v -103.864700 8.868221 -0.414646
v -106.128197 8.865005 -0.414646
v -108.618202 8.861468 -0.414646
v -111.052498 8.858010 -0.414646
v -113.573097 8.854429 -0.414646
v -116.511497 8.860517 -0.414646
v -118.814102 8.868221 -0.414646
v -121.077599 8.865005 -0.414646
v -123.567596 8.861468 -0.414646
v -126.001900 8.858010 -0.414646
v -128.522507 8.854429 -0.414646
v -131.460907 8.850254 -0.414646
v -152.908295 8.861468 -0.414646
v -155.342606 8.858010 -0.414646
v -153.372406 4.497190 -0.414645
v -150.321594 8.860116 -0.414646
v -147.936798 8.858869 -0.414646
v -146.292801 8.858010 -0.414646
v -143.084503 8.856331 -0.414646
v -140.610397 8.855038 -0.414646
v -138.120407 8.853735 -0.414646
v -135.394104 8.852310 -0.414646
v -133.286804 8.851209 -0.414646
v -42.658829 0.888458 0.680273
v -33.940022 0.888458 0.680273
v -42.658829 11.798420 0.680272
v -33.940022 11.798420 0.680272
v -42.658829 11.798420 -0.680274
v -33.940022 11.798420 -0.680274
v -42.658829 0.888458 -0.680273
v -33.940022 0.888458 -0.680273
v -33.940022 6.343437 1.090098
v -42.658829 6.343437 1.090098
v -42.658829 6.343437 -1.090099
v -33.940022 6.343437 -1.090099
v -38.389309 3.714608 -11.618300
v -38.389309 10.871159 -11.009311
v -38.389309 11.083989 -13.510291
v -38.389309 3.927434 -14.119280
v -38.389309 12.119059 -10.392391
v -38.389309 13.905449 -12.155641
v -38.389309 18.308519 -4.121687
v -38.389309 20.094919 -5.884934
v -38.389309 18.446110 -3.379046
v -38.389309 20.873911 -4.016222
v -38.389309 18.452080 -0.002891
v -38.389309 20.919849 -0.002892
v -38.389309 1.077117 -13.493800
v -38.389309 2.661262 -11.546800
v -38.389309 -5.107934 -8.461411
v -38.389309 -3.523795 -6.514424
v -38.389309 -7.097394 -5.554202
v -38.389309 -4.390604 -5.554200
v -37.484138 6.271694 -10.167040
v -37.484138 8.105626 -10.010981
v -37.638809 12.427679 -6.879860
v -37.638809 14.800310 -4.476090
v -37.484138 -1.774483 -2.036541
v -38.389309 -4.390604 5.548421
v -37.484138 -1.774483 2.030762
v -37.484138 0.725516 -1.099300
v -37.484138 0.725516 1.093521
v -37.484138 5.657225 -1.068666
v -37.484138 7.491157 -0.994150
v -37.484138 8.947980 -1.193834
v -37.484138 11.899980 -0.743368
v -37.907139 0.853437 -14.011040
v -37.907139 3.813035 -14.660510
v -37.907139 -5.568749 -8.785712
v -37.907139 -7.634487 -5.767039
v -38.389309 3.714610 11.612520
v -38.389309 3.927436 14.113500
v -38.389309 11.083991 13.504509
v -38.389309 10.871161 11.003529
v -38.389309 13.905451 12.149869
v -38.389309 12.119061 10.386609
v -38.389309 20.094919 5.879151
v -38.389309 18.308519 4.115906
v -38.389309 20.873911 4.010440
v -38.389309 18.446110 3.373265
v -38.389309 2.661264 11.541020
v -38.389309 1.077119 13.488020
v -38.389309 -3.523794 6.508646
v -38.389309 -5.107934 8.455632
v -38.389309 -7.097394 5.548423
v -37.484138 8.105628 10.005199
v -37.484138 6.271696 10.161270
v -37.638809 14.800310 4.470308
v -37.638809 12.427681 6.874079
v -37.484138 7.491157 0.988369
v -37.484138 5.657225 1.062885
v -37.484138 11.899980 0.737587
v -37.484138 8.743695 1.222687
v -37.907139 11.243971 14.022379
v -37.907139 3.813037 14.654730
v -37.907139 20.600380 6.104671
v -37.907139 14.173611 12.615799
v -37.907139 21.409241 4.164311
v -37.907139 21.456949 -0.002892
v -37.907139 11.243969 -14.028161
v -37.907139 14.173609 -12.621581
v -37.907139 20.600380 -6.110453
v -37.907139 21.409241 -4.170094
v -37.907139 0.853439 14.005260
v -37.907139 -5.568748 8.779933
v -37.907139 -7.634486 5.761261
v -37.907139 3.927434 -14.119280
v -37.907139 1.077117 -13.493800
v -37.907139 -5.107934 -8.461411
v -37.907139 -7.097394 -5.554202
v -37.907139 3.927436 14.113500
v -37.907139 11.083991 13.504509
v -37.907139 13.905451 12.149869
v -37.907139 20.094919 5.879151
v -37.907139 20.873911 4.010440
v -37.907139 20.919849 -0.002892
v -37.907139 11.083989 -13.510291
v -37.907139 13.905449 -12.155641
v -37.907139 20.094919 -5.884934
v -37.907139 20.873911 -4.016222
v -37.907139 1.077119 13.488020
v -37.907139 -5.107934 8.455632
v -37.907139 -7.097394 5.548423
v -37.954140 10.871159 -11.009311
v -37.954140 12.119059 -10.392391
v -37.954140 18.308519 -4.121687
v -37.954140 18.446110 -3.379046
v -37.954140 18.452080 -0.002891
v -37.954140 3.714608 -11.618300
v -37.291592 6.271694 -10.167040
v -37.404800 12.427679 -6.879860
v -37.291592 5.657225 -1.068666
v -37.291592 8.947980 -1.193834
v -37.954140 3.714610 11.612520
v -37.954140 2.661264 11.541020
v -37.954140 -3.523794 6.508646
v -37.954140 -4.390604 5.548421
v -37.954140 10.871161 11.003529
v -37.291592 8.105628 10.005199
v -37.954140 18.308519 4.115906
v -37.404800 14.800310 4.470308
v -37.291592 -1.774484 2.030762
v -37.291592 0.725516 1.093521
v -37.291592 7.491157 0.988369
v -37.291592 11.899980 0.737587
v -37.954140 2.661262 -11.546800
v -37.954140 -3.523795 -6.514424
v -37.954140 -4.390604 -5.554200
v -37.291592 8.105626 -10.010981
v -37.404800 14.800310 -4.476090
v -37.291592 -1.774484 -2.036541
v -37.291592 0.725516 -1.099300
v -37.291592 7.491157 -0.994150
v -37.291592 11.899980 -0.743368
v -37.954140 12.119061 10.386609
v -37.954140 18.446110 3.373265
v -37.291592 6.271696 10.161270
v -37.404800 12.427681 6.874079
v -37.291592 5.657225 1.062885
v -37.291592 8.743695 1.222687
v -37.954140 10.846249 -10.567801
v -37.954140 11.773129 -10.155901
v -37.954140 18.048040 -3.838780
v -37.954140 17.969450 -3.334839
v -37.954140 17.971390 -0.002891
v -37.954140 3.612255 -11.169480
v -37.291592 5.913441 -9.976584
v -37.404800 12.019139 -7.029601
v -37.291592 5.397223 -0.781506
v -37.291592 8.380590 -0.937069
v -37.954140 3.612257 11.163710
v -37.954140 2.829226 11.114800
v -37.954140 -3.193707 6.161169
v -37.954140 -4.019347 5.530801
v -37.954140 10.846251 10.562019
v -37.291592 8.426857 9.760578
v -37.954140 18.048040 3.832998
v -37.404800 14.945270 4.060408
v -37.291592 -1.497262 2.399236
v -37.291592 1.050226 1.318567
v -37.291592 7.710402 0.700935
v -37.291592 11.898040 0.397974
v -37.954140 2.829223 -11.120580
v -37.954140 -3.193707 -6.166948
v -37.954140 -4.019348 -5.536580
v -37.291592 8.426855 -9.766359
v -37.404800 14.945270 -4.066189
v -37.291592 -1.497262 -2.405015
v -37.291592 1.050226 -1.324347
v -37.291592 7.710402 -0.706716
v -37.291592 11.898040 -0.403755
v -37.954140 11.773131 10.150119
v -37.954140 17.969450 3.329057
v -37.291592 5.913443 9.970805
v -37.404800 12.019141 7.023819
v -37.291592 5.397223 0.775727
v -37.291592 8.252048 0.923843
v -35.142307 3.714608 -11.618300
v -35.142307 10.871159 -11.009311
v -35.142307 11.083989 -13.510291
v -35.142307 3.927434 -14.119280
v -35.142307 12.119059 -10.392391
v -35.142307 13.905449 -12.155641
v -35.142307 18.308519 -4.121687
v -35.142307 20.094919 -5.884934
v -35.142307 18.446110 -3.379046
v -35.142307 20.873911 -4.016222
v -35.142307 18.452080 -0.002891
v -35.142307 20.919849 -0.002892
v -35.142307 1.077117 -13.493800
v -35.142307 2.661262 -11.546800
v -35.142307 -5.107934 -8.461411
v -35.142307 -3.523795 -6.514424
v -35.142307 -7.097394 -5.554202
v -35.142307 -4.390604 -5.554200
v -36.047478 6.271694 -10.167040
v -36.047478 8.105626 -10.010981
v -35.892807 12.427679 -6.879860
v -35.892807 14.800310 -4.476090
v -36.047478 -1.774483 -2.036541
v -35.142307 -4.390604 5.548421
v -36.047478 -1.774483 2.030762
v -36.047478 0.725516 -1.099300
v -36.047478 0.725516 1.093521
v -36.047478 5.657225 -1.068666
v -36.047478 7.491157 -0.994150
v -36.047478 8.947980 -1.193834
v -36.047478 11.899980 -0.743368
v -35.624477 0.853437 -14.011040
v -35.624477 3.813035 -14.660510
v -35.624477 -5.568749 -8.785712
v -35.624477 -7.634487 -5.767039
v -35.142307 3.714610 11.612520
v -35.142307 3.927436 14.113500
v -35.142307 11.083991 13.504509
v -35.142307 10.871161 11.003529
v -35.142307 13.905451 12.149869
v -35.142307 12.119061 10.386609
v -35.142307 20.094919 5.879151
v -35.142307 18.308519 4.115906
v -35.142307 20.873911 4.010440
v -35.142307 18.446110 3.373265
v -35.142307 2.661264 11.541020
v -35.142307 1.077119 13.488020
v -35.142307 -3.523794 6.508646
v -35.142307 -5.107934 8.455632
v -35.142307 -7.097394 5.548423
v -36.047478 8.105628 10.005199
v -36.047478 6.271696 10.161270
v -35.892807 14.800310 4.470308
v -35.892807 12.427681 6.874079
v -36.047478 7.491157 0.988369
v -36.047478 5.657225 1.062885
v -36.047478 11.899980 0.737587
v -36.047478 8.743695 1.222687
v -35.624477 11.243971 14.022379
v -35.624477 3.813037 14.654730
v -35.624477 20.600380 6.104671
v -35.624477 14.173611 12.615799
v -35.624477 21.409241 4.164311
v -35.624477 21.456949 -0.002892
v -35.624477 11.243969 -14.028161
v -35.624477 14.173609 -12.621581
v -35.624477 20.600380 -6.110453
v -35.624477 21.409241 -4.170094
v -35.624477 0.853439 14.005260
v -35.624477 -5.568748 8.779933
v -35.624477 -7.634486 5.761261
v -35.624477 3.927434 -14.119280
v -35.624477 1.077117 -13.493800
v -35.624477 -5.107934 -8.461411
v -35.624477 -7.097394 -5.554202
v -35.624477 3.927436 14.113500
v -35.624477 11.083991 13.504509
v -35.624477 13.905451 12.149869
v -35.624477 20.094919 5.879151
v -35.624477 20.873911 4.010440
v -35.624477 20.919849 -0.002892
v -35.624477 11.083989 -13.510291
v -35.624477 13.905449 -12.155641
v -35.624477 20.094919 -5.884934
v -35.624477 20.873911 -4.016222
v -35.624477 1.077119 13.488020
v -35.624477 -5.107934 8.455632
v -35.624477 -7.097394 5.548423
v -35.577477 10.871159 -11.009311
v -35.577477 12.119059 -10.392391
v -35.577477 18.308519 -4.121687
v -35.577477 18.446110 -3.379046
v -35.577477 18.452080 -0.002891
v -35.577477 3.714608 -11.618300
v -36.240025 6.271694 -10.167040
v -36.126816 12.427679 -6.879860
v -36.240025 5.657225 -1.068666
v -36.240025 8.947980 -1.193834
v -35.577477 3.714610 11.612520
v -35.577477 2.661264 11.541020
v -35.577477 -3.523794 6.508646
v -35.577477 -4.390604 5.548421
v -35.577477 10.871161 11.003529
v -36.240025 8.105628 10.005199
v -35.577477 18.308519 4.115906
v -36.126816 14.800310 4.470308
v -36.240025 -1.774484 2.030762
v -36.240025 0.725516 1.093521
v -36.240025 7.491157 0.988369
v -36.240025 11.899980 0.737587
v -35.577477 2.661262 -11.546800
v -35.577477 -3.523795 -6.514424
v -35.577477 -4.390604 -5.554200
v -36.240025 8.105626 -10.010981
v -36.126816 14.800310 -4.476090
v -36.240025 -1.774484 -2.036541
v -36.240025 0.725516 -1.099300
v -36.240025 7.491157 -0.994150
v -36.240025 11.899980 -0.743368
v -35.577477 12.119061 10.386609
v -35.577477 18.446110 3.373265
v -36.240025 6.271696 10.161270
v -36.126816 12.427681 6.874079
v -36.240025 5.657225 1.062885
v -36.240025 8.743695 1.222687
v -35.577477 10.846249 -10.567801
v -35.577477 11.773129 -10.155901
v -35.577477 18.048040 -3.838780
v -35.577477 17.969450 -3.334839
v -35.577477 17.971390 -0.002891
v -35.577477 3.612255 -11.169480
v -36.240025 5.913441 -9.976584
v -36.126816 12.019139 -7.029601
v -36.240025 5.397223 -0.781506
v -36.240025 8.380590 -0.937069
v -35.577477 3.612257 11.163710
v -35.577477 2.829226 11.114800
v -35.577477 -3.193707 6.161169
v -35.577477 -4.019347 5.530801
v -35.577477 10.846251 10.562019
v -36.240025 8.426857 9.760578
v -35.577477 18.048040 3.832998
v -36.126816 14.945270 4.060408
v -36.240025 -1.497262 2.399236
v -36.240025 1.050226 1.318567
v -36.240025 7.710402 0.700935
v -36.240025 11.898040 0.397974
v -35.577477 2.829223 -11.120580
v -35.577477 -3.193707 -6.166948
v -35.577477 -4.019348 -5.536580
v -36.240025 8.426855 -9.766359
v -36.126816 14.945270 -4.066189
v -36.240025 -1.497262 -2.405015
v -36.240025 1.050226 -1.324347
v -36.240025 7.710402 -0.706716
v -36.240025 11.898040 -0.403755
v -35.577477 11.773131 10.150119
v -35.577477 17.969450 3.329057
v -36.240025 5.913443 9.970805
v -36.126816 12.019141 7.023819
v -36.240025 5.397223 0.775727
v -36.240025 8.252048 0.923843
v -155.342606 8.858010 0.120699
v -153.372406 4.497190 0.120700
vn -0.0000 -0.1591 0.9873
vn -0.0001 -0.1591 0.9873
vn -0.0000 -0.1590 0.9873
vn -0.0000 1.0000 -0.0000
vn -0.0001 1.0000 -0.0000
vn 0.0001 1.0000 -0.0000
vn -0.0000 -0.1590 -0.9873
vn -0.0000 -0.1591 -0.9873
vn 0.0001 -0.1591 -0.9873
vn 0.0019 0.4070 0.9134
vn -0.0008 0.4074 0.9132
vn -0.0007 0.4074 0.9133
vn -0.0008 0.4064 0.9137
vn -0.0007 0.4064 0.9137
vn -0.0007 0.4053 0.9142
vn -0.0007 0.4041 0.9147
vn 0.0009 0.4047 0.9144
vn 0.0010 0.4047 0.9144
vn 0.0016 0.4072 0.9133
vn 0.0016 0.4072 0.9134
vn -0.0007 0.4026 0.9154
vn 0.0046 0.4055 0.9141
vn 0.0047 0.4055 0.9141
vn -0.0007 0.4074 0.9132
vn 0.0016 0.4071 0.9134
vn -0.0008 0.4084 0.9128
vn -0.0007 0.4084 0.9128
vn 0.0002 0.4048 0.9144
vn 0.0003 0.4048 0.9144
vn 0.0002 0.4052 0.9142
vn 0.0003 0.4051 0.9143
vn 0.0002 0.4023 0.9155
vn 0.0001 0.4027 0.9153
vn 0.0003 0.4026 0.9154
vn 0.0002 0.4030 0.9152
vn 0.0001 0.4034 0.9150
vn 0.0002 0.4034 0.9150
vn 0.0002 0.4039 0.9148
vn 0.0003 0.4039 0.9148
vn 0.0002 0.4044 0.9146
vn -0.0002 -1.0000 -0.0002
vn -0.0003 -1.0000 -0.0000
vn -0.0003 -1.0000 0.0001
vn -0.0000 -0.0000 1.0000
vn -0.0002 -1.0000 0.0003
vn -0.0024 -1.0000 -0.0003
vn -0.0044 -1.0000 0.0006
vn -0.0046 -1.0000 -0.0007
vn 0.0002 0.4056 0.9141
vn 0.7073 0.7069 -0.0011
vn 0.7681 0.6403 -0.0009
vn 0.6859 0.7277 -0.0012
vn 0.6124 0.7905 -0.0014
vn 0.7406 0.6720 -0.0012
vn 0.4944 0.8692 -0.0017
vn 0.6592 0.7520 -0.0016
vn 0.7008 0.7133 -0.0016
vn 0.5926 0.8055 -0.0019
vn 0.5933 0.8050 -0.0019
vn 0.6638 0.7479 -0.0014
vn 0.5367 0.8437 -0.0013
vn 0.7074 0.7069 -0.0011
vn 0.7126 0.7016 -0.0009
vn 0.6667 0.7453 -0.0004
vn 0.6161 0.7877 -0.0007
vn 0.5367 0.8437 -0.0015
vn 0.7681 0.6403 -0.0010
vn 0.7244 0.6894 -0.0006
vn 0.7074 0.7068 -0.0011
vn 0.6667 0.7453 -0.0005
vn 0.7500 0.6614 -0.0014
vn 0.5367 0.8438 -0.0013
vn 0.6570 0.7528 -0.0413
vn 0.6161 0.7877 -0.0009
vn 0.7126 0.7016 -0.0011
vn 0.7555 0.6551 -0.0000
vn 0.0019 0.4070 -0.9134
vn -0.0007 0.4074 -0.9133
vn -0.0007 0.4064 -0.9137
vn -0.0007 0.4053 -0.9142
vn -0.0007 0.4041 -0.9147
vn 0.0010 0.4047 -0.9144
vn 0.0016 0.4072 -0.9134
vn -0.0007 0.4026 -0.9154
vn 0.0046 0.4055 -0.9141
vn -0.0007 0.4074 -0.9132
vn 0.0016 0.4071 -0.9134
vn -0.0008 0.4084 -0.9128
vn -0.0007 0.4084 -0.9128
vn 0.0003 0.4048 -0.9144
vn 0.0002 0.4048 -0.9144
vn 0.0003 0.4051 -0.9143
vn 0.0002 0.4023 -0.9155
vn 0.0003 0.4026 -0.9154
vn 0.0002 0.4030 -0.9152
vn 0.0002 0.4034 -0.9150
vn 0.0002 0.4039 -0.9148
vn -0.0003 -1.0000 0.0002
vn -0.0002 -1.0000 0.0001
vn -0.0000 -0.0000 -1.0000
vn -0.0003 -1.0000 0.0003
vn -0.0044 -1.0000 0.0007
vn 0.0001 -0.0749 0.9972
vn -0.0000 -0.0750 0.9972
vn -0.0000 -0.0749 0.9972
vn -0.0000 -0.0749 -0.9972
vn -0.0001 -0.0749 -0.9972
vn -1.0000 -0.0000 -0.0000
vn -1.0000 0.0001 -0.0000
vn -1.0000 -0.0000 0.0001
vn -1.0000 -0.0022 -0.0022
vn -1.0000 -0.0000 -0.0001
vn -0.8053 -0.0502 0.5908
vn -0.8052 -0.0503 0.5908
vn -0.9485 -0.2254 0.2225
vn -0.9450 0.3270 -0.0000
vn -0.9450 0.3269 -0.0000
vn -0.9996 -0.0129 0.0241
vn 0.0001 -0.2144 -0.9768
vn -0.0000 -0.2144 -0.9768
vn -0.0001 -0.2144 -0.9768
vn -0.0000 -0.6312 -0.7756
vn -0.0000 -0.6312 -0.7757
vn 0.0001 -0.8252 -0.5648
vn -0.0000 -0.8252 -0.5648
vn -1.0000 -0.0001 0.0001
vn -1.0000 -0.0001 -0.0000
vn -0.8052 -0.0503 -0.5908
vn -0.9485 -0.2254 -0.2224
vn -0.9485 -0.2254 -0.2225
vn -0.9996 -0.0127 -0.0241
vn -0.9996 -0.0126 -0.0241
vn 0.0001 0.0848 0.9964
vn -0.0000 0.0848 0.9964
vn -0.0000 0.7117 0.7025
vn -0.0000 0.7117 0.7024
vn -0.0001 0.7117 0.7025
vn -0.0000 0.9230 0.3848
vn -0.0001 0.9230 0.3848
vn 0.0001 0.9999 0.0115
vn -0.0001 0.9999 0.0115
vn -0.0000 0.0848 -0.9964
vn -0.0001 0.0848 -0.9964
vn 0.0001 0.4328 -0.9015
vn -0.0000 0.4328 -0.9015
vn -0.0000 0.7117 -0.7025
vn 0.0001 0.9230 -0.3848
vn -0.0000 0.9230 -0.3848
vn -0.0000 -0.2144 0.9767
vn -0.0001 -0.2144 0.9768
vn -0.0000 -0.6311 0.7757
vn -0.0000 -0.6312 0.7756
vn -0.0000 -0.8253 0.5647
vn -0.0000 -0.8252 0.5648
vn -0.0000 -0.2143 -0.9768
vn -0.0000 0.4328 0.9015
vn 0.0001 0.4329 -0.9015
vn -0.0000 0.7118 -0.7024
vn -0.0000 0.9230 -0.3847
vn 0.0001 -0.2144 0.9767
vn -0.0000 -0.4431 0.8965
vn -0.0000 -0.4432 0.8964
vn 0.0001 -0.9833 0.1822
vn -0.0000 -0.9833 0.1822
vn -0.0000 -1.0000 0.0017
vn -0.0000 -0.4936 0.8697
vn -0.0000 -0.9962 0.0876
vn -0.0001 -0.9977 -0.0675
vn -0.0000 -0.8530 -0.5220
vn -0.0000 0.0677 -0.9977
vn -0.0000 0.0678 -0.9977
vn -0.0000 0.6311 -0.7757
vn -0.0000 0.7423 -0.6701
vn -0.0000 0.3396 -0.9406
vn -0.0000 0.3395 -0.9406
vn -0.0000 -0.1004 -0.9949
vn -0.0000 -0.1006 -0.9949
vn 0.0001 0.8024 0.5968
vn -0.0001 0.3510 0.9364
vn -0.0001 0.9977 -0.0679
vn -0.0000 0.7897 -0.6136
vn 0.0001 0.0677 0.9977
vn 0.0001 0.6311 0.7757
vn 0.0001 0.7423 0.6701
vn -0.0000 0.3395 0.9406
vn -0.0000 -0.1005 0.9949
vn -0.0000 0.8024 -0.5967
vn -0.0001 0.3511 -0.9364
vn -0.0000 0.9977 0.0680
vn -0.0000 0.7896 0.6136
vn -0.0000 -0.4432 -0.8964
vn -0.0000 -0.9833 -0.1821
vn -0.0000 -0.4936 -0.8697
vn -0.0000 -0.9962 -0.0876
vn -0.0000 -0.9977 0.0673
vn 0.0001 -0.8378 0.5460
vn -0.9721 0.1905 0.1372
vn -0.9721 0.1904 0.1372
vn -0.9867 0.0186 0.1618
vn -0.9996 0.0053 0.0272
vn -0.9719 -0.2160 -0.0932
vn -0.9719 -0.2160 -0.0933
vn -0.9865 -0.1616 0.0269
vn -0.9865 -0.1616 0.0270
vn -0.9875 0.0750 -0.1388
vn -0.9995 -0.0309 -0.0059
vn -0.9719 -0.2160 0.0932
vn -0.9865 -0.1616 -0.0270
vn -0.9875 0.0750 0.1388
vn -1.0000 -0.0001 -0.0001
vn -1.0000 0.0001 -0.0001
vn -0.9995 -0.0308 0.0058
vn -0.9720 0.1905 -0.1372
vn -0.9867 0.0186 -0.1617
vn -0.9998 0.0035 -0.0215
vn -0.0000 0.0623 -0.9981
vn -0.0000 -0.4602 -0.8878
vn -0.0000 -0.9984 0.0561
vn -0.0000 -0.0323 -0.9995
vn -0.0000 0.9969 -0.0789
vn -0.0000 0.3144 -0.9493
vn -0.0000 -0.4062 -0.9138
vn -0.0000 -0.9969 -0.0785
vn 0.0001 -0.8508 0.5255
vn -0.0000 -0.1428 -0.9897
vn -0.0000 0.7687 -0.6396
vn -0.0000 -0.0731 -0.9973
vn -0.0000 -0.9881 0.1541
vn -0.0001 -1.0000 -0.0006
vn -0.0001 -1.0000 0.0006
vn 0.0001 -0.9881 -0.1541
vn -0.0000 -0.0732 0.9973
vn -0.0000 0.7688 0.6395
vn 0.0001 -0.1499 0.9887
vn -0.0000 -0.8586 -0.5127
vn -0.0000 -0.9969 0.0786
vn -0.0000 -0.4061 0.9138
vn -0.0000 0.3144 0.9493
vn -0.0000 0.9969 0.0788
vn -0.0000 -0.0323 0.9995
vn -0.0000 -0.9984 -0.0560
vn -0.0000 -0.4603 0.8878
vn -0.0000 0.0623 0.9981
vn -0.0001 0.6352 0.7723
vn -0.0000 0.6069 0.7948
vn -0.0000 0.7788 -0.6272
vn -0.0000 0.3905 -0.9206
vn -0.0000 0.3905 0.9206
vn -0.0000 0.7789 0.6272
vn -0.0000 0.6069 -0.7948
vn 1.0000 -0.0001 -0.0000
vn 1.0000 -0.0000 -0.0000
vn 1.0000 0.0001 -0.0001
vn 1.0000 -0.0000 -0.0001
vn 1.0000 0.0001 -0.0000
vn 1.0000 -0.0000 0.0001
vn 0.8052 -0.0503 0.5908
vn 0.9485 -0.2254 0.2224
vn 0.9485 -0.2254 0.2226
vn 0.9450 0.3269 -0.0000
vn 0.9450 0.3270 -0.0000
vn 0.9996 -0.0130 0.0241
vn 0.9996 -0.0129 0.0241
vn 1.0000 -0.0022 0.0022
vn 0.8053 -0.0503 -0.5908
vn 0.8052 -0.0503 -0.5908
vn 0.9485 -0.2254 -0.2225
vn 0.9485 -0.2254 -0.2224
vn 0.9996 -0.0125 -0.0241
vn 0.9996 -0.0126 -0.0241
vn -0.0000 -0.6311 -0.7757
vn -0.0000 -0.8253 -0.5647
vn -0.0001 0.4328 -0.9015
vn -0.0001 0.9230 -0.3848
vn -0.0000 -0.6312 0.7757
vn -0.0001 -0.9833 0.1822
vn -0.0000 -0.9833 0.1821
vn -0.0000 -0.9977 -0.0673
vn -0.0000 -0.8530 -0.5219
vn -0.0000 -0.1005 -0.9949
vn -0.0001 0.8024 0.5967
vn -0.0000 0.3511 0.9363
vn -0.0000 0.9977 -0.0680
vn -0.0000 0.7897 -0.6135
vn -0.0000 0.0677 0.9977
vn -0.0001 0.6311 0.7757
vn -0.0000 0.7422 0.6701
vn -0.0000 -0.1006 0.9949
vn -0.0001 0.8024 -0.5968
vn 0.0001 0.3510 -0.9364
vn -0.0000 0.9977 0.0679
vn -0.0000 -0.4431 -0.8965
vn -0.0000 -0.9833 -0.1822
vn -0.0000 -0.9962 -0.0875
vn -0.0000 -0.8377 0.5461
vn -0.9525 -0.3045 -0.0000
vn -0.9525 -0.3044 -0.0000
vn -0.9380 -0.3467 -0.0000
vn -0.9553 0.2957 -0.0002
vn -0.9553 0.2955 -0.0000
vn -0.9553 0.2957 0.0002
vt 0.165287 0.048395
vt 0.165287 0.499914
vt 0.130437 0.048395
vt 0.130437 0.499914
vt 0.095586 0.048395
vt 0.095586 0.499914
vt 0.437650 0.945726
vt 0.435431 0.961477
vt 0.433913 0.945845
vt 0.431325 0.961477
vt 0.429490 0.945795
vt 0.427205 0.961477
vt 0.424625 0.945740
vt 0.422683 0.961477
vt 0.419868 0.945687
vt 0.417532 0.961477
vt 0.414943 0.945632
vt 0.411256 0.961477
vt 0.409201 0.945726
vt 0.406220 0.961477
vt 0.404702 0.945845
vt 0.402114 0.961477
vt 0.400279 0.945795
vt 0.397994 0.961477
vt 0.395414 0.945740
vt 0.393472 0.961477
vt 0.390657 0.945687
vt 0.388322 0.961477
vt 0.385732 0.945632
vt 0.382045 0.961477
vt 0.379990 0.945567
vt 0.465956 0.945567
vt 0.463879 0.961477
vt 0.462362 0.945845
vt 0.459774 0.961477
vt 0.457939 0.945795
vt 0.455654 0.961477
vt 0.453073 0.945740
vt 0.451132 0.961477
vt 0.448317 0.945687
vt 0.445981 0.961477
vt 0.443392 0.945632
vt 0.439705 0.961477
vt 0.523616 0.945726
vt 0.521396 0.961477
vt 0.519878 0.945845
vt 0.517291 0.961477
vt 0.515455 0.945795
vt 0.513170 0.961477
vt 0.510590 0.945740
vt 0.508648 0.961477
vt 0.505834 0.945687
vt 0.503498 0.961477
vt 0.500908 0.945632
vt 0.497222 0.961477
vt 0.495167 0.945726
vt 0.492185 0.961477
vt 0.490667 0.945845
vt 0.488080 0.961477
vt 0.486245 0.945795
vt 0.483959 0.961477
vt 0.481379 0.945740
vt 0.479438 0.961477
vt 0.476623 0.945687
vt 0.474287 0.961477
vt 0.471697 0.945632
vt 0.468011 0.961477
vt 0.551848 0.945884
vt 0.549845 0.961477
vt 0.548327 0.945845
vt 0.545739 0.961477
vt 0.543904 0.945795
vt 0.541619 0.961477
vt 0.539039 0.945740
vt 0.537097 0.961477
vt 0.534282 0.945687
vt 0.531947 0.961477
vt 0.529357 0.945632
vt 0.525671 0.961477
vt 0.351009 0.945687
vt 0.348889 0.961477
vt 0.347797 0.945700
vt 0.344783 0.961477
vt 0.343137 0.945720
vt 0.338082 0.945740
vt 0.336141 0.961477
vt 0.333326 0.945687
vt 0.377338 0.961477
vt 0.376423 0.945582
vt 0.373232 0.961477
vt 0.372305 0.945599
vt 0.369112 0.961477
vt 0.366978 0.945621
vt 0.364590 0.961477
vt 0.362112 0.945641
vt 0.359439 0.961477
vt 0.357278 0.945661
vt 0.353163 0.961477
vt 0.490303 0.856878
vt 0.443508 0.856963
vt 0.490303 0.856879
vt 0.443508 0.856964
vt 0.551848 0.856769
vt 0.488632 0.938946
vt 0.490303 0.881904
vt 0.493082 0.938845
vt 0.549144 0.881904
vt 0.498761 0.938766
vt 0.503633 0.938812
vt 0.508337 0.938858
vt 0.513149 0.938904
vt 0.517524 0.938946
vt 0.521220 0.938845
vt 0.526899 0.938766
vt 0.531770 0.938812
vt 0.536475 0.938858
vt 0.541287 0.938904
vt 0.545662 0.938946
vt 0.549144 0.938979
vt 0.443508 0.881904
vt 0.484258 0.938904
vt 0.479446 0.938858
vt 0.474741 0.938812
vt 0.469870 0.938766
vt 0.464191 0.938711
vt 0.460636 0.938946
vt 0.456261 0.938904
vt 0.451449 0.938858
vt 0.446744 0.938812
vt 0.441873 0.938766
vt 0.378847 0.857082
vt 0.378847 0.857080
vt 0.378847 0.881906
vt 0.436194 0.938845
vt 0.432498 0.938946
vt 0.428123 0.938904
vt 0.423311 0.938858
vt 0.418607 0.938812
vt 0.413735 0.938766
vt 0.408056 0.938845
vt 0.403606 0.938946
vt 0.399232 0.938904
vt 0.394420 0.938858
vt 0.389715 0.938812
vt 0.384844 0.938766
vt 0.379165 0.938711
vt 0.337715 0.938858
vt 0.333010 0.938812
vt 0.336818 0.881907
vt 0.342714 0.938840
vt 0.347323 0.938824
vt 0.350500 0.938812
vt 0.356701 0.938791
vt 0.361482 0.938774
vt 0.366295 0.938757
vt 0.371563 0.938738
vt 0.375636 0.938724
vt 0.336818 0.858388
vt 0.336818 0.858383
vt 0.340663 0.961477
vt 0.333326 0.945698
vt 0.338082 0.945751
vt 0.343137 0.945731
vt 0.347797 0.945713
vt 0.351009 0.945700
vt 0.357278 0.945675
vt 0.362112 0.945656
vt 0.366978 0.945637
vt 0.372305 0.945616
vt 0.376423 0.945599
vt 0.379990 0.945581
vt 0.385732 0.945643
vt 0.390657 0.945698
vt 0.395414 0.945751
vt 0.400279 0.945805
vt 0.404702 0.945848
vt 0.409201 0.945733
vt 0.414943 0.945643
vt 0.419868 0.945698
vt 0.424625 0.945751
vt 0.429490 0.945805
vt 0.433913 0.945848
vt 0.437650 0.945733
vt 0.443392 0.945643
vt 0.448317 0.945698
vt 0.453073 0.945751
vt 0.457939 0.945805
vt 0.462362 0.945848
vt 0.465956 0.945581
vt 0.471697 0.945643
vt 0.476623 0.945698
vt 0.481379 0.945751
vt 0.486245 0.945805
vt 0.490732 0.945848
vt 0.495167 0.945733
vt 0.500908 0.945643
vt 0.505834 0.945698
vt 0.510590 0.945751
vt 0.515455 0.945805
vt 0.519878 0.945848
vt 0.523616 0.945733
vt 0.529357 0.945643
vt 0.534282 0.945698
vt 0.539039 0.945751
vt 0.543904 0.945805
vt 0.548327 0.945848
vt 0.118576 0.726926
vt 0.178066 0.726926
vt 0.118576 0.756671
vt 0.178066 0.756671
vt 0.118576 0.786416
vt 0.178066 0.786416
vt 0.155906 0.642470
vt 0.155971 0.656797
vt 0.153352 0.644124
vt 0.152960 0.654988
vt 0.152255 0.657669
vt 0.155008 0.659755
vt 0.145226 0.667555
vt 0.146327 0.671806
vt 0.144029 0.668244
vt 0.145203 0.672436
vt 0.140475 0.669737
vt 0.140533 0.673818
vt 0.155215 0.640384
vt 0.152483 0.641991
vt 0.148477 0.628337
vt 0.147113 0.632441
vt 0.146837 0.627080
vt 0.145660 0.632037
vt 0.158078 0.651366
vt 0.157974 0.647526
vt 0.151017 0.671805
vt 0.154414 0.666880
vt 0.142467 0.621792
vt 0.137080 0.621904
vt 0.132934 0.627545
vt 0.140948 0.617175
vt 0.138415 0.617385
vt 0.169430 0.649969
vt 0.169389 0.646694
vt 0.154771 0.678744
vt 0.158214 0.678053
vt 0.131491 0.593418
vt 0.133364 0.594421
vt 0.128356 0.589211
vt 0.127957 0.587204
vt 0.124641 0.643653
vt 0.127251 0.645124
vt 0.124900 0.657781
vt 0.127875 0.655824
vt 0.128658 0.658458
vt 0.125936 0.660651
vt 0.135735 0.668037
vt 0.134694 0.672323
vt 0.136904 0.668628
vt 0.135823 0.672853
vt 0.125255 0.641550
vt 0.128061 0.642903
vt 0.131386 0.628959
vt 0.132959 0.632875
vt 0.134198 0.631951
vt 0.122662 0.652566
vt 0.122693 0.648753
vt 0.129991 0.672509
vt 0.126580 0.667664
vt 0.111272 0.651440
vt 0.111295 0.648163
vt 0.126158 0.679456
vt 0.122474 0.678604
vt 0.147682 0.580782
vt 0.142417 0.578820
vt 0.152015 0.587061
vt 0.149370 0.582120
vt 0.152006 0.588210
vt 0.150878 0.590476
vt 0.139071 0.595696
vt 0.141588 0.595592
vt 0.148322 0.593467
vt 0.149446 0.592652
vt 0.140126 0.578589
vt 0.133852 0.579973
vt 0.131580 0.581154
vt 0.152011 0.642561
vt 0.152750 0.644251
vt 0.146736 0.633175
vt 0.145619 0.632959
vt 0.128472 0.655651
vt 0.127850 0.645208
vt 0.129115 0.657854
vt 0.136096 0.667286
vt 0.137039 0.667735
vt 0.140460 0.668802
vt 0.152365 0.654859
vt 0.151784 0.657076
vt 0.144859 0.666819
vt 0.143866 0.667349
vt 0.128568 0.643419
vt 0.133382 0.633527
vt 0.134272 0.632879
vt 0.133621 0.594153
vt 0.131823 0.593194
vt 0.128808 0.589148
vt 0.128420 0.587223
vt 0.147407 0.581029
vt 0.142341 0.579142
vt 0.149023 0.582313
vt 0.151569 0.587069
vt 0.151562 0.588175
vt 0.150474 0.590354
vt 0.139111 0.595379
vt 0.141530 0.595279
vt 0.148013 0.593232
vt 0.149097 0.592449
vt 0.140145 0.578918
vt 0.134105 0.580251
vt 0.131914 0.581388
vt 0.155550 0.659827
vt 0.156377 0.657177
vt 0.145367 0.673156
vt 0.146283 0.672683
vt 0.140545 0.674601
vt 0.156267 0.641923
vt 0.158047 0.647168
vt 0.154715 0.666795
vt 0.169447 0.646375
vt 0.158420 0.678089
vt 0.124788 0.641200
vt 0.124257 0.643149
vt 0.131064 0.628340
vt 0.132501 0.626996
vt 0.124511 0.658188
vt 0.122571 0.652912
vt 0.134772 0.673186
vt 0.130117 0.672944
vt 0.136893 0.621634
vt 0.138295 0.617103
vt 0.111189 0.651746
vt 0.126224 0.679789
vt 0.155670 0.639981
vt 0.148763 0.627692
vt 0.147237 0.626463
vt 0.158174 0.651715
vt 0.150887 0.672241
vt 0.142642 0.621502
vt 0.141053 0.616879
vt 0.169523 0.650274
vt 0.154700 0.679081
vt 0.125392 0.660758
vt 0.135665 0.673605
vt 0.122617 0.648395
vt 0.126280 0.667563
vt 0.111227 0.647843
vt 0.122268 0.678647
vt 0.156009 0.659993
vt 0.156755 0.657564
vt 0.146310 0.673299
vt 0.145537 0.673968
vt 0.140560 0.675473
vt 0.158318 0.646435
vt 0.156628 0.641303
vt 0.155276 0.666551
vt 0.169814 0.645905
vt 0.159080 0.678616
vt 0.124399 0.640676
vt 0.123878 0.642570
vt 0.130675 0.627734
vt 0.132317 0.626507
vt 0.122267 0.653582
vt 0.124138 0.658595
vt 0.134677 0.673811
vt 0.130315 0.673794
vt 0.136387 0.621078
vt 0.138049 0.616486
vt 0.110824 0.652148
vt 0.126173 0.680453
vt 0.156038 0.639432
vt 0.149098 0.627008
vt 0.147450 0.626027
vt 0.158477 0.652382
vt 0.150680 0.673081
vt 0.143113 0.620899
vt 0.141260 0.616235
vt 0.169889 0.650665
vt 0.154752 0.679735
vt 0.124936 0.660901
vt 0.135550 0.674417
vt 0.122345 0.647671
vt 0.125723 0.667317
vt 0.110860 0.647384
vt 0.121701 0.679231
s 1
usemtl initialShadingGroup.002
f 1017/631/359 1018/632/360 1020/633/361
f 1020/633/361 1018/632/360 1019/634/361
f 1021/635/362 1022/636/363 1024/635/364
f 1024/635/364 1022/636/363 1023/636/362
f 1025/633/365 1026/634/366 1028/631/367
f 1028/631/367 1026/634/366 1027/632/366
f 1028/631/367 1027/632/366 1017/631/359
f 1017/631/359 1027/632/366 1018/632/360
f 1018/632/360 1027/632/366 1019/634/361
f 1019/634/361 1027/632/366 1026/634/366
f 1028/631/367 1017/631/359 1025/633/365
f 1025/633/365 1017/631/359 1020/633/361
f 1025/633/365 1020/633/361 1024/635/364
f 1024/635/364 1020/633/361 1021/635/362
f 1024/635/364 1023/636/362 1025/633/365
f 1025/633/365 1023/636/362 1026/634/366
f 1019/634/361 1026/634/366 1022/636/363
f 1022/636/363 1026/634/366 1023/636/362
f 1020/633/361 1019/634/361 1021/635/362
f 1021/635/362 1019/634/361 1022/636/363
f 1029/637/368 1030/638/368 1031/639/368
f 1031/639/368 1032/640/369 1033/641/370
f 1033/641/370 1034/642/371 1035/643/372
f 1035/643/372 1036/644/373 1037/645/373
f 1037/645/373 1038/646/374 1039/647/374
f 1039/647/374 1040/648/375 1041/649/376
f 1041/649/376 1042/650/377 1043/651/378
f 1043/651/378 1044/652/369 1045/653/370
f 1045/653/370 1046/654/371 1047/655/372
f 1047/655/372 1048/656/373 1049/657/373
f 1049/657/373 1050/658/374 1051/659/374
f 1051/659/374 1052/660/379 1053/661/379
f 1054/662/380 1055/663/381 1056/664/380
f 1056/664/380 1057/665/369 1058/666/370
f 1058/666/370 1059/667/371 1060/668/372
f 1060/668/372 1061/669/373 1062/670/373
f 1062/670/373 1063/671/374 1064/672/374
f 1064/672/374 1065/673/375 1029/637/368
f 1066/674/368 1067/675/368 1068/676/368
f 1068/676/368 1069/677/369 1070/678/382
f 1070/678/382 1071/679/371 1072/680/372
f 1072/680/372 1073/681/373 1074/682/373
f 1074/682/373 1075/683/374 1076/684/374
f 1076/684/374 1077/685/375 1078/686/376
f 1078/686/376 1079/687/383 1080/688/383
f 1080/688/383 1081/689/382 1082/690/382
f 1082/690/382 1083/691/371 1084/692/372
f 1084/692/372 1085/693/373 1086/694/373
f 1086/694/373 1087/695/374 1088/696/374
f 1088/696/374 1089/697/379 1054/662/380
f 1090/698/384 1091/699/385 1092/700/385
f 1092/700/385 1093/701/369 1094/702/370
f 1094/702/370 1095/703/371 1096/704/372
f 1096/704/372 1097/705/373 1098/706/373
f 1098/706/373 1099/707/374 1100/708/374
f 1100/708/374 1101/709/375 1066/674/368
f 1102/710/386 1103/711/387 1104/712/386
f 1104/712/386 1105/713/388 1106/714/389
f 1107/715/373 1108/716/373 1109/717/373
f 1053/661/379 1110/718/390 1111/719/390
f 1111/719/390 1112/720/391 1113/721/392
f 1113/721/392 1114/722/393 1115/723/393
f 1115/723/393 1116/724/394 1117/725/395
f 1117/725/395 1118/726/396 1119/727/397
f 1119/727/397 1120/728/398 1102/710/386
f 1121/729/399 1122/730/399 1124/731/400
f 1124/731/400 1122/730/399 1123/732/400
f 1127/733/400 1121/729/399 1128/733/401
f 1128/733/401 1121/729/399 1124/731/400
f 1129/734/402 1130/735/402 1131/736/402
f 1130/735/402 1132/737/402 1131/736/402
f 1131/736/402 1132/737/402 1133/738/402
f 1133/738/402 1132/737/402 1134/739/402
f 1134/739/402 1132/737/402 1135/740/402
f 1135/740/402 1132/737/402 1136/741/402
f 1136/741/402 1132/737/402 1137/742/402
f 1137/742/402 1132/737/402 1138/743/402
f 1138/743/402 1132/737/402 1139/744/402
f 1139/744/402 1132/737/402 1140/745/402
f 1140/745/402 1132/737/402 1141/746/402
f 1141/746/402 1132/737/402 1142/747/402
f 1142/747/402 1132/737/402 1143/748/402
f 1132/737/402 1144/749/402 1143/748/402
f 1130/735/402 1129/734/402 1145/750/402
f 1129/734/402 1146/751/402 1145/750/402
f 1146/751/402 1147/752/402 1145/750/402
f 1147/752/402 1148/753/402 1145/750/402
f 1148/753/402 1149/754/402 1145/750/402
f 1149/754/402 1150/755/402 1145/750/402
f 1150/755/402 1151/756/402 1145/750/402
f 1151/756/402 1152/757/402 1145/750/402
f 1152/757/402 1153/758/402 1145/750/402
f 1153/758/402 1154/759/402 1145/750/402
f 1154/759/402 1155/760/402 1145/750/402
f 1123/732/400 1122/730/399 1157/761/403
f 1157/761/403 1122/730/399 1156/762/404
f 1145/750/402 1155/760/402 1158/763/402
f 1155/760/402 1159/764/402 1158/763/402
f 1159/764/402 1160/765/402 1158/763/402
f 1160/765/402 1161/766/402 1158/763/402
f 1161/766/402 1162/767/402 1158/763/402
f 1162/767/402 1163/768/402 1158/763/402
f 1163/768/402 1164/769/402 1158/763/402
f 1164/769/402 1165/770/402 1158/763/402
f 1165/770/402 1166/771/402 1158/763/402
f 1166/771/402 1167/772/402 1158/763/402
f 1167/772/402 1168/773/402 1158/763/402
f 1168/773/402 1169/774/402 1158/763/402
f 1169/774/402 1170/775/402 1158/763/402
f 1170/775/402 1171/776/402 1158/763/402
f 1172/777/402 1173/778/402 1174/779/402
f 1174/779/402 1158/763/402 1172/777/402
f 1172/777/402 1158/763/402 1175/780/402
f 1175/780/402 1158/763/402 1176/781/402
f 1176/781/402 1158/763/402 1177/782/402
f 1177/782/402 1158/763/402 1178/783/402
f 1178/783/402 1158/763/402 1179/784/402
f 1179/784/402 1158/763/402 1180/785/402
f 1180/785/402 1158/763/402 1181/786/402
f 1181/786/402 1158/763/402 1182/787/402
f 1158/763/402 1171/776/402 1182/787/402
f 1157/761/403 1156/762/404 1125/788/405
f 1125/788/405 1156/762/404 1126/789/406
f 1106/714/389 1183/790/407 1107/715/373
f 1109/717/373 1108/716/373 1184/791/408
f 1108/716/373 1107/715/373 1185/792/409
f 1107/715/373 1183/790/407 1185/792/409
f 1183/790/407 1106/714/389 1186/793/410
f 1106/714/389 1105/713/388 1186/793/410
f 1105/713/388 1104/712/386 1187/794/411
f 1104/712/386 1103/711/387 1187/794/411
f 1103/711/387 1102/710/386 1188/795/412
f 1102/710/386 1120/728/398 1188/795/412
f 1120/728/398 1119/727/397 1189/796/413
f 1119/727/397 1118/726/396 1189/796/413
f 1118/726/396 1117/725/395 1190/797/414
f 1117/725/395 1116/724/394 1190/797/414
f 1116/724/394 1115/723/393 1191/798/415
f 1115/723/393 1114/722/393 1191/798/415
f 1114/722/393 1113/721/392 1192/799/416
f 1113/721/392 1112/720/391 1192/799/416
f 1112/720/391 1111/719/390 1193/800/417
f 1111/719/390 1110/718/390 1193/800/417
f 1110/718/390 1053/661/379 1194/801/418
f 1053/661/379 1052/660/379 1194/801/418
f 1052/660/379 1051/659/374 1195/802/419
f 1051/659/374 1050/658/374 1195/802/419
f 1050/658/374 1049/657/373 1196/803/420
f 1049/657/373 1048/656/373 1196/803/420
f 1048/656/373 1047/655/372 1197/804/409
f 1047/655/372 1046/654/371 1197/804/409
f 1046/654/371 1045/653/370 1198/805/421
f 1045/653/370 1044/652/369 1198/805/421
f 1044/652/369 1043/651/378 1199/806/422
f 1043/651/378 1042/650/377 1199/806/422
f 1042/650/377 1041/649/376 1200/807/423
f 1040/648/375 1200/807/423 1041/649/376
f 1040/648/375 1039/647/374 1201/808/424
f 1039/647/374 1038/646/374 1201/808/424
f 1038/646/374 1037/645/373 1202/809/420
f 1037/645/373 1036/644/373 1202/809/420
f 1036/644/373 1035/643/372 1203/810/425
f 1035/643/372 1034/642/371 1203/810/425
f 1034/642/371 1033/641/370 1204/811/421
f 1033/641/370 1032/640/369 1204/811/421
f 1032/640/369 1031/639/368 1205/812/422
f 1031/639/368 1030/638/368 1205/812/422
f 1030/638/368 1029/637/368 1206/813/426
f 1029/637/368 1065/673/375 1206/813/426
f 1065/673/375 1064/672/374 1207/814/419
f 1064/672/374 1063/671/374 1207/814/419
f 1063/671/374 1062/670/373 1208/815/427
f 1062/670/373 1061/669/373 1208/815/427
f 1061/669/373 1060/668/372 1209/816/409
f 1060/668/372 1059/667/371 1209/816/409
f 1059/667/371 1058/666/370 1210/817/421
f 1058/666/370 1057/665/369 1210/817/421
f 1057/665/369 1056/664/380 1211/818/428
f 1056/664/380 1055/663/381 1211/818/428
f 1055/663/381 1054/662/380 1212/819/429
f 1054/662/380 1089/697/379 1212/819/429
f 1089/697/379 1088/696/374 1213/820/430
f 1088/696/374 1087/695/374 1213/820/430
f 1087/695/374 1086/694/373 1214/821/427
f 1086/694/373 1085/693/373 1214/821/427
f 1085/693/373 1084/692/372 1215/822/409
f 1084/692/372 1083/691/371 1215/822/409
f 1083/691/371 1082/690/382 1216/823/421
f 1082/690/382 1081/689/382 1216/823/421
f 1081/689/382 1080/688/383 1217/824/431
f 1080/688/383 1079/687/383 1217/824/431
f 1079/687/383 1078/686/376 1218/825/432
f 1077/685/375 1218/825/432 1078/686/376
f 1077/685/375 1076/684/374 1219/826/419
f 1076/684/374 1075/683/374 1219/826/419
f 1075/683/374 1074/682/373 1220/827/427
f 1074/682/373 1073/681/373 1220/827/427
f 1073/681/373 1072/680/372 1221/828/409
f 1072/680/372 1071/679/371 1221/828/409
f 1071/679/371 1070/678/382 1222/829/433
f 1070/678/382 1069/677/369 1222/829/433
f 1069/677/369 1068/676/368 1223/830/428
f 1068/676/368 1067/675/368 1223/830/428
f 1067/675/368 1066/674/368 1224/831/426
f 1066/674/368 1101/709/375 1224/831/426
f 1101/709/375 1100/708/374 1225/832/419
f 1100/708/374 1099/707/374 1225/832/419
f 1099/707/374 1098/706/373 1226/833/427
f 1098/706/373 1097/705/373 1226/833/427
f 1097/705/373 1096/704/372 1227/834/409
f 1096/704/372 1095/703/371 1227/834/409
f 1095/703/371 1094/702/370 1228/835/421
f 1094/702/370 1093/701/369 1228/835/421
f 1093/701/369 1092/700/385 1229/836/422
f 1092/700/385 1091/699/385 1229/836/422
f 1091/699/385 1090/698/384 1230/698/434
f 1127/733/400 1090/698/384 1132/737/402
f 1132/737/402 1090/698/384 1144/749/402
f 1090/698/384 1092/700/385 1144/749/402
f 1144/749/402 1092/700/385 1143/748/402
f 1092/700/385 1094/702/370 1143/748/402
f 1143/748/402 1094/702/370 1142/747/402
f 1094/702/370 1096/704/372 1142/747/402
f 1142/747/402 1096/704/372 1141/746/402
f 1096/704/372 1098/706/373 1141/746/402
f 1141/746/402 1098/706/373 1140/745/402
f 1098/706/373 1100/708/374 1140/745/402
f 1140/745/402 1100/708/374 1139/744/402
f 1100/708/374 1066/674/368 1139/744/402
f 1139/744/402 1066/674/368 1138/743/402
f 1066/674/368 1068/676/368 1138/743/402
f 1138/743/402 1068/676/368 1137/742/402
f 1068/676/368 1070/678/382 1137/742/402
f 1137/742/402 1070/678/382 1136/741/402
f 1070/678/382 1072/680/372 1136/741/402
f 1136/741/402 1072/680/372 1135/740/402
f 1072/680/372 1074/682/373 1135/740/402
f 1135/740/402 1074/682/373 1134/739/402
f 1074/682/373 1076/684/374 1134/739/402
f 1134/739/402 1076/684/374 1133/738/402
f 1076/684/374 1078/686/376 1133/738/402
f 1133/738/402 1078/686/376 1131/736/402
f 1078/686/376 1080/688/383 1131/736/402
f 1131/736/402 1080/688/383 1129/734/402
f 1127/733/400 1132/737/402 1121/729/399
f 1121/729/399 1132/737/402 1130/735/402
f 1080/688/383 1082/690/382 1129/734/402
f 1129/734/402 1082/690/382 1146/751/402
f 1082/690/382 1084/692/372 1146/751/402
f 1146/751/402 1084/692/372 1147/752/402
f 1084/692/372 1086/694/373 1147/752/402
f 1147/752/402 1086/694/373 1148/753/402
f 1086/694/373 1088/696/374 1148/753/402
f 1148/753/402 1088/696/374 1149/754/402
f 1088/696/374 1054/662/380 1149/754/402
f 1149/754/402 1054/662/380 1150/755/402
f 1054/662/380 1056/664/380 1150/755/402
f 1150/755/402 1056/664/380 1151/756/402
f 1056/664/380 1058/666/370 1151/756/402
f 1151/756/402 1058/666/370 1152/757/402
f 1058/666/370 1060/668/372 1152/757/402
f 1152/757/402 1060/668/372 1153/758/402
f 1060/668/372 1062/670/373 1153/758/402
f 1153/758/402 1062/670/373 1154/759/402
f 1062/670/373 1064/672/374 1154/759/402
f 1154/759/402 1064/672/374 1155/760/402
f 1122/730/399 1121/729/399 1145/750/402
f 1145/750/402 1121/729/399 1130/735/402
f 1064/672/374 1029/637/368 1155/760/402
f 1155/760/402 1029/637/368 1159/764/402
f 1029/637/368 1031/639/368 1159/764/402
f 1159/764/402 1031/639/368 1160/765/402
f 1031/639/368 1033/641/370 1160/765/402
f 1160/765/402 1033/641/370 1161/766/402
f 1033/641/370 1035/643/372 1161/766/402
f 1161/766/402 1035/643/372 1162/767/402
f 1035/643/372 1037/645/373 1162/767/402
f 1162/767/402 1037/645/373 1163/768/402
f 1037/645/373 1039/647/374 1163/768/402
f 1163/768/402 1039/647/374 1164/769/402
f 1039/647/374 1041/649/376 1164/769/402
f 1164/769/402 1041/649/376 1165/770/402
f 1041/649/376 1043/651/378 1165/770/402
f 1165/770/402 1043/651/378 1166/771/402
f 1043/651/378 1045/653/370 1166/771/402
f 1166/771/402 1045/653/370 1167/772/402
f 1045/653/370 1047/655/372 1167/772/402
f 1167/772/402 1047/655/372 1168/773/402
f 1047/655/372 1049/657/373 1168/773/402
f 1168/773/402 1049/657/373 1169/774/402
f 1049/657/373 1051/659/374 1169/774/402
f 1169/774/402 1051/659/374 1170/775/402
f 1051/659/374 1053/661/379 1170/775/402
f 1170/775/402 1053/661/379 1171/776/402
f 1156/762/404 1122/730/399 1158/763/402
f 1158/763/402 1122/730/399 1145/750/402
f 1107/715/373 1109/717/373 1172/777/402
f 1172/777/402 1109/717/373 1173/778/402
f 1053/661/379 1111/719/390 1171/776/402
f 1171/776/402 1111/719/390 1182/787/402
f 1111/719/390 1113/721/392 1182/787/402
f 1182/787/402 1113/721/392 1181/786/402
f 1113/721/392 1115/723/393 1181/786/402
f 1181/786/402 1115/723/393 1180/785/402
f 1115/723/393 1117/725/395 1180/785/402
f 1180/785/402 1117/725/395 1179/784/402
f 1117/725/395 1119/727/397 1179/784/402
f 1179/784/402 1119/727/397 1178/783/402
f 1119/727/397 1102/710/386 1178/783/402
f 1178/783/402 1102/710/386 1177/782/402
f 1102/710/386 1104/712/386 1177/782/402
f 1177/782/402 1104/712/386 1176/781/402
f 1104/712/386 1106/714/389 1176/781/402
f 1176/781/402 1106/714/389 1175/780/402
f 1106/714/389 1107/715/373 1175/780/402
f 1175/780/402 1107/715/373 1172/777/402
f 1126/789/406 1156/762/404 1174/779/402
f 1174/779/402 1156/762/404 1158/763/402
f 1230/698/434 1090/698/384 1128/733/401
f 1128/733/401 1090/698/384 1127/733/400
f 1231/637/435 1232/639/435 1030/638/368
f 1232/639/435 1233/641/436 1032/640/369
f 1233/641/436 1234/643/437 1034/642/371
f 1234/643/437 1235/645/438 1036/644/373
f 1235/645/438 1236/647/439 1038/646/374
f 1236/647/439 1237/649/440 1040/648/375
f 1237/649/440 1238/651/441 1042/650/377
f 1238/651/441 1239/653/436 1044/652/369
f 1239/653/436 1240/655/437 1046/654/371
f 1240/655/437 1241/657/438 1048/656/373
f 1241/657/438 1242/659/439 1050/658/374
f 1242/659/439 1243/661/442 1052/660/379
f 1244/662/443 1245/664/443 1055/663/381
f 1245/664/443 1246/666/436 1057/665/369
f 1246/666/436 1247/668/437 1059/667/371
f 1247/668/437 1248/670/438 1061/669/373
f 1248/670/438 1249/672/439 1063/671/374
f 1249/672/439 1231/637/435 1065/673/375
f 1250/674/435 1251/676/435 1067/675/368
f 1251/676/435 1252/678/444 1069/677/369
f 1252/678/444 1253/680/437 1071/679/371
f 1253/680/437 1254/682/438 1073/681/373
f 1254/682/438 1255/684/439 1075/683/374
f 1255/684/439 1256/686/440 1077/685/375
f 1256/686/440 1257/688/445 1079/687/383
f 1257/688/445 1258/690/444 1081/689/382
f 1258/690/444 1259/692/437 1083/691/371
f 1259/692/437 1260/694/438 1085/693/373
f 1260/694/438 1261/696/439 1087/695/374
f 1261/696/439 1244/662/443 1089/697/379
f 1262/698/446 1263/700/447 1091/699/385
f 1263/700/447 1264/702/436 1093/701/369
f 1264/702/436 1265/704/437 1095/703/371
f 1265/704/437 1266/706/438 1097/705/373
f 1266/706/438 1267/708/439 1099/707/374
f 1267/708/439 1250/674/435 1101/709/375
f 1268/710/448 1269/712/449 1103/711/387
f 1269/712/449 1270/714/450 1105/713/388
f 1271/715/438 1272/717/438 1108/716/373
f 1243/661/442 1273/719/451 1110/718/390
f 1273/719/451 1274/721/452 1112/720/391
f 1274/721/452 1275/723/453 1114/722/393
f 1275/723/453 1276/725/454 1116/724/394
f 1276/725/454 1277/727/455 1118/726/396
f 1277/727/455 1268/710/448 1120/728/398
f 1278/729/456 1124/731/400 1279/730/456
f 1279/730/456 1124/731/400 1123/732/400
f 1281/733/457 1128/733/401 1278/729/456
f 1278/729/456 1128/733/401 1124/731/400
f 1282/734/458 1284/736/458 1283/735/458
f 1283/735/458 1284/736/458 1285/737/458
f 1284/736/458 1286/738/458 1285/737/458
f 1286/738/458 1287/739/458 1285/737/458
f 1287/739/458 1288/740/458 1285/737/458
f 1288/740/458 1289/741/458 1285/737/458
f 1289/741/458 1290/742/458 1285/737/458
f 1290/742/458 1291/743/458 1285/737/458
f 1291/743/458 1292/744/458 1285/737/458
f 1292/744/458 1293/745/458 1285/737/458
f 1293/745/458 1294/746/458 1285/737/458
f 1294/746/458 1295/747/458 1285/737/458
f 1295/747/458 1296/748/458 1285/737/458
f 1285/737/458 1296/748/458 1297/749/458
f 1283/735/458 1298/750/458 1282/734/458
f 1282/734/458 1298/750/458 1299/751/458
f 1299/751/458 1298/750/458 1300/752/458
f 1300/752/458 1298/750/458 1301/753/458
f 1301/753/458 1298/750/458 1302/754/458
f 1302/754/458 1298/750/458 1303/755/458
f 1303/755/458 1298/750/458 1304/756/458
f 1304/756/458 1298/750/458 1305/757/458
f 1305/757/458 1298/750/458 1306/758/458
f 1306/758/458 1298/750/458 1307/759/458
f 1307/759/458 1298/750/458 1308/760/458
f 1123/732/400 1157/761/403 1279/730/456
f 1279/730/456 1157/761/403 1309/762/459
f 1298/750/458 1310/763/458 1308/760/458
f 1308/760/458 1310/763/458 1311/764/458
f 1311/764/458 1310/763/458 1312/765/458
f 1312/765/458 1310/763/458 1313/766/458
f 1313/766/458 1310/763/458 1314/767/458
f 1314/767/458 1310/763/458 1315/768/458
f 1315/768/458 1310/763/458 1316/769/458
f 1316/769/458 1310/763/458 1317/770/458
f 1317/770/458 1310/763/458 1318/771/458
f 1318/771/458 1310/763/458 1319/772/458
f 1319/772/458 1310/763/458 1320/773/458
f 1320/773/458 1310/763/458 1321/774/458
f 1321/774/458 1310/763/458 1322/775/458
f 1322/775/458 1310/763/458 1323/776/458
f 1324/777/458 1326/779/458 1325/778/458
f 1326/779/458 1324/777/458 1310/763/458
f 1324/777/458 1327/780/458 1310/763/458
f 1327/780/458 1328/781/458 1310/763/458
f 1328/781/458 1329/782/458 1310/763/458
f 1329/782/458 1330/783/458 1310/763/458
f 1330/783/458 1331/784/458 1310/763/458
f 1331/784/458 1332/785/458 1310/763/458
f 1332/785/458 1333/786/458 1310/763/458
f 1333/786/458 1334/787/458 1310/763/458
f 1310/763/458 1334/787/458 1323/776/458
f 1157/761/403 1125/788/405 1309/762/459
f 1309/762/459 1125/788/405 1280/789/460
f 1270/714/450 1271/715/438 1183/790/407
f 1272/717/438 1184/791/408 1108/716/373
f 1108/716/373 1185/792/409 1271/715/438
f 1271/715/438 1185/792/409 1183/790/407
f 1183/790/407 1186/793/410 1270/714/450
f 1270/714/450 1186/793/410 1105/713/388
f 1105/713/388 1187/794/411 1269/712/449
f 1269/712/449 1187/794/411 1103/711/387
f 1103/711/387 1188/795/412 1268/710/448
f 1268/710/448 1188/795/412 1120/728/398
f 1120/728/398 1189/796/413 1277/727/455
f 1277/727/455 1189/796/413 1118/726/396
f 1118/726/396 1190/797/414 1276/725/454
f 1276/725/454 1190/797/414 1116/724/394
f 1116/724/394 1191/798/415 1275/723/453
f 1275/723/453 1191/798/415 1114/722/393
f 1114/722/393 1192/799/416 1274/721/452
f 1274/721/452 1192/799/416 1112/720/391
f 1112/720/391 1193/800/417 1273/719/451
f 1273/719/451 1193/800/417 1110/718/390
f 1110/718/390 1194/801/418 1243/661/442
f 1243/661/442 1194/801/418 1052/660/379
f 1052/660/379 1195/802/419 1242/659/439
f 1242/659/439 1195/802/419 1050/658/374
f 1050/658/374 1196/803/420 1241/657/438
f 1241/657/438 1196/803/420 1048/656/373
f 1048/656/373 1197/804/409 1240/655/437
f 1240/655/437 1197/804/409 1046/654/371
f 1046/654/371 1198/805/421 1239/653/436
f 1239/653/436 1198/805/421 1044/652/369
f 1044/652/369 1199/806/422 1238/651/441
f 1238/651/441 1199/806/422 1042/650/377
f 1042/650/377 1200/807/423 1237/649/440
f 1040/648/375 1237/649/440 1200/807/423
f 1040/648/375 1201/808/424 1236/647/439
f 1236/647/439 1201/808/424 1038/646/374
f 1038/646/374 1202/809/420 1235/645/438
f 1235/645/438 1202/809/420 1036/644/373
f 1036/644/373 1203/810/425 1234/643/437
f 1234/643/437 1203/810/425 1034/642/371
f 1034/642/371 1204/811/421 1233/641/436
f 1233/641/436 1204/811/421 1032/640/369
f 1032/640/369 1205/812/422 1232/639/435
f 1232/639/435 1205/812/422 1030/638/368
f 1030/638/368 1206/813/426 1231/637/435
f 1231/637/435 1206/813/426 1065/673/375
f 1065/673/375 1207/814/419 1249/672/439
f 1249/672/439 1207/814/419 1063/671/374
f 1063/671/374 1208/815/427 1248/670/438
f 1248/670/438 1208/815/427 1061/669/373
f 1061/669/373 1209/816/409 1247/668/437
f 1247/668/437 1209/816/409 1059/667/371
f 1059/667/371 1210/817/421 1246/666/436
f 1246/666/436 1210/817/421 1057/665/369
f 1057/665/369 1211/818/428 1245/664/443
f 1245/664/443 1211/818/428 1055/663/381
f 1055/663/381 1212/819/429 1244/662/443
f 1244/662/443 1212/819/429 1089/697/379
f 1089/697/379 1213/820/430 1261/696/439
f 1261/696/439 1213/820/430 1087/695/374
f 1087/695/374 1214/821/427 1260/694/438
f 1260/694/438 1214/821/427 1085/693/373
f 1085/693/373 1215/822/409 1259/692/437
f 1259/692/437 1215/822/409 1083/691/371
f 1083/691/371 1216/823/421 1258/690/444
f 1258/690/444 1216/823/421 1081/689/382
f 1081/689/382 1217/824/431 1257/688/445
f 1257/688/445 1217/824/431 1079/687/383
f 1079/687/383 1218/825/432 1256/686/440
f 1077/685/375 1256/686/440 1218/825/432
f 1077/685/375 1219/826/419 1255/684/439
f 1255/684/439 1219/826/419 1075/683/374
f 1075/683/374 1220/827/427 1254/682/438
f 1254/682/438 1220/827/427 1073/681/373
f 1073/681/373 1221/828/409 1253/680/437
f 1253/680/437 1221/828/409 1071/679/371
f 1071/679/371 1222/829/433 1252/678/444
f 1252/678/444 1222/829/433 1069/677/369
f 1069/677/369 1223/830/428 1251/676/435
f 1251/676/435 1223/830/428 1067/675/368
f 1067/675/368 1224/831/426 1250/674/435
f 1250/674/435 1224/831/426 1101/709/375
f 1101/709/375 1225/832/419 1267/708/439
f 1267/708/439 1225/832/419 1099/707/374
f 1099/707/374 1226/833/427 1266/706/438
f 1266/706/438 1226/833/427 1097/705/373
f 1097/705/373 1227/834/409 1265/704/437
f 1265/704/437 1227/834/409 1095/703/371
f 1095/703/371 1228/835/421 1264/702/436
f 1264/702/436 1228/835/421 1093/701/369
f 1093/701/369 1229/836/422 1263/700/447
f 1263/700/447 1229/836/422 1091/699/385
f 1091/699/385 1230/698/434 1262/698/446
f 1281/733/457 1285/737/458 1262/698/446
f 1262/698/446 1285/737/458 1297/749/458
f 1262/698/446 1297/749/458 1263/700/447
f 1263/700/447 1297/749/458 1296/748/458
f 1263/700/447 1296/748/458 1264/702/436
f 1264/702/436 1296/748/458 1295/747/458
f 1264/702/436 1295/747/458 1265/704/437
f 1265/704/437 1295/747/458 1294/746/458
f 1265/704/437 1294/746/458 1266/706/438
f 1266/706/438 1294/746/458 1293/745/458
f 1266/706/438 1293/745/458 1267/708/439
f 1267/708/439 1293/745/458 1292/744/458
f 1267/708/439 1292/744/458 1250/674/435
f 1250/674/435 1292/744/458 1291/743/458
f 1250/674/435 1291/743/458 1251/676/435
f 1251/676/435 1291/743/458 1290/742/458
f 1251/676/435 1290/742/458 1252/678/444
f 1252/678/444 1290/742/458 1289/741/458
f 1252/678/444 1289/741/458 1253/680/437
f 1253/680/437 1289/741/458 1288/740/458
f 1253/680/437 1288/740/458 1254/682/438
f 1254/682/438 1288/740/458 1287/739/458
f 1254/682/438 1287/739/458 1255/684/439
f 1255/684/439 1287/739/458 1286/738/458
f 1255/684/439 1286/738/458 1256/686/440
f 1256/686/440 1286/738/458 1284/736/458
f 1256/686/440 1284/736/458 1257/688/445
f 1257/688/445 1284/736/458 1282/734/458
f 1283/735/458 1285/737/458 1278/729/456
f 1278/729/456 1285/737/458 1281/733/457
f 1257/688/445 1282/734/458 1258/690/444
f 1258/690/444 1282/734/458 1299/751/458
f 1258/690/444 1299/751/458 1259/692/437
f 1259/692/437 1299/751/458 1300/752/458
f 1259/692/437 1300/752/458 1260/694/438
f 1260/694/438 1300/752/458 1301/753/458
f 1260/694/438 1301/753/458 1261/696/439
f 1261/696/439 1301/753/458 1302/754/458
f 1261/696/439 1302/754/458 1244/662/443
f 1244/662/443 1302/754/458 1303/755/458
f 1244/662/443 1303/755/458 1245/664/443
f 1245/664/443 1303/755/458 1304/756/458
f 1245/664/443 1304/756/458 1246/666/436
f 1246/666/436 1304/756/458 1305/757/458
f 1246/666/436 1305/757/458 1247/668/437
f 1247/668/437 1305/757/458 1306/758/458
f 1247/668/437 1306/758/458 1248/670/438
f 1248/670/438 1306/758/458 1307/759/458
f 1248/670/438 1307/759/458 1249/672/439
f 1249/672/439 1307/759/458 1308/760/458
f 1279/730/456 1298/750/458 1278/729/456
f 1278/729/456 1298/750/458 1283/735/458
f 1249/672/439 1308/760/458 1231/637/435
f 1231/637/435 1308/760/458 1311/764/458
f 1231/637/435 1311/764/458 1232/639/435
f 1232/639/435 1311/764/458 1312/765/458
f 1232/639/435 1312/765/458 1233/641/436
f 1233/641/436 1312/765/458 1313/766/458
f 1233/641/436 1313/766/458 1234/643/437
f 1234/643/437 1313/766/458 1314/767/458
f 1234/643/437 1314/767/458 1235/645/438
f 1235/645/438 1314/767/458 1315/768/458
f 1235/645/438 1315/768/458 1236/647/439
f 1236/647/439 1315/768/458 1316/769/458
f 1236/647/439 1316/769/458 1237/649/440
f 1237/649/440 1316/769/458 1317/770/458
f 1237/649/440 1317/770/458 1238/651/441
f 1238/651/441 1317/770/458 1318/771/458
f 1238/651/441 1318/771/458 1239/653/436
f 1239/653/436 1318/771/458 1319/772/458
f 1239/653/436 1319/772/458 1240/655/437
f 1240/655/437 1319/772/458 1320/773/458
f 1240/655/437 1320/773/458 1241/657/438
f 1241/657/438 1320/773/458 1321/774/458
f 1241/657/438 1321/774/458 1242/659/439
f 1242/659/439 1321/774/458 1322/775/458
f 1242/659/439 1322/775/458 1243/661/442
f 1243/661/442 1322/775/458 1323/776/458
f 1309/762/459 1310/763/458 1279/730/456
f 1279/730/456 1310/763/458 1298/750/458
f 1271/715/438 1324/777/458 1272/717/438
f 1272/717/438 1324/777/458 1325/778/458
f 1243/661/442 1323/776/458 1273/719/451
f 1273/719/451 1323/776/458 1334/787/458
f 1273/719/451 1334/787/458 1274/721/452
f 1274/721/452 1334/787/458 1333/786/458
f 1274/721/452 1333/786/458 1275/723/453
f 1275/723/453 1333/786/458 1332/785/458
f 1275/723/453 1332/785/458 1276/725/454
f 1276/725/454 1332/785/458 1331/784/458
f 1276/725/454 1331/784/458 1277/727/455
f 1277/727/455 1331/784/458 1330/783/458
f 1277/727/455 1330/783/458 1268/710/448
f 1268/710/448 1330/783/458 1329/782/458
f 1268/710/448 1329/782/458 1269/712/449
f 1269/712/449 1329/782/458 1328/781/458
f 1269/712/449 1328/781/458 1270/714/450
f 1270/714/450 1328/781/458 1327/780/458
f 1270/714/450 1327/780/458 1271/715/438
f 1271/715/438 1327/780/458 1324/777/458
f 1280/789/460 1326/779/458 1309/762/459
f 1309/762/459 1326/779/458 1310/763/458
f 1230/698/434 1128/733/401 1262/698/446
f 1262/698/446 1128/733/401 1281/733/457
f 1335/837/461 1336/838/462 1344/839/463
f 1344/839/463 1336/838/462 1343/840/463
f 1337/841/362 1338/842/362 1339/841/362
f 1339/841/362 1338/842/362 1340/842/362
f 1345/839/464 1346/840/464 1341/837/464
f 1341/837/464 1346/840/464 1342/838/465
f 1341/837/464 1342/838/465 1335/837/461
f 1335/837/461 1342/838/465 1336/838/462
f 1336/838/462 1342/838/465 1343/840/463
f 1343/840/463 1342/838/465 1346/840/464
f 1341/837/464 1335/837/461 1345/839/464
f 1345/839/464 1335/837/461 1344/839/463
f 1344/839/463 1343/840/463 1337/841/362
f 1337/841/362 1343/840/463 1338/842/362
f 1345/839/464 1344/839/463 1339/841/362
f 1339/841/362 1344/839/463 1337/841/362
f 1339/841/362 1340/842/362 1345/839/464
f 1345/839/464 1340/842/362 1346/840/464
f 1343/840/463 1346/840/464 1338/842/362
f 1338/842/362 1346/840/464 1340/842/362
f 1347/843/466 1348/844/466 1350/845/466
f 1350/845/466 1348/844/466 1349/846/467
f 1349/846/467 1348/844/466 1352/847/468
f 1352/847/468 1348/844/466 1351/848/466
f 1352/847/468 1351/848/466 1354/849/466
f 1354/849/466 1351/848/466 1353/850/469
f 1354/849/466 1353/850/469 1356/851/468
f 1356/851/468 1353/850/469 1355/852/467
f 1356/851/468 1355/852/467 1358/853/466
f 1358/853/466 1355/852/467 1357/854/467
f 1347/843/466 1350/845/466 1360/855/466
f 1360/855/466 1350/845/466 1359/856/467
f 1360/855/466 1359/856/467 1362/857/470
f 1362/857/470 1359/856/467 1361/858/468
f 1362/857/470 1361/858/468 1364/859/466
f 1364/859/466 1361/858/468 1363/860/468
f 1348/844/466 1347/843/466 1366/861/471
f 1366/861/471 1347/843/466 1365/862/472
f 1353/850/469 1351/848/466 1368/863/473
f 1368/863/473 1351/848/466 1367/864/473
f 1369/865/474 1364/859/466 1371/866/475
f 1371/866/475 1364/859/466 1370/867/474
f 1372/868/466 1369/865/474 1373/869/466
f 1373/869/466 1369/865/474 1371/866/475
f 1366/861/471 1365/862/472 1375/870/466
f 1375/870/466 1365/862/472 1374/871/466
f 1368/863/473 1367/864/473 1377/872/476
f 1377/872/476 1367/864/473 1376/873/476
f 1378/874/477 1379/875/478 1540/874/479
f 1540/874/479 1379/875/478 1541/875/478
f 1380/876/480 1378/874/477 1542/876/481
f 1542/876/481 1378/874/477 1540/874/479
f 1381/877/482 1380/876/480 1543/877/483
f 1543/877/483 1380/876/480 1542/876/481
f 1382/878/484 1383/879/466 1385/880/466
f 1385/880/466 1383/879/466 1384/881/466
f 1384/881/466 1386/882/466 1385/880/466
f 1385/880/466 1386/882/466 1387/883/466
f 1386/882/466 1388/884/466 1387/883/466
f 1387/883/466 1388/884/466 1389/885/466
f 1388/884/466 1390/886/485 1389/885/466
f 1389/885/466 1390/886/485 1391/887/468
f 1390/886/485 1358/853/466 1391/887/468
f 1391/887/468 1358/853/466 1357/854/467
f 1382/878/484 1392/888/485 1383/879/466
f 1383/879/466 1392/888/485 1393/889/470
f 1392/888/485 1394/890/466 1393/889/470
f 1393/889/470 1394/890/466 1395/891/470
f 1394/890/466 1370/867/474 1395/891/470
f 1395/891/470 1370/867/474 1396/892/470
f 1363/860/468 1396/892/470 1364/859/466
f 1364/859/466 1396/892/470 1370/867/474
f 1385/880/466 1397/893/486 1382/878/484
f 1382/878/484 1397/893/486 1398/894/486
f 1389/885/466 1399/895/487 1387/883/466
f 1387/883/466 1399/895/487 1400/896/488
f 1397/893/486 1401/897/466 1398/894/486
f 1398/894/486 1401/897/466 1402/898/467
f 1399/895/487 1403/899/489 1400/896/488
f 1400/896/488 1403/899/489 1404/900/490
f 1405/901/491 1406/902/492 1567/901/492
f 1567/901/492 1406/902/492 1568/902/492
f 1407/903/493 1408/904/493 1569/903/494
f 1569/903/494 1408/904/493 1570/904/495
f 1409/905/496 1407/903/493 1571/905/497
f 1571/905/497 1407/903/493 1569/903/494
f 1410/906/498 1409/905/496 1572/906/499
f 1572/906/499 1409/905/496 1571/905/497
f 1379/875/478 1411/907/500 1541/875/478
f 1541/875/478 1411/907/500 1573/907/501
f 1411/907/500 1412/908/502 1573/907/501
f 1573/907/501 1412/908/502 1574/908/503
f 1412/908/502 1413/909/504 1574/908/503
f 1574/908/503 1413/909/504 1575/909/504
f 1413/909/504 1414/910/505 1575/909/504
f 1575/909/504 1414/910/505 1576/910/506
f 1414/910/505 1410/906/498 1576/910/506
f 1576/910/506 1410/906/498 1572/906/499
f 1406/902/492 1415/911/507 1568/902/492
f 1568/902/492 1415/911/507 1577/911/508
f 1415/911/507 1416/912/509 1577/911/508
f 1577/911/508 1416/912/509 1578/912/510
f 1416/912/509 1417/913/511 1578/912/510
f 1578/912/510 1417/913/511 1579/913/512
f 1417/913/511 1381/877/482 1579/913/512
f 1579/913/512 1381/877/482 1543/877/483
f 1359/856/467 1350/845/466 1419/914/478
f 1419/914/478 1350/845/466 1418/915/513
f 1361/858/468 1359/856/467 1420/916/481
f 1420/916/481 1359/856/467 1419/914/478
f 1363/860/468 1361/858/468 1421/917/483
f 1421/917/483 1361/858/468 1420/916/481
f 1384/881/466 1383/879/466 1423/918/492
f 1423/918/492 1383/879/466 1422/919/492
f 1386/882/466 1384/881/466 1424/920/514
f 1424/920/514 1384/881/466 1423/918/492
f 1388/884/466 1386/882/466 1425/921/493
f 1425/921/493 1386/882/466 1424/920/514
f 1390/886/485 1388/884/466 1426/922/496
f 1426/922/496 1388/884/466 1425/921/493
f 1358/853/466 1390/886/485 1427/923/498
f 1427/923/498 1390/886/485 1426/922/496
f 1350/845/466 1349/846/467 1418/915/513
f 1418/915/513 1349/846/467 1428/924/500
f 1349/846/467 1352/847/468 1428/924/500
f 1428/924/500 1352/847/468 1429/925/515
f 1352/847/468 1354/849/466 1429/925/515
f 1429/925/515 1354/849/466 1430/926/516
f 1354/849/466 1356/851/468 1430/926/516
f 1430/926/516 1356/851/468 1431/927/517
f 1356/851/468 1358/853/466 1431/927/517
f 1431/927/517 1358/853/466 1427/923/498
f 1383/879/466 1393/889/470 1422/919/492
f 1422/919/492 1393/889/470 1432/928/518
f 1393/889/470 1395/891/470 1432/928/518
f 1432/928/518 1395/891/470 1433/929/510
f 1395/891/470 1396/892/470 1433/929/510
f 1433/929/510 1396/892/470 1434/930/511
f 1396/892/470 1363/860/468 1434/930/511
f 1434/930/511 1363/860/468 1421/917/483
f 1418/931/513 1379/875/478 1419/932/478
f 1419/932/478 1379/875/478 1378/874/477
f 1420/933/481 1419/932/478 1380/876/480
f 1380/876/480 1419/932/478 1378/874/477
f 1420/933/481 1380/876/480 1421/934/483
f 1421/934/483 1380/876/480 1381/877/482
f 1423/935/492 1422/936/492 1405/901/491
f 1405/901/491 1422/936/492 1406/902/492
f 1424/937/514 1423/935/492 1408/904/493
f 1408/904/493 1423/935/492 1405/901/491
f 1424/937/514 1408/904/493 1425/938/493
f 1425/938/493 1408/904/493 1407/903/493
f 1425/938/493 1407/903/493 1426/939/496
f 1426/939/496 1407/903/493 1409/905/496
f 1427/940/498 1426/939/496 1410/906/498
f 1410/906/498 1426/939/496 1409/905/496
f 1428/941/500 1411/907/500 1418/931/513
f 1418/931/513 1411/907/500 1379/875/478
f 1429/942/515 1412/908/502 1428/941/500
f 1428/941/500 1412/908/502 1411/907/500
f 1429/942/515 1430/943/516 1412/908/502
f 1412/908/502 1430/943/516 1413/909/504
f 1430/943/516 1431/944/517 1413/909/504
f 1413/909/504 1431/944/517 1414/910/505
f 1427/940/498 1410/906/498 1431/944/517
f 1431/944/517 1410/906/498 1414/910/505
f 1422/936/492 1432/945/518 1406/902/492
f 1406/902/492 1432/945/518 1415/911/507
f 1432/945/518 1433/946/510 1415/911/507
f 1415/911/507 1433/946/510 1416/912/509
f 1433/946/510 1434/947/511 1416/912/509
f 1416/912/509 1434/947/511 1417/913/511
f 1434/947/511 1421/934/483 1417/913/511
f 1417/913/511 1421/934/483 1381/877/482
f 1351/848/466 1348/844/466 1436/948/519
f 1436/948/519 1348/844/466 1435/949/520
f 1355/852/467 1353/850/469 1438/950/521
f 1438/950/521 1353/850/469 1437/951/522
f 1357/854/467 1355/852/467 1439/952/523
f 1439/952/523 1355/852/467 1438/950/521
f 1347/843/466 1440/953/524 1365/862/472
f 1365/862/472 1440/953/524 1441/954/524
f 1351/848/466 1436/948/519 1367/864/473
f 1367/864/473 1436/948/519 1442/955/525
f 1374/871/466 1365/862/472 1443/956/526
f 1443/956/526 1365/862/472 1441/954/524
f 1367/864/473 1442/955/525 1376/873/476
f 1376/873/476 1442/955/525 1444/957/527
f 1392/888/485 1382/878/484 1446/958/528
f 1446/958/528 1382/878/484 1445/959/529
f 1394/890/466 1392/888/485 1447/960/530
f 1447/960/530 1392/888/485 1446/958/528
f 1370/867/474 1394/890/466 1448/961/531
f 1448/961/531 1394/890/466 1447/960/530
f 1385/880/466 1449/962/532 1397/893/486
f 1397/893/486 1449/962/532 1450/963/533
f 1389/885/466 1451/964/534 1399/895/487
f 1399/895/487 1451/964/534 1452/965/535
f 1370/867/474 1448/961/531 1371/866/475
f 1371/866/475 1448/961/531 1453/966/536
f 1373/869/466 1371/866/475 1454/967/537
f 1454/967/537 1371/866/475 1453/966/536
f 1401/897/466 1397/893/486 1455/968/538
f 1455/968/538 1397/893/486 1450/963/533
f 1399/895/487 1452/965/535 1403/899/489
f 1403/899/489 1452/965/535 1456/969/539
f 1347/843/466 1360/855/466 1440/953/524
f 1440/953/524 1360/855/466 1457/970/540
f 1360/855/466 1362/857/470 1457/970/540
f 1457/970/540 1362/857/470 1458/971/541
f 1362/857/470 1364/859/466 1458/971/541
f 1458/971/541 1364/859/466 1459/972/542
f 1348/844/466 1366/861/471 1435/949/520
f 1435/949/520 1366/861/471 1460/973/543
f 1353/850/469 1368/863/473 1437/951/522
f 1437/951/522 1368/863/473 1461/974/544
f 1364/859/466 1369/865/474 1459/972/542
f 1459/972/542 1369/865/474 1462/975/545
f 1369/865/474 1372/868/466 1462/975/545
f 1462/975/545 1372/868/466 1463/976/546
f 1372/868/466 1373/869/466 1463/976/546
f 1463/976/546 1373/869/466 1454/967/537
f 1366/861/471 1375/870/466 1460/973/543
f 1460/973/543 1375/870/466 1464/977/547
f 1368/863/473 1377/872/476 1461/974/544
f 1461/974/544 1377/872/476 1465/978/548
f 1385/880/466 1387/883/466 1449/962/532
f 1449/962/532 1387/883/466 1466/979/549
f 1389/885/466 1391/887/468 1451/964/534
f 1451/964/534 1391/887/468 1467/980/550
f 1391/887/468 1357/854/467 1467/980/550
f 1467/980/550 1357/854/467 1439/952/523
f 1382/878/484 1398/894/486 1445/959/529
f 1445/959/529 1398/894/486 1468/981/551
f 1387/883/466 1400/896/488 1466/979/549
f 1466/979/549 1400/896/488 1469/982/552
f 1398/894/486 1402/898/467 1468/981/551
f 1468/981/551 1402/898/467 1470/983/553
f 1400/896/488 1404/900/490 1469/982/552
f 1469/982/552 1404/900/490 1471/984/554
f 1377/872/476 1376/873/476 1465/978/548
f 1465/978/548 1376/873/476 1444/957/527
f 1375/870/466 1374/871/466 1464/977/547
f 1464/977/547 1374/871/466 1443/956/526
f 1402/898/467 1401/897/466 1470/983/553
f 1470/983/553 1401/897/466 1455/968/538
f 1404/900/490 1403/899/489 1471/984/554
f 1471/984/554 1403/899/489 1456/969/539
f 1436/948/519 1435/949/520 1473/985/466
f 1473/985/466 1435/949/520 1472/986/466
f 1437/951/522 1474/987/466 1438/950/521
f 1438/950/521 1474/987/466 1475/988/467
f 1438/950/521 1475/988/467 1439/952/523
f 1439/952/523 1475/988/467 1476/989/467
f 1441/954/524 1440/953/524 1478/990/555
f 1478/990/555 1440/953/524 1477/991/556
f 1436/948/519 1473/985/466 1442/955/525
f 1442/955/525 1473/985/466 1479/992/557
f 1441/954/524 1478/990/555 1443/956/526
f 1443/956/526 1478/990/555 1480/993/466
f 1442/955/525 1479/992/557 1444/957/527
f 1444/957/527 1479/992/557 1481/994/558
f 1446/958/528 1445/959/529 1483/995/485
f 1483/995/485 1445/959/529 1482/996/485
f 1446/958/528 1483/995/485 1447/960/530
f 1447/960/530 1483/995/485 1484/997/485
f 1448/961/531 1447/960/530 1485/998/466
f 1485/998/466 1447/960/530 1484/997/485
f 1450/963/533 1449/962/532 1487/999/559
f 1487/999/559 1449/962/532 1486/1000/560
f 1451/964/534 1488/1001/561 1452/965/535
f 1452/965/535 1488/1001/561 1489/1002/562
f 1448/961/531 1485/998/466 1453/966/536
f 1453/966/536 1485/998/466 1490/1003/563
f 1453/966/536 1490/1003/563 1454/967/537
f 1454/967/537 1490/1003/563 1491/1004/466
f 1450/963/533 1487/999/559 1455/968/538
f 1455/968/538 1487/999/559 1492/1005/466
f 1452/965/535 1489/1002/562 1456/969/539
f 1456/969/539 1489/1002/562 1493/1006/564
f 1457/970/540 1494/1007/485 1440/953/524
f 1440/953/524 1494/1007/485 1477/991/556
f 1457/970/540 1458/971/541 1494/1007/485
f 1494/1007/485 1458/971/541 1495/1008/466
f 1459/972/542 1496/1009/466 1458/971/541
f 1458/971/541 1496/1009/466 1495/1008/466
f 1460/973/543 1497/1010/565 1435/949/520
f 1435/949/520 1497/1010/565 1472/986/466
f 1437/951/522 1461/974/544 1474/987/466
f 1474/987/466 1461/974/544 1498/1011/566
f 1459/972/542 1462/975/545 1496/1009/466
f 1496/1009/466 1462/975/545 1499/1012/567
f 1462/975/545 1463/976/546 1499/1012/567
f 1499/1012/567 1463/976/546 1500/1013/568
f 1463/976/546 1454/967/537 1500/1013/568
f 1500/1013/568 1454/967/537 1491/1004/466
f 1460/973/543 1464/977/547 1497/1010/565
f 1497/1010/565 1464/977/547 1501/1014/569
f 1461/974/544 1465/978/548 1498/1011/566
f 1498/1011/566 1465/978/548 1502/1015/570
f 1466/979/549 1503/1016/466 1449/962/532
f 1449/962/532 1503/1016/466 1486/1000/560
f 1451/964/534 1467/980/550 1488/1001/561
f 1488/1001/561 1467/980/550 1504/1017/466
f 1467/980/550 1439/952/523 1504/1017/466
f 1504/1017/466 1439/952/523 1476/989/467
f 1468/981/551 1505/1018/571 1445/959/529
f 1445/959/529 1505/1018/571 1482/996/485
f 1466/979/549 1469/982/552 1503/1016/466
f 1503/1016/466 1469/982/552 1506/1019/572
f 1468/981/551 1470/983/553 1505/1018/571
f 1505/1018/571 1470/983/553 1507/1020/466
f 1469/982/552 1471/984/554 1506/1019/572
f 1506/1019/572 1471/984/554 1508/1021/573
f 1465/978/548 1444/957/527 1502/1015/570
f 1502/1015/570 1444/957/527 1481/994/558
f 1464/977/547 1443/956/526 1501/1014/569
f 1501/1014/569 1443/956/526 1480/993/466
f 1455/968/538 1492/1005/466 1470/983/553
f 1470/983/553 1492/1005/466 1507/1020/466
f 1456/969/539 1493/1006/564 1471/984/554
f 1471/984/554 1493/1006/564 1508/1021/573
f 1483/995/485 1482/996/485 1645/995/574
f 1645/995/574 1482/996/485 1644/996/574
f 1482/996/485 1505/1018/571 1644/996/574
f 1644/996/574 1505/1018/571 1667/1018/575
f 1505/1018/571 1507/1020/466 1667/1018/575
f 1667/1018/575 1507/1020/466 1669/1020/576
f 1507/1020/466 1492/1005/466 1669/1020/576
f 1669/1020/576 1492/1005/466 1654/1005/577
f 1492/1005/466 1487/999/559 1654/1005/577
f 1654/1005/577 1487/999/559 1649/999/578
f 1487/999/559 1486/1000/560 1649/999/578
f 1649/999/578 1486/1000/560 1648/1000/579
f 1486/1000/560 1503/1016/466 1648/1000/579
f 1648/1000/579 1503/1016/466 1665/1016/580
f 1503/1016/466 1506/1019/572 1665/1016/580
f 1665/1016/580 1506/1019/572 1668/1019/581
f 1506/1019/572 1508/1021/573 1668/1019/581
f 1668/1019/581 1508/1021/573 1670/1021/582
f 1508/1021/573 1493/1006/564 1670/1021/582
f 1670/1021/582 1493/1006/564 1655/1006/583
f 1493/1006/564 1489/1002/562 1655/1006/583
f 1655/1006/583 1489/1002/562 1651/1002/584
f 1489/1002/562 1488/1001/561 1651/1002/584
f 1651/1002/584 1488/1001/561 1650/1001/585
f 1488/1001/561 1504/1017/466 1650/1001/585
f 1650/1001/585 1504/1017/466 1666/1017/586
f 1504/1017/466 1476/989/467 1666/1017/586
f 1666/1017/586 1476/989/467 1638/989/587
f 1476/989/467 1475/988/467 1638/989/587
f 1638/989/587 1475/988/467 1637/988/588
f 1475/988/467 1474/987/466 1637/988/588
f 1637/988/588 1474/987/466 1636/987/589
f 1474/987/466 1498/1011/566 1636/987/589
f 1636/987/589 1498/1011/566 1660/1011/590
f 1498/1011/566 1502/1015/570 1660/1011/590
f 1660/1011/590 1502/1015/570 1664/1015/591
f 1502/1015/570 1481/994/558 1664/1015/591
f 1664/1015/591 1481/994/558 1643/994/592
f 1481/994/558 1479/992/557 1643/994/592
f 1643/994/592 1479/992/557 1641/992/593
f 1479/992/557 1473/985/466 1641/992/593
f 1641/992/593 1473/985/466 1635/985/594
f 1473/985/466 1472/986/466 1635/985/594
f 1635/985/594 1472/986/466 1634/986/595
f 1472/986/466 1497/1010/565 1634/986/595
f 1634/986/595 1497/1010/565 1659/1010/596
f 1497/1010/565 1501/1014/569 1659/1010/596
f 1659/1010/596 1501/1014/569 1663/1014/597
f 1501/1014/569 1480/993/466 1663/1014/597
f 1663/1014/597 1480/993/466 1642/993/598
f 1480/993/466 1478/990/555 1642/993/598
f 1642/993/598 1478/990/555 1640/990/599
f 1478/990/555 1477/991/556 1640/990/599
f 1640/990/599 1477/991/556 1639/991/600
f 1477/991/556 1494/1007/485 1639/991/600
f 1639/991/600 1494/1007/485 1656/1007/601
f 1494/1007/485 1495/1008/466 1656/1007/601
f 1656/1007/601 1495/1008/466 1657/1008/602
f 1495/1008/466 1496/1009/466 1657/1008/602
f 1657/1008/602 1496/1009/466 1658/1009/603
f 1496/1009/466 1499/1012/567 1658/1009/603
f 1658/1009/603 1499/1012/567 1661/1012/604
f 1499/1012/567 1500/1013/568 1661/1012/604
f 1661/1012/604 1500/1013/568 1662/1013/605
f 1500/1013/568 1491/1004/466 1662/1013/605
f 1662/1013/605 1491/1004/466 1653/1004/362
f 1491/1004/466 1490/1003/563 1653/1004/362
f 1653/1004/362 1490/1003/563 1652/1003/606
f 1490/1003/563 1485/998/466 1652/1003/606
f 1652/1003/606 1485/998/466 1647/998/607
f 1485/998/466 1484/997/485 1647/998/607
f 1647/998/607 1484/997/485 1646/997/608
f 1484/997/485 1483/995/485 1646/997/608
f 1646/997/608 1483/995/485 1645/995/574
f 1408/904/493 1405/901/491 1570/904/495
f 1570/904/495 1405/901/491 1567/901/492
f 1509/843/609 1512/845/610 1510/844/610
f 1510/844/610 1512/845/610 1511/846/610
f 1511/846/610 1514/847/610 1510/844/610
f 1510/844/610 1514/847/610 1513/848/610
f 1514/847/610 1516/849/610 1513/848/610
f 1513/848/610 1516/849/610 1515/850/610
f 1516/849/610 1518/851/609 1515/850/610
f 1515/850/610 1518/851/609 1517/852/611
f 1518/851/609 1520/853/612 1517/852/611
f 1517/852/611 1520/853/612 1519/854/613
f 1509/843/609 1522/855/610 1512/845/610
f 1512/845/610 1522/855/610 1521/856/610
f 1522/855/610 1524/857/610 1521/856/610
f 1521/856/610 1524/857/610 1523/858/614
f 1524/857/610 1526/859/610 1523/858/614
f 1523/858/614 1526/859/610 1525/860/614
f 1510/844/610 1528/861/615 1509/843/609
f 1509/843/609 1528/861/615 1527/862/615
f 1515/850/610 1530/863/616 1513/848/610
f 1513/848/610 1530/863/616 1529/864/617
f 1531/865/618 1533/866/619 1526/859/610
f 1526/859/610 1533/866/619 1532/867/619
f 1534/868/610 1535/869/610 1531/865/618
f 1531/865/618 1535/869/610 1533/866/619
f 1528/861/615 1537/870/610 1527/862/615
f 1527/862/615 1537/870/610 1536/871/610
f 1530/863/616 1539/872/620 1529/864/617
f 1529/864/617 1539/872/620 1538/873/621
f 1544/878/614 1547/880/610 1545/879/610
f 1545/879/610 1547/880/610 1546/881/611
f 1546/881/611 1547/880/610 1548/882/612
f 1548/882/612 1547/880/610 1549/883/610
f 1548/882/612 1549/883/610 1550/884/610
f 1550/884/610 1549/883/610 1551/885/622
f 1550/884/610 1551/885/622 1552/886/612
f 1552/886/612 1551/885/622 1553/887/610
f 1552/886/612 1553/887/610 1520/853/612
f 1520/853/612 1553/887/610 1519/854/613
f 1544/878/614 1545/879/610 1554/888/609
f 1554/888/609 1545/879/610 1555/889/613
f 1554/888/609 1555/889/613 1556/890/614
f 1556/890/614 1555/889/613 1557/891/612
f 1556/890/614 1557/891/612 1532/867/619
f 1532/867/619 1557/891/612 1558/892/612
f 1525/860/614 1526/859/610 1558/892/612
f 1558/892/612 1526/859/610 1532/867/619
f 1547/880/610 1544/878/614 1559/893/623
f 1559/893/623 1544/878/614 1560/894/624
f 1551/885/622 1549/883/610 1561/895/625
f 1561/895/625 1549/883/610 1562/896/626
f 1559/893/623 1560/894/624 1563/897/610
f 1563/897/610 1560/894/624 1564/898/614
f 1561/895/625 1562/896/626 1565/899/627
f 1565/899/627 1562/896/626 1566/900/628
f 1521/856/610 1581/914/513 1512/845/610
f 1512/845/610 1581/914/513 1580/915/478
f 1523/858/614 1582/916/629 1521/856/610
f 1521/856/610 1582/916/629 1581/914/513
f 1525/860/614 1583/917/630 1523/858/614
f 1523/858/614 1583/917/630 1582/916/629
f 1546/881/611 1585/918/492 1545/879/610
f 1545/879/610 1585/918/492 1584/919/492
f 1548/882/612 1586/920/514 1546/881/611
f 1546/881/611 1586/920/514 1585/918/492
f 1550/884/610 1587/921/493 1548/882/612
f 1548/882/612 1587/921/493 1586/920/514
f 1552/886/612 1588/922/496 1550/884/610
f 1550/884/610 1588/922/496 1587/921/493
f 1520/853/612 1589/923/499 1552/886/612
f 1552/886/612 1589/923/499 1588/922/496
f 1512/845/610 1580/915/478 1511/846/610
f 1511/846/610 1580/915/478 1590/924/500
f 1511/846/610 1590/924/500 1514/847/610
f 1514/847/610 1590/924/500 1591/925/631
f 1514/847/610 1591/925/631 1516/849/610
f 1516/849/610 1591/925/631 1592/926/504
f 1516/849/610 1592/926/504 1518/851/609
f 1518/851/609 1592/926/504 1593/927/632
f 1518/851/609 1593/927/632 1520/853/612
f 1520/853/612 1593/927/632 1589/923/499
f 1545/879/610 1584/919/492 1555/889/613
f 1555/889/613 1584/919/492 1594/928/508
f 1555/889/613 1594/928/508 1557/891/612
f 1557/891/612 1594/928/508 1595/929/633
f 1557/891/612 1595/929/633 1558/892/612
f 1558/892/612 1595/929/633 1596/930/512
f 1558/892/612 1596/930/512 1525/860/614
f 1525/860/614 1596/930/512 1583/917/630
f 1540/874/479 1541/875/478 1581/932/513
f 1581/932/513 1541/875/478 1580/931/478
f 1582/933/629 1542/876/481 1581/932/513
f 1581/932/513 1542/876/481 1540/874/479
f 1543/877/483 1542/876/481 1583/934/630
f 1583/934/630 1542/876/481 1582/933/629
f 1585/935/492 1567/901/492 1584/936/492
f 1584/936/492 1567/901/492 1568/902/492
f 1586/937/514 1570/904/495 1585/935/492
f 1585/935/492 1570/904/495 1567/901/492
f 1569/903/494 1570/904/495 1587/938/493
f 1587/938/493 1570/904/495 1586/937/514
f 1571/905/497 1569/903/494 1588/939/496
f 1588/939/496 1569/903/494 1587/938/493
f 1589/940/499 1572/906/499 1588/939/496
f 1588/939/496 1572/906/499 1571/905/497
f 1541/875/478 1573/907/501 1580/931/478
f 1580/931/478 1573/907/501 1590/941/500
f 1573/907/501 1574/908/503 1590/941/500
f 1590/941/500 1574/908/503 1591/942/631
f 1591/942/631 1574/908/503 1592/943/504
f 1592/943/504 1574/908/503 1575/909/504
f 1592/943/504 1575/909/504 1593/944/632
f 1593/944/632 1575/909/504 1576/910/506
f 1576/910/506 1572/906/499 1593/944/632
f 1593/944/632 1572/906/499 1589/940/499
f 1584/936/492 1568/902/492 1594/945/508
f 1594/945/508 1568/902/492 1577/911/508
f 1594/945/508 1577/911/508 1595/946/633
f 1595/946/633 1577/911/508 1578/912/510
f 1595/946/633 1578/912/510 1596/947/512
f 1596/947/512 1578/912/510 1579/913/512
f 1596/947/512 1579/913/512 1583/934/630
f 1583/934/630 1579/913/512 1543/877/483
f 1513/848/610 1598/948/519 1510/844/610
f 1510/844/610 1598/948/519 1597/949/520
f 1517/852/611 1600/950/634 1515/850/610
f 1515/850/610 1600/950/634 1599/951/635
f 1519/854/613 1601/952/523 1517/852/611
f 1517/852/611 1601/952/523 1600/950/634
f 1603/954/524 1602/953/524 1527/862/615
f 1527/862/615 1602/953/524 1509/843/609
f 1604/955/525 1598/948/519 1529/864/617
f 1529/864/617 1598/948/519 1513/848/610
f 1536/871/610 1605/956/636 1527/862/615
f 1527/862/615 1605/956/636 1603/954/524
f 1606/957/637 1604/955/525 1538/873/621
f 1538/873/621 1604/955/525 1529/864/617
f 1554/888/609 1608/958/528 1544/878/614
f 1544/878/614 1608/958/528 1607/959/528
f 1556/890/614 1609/960/530 1554/888/609
f 1554/888/609 1609/960/530 1608/958/528
f 1532/867/619 1610/961/531 1556/890/614
f 1556/890/614 1610/961/531 1609/960/530
f 1612/963/533 1611/962/532 1559/893/623
f 1559/893/623 1611/962/532 1547/880/610
f 1614/965/638 1613/964/534 1561/895/625
f 1561/895/625 1613/964/534 1551/885/622
f 1615/966/639 1610/961/531 1533/866/619
f 1533/866/619 1610/961/531 1532/867/619
f 1535/869/610 1616/967/640 1533/866/619
f 1533/866/619 1616/967/640 1615/966/639
f 1563/897/610 1617/968/641 1559/893/623
f 1559/893/623 1617/968/641 1612/963/533
f 1618/969/642 1614/965/638 1565/899/627
f 1565/899/627 1614/965/638 1561/895/625
f 1509/843/609 1602/953/524 1522/855/610
f 1522/855/610 1602/953/524 1619/970/643
f 1522/855/610 1619/970/643 1524/857/610
f 1524/857/610 1619/970/643 1620/971/644
f 1524/857/610 1620/971/644 1526/859/610
f 1526/859/610 1620/971/644 1621/972/645
f 1510/844/610 1597/949/520 1528/861/615
f 1528/861/615 1597/949/520 1622/973/543
f 1515/850/610 1599/951/635 1530/863/616
f 1530/863/616 1599/951/635 1623/974/646
f 1526/859/610 1621/972/645 1531/865/618
f 1531/865/618 1621/972/645 1624/975/647
f 1531/865/618 1624/975/647 1534/868/610
f 1534/868/610 1624/975/647 1625/976/648
f 1534/868/610 1625/976/648 1535/869/610
f 1535/869/610 1625/976/648 1616/967/640
f 1528/861/615 1622/973/543 1537/870/610
f 1537/870/610 1622/973/543 1626/977/649
f 1530/863/616 1623/974/646 1539/872/620
f 1539/872/620 1623/974/646 1627/978/548
f 1547/880/610 1611/962/532 1549/883/610
f 1549/883/610 1611/962/532 1628/979/650
f 1551/885/622 1613/964/534 1553/887/610
f 1553/887/610 1613/964/534 1629/980/651
f 1553/887/610 1629/980/651 1519/854/613
f 1519/854/613 1629/980/651 1601/952/523
f 1544/878/614 1607/959/528 1560/894/624
f 1560/894/624 1607/959/528 1630/981/551
f 1549/883/610 1628/979/650 1562/896/626
f 1562/896/626 1628/979/650 1631/982/652
f 1560/894/624 1630/981/551 1564/898/614
f 1564/898/614 1630/981/551 1632/983/553
f 1562/896/626 1631/982/652 1566/900/628
f 1566/900/628 1631/982/652 1633/984/653
f 1539/872/620 1627/978/548 1538/873/621
f 1538/873/621 1627/978/548 1606/957/637
f 1537/870/610 1626/977/649 1536/871/610
f 1536/871/610 1626/977/649 1605/956/636
f 1564/898/614 1632/983/553 1563/897/610
f 1563/897/610 1632/983/553 1617/968/641
f 1566/900/628 1633/984/653 1565/899/627
f 1565/899/627 1633/984/653 1618/969/642
f 1598/948/519 1635/985/594 1597/949/520
f 1597/949/520 1635/985/594 1634/986/595
f 1637/988/588 1636/987/589 1600/950/634
f 1600/950/634 1636/987/589 1599/951/635
f 1638/989/587 1637/988/588 1601/952/523
f 1601/952/523 1637/988/588 1600/950/634
f 1603/954/524 1640/990/599 1602/953/524
f 1602/953/524 1640/990/599 1639/991/600
f 1641/992/593 1635/985/594 1604/955/525
f 1604/955/525 1635/985/594 1598/948/519
f 1642/993/598 1640/990/599 1605/956/636
f 1605/956/636 1640/990/599 1603/954/524
f 1643/994/592 1641/992/593 1606/957/637
f 1606/957/637 1641/992/593 1604/955/525
f 1608/958/528 1645/995/574 1607/959/528
f 1607/959/528 1645/995/574 1644/996/574
f 1646/997/608 1645/995/574 1609/960/530
f 1609/960/530 1645/995/574 1608/958/528
f 1610/961/531 1647/998/607 1609/960/530
f 1609/960/530 1647/998/607 1646/997/608
f 1612/963/533 1649/999/578 1611/962/532
f 1611/962/532 1649/999/578 1648/1000/579
f 1651/1002/584 1650/1001/585 1614/965/638
f 1614/965/638 1650/1001/585 1613/964/534
f 1652/1003/606 1647/998/607 1615/966/639
f 1615/966/639 1647/998/607 1610/961/531
f 1653/1004/362 1652/1003/606 1616/967/640
f 1616/967/640 1652/1003/606 1615/966/639
f 1654/1005/577 1649/999/578 1617/968/641
f 1617/968/641 1649/999/578 1612/963/533
f 1655/1006/583 1651/1002/584 1618/969/642
f 1618/969/642 1651/1002/584 1614/965/638
f 1639/991/600 1656/1007/601 1602/953/524
f 1602/953/524 1656/1007/601 1619/970/643
f 1619/970/643 1656/1007/601 1620/971/644
f 1620/971/644 1656/1007/601 1657/1008/602
f 1657/1008/602 1658/1009/603 1620/971/644
f 1620/971/644 1658/1009/603 1621/972/645
f 1634/986/595 1659/1010/596 1597/949/520
f 1597/949/520 1659/1010/596 1622/973/543
f 1599/951/635 1636/987/589 1623/974/646
f 1623/974/646 1636/987/589 1660/1011/590
f 1621/972/645 1658/1009/603 1624/975/647
f 1624/975/647 1658/1009/603 1661/1012/604
f 1624/975/647 1661/1012/604 1625/976/648
f 1625/976/648 1661/1012/604 1662/1013/605
f 1625/976/648 1662/1013/605 1616/967/640
f 1616/967/640 1662/1013/605 1653/1004/362
f 1622/973/543 1659/1010/596 1626/977/649
f 1626/977/649 1659/1010/596 1663/1014/597
f 1623/974/646 1660/1011/590 1627/978/548
f 1627/978/548 1660/1011/590 1664/1015/591
f 1648/1000/579 1665/1016/580 1611/962/532
f 1611/962/532 1665/1016/580 1628/979/650
f 1613/964/534 1650/1001/585 1629/980/651
f 1629/980/651 1650/1001/585 1666/1017/586
f 1629/980/651 1666/1017/586 1601/952/523
f 1601/952/523 1666/1017/586 1638/989/587
f 1644/996/574 1667/1018/575 1607/959/528
f 1607/959/528 1667/1018/575 1630/981/551
f 1628/979/650 1665/1016/580 1631/982/652
f 1631/982/652 1665/1016/580 1668/1019/581
f 1630/981/551 1667/1018/575 1632/983/553
f 1632/983/553 1667/1018/575 1669/1020/576
f 1631/982/652 1668/1019/581 1633/984/653
f 1633/984/653 1668/1019/581 1670/1021/582
f 1627/978/548 1664/1015/591 1606/957/637
f 1606/957/637 1664/1015/591 1643/994/592
f 1626/977/649 1663/1014/597 1605/956/636
f 1605/956/636 1663/1014/597 1642/993/598
f 1669/1020/576 1654/1005/577 1632/983/553
f 1632/983/553 1654/1005/577 1617/968/641
f 1670/1021/582 1655/1006/583 1633/984/653
f 1633/984/653 1655/1006/583 1618/969/642
f 1126/789/466 1174/779/654 1125/788/466
f 1125/788/466 1174/779/654 1672/779/655
f 1325/778/656 1671/778/656 1272/717/657
f 1272/717/657 1671/778/656 1184/791/658
f 1671/778/656 1672/779/655 1173/778/656
f 1173/778/656 1672/779/655 1174/779/654
f 1326/779/654 1672/779/655 1325/778/656
f 1325/778/656 1672/779/655 1671/778/656
f 1184/791/658 1671/778/656 1109/717/659
f 1109/717/659 1671/778/656 1173/778/656
f 1125/788/466 1672/779/655 1280/789/466
f 1280/789/466 1672/779/655 1326/779/654
o blade_fragment
v -268.730286 9.255753 0.656044
v -269.878693 10.594860 0.120699
v -270.664215 9.264869 0.656044
v -272.003113 10.594860 0.120699
v -272.952606 9.261064 0.656044
v -274.135101 10.594860 0.120699
v -275.470215 9.256878 0.656044
v -276.474915 10.594860 0.120699
v -277.931396 9.252786 0.656044
v -279.139801 10.594860 0.120699
v -280.479797 9.248548 0.656044
v -282.387299 10.594860 0.120699
v -283.450714 9.255753 0.656044
v -284.993286 10.594860 0.120699
v -285.778809 9.264869 0.656044
v -287.117706 10.594860 0.120699
v -288.067291 9.261064 0.656044
v -289.249695 10.594860 0.120699
v -290.584808 9.256878 0.656044
v -291.589508 10.594860 0.120699
v -293.274506 9.007750 0.656044
v -265.945099 9.375655 0.656044
v -267.666992 10.594860 0.120699
v -295.690491 4.498156 0.656045
v -268.556396 4.498090 0.656045
v -294.061005 8.514835 0.656044
v -291.928314 8.539364 0.656044
v -289.268005 8.749884 0.656044
v -286.778015 8.753421 0.656044
v -284.514496 8.756637 0.656044
v -282.211914 8.748933 0.656044
v -279.273499 8.742845 0.656044
v -276.752899 8.746426 0.656044
v -274.318512 8.749884 0.656044
v -271.828613 8.753421 0.656044
v -269.565094 8.756637 0.656044
v -268.556396 8.748933 0.656044
v -295.430786 8.978724 0.656044
v -296.714386 10.594860 0.120699
v -300.190491 3.332515 0.120700
v -298.111115 3.329937 0.656045
v -298.111115 3.329937 0.120700
v -293.951508 10.603150 0.120699
v -156.387802 10.594860 0.120699
v -157.727798 9.380596 0.656044
v -159.635300 10.594860 0.120699
v -160.698700 9.387801 0.656044
v -162.241302 10.594860 0.120699
v -163.026794 9.396917 0.656044
v -164.365799 10.594860 0.120699
v -165.315308 9.393112 0.656044
v -166.497696 10.594860 0.120699
v -167.832794 9.388926 0.656044
v -168.837494 10.594860 0.120699
v -170.294006 9.384834 0.656044
v -171.502396 10.594860 0.120699
v -172.842499 9.380596 0.656044
v -174.750000 10.594860 0.120699
v -175.813293 9.375655 0.656044
v -190.922302 9.387801 0.656044
v -192.070602 10.594860 0.120699
v -192.856094 9.396917 0.656044
v -194.195007 10.594860 0.120699
v -195.144608 9.393112 0.656044
v -196.326996 10.594860 0.120699
v -197.662094 9.388926 0.656044
v -198.666794 10.594860 0.120699
v -200.123306 9.384834 0.656044
v -201.331696 10.594860 0.120699
v -202.671799 9.380596 0.656044
v -204.579300 10.594860 0.120699
v -205.642593 9.387801 0.656044
v -207.185303 10.594860 0.120699
v -207.970703 9.396917 0.656044
v -209.309692 10.594860 0.120699
v -210.259201 9.393112 0.656044
v -211.441696 10.594860 0.120699
v -212.776703 9.388926 0.656044
v -213.781403 10.594860 0.120699
v -215.237900 9.384834 0.656044
v -216.446304 10.594860 0.120699
v -217.786407 9.380596 0.656044
v -219.693893 10.594860 0.120699
v -220.757202 9.375655 0.656044
v -177.350296 10.594860 0.120699
v -178.135696 9.396917 0.656044
v -179.474701 10.594860 0.120699
v -180.424194 9.393112 0.656044
v -181.606705 10.594860 0.120699
v -182.941696 9.388926 0.656044
v -183.946503 10.594860 0.120699
v -185.403000 9.384834 0.656044
v -186.611404 10.594860 0.120699
v -187.951401 9.380596 0.656044
v -189.858902 10.594860 0.120699
v -236.110199 9.387801 0.656044
v -237.258499 10.594860 0.120699
v -238.044006 9.396917 0.656044
v -239.382904 10.594860 0.120699
v -240.332504 9.393112 0.656044
v -241.514893 10.594860 0.120699
v -242.850006 9.388926 0.656044
v -243.854706 10.594860 0.120699
v -245.311203 9.384834 0.656044
v -246.519608 10.594860 0.120699
v -247.859604 9.380596 0.656044
v -249.767197 10.594860 0.120699
v -250.830505 9.387801 0.656044
v -252.373199 10.594860 0.120699
v -253.158600 9.396917 0.656044
v -254.497604 10.594860 0.120699
v -255.447098 9.393112 0.656044
v -256.629486 10.594860 0.120699
v -257.964600 9.388926 0.656044
v -258.969299 10.594860 0.120699
v -260.425812 9.384834 0.656044
v -261.634186 10.594860 0.120699
v -262.974304 9.380596 0.656044
v -264.881805 10.594860 0.120699
v -222.538193 10.594860 0.120699
v -223.323593 9.396917 0.656044
v -224.662598 10.594860 0.120699
v -225.612106 9.393112 0.656044
v -226.794601 10.594860 0.120699
v -228.129593 9.388926 0.656044
v -229.134399 10.594860 0.120699
v -230.590897 9.384834 0.656044
v -231.799301 10.594860 0.120699
v -233.139297 9.380596 0.656044
v -235.046799 10.594860 0.120699
v -185.957001 2.837821 0.656045
v -185.957001 2.838127 0.120700
v -215.493607 2.968518 0.656045
v -215.493607 2.968742 0.120700
v -185.783798 4.497522 0.656045
v -157.863205 8.854429 0.656044
v -160.801605 8.860517 0.656044
v -163.104202 8.868221 0.656044
v -165.367706 8.865005 0.656044
v -167.857697 8.861468 0.656044
v -170.292007 8.858010 0.656044
v -172.812607 8.854429 0.656044
v -175.751007 8.850254 0.656044
v -178.048004 8.868221 0.656044
v -180.311493 8.865005 0.656044
v -182.801498 8.861468 0.656044
v -185.235794 8.858010 0.656044
v -245.380295 3.098562 0.656045
v -245.380295 3.098706 0.120700
v -215.493607 4.497780 0.656045
v -214.744705 8.858010 0.656044
v -212.310303 8.861468 0.656044
v -209.820297 8.865005 0.656044
v -207.556900 8.868221 0.656044
v -205.254196 8.860517 0.656044
v -202.315796 8.854429 0.656044
v -199.795197 8.858010 0.656044
v -197.360901 8.861468 0.656044
v -194.870895 8.865005 0.656044
v -192.607498 8.868221 0.656044
v -190.694794 8.860517 0.656044
v -187.756393 8.854429 0.656044
v -268.556396 3.203780 0.656045
v -268.556396 3.203858 0.120700
v -217.265305 8.854429 0.656044
v -244.557602 4.497969 0.656045
v -220.203598 8.850254 0.656044
v -222.742004 8.868221 0.656044
v -225.005493 8.865005 0.656044
v -227.495499 8.861468 0.656044
v -229.929794 8.858010 0.656044
v -232.450394 8.854429 0.656044
v -235.388794 8.860517 0.656044
v -237.301498 8.868221 0.656044
v -239.564896 8.865005 0.656044
v -242.054901 8.861468 0.656044
v -244.489197 8.858010 0.656044
v -247.009796 8.854429 0.656044
v -249.948196 8.860517 0.656044
v -252.250900 8.868221 0.656044
v -254.514297 8.865005 0.656044
v -257.004303 8.861468 0.656044
v -259.438599 8.858010 0.656044
v -261.959290 8.854429 0.656044
v -264.897614 8.850254 0.656044
v -293.274506 9.013249 0.120699
v -290.584808 9.257675 0.120699
v -288.067291 9.261825 0.120699
v -285.778809 9.265157 0.120699
v -283.450714 9.256276 0.120699
v -280.479797 9.249422 0.120699
v -277.931396 9.253608 0.120699
v -275.470215 9.257675 0.120699
v -272.952606 9.261825 0.120699
v -270.664215 9.265157 0.120699
v -268.730286 9.256276 0.120699
v -265.945099 9.376702 0.120699
v -262.974213 9.381470 0.120699
v -260.425812 9.385656 0.120699
v -257.964600 9.389723 0.120699
v -255.447098 9.393873 0.120699
v -253.158600 9.397205 0.120699
v -250.830505 9.388324 0.120699
v -247.859604 9.381470 0.120699
v -245.311203 9.385656 0.120699
v -242.850006 9.389723 0.120699
v -240.332504 9.393873 0.120699
v -238.044006 9.397205 0.120699
v -236.110199 9.388324 0.120699
v -233.139297 9.381470 0.120699
v -230.590897 9.385656 0.120699
v -228.129593 9.389723 0.120699
v -225.612106 9.393873 0.120699
v -223.323593 9.397205 0.120699
v -220.757202 9.376702 0.120699
v -217.786407 9.381470 0.120699
v -215.237900 9.385656 0.120699
v -212.776703 9.389723 0.120699
v -210.259201 9.393873 0.120699
v -207.970703 9.397205 0.120699
v -205.642593 9.388324 0.120699
v -202.671707 9.381470 0.120699
v -200.123306 9.385656 0.120699
v -197.662094 9.389723 0.120699
v -195.144608 9.393873 0.120699
v -192.856094 9.397205 0.120699
v -190.922302 9.388324 0.120699
v -187.951401 9.381470 0.120699
v -185.403000 9.385656 0.120699
v -182.941696 9.389723 0.120699
v -180.424194 9.393873 0.120699
v -178.135696 9.397205 0.120699
v -175.813293 9.376702 0.120699
v -172.842407 9.381470 0.120699
v -170.294006 9.385656 0.120699
v -167.832794 9.389723 0.120699
v -165.315308 9.393873 0.120699
v -163.026794 9.397205 0.120699
v -160.698700 9.388324 0.120699
v -157.727798 9.381470 0.120699
v -268.730286 9.255753 -0.414646
v -270.664215 9.264869 -0.414646
v -272.952606 9.261064 -0.414646
v -275.470215 9.256878 -0.414646
v -277.931396 9.252786 -0.414646
v -280.479797 9.248548 -0.414646
v -283.450714 9.255753 -0.414646
v -285.778809 9.264869 -0.414646
v -288.067291 9.261064 -0.414646
v -290.584808 9.256878 -0.414646
v -293.274506 9.007750 -0.414646
v -265.945099 9.375655 -0.414646
v -295.690491 4.498156 -0.414645
v -268.556396 4.498090 -0.414645
v -294.061005 8.514835 -0.414646
v -291.928314 8.539364 -0.414646
v -289.268005 8.749884 -0.414646
v -286.778015 8.753421 -0.414646
v -284.514496 8.756637 -0.414646
v -282.211914 8.748933 -0.414646
v -279.273499 8.742845 -0.414646
v -276.752899 8.746426 -0.414646
v -274.318512 8.749884 -0.414646
v -271.828613 8.753421 -0.414646
v -269.565094 8.756637 -0.414646
v -268.556396 8.748933 -0.414646
v -295.430786 8.978724 -0.414646
v -298.111115 3.329937 -0.414645
v -157.727798 9.380596 -0.414646
v -160.698700 9.387801 -0.414646
v -163.026794 9.396917 -0.414646
v -165.315308 9.393112 -0.414646
v -167.832794 9.388926 -0.414646
v -170.294006 9.384834 -0.414646
v -172.842499 9.380596 -0.414646
v -175.813293 9.375655 -0.414646
v -190.922302 9.387801 -0.414646
v -192.856094 9.396917 -0.414646
v -195.144608 9.393112 -0.414646
v -197.662094 9.388926 -0.414646
v -200.123306 9.384834 -0.414646
v -202.671799 9.380596 -0.414646
v -205.642593 9.387801 -0.414646
v -207.970703 9.396917 -0.414646
v -210.259201 9.393112 -0.414646
v -212.776703 9.388926 -0.414646
v -215.237900 9.384834 -0.414646
v -217.786407 9.380596 -0.414646
v -220.757202 9.375655 -0.414646
v -178.135696 9.396917 -0.414646
v -180.424194 9.393112 -0.414646
v -182.941696 9.388926 -0.414646
v -185.403000 9.384834 -0.414646
v -187.951401 9.380596 -0.414646
v -236.110199 9.387801 -0.414646
v -238.044006 9.396917 -0.414646
v -240.332504 9.393112 -0.414646
v -242.850006 9.388926 -0.414646
v -245.311203 9.384834 -0.414646
v -247.859604 9.380596 -0.414646
v -250.830505 9.387801 -0.414646
v -253.158600 9.396917 -0.414646
v -255.447098 9.393112 -0.414646
v -257.964600 9.388926 -0.414646
v -260.425812 9.384834 -0.414646
v -262.974304 9.380596 -0.414646
v -223.323593 9.396917 -0.414646
v -225.612106 9.393112 -0.414646
v -228.129593 9.388926 -0.414646
v -230.590897 9.384834 -0.414646
v -233.139297 9.380596 -0.414646
v -185.957001 2.837821 -0.414645
v -215.493607 2.968518 -0.414645
v -185.783798 4.497522 -0.414645
v -157.863205 8.854429 -0.414646
v -160.801605 8.860517 -0.414646
v -163.104202 8.868221 -0.414646
v -165.367706 8.865005 -0.414646
v -167.857697 8.861468 -0.414646
v -170.292007 8.858010 -0.414646
v -172.812607 8.854429 -0.414646
v -175.751007 8.850254 -0.414646
v -178.048004 8.868221 -0.414646
v -180.311493 8.865005 -0.414646
v -182.801498 8.861468 -0.414646
v -185.235794 8.858010 -0.414646
v -245.380295 3.098562 -0.414645
v -215.493607 4.497780 -0.414645
v -214.744705 8.858010 -0.414646
v -212.310303 8.861468 -0.414646
v -209.820297 8.865005 -0.414646
v -207.556900 8.868221 -0.414646
v -205.254196 8.860517 -0.414646
v -202.315796 8.854429 -0.414646
v -199.795197 8.858010 -0.414646
v -197.360901 8.861468 -0.414646
v -194.870895 8.865005 -0.414646
v -192.607498 8.868221 -0.414646
v -190.694794 8.860517 -0.414646
v -187.756393 8.854429 -0.414646
v -268.556396 3.203780 -0.414645
v -217.265305 8.854429 -0.414646
v -244.557602 4.497969 -0.414645
v -220.203598 8.850254 -0.414646
v -222.742004 8.868221 -0.414646
v -225.005493 8.865005 -0.414646
v -227.495499 8.861468 -0.414646
v -229.929794 8.858010 -0.414646
v -232.450394 8.854429 -0.414646
v -235.388794 8.860517 -0.414646
v -237.301498 8.868221 -0.414646
v -239.564896 8.865005 -0.414646
v -242.054901 8.861468 -0.414646
v -244.489197 8.858010 -0.414646
v -247.009796 8.854429 -0.414646
v -249.948196 8.860517 -0.414646
v -252.250900 8.868221 -0.414646
v -254.514297 8.865005 -0.414646
v -257.004303 8.861468 -0.414646
v -259.438599 8.858010 -0.414646
v -261.959290 8.854429 -0.414646
v -264.897614 8.850254 -0.414646
v -153.372406 2.694836 0.120700
v -153.372406 2.694441 0.656045
v -153.372406 4.497190 0.656045
v -155.342606 8.858010 0.656044
v -155.179398 9.384834 0.656044
v -155.179398 9.385656 0.120699
v -153.372406 2.694441 -0.414645
v -155.342606 8.858010 -0.414646
v -153.372406 4.497190 -0.414645
v -155.179398 9.384834 -0.414646
v -155.342606 8.858010 0.120699
v -153.372406 4.497190 0.120700
vn 0.0018 0.3725 0.9280
vn 0.0017 0.3726 0.9280
vn 0.0017 0.3725 0.9280
vn -0.0006 0.3729 0.9279
vn -0.0006 0.3720 0.9282
vn -0.0007 0.3711 0.9286
vn -0.0006 0.3711 0.9286
vn -0.0006 0.3701 0.9290
vn -0.0006 0.3700 0.9290
vn 0.0008 0.3706 0.9288
vn 0.0009 0.3706 0.9288
vn 0.0015 0.3727 0.9280
vn -0.0325 0.3502 0.9361
vn -0.0324 0.3502 0.9361
vn -0.0165 0.3824 0.9238
vn -0.0164 0.3824 0.9238
vn -0.0000 -0.0000 1.0000
vn -0.2490 0.1187 0.9612
vn -0.2489 0.1187 0.9612
vn -0.0012 -1.0000 -0.0000
vn -0.0009 0.3138 0.9495
vn -0.0007 0.4053 0.9142
vn -0.0007 0.4041 0.9147
vn 0.0009 0.4047 0.9144
vn 0.0010 0.4047 0.9144
vn 0.0016 0.4072 0.9133
vn 0.0016 0.4071 0.9134
vn -0.0008 0.4074 0.9132
vn -0.0007 0.4074 0.9133
vn -0.0008 0.4064 0.9137
vn -0.0007 0.4064 0.9137
vn -0.0008 0.4041 0.9147
vn -0.0007 0.4040 0.9147
vn -0.0007 0.4026 0.9154
vn -0.0007 0.4025 0.9154
vn 0.0019 0.4070 0.9134
vn 0.0036 0.4060 0.9139
vn 0.0037 0.4060 0.9139
vn 0.0033 0.4062 0.9138
vn 0.0034 0.4062 0.9138
vn -0.0044 -1.0000 0.0006
vn -0.0044 -1.0000 -0.0007
vn -0.0044 -1.0000 -0.0006
vn -0.0044 -1.0000 -0.0000
vn -0.0044 -1.0000 -0.0005
vn -0.0044 -1.0000 0.0005
vn -0.0044 -1.0000 -0.0003
vn -0.0044 -1.0000 -0.0002
vn 0.9201 0.3918 -0.0040
vn 0.7995 0.6007 -0.0009
vn 0.7481 0.6636 -0.0010
vn 0.7047 0.7095 -0.0004
vn 0.6554 0.7553 -0.0008
vn 0.5764 0.8172 -0.0014
vn 0.7430 0.6693 -0.0010
vn 0.7995 0.6007 -0.0008
vn 0.7590 0.6511 -0.0007
vn 0.5776 0.8163 -0.0016
vn 0.5367 0.8437 -0.0013
vn 0.7074 0.7068 -0.0011
vn 0.7681 0.6403 -0.0009
vn 0.7126 0.7016 -0.0009
vn 0.6667 0.7453 -0.0005
vn 0.6161 0.7877 -0.0009
vn 0.5368 0.8437 -0.0015
vn 0.7074 0.7069 -0.0011
vn 0.7126 0.7016 -0.0011
vn 0.7244 0.6894 -0.0008
vn 0.6667 0.7453 -0.0004
vn 0.5646 0.8254 -0.0016
vn 0.6161 0.7877 -0.0007
vn 0.6212 0.7837 -0.0015
vn 0.7073 0.7069 -0.0011
vn 0.0017 0.3725 -0.9280
vn -0.0006 0.3729 -0.9279
vn -0.0006 0.3720 -0.9282
vn -0.0006 0.3711 -0.9286
vn -0.0006 0.3700 -0.9290
vn 0.0009 0.3706 -0.9288
vn 0.0015 0.3727 -0.9280
vn -0.0324 0.3502 -0.9361
vn -0.0165 0.3824 -0.9238
vn -0.0000 -0.0000 -1.0000
vn -0.2489 0.1187 -0.9612
vn -0.0007 0.4053 -0.9142
vn -0.0007 0.4041 -0.9147
vn 0.0010 0.4047 -0.9144
vn 0.0016 0.4071 -0.9134
vn -0.0007 0.4074 -0.9133
vn -0.0007 0.4064 -0.9137
vn -0.0007 0.4040 -0.9147
vn -0.0007 0.4025 -0.9154
vn 0.0019 0.4070 -0.9134
vn 0.0019 0.4069 -0.9134
vn -0.0007 0.4026 -0.9154
vn 0.0037 0.4060 -0.9139
vn 0.0034 0.4062 -0.9138
vn -0.0044 -1.0000 0.0007
vn -0.0044 -1.0000 0.0003
vn -0.0044 -1.0000 0.0002
vn 0.9380 0.3467 -0.0000
vn 0.9553 -0.2957 -0.0002
vn 0.9553 -0.2955 -0.0000
vn 0.9525 0.3045 -0.0000
vn 1.0000 -0.0000 -0.0000
vn 0.9525 0.3044 -0.0000
vn 0.9553 -0.2957 0.0002
vt 0.113875 0.944003
vt 0.111655 0.961477
vt 0.110137 0.944122
vt 0.107550 0.961477
vt 0.105715 0.944072
vt 0.103429 0.961477
vt 0.100849 0.944017
vt 0.098907 0.961477
vt 0.096093 0.943964
vt 0.093757 0.961477
vt 0.091167 0.943909
vt 0.087481 0.961477
vt 0.085426 0.944003
vt 0.082445 0.961477
vt 0.080926 0.944122
vt 0.078339 0.961477
vt 0.076504 0.944072
vt 0.074219 0.961477
vt 0.071638 0.944017
vt 0.069697 0.961477
vt 0.066440 0.940766
vt 0.119258 0.945567
vt 0.115930 0.961477
vt 0.061771 0.881920
vt 0.114211 0.881919
vt 0.064920 0.934334
vt 0.069042 0.934654
vt 0.074183 0.937402
vt 0.078995 0.937448
vt 0.083370 0.937490
vt 0.087820 0.937389
vt 0.093499 0.937310
vt 0.098370 0.937356
vt 0.103075 0.937402
vt 0.107887 0.937448
vt 0.112261 0.937490
vt 0.114211 0.937389
vt 0.059792 0.961477
vt 0.053074 0.866709
vt 0.062273 0.940388
vt 0.057093 0.866676
vt 0.065132 0.961585
vt 0.333326 0.945687
vt 0.330990 0.961477
vt 0.328401 0.945632
vt 0.324714 0.961477
vt 0.322659 0.945726
vt 0.319678 0.961477
vt 0.318160 0.945845
vt 0.315572 0.961477
vt 0.313737 0.945795
vt 0.311452 0.961477
vt 0.308872 0.945740
vt 0.306930 0.961477
vt 0.304115 0.945687
vt 0.301780 0.961477
vt 0.299190 0.945632
vt 0.295503 0.961477
vt 0.293448 0.945567
vt 0.264248 0.945726
vt 0.262029 0.961477
vt 0.260511 0.945845
vt 0.257923 0.961477
vt 0.256088 0.945795
vt 0.253803 0.961477
vt 0.251223 0.945740
vt 0.249281 0.961477
vt 0.246466 0.945687
vt 0.244131 0.961477
vt 0.241541 0.945632
vt 0.237855 0.961477
vt 0.235800 0.945726
vt 0.232818 0.961477
vt 0.231300 0.945845
vt 0.228712 0.961477
vt 0.226877 0.945795
vt 0.224592 0.961477
vt 0.222012 0.945740
vt 0.220070 0.961477
vt 0.217255 0.945687
vt 0.214920 0.961477
vt 0.212330 0.945632
vt 0.208644 0.961477
vt 0.206589 0.945567
vt 0.290478 0.961477
vt 0.288960 0.945845
vt 0.286372 0.961477
vt 0.284537 0.945795
vt 0.282252 0.961477
vt 0.279672 0.945740
vt 0.277730 0.961477
vt 0.274915 0.945687
vt 0.272580 0.961477
vt 0.269990 0.945632
vt 0.266304 0.961477
vt 0.176917 0.945726
vt 0.174698 0.961477
vt 0.173180 0.945845
vt 0.170592 0.961477
vt 0.168757 0.945795
vt 0.166472 0.961477
vt 0.163892 0.945740
vt 0.161950 0.961477
vt 0.159135 0.945687
vt 0.156800 0.961477
vt 0.154210 0.945632
vt 0.150523 0.961477
vt 0.148468 0.945726
vt 0.145487 0.961477
vt 0.143969 0.945845
vt 0.141381 0.961477
vt 0.139546 0.945795
vt 0.137261 0.961477
vt 0.134681 0.945740
vt 0.132739 0.961477
vt 0.129924 0.945687
vt 0.127589 0.961477
vt 0.124999 0.945632
vt 0.121313 0.961477
vt 0.203147 0.961477
vt 0.201629 0.945845
vt 0.199041 0.961477
vt 0.197206 0.945795
vt 0.194921 0.961477
vt 0.192341 0.945740
vt 0.190399 0.961477
vt 0.187584 0.945687
vt 0.185249 0.961477
vt 0.182659 0.945632
vt 0.178972 0.961477
vt 0.336818 0.858388
vt 0.336818 0.858383
vt 0.273844 0.860258
vt 0.273844 0.860254
vt 0.216761 0.861963
vt 0.216761 0.861960
vt 0.336818 0.881907
vt 0.333010 0.938812
vt 0.274179 0.881912
vt 0.328139 0.938766
vt 0.322460 0.938845
vt 0.318010 0.938946
vt 0.313636 0.938904
vt 0.308824 0.938858
vt 0.304119 0.938812
vt 0.299248 0.938766
vt 0.293569 0.938711
vt 0.289129 0.938946
vt 0.284755 0.938904
vt 0.279943 0.938858
vt 0.275238 0.938812
vt 0.159002 0.863659
vt 0.159002 0.863657
vt 0.216761 0.881915
vt 0.218209 0.938812
vt 0.222913 0.938858
vt 0.227726 0.938904
vt 0.232100 0.938946
vt 0.236550 0.938845
vt 0.242229 0.938766
vt 0.247100 0.938812
vt 0.251805 0.938858
vt 0.256617 0.938904
vt 0.260992 0.938946
vt 0.264688 0.938845
vt 0.270367 0.938766
vt 0.114211 0.865031
vt 0.114211 0.865030
vt 0.213337 0.938766
vt 0.160592 0.881918
vt 0.207659 0.938711
vt 0.202753 0.938946
vt 0.198378 0.938904
vt 0.193566 0.938858
vt 0.188862 0.938812
vt 0.183990 0.938766
vt 0.178311 0.938845
vt 0.174615 0.938946
vt 0.170241 0.938904
vt 0.165428 0.938858
vt 0.160724 0.938812
vt 0.155852 0.938766
vt 0.150174 0.938845
vt 0.145723 0.938946
vt 0.141349 0.938904
vt 0.136537 0.938858
vt 0.131832 0.938812
vt 0.126961 0.938766
vt 0.121282 0.938711
vt 0.066440 0.940838
vt 0.071638 0.944028
vt 0.076504 0.944082
vt 0.080926 0.944125
vt 0.085426 0.944009
vt 0.091167 0.943920
vt 0.096093 0.943975
vt 0.100849 0.944028
vt 0.105715 0.944082
vt 0.110137 0.944125
vt 0.113875 0.944009
vt 0.119258 0.945581
vt 0.124999 0.945643
vt 0.129924 0.945698
vt 0.134681 0.945751
vt 0.139546 0.945805
vt 0.143969 0.945848
vt 0.148468 0.945733
vt 0.154210 0.945643
vt 0.159135 0.945698
vt 0.163892 0.945751
vt 0.168757 0.945805
vt 0.173180 0.945848
vt 0.176917 0.945733
vt 0.182659 0.945643
vt 0.187584 0.945698
vt 0.192341 0.945751
vt 0.197206 0.945805
vt 0.201629 0.945848
vt 0.206589 0.945581
vt 0.212330 0.945643
vt 0.217255 0.945698
vt 0.222012 0.945751
vt 0.226877 0.945805
vt 0.231300 0.945848
vt 0.235800 0.945733
vt 0.241541 0.945643
vt 0.246466 0.945698
vt 0.251223 0.945751
vt 0.256088 0.945805
vt 0.260511 0.945848
vt 0.264248 0.945733
vt 0.269990 0.945643
vt 0.274915 0.945698
vt 0.279672 0.945751
vt 0.284537 0.945805
vt 0.288960 0.945848
vt 0.293448 0.945581
vt 0.299190 0.945643
vt 0.304115 0.945698
vt 0.308872 0.945751
vt 0.313737 0.945805
vt 0.318160 0.945848
vt 0.322659 0.945733
vt 0.328401 0.945643
vt 0.333326 0.945698
s 1
usemtl initialShadingGroup.002
f 1673/1022/660 1674/1023/661 1675/1024/662
f 1675/1024/662 1676/1025/663 1677/1026/663
f 1677/1026/663 1678/1027/664 1679/1028/664
f 1679/1028/664 1680/1029/665 1681/1030/666
f 1681/1030/666 1682/1031/667 1683/1032/668
f 1683/1032/668 1684/1033/669 1685/1034/670
f 1685/1034/670 1686/1035/671 1687/1036/671
f 1687/1036/671 1688/1037/663 1689/1038/663
f 1689/1038/663 1690/1039/664 1691/1040/664
f 1691/1040/664 1692/1041/672 1693/1042/673
f 1694/1043/674 1695/1044/675 1673/1022/660
f 1696/1045/676 1697/1046/676 1698/1047/676
f 1698/1047/676 1697/1046/676 1699/1048/676
f 1699/1048/676 1697/1046/676 1700/1049/676
f 1700/1049/676 1697/1046/676 1701/1050/676
f 1701/1050/676 1697/1046/676 1702/1051/676
f 1702/1051/676 1697/1046/676 1703/1052/676
f 1703/1052/676 1697/1046/676 1704/1053/676
f 1704/1053/676 1697/1046/676 1705/1054/676
f 1705/1054/676 1697/1046/676 1706/1055/676
f 1706/1055/676 1697/1046/676 1707/1056/676
f 1707/1056/676 1697/1046/676 1708/1057/676
f 1697/1046/676 1709/1058/676 1708/1057/676
f 1711/1059/677 1712/1060/678 1710/1061/678
f 1710/1061/678 1712/1060/678 1713/1062/678
f 1713/1062/678 1712/1060/678 1714/1062/679
f 1710/1061/678 1715/1063/680 1711/1059/677
f 2039/1064/681 1716/1065/682 1717/1066/682
f 1717/1066/682 1718/1067/683 1719/1068/684
f 1719/1068/684 1720/1069/685 1721/1070/686
f 1721/1070/686 1722/1071/687 1723/1072/688
f 1723/1072/688 1724/1073/689 1725/1074/690
f 1725/1074/690 1726/1075/681 1727/1076/681
f 1727/1076/681 1728/1077/691 1729/1078/692
f 1729/1078/692 1730/1079/693 1731/1080/694
f 1732/1081/695 1733/1082/695 1734/1083/695
f 1734/1083/695 1735/1084/687 1736/1085/688
f 1736/1085/688 1737/1086/689 1738/1087/690
f 1738/1087/690 1739/1088/681 1740/1089/681
f 1740/1089/681 1741/1090/691 1742/1091/682
f 1742/1091/682 1743/1092/683 1744/1093/684
f 1744/1093/684 1745/1094/685 1746/1095/686
f 1746/1095/686 1747/1096/687 1748/1097/688
f 1748/1097/688 1749/1098/689 1750/1099/690
f 1750/1099/690 1751/1100/681 1752/1101/681
f 1752/1101/681 1753/1102/682 1754/1103/692
f 1754/1103/692 1755/1104/693 1756/1105/693
f 1731/1080/694 1757/1106/696 1758/1107/697
f 1758/1107/697 1759/1108/687 1760/1109/688
f 1760/1109/688 1761/1110/689 1762/1111/690
f 1762/1111/690 1763/1112/681 1764/1113/681
f 1764/1113/681 1765/1114/682 1766/1115/682
f 1766/1115/682 1767/1116/683 1732/1081/695
f 1768/1117/695 1769/1118/695 1770/1119/695
f 1770/1119/695 1771/1120/687 1772/1121/688
f 1772/1121/688 1773/1122/689 1774/1123/690
f 1774/1123/690 1775/1124/681 1776/1125/681
f 1776/1125/681 1777/1126/682 1778/1127/682
f 1778/1127/682 1779/1128/683 1780/1129/684
f 1780/1129/684 1781/1130/685 1782/1131/686
f 1782/1131/686 1783/1132/687 1784/1133/688
f 1784/1133/688 1785/1134/689 1786/1135/690
f 1786/1135/690 1787/1136/681 1788/1137/681
f 1788/1137/681 1789/1138/691 1790/1139/682
f 1790/1139/682 1791/1140/693 1694/1043/674
f 1756/1105/693 1792/1141/698 1793/1142/699
f 1793/1142/699 1794/1143/687 1795/1144/688
f 1795/1144/688 1796/1145/689 1797/1146/690
f 1797/1146/690 1798/1147/681 1799/1148/681
f 1799/1148/681 1800/1149/682 1801/1150/692
f 1801/1150/692 1802/1151/683 1768/1117/695
f 2035/1152/700 2036/1153/701 1804/1154/700
f 1804/1154/700 2036/1153/701 1803/1155/702
f 1710/1061/678 1693/1042/673 1715/1063/680
f 1804/1154/700 1803/1155/702 1806/1156/703
f 1806/1156/703 1803/1155/702 1805/1157/704
f 2037/1158/676 2038/1159/676 1807/1160/676
f 2038/1159/676 1808/1161/676 1807/1160/676
f 1808/1161/676 1809/1162/676 1807/1160/676
f 1809/1162/676 1810/1163/676 1807/1160/676
f 1810/1163/676 1811/1164/676 1807/1160/676
f 1811/1164/676 1812/1165/676 1807/1160/676
f 1812/1165/676 1813/1166/676 1807/1160/676
f 1813/1166/676 1814/1167/676 1807/1160/676
f 1814/1167/676 1815/1168/676 1807/1160/676
f 1815/1168/676 1816/1169/676 1807/1160/676
f 1816/1169/676 1817/1170/676 1807/1160/676
f 1817/1170/676 1818/1171/676 1807/1160/676
f 1818/1171/676 1819/1172/676 1807/1160/676
f 1806/1156/703 1805/1157/704 1821/1173/705
f 1821/1173/705 1805/1157/704 1820/1174/706
f 1822/1175/676 1807/1160/676 1823/1176/676
f 1823/1176/676 1807/1160/676 1824/1177/676
f 1824/1177/676 1807/1160/676 1825/1178/676
f 1825/1178/676 1807/1160/676 1826/1179/676
f 1826/1179/676 1807/1160/676 1827/1180/676
f 1827/1180/676 1807/1160/676 1828/1181/676
f 1828/1181/676 1807/1160/676 1829/1182/676
f 1829/1182/676 1807/1160/676 1830/1183/676
f 1830/1183/676 1807/1160/676 1831/1184/676
f 1831/1184/676 1807/1160/676 1832/1185/676
f 1832/1185/676 1807/1160/676 1833/1186/676
f 1833/1186/676 1807/1160/676 1834/1187/676
f 1807/1160/676 1819/1172/676 1834/1187/676
f 1821/1173/705 1820/1174/706 1836/1188/703
f 1836/1188/703 1820/1174/706 1835/1189/707
f 1823/1176/676 1837/1190/676 1822/1175/676
f 1822/1175/676 1837/1190/676 1838/1191/676
f 1837/1190/676 1839/1192/676 1838/1191/676
f 1839/1192/676 1840/1193/676 1838/1191/676
f 1840/1193/676 1841/1194/676 1838/1191/676
f 1841/1194/676 1842/1195/676 1838/1191/676
f 1842/1195/676 1843/1196/676 1838/1191/676
f 1843/1196/676 1844/1197/676 1838/1191/676
f 1844/1197/676 1845/1198/676 1838/1191/676
f 1845/1198/676 1846/1199/676 1838/1191/676
f 1846/1199/676 1847/1200/676 1838/1191/676
f 1847/1200/676 1848/1201/676 1838/1191/676
f 1848/1201/676 1849/1202/676 1838/1191/676
f 1836/1188/703 1835/1189/707 1714/1062/679
f 1714/1062/679 1835/1189/707 1713/1062/678
f 1849/1202/676 1850/1203/676 1838/1191/676
f 1838/1191/676 1850/1203/676 1697/1046/676
f 1850/1203/676 1851/1204/676 1697/1046/676
f 1851/1204/676 1852/1205/676 1697/1046/676
f 1852/1205/676 1853/1206/676 1697/1046/676
f 1853/1206/676 1854/1207/676 1697/1046/676
f 1854/1207/676 1855/1208/676 1697/1046/676
f 1855/1208/676 1856/1209/676 1697/1046/676
f 1856/1209/676 1857/1210/676 1697/1046/676
f 1857/1210/676 1709/1058/676 1697/1046/676
f 1715/1063/680 1693/1042/673 1858/1211/708
f 1693/1042/673 1692/1041/672 1858/1211/708
f 1692/1041/672 1691/1040/664 1859/1212/709
f 1691/1040/664 1690/1039/664 1859/1212/709
f 1690/1039/664 1689/1038/663 1860/1213/710
f 1689/1038/663 1688/1037/663 1860/1213/710
f 1688/1037/663 1687/1036/671 1861/1214/711
f 1687/1036/671 1686/1035/671 1861/1214/711
f 1686/1035/671 1685/1034/670 1862/1215/712
f 1684/1033/669 1862/1215/712 1685/1034/670
f 1684/1033/669 1683/1032/668 1863/1216/713
f 1683/1032/668 1682/1031/667 1863/1216/713
f 1682/1031/667 1681/1030/666 1864/1217/714
f 1681/1030/666 1680/1029/665 1864/1217/714
f 1680/1029/665 1679/1028/664 1865/1218/715
f 1679/1028/664 1678/1027/664 1865/1218/715
f 1678/1027/664 1677/1026/663 1866/1219/710
f 1677/1026/663 1676/1025/663 1866/1219/710
f 1676/1025/663 1675/1024/662 1867/1220/711
f 1675/1024/662 1674/1023/661 1867/1220/711
f 1674/1023/661 1673/1022/660 1868/1221/716
f 1673/1022/660 1695/1044/675 1868/1221/716
f 1695/1044/675 1694/1043/674 1869/1222/717
f 1694/1043/674 1791/1140/693 1869/1222/717
f 1791/1140/693 1790/1139/682 1870/1223/718
f 1790/1139/682 1789/1138/691 1870/1223/718
f 1789/1138/691 1788/1137/681 1871/1224/719
f 1788/1137/681 1787/1136/681 1871/1224/719
f 1787/1136/681 1786/1135/690 1872/1225/720
f 1786/1135/690 1785/1134/689 1872/1225/720
f 1785/1134/689 1784/1133/688 1873/1226/721
f 1784/1133/688 1783/1132/687 1873/1226/721
f 1783/1132/687 1782/1131/686 1874/1227/722
f 1782/1131/686 1781/1130/685 1874/1227/722
f 1781/1130/685 1780/1129/684 1875/1228/723
f 1779/1128/683 1875/1228/723 1780/1129/684
f 1779/1128/683 1778/1127/682 1876/1229/724
f 1778/1127/682 1777/1126/682 1876/1229/724
f 1777/1126/682 1776/1125/681 1877/1230/725
f 1776/1125/681 1775/1124/681 1877/1230/725
f 1775/1124/681 1774/1123/690 1878/1231/720
f 1774/1123/690 1773/1122/689 1878/1231/720
f 1773/1122/689 1772/1121/688 1879/1232/726
f 1772/1121/688 1771/1120/687 1879/1232/726
f 1771/1120/687 1770/1119/695 1880/1233/722
f 1770/1119/695 1769/1118/695 1880/1233/722
f 1769/1118/695 1768/1117/695 1881/1234/727
f 1768/1117/695 1802/1151/683 1881/1234/727
f 1802/1151/683 1801/1150/692 1882/1235/718
f 1801/1150/692 1800/1149/682 1882/1235/718
f 1800/1149/682 1799/1148/681 1883/1236/725
f 1799/1148/681 1798/1147/681 1883/1236/725
f 1798/1147/681 1797/1146/690 1884/1237/720
f 1797/1146/690 1796/1145/689 1884/1237/720
f 1796/1145/689 1795/1144/688 1885/1238/721
f 1795/1144/688 1794/1143/687 1885/1238/721
f 1794/1143/687 1793/1142/699 1886/1239/728
f 1793/1142/699 1792/1141/698 1886/1239/728
f 1792/1141/698 1756/1105/693 1887/1240/729
f 1756/1105/693 1755/1104/693 1887/1240/729
f 1755/1104/693 1754/1103/692 1888/1241/718
f 1754/1103/692 1753/1102/682 1888/1241/718
f 1753/1102/682 1752/1101/681 1889/1242/725
f 1752/1101/681 1751/1100/681 1889/1242/725
f 1751/1100/681 1750/1099/690 1890/1243/720
f 1750/1099/690 1749/1098/689 1890/1243/720
f 1749/1098/689 1748/1097/688 1891/1244/721
f 1748/1097/688 1747/1096/687 1891/1244/721
f 1747/1096/687 1746/1095/686 1892/1245/722
f 1746/1095/686 1745/1094/685 1892/1245/722
f 1745/1094/685 1744/1093/684 1893/1246/730
f 1743/1092/683 1893/1246/730 1744/1093/684
f 1743/1092/683 1742/1091/682 1894/1247/718
f 1742/1091/682 1741/1090/691 1894/1247/718
f 1741/1090/691 1740/1089/681 1895/1248/725
f 1740/1089/681 1739/1088/681 1895/1248/725
f 1739/1088/681 1738/1087/690 1896/1249/720
f 1738/1087/690 1737/1086/689 1896/1249/720
f 1737/1086/689 1736/1085/688 1897/1250/726
f 1736/1085/688 1735/1084/687 1897/1250/726
f 1735/1084/687 1734/1083/695 1898/1251/728
f 1734/1083/695 1733/1082/695 1898/1251/728
f 1733/1082/695 1732/1081/695 1899/1252/727
f 1732/1081/695 1767/1116/683 1899/1252/727
f 1767/1116/683 1766/1115/682 1900/1253/718
f 1766/1115/682 1765/1114/682 1900/1253/718
f 1765/1114/682 1764/1113/681 1901/1254/725
f 1764/1113/681 1763/1112/681 1901/1254/725
f 1763/1112/681 1762/1111/690 1902/1255/720
f 1762/1111/690 1761/1110/689 1902/1255/720
f 1761/1110/689 1760/1109/688 1903/1256/721
f 1760/1109/688 1759/1108/687 1903/1256/721
f 1759/1108/687 1758/1107/697 1904/1257/728
f 1758/1107/697 1757/1106/696 1904/1257/728
f 1757/1106/696 1731/1080/694 1905/1258/731
f 1731/1080/694 1730/1079/693 1905/1258/731
f 1730/1079/693 1729/1078/692 1906/1259/718
f 1729/1078/692 1728/1077/691 1906/1259/718
f 1728/1077/691 1727/1076/681 1907/1260/719
f 1727/1076/681 1726/1075/681 1907/1260/719
f 1726/1075/681 1725/1074/690 1908/1261/720
f 1725/1074/690 1724/1073/689 1908/1261/720
f 1724/1073/689 1723/1072/688 1909/1262/726
f 1723/1072/688 1722/1071/687 1909/1262/726
f 1722/1071/687 1721/1070/686 1910/1263/728
f 1721/1070/686 1720/1069/685 1910/1263/728
f 1720/1069/685 1719/1068/684 1911/1264/730
f 1718/1067/683 1911/1264/730 1719/1068/684
f 1718/1067/683 1717/1066/682 1912/1265/718
f 1717/1066/682 1716/1065/682 1912/1265/718
f 1716/1065/682 2039/1064/681 2040/1266/732
f 1675/1024/662 1708/1057/676 1673/1022/660
f 1673/1022/660 1708/1057/676 1709/1058/676
f 1677/1026/663 1707/1056/676 1675/1024/662
f 1675/1024/662 1707/1056/676 1708/1057/676
f 1679/1028/664 1706/1055/676 1677/1026/663
f 1677/1026/663 1706/1055/676 1707/1056/676
f 1681/1030/666 1705/1054/676 1679/1028/664
f 1679/1028/664 1705/1054/676 1706/1055/676
f 1683/1032/668 1704/1053/676 1681/1030/666
f 1681/1030/666 1704/1053/676 1705/1054/676
f 1685/1034/670 1703/1052/676 1683/1032/668
f 1683/1032/668 1703/1052/676 1704/1053/676
f 1687/1036/671 1702/1051/676 1685/1034/670
f 1685/1034/670 1702/1051/676 1703/1052/676
f 1689/1038/663 1701/1050/676 1687/1036/671
f 1687/1036/671 1701/1050/676 1702/1051/676
f 1691/1040/664 1700/1049/676 1689/1038/663
f 1689/1038/663 1700/1049/676 1701/1050/676
f 1693/1042/673 1699/1048/676 1691/1040/664
f 1691/1040/664 1699/1048/676 1700/1049/676
f 1710/1061/678 1698/1047/676 1693/1042/673
f 1693/1042/673 1698/1047/676 1699/1048/676
f 1713/1062/678 1696/1045/676 1710/1061/678
f 1710/1061/678 1696/1045/676 1698/1047/676
f 1713/1062/678 1835/1189/707 1696/1045/676
f 1696/1045/676 1835/1189/707 1697/1046/676
f 2039/1064/681 1717/1066/682 2038/1159/676
f 2038/1159/676 1717/1066/682 1808/1161/676
f 1717/1066/682 1719/1068/684 1808/1161/676
f 1808/1161/676 1719/1068/684 1809/1162/676
f 1719/1068/684 1721/1070/686 1809/1162/676
f 1809/1162/676 1721/1070/686 1810/1163/676
f 1721/1070/686 1723/1072/688 1810/1163/676
f 1810/1163/676 1723/1072/688 1811/1164/676
f 1723/1072/688 1725/1074/690 1811/1164/676
f 1811/1164/676 1725/1074/690 1812/1165/676
f 1725/1074/690 1727/1076/681 1812/1165/676
f 1812/1165/676 1727/1076/681 1813/1166/676
f 1729/1078/692 1814/1167/676 1727/1076/681
f 1727/1076/681 1814/1167/676 1813/1166/676
f 1731/1080/694 1815/1168/676 1729/1078/692
f 1729/1078/692 1815/1168/676 1814/1167/676
f 1758/1107/697 1816/1169/676 1731/1080/694
f 1731/1080/694 1816/1169/676 1815/1168/676
f 1760/1109/688 1817/1170/676 1758/1107/697
f 1758/1107/697 1817/1170/676 1816/1169/676
f 1762/1111/690 1818/1171/676 1760/1109/688
f 1760/1109/688 1818/1171/676 1817/1170/676
f 1764/1113/681 1819/1172/676 1762/1111/690
f 1762/1111/690 1819/1172/676 1818/1171/676
f 1803/1155/702 2036/1153/701 1807/1160/676
f 1807/1160/676 2036/1153/701 2037/1158/676
f 1766/1115/682 1834/1187/676 1764/1113/681
f 1764/1113/681 1834/1187/676 1819/1172/676
f 1732/1081/695 1833/1186/676 1766/1115/682
f 1766/1115/682 1833/1186/676 1834/1187/676
f 1734/1083/695 1832/1185/676 1732/1081/695
f 1732/1081/695 1832/1185/676 1833/1186/676
f 1736/1085/688 1831/1184/676 1734/1083/695
f 1734/1083/695 1831/1184/676 1832/1185/676
f 1738/1087/690 1830/1183/676 1736/1085/688
f 1736/1085/688 1830/1183/676 1831/1184/676
f 1740/1089/681 1829/1182/676 1738/1087/690
f 1738/1087/690 1829/1182/676 1830/1183/676
f 1742/1091/682 1828/1181/676 1740/1089/681
f 1740/1089/681 1828/1181/676 1829/1182/676
f 1744/1093/684 1827/1180/676 1742/1091/682
f 1742/1091/682 1827/1180/676 1828/1181/676
f 1746/1095/686 1826/1179/676 1744/1093/684
f 1744/1093/684 1826/1179/676 1827/1180/676
f 1748/1097/688 1825/1178/676 1746/1095/686
f 1746/1095/686 1825/1178/676 1826/1179/676
f 1750/1099/690 1824/1177/676 1748/1097/688
f 1748/1097/688 1824/1177/676 1825/1178/676
f 1752/1101/681 1823/1176/676 1750/1099/690
f 1750/1099/690 1823/1176/676 1824/1177/676
f 1805/1157/704 1803/1155/702 1822/1175/676
f 1822/1175/676 1803/1155/702 1807/1160/676
f 1754/1103/692 1837/1190/676 1752/1101/681
f 1752/1101/681 1837/1190/676 1823/1176/676
f 1756/1105/693 1839/1192/676 1754/1103/692
f 1754/1103/692 1839/1192/676 1837/1190/676
f 1793/1142/699 1840/1193/676 1756/1105/693
f 1756/1105/693 1840/1193/676 1839/1192/676
f 1795/1144/688 1841/1194/676 1793/1142/699
f 1793/1142/699 1841/1194/676 1840/1193/676
f 1797/1146/690 1842/1195/676 1795/1144/688
f 1795/1144/688 1842/1195/676 1841/1194/676
f 1799/1148/681 1843/1196/676 1797/1146/690
f 1797/1146/690 1843/1196/676 1842/1195/676
f 1801/1150/692 1844/1197/676 1799/1148/681
f 1799/1148/681 1844/1197/676 1843/1196/676
f 1768/1117/695 1845/1198/676 1801/1150/692
f 1801/1150/692 1845/1198/676 1844/1197/676
f 1770/1119/695 1846/1199/676 1768/1117/695
f 1768/1117/695 1846/1199/676 1845/1198/676
f 1772/1121/688 1847/1200/676 1770/1119/695
f 1770/1119/695 1847/1200/676 1846/1199/676
f 1774/1123/690 1848/1201/676 1772/1121/688
f 1772/1121/688 1848/1201/676 1847/1200/676
f 1776/1125/681 1849/1202/676 1774/1123/690
f 1774/1123/690 1849/1202/676 1848/1201/676
f 1820/1174/706 1805/1157/704 1838/1191/676
f 1838/1191/676 1805/1157/704 1822/1175/676
f 1778/1127/682 1850/1203/676 1776/1125/681
f 1776/1125/681 1850/1203/676 1849/1202/676
f 1780/1129/684 1851/1204/676 1778/1127/682
f 1778/1127/682 1851/1204/676 1850/1203/676
f 1782/1131/686 1852/1205/676 1780/1129/684
f 1780/1129/684 1852/1205/676 1851/1204/676
f 1784/1133/688 1853/1206/676 1782/1131/686
f 1782/1131/686 1853/1206/676 1852/1205/676
f 1786/1135/690 1854/1207/676 1784/1133/688
f 1784/1133/688 1854/1207/676 1853/1206/676
f 1788/1137/681 1855/1208/676 1786/1135/690
f 1786/1135/690 1855/1208/676 1854/1207/676
f 1790/1139/682 1856/1209/676 1788/1137/681
f 1788/1137/681 1856/1209/676 1855/1208/676
f 1694/1043/674 1857/1210/676 1790/1139/682
f 1790/1139/682 1857/1210/676 1856/1209/676
f 1673/1022/660 1709/1058/676 1694/1043/674
f 1694/1043/674 1709/1058/676 1857/1210/676
f 1835/1189/707 1820/1174/706 1697/1046/676
f 1697/1046/676 1820/1174/706 1838/1191/676
f 1913/1022/733 1914/1024/733 1674/1023/661
f 1914/1024/733 1915/1026/734 1676/1025/663
f 1915/1026/734 1916/1028/735 1678/1027/664
f 1916/1028/735 1917/1030/736 1680/1029/665
f 1917/1030/736 1918/1032/737 1682/1031/667
f 1918/1032/737 1919/1034/738 1684/1033/669
f 1919/1034/738 1920/1036/739 1686/1035/671
f 1920/1036/739 1921/1038/734 1688/1037/663
f 1921/1038/734 1922/1040/735 1690/1039/664
f 1922/1040/735 1923/1042/740 1692/1041/672
f 1924/1043/741 1913/1022/733 1695/1044/675
f 1925/1045/742 1927/1047/742 1926/1046/742
f 1927/1047/742 1928/1048/742 1926/1046/742
f 1928/1048/742 1929/1049/742 1926/1046/742
f 1929/1049/742 1930/1050/742 1926/1046/742
f 1930/1050/742 1931/1051/742 1926/1046/742
f 1931/1051/742 1932/1052/742 1926/1046/742
f 1932/1052/742 1933/1053/742 1926/1046/742
f 1933/1053/742 1934/1054/742 1926/1046/742
f 1934/1054/742 1935/1055/742 1926/1046/742
f 1935/1055/742 1936/1056/742 1926/1046/742
f 1936/1056/742 1937/1057/742 1926/1046/742
f 1926/1046/742 1937/1057/742 1938/1058/742
f 1940/1062/743 1712/1060/678 1939/1061/743
f 1939/1061/743 1712/1060/678 1711/1059/677
f 1940/1062/743 1714/1062/679 1712/1060/678
f 1939/1061/743 1711/1059/677 1715/1063/680
f 2044/1064/744 1941/1066/745 1716/1065/682
f 1941/1066/745 1942/1068/746 1718/1067/683
f 1942/1068/746 1943/1070/747 1720/1069/685
f 1943/1070/747 1944/1072/748 1722/1071/687
f 1944/1072/748 1945/1074/749 1724/1073/689
f 1945/1074/749 1946/1076/744 1726/1075/681
f 1946/1076/744 1947/1078/750 1728/1077/691
f 1947/1078/750 1948/1080/751 1730/1079/693
f 1949/1081/752 1950/1083/753 1733/1082/695
f 1950/1083/753 1951/1085/748 1735/1084/687
f 1951/1085/748 1952/1087/749 1737/1086/689
f 1952/1087/749 1953/1089/744 1739/1088/681
f 1953/1089/744 1954/1091/745 1741/1090/691
f 1954/1091/745 1955/1093/746 1743/1092/683
f 1955/1093/746 1956/1095/747 1745/1094/685
f 1956/1095/747 1957/1097/748 1747/1096/687
f 1957/1097/748 1958/1099/749 1749/1098/689
f 1958/1099/749 1959/1101/744 1751/1100/681
f 1959/1101/744 1960/1103/750 1753/1102/682
f 1960/1103/750 1961/1105/754 1755/1104/693
f 1948/1080/751 1962/1107/755 1757/1106/696
f 1962/1107/755 1963/1109/748 1759/1108/687
f 1963/1109/748 1964/1111/749 1761/1110/689
f 1964/1111/749 1965/1113/744 1763/1112/681
f 1965/1113/744 1966/1115/745 1765/1114/682
f 1966/1115/745 1949/1081/752 1767/1116/683
f 1967/1117/752 1968/1119/752 1769/1118/695
f 1968/1119/752 1969/1121/748 1771/1120/687
f 1969/1121/748 1970/1123/749 1773/1122/689
f 1970/1123/749 1971/1125/744 1775/1124/681
f 1971/1125/744 1972/1127/745 1777/1126/682
f 1972/1127/745 1973/1129/746 1779/1128/683
f 1973/1129/746 1974/1131/747 1781/1130/685
f 1974/1131/747 1975/1133/748 1783/1132/687
f 1975/1133/748 1976/1135/749 1785/1134/689
f 1976/1135/749 1977/1137/744 1787/1136/681
f 1977/1137/744 1978/1139/745 1789/1138/691
f 1978/1139/745 1924/1043/741 1791/1140/693
f 1961/1105/754 1979/1142/756 1792/1141/698
f 1979/1142/756 1980/1144/748 1794/1143/687
f 1980/1144/748 1981/1146/749 1796/1145/689
f 1981/1146/749 1982/1148/744 1798/1147/681
f 1982/1148/744 1983/1150/750 1800/1149/682
f 1983/1150/750 1967/1117/752 1802/1151/683
f 2035/1152/700 1804/1154/700 2041/1153/757
f 2041/1153/757 1804/1154/700 1984/1155/700
f 1939/1061/743 1715/1063/680 1923/1042/740
f 1804/1154/700 1806/1156/703 1984/1155/700
f 1984/1155/700 1806/1156/703 1985/1157/705
f 2043/1158/742 1986/1160/742 2042/1159/742
f 2042/1159/742 1986/1160/742 1987/1161/742
f 1987/1161/742 1986/1160/742 1988/1162/742
f 1988/1162/742 1986/1160/742 1989/1163/742
f 1989/1163/742 1986/1160/742 1990/1164/742
f 1990/1164/742 1986/1160/742 1991/1165/742
f 1991/1165/742 1986/1160/742 1992/1166/742
f 1992/1166/742 1986/1160/742 1993/1167/742
f 1993/1167/742 1986/1160/742 1994/1168/742
f 1994/1168/742 1986/1160/742 1995/1169/742
f 1995/1169/742 1986/1160/742 1996/1170/742
f 1996/1170/742 1986/1160/742 1997/1171/742
f 1997/1171/742 1986/1160/742 1998/1172/742
f 1806/1156/703 1821/1173/705 1985/1157/705
f 1985/1157/705 1821/1173/705 1999/1174/758
f 2000/1175/742 2001/1176/742 1986/1160/742
f 2001/1176/742 2002/1177/742 1986/1160/742
f 2002/1177/742 2003/1178/742 1986/1160/742
f 2003/1178/742 2004/1179/742 1986/1160/742
f 2004/1179/742 2005/1180/742 1986/1160/742
f 2005/1180/742 2006/1181/742 1986/1160/742
f 2006/1181/742 2007/1182/742 1986/1160/742
f 2007/1182/742 2008/1183/742 1986/1160/742
f 2008/1183/742 2009/1184/742 1986/1160/742
f 2009/1184/742 2010/1185/742 1986/1160/742
f 2010/1185/742 2011/1186/742 1986/1160/742
f 2011/1186/742 2012/1187/742 1986/1160/742
f 1986/1160/742 2012/1187/742 1998/1172/742
f 1821/1173/705 1836/1188/703 1999/1174/758
f 1999/1174/758 1836/1188/703 2013/1189/759
f 2001/1176/742 2000/1175/742 2014/1190/742
f 2000/1175/742 2015/1191/742 2014/1190/742
f 2014/1190/742 2015/1191/742 2016/1192/742
f 2016/1192/742 2015/1191/742 2017/1193/742
f 2017/1193/742 2015/1191/742 2018/1194/742
f 2018/1194/742 2015/1191/742 2019/1195/742
f 2019/1195/742 2015/1191/742 2020/1196/742
f 2020/1196/742 2015/1191/742 2021/1197/742
f 2021/1197/742 2015/1191/742 2022/1198/742
f 2022/1198/742 2015/1191/742 2023/1199/742
f 2023/1199/742 2015/1191/742 2024/1200/742
f 2024/1200/742 2015/1191/742 2025/1201/742
f 2025/1201/742 2015/1191/742 2026/1202/742
f 1836/1188/703 1714/1062/679 2013/1189/759
f 2013/1189/759 1714/1062/679 1940/1062/743
f 2026/1202/742 2015/1191/742 2027/1203/742
f 2015/1191/742 1926/1046/742 2027/1203/742
f 2027/1203/742 1926/1046/742 2028/1204/742
f 2028/1204/742 1926/1046/742 2029/1205/742
f 2029/1205/742 1926/1046/742 2030/1206/742
f 2030/1206/742 1926/1046/742 2031/1207/742
f 2031/1207/742 1926/1046/742 2032/1208/742
f 2032/1208/742 1926/1046/742 2033/1209/742
f 2033/1209/742 1926/1046/742 2034/1210/742
f 2034/1210/742 1926/1046/742 1938/1058/742
f 1715/1063/680 1858/1211/708 1923/1042/740
f 1923/1042/740 1858/1211/708 1692/1041/672
f 1692/1041/672 1859/1212/709 1922/1040/735
f 1922/1040/735 1859/1212/709 1690/1039/664
f 1690/1039/664 1860/1213/710 1921/1038/734
f 1921/1038/734 1860/1213/710 1688/1037/663
f 1688/1037/663 1861/1214/711 1920/1036/739
f 1920/1036/739 1861/1214/711 1686/1035/671
f 1686/1035/671 1862/1215/712 1919/1034/738
f 1684/1033/669 1919/1034/738 1862/1215/712
f 1684/1033/669 1863/1216/713 1918/1032/737
f 1918/1032/737 1863/1216/713 1682/1031/667
f 1682/1031/667 1864/1217/714 1917/1030/736
f 1917/1030/736 1864/1217/714 1680/1029/665
f 1680/1029/665 1865/1218/715 1916/1028/735
f 1916/1028/735 1865/1218/715 1678/1027/664
f 1678/1027/664 1866/1219/710 1915/1026/734
f 1915/1026/734 1866/1219/710 1676/1025/663
f 1676/1025/663 1867/1220/711 1914/1024/733
f 1914/1024/733 1867/1220/711 1674/1023/661
f 1674/1023/661 1868/1221/716 1913/1022/733
f 1913/1022/733 1868/1221/716 1695/1044/675
f 1695/1044/675 1869/1222/717 1924/1043/741
f 1924/1043/741 1869/1222/717 1791/1140/693
f 1791/1140/693 1870/1223/718 1978/1139/745
f 1978/1139/745 1870/1223/718 1789/1138/691
f 1789/1138/691 1871/1224/719 1977/1137/744
f 1977/1137/744 1871/1224/719 1787/1136/681
f 1787/1136/681 1872/1225/720 1976/1135/749
f 1976/1135/749 1872/1225/720 1785/1134/689
f 1785/1134/689 1873/1226/721 1975/1133/748
f 1975/1133/748 1873/1226/721 1783/1132/687
f 1783/1132/687 1874/1227/722 1974/1131/747
f 1974/1131/747 1874/1227/722 1781/1130/685
f 1781/1130/685 1875/1228/723 1973/1129/746
f 1779/1128/683 1973/1129/746 1875/1228/723
f 1779/1128/683 1876/1229/724 1972/1127/745
f 1972/1127/745 1876/1229/724 1777/1126/682
f 1777/1126/682 1877/1230/725 1971/1125/744
f 1971/1125/744 1877/1230/725 1775/1124/681
f 1775/1124/681 1878/1231/720 1970/1123/749
f 1970/1123/749 1878/1231/720 1773/1122/689
f 1773/1122/689 1879/1232/726 1969/1121/748
f 1969/1121/748 1879/1232/726 1771/1120/687
f 1771/1120/687 1880/1233/722 1968/1119/752
f 1968/1119/752 1880/1233/722 1769/1118/695
f 1769/1118/695 1881/1234/727 1967/1117/752
f 1967/1117/752 1881/1234/727 1802/1151/683
f 1802/1151/683 1882/1235/718 1983/1150/750
f 1983/1150/750 1882/1235/718 1800/1149/682
f 1800/1149/682 1883/1236/725 1982/1148/744
f 1982/1148/744 1883/1236/725 1798/1147/681
f 1798/1147/681 1884/1237/720 1981/1146/749
f 1981/1146/749 1884/1237/720 1796/1145/689
f 1796/1145/689 1885/1238/721 1980/1144/748
f 1980/1144/748 1885/1238/721 1794/1143/687
f 1794/1143/687 1886/1239/728 1979/1142/756
f 1979/1142/756 1886/1239/728 1792/1141/698
f 1792/1141/698 1887/1240/729 1961/1105/754
f 1961/1105/754 1887/1240/729 1755/1104/693
f 1755/1104/693 1888/1241/718 1960/1103/750
f 1960/1103/750 1888/1241/718 1753/1102/682
f 1753/1102/682 1889/1242/725 1959/1101/744
f 1959/1101/744 1889/1242/725 1751/1100/681
f 1751/1100/681 1890/1243/720 1958/1099/749
f 1958/1099/749 1890/1243/720 1749/1098/689
f 1749/1098/689 1891/1244/721 1957/1097/748
f 1957/1097/748 1891/1244/721 1747/1096/687
f 1747/1096/687 1892/1245/722 1956/1095/747
f 1956/1095/747 1892/1245/722 1745/1094/685
f 1745/1094/685 1893/1246/730 1955/1093/746
f 1743/1092/683 1955/1093/746 1893/1246/730
f 1743/1092/683 1894/1247/718 1954/1091/745
f 1954/1091/745 1894/1247/718 1741/1090/691
f 1741/1090/691 1895/1248/725 1953/1089/744
f 1953/1089/744 1895/1248/725 1739/1088/681
f 1739/1088/681 1896/1249/720 1952/1087/749
f 1952/1087/749 1896/1249/720 1737/1086/689
f 1737/1086/689 1897/1250/726 1951/1085/748
f 1951/1085/748 1897/1250/726 1735/1084/687
f 1735/1084/687 1898/1251/728 1950/1083/753
f 1950/1083/753 1898/1251/728 1733/1082/695
f 1733/1082/695 1899/1252/727 1949/1081/752
f 1949/1081/752 1899/1252/727 1767/1116/683
f 1767/1116/683 1900/1253/718 1966/1115/745
f 1966/1115/745 1900/1253/718 1765/1114/682
f 1765/1114/682 1901/1254/725 1965/1113/744
f 1965/1113/744 1901/1254/725 1763/1112/681
f 1763/1112/681 1902/1255/720 1964/1111/749
f 1964/1111/749 1902/1255/720 1761/1110/689
f 1761/1110/689 1903/1256/721 1963/1109/748
f 1963/1109/748 1903/1256/721 1759/1108/687
f 1759/1108/687 1904/1257/728 1962/1107/755
f 1962/1107/755 1904/1257/728 1757/1106/696
f 1757/1106/696 1905/1258/731 1948/1080/751
f 1948/1080/751 1905/1258/731 1730/1079/693
f 1730/1079/693 1906/1259/718 1947/1078/750
f 1947/1078/750 1906/1259/718 1728/1077/691
f 1728/1077/691 1907/1260/719 1946/1076/744
f 1946/1076/744 1907/1260/719 1726/1075/681
f 1726/1075/681 1908/1261/720 1945/1074/749
f 1945/1074/749 1908/1261/720 1724/1073/689
f 1724/1073/689 1909/1262/726 1944/1072/748
f 1944/1072/748 1909/1262/726 1722/1071/687
f 1722/1071/687 1910/1263/728 1943/1070/747
f 1943/1070/747 1910/1263/728 1720/1069/685
f 1720/1069/685 1911/1264/730 1942/1068/746
f 1718/1067/683 1942/1068/746 1911/1264/730
f 1718/1067/683 1912/1265/718 1941/1066/745
f 1941/1066/745 1912/1265/718 1716/1065/682
f 1716/1065/682 2040/1266/732 2044/1064/744
f 1938/1058/742 1937/1057/742 1913/1022/733
f 1913/1022/733 1937/1057/742 1914/1024/733
f 1937/1057/742 1936/1056/742 1914/1024/733
f 1914/1024/733 1936/1056/742 1915/1026/734
f 1936/1056/742 1935/1055/742 1915/1026/734
f 1915/1026/734 1935/1055/742 1916/1028/735
f 1935/1055/742 1934/1054/742 1916/1028/735
f 1916/1028/735 1934/1054/742 1917/1030/736
f 1934/1054/742 1933/1053/742 1917/1030/736
f 1917/1030/736 1933/1053/742 1918/1032/737
f 1933/1053/742 1932/1052/742 1918/1032/737
f 1918/1032/737 1932/1052/742 1919/1034/738
f 1932/1052/742 1931/1051/742 1919/1034/738
f 1919/1034/738 1931/1051/742 1920/1036/739
f 1931/1051/742 1930/1050/742 1920/1036/739
f 1920/1036/739 1930/1050/742 1921/1038/734
f 1930/1050/742 1929/1049/742 1921/1038/734
f 1921/1038/734 1929/1049/742 1922/1040/735
f 1929/1049/742 1928/1048/742 1922/1040/735
f 1922/1040/735 1928/1048/742 1923/1042/740
f 1928/1048/742 1927/1047/742 1923/1042/740
f 1923/1042/740 1927/1047/742 1939/1061/743
f 1927/1047/742 1925/1045/742 1939/1061/743
f 1939/1061/743 1925/1045/742 1940/1062/743
f 1940/1062/743 1925/1045/742 2013/1189/759
f 2013/1189/759 1925/1045/742 1926/1046/742
f 2044/1064/744 2042/1159/742 1941/1066/745
f 1941/1066/745 2042/1159/742 1987/1161/742
f 1941/1066/745 1987/1161/742 1942/1068/746
f 1942/1068/746 1987/1161/742 1988/1162/742
f 1942/1068/746 1988/1162/742 1943/1070/747
f 1943/1070/747 1988/1162/742 1989/1163/742
f 1943/1070/747 1989/1163/742 1944/1072/748
f 1944/1072/748 1989/1163/742 1990/1164/742
f 1944/1072/748 1990/1164/742 1945/1074/749
f 1945/1074/749 1990/1164/742 1991/1165/742
f 1945/1074/749 1991/1165/742 1946/1076/744
f 1946/1076/744 1991/1165/742 1992/1166/742
f 1992/1166/742 1993/1167/742 1946/1076/744
f 1946/1076/744 1993/1167/742 1947/1078/750
f 1993/1167/742 1994/1168/742 1947/1078/750
f 1947/1078/750 1994/1168/742 1948/1080/751
f 1994/1168/742 1995/1169/742 1948/1080/751
f 1948/1080/751 1995/1169/742 1962/1107/755
f 1995/1169/742 1996/1170/742 1962/1107/755
f 1962/1107/755 1996/1170/742 1963/1109/748
f 1996/1170/742 1997/1171/742 1963/1109/748
f 1963/1109/748 1997/1171/742 1964/1111/749
f 1997/1171/742 1998/1172/742 1964/1111/749
f 1964/1111/749 1998/1172/742 1965/1113/744
f 1984/1155/700 1986/1160/742 2041/1153/757
f 2041/1153/757 1986/1160/742 2043/1158/742
f 1998/1172/742 2012/1187/742 1965/1113/744
f 1965/1113/744 2012/1187/742 1966/1115/745
f 2012/1187/742 2011/1186/742 1966/1115/745
f 1966/1115/745 2011/1186/742 1949/1081/752
f 2011/1186/742 2010/1185/742 1949/1081/752
f 1949/1081/752 2010/1185/742 1950/1083/753
f 2010/1185/742 2009/1184/742 1950/1083/753
f 1950/1083/753 2009/1184/742 1951/1085/748
f 2009/1184/742 2008/1183/742 1951/1085/748
f 1951/1085/748 2008/1183/742 1952/1087/749
f 2008/1183/742 2007/1182/742 1952/1087/749
f 1952/1087/749 2007/1182/742 1953/1089/744
f 2007/1182/742 2006/1181/742 1953/1089/744
f 1953/1089/744 2006/1181/742 1954/1091/745
f 2006/1181/742 2005/1180/742 1954/1091/745
f 1954/1091/745 2005/1180/742 1955/1093/746
f 2005/1180/742 2004/1179/742 1955/1093/746
f 1955/1093/746 2004/1179/742 1956/1095/747
f 2004/1179/742 2003/1178/742 1956/1095/747
f 1956/1095/747 2003/1178/742 1957/1097/748
f 2003/1178/742 2002/1177/742 1957/1097/748
f 1957/1097/748 2002/1177/742 1958/1099/749
f 2002/1177/742 2001/1176/742 1958/1099/749
f 1958/1099/749 2001/1176/742 1959/1101/744
f 1985/1157/705 2000/1175/742 1984/1155/700
f 1984/1155/700 2000/1175/742 1986/1160/742
f 2001/1176/742 2014/1190/742 1959/1101/744
f 1959/1101/744 2014/1190/742 1960/1103/750
f 2014/1190/742 2016/1192/742 1960/1103/750
f 1960/1103/750 2016/1192/742 1961/1105/754
f 2016/1192/742 2017/1193/742 1961/1105/754
f 1961/1105/754 2017/1193/742 1979/1142/756
f 2017/1193/742 2018/1194/742 1979/1142/756
f 1979/1142/756 2018/1194/742 1980/1144/748
f 2018/1194/742 2019/1195/742 1980/1144/748
f 1980/1144/748 2019/1195/742 1981/1146/749
f 2019/1195/742 2020/1196/742 1981/1146/749
f 1981/1146/749 2020/1196/742 1982/1148/744
f 2020/1196/742 2021/1197/742 1982/1148/744
f 1982/1148/744 2021/1197/742 1983/1150/750
f 2021/1197/742 2022/1198/742 1983/1150/750
f 1983/1150/750 2022/1198/742 1967/1117/752
f 2022/1198/742 2023/1199/742 1967/1117/752
f 1967/1117/752 2023/1199/742 1968/1119/752
f 2023/1199/742 2024/1200/742 1968/1119/752
f 1968/1119/752 2024/1200/742 1969/1121/748
f 2024/1200/742 2025/1201/742 1969/1121/748
f 1969/1121/748 2025/1201/742 1970/1123/749
f 2025/1201/742 2026/1202/742 1970/1123/749
f 1970/1123/749 2026/1202/742 1971/1125/744
f 1999/1174/758 2015/1191/742 1985/1157/705
f 1985/1157/705 2015/1191/742 2000/1175/742
f 2026/1202/742 2027/1203/742 1971/1125/744
f 1971/1125/744 2027/1203/742 1972/1127/745
f 2027/1203/742 2028/1204/742 1972/1127/745
f 1972/1127/745 2028/1204/742 1973/1129/746
f 2028/1204/742 2029/1205/742 1973/1129/746
f 1973/1129/746 2029/1205/742 1974/1131/747
f 2029/1205/742 2030/1206/742 1974/1131/747
f 1974/1131/747 2030/1206/742 1975/1133/748
f 2030/1206/742 2031/1207/742 1975/1133/748
f 1975/1133/748 2031/1207/742 1976/1135/749
f 2031/1207/742 2032/1208/742 1976/1135/749
f 1976/1135/749 2032/1208/742 1977/1137/744
f 2032/1208/742 2033/1209/742 1977/1137/744
f 1977/1137/744 2033/1209/742 1978/1139/745
f 2033/1209/742 2034/1210/742 1978/1139/745
f 1978/1139/745 2034/1210/742 1924/1043/741
f 2034/1210/742 1938/1058/742 1924/1043/741
f 1924/1043/741 1938/1058/742 1913/1022/733
f 2013/1189/759 1926/1046/742 1999/1174/758
f 1999/1174/758 1926/1046/742 2015/1191/742
f 2038/1159/760 2045/1159/760 2039/1064/761
f 2039/1064/761 2045/1159/760 2040/1266/762
f 2045/1159/760 2046/1158/763 2042/1159/760
f 2042/1159/760 2046/1158/763 2043/1158/763
f 2046/1158/763 2035/1152/764 2043/1158/763
f 2043/1158/763 2035/1152/764 2041/1153/764
f 2037/1158/765 2046/1158/763 2038/1159/760
f 2038/1159/760 2046/1158/763 2045/1159/760
f 2040/1266/762 2045/1159/760 2044/1064/766
f 2044/1064/766 2045/1159/760 2042/1159/760
f 2036/1153/764 2035/1152/764 2037/1158/765
f 2037/1158/765 2035/1152/764 2046/1158/763
o item_blade
v 70.783249 0.000000 0.000000
v 0.072565 70.710701 0.000007
v 0.072565 55.656200 4.000005
v 55.728767 -0.000001 4.000000
v 0.072565 -70.710602 -0.000007
v 0.072565 -55.656101 3.999995
v -70.638138 0.000000 0.000000
v -55.583534 -0.000001 4.000000
v 0.072565 55.656200 -3.999995
v 55.728767 0.000001 -4.000000
v 0.072565 -55.656101 -4.000005
v -55.583534 0.000001 -4.000000
v -41.839630 40.953331 0.382679
v -42.043907 40.754986 -2.118301
v -48.708649 34.283688 0.991670
v -40.828609 41.935013 0.454180
v -46.427177 37.245155 1.990000
v -44.666924 38.954311 1.833939
v -42.018929 41.137989 0.382679
v -44.746258 39.036015 1.833939
v -41.007908 42.119671 0.454180
v -44.402397 39.369892 2.024395
v -41.920689 41.233376 0.831499
v -41.169117 41.963135 0.880400
v -35.388172 47.576286 5.834031
v -42.899910 42.241867 0.831499
v -42.148338 42.971622 0.880400
v -35.071346 47.883919 5.486555
v -34.892052 47.699265 5.486555
v -34.239365 48.691753 6.446780
v -34.595703 48.345757 6.464400
v -34.060070 48.507095 6.446780
v -33.371555 49.175625 3.539569
v -31.462030 51.029732 6.446778
v -36.944023 46.453056 9.964438
v -36.944027 46.453056 14.031741
v -34.060070 48.507095 17.549402
v -31.462032 51.029732 17.549402
v -33.371559 49.175625 20.456614
v -33.570221 49.380219 20.456614
v -31.660694 51.234329 17.549402
v -31.660692 51.234329 6.446778
v -33.127922 49.809685 20.780912
v -31.145182 51.734879 17.762239
v -31.145180 51.734879 6.233941
v -34.068409 50.778290 20.780912
v -32.085670 52.703480 17.762239
v -32.085667 52.703480 6.233941
v -32.601185 52.202930 17.549402
v -32.601181 52.202930 6.446778
v -32.799843 52.407532 6.446778
v -34.510712 50.348824 3.539569
v -34.068409 50.778290 3.215268
v -34.709370 50.553425 3.539569
v -40.645924 44.789181 -1.492821
v -36.229862 49.077065 5.486555
v -35.397881 49.884903 6.446780
v -37.535946 47.062675 9.964438
v -37.535950 47.062675 14.031741
v -35.397884 49.884903 17.549402
v -32.799843 52.407532 17.549402
v -36.050568 48.892410 5.486555
v -35.218586 49.700245 6.446780
v -37.456612 46.980976 9.964438
v -35.574924 49.354248 6.464400
v -36.367393 48.584782 5.834031
v -37.722702 46.722618 9.595964
v -37.289436 46.276402 9.595964
v -37.023354 46.534763 9.964438
v -39.422913 44.204853 10.901679
v -39.734573 43.902237 10.676633
v -39.422913 44.204853 13.094501
v -39.734573 43.902237 13.319547
v -40.167839 44.348450 10.676632
v -40.167839 44.348450 13.319546
v -39.856171 44.651066 13.094500
v -39.856171 44.651066 10.901678
v -39.935501 44.732769 10.901678
v -39.935501 44.732769 13.094500
v -37.456615 46.980976 14.031741
v -37.722702 46.722618 14.400215
v -34.595707 48.345757 17.531782
v -35.574924 49.354248 17.531782
v -37.289440 46.276402 14.400215
v -37.023354 46.534763 14.031741
v -34.239365 48.691753 17.549402
v -35.071350 47.883919 18.509626
v -34.892052 47.699265 18.509626
v -40.828609 41.935013 23.542002
v -39.308117 43.411385 25.489000
v -42.043911 40.754986 26.114479
v -42.242573 40.959587 26.114479
v -39.506775 43.615986 25.489000
v -42.132771 41.066200 26.655708
v -39.292080 43.824440 26.006241
v -43.073257 42.034805 26.655708
v -40.232574 44.793041 26.006241
v -40.447262 44.584583 25.489000
v -34.510712 50.348824 20.456614
v -34.709373 50.553425 20.456614
v -40.645927 44.789185 25.489000
v -36.229866 49.077065 18.509626
v -42.166416 43.312817 23.542002
v -36.050568 48.892410 18.509626
v -35.218586 49.700245 17.549402
v -41.987125 43.128159 23.542002
v -36.367393 48.584782 18.162149
v -42.148338 42.971622 23.115782
v -42.998150 42.146477 23.613499
v -41.920689 41.233376 23.164688
v -41.169117 41.963131 23.115782
v -42.899910 42.241867 23.164688
v -44.402397 39.369892 21.971783
v -44.835659 39.816105 21.971783
v -45.179516 39.482224 22.162249
v -44.589737 40.054890 13.063865
v -43.906918 39.850990 12.776707
v -44.340179 40.297203 12.776707
v -46.560417 38.141403 12.701915
v -46.127159 37.695194 12.701915
v -44.156475 39.608677 13.063865
v -45.916721 37.899521 12.989348
v -46.814831 37.027485 21.761560
v -48.864040 34.491558 22.563002
v -47.248085 37.473690 21.761560
v -48.887947 34.468342 23.004511
v -46.506504 37.326855 22.006182
v -46.427177 37.245155 22.006182
v -44.666924 38.954311 22.162249
v -45.837391 37.817818 12.989348
v -41.839630 40.953331 23.613499
v -48.708649 34.283688 23.004511
v -48.912930 34.085335 25.505491
v -51.621029 31.455841 24.150850
v -49.906410 33.120689 22.387590
v -57.561817 25.687477 17.880131
v -55.847191 27.352337 16.116886
v -52.789154 30.940323 16.471289
v -50.511848 33.151524 18.875061
v -50.085705 33.305344 22.387590
v -50.608261 33.250824 18.875061
v -49.753681 33.627739 22.151100
v -50.216137 33.631565 19.024801
v -49.843254 35.500050 22.563002
v -50.732899 34.636227 22.151100
v -51.134811 33.793110 18.875061
v -50.742687 34.173855 19.024801
v -49.867168 35.476830 23.004511
v -51.064930 34.313835 22.387590
v -51.244225 34.498489 22.387590
v -51.231232 33.892406 18.875061
v -53.508533 31.681206 16.471289
v -50.661003 34.318569 12.738566
v -47.631527 37.260117 13.223666
v -47.552197 37.178410 13.223666
v -47.080303 37.636612 12.924823
v -50.579807 34.238678 12.398953
v -50.581669 34.236870 12.738566
v -53.412113 31.581909 16.471289
v -53.551250 31.446812 16.061390
v -55.776478 27.779751 15.833979
v -53.024704 30.904526 16.061390
v -56.755699 28.788239 15.833979
v -57.005711 28.545483 16.116886
v -57.137775 28.417255 15.374246
v -55.701042 27.852993 15.330037
v -56.680264 28.861485 15.330037
v -56.682125 28.859674 11.998089
v -57.143501 28.411692 11.998089
v -55.702908 27.851187 11.998089
v -56.164280 27.403196 11.998089
v -55.701042 27.852991 8.666141
v -56.158550 27.408762 8.621933
v -55.776478 27.779749 8.162199
v -56.680264 28.861483 8.666141
v -57.137775 28.417253 8.621933
v -56.755699 28.788237 8.162199
v -57.005711 28.545481 7.879292
v -53.412113 31.581907 7.524889
v -53.024704 30.904524 7.934790
v -53.551250 31.446810 7.934790
v -50.146545 33.792465 11.597224
v -50.581669 34.236870 11.257611
v -50.579807 34.238678 11.597224
v -47.748272 36.988022 10.807145
v -46.770420 37.070602 11.063910
v -47.203678 37.516811 11.063910
v -50.216137 33.631565 4.971379
v -50.742687 34.173855 4.971379
v -49.753681 33.627739 1.845079
v -50.732899 34.636227 1.845079
v -51.134811 33.793110 5.121119
v -51.064930 34.313835 1.608589
v -51.231232 33.892406 5.121119
v -47.827606 37.069729 10.807145
v -50.661003 34.318569 11.257611
v -53.508533 31.681204 7.524889
v -51.244225 34.498489 1.608589
v -57.185005 28.730139 7.879292
v -58.899632 27.065279 6.116045
v -59.647324 26.339285 7.984757
v -57.317066 28.601912 8.621933
v -59.691418 26.296473 11.998088
v -57.322800 28.596346 11.998089
v -57.317066 28.601913 15.374246
v -57.185005 28.730141 16.116886
v -59.647324 26.339287 16.011421
v -58.899632 27.065281 17.880131
v -59.448666 26.134686 16.011421
v -59.492756 26.091875 11.998088
v -59.448666 26.134684 7.984757
v -60.008282 25.591314 11.998088
v -59.021996 24.667175 16.165291
v -59.067787 24.622711 11.998088
v -59.962486 25.635780 16.165291
v -59.962486 25.635778 7.830885
v -59.021996 24.667175 7.830885
v -59.186127 26.389605 5.890527
v -58.245636 25.421003 5.890527
v -53.017567 32.379124 -0.620602
v -58.700970 26.860682 6.116045
v -52.760185 32.629036 -0.154661
v -50.052078 35.258537 -1.509311
v -52.958843 32.833637 -0.154661
v -50.046463 35.661488 0.991670
v -50.250744 35.463139 -1.509311
v -43.381721 42.132790 -2.118301
v -43.183060 41.928192 -2.118301
v -43.073254 42.034805 -2.659531
v -50.205631 35.109444 -2.027181
v -40.447258 44.584579 -1.492821
v -40.232571 44.793041 -2.010060
v -39.292076 43.824440 -2.010060
v -42.132767 41.066200 -2.659531
v -49.265141 34.140839 -2.027181
v -42.242569 40.959587 -2.118301
v -39.506771 43.615982 -1.492821
v -39.308113 43.411381 -1.492821
v -33.570221 49.380219 3.539569
v -33.127918 49.809685 3.215268
v -48.912926 34.085331 -1.509311
v -49.111591 34.289936 -1.509311
v -51.621029 31.455839 -0.154660
v -51.819691 31.660440 -0.154660
v -52.077080 31.410521 -0.620602
v -57.760479 25.892076 6.116045
v -58.508171 25.166082 7.984757
v -57.561817 25.687475 6.116045
v -58.309513 24.961481 7.984757
v -55.847191 27.352335 7.879292
v -55.979256 27.224108 8.621933
v -58.353607 24.918671 11.998088
v -55.984989 27.218546 11.998089
v -58.309513 24.961481 16.011421
v -55.979256 27.224110 15.374246
v -58.552265 25.123270 11.998088
v -58.508171 25.166082 16.011421
v -58.245636 25.421003 18.105650
v -57.760479 25.892078 17.880131
v -51.819691 31.660442 24.150850
v -52.077080 31.410522 24.616781
v -49.265144 34.140839 26.023359
v -59.186127 26.389606 18.105650
v -53.017567 32.379124 24.616781
v -49.111595 34.289940 25.505491
v -50.205635 35.109444 26.023359
v -52.760185 32.629036 24.150850
v -50.052082 35.258541 25.505491
v -58.700970 26.860683 17.880131
v -52.958843 32.833637 24.150850
v -50.250748 35.463142 25.505491
v -50.046463 35.661488 23.004511
v -43.177444 42.331139 23.613499
v -43.381725 42.132790 26.114479
v -47.019100 37.854767 22.006182
v -45.258850 39.563931 22.162249
v -46.429317 38.427437 12.989348
v -46.939766 37.773067 22.006182
v -46.349983 38.345734 12.989348
v -44.669067 40.136593 13.063865
v -43.183064 41.928192 26.114479
v -56.026493 27.536995 16.116886
v -56.158550 27.408764 15.374246
v -52.885571 31.039623 16.471289
v -50.069080 33.708954 12.738566
v -50.148411 33.790657 12.738566
v -47.118938 36.732201 13.223666
v -50.146545 33.792465 12.398953
v -46.647045 37.190399 12.924823
v -47.039604 36.650497 13.223666
v -49.906410 33.120689 1.608589
v -52.789154 30.940321 7.524889
v -56.026493 27.536993 7.879292
v -52.885571 31.039621 7.524889
v -50.148411 33.790657 11.257611
v -50.069080 33.708954 11.257611
v -50.511848 33.151524 5.121119
v -47.235683 36.460110 10.807145
v -50.608261 33.250824 5.121119
v -47.315018 36.541817 10.807145
v -50.085705 33.305344 1.608589
v -48.887947 34.468342 0.991670
v -46.506504 37.326855 1.990000
v -48.864040 34.491558 1.433180
v -46.814831 37.027485 2.234621
v -45.916721 37.899521 11.006829
v -46.127159 37.695194 11.294264
v -49.843254 35.500050 1.433180
v -47.248085 37.473690 2.234621
v -49.867168 35.476830 0.991670
v -46.939766 37.773067 1.990000
v -46.349983 38.345734 11.006829
v -46.560417 38.141403 11.294264
v -44.589737 40.054890 10.932315
v -43.906918 39.850990 11.219474
v -44.340179 40.297203 11.219474
v -44.835659 39.816105 2.024395
v -42.998150 42.146477 0.382679
v -45.179516 39.482224 1.833939
v -45.258850 39.563931 1.833939
v -43.177444 42.331139 0.382679
v -47.019100 37.854767 1.990000
v -46.429317 38.427437 11.006829
v -44.669067 40.136593 10.932315
v -42.166416 43.312817 0.454180
v -41.987125 43.128159 0.454180
v -44.156475 39.608677 10.932315
v -44.077141 39.526978 10.932315
v -45.837391 37.817818 11.006829
v -41.007908 42.119671 23.542002
v -42.018929 41.137989 23.613499
v -44.746258 39.036015 22.162249
v -44.077141 39.526978 13.063865
v -35.388176 47.576286 18.162149
v -39.343578 44.123150 13.094501
v -39.343578 44.123150 10.901679
v -40.170113 45.594067 14.307155
v -45.872021 40.057652 15.264463
v -71.880989 78.252853 14.307153
v -40.170113 45.594067 9.694803
v -71.880989 78.252853 9.694801
v -45.872021 40.057652 8.737494
v -83.284813 67.180023 9.694801
v -51.573933 34.521233 9.694803
v -77.582893 72.716438 8.737492
v -77.582893 72.716438 15.264462
v -83.284813 67.180023 14.307153
v -51.573933 34.521233 14.307155
v 47.745689 -61.951534 12.657031
v 48.533741 -62.780651 12.657031
v 46.933548 -63.686832 12.121686
v 46.483063 -60.881435 12.657031
v 46.022293 -62.748341 12.121686
v 47.745193 -61.952015 12.121686
v 48.568707 -61.840599 12.657031
v 48.160503 -61.405407 12.657031
v 46.555775 -59.947292 12.657031
v 52.240559 -57.443775 12.657032
v 63.420132 -68.957657 12.657032
v 58.893459 -72.009613 12.657032
v 57.991215 -71.127510 12.657032
v 56.693073 -70.194855 12.657032
v 55.663765 -69.141579 12.657031
v 54.728077 -68.184090 12.657031
v 53.786770 -67.199852 12.657031
v 52.581944 -65.947319 12.657031
v 51.539993 -64.881096 12.657031
v 50.533669 -63.851334 12.657031
v 49.504391 -62.798092 12.657031
v 42.352818 -47.260239 12.657031
v 39.181728 -52.360844 12.657030
v 40.386547 -53.613369 12.657030
v 41.327904 -54.597656 12.657030
v 42.263546 -55.555084 12.657030
v 43.292854 -56.608383 12.657030
v 44.299133 -57.638096 12.657031
v 45.341133 -58.704365 12.657031
v 53.482864 -56.237526 12.657031
v 44.034958 -46.305134 12.657031
v 31.846027 -33.502102 12.657030
v 44.034817 -46.305271 12.121686
v 53.482788 -56.237602 12.121686
v 65.538750 -68.896065 12.121687
v 44.034958 -46.305134 11.586341
v 53.482864 -56.237526 11.586341
v 65.538750 -68.896065 11.586342
v 63.420132 -68.957657 11.586342
v 52.240559 -57.443775 11.586342
v 58.893459 -72.009613 11.586342
v 57.991215 -71.127510 11.586342
v 56.693073 -70.194855 11.586342
v 55.663765 -69.141579 11.586341
v 54.728077 -68.184090 11.586341
v 53.786770 -67.199852 11.586341
v 52.581944 -65.947319 11.586341
v 51.539993 -64.881096 11.586341
v 50.533669 -63.851334 11.586341
v 49.504391 -62.798092 11.586341
v 48.568707 -61.840599 11.586341
v 48.160503 -61.405407 11.586341
v 42.352818 -47.260239 11.586341
v 39.181728 -52.360844 11.586340
v 40.386547 -53.613369 11.586340
v 41.327904 -54.597656 11.586340
v 42.263546 -55.555084 11.586340
v 43.292854 -56.608383 11.586340
v 44.299133 -57.638096 11.586341
v 45.341133 -58.704365 11.586341
v 46.555775 -59.947292 11.586341
v 45.254314 -59.625439 11.586341
v 46.483063 -60.881435 11.586341
v 47.745689 -61.951534 11.586341
v 44.874756 -61.566502 12.121686
v 46.482056 -60.882416 12.121686
v 45.254314 -59.625439 12.657031
v 45.253433 -59.626217 12.121686
v 43.536686 -60.188431 12.121686
v 44.200226 -58.547985 12.657031
v 44.199436 -58.548752 12.121686
v 44.200226 -58.547985 11.586341
v 43.182247 -57.507431 11.586341
v 42.438717 -59.057644 12.121686
v 43.181480 -57.508175 12.121686
v 43.182247 -57.507431 12.657031
v 42.140984 -56.443081 12.657030
v 41.474674 -58.064785 12.121686
v 42.140247 -56.443794 12.121685
v 42.140984 -56.443081 11.586340
v 40.596317 -57.160168 12.121686
v 41.194431 -55.475548 11.586340
v 39.721027 -56.258717 12.121685
v 41.194153 -55.475819 12.121685
v 40.243977 -54.479176 11.586340
v 38.647320 -55.152912 12.121685
v 40.243473 -54.479664 12.121685
v 39.026840 -53.211811 11.586340
v 37.972786 -52.134399 11.586340
v 39.025997 -53.212631 12.121685
v 37.309265 -53.774860 12.121685
v 37.972786 -52.134399 12.657030
v 39.026840 -53.211811 12.657030
v 37.971996 -52.135166 12.121685
v 36.211285 -52.644058 12.121685
v 36.954815 -51.093845 12.657030
v 36.954048 -51.094589 12.121685
v 36.954815 -51.093845 11.586340
v 35.913548 -50.029495 11.586340
v 35.247246 -51.651203 12.121685
v 37.133480 -50.264885 11.586340
v 38.139767 -51.294613 11.586340
v 36.104179 -49.211601 11.586340
v 34.966999 -49.061958 11.586340
v 35.168537 -48.254169 11.586340
v 34.387863 -47.435375 11.586340
v 34.178997 -48.232899 11.586340
v 34.178493 -48.233387 12.121685
v 33.493553 -49.845089 12.121685
v 32.961861 -46.965534 11.586340
v 32.582302 -48.906597 12.121685
v 34.178997 -48.232899 12.657030
v 32.961861 -46.965534 12.657030
v 32.961018 -46.966351 12.121685
v 31.244286 -47.528584 12.121685
v 31.907806 -45.888123 12.657030
v 31.907017 -45.888889 12.121685
v 31.907806 -45.888123 11.586340
v 30.146305 -46.397785 12.121685
v 30.889786 -44.847523 11.586340
v 32.141079 -45.116611 11.586340
v 33.183041 -46.182842 11.586340
v 31.134800 -44.086895 11.586339
v 30.105492 -43.033600 11.586339
v 29.848530 -43.783180 11.586339
v 29.182274 -45.404934 12.121685
v 28.901981 -42.815647 11.586339
v 29.847794 -43.783894 12.121684
v 28.303852 -44.500259 12.121685
v 28.901981 -42.815647 12.657029
v 29.848530 -43.783180 12.657029
v 28.901699 -42.815914 12.121684
v 27.428574 -43.598812 12.121684
v 27.864994 -41.706833 12.657029
v 27.863987 -41.707809 12.121684
v 27.864994 -41.706833 11.586339
v 26.256680 -42.391891 12.121684
v 26.636246 -40.450836 11.586339
v 28.141193 -40.982262 11.586339
v 29.169811 -42.076130 11.586339
v 26.926571 -39.739349 11.586339
v 25.884609 -38.673119 11.586339
v 25.582150 -39.373375 11.586339
v 30.378204 -34.927322 11.586340
v 18.137585 -22.320305 11.586339
v 19.801968 -20.847010 11.586339
v 31.846027 -33.502102 11.586340
v 31.845814 -33.502312 12.121685
v 19.801966 -20.847008 12.657029
v 19.801674 -20.847296 12.121684
v 6.513875 -6.887111 12.121683
v 6.514251 -6.886743 12.657028
v 6.514251 -6.886743 11.586338
v -2.349983 2.434314 11.586337
v 4.783933 -8.566846 11.586338
v 0.403784 -12.437257 11.586337
v 1.410074 -13.466987 11.586337
v -4.176043 0.661254 11.586337
v -17.960974 14.858418 11.586336
v -21.794842 10.438453 11.586335
v -16.126398 16.639746 11.586336
v -20.590036 9.185939 11.586335
v -19.809376 8.367141 11.586335
v -18.873692 7.409669 11.586335
v -17.844379 6.356382 11.586335
v -16.838093 5.326660 11.586336
v -15.796131 4.260427 11.586336
v -14.591314 3.007903 11.586336
v -13.649998 2.023655 11.586336
v -12.714321 1.066182 11.586336
v -11.685011 0.012895 11.586336
v -10.678720 -1.016831 11.586336
v -9.636759 -2.083062 11.586336
v -8.422087 -3.326027 11.586336
v -0.660676 -11.338379 11.586337
v -1.642050 -10.325277 11.586337
v -2.318577 -9.626878 11.586337
v -3.638830 -8.263936 11.586337
v -4.656955 -7.212897 11.586337
v -5.681616 -6.155100 11.586336
v -6.803528 -4.996914 11.586336
v -7.670709 -4.101701 11.586336
v -8.342859 -4.418820 11.586336
v -7.466270 -5.324113 11.586336
v -7.467517 -5.325316 12.121681
v -8.831754 -6.254586 12.121681
v -7.953347 -7.159257 12.121682
v -6.332171 -6.495350 11.586337
v -6.989316 -8.152106 12.121682
v -5.296406 -7.565031 11.586337
v -6.333351 -6.496492 12.121682
v -6.332171 -6.495350 12.657027
v -7.466270 -5.324113 12.657026
v -5.296406 -7.565031 12.657027
v -6.803528 -4.996914 12.657026
v -5.681616 -6.155100 12.657026
v -4.176043 0.661254 12.657027
v -4.656955 -7.212897 12.657027
v -4.267262 -8.627876 12.657027
v -3.638830 -8.263936 12.657027
v -2.932672 -10.006175 12.657027
v -2.318577 -9.626878 12.657027
v -1.642050 -10.325277 12.657027
v -2.248800 -10.712449 12.657027
v -3.642068 -11.599410 12.121682
v -1.256807 -11.736924 12.657027
v -2.766781 -12.500854 12.121682
v -2.249713 -10.713337 12.121682
v -2.248800 -10.712449 11.586337
v -2.932672 -10.006175 11.586337
v -1.256807 -11.736924 11.586337
v -1.888366 -13.405534 12.121682
v -0.180801 -12.848165 11.586337
v -1.257643 -11.737744 12.121682
v -0.924335 -14.398376 12.121682
v -0.181569 -12.848910 12.121682
v 0.837175 -13.888719 11.586337
v 0.836385 -13.889485 12.121682
v 0.173643 -15.529174 12.121682
v 1.891223 -14.966130 11.586337
v 1.890383 -14.966950 12.121682
v 1.511659 -16.907187 12.121682
v 3.108354 -16.233490 11.586337
v 2.452035 -14.533217 11.586337
v 3.656853 -15.785743 11.586337
v 4.058820 -17.229868 11.586337
v 4.598167 -16.769987 11.586337
v 5.005370 -18.197401 11.586337
v 5.533850 -17.727465 11.586337
v 6.046634 -19.261753 11.586338
v 6.563158 -18.780752 11.586337
v 7.064611 -20.302307 11.586338
v 7.569444 -19.810472 11.586338
v 8.611406 -20.876705 11.586338
v 9.826084 -22.119671 11.586338
v 8.118696 -21.379759 11.586338
v 7.739141 -23.320820 12.121683
v 8.117819 -21.380539 12.121683
v 9.347448 -22.635756 11.586338
v 6.401080 -21.942762 12.121683
v 7.064611 -20.302305 12.657028
v 8.118696 -21.379757 12.657028
v 7.063822 -20.303074 12.121683
v 5.303101 -20.811964 12.121683
v 6.046634 -19.261751 12.657028
v 6.045868 -19.262497 12.121683
v 4.339070 -19.819115 12.121683
v 5.005370 -18.197399 12.657027
v 5.004638 -18.198116 12.121682
v 3.460701 -18.914490 12.121682
v 4.058541 -17.230139 12.121682
v 4.058820 -17.229866 12.657027
v 3.108354 -16.233488 12.657027
v 2.585375 -18.012999 12.121682
v 3.656853 -15.785743 12.657027
v 4.598167 -16.769985 12.657027
v 5.533850 -17.727463 12.657027
v 18.137583 -22.320303 12.657029
v 1.410074 -13.466987 12.657027
v 4.783933 -8.566846 12.657028
v 2.452035 -14.533217 12.657027
v 6.563158 -18.780750 12.657027
v 7.569444 -19.810471 12.657028
v 8.611406 -20.876703 12.657028
v 9.826084 -22.119669 12.657028
v 10.755226 -23.111094 12.657028
v 11.690907 -24.068563 12.657028
v 12.720219 -25.121859 12.657028
v 13.726505 -26.151581 12.657028
v 30.378204 -34.927322 12.657030
v 25.884607 -38.673119 12.657029
v 24.878275 -37.643349 12.657029
v 23.848965 -36.590054 12.657029
v 22.913322 -35.632622 12.657029
v 21.971972 -34.648342 12.657029
v 20.767145 -33.395809 12.657029
v 19.725193 -32.329586 12.657029
v 18.718906 -31.299858 12.657028
v 17.689594 -30.246563 12.657028
v 16.753952 -29.289133 12.657028
v 15.973284 -28.470337 12.657028
v 14.768467 -27.217812 12.657028
v 13.289738 -26.713516 12.657028
v 14.343782 -27.790920 12.657028
v 15.560917 -29.058285 12.657028
v 12.626207 -28.353973 12.121683
v 13.964226 -29.731985 12.121683
v 14.342939 -27.791740 12.121683
v 14.343784 -27.790922 11.586338
v 13.289740 -26.713518 11.586338
v 15.560919 -29.058287 11.586338
v 14.768469 -27.217813 11.586338
v 15.973286 -28.470339 11.586338
v 16.753954 -29.289135 11.586338
v 17.689596 -30.246565 11.586338
v 16.348923 -29.887348 11.586338
v 15.750765 -31.571930 12.121683
v 16.348644 -29.887617 12.121683
v 17.295481 -30.854889 11.586338
v 14.875479 -30.670477 12.121683
v 16.348921 -29.887346 12.657028
v 15.560417 -29.058775 12.121683
v 17.295479 -30.854887 12.657028
v 18.336735 -31.919230 12.657029
v 16.629171 -32.476593 12.121684
v 17.294744 -30.855602 12.121683
v 18.335970 -31.919977 12.121684
v 18.336737 -31.919231 11.586339
v 17.593204 -33.469440 12.121684
v 19.354713 -32.959789 11.586339
v 18.718908 -31.299860 11.586338
v 19.725195 -32.329586 11.586339
v 20.767147 -33.395809 11.586339
v 20.408802 -34.037235 11.586339
v 21.971973 -34.648342 11.586339
v 21.625893 -35.304554 11.586339
v 22.913324 -35.632622 11.586339
v 23.848967 -36.590054 11.586339
v 22.576366 -36.300941 11.586339
v 21.102959 -37.084114 12.121684
v 23.522909 -37.268471 11.586339
v 21.978231 -37.985550 12.121684
v 22.576088 -36.301212 12.121684
v 22.576365 -36.300941 12.657029
v 21.625891 -35.304554 12.657029
v 23.522907 -37.268471 12.657029
v 24.564173 -38.332821 12.657029
v 22.856653 -38.890232 12.121684
v 23.522175 -37.269184 12.121684
v 24.563408 -38.333565 12.121684
v 24.564175 -38.332821 11.586339
v 23.820646 -39.883038 12.121684
v 24.878277 -37.643349 11.586339
v 25.582148 -39.373375 12.657029
v 25.581360 -39.374142 12.121684
v 24.918625 -41.013836 12.121684
v 26.636246 -40.450836 12.657029
v 26.635403 -40.451653 12.121684
v 26.926571 -39.739349 12.657029
v 28.141193 -40.982262 12.657029
v 29.169811 -42.076130 12.657029
v 30.105492 -43.033600 12.657029
v 31.134800 -44.086895 12.657029
v 32.141079 -45.116611 12.657030
v 30.889786 -44.847523 12.657030
v 30.889023 -44.848267 12.121685
v 33.183041 -46.182842 12.657030
v 34.387863 -47.435375 12.657030
v 35.168537 -48.254169 12.657030
v 36.104179 -49.211601 12.657030
v 34.966999 -49.061958 12.657030
v 35.913548 -50.029495 12.657030
v 34.368832 -50.746536 12.121685
v 34.966721 -49.062229 12.121685
v 35.912811 -50.030209 12.121685
v 37.133480 -50.264885 12.657030
v 38.139767 -51.294613 12.657030
v 20.029243 -35.978302 12.121684
v 21.625389 -35.305042 12.121684
v 20.408800 -34.037235 12.657029
v 19.354712 -32.959789 12.657029
v 18.691181 -34.600243 12.121684
v 20.407921 -34.038017 12.121684
v 19.353924 -32.960556 12.121684
v 13.726507 -26.151583 11.586338
v 12.271719 -25.672918 11.586338
v 12.720221 -25.121861 11.586338
v 11.230453 -24.608566 11.586338
v 11.690908 -24.068565 11.586338
v 10.283903 -23.641033 11.586338
v 10.755228 -23.111095 11.586338
v 9.685783 -25.325651 12.121683
v 10.283625 -23.641304 12.121683
v 8.810497 -24.424202 12.121683
v 9.347448 -22.635754 12.657028
v 10.283901 -23.641031 12.657028
v 9.346441 -22.636732 12.121683
v 11.230452 -24.608564 12.657028
v 12.271717 -25.672916 12.657028
v 10.564198 -26.230326 12.121683
v 11.229719 -24.609282 12.121683
v 12.270952 -25.673662 12.121683
v 11.528231 -27.223173 12.121683
v 13.288950 -26.714285 12.121683
v 1.891223 -14.966130 12.657027
v 0.837175 -13.888719 12.657027
v 0.403784 -12.437257 12.657027
v -0.180801 -12.848165 12.657027
v -0.660676 -11.338379 12.657027
v -2.349983 2.434314 12.657027
v -2.350153 2.434149 12.121682
v -16.126398 16.639748 12.657026
v -26.096354 26.920185 12.657025
v -26.096409 26.920126 12.121680
v -16.126499 16.639647 12.121681
v -17.960974 14.858418 12.657026
v -31.776628 20.692129 12.657024
v -30.840946 19.734652 12.657024
v -29.811642 18.681372 12.657025
v -28.805347 17.651642 12.657025
v -27.763386 16.585411 12.657025
v -26.548725 15.342456 12.657025
v -25.808077 14.545159 12.657025
v -24.872402 13.587695 12.657025
v -23.843092 12.534408 12.657025
v -22.836798 11.504676 12.657025
v -21.794842 10.438453 12.657025
v -27.937101 25.132856 12.657025
v -32.717957 21.676392 12.657024
v -40.481342 38.052071 12.657024
v -33.922768 22.928904 12.657024
v -34.964725 23.995138 12.657024
v -35.971016 25.024866 12.657024
v -37.000320 26.078152 12.657024
v -37.936001 27.035618 12.657024
v -38.716656 27.854404 12.657024
v -39.921463 29.106918 12.657024
v -40.963425 30.173149 12.657024
v -41.969715 31.202877 12.657024
v -42.999023 32.256161 12.657023
v -43.934704 33.213631 12.657023
v -44.679497 33.975773 12.657023
v -39.209023 40.440842 12.657024
v -45.763840 34.076279 12.657023
v -45.010391 33.306126 12.657023
v -46.483814 32.522972 12.121678
v -45.763840 34.076279 12.121678
v -39.209023 40.440842 12.121679
v -39.209023 40.440842 11.586334
v -26.096352 26.920183 11.586335
v -45.763840 34.076279 11.586333
v -45.010391 33.306126 11.586333
v -40.481342 38.052071 11.586334
v -44.679497 33.975773 11.586333
v -43.934704 33.213631 11.586333
v -42.999023 32.256161 11.586333
v -44.063843 32.338593 11.586333
v -45.608528 31.621523 12.121678
v -44.730118 30.716852 12.121679
v -43.022572 31.274240 11.586334
v -44.064575 32.337883 12.121678
v -44.063843 32.338593 12.657023
v -43.022572 31.274242 12.657024
v -42.004589 30.233688 12.657024
v -43.766090 29.724012 12.121679
v -43.023338 31.273497 12.121679
v -42.005379 30.232920 12.121679
v -42.004589 30.233686 11.586334
v -42.668110 28.593210 12.121679
v -40.950527 29.156248 11.586334
v -41.969715 31.202875 11.586334
v -40.963425 30.173147 11.586334
v -39.921463 29.106916 11.586334
v -38.716656 27.854403 11.586334
v -39.733406 27.888910 11.586334
v -41.330078 27.215178 12.121679
v -39.733913 27.888426 12.121679
v -40.418823 26.276686 12.121679
v -38.945404 27.059839 11.586334
v -37.998848 26.092302 11.586334
v -38.945679 27.059572 12.121679
v -37.936001 27.035616 11.586334
v -39.543533 25.375235 12.121679
v -38.945404 27.059841 12.657024
v -37.998848 26.092304 12.657024
v -37.999580 26.091593 12.121679
v -38.665123 24.470564 12.121679
v -36.957584 25.027954 12.657024
v -36.958347 25.027212 12.121679
v -36.957581 25.027952 11.586334
v -35.939602 23.987398 11.586334
v -37.000320 26.078150 11.586334
v -35.971012 25.024864 11.586334
v -37.701103 23.477730 12.121679
v -35.939602 23.987400 12.657024
v -35.940392 23.986631 12.121679
v -36.603119 22.346924 12.121679
v -34.885532 22.909964 12.657024
v -34.886372 22.909145 12.121679
v -34.885532 22.909962 11.586334
v -35.265087 20.968895 12.121679
v -33.668411 21.642620 11.586334
v -34.964722 23.995136 11.586334
v -33.922764 22.928902 11.586334
v -32.717953 21.676390 11.586334
v -31.776627 20.692127 11.586334
v -27.937099 25.132854 11.586335
v -32.717957 20.646244 11.586334
v -32.731960 20.660116 12.121679
v -34.191376 19.863091 12.121679
v -33.316093 18.961643 12.121679
v -31.771404 19.678707 11.586334
v -31.772135 19.677996 12.121679
v -32.437679 18.056967 12.121680
v -30.730139 18.614359 11.586335
v -30.840944 19.734650 11.586334
v -29.811640 18.681370 11.586335
v -29.712158 17.573801 11.586335
v -28.805346 17.651640 11.586335
v -28.658089 16.496363 11.586335
v -27.763384 16.585409 11.586335
v -27.429312 15.240350 11.586335
v -26.548723 15.342456 11.586335
v -25.808075 14.545159 11.586335
v -26.683449 14.431354 11.586335
v -25.736902 13.463824 11.586335
v -28.156870 13.648198 12.121680
v -26.683727 14.431083 12.121680
v -27.281584 12.746747 12.121680
v -26.683451 14.431354 12.657025
v -25.736904 13.463824 12.657025
v -25.737633 13.463115 12.121680
v -26.403173 11.842082 12.121680
v -24.695631 12.399465 12.657025
v -24.696396 12.398721 12.121680
v -24.695629 12.399465 11.586335
v -25.439148 10.849240 12.121680
v -23.677652 11.358911 11.586335
v -24.872400 13.587695 11.586335
v -23.843090 12.534408 11.586335
v -22.836796 11.504676 11.586335
v -22.623583 10.281474 11.586335
v -22.624422 10.280665 12.121680
v -24.341175 9.718442 12.121680
v -21.406466 9.014134 11.586335
v -23.003124 8.340396 12.121680
v -22.623585 10.281474 12.657025
v -21.406965 9.013650 12.121680
v -21.406466 9.014134 12.657025
v -20.618464 8.185073 12.657025
v -22.091869 7.401905 12.121680
v -20.590036 9.185939 12.657025
v -19.809376 8.367141 12.657025
v -19.671913 7.217540 12.657025
v -18.873692 7.409669 12.657025
v -17.844379 6.356382 12.657025
v -18.630650 6.153188 12.657026
v -20.338169 5.595781 12.121681
v -17.612673 5.112635 12.657026
v -19.374136 4.602932 12.121681
v -18.631414 6.152444 12.121681
v -18.630650 6.153188 11.586336
v -19.671913 7.217540 11.586335
v -17.612673 5.112635 11.586336
v -16.558582 4.035176 11.586336
v -18.276159 3.472133 12.121681
v -17.613462 5.111868 12.121681
v -16.558582 4.035176 12.657026
v -16.559420 4.034364 12.121681
v -16.938150 2.094121 12.121681
v -15.341486 2.767865 12.657026
v -15.341990 2.767376 12.121681
v -15.341486 2.767865 11.586336
v -14.391027 1.771486 11.586336
v -15.864433 0.988316 12.121681
v -14.391027 1.771486 12.657026
v -14.391306 1.771215 12.121681
v -14.989153 0.086865 12.121681
v -13.444477 0.803952 12.657026
v -13.445209 0.803241 12.121681
v -13.444477 0.803952 11.586336
v -14.110733 -0.817807 12.121681
v -12.403212 -0.260400 11.586336
v -13.146708 -1.810655 12.121681
v -11.385195 -1.300996 11.586336
v -12.403979 -0.261143 12.121681
v -12.403212 -0.260400 12.657026
v -11.385195 -1.300996 12.657026
v -12.714321 1.066182 12.657026
v -11.685011 0.012895 12.657026
v -10.678720 -1.016831 12.657026
v -9.636759 -2.083062 12.657026
v -10.331151 -2.378408 12.657026
v -12.048731 -2.941455 12.121681
v -9.102354 -3.634441 12.657026
v -10.710714 -4.319468 12.121681
v -10.331991 -2.379224 12.121681
v -10.331151 -2.378408 11.586336
v -9.102354 -3.634441 11.586336
v -9.707042 -5.353141 12.121681
v -9.103360 -3.635419 12.121681
v -8.342859 -4.418820 12.657026
v -8.344083 -4.420000 12.121681
v -8.422087 -3.326027 12.657026
v -7.670709 -4.101701 12.657026
v -11.385984 -1.301763 12.121681
v -13.649998 2.023655 12.657026
v -14.591314 3.007903 12.657026
v -15.796131 4.260427 12.657026
v -16.838093 5.326660 12.657026
v -21.216583 6.500453 12.121680
v -20.618464 8.185073 11.586335
v -19.672646 7.216830 12.121680
v -20.618742 8.184802 12.121680
v -23.677654 11.358911 12.657025
v -23.678442 11.358144 12.121680
v -27.429314 15.240350 12.657025
v -28.658091 16.496365 12.657025
v -29.037642 14.555299 12.121680
v -27.430319 15.239375 12.121680
v -28.658936 16.495560 12.121680
v -30.375673 15.933328 12.121680
v -29.712160 17.573803 12.657025
v -29.712948 17.573034 12.121680
v -31.473660 17.064135 12.121680
v -30.730141 18.614361 12.657025
v -30.730906 18.613615 12.121680
v -31.771406 19.678709 12.657024
v -32.717957 20.646246 12.657024
v -33.668411 21.642622 12.657024
v -33.668915 21.642132 12.121679
v -39.733406 27.888912 12.657024
v -40.950527 29.156250 12.657024
v -40.951366 29.155432 12.121679
v -45.010670 33.305855 12.121678
v 3.107855 -16.233976 12.121682
v -4.267262 -8.627876 11.586337
v -4.553320 -10.660918 12.121682
v -2.933609 -10.007085 12.121682
v -4.268315 -8.628906 12.121682
v -5.891337 -9.282905 12.121682
v -5.297521 -7.566113 12.121682
v 40.243977 -54.479176 12.657030
v 41.194431 -55.475548 12.657030
v 48.533741 -62.780651 11.586341
v 47.808838 -64.588287 12.121686
v 49.480247 -63.748135 11.586341
v 48.533463 -62.780922 12.121686
v 50.521557 -64.812531 11.586341
v 49.479511 -63.748848 12.121686
v 48.687248 -65.492958 12.121686
v 49.480247 -63.748135 12.657031
v 50.521557 -64.812531 12.657031
v 50.520794 -64.813278 12.121686
v 49.651283 -66.485809 12.121686
v 51.539524 -65.853081 12.657031
v 51.538734 -65.853844 12.121686
v 51.539524 -65.853081 11.586341
v 52.593578 -66.930489 11.586341
v 50.749260 -67.616600 12.121686
v 52.593578 -66.930489 12.657031
v 52.592735 -66.931305 12.121686
v 52.087269 -68.994614 12.121686
v 53.810715 -68.197853 12.657031
v 53.810219 -68.198334 12.121686
v 53.810715 -68.197853 11.586341
v 53.160976 -70.100418 12.121687
v 54.761177 -69.194229 11.586341
v 54.036270 -71.001877 12.121687
v 54.760899 -69.194496 12.121686
v 55.707722 -70.161758 11.586342
v 56.748993 -71.226128 11.586342
v 55.706993 -70.162468 12.121687
v 54.914680 -71.906540 12.121687
v 55.707722 -70.161758 12.657032
v 56.748993 -71.226128 12.657032
v 56.748226 -71.226860 12.121687
v 55.878719 -72.899391 12.121687
v 58.096302 -72.135254 12.657032
v 58.091022 -72.140381 12.121687
v 58.096302 -72.135254 11.586342
v 59.012577 -73.023186 11.586342
v 56.843937 -73.909393 12.121687
v 59.012577 -73.023186 12.657032
v 57.990246 -75.074043 12.121687
v 66.393021 -69.780815 12.121688
v 65.538750 -68.896065 12.657032
v 54.761177 -69.194229 12.657031
v -37.367924 41.775517 12.681252
v -42.603741 36.691673 13.091077
v -40.960201 45.475170 12.681252
v -37.367924 41.775517 11.320706
v -40.960201 45.475170 11.320705
v -42.603741 36.691673 10.910880
v -46.196011 40.391327 10.910880
v -47.839550 31.607828 11.320705
v -51.431828 35.307480 11.320705
v -51.431828 35.307480 12.681252
v -47.839550 31.607830 12.681252
v -46.196011 40.391327 13.091077
v 66.892212 54.633751 4.254040
v 66.940399 54.668575 4.104186
v 67.573059 54.800900 4.588708
v 67.524857 54.766098 4.738563
v 66.793030 54.705250 4.130706
v 66.246529 55.131058 4.827419
v 66.345703 55.059563 4.950752
v 66.889954 55.333138 5.459576
v 66.978378 55.191879 5.435276
v 66.257294 55.200809 4.975054
v 66.096359 55.905155 4.472781
v 66.729019 56.037498 4.957303
v 66.876389 56.000805 4.930782
v 66.777206 56.072315 4.807449
v 67.323700 55.646519 4.110736
v 67.422882 55.575008 4.234069
v 66.144539 55.939983 4.322926
v 66.691040 55.514172 3.626215
v 66.085587 55.835403 4.325145
v 66.632095 55.409595 3.628433
v 66.779449 55.372913 3.601912
v 67.412109 55.505257 4.086434
v 67.583817 54.870670 4.736344
v 67.037323 55.296459 5.433056
v 71.451187 42.683319 4.388882
v 71.499374 42.718132 4.239028
v 72.132034 42.850468 4.723550
v 72.083832 42.815666 4.873405
v 71.352020 42.754818 4.265548
v 70.805511 43.180630 4.962261
v 70.904694 43.109127 5.085594
v 71.448944 43.382706 5.594418
v 71.537369 43.241455 5.570117
v 70.816269 43.250381 5.109896
v 70.655365 43.954723 4.607623
v 71.288010 44.087048 5.092144
v 71.435379 44.050377 5.065624
v 71.336182 44.121880 4.942291
v 71.882690 43.696068 4.245578
v 71.981873 43.624577 4.368911
v 70.703537 43.989536 4.457768
v 71.250031 43.563740 3.761055
v 70.644577 43.884968 4.459986
v 71.191071 43.459164 3.763275
v 71.338440 43.422501 3.736754
v 71.971085 43.554825 4.221276
v 72.142807 42.920238 4.871186
v 71.596298 43.346027 5.567898
v 68.485153 50.458214 4.301154
v 68.533340 50.493031 4.151299
v 69.165985 50.625351 4.635823
v 69.117783 50.590549 4.785678
v 68.385971 50.529697 4.177822
v 67.839462 50.955494 4.874534
v 67.938644 50.884018 4.997867
v 68.482880 51.157593 5.506691
v 68.571304 51.016346 5.482389
v 67.850235 51.025265 5.022169
v 67.689301 51.729610 4.519896
v 68.321945 51.861950 5.004417
v 68.469330 51.825253 4.977897
v 68.370148 51.896751 4.854564
v 68.916641 51.470955 4.157851
v 69.015808 51.399471 4.281184
v 67.737488 51.764427 4.370041
v 68.283981 51.338627 3.673328
v 67.678528 51.659866 4.372259
v 68.225037 51.234055 3.675547
v 68.372406 51.197372 3.649027
v 69.005066 51.329700 4.133549
v 69.176758 50.695118 4.783459
v 68.630264 51.120914 5.480171
v 71.855499 41.803165 4.741838
v 71.874969 41.804012 4.792720
v 70.442429 45.306725 4.853271
v 70.401382 45.305084 4.755645
v 71.848389 41.802261 4.685280
v 72.003967 41.802879 4.683636
v 72.005890 41.805679 4.866883
v 72.103027 41.801029 4.534323
v 72.069260 41.805809 4.857244
v 72.065598 41.800480 4.508687
v 72.106155 41.805565 4.830822
v 72.002045 41.800076 4.500390
v 72.135223 41.805069 4.789970
v 71.938675 41.799957 4.510029
v 72.153625 41.804363 4.738687
v 71.901779 41.800213 4.536450
v 72.159546 41.803520 4.681992
v 71.872711 41.800716 4.577302
v 71.904907 41.804749 4.832949
v 72.152435 41.802631 4.625434
v 71.854309 41.801434 4.628585
v 71.942337 41.805286 4.858586
v 72.132965 41.801773 4.574551
v 70.934891 45.303917 4.532607
v 70.893845 45.302261 4.434982
v 70.830719 45.300808 4.357829
v 70.668137 45.304501 4.644126
v 70.937164 45.307240 4.749982
v 70.499588 45.299469 4.361329
v 70.949814 45.305637 4.641149
v 70.438080 45.300400 4.439800
v 70.505569 45.308170 4.930424
v 70.399109 45.301762 4.538270
v 70.584610 45.309250 4.979552
v 70.386459 45.303360 4.647104
v 70.671829 45.309879 4.995845
v 70.758698 45.309967 4.977711
v 70.751663 45.299736 4.308700
v 70.836700 45.309509 4.926924
v 70.664444 45.299122 4.292407
v 70.898193 45.308586 4.848453
v 70.577591 45.299019 4.310541
v 75.874115 32.478001 4.930630
v 72.215927 42.067184 4.822431
v 75.502533 32.468075 4.382117
v 72.856155 42.077599 5.327821
v 76.514343 32.488411 5.436020
v 75.622772 32.480991 5.195667
v 75.251175 32.471062 4.647154
v 76.262985 32.491390 5.701059
v 72.604813 42.080578 5.592860
v 71.964584 42.070171 5.087468
v 71.593002 42.060234 4.538956
v 71.844345 42.057270 4.273918
v 74.958450 32.456535 3.775359
v 71.300247 42.045715 3.667160
v 71.551605 42.042725 3.402122
v 75.209793 32.453548 3.510321
v 66.625244 54.578243 5.553833
v 66.859589 54.575169 5.551417
v 66.629410 54.521648 5.554655
v 66.346107 54.721710 5.159576
v 66.631882 54.643856 5.552760
v 66.353577 54.620274 5.161108
v 66.340683 54.601437 3.933387
v 66.389343 54.465561 5.163038
v 66.376465 54.446724 3.935316
v 66.417114 54.340202 3.936579
v 66.625015 54.418152 3.538205
v 66.608200 54.490799 3.537271
v 66.604050 54.547394 3.536449
v 66.838394 54.544319 3.534034
v 66.845856 54.442715 3.535509
v 66.647690 54.358719 3.538875
v 66.886581 54.336014 3.536712
v 67.006302 54.727303 3.529471
v 67.107391 54.727703 3.528403
v 67.216125 54.695129 3.527758
v 67.321838 54.632740 3.527601
v 67.274155 54.802708 3.525503
v 67.334717 54.784557 3.525144
v 67.409485 54.751438 3.524866
v 67.344421 55.106647 3.915113
v 67.468353 54.716698 3.524778
v 67.449982 55.044357 3.914897
v 67.597092 54.934086 3.915097
v 67.610046 54.952827 5.142820
v 67.462921 55.063091 5.142620
v 67.489563 54.747547 5.542161
v 67.357376 55.125393 5.142836
v 67.430695 54.782288 5.542249
v 67.343048 54.663589 5.544984
v 67.237320 54.725979 5.545142
v 67.355911 54.815407 5.542528
v 67.295349 54.833557 5.542886
v 67.198105 55.195930 5.143371
v 67.089554 55.228474 5.144074
v 67.076584 55.209709 3.916352
v 67.185150 55.177181 3.915648
v 66.920746 55.233597 3.917564
v 67.200974 54.813923 3.526101
v 66.847321 54.812500 3.529838
v 66.682678 55.208103 3.920456
v 66.782928 54.800713 3.530696
v 66.819809 55.233181 3.918691
v 66.832779 55.251957 5.146413
v 66.933701 55.252357 5.145286
v 67.222183 54.844772 5.543484
v 66.868530 54.843349 5.547222
v 67.027512 54.758152 5.546854
v 66.804138 54.831562 5.548079
v 66.695618 55.226883 5.148178
v 66.612183 55.193573 5.149624
v 66.599243 55.174774 3.921902
v 66.494186 55.103172 3.924041
v 66.736389 54.782120 3.531469
v 66.687073 54.748512 3.532501
v 66.922745 54.693924 3.530860
v 66.864883 54.630886 3.532431
v 66.625443 54.661221 3.534484
v 66.654831 54.713394 3.533377
v 66.373779 54.929085 3.927969
v 66.436417 55.040218 3.925670
v 66.449356 55.059025 5.153392
v 66.507141 55.121967 5.151762
v 66.708282 54.779362 5.549884
v 66.757584 54.812969 5.548852
v 66.943939 54.724773 5.548243
v 66.886078 54.661736 5.549815
v 66.676041 54.744244 5.550761
v 66.646637 54.692070 5.551867
v 66.386703 54.947899 5.155691
v 66.360245 54.861481 5.157350
v 66.347336 54.842655 3.929628
v 66.333206 54.702896 3.931853
v 66.610672 54.613007 3.535376
v 67.128586 54.758553 5.545786
v 66.867065 54.473564 5.552892
v 66.646210 54.449001 5.555588
v 66.668884 54.389568 5.556259
v 66.907776 54.366863 5.554096
v 66.746429 54.260571 5.557416
v 66.707474 54.317024 5.556963
v 66.977722 54.265503 5.554911
v 66.803024 54.195206 5.557822
v 66.854477 54.147251 5.558014
v 67.070068 54.179428 5.555257
v 67.435394 54.577507 5.545331
v 67.505341 54.476162 5.546146
v 67.666687 54.582455 5.542825
v 67.610077 54.647820 5.542420
v 67.558640 54.695763 5.542227
v 67.702240 54.866871 5.143106
v 67.822800 54.727669 5.144027
v 67.689301 54.848145 3.915382
v 67.537430 54.664913 3.524844
v 67.588882 54.616970 3.525037
v 67.809845 54.708935 3.916304
v 67.645493 54.551605 3.525442
v 67.892639 54.626461 5.144782
v 67.879700 54.607735 3.917058
v 67.684433 54.495167 3.525895
v 67.723038 54.422607 3.526600
v 67.961899 54.453213 3.918617
v 67.974823 54.471935 5.146341
v 67.766891 54.394028 5.544653
v 68.015457 54.365395 5.147483
v 67.744247 54.453457 5.543983
v 67.546051 54.369461 5.547349
v 67.705643 54.526016 5.543278
v 67.783707 54.321388 5.545587
v 67.175797 54.117058 5.555100
v 67.284500 54.084473 5.554456
v 67.553528 54.267838 5.548825
v 67.766479 54.150955 5.548375
v 67.385605 54.084888 5.553387
v 67.781235 54.199184 5.547482
v 67.527039 54.181290 5.550427
v 67.787857 54.264797 5.546409
v 68.058701 54.109226 5.150946
v 68.051239 54.210674 5.149533
v 68.038330 54.191956 3.921810
v 68.002533 54.346680 3.919760
v 67.745682 54.363178 3.527270
v 67.762497 54.290539 3.528204
v 67.766663 54.233948 3.529026
v 67.532318 54.236988 3.531441
v 67.524841 54.338612 3.529966
v 67.484131 54.445312 3.528763
v 67.154587 54.086208 3.537717
v 67.263306 54.053623 3.537073
v 67.364395 54.054039 3.536004
v 67.169724 53.967407 3.539374
v 67.096558 53.978615 3.539972
v 67.302414 53.583698 3.938843
v 67.035995 53.996773 3.540331
v 67.193863 53.616215 3.939427
v 67.047440 53.705559 5.167805
v 67.206711 53.635021 5.167150
v 67.034576 53.686764 3.940082
v 66.961227 54.029869 3.540610
v 66.941895 53.767853 5.167902
v 66.929047 53.749027 3.940179
v 66.902328 54.064636 3.540697
v 66.781921 53.859314 3.940099
v 66.794769 53.878117 5.167821
v 66.702560 53.964073 5.167416
v 66.923538 54.095486 5.558080
v 66.982422 54.060719 5.557993
v 67.057205 54.027622 5.557714
v 67.117767 54.009464 5.557355
v 67.315262 53.602470 5.166568
v 67.190918 53.998257 5.556757
v 67.544586 53.999691 5.553020
v 67.471100 53.578583 5.165236
v 67.572037 53.578983 5.164228
v 67.559189 53.560215 3.936504
v 67.458252 53.559795 3.937511
v 67.523376 53.968842 3.535637
v 67.696335 53.585316 3.934620
v 67.587769 53.980606 3.534779
v 67.634338 53.999187 3.534006
v 67.779785 53.618622 3.933294
v 67.447968 54.087387 3.534616
v 67.683640 54.032814 3.532974
v 67.505829 54.150440 3.533044
v 67.745285 54.120106 3.530991
v 67.715851 54.067936 3.532099
v 68.005234 53.864311 3.927108
v 67.942581 53.753193 3.929525
v 67.955460 53.771927 5.157249
v 67.897675 53.708981 5.158759
v 67.884811 53.690224 3.931035
v 67.792648 53.637363 5.161018
v 67.608978 54.011456 5.552163
v 67.709198 53.604065 5.162344
v 67.655533 54.030037 5.551389
v 67.469162 54.118237 5.552000
v 67.704849 54.063663 5.550357
v 67.737061 54.098785 5.549482
v 68.018112 53.883041 5.154831
v 68.044586 53.969471 5.153291
v 68.031677 53.950745 3.925567
v 68.045807 54.090500 3.923222
v 67.760040 54.168335 3.530099
v 66.582016 54.103306 5.166614
v 66.689697 53.945267 3.939693
v 66.833267 54.116402 3.540631
v 66.781830 54.164356 3.540438
v 66.569153 54.084473 3.938891
v 66.725235 54.229721 3.540033
v 66.512177 54.204491 5.165740
v 66.499313 54.185661 3.938018
v 66.686264 54.286175 3.539580
v 66.429993 54.359024 5.164300
v 66.956528 54.234653 3.537528
v 67.414200 54.546658 3.527947
v 67.048874 54.148579 3.537874
v 65.230034 52.187946 5.596179
v 67.190353 51.521454 5.585772
v 65.289597 51.738018 5.602434
v 64.891953 52.297047 5.212027
v 65.253540 52.794903 5.586651
v 64.941895 51.853119 5.218874
v 64.929031 51.834076 3.990272
v 65.144127 51.047832 5.228562
v 65.460693 51.055565 5.611072
v 65.319977 50.586807 5.234083
v 65.307167 50.567833 4.005754
v 65.131256 51.028843 4.000235
v 65.439682 51.024986 3.611416
v 65.268585 51.707439 3.602777
v 65.209023 52.157368 3.596523
v 67.169342 51.490875 3.586117
v 67.257401 51.031967 3.592209
v 65.616074 50.562630 3.616632
v 67.433487 50.570389 3.597417
v 68.611969 52.279522 3.558897
v 69.053513 51.931232 3.559584
v 69.425766 53.655964 3.529297
v 69.410675 51.499969 3.562426
v 69.991913 53.188190 3.530501
v 70.371399 52.785179 3.532676
v 70.533554 53.018307 3.912713
v 71.106644 52.303520 3.918354
v 70.857208 52.180286 3.536821
v 71.140594 51.731258 3.540710
v 69.672516 51.041767 3.566681
v 71.489929 51.049526 3.547464
v 69.848587 50.580181 3.571889
v 67.695297 50.112194 3.601672
v 68.052460 49.680927 3.604514
v 67.680237 47.956215 3.634800
v 68.494019 49.332626 3.605201
v 67.114059 48.423988 3.633597
v 66.734589 48.826996 3.631421
v 66.580505 48.605640 4.021730
v 66.007431 49.320446 4.017554
v 66.248779 49.431889 3.627275
v 65.965393 49.880920 3.623387
v 65.719002 49.763405 4.013227
v 65.731796 49.782429 5.241831
v 65.986404 49.911499 5.623043
v 65.637085 50.593208 5.616289
v 66.020233 49.339359 5.245635
v 66.269791 49.462467 5.626931
v 66.755600 48.857574 5.631077
v 66.593201 48.624699 5.250555
v 66.975784 48.236362 5.252401
v 66.963013 48.217503 4.024408
v 67.135071 48.454567 5.633252
v 68.073471 49.711506 5.604170
v 67.701248 47.986794 5.634456
v 68.151779 47.675388 5.634483
v 68.515030 49.363205 5.604856
v 67.642334 47.684444 5.253954
v 68.090622 47.391140 5.253717
v 68.077866 47.372276 4.025567
v 67.629715 47.665405 4.024994
v 68.130768 47.644810 3.634828
v 68.719513 47.352413 3.633113
v 69.194687 47.181450 3.630734
v 68.766464 47.029362 4.022768
v 68.971054 49.136124 3.603193
v 69.408401 49.137905 3.598570
v 69.753555 47.083553 3.626358
v 69.936661 50.121277 3.577981
v 69.909134 49.688450 3.584889
v 69.734268 49.337669 3.592091
v 71.382172 47.657993 3.600460
v 71.018005 47.361729 3.608818
v 70.674530 47.187454 3.615093
v 71.594101 47.972076 3.593431
v 72.122681 48.238522 3.969665
v 71.802185 48.442989 3.584043
v 71.878662 47.682903 3.980608
v 71.891464 47.701450 5.209574
v 72.135544 48.257210 5.197659
v 71.668030 47.405575 5.215648
v 71.655228 47.386868 3.987495
v 71.230072 47.039539 3.997256
v 70.894745 46.896099 5.231677
v 70.882034 46.877346 4.003186
v 71.242783 47.058144 5.226236
v 71.039017 47.392307 5.608473
v 70.695541 47.218033 5.614748
v 69.755280 49.368248 5.591747
v 71.403183 47.688572 5.600116
v 71.615112 48.002655 5.593086
v 69.930145 49.719028 5.584545
v 71.823196 48.473568 5.583698
v 71.894470 48.878410 5.576758
v 72.221161 48.647278 5.191556
v 72.208267 48.628746 3.962725
v 72.247925 49.364483 5.179574
v 71.917969 49.485378 5.567230
v 72.198013 49.808403 5.173894
v 72.185043 49.789864 3.945286
v 72.235046 49.345837 3.951490
v 71.896957 49.454800 3.567575
v 71.873459 48.847832 3.577103
v 71.837402 49.904732 3.561319
v 71.982803 50.595097 3.934871
v 71.666306 50.587166 3.552682
v 71.806915 51.056129 3.929988
v 71.395050 51.860554 3.921514
v 71.995758 50.613689 5.163204
v 71.819931 51.074711 5.158320
v 71.408112 51.879093 5.150122
v 71.161606 51.761837 5.540366
v 71.510941 51.080105 5.547121
v 71.119659 52.322166 5.146437
v 70.878220 52.210865 5.536477
v 70.392410 52.815758 5.532332
v 70.546677 53.036835 5.141541
v 70.164108 53.425156 5.139550
v 70.151077 53.406467 3.911558
v 70.012924 53.218769 5.530157
v 69.074524 51.961811 5.559239
v 69.446777 53.686543 5.528953
v 68.996216 53.997932 5.528925
v 68.632980 52.310101 5.558553
v 69.497574 53.977089 5.138232
v 69.049301 54.270397 5.138445
v 69.036224 54.251690 3.910295
v 69.484375 53.958527 3.909270
v 68.975204 53.967354 3.529270
v 68.386475 54.259758 3.530985
v 67.911285 54.430717 3.533363
v 68.347626 54.594566 3.911481
v 68.134918 52.476048 3.560904
v 67.352432 54.528599 3.537740
v 67.196854 51.923706 3.579208
v 67.697586 52.474266 3.565527
v 67.371719 52.274502 3.572006
v 66.431442 54.424717 3.549005
v 66.914017 54.526814 3.542373
v 66.791931 54.865486 3.924272
v 67.228424 54.867290 3.919179
v 67.877228 54.753315 3.914691
v 67.241638 54.886036 5.147987
v 67.373444 54.559177 5.537395
v 67.890350 54.772072 5.143177
v 66.805084 54.884335 5.153080
v 66.935028 54.557392 5.542029
v 67.718597 52.504845 5.565184
v 66.452454 54.455296 5.548661
v 66.108994 54.281002 5.554935
v 67.392731 52.305080 5.571662
v 66.245163 54.765438 5.160195
v 65.897125 54.603382 5.167024
v 65.884018 54.584427 3.938055
v 66.232056 54.746597 3.931710
v 66.087982 54.250423 3.555280
v 65.458839 54.237099 3.947851
v 65.723801 53.954174 3.563637
v 65.511864 53.640083 3.570667
v 65.235413 53.941059 3.954715
v 65.248436 53.960094 5.183671
v 65.004341 53.404312 5.193883
v 64.991394 53.385433 3.965893
v 65.471863 54.255951 5.176000
v 65.744812 53.984753 5.563293
v 65.532875 53.670662 5.570323
v 67.217865 51.954285 5.578864
v 65.324814 53.199760 5.579710
v 64.918755 53.014271 5.201509
v 64.905823 52.995220 3.972687
v 64.879044 52.278133 3.983947
v 65.232529 52.764324 3.586995
v 65.303802 53.169182 3.580055
v 68.155930 52.506626 5.560560
v 68.407486 54.290337 5.530640
v 67.932297 54.461296 5.533020
v 68.360840 54.613209 5.140455
v 67.278412 51.062546 5.591865
v 67.454498 50.600967 5.597073
v 67.716309 50.142773 5.601328
v 69.431686 51.530548 5.562081
v 69.693527 51.072346 5.566337
v 69.869598 50.610760 5.571545
v 71.858414 49.935310 5.560975
v 71.687317 50.617744 5.552338
v 69.957672 50.151855 5.577637
v 68.992065 49.166702 5.602848
v 69.429413 49.168484 5.598226
v 68.740524 47.382992 5.632769
v 69.215698 47.212029 5.630391
v 69.774567 47.114132 5.626014
v 70.212982 47.115936 5.621380
v 69.898254 46.775494 5.244099
v 69.249573 46.889458 5.249436
v 68.779053 47.048313 5.251744
v 69.236877 46.870636 4.020947
v 69.885651 46.756645 4.015286
v 70.191971 47.085358 3.621724
v 70.322159 46.758488 4.011150
v 70.334824 46.777222 5.239964
v 75.758423 44.685040 3.705385
v 78.119827 43.847607 3.693377
v 78.101700 43.888447 5.469903
v 75.742920 44.712074 5.482093
v 77.967941 43.809925 3.615931
v 64.497681 43.755283 3.758313
v 66.036285 44.645607 3.808148
v 64.320160 43.791626 3.839241
v 64.364563 43.833466 5.615827
v 66.055084 44.672962 5.596982
v 64.342773 43.746471 3.803670
v 64.315857 43.797245 3.841121
v 65.623032 44.548172 3.840736
v 65.700180 44.613781 3.836934
v 65.640472 44.574238 5.574321
v 64.360092 43.839081 5.613883
v 65.716118 44.502365 3.734085
v 65.894844 44.697273 3.729226
v 66.383408 44.683968 3.724296
v 75.301300 44.845329 3.628119
v 66.251465 44.790760 3.724049
v 75.380554 44.720463 3.629195
v 66.367294 44.809101 3.722552
v 74.573334 45.775345 3.621546
v 66.168777 45.050262 3.720950
v 73.903976 46.068741 3.624093
v 75.315399 45.087322 3.624270
v 75.440765 44.997715 3.624323
v 74.705811 45.745029 3.730140
v 75.327911 45.173759 3.727714
v 75.444580 45.084080 3.727454
v 76.136826 44.682636 5.466130
v 76.118546 44.656040 3.726811
v 75.857483 44.737667 3.623921
v 75.462860 45.110676 5.466559
v 75.461243 45.027504 5.572340
v 75.877960 44.767456 5.571938
v 75.346024 45.200489 5.465711
v 75.335938 45.117149 5.572286
v 75.321762 44.875118 5.576136
v 66.387756 44.838890 5.670569
v 74.593735 45.805111 5.569564
v 74.722702 45.772713 5.461643
v 74.621872 45.882504 5.463683
v 74.132584 46.519775 5.459035
v 74.450439 45.984184 5.568332
v 74.114304 46.493179 3.719838
v 74.603592 45.855907 3.724398
v 74.429977 45.954395 3.620315
v 73.980148 46.151428 3.622029
v 74.087128 46.405354 3.617021
v 73.762100 46.541077 3.618361
v 73.843079 46.193691 3.622822
v 66.828293 46.040028 3.698883
v 66.793839 46.165092 3.697334
v 71.644516 50.703892 3.576954
v 66.609772 46.512081 3.693961
v 66.689362 46.121868 3.699092
v 66.391052 45.921783 3.705286
v 66.389297 46.374119 3.698387
v 66.298706 46.461464 3.802450
v 66.298256 46.605095 5.263515
v 66.316978 46.488060 5.541647
v 66.285706 46.587364 4.077667
v 66.296387 45.822208 3.812207
v 66.384598 45.742123 3.708102
v 66.279465 45.712009 3.816728
v 66.297287 45.737286 5.548258
v 66.314659 45.848804 5.551491
v 66.411514 45.951572 5.653304
v 66.404999 45.771919 5.656120
v 66.189346 45.080009 5.668967
v 66.848770 46.069817 5.646901
v 73.924454 46.098530 5.572111
v 73.863541 46.223480 5.570839
v 74.000610 46.181217 5.570046
v 74.107590 46.435143 5.565038
v 73.782684 46.570869 5.566377
v 71.972595 50.729912 5.141276
v 71.664993 50.733681 5.524971
v 74.052841 46.636948 5.181077
v 66.814316 46.194881 5.645351
v 66.709839 46.151657 5.647110
v 66.630371 46.541855 5.641978
v 65.570175 50.708950 5.589394
v 66.409760 46.403908 5.646405
v 71.852371 50.821449 5.423363
v 65.318283 50.794872 5.486126
v 65.253975 50.702652 5.212293
v 65.241501 50.684498 4.025054
v 65.549713 50.679161 3.641376
v 65.294891 50.768150 3.740992
v 71.828964 50.794750 3.678228
v 71.960114 50.711758 3.954038
v 74.040588 46.618412 3.995238
v 66.132645 44.989670 5.670944
v 66.112244 45.162888 5.563612
v 66.271935 44.820549 5.672066
v 66.064270 45.072556 5.565903
v 65.915314 44.727062 5.677243
v 65.718452 44.640377 5.576252
v 66.046005 45.045959 3.826798
v 66.112167 44.959881 3.722927
v 66.094040 45.136459 3.825612
v 65.738609 44.529209 5.682126
v 66.403885 44.713757 5.672313
v 64.518143 43.785072 5.706330
v 76.204590 44.574612 5.571455
v 75.401031 44.750252 5.577212
v 64.388596 43.783081 5.661662
v 77.988419 43.839714 5.563948
v 76.263748 44.617802 5.463798
v 78.117569 43.838768 5.516545
v 78.101791 43.894817 5.468762
v 78.119873 43.853264 3.695340
v 76.246628 44.590851 3.730222
v 76.184341 44.541874 3.623480
v 78.130493 43.802402 3.657933
v 75.451202 44.857780 5.575041
v 75.430725 44.827991 3.627024
v 64.340569 43.819794 5.468931
v 64.336830 43.824474 5.467309
v 64.299980 43.789635 3.990008
v 64.303558 43.784924 3.988442
v 64.364563 43.833466 5.615827
v 64.320160 43.791626 3.839241
v 78.101700 43.888447 5.469903
v 78.119827 43.847607 3.693377
v -60.419373 -69.959549 5.387928
v 62.540241 60.201893 2.105418
v -64.795135 -65.801880 6.340162
v -64.766006 -65.759499 9.111837
v -60.369873 -69.887512 10.098602
v -56.023243 -74.087563 6.374693
v -55.994118 -74.045174 9.146368
v 66.936386 56.073872 3.092184
v 66.965500 56.116257 5.863859
v 62.589741 60.273930 6.816092
v 58.164474 64.359558 3.057653
v 58.193600 64.401947 5.829329
vn 0.2487 0.2487 0.9361
vn 0.1916 -0.0000 0.9815
vn 0.9951 -0.0984 -0.0000
vn 0.0093 0.0823 0.9966
vn -0.0001 -0.2568 0.9665
vn -0.0000 -0.1916 0.9815
vn -0.2568 0.0001 0.9665
vn -0.1916 -0.0000 0.9815
vn 0.0984 0.9951 -0.0000
vn -0.0000 0.1916 -0.9815
vn 0.1916 -0.0000 -0.9815
vn -0.0000 -0.1916 -0.9815
vn -0.1916 -0.0000 -0.9815
vn 0.6966 -0.7174 -0.0001
vn 0.6966 -0.7175 0.0001
vn 0.6966 -0.7175 -0.0001
vn 0.6570 -0.6403 0.3979
vn 0.2802 0.2721 0.9206
vn 0.6570 -0.6403 0.3980
vn 0.2801 0.2720 0.9206
vn 0.6299 -0.7722 0.0829
vn -0.0363 -0.0352 0.9987
vn 0.6967 -0.7174 -0.0001
vn 0.6300 -0.7722 0.0828
vn 0.2592 0.2516 0.9325
vn -0.0334 -0.0325 0.9989
vn -0.3729 -0.3620 0.8544
vn 0.6967 -0.7174 -0.0000
vn 0.6966 -0.7175 -0.0000
vn -0.4576 -0.4443 0.7702
vn 0.6965 -0.7175 -0.0000
vn 0.5802 -0.8145 0.0001
vn 0.5801 -0.8145 -0.0001
vn 0.5800 -0.8146 -0.0000
vn 0.3727 0.3621 0.8544
vn 0.5292 0.5139 0.6752
vn 0.5292 0.5138 -0.6753
vn 0.5291 0.5138 0.6753
vn 0.5291 0.5138 -0.6753
vn 0.5292 0.5137 0.6753
vn 0.3729 0.3619 0.8544
vn 0.5293 0.5137 -0.6752
vn 0.5292 0.5138 0.6753
vn -0.6966 0.7174 0.0001
vn 0.3729 0.3619 -0.8544
vn 0.3728 0.3619 -0.8544
vn -0.6966 0.7175 -0.0001
vn -0.6966 0.7174 -0.0000
vn -0.7971 0.6039 0.0001
vn -0.7971 0.6039 -0.0000
vn -0.7972 0.6038 -0.0000
vn -0.3727 -0.3620 0.8544
vn -0.3557 -0.3454 0.8684
vn -0.5085 -0.4939 -0.7054
vn 0.6698 -0.7379 0.0829
vn -0.3757 -0.3649 0.8519
vn -0.4880 -0.4740 -0.7329
vn -0.5087 -0.4938 -0.7053
vn -0.1937 -0.1881 -0.9629
vn 0.6966 -0.7174 -0.0000
vn -0.1936 -0.1881 0.9629
vn -0.2167 -0.2104 -0.9533
vn -0.1936 -0.1879 -0.9629
vn -0.1937 -0.1879 0.9629
vn -0.7174 -0.6966 -0.0001
vn -0.6967 0.7174 -0.0001
vn -0.5085 -0.4939 0.7053
vn -0.2168 -0.2105 0.9533
vn -0.4880 -0.4739 0.7329
vn 0.6698 -0.7379 -0.0829
vn -0.5089 -0.4942 0.7048
vn -0.4576 -0.4443 -0.7702
vn -0.3728 -0.3619 -0.8544
vn 0.6968 -0.7173 -0.0000
vn 0.6967 -0.7174 0.0001
vn -0.0456 -0.0441 0.9980
vn 0.1162 0.1129 0.9868
vn -0.0455 -0.0441 0.9980
vn 0.1160 0.1128 0.9868
vn -0.0454 -0.0443 0.9980
vn 0.1162 0.1126 0.9868
vn 0.1162 0.1127 0.9868
vn 0.3729 0.3620 0.8544
vn -0.6967 0.7174 -0.0000
vn -0.6966 0.7175 0.0001
vn -0.3727 -0.3620 -0.8544
vn -0.0334 -0.0325 -0.9989
vn -0.0362 -0.0353 -0.9987
vn -0.3556 -0.3454 -0.8685
vn -0.0363 -0.0354 -0.9987
vn -0.0333 -0.0325 -0.9989
vn 0.2590 0.2517 -0.9325
vn 0.6299 -0.7723 -0.0830
vn 0.2802 0.2720 -0.9206
vn 0.7144 0.6939 0.0901
vn 0.7155 0.6946 0.0748
vn 0.0173 0.0168 -0.9997
vn 0.7146 0.6937 0.0900
vn -0.7144 -0.6938 -0.0907
vn 0.7623 -0.6448 -0.0564
vn 0.7622 -0.6449 -0.0564
vn -0.7135 -0.6927 -0.1052
vn -0.1870 -0.1815 -0.9655
vn -0.1869 -0.1814 -0.9655
vn 0.6570 -0.6403 -0.3980
vn 0.6966 -0.7174 0.0001
vn 0.7605 -0.6347 -0.1366
vn 0.7606 -0.6347 -0.1367
vn 0.2486 0.2415 -0.9380
vn 0.7125 0.6919 -0.1169
vn 0.6873 -0.7199 -0.0966
vn -0.1725 -0.1674 -0.9707
vn 0.2261 0.2197 -0.9490
vn 0.7126 0.6918 -0.1168
vn 0.7135 0.6928 -0.1047
vn 0.2487 0.2414 -0.9380
vn -0.1869 -0.1815 -0.9655
vn -0.6121 0.7789 -0.1367
vn -0.6120 0.7790 -0.1367
vn -0.6926 0.7212 -0.0143
vn -0.6925 0.7213 -0.0143
vn 0.5408 0.5249 0.6572
vn -0.4973 -0.4829 -0.7207
vn 0.5531 0.5372 0.6368
vn 0.0770 0.0747 -0.9942
vn 0.0541 0.0524 -0.9972
vn -0.4794 -0.4655 -0.7439
vn 0.0392 0.0381 -0.9985
vn 0.7466 -0.6651 0.0161
vn 0.7466 -0.6651 0.0162
vn 0.6964 0.6761 -0.2405
vn 0.7024 0.6818 0.2042
vn 0.7175 0.6965 0.0023
vn 0.7175 0.6965 -0.0009
vn 0.6965 -0.7175 -0.0001
vn 0.7174 0.6967 -0.0000
vn 0.6963 0.6762 0.2405
vn 0.7175 0.6966 0.0008
vn 0.6964 0.6761 0.2406
vn 0.7023 0.6820 -0.2042
vn 0.6964 0.6762 0.2405
vn 0.0541 0.0525 0.9972
vn 0.0393 0.0381 0.9985
vn 0.7465 -0.6651 -0.0162
vn 0.7062 -0.7080 0.0034
vn -0.4794 -0.4656 0.7439
vn -0.4974 -0.4829 0.7207
vn 0.6958 -0.7181 0.0122
vn 0.5552 0.5390 -0.6335
vn 0.0807 0.0786 0.9936
vn 0.5605 0.5443 -0.6242
vn 0.6873 -0.7199 0.0965
vn 0.7126 0.6918 0.1167
vn 0.7134 0.6929 0.1047
vn 0.2487 0.2414 0.9380
vn -0.6121 0.7789 0.1366
vn -0.6924 0.7213 0.0144
vn -0.6925 0.7213 0.0142
vn -0.6120 0.7790 0.1367
vn -0.6965 0.7175 -0.0000
vn -0.6966 0.7175 -0.0000
vn -0.6266 -0.6084 0.4871
vn -0.6965 0.7175 -0.0001
vn -0.7173 -0.6966 0.0154
vn -0.6265 -0.6084 -0.4871
vn -0.7173 -0.6966 0.0152
vn -0.6267 -0.6083 0.4871
vn -0.6265 -0.6085 0.4871
vn -0.7174 -0.6965 0.0152
vn -0.6265 -0.6084 -0.4872
vn -0.6266 -0.6083 -0.4871
vn -0.4331 -0.4207 -0.7972
vn -0.4332 -0.4204 -0.7972
vn -0.2423 -0.2354 -0.9412
vn -0.4331 -0.4207 -0.7971
vn -0.0455 -0.0443 -0.9980
vn -0.6967 0.7174 0.0001
vn 0.1162 0.1127 -0.9868
vn 0.1162 0.1126 -0.9868
vn 0.1162 0.1128 -0.9868
vn 0.1163 0.1127 -0.9868
vn 0.1161 0.1128 -0.9868
vn 0.1161 0.1129 -0.9868
vn -0.0456 -0.0441 -0.9980
vn 0.3727 0.3620 -0.8544
vn 0.3727 0.3621 -0.8544
vn -0.0456 -0.0442 -0.9980
vn -0.2424 -0.2353 -0.9412
vn -0.2424 -0.2352 -0.9412
vn -0.4331 -0.4205 -0.7972
vn 0.6966 -0.7175 0.0002
vn -0.6266 -0.6084 -0.4871
vn 0.6965 -0.7175 0.0001
vn -0.7174 -0.6965 0.0153
vn -0.4332 -0.4205 0.7972
vn -0.4331 -0.4204 0.7973
vn -0.2425 -0.2353 0.9412
vn -0.4331 -0.4206 0.7972
vn -0.0456 -0.0442 0.9980
vn -0.4330 -0.4206 0.7972
vn -0.0455 -0.0443 0.9980
vn -0.2423 -0.2354 0.9412
vn -0.6966 0.7174 -0.0001
vn -0.6207 0.6755 -0.3980
vn -0.6207 0.6756 -0.3979
vn -0.7145 -0.6937 -0.0908
vn 0.0540 0.0525 -0.9972
vn 0.6963 0.6762 -0.2405
vn 0.7005 -0.7135 -0.0143
vn -0.4974 -0.4829 -0.7207
vn 0.7063 -0.7079 -0.0034
vn 0.5406 0.5251 0.6573
vn 0.6955 -0.7184 -0.0126
vn 0.7005 -0.7135 -0.0142
vn 0.7606 -0.6347 0.1366
vn 0.0541 0.0526 0.9971
vn -0.4974 -0.4830 0.7207
vn 0.7005 -0.7135 0.0142
vn 0.7606 -0.6347 0.1367
vn 0.7006 -0.7134 0.0141
vn 0.7125 0.6919 0.1168
vn 0.5550 0.5390 -0.6336
vn 0.2486 0.2415 0.9380
vn 0.2487 0.2415 0.9380
vn -0.1869 -0.1814 0.9655
vn 0.7623 -0.6448 0.0564
vn 0.2261 0.2195 0.9491
vn -0.7144 -0.6938 0.0908
vn -0.1726 -0.1675 0.9707
vn -0.7135 -0.6928 0.1052
vn -0.1868 -0.1814 0.9655
vn -0.7145 -0.6937 0.0908
vn 0.7145 0.6939 -0.0900
vn 0.0175 0.0168 0.9997
vn 0.7154 0.6947 -0.0748
vn 0.2802 0.2720 0.9206
vn 0.2803 0.2720 0.9206
vn -0.6206 0.6756 0.3980
vn -0.6207 0.6756 0.3980
vn -0.0363 -0.0353 0.9987
vn 0.7146 0.6937 -0.0900
vn -0.0364 -0.0352 -0.9987
vn 0.2801 0.2721 -0.9206
vn 0.6965 -0.7175 -0.0002
vn 0.0857 0.0834 -0.9928
vn 0.0857 0.0832 0.9928
vn 0.0857 0.0834 0.9928
vn 0.0858 0.0833 0.9928
vn 0.0857 0.0833 -0.9928
vn 0.0858 0.0832 -0.9928
vn -0.7175 -0.6966 0.0001
vn 0.0859 0.0833 -0.9928
vn -0.7175 -0.6966 -0.0000
vn -0.7174 -0.6966 -0.0000
vn 0.0859 0.0832 0.9928
vn -0.2083 -0.1980 0.9578
vn -0.0000 -0.0000 1.0000
vn -0.9058 0.4237 -0.0003
vn -0.1920 -0.2265 0.9549
vn -0.1919 -0.2265 0.9549
vn 0.7243 0.6894 -0.0003
vn 0.7244 0.6894 -0.0005
vn 0.7244 0.6894 -0.0007
vn 0.7244 0.6894 -0.0000
vn 0.7243 0.6894 -0.0000
vn 0.7194 0.6946 -0.0000
vn 0.7243 0.6894 0.0003
vn 0.7244 0.6894 0.0005
vn 0.2179 -0.3455 -0.9128
vn -0.0000 -0.0000 -1.0000
vn -0.2241 -0.2193 -0.9496
vn -0.1920 -0.2265 -0.9549
vn -0.2083 -0.1980 -0.9578
vn -0.2232 -0.2184 0.9500
vn -0.9709 0.2393 -0.0014
vn -0.2241 -0.2193 0.9496
vn -0.9815 0.1916 -0.0012
vn -0.2248 -0.2200 0.9492
vn -0.9271 0.3747 -0.0008
vn -0.2248 -0.2200 -0.9492
vn -0.2255 -0.2206 -0.9489
vn -0.2248 -0.2201 0.9492
vn -0.2255 -0.2206 0.9489
vn -0.9018 0.4322 -0.0007
vn -0.2261 -0.2212 0.9487
vn -0.2256 -0.2206 0.9489
vn -0.9251 0.3797 -0.0008
vn -0.2261 -0.2212 -0.9487
vn -0.2287 -0.2182 -0.9487
vn -0.9424 0.3344 -0.0000
vn -0.2288 -0.2181 0.9487
vn -0.2265 -0.2175 -0.9494
vn -0.2265 -0.2176 0.9494
vn -0.9595 0.2817 -0.0000
vn -0.9815 0.1915 -0.0013
vn -0.2242 -0.2192 0.9496
vn -0.9271 0.3747 -0.0009
vn -0.9018 0.4322 -0.0006
vn -0.2290 -0.2177 -0.9488
vn -0.9203 0.3911 -0.0000
vn -0.2292 -0.2176 0.9487
vn -0.2241 -0.2192 -0.9496
vn -0.2290 -0.2177 0.9488
vn -0.2241 -0.2192 0.9496
vn -0.9815 0.1915 -0.0012
vn -0.2249 -0.2200 0.9492
vn -0.2249 -0.2200 -0.9492
vn -0.2250 -0.2199 0.9492
vn -0.9251 0.3797 -0.0007
vn -0.2303 -0.2154 -0.9490
vn -0.2262 -0.2211 0.9486
vn -0.2303 -0.2154 0.9490
vn -0.9424 0.3344 -0.0003
vn -0.2302 -0.2155 0.9490
vn -0.9745 0.2244 -0.0015
vn -0.2232 -0.2184 -0.9500
vn 0.7244 0.6894 0.0009
vn 0.7243 0.6895 0.0007
vn 0.7243 0.6895 -0.0000
vn 0.7243 0.6894 -0.0009
vn 0.7244 0.6894 0.0007
vn 0.7245 0.6893 0.0010
vn 0.7244 0.6894 -0.0010
vn 0.7179 0.6961 0.0005
vn 0.7179 0.6961 0.0004
vn -0.2244 -0.2173 -0.9500
vn -0.2241 -0.2171 -0.9501
vn -0.9667 0.2561 -0.0000
vn -0.2244 -0.2174 0.9500
vn -0.2247 -0.2175 0.9499
vn -0.2246 -0.2175 -0.9499
vn -0.2249 -0.2177 0.9497
vn -0.9297 0.3684 -0.0013
vn -0.2249 -0.2177 -0.9498
vn -0.2246 -0.2175 0.9499
vn -0.2244 -0.2173 0.9500
vn -0.2249 -0.2177 0.9498
vn -0.2251 -0.2180 0.9496
vn -0.2257 -0.2185 0.9494
vn -0.2258 -0.2185 0.9493
vn -0.9606 0.2778 -0.0011
vn -0.2259 -0.2187 0.9493
vn -0.2259 -0.2188 0.9493
vn -0.2257 -0.2185 -0.9494
vn -0.2259 -0.2187 -0.9493
vn -0.2262 -0.2190 0.9492
vn -0.9354 0.3537 -0.0010
vn -0.9271 0.3747 -0.0000
vn -0.9815 0.1916 -0.0000
vn -0.2264 -0.2177 0.9494
vn -0.2265 -0.2176 -0.9494
vn -0.2233 -0.2183 0.9500
vn -0.9018 0.4322 -0.0008
vn -0.2287 -0.2182 0.9487
vn -0.2262 -0.2212 0.9487
vn -0.2290 -0.2177 0.9487
vn -0.9203 0.3911 -0.0006
vn -0.9251 0.3797 -0.0009
vn -0.2288 -0.2182 0.9487
vn -0.2262 -0.2211 0.9487
vn -0.2265 -0.2175 0.9494
vn -0.9271 0.3747 -0.0010
vn -0.9595 0.2817 -0.0007
vn -0.9815 0.1916 -0.0015
vn -0.2306 -0.2148 -0.9490
vn -0.2307 -0.2148 0.9490
vn -0.9579 0.2871 -0.0013
vn -0.2306 -0.2148 0.9490
vn -0.9251 0.3798 -0.0009
vn 0.7213 0.6927 -0.0005
vn 0.7179 0.6962 0.0004
vn 0.7178 0.6962 -0.0004
vn 0.7178 0.6962 -0.0003
vn 0.7179 0.6962 -0.0000
vn 0.7179 0.6962 0.0005
vn -0.2267 -0.2219 0.9484
vn 0.7179 0.6962 -0.0001
vn -0.2267 -0.2218 0.9484
vn -0.9072 0.4206 -0.0000
vn 0.7179 0.6961 -0.0001
vn 0.7179 0.6962 0.0003
vn -0.2266 -0.2219 -0.9484
vn 0.7177 0.6963 0.0003
vn -0.2267 -0.2218 -0.9484
vn -0.9251 0.3797 -0.0000
vn -0.9204 0.3911 -0.0000
vn -0.2262 -0.2212 0.9486
vn -0.9451 0.3250 -0.0330
vn -0.2287 -0.2183 0.9487
vn -0.2314 -0.2134 -0.9492
vn -0.2315 -0.2134 -0.9492
vn -0.2315 -0.2134 0.9491
vn -0.2315 -0.2134 0.9492
vn -0.9251 0.3797 -0.0011
vn -0.2291 -0.2177 0.9487
vn -0.9018 0.4322 -0.0000
vn -0.2250 -0.2198 0.9492
vn -0.9435 0.3315 -0.0000
vn -0.2242 -0.2170 0.9501
vn -0.2241 -0.2171 0.9501
vn -0.9664 0.2569 -0.0015
vn -0.9251 0.3798 -0.0000
vn -0.2314 -0.2134 0.9492
vn -0.9097 0.4153 -0.0010
vn -0.9595 0.2817 -0.0008
vn -0.9595 0.2818 -0.0010
vn -0.2251 -0.2180 -0.9496
vn -0.2253 -0.2184 0.9495
vn -0.9137 0.4064 -0.0010
vn -0.9903 0.1388 -0.0017
vn -0.9451 0.3268 -0.0013
vn -0.2058 -0.2011 0.9577
vn -0.9282 0.3721 -0.0002
vn -0.2056 -0.2012 -0.9577
vn -0.9105 0.4136 -0.0000
vn -0.2051 -0.2007 -0.9579
vn -0.2053 -0.2006 0.9579
vn -0.2056 -0.2012 0.9577
vn -0.2052 -0.2006 0.9579
vn -0.8873 0.4612 -0.0007
vn -0.2047 -0.2001 0.9582
vn -0.2046 -0.2002 0.9582
vn -0.9127 0.4087 -0.0008
vn -0.2046 -0.2002 -0.9582
vn -0.2041 -0.1995 0.9584
vn -0.2040 -0.1996 -0.9584
vn -0.2040 -0.1996 0.9584
vn -0.9713 0.2379 -0.0013
vn -0.2062 -0.1980 0.9583
vn -0.2061 -0.1980 0.9583
vn -0.9464 0.3230 -0.0005
vn -0.2061 -0.1980 -0.9583
vn -0.2080 -0.1985 0.9578
vn -0.2080 -0.1984 -0.9578
vn -0.9282 0.3721 -0.0000
vn -0.2057 -0.2012 0.9577
vn -0.2052 -0.2007 0.9579
vn -0.2051 -0.2007 0.9579
vn -0.8873 0.4612 -0.0008
vn -0.1536 -0.2278 0.9615
vn -0.1537 -0.2277 0.9615
vn -0.8173 0.5762 -0.0024
vn -0.1537 -0.2277 -0.9615
vn 0.2179 -0.3453 -0.9128
vn -0.1710 -0.1682 0.9708
vn 0.2179 -0.3454 0.9128
vn 0.2181 -0.3455 0.9127
vn 0.2181 -0.3454 0.9128
vn 0.2178 -0.3455 0.9128
vn -0.2080 -0.1984 0.9578
vn 0.0402 0.0392 -0.9984
vn 0.0402 0.0392 0.9984
vn 0.0400 0.0390 0.9984
vn 0.0402 0.0390 0.9984
vn 0.0403 0.0391 -0.9984
vn 0.0402 0.0390 -0.9984
vn 0.0403 0.0390 -0.9984
vn -0.7174 -0.6966 0.0001
vn -0.7174 -0.6967 -0.0000
vn 0.0403 0.0390 0.9984
vn 0.2943 -0.9474 -0.1254
vn -0.5997 -0.8000 0.0185
vn 0.2942 -0.9475 -0.1254
vn 0.2943 -0.9474 -0.1255
vn -0.5997 -0.8000 0.0186
vn -0.5998 -0.8000 0.0185
vn -0.4881 -0.4357 0.7563
vn -0.4881 -0.4356 0.7563
vn -0.2942 0.9475 0.1255
vn -0.9826 -0.1298 0.1329
vn 0.5997 0.8000 -0.0185
vn -0.2943 0.9474 0.1254
vn 0.4882 0.4356 -0.7563
vn -0.6283 0.3393 -0.7001
vn 0.9826 0.1297 -0.1329
vn 0.4881 0.4356 -0.7563
vn -0.2838 -0.5989 -0.7489
vn -0.2839 -0.5989 -0.7488
vn 0.9826 0.1298 -0.1330
vn 0.2838 0.5988 0.7489
vn 0.2943 -0.9475 -0.1254
vn 0.2942 -0.9475 -0.1255
vn -0.2943 0.9474 0.1255
vn -0.6282 0.3393 -0.7001
vn 0.9826 0.1297 -0.1330
vn -0.9826 -0.1296 0.1330
vn -0.2838 -0.5989 -0.7488
vn -0.2840 -0.5989 -0.7488
vn 0.2838 0.5989 0.7489
vn -0.5998 -0.7999 0.0186
vn -0.4881 -0.4358 0.7562
vn -0.9826 -0.1298 0.1330
vn -0.2943 0.9474 0.1256
vn 0.4881 0.4357 -0.7563
vn -0.6281 0.3394 -0.7002
vn -0.9826 -0.1297 0.1329
vn 0.2839 0.5989 0.7488
vn -0.8119 -0.3401 0.4744
vn -0.8958 -0.3729 0.2418
vn 0.0042 -0.9999 0.0152
vn -0.8115 -0.3401 0.4752
vn -0.8958 -0.3729 0.2420
vn -0.9228 -0.3850 0.0156
vn 0.3669 0.1051 0.9243
vn 0.0106 -0.0320 0.9994
vn -0.3429 -0.1653 0.9247
vn 0.3475 0.0767 -0.9345
vn 0.6601 0.2034 -0.7231
vn 0.8306 0.2748 -0.4844
vn 0.6751 0.2253 0.7025
vn -0.0103 -0.0625 -0.9980
vn 0.8405 0.2892 0.4582
vn -0.3622 -0.1933 -0.9118
vn 0.9221 0.3197 0.2178
vn -0.6615 -0.2995 -0.6875
vn 0.9451 0.3264 -0.0149
vn -0.8215 -0.3543 -0.4467
vn -0.6468 -0.2782 0.7101
vn 0.9173 0.3126 -0.2465
vn -0.9006 -0.3798 -0.2114
vn 0.9174 0.3125 -0.2466
vn 0.8304 0.2747 -0.4847
vn 0.6596 0.2032 -0.7237
vn -0.0042 0.9999 -0.0153
vn -0.9228 -0.3850 0.0154
vn 0.9222 0.3196 0.2176
vn 0.9451 0.3264 -0.0150
vn 0.8404 0.2891 0.4584
vn -0.6608 -0.2993 -0.6883
vn -0.8213 -0.3543 -0.4471
vn -0.3610 -0.1930 -0.9124
vn -0.6461 -0.2779 0.7108
vn -0.9005 -0.3798 -0.2118
vn -0.3415 -0.1649 0.9253
vn 0.0108 -0.0323 0.9994
vn 0.3657 0.1044 0.9249
vn 0.3462 0.0760 -0.9351
vn 0.6745 0.2250 0.7031
vn -0.0102 -0.0628 -0.9980
vn 0.7887 0.2947 -0.5396
vn 0.6993 0.2742 0.6602
vn 0.7886 0.2948 -0.5396
vn -0.7886 -0.2947 0.5396
vn 0.6993 0.2742 0.6601
vn -0.7851 -0.2933 0.5455
vn 0.6994 0.2742 0.6601
vn -0.7886 -0.2948 0.5397
vn -0.7887 -0.2948 0.5395
vn 0.7887 0.2946 -0.5396
vn -0.6993 -0.2742 -0.6602
vn -0.6993 -0.2741 -0.6602
vn -0.6992 -0.2744 -0.6602
vn -0.7774 0.1428 0.6126
vn 0.0105 0.0153 0.9998
vn -0.9860 -0.1662 0.0130
vn -0.8097 0.0349 0.5859
vn -0.9597 -0.2806 0.0142
vn -0.9860 -0.1663 0.0128
vn -0.8180 -0.2343 0.5253
vn -0.8286 -0.2506 -0.5006
vn -0.9048 -0.4256 0.0159
vn -0.0105 -0.0152 -0.9998
vn -0.0105 -0.0153 -0.9998
vn -0.7937 -0.3765 -0.4777
vn 0.3680 0.7174 -0.5916
vn 0.1601 0.7230 -0.6721
vn 0.4512 0.8922 -0.0185
vn 0.5639 0.8257 -0.0186
vn 0.6340 0.7731 -0.0186
vn 0.5441 0.6720 0.5024
vn 0.4714 0.7072 0.5270
vn 0.3803 0.7349 0.5615
vn 0.3649 0.7384 0.5672
vn 0.1740 0.7431 0.6461
vn 0.2784 0.7478 0.6028
vn 0.3590 0.9332 -0.0181
vn 0.1550 0.7409 0.6535
vn 0.2110 0.9773 -0.0173
vn 0.0910 0.9957 -0.0163
vn -0.0588 0.6754 -0.7351
vn -0.2561 0.9666 -0.0122
vn -0.1066 0.9942 -0.0142
vn -0.0232 0.6991 0.7147
vn 0.0322 0.7100 0.7034
vn 0.0105 0.0154 0.9998
vn -0.0435 0.6976 0.7152
vn -0.1595 0.6801 0.7156
vn -0.3151 0.6271 0.7124
vn -0.4865 0.8737 -0.0084
vn -0.6371 0.7707 -0.0052
vn -0.3570 0.5929 -0.7219
vn -0.6184 0.3992 -0.6769
vn -0.9116 0.4112 0.0032
vn -0.8224 0.5689 -0.0001
vn -0.5838 0.4407 0.6819
vn -0.4346 0.5624 0.7035
vn -0.3420 0.6148 0.7107
vn -0.6042 0.4198 0.6773
vn -0.7698 0.1615 0.6176
vn -0.6785 0.3283 0.6571
vn -0.9842 0.1767 0.0075
vn -0.9996 0.0278 0.0100
vn -0.7902 0.1241 -0.6001
vn -0.8179 -0.2347 0.5253
vn -0.7835 -0.3613 0.5056
vn -0.6831 -0.5313 0.5012
vn 0.0106 0.0153 0.9998
vn 0.0106 0.0152 0.9998
vn -0.5432 -0.6500 0.5314
vn 0.6932 0.5462 0.4702
vn 0.5540 0.6658 0.4997
vn 0.0104 0.0153 0.9998
vn 0.6312 0.6093 0.4799
vn 0.6888 0.5516 0.4704
vn 0.7268 0.6867 -0.0183
vn 0.7839 0.6207 -0.0178
vn 0.5481 0.6460 -0.5314
vn 0.7545 0.4585 0.4695
vn 0.6830 0.5314 -0.5011
vn 0.8595 0.5108 -0.0170
vn 0.7834 0.3614 -0.5056
vn 0.9048 0.4255 -0.0161
vn 0.7936 0.3770 0.4776
vn 0.0105 0.0152 0.9998
vn 0.7938 0.3763 0.4778
vn 0.8288 0.2500 0.5006
vn 0.8382 0.1509 0.5240
vn 0.0104 0.0152 0.9998
vn 0.7901 -0.1242 0.6002
vn 0.8383 0.1421 0.5264
vn 0.8218 -0.0172 0.5695
vn 0.9597 0.2806 -0.0145
vn 0.9860 0.1663 -0.0130
vn -0.0105 -0.0154 -0.9998
vn 0.8269 0.1347 -0.5459
vn -0.1739 -0.7432 -0.6461
vn -0.2111 -0.9773 0.0171
vn -0.3590 -0.9332 0.0179
vn -0.0106 -0.0153 -0.9998
vn -0.3526 -0.7206 0.5970
vn -0.4511 -0.8923 0.0183
vn -0.2653 -0.7290 0.6310
vn -0.4600 -0.6906 0.5582
vn -0.3801 -0.7350 -0.5615
vn -0.5638 -0.8257 0.0185
vn -0.6340 -0.7732 0.0184
vn -0.5331 -0.6562 0.5340
vn -0.6208 -0.5942 0.5115
vn -0.3681 -0.7173 0.5916
vn -0.1602 -0.7230 0.6721
vn -0.1410 -0.7205 0.6789
vn -0.0171 -0.6882 0.7253
vn 0.0588 -0.6754 0.7351
vn -0.0909 -0.9957 0.0161
vn 0.0385 -0.6769 0.7351
vn 0.1066 -0.9942 0.0140
vn 0.0435 -0.6976 -0.7151
vn 0.2561 -0.9666 0.0120
vn -0.0105 -0.0155 -0.9998
vn 0.3419 -0.6149 -0.7107
vn 0.4865 -0.8736 0.0082
vn 0.6041 -0.4198 -0.6773
vn -0.0106 -0.0154 -0.9998
vn 0.9115 -0.4113 -0.0034
vn 0.8223 -0.5690 -0.0001
vn 0.5981 -0.4198 0.6827
vn 0.4495 -0.5407 0.7110
vn 0.6371 -0.7707 0.0050
vn 0.3301 -0.6051 0.7245
vn 0.3571 -0.5928 0.7219
vn 0.1747 -0.6580 0.7325
vn 0.6184 -0.3990 0.6770
vn 0.6923 -0.3082 0.6525
vn 0.7826 -0.1428 0.6059
vn 0.9842 -0.1768 -0.0077
vn 0.9996 -0.0279 -0.0102
vn 0.7774 -0.1427 -0.6126
vn -0.6786 -0.5368 0.5014
vn -0.7268 -0.6866 0.0180
vn -0.7839 -0.6206 0.0176
vn -0.5590 -0.6617 -0.4997
vn -0.7443 -0.4438 0.4991
vn -0.6932 -0.5463 -0.4701
vn -0.8595 -0.5109 0.0167
vn -0.7833 -0.3619 0.5055
vn -0.7337 0.0768 0.6751
vn -0.9802 -0.1977 0.0134
vn -0.7498 -0.0097 0.6616
vn -0.9802 -0.1977 0.0132
vn -0.7492 -0.2195 0.6249
vn -0.7497 -0.2166 0.6254
vn -0.7247 -0.3270 0.6066
vn -0.9069 -0.4210 0.0158
vn -0.9581 -0.2859 0.0143
vn -0.7626 -0.2354 -0.6025
vn -0.7364 -0.3476 -0.5805
vn 0.5495 0.6008 -0.5805
vn 0.7557 0.6546 -0.0180
vn 0.8022 0.5968 -0.0176
vn 0.6545 0.4775 -0.5862
vn 0.7239 0.3295 -0.6061
vn -0.5614 -0.6181 -0.5502
vn -0.7557 -0.6546 0.0179
vn -0.8022 -0.5968 0.0175
vn -0.6665 -0.4950 -0.5575
vn -0.8719 -0.4893 0.0165
vn -0.7009 -0.3906 0.5968
vn -0.6542 -0.4782 0.5860
vn -0.7239 -0.3295 0.6061
vn -0.6545 -0.4775 0.5862
vn -0.6152 -0.5322 0.5817
vn -0.5496 -0.6009 0.5804
vn -0.5476 -0.6029 0.5802
vn -0.6673 -0.7445 0.0183
vn -0.4891 -0.6484 0.5834
vn -0.3992 -0.6991 0.5931
vn -0.3965 -0.7006 0.5933
vn -0.4882 -0.8725 0.0184
vn -0.6040 -0.7967 0.0184
vn -0.4114 -0.7168 -0.5631
vn -0.1991 -0.7744 -0.6006
vn -0.3971 -0.9176 0.0181
vn 0.3887 -0.5966 -0.7021
vn 0.6209 -0.3425 -0.7051
vn 0.9443 -0.3291 -0.0050
vn 0.8766 -0.4812 -0.0019
vn -0.0104 -0.0153 -0.9998
vn 0.6266 -0.3343 0.7041
vn 0.6901 -0.2201 0.6895
vn 0.5083 -0.4819 0.7137
vn 0.7043 -0.7099 0.0034
vn 0.5503 -0.8350 0.0069
vn 0.2958 -0.9552 0.0114
vn 0.2293 -0.6800 0.6965
vn 0.3919 -0.5831 0.7116
vn 0.4035 -0.5749 0.7118
vn 0.6355 -0.3210 0.7022
vn 0.7478 -0.0563 0.6615
vn 0.7446 -0.0682 0.6641
vn 0.9948 -0.1011 -0.0090
vn 0.7635 0.0297 0.6451
vn 0.7695 0.1605 0.6182
vn 0.9802 0.1977 -0.0134
vn 0.9997 0.0198 -0.0109
vn 0.7339 -0.0768 -0.6749
vn 0.7562 0.1484 -0.6373
vn 0.9581 0.2859 -0.0145
vn 0.9069 0.4210 -0.0161
vn 0.7132 0.4085 0.5697
vn 0.8719 0.4894 -0.0168
vn 0.7621 0.2382 0.6020
vn 0.7372 0.3451 0.5809
vn 0.6662 0.4957 0.5572
vn 0.7364 0.3477 0.5804
vn 0.6665 0.4950 0.5574
vn 0.6270 0.5496 0.5520
vn 0.5615 0.6182 0.5501
vn 0.5594 0.6202 0.5499
vn 0.6673 0.7445 -0.0185
vn 0.5011 0.6658 0.5529
vn 0.4114 0.7168 0.5629
vn 0.4087 0.7183 0.5631
vn 0.4882 0.8725 -0.0186
vn 0.6040 0.7967 -0.0186
vn 0.3991 0.6991 -0.5933
vn 0.1862 0.7556 -0.6280
vn 0.3971 0.9176 -0.0183
vn -0.0969 0.7290 -0.6777
vn -0.1204 0.9926 -0.0140
vn 0.1026 0.9946 -0.0164
vn 0.2366 0.9714 -0.0174
vn 0.0805 0.7767 0.6247
vn -0.0828 0.7493 0.6570
vn 0.1989 0.7745 0.6004
vn -0.0764 0.7509 0.6559
vn -0.2148 0.7010 0.6800
vn -0.3887 0.5965 0.7022
vn -0.3771 0.6047 0.7016
vn -0.5503 0.8350 -0.0071
vn -0.2958 0.9552 -0.0116
vn -0.4036 0.5750 -0.7117
vn -0.7042 0.7100 -0.0035
vn -0.8766 0.4813 0.0018
vn -0.6356 0.3210 -0.7021
vn -0.6117 0.3558 0.7065
vn -0.6755 0.2413 0.6967
vn -0.4934 0.5036 0.7092
vn -0.9443 0.3291 0.0048
vn -0.6207 0.3425 0.7053
vn -0.7305 0.0887 0.6772
vn -0.9948 0.1011 0.0088
vn -0.9997 -0.0198 0.0107
vn -0.7479 0.0564 -0.6614
vn 0.1991 0.7744 0.6005
vn 0.3232 0.7501 0.5769
vn 0.7693 0.1676 0.6165
vn -0.1862 -0.7557 0.6279
vn -0.0671 -0.7572 0.6497
vn 0.0968 -0.7289 0.6777
vn -0.1860 -0.7558 0.6279
vn -0.3108 -0.7320 0.6063
vn -0.2366 -0.9714 0.0173
vn -0.1026 -0.9946 0.0162
vn 0.0828 -0.7494 -0.6569
vn 0.1203 -0.9926 0.0138
vn 0.0904 -0.7305 0.6769
vn -0.3319 -0.9432 0.0148
vn 0.0109 -0.0745 0.9972
vn -0.3286 -0.9444 0.0150
vn -0.3325 -0.9430 0.0143
vn -0.3318 -0.9432 0.0150
vn 0.0108 -0.0745 0.9972
vn 0.0105 -0.0752 0.9971
vn -0.3388 0.5597 -0.7562
vn 0.4444 -0.8957 0.0104
vn 0.4459 -0.8950 0.0089
vn 0.4453 -0.8953 0.0095
vn -0.3389 0.5600 -0.7560
vn -0.3534 0.5582 -0.7507
vn -0.3753 0.5556 -0.7419
vn -0.4989 0.8666 -0.0081
vn -0.5565 0.4968 -0.6660
vn -0.5082 0.8612 -0.0077
vn -0.5626 0.4448 -0.6969
vn 0.5865 0.5822 -0.5630
vn 0.5514 0.6213 -0.5567
vn -0.7009 0.2406 -0.6714
vn 0.6856 0.7277 -0.0184
vn 0.4430 0.6858 -0.5774
vn 0.4472 0.6825 -0.5781
vn 0.5582 0.6180 -0.5536
vn 0.4591 0.6998 0.5473
vn 0.5240 0.8515 -0.0184
vn 0.4264 0.7187 -0.5492
vn 0.4350 0.6940 -0.5737
vn 0.5618 0.6361 0.5289
vn 0.4548 0.7031 0.5467
vn 0.4466 0.7115 0.5425
vn 0.5684 0.6325 0.5261
vn 0.6856 0.7277 -0.0182
vn 0.6434 0.5184 0.5633
vn 0.7956 0.6056 -0.0176
vn 0.4035 0.7744 0.4873
vn 0.6508 0.5051 0.5668
vn 0.6324 0.4999 -0.5917
vn 0.6388 0.4872 -0.5954
vn 0.4863 0.6751 -0.5548
vn 0.7068 0.3706 -0.6026
vn -0.7660 -0.1847 -0.6157
vn 0.7137 0.3570 -0.6026
vn -0.7508 -0.0058 -0.6605
vn -0.6316 0.3756 -0.6782
vn -0.9999 -0.0027 0.0106
vn -0.7527 -0.1677 0.6367
vn -0.7661 -0.1869 -0.6150
vn -0.5021 0.5914 0.6310
vn -0.7487 0.0161 -0.6627
vn -0.7357 0.0345 0.6765
vn -0.0106 -0.0152 -0.9998
vn -0.7210 0.2015 -0.6630
vn -0.9592 0.2828 0.0058
vn -0.7369 0.0143 0.6758
vn -0.6891 0.2628 0.6754
vn 0.4975 0.6917 0.5236
vn 0.7194 0.3888 0.5756
vn 0.5700 0.8214 -0.0194
vn 0.7203 0.3870 0.5757
vn 0.7263 0.3749 0.5761
vn -0.7527 -0.1654 0.6373
vn 0.0035 0.7633 0.6460
vn -0.6175 0.3963 0.6795
vn 0.5700 0.8214 -0.0196
vn -0.8310 0.5562 0.0015
vn -0.8310 0.5562 0.0017
vn -0.7661 -0.2029 -0.6099
vn -0.0097 0.7433 -0.6689
vn -0.0098 0.7433 -0.6689
vn -0.0098 0.7433 -0.6688
vn 0.7137 0.3569 -0.6027
vn 0.7077 0.3689 -0.6026
vn -0.5574 0.4472 0.6996
vn -0.5626 0.4391 0.7005
vn -0.6969 0.2521 0.6714
vn -0.7622 0.6474 -0.0018
vn -0.5774 0.4177 -0.7015
vn -0.5479 0.4653 0.6952
vn -0.7085 0.2298 -0.6673
vn -0.5721 0.4259 -0.7009
vn -0.0108 -0.1122 -0.9936
vn -0.3349 0.5984 0.7279
vn 0.3200 0.7395 0.5923
vn 0.2959 0.7346 0.6106
vn 0.3055 0.7366 0.6034
vn 0.2959 0.7348 0.6104
vn 0.2958 0.7344 0.6108
vn 0.3669 0.9301 -0.0187
vn 0.3720 0.9280 -0.0182
vn -0.2163 -0.6336 0.7428
vn -0.7917 -0.6105 0.0233
vn -0.7920 -0.6080 0.0544
vn -0.7906 -0.6106 0.0459
vn -0.7933 -0.6087 0.0139
vn -0.1257 0.0937 -0.9876
vn 0.7270 -0.6867 0.0029
vn -0.1255 0.0939 -0.9876
vn -0.1257 0.0938 -0.9876
vn -0.7269 0.6867 -0.0028
vn -0.6866 -0.7268 0.0182
vn 0.7269 -0.6867 0.0028
vn 0.7270 -0.6867 0.0028
vn 0.7269 -0.6867 0.0029
vn 0.6866 0.7268 -0.0184
vn -0.1257 0.0939 -0.9876
vn -0.7270 0.6867 -0.0029
vt 0.227170 0.497370
vt 0.203730 0.497370
vt 0.211540 0.493470
vt 0.219360 0.493470
vt 0.227170 0.485660
vt 0.219360 0.489560
vt 0.203730 0.485660
vt 0.211540 0.489560
vt 0.565434 0.205039
vt 0.396454 0.368304
vt 0.227474 0.205039
vt 0.405844 0.041763
vt 0.211540 0.477840
vt 0.203730 0.481750
vt 0.227170 0.481750
vt 0.219360 0.477840
vt 0.227170 0.470030
vt 0.219360 0.473940
vt 0.203730 0.470030
vt 0.211540 0.473940
vt 0.227674 0.205190
vt 0.396364 0.367701
vt 0.565054 0.205190
vt 0.405734 0.042667
vt 0.155906 0.642470
vt 0.153352 0.644124
vt 0.155215 0.640384
vt 0.155971 0.656797
vt 0.158078 0.651366
vt 0.156267 0.641923
vt 0.157974 0.647526
vt 0.158047 0.647168
vt 0.158318 0.646435
vt 0.155670 0.639981
vt 0.156038 0.639432
vt 0.156628 0.641303
vt 0.149098 0.627008
vt 0.148763 0.627692
vt 0.148477 0.628337
vt 0.146837 0.627080
vt 0.147237 0.626463
vt 0.147450 0.626027
vt 0.147113 0.632441
vt 0.145660 0.632037
vt 0.134198 0.631951
vt 0.142467 0.621792
vt 0.137080 0.621904
vt 0.132934 0.627545
vt 0.132959 0.632875
vt 0.133382 0.633527
vt 0.134272 0.632879
vt 0.131914 0.581388
vt 0.128420 0.587223
vt 0.131580 0.581154
vt 0.145619 0.632959
vt 0.133852 0.579973
vt 0.134105 0.580251
vt 0.127957 0.587204
vt 0.128356 0.589211
vt 0.128808 0.589148
vt 0.146736 0.633175
vt 0.152483 0.641991
vt 0.142642 0.621502
vt 0.143113 0.620899
vt 0.141053 0.616879
vt 0.141260 0.616235
vt 0.138295 0.617103
vt 0.138049 0.616486
vt 0.140948 0.617175
vt 0.138415 0.617385
vt 0.136893 0.621634
vt 0.136387 0.621078
vt 0.132317 0.626507
vt 0.132501 0.626996
vt 0.131064 0.628340
vt 0.131386 0.628959
vt 0.125255 0.641550
vt 0.128061 0.642903
vt 0.127251 0.645124
vt 0.127850 0.645208
vt 0.128568 0.643419
vt 0.142341 0.579142
vt 0.140145 0.578918
vt 0.142417 0.578820
vt 0.140126 0.578589
vt 0.124399 0.640676
vt 0.124788 0.641200
vt 0.130675 0.627734
vt 0.124257 0.643149
vt 0.123878 0.642570
vt 0.122345 0.647671
vt 0.122617 0.648395
vt 0.111227 0.647843
vt 0.110860 0.647384
vt 0.110824 0.652148
vt 0.111189 0.651746
vt 0.122267 0.653582
vt 0.124138 0.658595
vt 0.124511 0.658188
vt 0.122571 0.652912
vt 0.122662 0.652566
vt 0.111272 0.651440
vt 0.122693 0.648753
vt 0.124641 0.643653
vt 0.124900 0.657781
vt 0.127875 0.655824
vt 0.128658 0.658458
vt 0.125936 0.660651
vt 0.135735 0.668037
vt 0.134694 0.672323
vt 0.129991 0.672509
vt 0.126580 0.667664
vt 0.125392 0.660758
vt 0.126280 0.667563
vt 0.124936 0.660901
vt 0.125723 0.667317
vt 0.126158 0.679456
vt 0.122474 0.678604
vt 0.122268 0.678647
vt 0.126224 0.679789
vt 0.121701 0.679231
vt 0.126173 0.680453
vt 0.130117 0.672944
vt 0.130315 0.673794
vt 0.134677 0.673811
vt 0.134772 0.673186
vt 0.135665 0.673605
vt 0.135550 0.674417
vt 0.140545 0.674601
vt 0.140560 0.675473
vt 0.145537 0.673968
vt 0.145367 0.673156
vt 0.146310 0.673299
vt 0.146283 0.672683
vt 0.150887 0.672241
vt 0.150680 0.673081
vt 0.154752 0.679735
vt 0.154700 0.679081
vt 0.159080 0.678616
vt 0.158420 0.678089
vt 0.155276 0.666551
vt 0.154715 0.666795
vt 0.156009 0.659993
vt 0.155550 0.659827
vt 0.154414 0.666880
vt 0.158214 0.678053
vt 0.154771 0.678744
vt 0.151017 0.671805
vt 0.155008 0.659755
vt 0.146327 0.671806
vt 0.145226 0.667555
vt 0.144029 0.668244
vt 0.145203 0.672436
vt 0.140475 0.669737
vt 0.140533 0.673818
vt 0.135823 0.672853
vt 0.136904 0.668628
vt 0.137039 0.667735
vt 0.140460 0.668802
vt 0.149097 0.592449
vt 0.150878 0.590476
vt 0.150474 0.590354
vt 0.143866 0.667349
vt 0.151562 0.588175
vt 0.152006 0.588210
vt 0.149446 0.592652
vt 0.148322 0.593467
vt 0.141588 0.595592
vt 0.148013 0.593232
vt 0.144859 0.666819
vt 0.141530 0.595279
vt 0.151784 0.657076
vt 0.139111 0.595379
vt 0.152255 0.657669
vt 0.152365 0.654859
vt 0.152960 0.654988
vt 0.152750 0.644251
vt 0.133364 0.594421
vt 0.139071 0.595696
vt 0.133621 0.594153
vt 0.131823 0.593194
vt 0.152011 0.642561
vt 0.131491 0.593418
vt 0.152015 0.587061
vt 0.151569 0.587069
vt 0.136096 0.667286
vt 0.149370 0.582120
vt 0.149023 0.582313
vt 0.129115 0.657854
vt 0.147682 0.580782
vt 0.147407 0.581029
vt 0.128472 0.655651
vt 0.111295 0.648163
vt 0.156377 0.657177
vt 0.158174 0.651715
vt 0.158477 0.652382
vt 0.156755 0.657564
vt 0.169523 0.650274
vt 0.169889 0.650665
vt 0.169814 0.645905
vt 0.169447 0.646375
vt 0.169430 0.649969
vt 0.169389 0.646694
vt 0.130437 0.048395
vt 0.165287 0.048395
vt 0.165287 0.499914
vt 0.095586 0.499914
vt 0.130437 0.499914
vt 0.095586 0.048395
vt 0.110137 0.944122
vt 0.112261 0.937490
vt 0.113875 0.944003
vt 0.111655 0.961477
vt 0.113875 0.944009
vt 0.114211 0.937389
vt 0.119258 0.945567
vt 0.115930 0.961477
vt 0.114211 0.881919
vt 0.121282 0.938711
vt 0.061771 0.881920
vt 0.114211 0.865030
vt 0.064920 0.934334
vt 0.069042 0.934654
vt 0.074183 0.937402
vt 0.078995 0.937448
vt 0.083370 0.937490
vt 0.087820 0.937389
vt 0.093499 0.937310
vt 0.098370 0.937356
vt 0.103075 0.937402
vt 0.107887 0.937448
vt 0.159002 0.863657
vt 0.160592 0.881918
vt 0.155852 0.938766
vt 0.150174 0.938845
vt 0.145723 0.938946
vt 0.141349 0.938904
vt 0.136537 0.938858
vt 0.131832 0.938812
vt 0.126961 0.938766
vt 0.216761 0.861960
vt 0.159002 0.863659
vt 0.114211 0.865031
vt 0.057093 0.866676
vt 0.124999 0.945632
vt 0.121313 0.961477
vt 0.119258 0.945581
vt 0.124999 0.945643
vt 0.127589 0.961477
vt 0.129924 0.945687
vt 0.129924 0.945698
vt 0.134681 0.945740
vt 0.132739 0.961477
vt 0.134681 0.945751
vt 0.139546 0.945795
vt 0.137261 0.961477
vt 0.139546 0.945805
vt 0.141381 0.961477
vt 0.143969 0.945845
vt 0.143969 0.945848
vt 0.145487 0.961477
vt 0.148468 0.945726
vt 0.150523 0.961477
vt 0.148468 0.945733
vt 0.154210 0.945632
vt 0.154210 0.945643
vt 0.159135 0.945687
vt 0.156800 0.961477
vt 0.159135 0.945698
vt 0.161950 0.961477
vt 0.163892 0.945740
vt 0.163892 0.945751
vt 0.168757 0.945795
vt 0.165428 0.938858
vt 0.166472 0.961477
vt 0.160724 0.938812
vt 0.170241 0.938904
vt 0.173180 0.945845
vt 0.174615 0.938946
vt 0.176917 0.945726
vt 0.178311 0.938845
vt 0.176917 0.945733
vt 0.178972 0.961477
vt 0.174698 0.961477
vt 0.182659 0.945632
vt 0.182659 0.945643
vt 0.185249 0.961477
vt 0.187584 0.945687
vt 0.187584 0.945698
vt 0.190399 0.961477
vt 0.192341 0.945740
vt 0.188862 0.938812
vt 0.183990 0.938766
vt 0.193566 0.938858
vt 0.198378 0.938904
vt 0.197206 0.945795
vt 0.194921 0.961477
vt 0.197206 0.945805
vt 0.201629 0.945845
vt 0.199041 0.961477
vt 0.201629 0.945848
vt 0.203147 0.961477
vt 0.206589 0.945567
vt 0.206589 0.945581
vt 0.208644 0.961477
vt 0.212330 0.945632
vt 0.207659 0.938711
vt 0.202753 0.938946
vt 0.213337 0.938766
vt 0.218209 0.938812
vt 0.217255 0.945687
vt 0.216761 0.881915
vt 0.273844 0.860254
vt 0.274179 0.881912
vt 0.216761 0.861963
vt 0.273844 0.860258
vt 0.336818 0.858388
vt 0.336818 0.858383
vt 0.378847 0.857080
vt 0.336818 0.881907
vt 0.333010 0.938812
vt 0.337715 0.938858
vt 0.378847 0.881906
vt 0.443508 0.856963
vt 0.443508 0.881904
vt 0.441873 0.938766
vt 0.436194 0.938845
vt 0.432498 0.938946
vt 0.428123 0.938904
vt 0.423311 0.938858
vt 0.418607 0.938812
vt 0.413735 0.938766
vt 0.408056 0.938845
vt 0.403606 0.938946
vt 0.399232 0.938904
vt 0.394420 0.938858
vt 0.389715 0.938812
vt 0.384844 0.938766
vt 0.379165 0.938711
vt 0.375636 0.938724
vt 0.342714 0.938840
vt 0.347323 0.938824
vt 0.350500 0.938812
vt 0.356701 0.938791
vt 0.361482 0.938774
vt 0.366295 0.938757
vt 0.371563 0.938738
vt 0.372305 0.945599
vt 0.376423 0.945582
vt 0.372305 0.945616
vt 0.373232 0.961477
vt 0.369112 0.961477
vt 0.366978 0.945621
vt 0.364590 0.961477
vt 0.366978 0.945637
vt 0.362112 0.945641
vt 0.357278 0.945661
vt 0.351009 0.945687
vt 0.347797 0.945700
vt 0.348889 0.961477
vt 0.347797 0.945713
vt 0.343137 0.945720
vt 0.344783 0.961477
vt 0.340663 0.961477
vt 0.343137 0.945731
vt 0.338082 0.945740
vt 0.336141 0.961477
vt 0.338082 0.945751
vt 0.333326 0.945687
vt 0.333326 0.945698
vt 0.330990 0.961477
vt 0.328401 0.945632
vt 0.328401 0.945643
vt 0.324714 0.961477
vt 0.322659 0.945726
vt 0.328139 0.938766
vt 0.322460 0.938845
vt 0.318160 0.945845
vt 0.318010 0.938946
vt 0.313737 0.945795
vt 0.313636 0.938904
vt 0.308824 0.938858
vt 0.308872 0.945740
vt 0.304119 0.938812
vt 0.304115 0.945687
vt 0.299248 0.938766
vt 0.293569 0.938711
vt 0.299190 0.945632
vt 0.295503 0.961477
vt 0.299190 0.945643
vt 0.293448 0.945567
vt 0.301780 0.961477
vt 0.304115 0.945698
vt 0.306930 0.961477
vt 0.308872 0.945751
vt 0.311452 0.961477
vt 0.313737 0.945805
vt 0.315572 0.961477
vt 0.318160 0.945848
vt 0.319678 0.961477
vt 0.289129 0.938946
vt 0.284755 0.938904
vt 0.279943 0.938858
vt 0.275238 0.938812
vt 0.270367 0.938766
vt 0.222913 0.938858
vt 0.227726 0.938904
vt 0.232100 0.938946
vt 0.236550 0.938845
vt 0.242229 0.938766
vt 0.247100 0.938812
vt 0.251805 0.938858
vt 0.256617 0.938904
vt 0.260992 0.938946
vt 0.264688 0.938845
vt 0.269990 0.945632
vt 0.274915 0.945687
vt 0.272580 0.961477
vt 0.264248 0.945726
vt 0.266304 0.961477
vt 0.269990 0.945643
vt 0.260511 0.945845
vt 0.257923 0.961477
vt 0.260511 0.945848
vt 0.256088 0.945795
vt 0.262029 0.961477
vt 0.264248 0.945733
vt 0.256088 0.945805
vt 0.251223 0.945740
vt 0.253803 0.961477
vt 0.251223 0.945751
vt 0.249281 0.961477
vt 0.246466 0.945687
vt 0.241541 0.945632
vt 0.235800 0.945726
vt 0.231300 0.945845
vt 0.232818 0.961477
vt 0.231300 0.945848
vt 0.226877 0.945795
vt 0.228712 0.961477
vt 0.226877 0.945805
vt 0.222012 0.945740
vt 0.224592 0.961477
vt 0.222012 0.945751
vt 0.220070 0.961477
vt 0.217255 0.945698
vt 0.214920 0.961477
vt 0.212330 0.945643
vt 0.192341 0.945751
vt 0.173180 0.945848
vt 0.170592 0.961477
vt 0.168757 0.945805
vt 0.237855 0.961477
vt 0.235800 0.945733
vt 0.244131 0.961477
vt 0.241541 0.945643
vt 0.246466 0.945698
vt 0.279672 0.945740
vt 0.284537 0.945795
vt 0.288960 0.945845
vt 0.286372 0.961477
vt 0.288960 0.945848
vt 0.290478 0.961477
vt 0.293448 0.945581
vt 0.284537 0.945805
vt 0.282252 0.961477
vt 0.279672 0.945751
vt 0.277730 0.961477
vt 0.274915 0.945698
vt 0.378847 0.857082
vt 0.490303 0.856878
vt 0.490303 0.856879
vt 0.443508 0.856964
vt 0.490303 0.881904
vt 0.488632 0.938946
vt 0.484258 0.938904
vt 0.479446 0.938858
vt 0.474741 0.938812
vt 0.469870 0.938766
vt 0.464191 0.938711
vt 0.460636 0.938946
vt 0.456261 0.938904
vt 0.451449 0.938858
vt 0.446744 0.938812
vt 0.549144 0.881904
vt 0.493082 0.938845
vt 0.498761 0.938766
vt 0.503633 0.938812
vt 0.508337 0.938858
vt 0.513149 0.938904
vt 0.517524 0.938946
vt 0.521220 0.938845
vt 0.526899 0.938766
vt 0.531770 0.938812
vt 0.536475 0.938858
vt 0.541287 0.938904
vt 0.545662 0.938946
vt 0.549144 0.938979
vt 0.551848 0.945884
vt 0.551848 0.856769
vt 0.548327 0.945845
vt 0.549845 0.961477
vt 0.543904 0.945795
vt 0.543904 0.945805
vt 0.545739 0.961477
vt 0.541619 0.961477
vt 0.539039 0.945740
vt 0.539039 0.945751
vt 0.534282 0.945687
vt 0.537097 0.961477
vt 0.534282 0.945698
vt 0.531947 0.961477
vt 0.529357 0.945632
vt 0.523616 0.945726
vt 0.523616 0.945733
vt 0.525671 0.961477
vt 0.521396 0.961477
vt 0.519878 0.945845
vt 0.515455 0.945795
vt 0.517291 0.961477
vt 0.519878 0.945848
vt 0.515455 0.945805
vt 0.513170 0.961477
vt 0.510590 0.945740
vt 0.510590 0.945751
vt 0.505834 0.945687
vt 0.508648 0.961477
vt 0.505834 0.945698
vt 0.503498 0.961477
vt 0.500908 0.945632
vt 0.500908 0.945643
vt 0.497222 0.961477
vt 0.495167 0.945726
vt 0.490667 0.945845
vt 0.490732 0.945848
vt 0.492185 0.961477
vt 0.488080 0.961477
vt 0.486245 0.945795
vt 0.486245 0.945805
vt 0.483959 0.961477
vt 0.481379 0.945740
vt 0.476623 0.945687
vt 0.471697 0.945632
vt 0.465956 0.945567
vt 0.462362 0.945845
vt 0.463879 0.961477
vt 0.457939 0.945795
vt 0.459774 0.961477
vt 0.462362 0.945848
vt 0.457939 0.945805
vt 0.455654 0.961477
vt 0.453073 0.945740
vt 0.453073 0.945751
vt 0.451132 0.961477
vt 0.448317 0.945687
vt 0.443392 0.945632
vt 0.443392 0.945643
vt 0.445981 0.961477
vt 0.439705 0.961477
vt 0.437650 0.945726
vt 0.437650 0.945733
vt 0.433913 0.945845
vt 0.435431 0.961477
vt 0.429490 0.945795
vt 0.424625 0.945740
vt 0.427205 0.961477
vt 0.424625 0.945751
vt 0.419868 0.945687
vt 0.422683 0.961477
vt 0.414943 0.945632
vt 0.417532 0.961477
vt 0.419868 0.945698
vt 0.414943 0.945643
vt 0.411256 0.961477
vt 0.409201 0.945726
vt 0.409201 0.945733
vt 0.406220 0.961477
vt 0.404702 0.945845
vt 0.404702 0.945848
vt 0.402114 0.961477
vt 0.400279 0.945795
vt 0.400279 0.945805
vt 0.397994 0.961477
vt 0.395414 0.945740
vt 0.395414 0.945751
vt 0.393472 0.961477
vt 0.390657 0.945687
vt 0.385732 0.945632
vt 0.388322 0.961477
vt 0.385732 0.945643
vt 0.379990 0.945567
vt 0.382045 0.961477
vt 0.379990 0.945581
vt 0.377338 0.961477
vt 0.376423 0.945599
vt 0.390657 0.945698
vt 0.429490 0.945805
vt 0.431325 0.961477
vt 0.433913 0.945848
vt 0.448317 0.945698
vt 0.465956 0.945581
vt 0.468011 0.961477
vt 0.471697 0.945643
vt 0.474287 0.961477
vt 0.476623 0.945698
vt 0.479438 0.961477
vt 0.481379 0.945751
vt 0.495167 0.945733
vt 0.529357 0.945643
vt 0.548327 0.945848
vt 0.322659 0.945733
vt 0.353163 0.961477
vt 0.351009 0.945700
vt 0.357278 0.945675
vt 0.359439 0.961477
vt 0.362112 0.945656
vt 0.107550 0.961477
vt 0.110137 0.944125
vt 0.105715 0.944072
vt 0.105715 0.944082
vt 0.100849 0.944017
vt 0.103429 0.961477
vt 0.100849 0.944028
vt 0.098907 0.961477
vt 0.096093 0.943964
vt 0.096093 0.943975
vt 0.093757 0.961477
vt 0.091167 0.943909
vt 0.091167 0.943920
vt 0.087481 0.961477
vt 0.085426 0.944003
vt 0.085426 0.944009
vt 0.082445 0.961477
vt 0.080926 0.944122
vt 0.080926 0.944125
vt 0.078339 0.961477
vt 0.076504 0.944072
vt 0.071638 0.944017
vt 0.074219 0.961477
vt 0.076504 0.944082
vt 0.071638 0.944028
vt 0.069697 0.961477
vt 0.066440 0.940766
vt 0.066440 0.940838
vt 0.062273 0.940388
vt 0.065132 0.961585
vt 0.059792 0.961477
vt 0.053074 0.866709
vt 0.118576 0.756671
vt 0.118576 0.726926
vt 0.178066 0.726926
vt 0.178066 0.756671
vt 0.118576 0.786416
vt 0.178066 0.786416
vt 0.503269 0.656383
vt 0.503269 0.658786
vt 0.503269 0.678012
vt 0.503269 0.680414
vt 0.509153 0.657038
vt 0.509153 0.659440
vt 0.509153 0.678665
vt 0.509153 0.681068
vt 0.507191 0.653770
vt 0.507191 0.656172
vt 0.507191 0.675397
vt 0.507191 0.677800
vt 0.551144 0.647695
vt 0.451590 0.758427
vt 0.447522 0.758427
vt 0.451590 0.613391
vt 0.447522 0.613391
vt 0.427979 0.613391
vt 0.427979 0.758427
vt 0.538088 0.754018
vt 0.538750 0.752616
vt 0.533894 0.752531
vt 0.539111 0.751407
vt 0.543936 0.753667
vt 0.543284 0.755836
vt 0.544420 0.750357
vt 0.543936 0.753665
vt 0.544420 0.750358
vt 0.539339 0.749853
vt 0.544420 0.748077
vt 0.534546 0.750359
vt 0.528943 0.756426
vt 0.539339 0.748581
vt 0.534546 0.748076
vt 0.524831 0.755720
vt 0.526837 0.756426
vt 0.523127 0.754378
vt 0.520358 0.756907
vt 0.522769 0.758014
vt 0.521652 0.757621
vt 0.519025 0.764374
vt 0.517323 0.763034
vt 0.519409 0.756159
vt 0.515137 0.760665
vt 0.515137 0.760664
vt 0.517323 0.763033
vt 0.521780 0.765894
vt 0.521780 0.765895
vt 0.523783 0.766599
vt 0.523783 0.766600
vt 0.526839 0.767124
vt 0.524202 0.758260
vt 0.531576 0.758260
vt 0.531997 0.766599
vt 0.528943 0.767123
vt 0.533010 0.758014
vt 0.528941 0.767124
vt 0.526837 0.767123
vt 0.531997 0.766600
vt 0.533999 0.765895
vt 0.533999 0.765894
vt 0.536753 0.764374
vt 0.534127 0.757621
vt 0.535422 0.756907
vt 0.530949 0.755720
vt 0.532653 0.754378
vt 0.536372 0.756159
vt 0.537399 0.755048
vt 0.540645 0.760664
vt 0.538459 0.763033
vt 0.538457 0.763034
vt 0.541880 0.758821
vt 0.540643 0.760665
vt 0.541880 0.758819
vt 0.543288 0.755834
vt 0.538750 0.745818
vt 0.533894 0.745903
vt 0.539111 0.747028
vt 0.538088 0.744417
vt 0.537399 0.743387
vt 0.532653 0.744056
vt 0.521886 0.752531
vt 0.521234 0.750359
vt 0.517034 0.752616
vt 0.518380 0.755048
vt 0.517692 0.754018
vt 0.513897 0.758819
vt 0.512496 0.755834
vt 0.513897 0.758821
vt 0.512496 0.755836
vt 0.511843 0.753665
vt 0.511843 0.753667
vt 0.516670 0.751407
vt 0.516441 0.749853
vt 0.511360 0.750358
vt 0.511360 0.750357
vt 0.516441 0.748581
vt 0.511360 0.748077
vt 0.521234 0.748076
vt 0.516670 0.747028
vt 0.521886 0.745903
vt 0.530949 0.742714
vt 0.528943 0.742008
vt 0.517034 0.745818
vt 0.518380 0.743387
vt 0.523127 0.744056
vt 0.517692 0.744417
vt 0.526837 0.742008
vt 0.511843 0.744767
vt 0.512496 0.742599
vt 0.511843 0.744768
vt 0.531576 0.740174
vt 0.533010 0.740420
vt 0.531997 0.731834
vt 0.533999 0.732538
vt 0.534127 0.740813
vt 0.536753 0.734060
vt 0.536753 0.734059
vt 0.533999 0.732539
vt 0.538459 0.735401
vt 0.535422 0.741527
vt 0.538457 0.735400
vt 0.536372 0.742275
vt 0.540643 0.737770
vt 0.540645 0.737770
vt 0.541880 0.739615
vt 0.531997 0.731835
vt 0.528943 0.731310
vt 0.524202 0.740174
vt 0.528941 0.731310
vt 0.526839 0.731310
vt 0.526837 0.731310
vt 0.523783 0.731835
vt 0.522769 0.740420
vt 0.521652 0.740813
vt 0.521780 0.732539
vt 0.524831 0.742714
vt 0.520358 0.741527
vt 0.519409 0.742275
vt 0.515137 0.737770
vt 0.517323 0.735401
vt 0.517323 0.735400
vt 0.519025 0.734059
vt 0.519025 0.734060
vt 0.521780 0.732538
vt 0.523783 0.731834
vt 0.513897 0.739614
vt 0.513897 0.739615
vt 0.512496 0.742600
vt 0.543288 0.742600
vt 0.541880 0.739614
vt 0.543284 0.742599
vt 0.543936 0.744768
vt 0.543936 0.744767
vt 0.584761 0.721165
vt 0.586271 0.718112
vt 0.576170 0.714718
vt 0.586932 0.715847
vt 0.588694 0.716463
vt 0.587988 0.718697
vt 0.588694 0.716461
vt 0.589314 0.712407
vt 0.587461 0.712410
vt 0.589314 0.710084
vt 0.589314 0.710083
vt 0.589314 0.712406
vt 0.576686 0.712408
vt 0.565851 0.718657
vt 0.587461 0.710080
vt 0.576686 0.710081
vt 0.564023 0.716896
vt 0.557925 0.725566
vt 0.555628 0.723201
vt 0.562884 0.714718
vt 0.554295 0.721165
vt 0.552845 0.722305
vt 0.551068 0.718697
vt 0.552782 0.718112
vt 0.552122 0.715847
vt 0.562367 0.712408
vt 0.551592 0.712410
vt 0.576170 0.707771
vt 0.562367 0.710081
vt 0.575033 0.705594
vt 0.581128 0.696923
vt 0.583420 0.699288
vt 0.573202 0.703832
vt 0.584761 0.701324
vt 0.586208 0.700184
vt 0.587986 0.703792
vt 0.586271 0.704377
vt 0.586932 0.706642
vt 0.588694 0.706026
vt 0.588694 0.706028
vt 0.587988 0.703793
vt 0.586208 0.700185
vt 0.584819 0.698223
vt 0.582119 0.695433
vt 0.579165 0.695347
vt 0.580133 0.693948
vt 0.580130 0.693948
vt 0.582119 0.695432
vt 0.576339 0.693864
vt 0.573916 0.692994
vt 0.576830 0.692208
vt 0.570820 0.702834
vt 0.565851 0.703832
vt 0.568228 0.702834
vt 0.570828 0.692490
vt 0.562884 0.707771
vt 0.564023 0.705594
vt 0.559889 0.695347
vt 0.562713 0.693864
vt 0.557925 0.696923
vt 0.565138 0.692994
vt 0.554232 0.698223
vt 0.556929 0.695433
vt 0.555628 0.699288
vt 0.556932 0.695432
vt 0.558923 0.693948
vt 0.558921 0.693948
vt 0.562223 0.692209
vt 0.564646 0.691400
vt 0.564651 0.691400
vt 0.562223 0.692208
vt 0.554295 0.701324
vt 0.552845 0.700184
vt 0.552845 0.700185
vt 0.551068 0.703792
vt 0.550360 0.706026
vt 0.552782 0.704377
vt 0.550360 0.706028
vt 0.551068 0.703793
vt 0.552122 0.706642
vt 0.549739 0.710084
vt 0.551592 0.710080
vt 0.549739 0.712407
vt 0.550360 0.716461
vt 0.550360 0.716463
vt 0.549739 0.710083
vt 0.549739 0.712406
vt 0.551068 0.718696
vt 0.552845 0.722304
vt 0.554232 0.724265
vt 0.554232 0.724266
vt 0.556929 0.727055
vt 0.559889 0.727142
vt 0.558921 0.728541
vt 0.558923 0.728541
vt 0.556932 0.727057
vt 0.562713 0.728624
vt 0.565138 0.729495
vt 0.562223 0.730281
vt 0.568228 0.719656
vt 0.568226 0.729999
vt 0.570820 0.719656
vt 0.575033 0.716896
vt 0.570828 0.729999
vt 0.573202 0.718657
vt 0.573916 0.729495
vt 0.570820 0.731675
vt 0.568233 0.731676
vt 0.564651 0.731089
vt 0.568233 0.731675
vt 0.564646 0.731089
vt 0.570820 0.731676
vt 0.574402 0.731089
vt 0.576339 0.728624
vt 0.576830 0.730281
vt 0.576833 0.730280
vt 0.574405 0.731089
vt 0.580133 0.728541
vt 0.579165 0.727142
vt 0.582119 0.727055
vt 0.581128 0.725566
vt 0.582119 0.727057
vt 0.584819 0.724266
vt 0.580130 0.728541
vt 0.584819 0.724265
vt 0.583422 0.723201
vt 0.586208 0.722305
vt 0.586208 0.722304
vt 0.587988 0.718696
vt 0.562223 0.730280
vt 0.570820 0.690814
vt 0.568226 0.692490
vt 0.574405 0.691400
vt 0.576833 0.692209
vt 0.574402 0.691400
vt 0.568233 0.690814
vt 0.511857 0.617801
vt 0.513323 0.618391
vt 0.511765 0.618274
vt 0.511931 0.618349
vt 0.512043 0.617801
vt 0.587553 0.617801
vt 0.586088 0.618391
vt 0.586946 0.618343
vt 0.587649 0.618274
vt 0.587488 0.618348
vt 0.586989 0.618615
vt 0.578398 0.622636
vt 0.577979 0.622396
vt 0.586821 0.618693
vt 0.577845 0.622989
vt 0.578401 0.622635
vt 0.574009 0.623362
vt 0.576614 0.623444
vt 0.525402 0.623362
vt 0.525576 0.624037
vt 0.573834 0.624037
vt 0.574496 0.623941
vt 0.527587 0.629073
vt 0.530595 0.630671
vt 0.525004 0.625343
vt 0.574407 0.625343
vt 0.526944 0.628897
vt 0.524511 0.624857
vt 0.524323 0.625314
vt 0.524764 0.625801
vt 0.521565 0.622989
vt 0.522797 0.623444
vt 0.524767 0.625802
vt 0.526950 0.628903
vt 0.527590 0.629073
vt 0.527268 0.629498
vt 0.528595 0.632948
vt 0.527996 0.630042
vt 0.530012 0.631116
vt 0.528917 0.632483
vt 0.530388 0.633224
vt 0.530666 0.631347
vt 0.568815 0.630671
vt 0.568744 0.631347
vt 0.569022 0.633224
vt 0.533244 0.655737
vt 0.569398 0.631116
vt 0.571418 0.630042
vt 0.570497 0.632483
vt 0.570815 0.632948
vt 0.570649 0.633603
vt 0.570649 0.633606
vt 0.572142 0.629498
vt 0.571821 0.629073
vt 0.572458 0.628903
vt 0.572467 0.628897
vt 0.571823 0.629073
vt 0.531557 0.655741
vt 0.528762 0.633606
vt 0.566164 0.655737
vt 0.532045 0.656214
vt 0.567339 0.656214
vt 0.567854 0.655741
vt 0.567366 0.656214
vt 0.532072 0.656214
vt 0.528762 0.633603
vt 0.574900 0.624857
vt 0.575088 0.625314
vt 0.574646 0.625801
vt 0.574644 0.625802
vt 0.577976 0.622380
vt 0.586785 0.618387
vt 0.521432 0.622396
vt 0.521018 0.622636
vt 0.512590 0.618693
vt 0.512626 0.618387
vt 0.512421 0.618615
vt 0.521010 0.622635
vt 0.521435 0.622380
vt 0.512465 0.618343
vt 0.524914 0.623941
vt 0.484533 0.680657
vt 0.484535 0.680657
vt 0.050228 0.764533
vt 0.031236 0.057734
vt 0.050230 0.057621
vt 0.069224 0.057697
vt 0.031231 0.764461
vt 0.069226 0.764413
s 1
usemtl initialShadingGroup.002
f 2047/1267/767 2048/1268/767 2049/1269/767
f 2050/1270/768 2047/1267/769 2049/1269/770
f 2051/1271/771 2047/1267/769 2050/1270/768
f 2052/1272/772 2051/1271/771 2050/1270/768
f 2053/1273/773 2051/1271/771 2052/1272/772
f 2054/1274/774 2053/1273/773 2052/1272/772
f 2048/1268/775 2053/1273/773 2054/1274/774
f 2049/1269/770 2048/1268/775 2054/1274/774
f 2054/1275/774 2052/1276/772 2050/1277/768
f 2049/1278/770 2054/1275/774 2050/1277/768
f 2055/1279/776 2048/1280/775 2047/1281/769
f 2056/1282/777 2055/1279/776 2047/1281/769
f 2056/1282/777 2047/1281/769 2051/1283/771
f 2057/1284/778 2056/1282/777 2051/1283/771
f 2057/1284/778 2051/1283/771 2053/1285/773
f 2058/1286/779 2057/1284/778 2053/1285/773
f 2058/1286/779 2053/1285/773 2048/1280/775
f 2055/1279/776 2058/1286/779 2048/1280/775
f 2056/1287/777 2057/1288/778 2058/1289/779
f 2055/1290/776 2056/1287/777 2058/1289/779
f 2059/1291/780 2060/1292/781 2062/1293/780
f 2059/1291/780 2061/1294/782 2060/1292/781
f 2061/1294/782 2059/1291/780 2063/1295/783
f 2059/1291/780 2062/1293/780 2065/1296/784
f 2063/1295/783 2059/1291/780 2064/1297/785
f 2059/1291/780 2065/1296/784 2064/1297/785
f 2064/1297/785 2065/1296/784 2066/1298/786
f 2066/1298/786 2065/1296/784 2068/1299/787
f 2065/1296/784 2062/1293/780 2067/1300/788
f 2067/1300/788 2070/1301/789 2065/1296/784
f 2068/1299/787 2065/1296/784 2069/1302/790
f 2065/1296/784 2070/1301/789 2069/1302/790
f 2069/1302/790 2070/1301/789 2072/1302/791
f 2070/1301/789 2071/1303/780 2073/1301/792
f 2070/1301/789 2074/1304/793 2071/1303/780
f 2072/1302/791 2070/1301/789 2073/1301/792
f 2067/1300/788 2074/1304/793 2070/1301/789
f 2067/1300/788 2075/1305/794 2074/1304/793
f 2075/1305/794 2078/1306/795 2074/1304/793
f 2076/1307/796 2077/1308/781 2074/1304/793
f 2074/1304/793 2078/1306/795 2076/1307/796
f 2074/1304/793 2077/1308/781 2071/1303/780
f 2078/1306/795 2079/1309/797 2080/1310/795
f 2075/1305/794 2079/1309/797 2078/1306/795
f 2080/1310/795 2084/1311/780 2078/1306/795
f 2078/1306/795 2081/1312/798 2076/1307/796
f 2081/1312/798 2078/1306/795 2082/1313/799
f 2082/1313/799 2078/1306/795 2083/1314/800
f 2078/1306/795 2084/1311/780 2083/1314/800
f 2085/1315/782 2083/1314/800 2084/1311/780
f 2085/1315/782 2084/1311/780 2086/1316/801
f 2084/1311/780 2080/1310/795 2087/1317/802
f 2086/1316/801 2084/1311/780 2087/1317/802
f 2087/1318/802 2088/1319/803 2090/1320/804
f 2087/1317/802 2080/1310/795 2088/1321/803
f 2089/1322/801 2087/1318/802 2090/1320/804
f 2086/1323/801 2087/1318/802 2089/1322/801
f 2090/1320/804 2088/1319/803 2091/1324/805
f 2090/1320/804 2091/1324/805 2093/1320/806
f 2089/1322/801 2090/1320/804 2092/1322/807
f 2092/1322/807 2090/1320/804 2093/1320/806
f 2093/1320/806 2091/1324/805 2094/1324/808
f 2096/1319/803 2093/1320/806 2094/1324/808
f 2095/1318/809 2092/1322/807 2093/1320/806
f 2095/1318/809 2093/1320/806 2096/1319/803
f 2097/1310/810 2095/1317/809 2096/1321/803
f 2097/1310/810 2096/1321/803 2100/1309/810
f 2096/1319/803 2099/1325/811 2098/1326/812
f 2100/1309/810 2096/1321/803 2098/1327/812
f 2094/1324/808 2099/1325/811 2096/1319/803
f 2100/1309/810 2098/1327/812 2101/1328/810
f 2101/1328/810 2102/1305/813 2100/1309/810
f 2102/1305/813 2103/1306/814 2100/1309/810
f 2100/1309/810 2103/1306/814 2097/1310/810
f 2097/1310/810 2103/1306/814 2107/1311/814
f 2103/1306/814 2109/1307/796 2104/1312/815
f 2104/1312/815 2105/1313/816 2103/1306/814
f 2103/1306/814 2105/1313/816 2106/1314/817
f 2107/1311/814 2103/1306/814 2106/1314/817
f 2103/1306/814 2108/1304/818 2109/1307/796
f 2102/1305/813 2108/1304/818 2103/1306/814
f 2109/1307/796 2111/1308/819 2110/1329/820
f 2104/1312/815 2109/1307/796 2110/1329/820
f 2108/1304/818 2111/1308/819 2109/1307/796
f 2077/1308/781 2114/1330/821 2111/1308/819
f 2112/1303/822 2077/1308/781 2111/1308/819
f 2110/1329/820 2111/1308/819 2113/1330/823
f 2112/1303/822 2111/1308/819 2108/1304/818
f 2111/1308/819 2114/1330/821 2113/1330/823
f 2115/1329/824 2116/1331/825 2114/1330/821
f 2077/1308/781 2115/1329/824 2114/1330/821
f 2114/1330/821 2116/1331/825 2117/1332/826
f 2114/1330/821 2117/1332/826 2113/1330/823
f 2117/1332/826 2118/1333/827 2119/1334/826
f 2116/1331/825 2118/1333/827 2117/1332/826
f 2117/1332/826 2119/1334/826 2120/1332/828
f 2113/1330/823 2117/1332/826 2120/1332/828
f 2123/1331/829 2113/1330/823 2120/1332/828
f 2122/1333/830 2120/1332/828 2121/1334/831
f 2120/1332/828 2119/1334/826 2121/1334/831
f 2123/1331/829 2120/1332/828 2122/1333/830
f 2124/1335/813 2123/1331/829 2125/1336/832
f 2124/1335/813 2110/1329/820 2123/1331/829
f 2125/1336/832 2123/1331/829 2122/1333/830
f 2110/1329/820 2113/1330/823 2123/1331/829
f 2125/1336/832 2122/1333/830 2105/1313/816
f 2104/1312/815 2125/1336/832 2105/1313/816
f 2124/1335/813 2125/1336/832 2104/1312/815
f 2104/1312/815 2110/1329/820 2124/1335/813
f 2105/1313/816 2122/1333/830 2126/1337/833
f 2122/1333/830 2127/1338/834 2126/1337/833
f 2121/1334/831 2127/1338/834 2122/1333/830
f 2127/1338/834 2128/1339/797 2129/1339/835
f 2130/1338/836 2128/1339/797 2127/1338/834
f 2127/1338/834 2129/1339/835 2126/1337/833
f 2121/1334/831 2130/1338/836 2127/1338/834
f 2131/1337/837 2130/1338/836 2118/1333/827
f 2131/1337/837 2128/1339/797 2130/1338/836
f 2118/1333/827 2130/1338/836 2119/1334/826
f 2119/1334/826 2130/1338/836 2121/1334/831
f 2118/1333/827 2082/1313/799 2131/1337/837
f 2132/1340/838 2128/1339/797 2131/1337/837
f 2082/1313/799 2132/1340/838 2131/1337/837
f 2132/1340/838 2133/1341/839 2128/1339/797
f 2132/1340/838 2134/1342/840 2133/1341/839
f 2083/1314/800 2132/1340/838 2082/1313/799
f 2083/1314/800 2134/1342/840 2132/1340/838
f 2134/1342/840 2135/1343/841 2133/1341/839
f 2135/1343/841 2134/1342/840 2136/1344/782
f 2136/1344/782 2134/1342/840 2085/1315/782
f 2134/1342/840 2083/1314/800 2085/1315/782
f 2137/1345/782 2136/1344/782 2138/1346/842
f 2137/1345/782 2135/1343/841 2136/1344/782
f 2136/1344/782 2085/1315/782 2139/1347/843
f 2138/1346/842 2136/1344/782 2139/1347/843
f 2138/1348/842 2139/1349/843 2140/1350/844
f 2140/1350/844 2139/1349/843 2141/1351/845
f 2139/1349/843 2086/1323/801 2141/1351/845
f 2139/1347/843 2085/1315/782 2086/1316/801
f 2140/1350/844 2141/1351/845 2142/1350/846
f 2142/1350/846 2141/1351/845 2143/1351/847
f 2141/1351/845 2089/1322/801 2143/1351/847
f 2141/1351/845 2086/1323/801 2089/1322/801
f 2144/1349/848 2142/1350/846 2143/1351/847
f 2143/1351/847 2089/1322/801 2092/1322/807
f 2145/1323/849 2143/1351/847 2092/1322/807
f 2144/1349/848 2143/1351/847 2145/1323/849
f 2146/1315/850 2145/1316/849 2107/1311/814
f 2146/1315/850 2144/1347/848 2145/1316/849
f 2107/1311/814 2145/1316/849 2095/1317/809
f 2145/1323/849 2092/1322/807 2095/1318/809
f 2106/1314/817 2146/1315/850 2107/1311/814
f 2147/1344/832 2144/1347/848 2146/1315/850
f 2148/1342/851 2147/1344/832 2146/1315/850
f 2148/1342/851 2146/1315/850 2106/1314/817
f 2148/1342/851 2150/1341/852 2149/1343/851
f 2149/1343/851 2147/1344/832 2148/1342/851
f 2106/1314/817 2151/1340/838 2148/1342/851
f 2148/1342/851 2151/1340/838 2150/1341/852
f 2105/1313/816 2151/1340/838 2106/1314/817
f 2126/1337/833 2151/1340/838 2105/1313/816
f 2151/1340/838 2129/1339/835 2150/1341/852
f 2126/1337/833 2129/1339/835 2151/1340/838
f 2150/1341/852 2154/1352/853 2152/1353/854
f 2149/1343/851 2150/1341/852 2152/1353/854
f 2150/1341/852 2129/1339/835 2153/1354/855
f 2153/1354/855 2154/1352/853 2150/1341/852
f 2153/1354/855 2157/1352/781 2154/1352/853
f 2155/1355/856 2154/1352/853 2158/1356/857
f 2152/1353/854 2154/1352/853 2155/1355/856
f 2154/1352/853 2156/1356/781 2158/1356/857
f 2157/1352/781 2156/1356/781 2154/1352/853
f 2158/1356/857 2160/1357/858 2155/1355/856
f 2158/1356/857 2159/1357/859 2160/1357/858
f 2156/1356/781 2159/1357/859 2158/1356/857
f 2161/1358/860 2160/1357/858 2162/1359/861
f 2155/1355/856 2160/1357/858 2161/1358/860
f 2162/1359/861 2160/1357/858 2164/1360/862
f 2159/1357/859 2163/1360/826 2160/1357/858
f 2160/1357/858 2163/1360/826 2164/1360/862
f 2164/1360/862 2165/1361/863 2162/1359/861
f 2164/1360/862 2166/1361/781 2165/1361/863
f 2163/1360/826 2166/1361/781 2164/1360/862
f 2167/1359/864 2166/1361/781 2163/1360/826
f 2168/1362/865 2166/1361/781 2167/1359/864
f 2168/1362/865 2169/1363/866 2166/1361/781
f 2166/1361/781 2169/1363/866 2165/1361/863
f 2169/1363/866 2170/1364/867 2171/1363/868
f 2169/1363/866 2172/1365/869 2170/1364/867
f 2173/1366/870 2169/1363/866 2168/1362/865
f 2165/1361/863 2169/1363/866 2171/1363/868
f 2173/1366/870 2172/1365/869 2169/1363/866
f 2168/1362/865 2174/1367/871 2173/1366/870
f 2174/1367/871 2172/1365/869 2173/1366/870
f 2174/1367/871 2176/1368/780 2175/1369/871
f 2177/1370/872 2174/1367/871 2175/1369/871
f 2176/1368/780 2174/1367/871 2168/1362/865
f 2178/1371/781 2172/1365/869 2174/1367/871
f 2178/1371/781 2174/1367/871 2177/1370/872
f 2177/1370/872 2137/1345/782 2178/1371/781
f 2178/1371/781 2137/1345/782 2179/1372/782
f 2179/1372/782 2180/1373/789 2178/1371/781
f 2178/1371/781 2180/1373/789 2181/1374/795
f 2178/1371/781 2181/1374/795 2172/1365/869
f 2180/1373/789 2182/1375/789 2181/1374/795
f 2181/1374/795 2182/1375/789 2183/1376/794
f 2183/1376/794 2184/1377/873 2181/1374/795
f 2181/1374/795 2184/1377/873 2185/1378/874
f 2181/1374/795 2185/1378/874 2186/1379/875
f 2172/1365/869 2181/1374/795 2186/1379/875
f 2186/1379/875 2185/1378/874 2187/1380/876
f 2186/1379/875 2188/1381/826 2172/1365/869
f 2186/1379/875 2187/1380/876 2188/1381/826
f 2188/1381/826 2187/1380/876 2189/1382/877
f 2170/1364/867 2188/1381/826 2190/1364/878
f 2172/1365/869 2188/1381/826 2170/1364/867
f 2188/1381/826 2189/1382/877 2191/1381/879
f 2190/1364/878 2188/1381/826 2191/1381/879
f 2192/1380/880 2191/1381/879 2193/1382/881
f 2195/1379/882 2191/1381/879 2192/1380/880
f 2190/1364/878 2191/1381/879 2194/1365/883
f 2191/1381/879 2189/1382/877 2193/1382/881
f 2194/1365/883 2191/1381/879 2195/1379/882
f 2196/1374/851 2195/1379/882 2197/1378/884
f 2196/1374/851 2194/1365/883 2195/1379/882
f 2197/1378/884 2195/1379/882 2192/1380/880
f 2198/1377/885 2196/1374/851 2197/1378/884
f 2198/1377/885 2197/1378/884 2199/1383/886
f 2199/1383/886 2197/1378/884 2200/1384/887
f 2197/1378/884 2192/1380/880 2200/1384/887
f 2200/1384/887 2201/1385/888 2199/1383/886
f 2200/1384/887 2192/1380/880 2201/1385/888
f 2199/1383/886 2201/1385/888 2204/1386/889
f 2192/1380/880 2193/1382/881 2201/1385/888
f 2201/1385/888 2193/1382/881 2202/1387/890
f 2202/1387/890 2203/1388/891 2201/1385/888
f 2201/1385/888 2203/1388/891 2204/1386/889
f 2204/1386/889 2205/1389/892 2199/1383/886
f 2204/1386/889 2206/1390/893 2205/1389/892
f 2203/1388/891 2206/1390/893 2204/1386/889
f 2206/1390/893 2209/1391/894 2205/1389/892
f 2206/1390/893 2207/1391/895 2209/1391/894
f 2208/1390/896 2207/1391/895 2206/1390/893
f 2203/1388/891 2208/1390/896 2206/1390/893
f 2210/1392/892 2209/1391/894 2211/1393/897
f 2205/1389/892 2209/1391/894 2210/1392/892
f 2211/1393/897 2209/1391/894 2213/1394/898
f 2207/1391/895 2212/1394/782 2209/1391/894
f 2209/1391/894 2212/1394/782 2213/1394/898
f 2211/1393/897 2213/1394/898 2215/1395/899
f 2215/1395/899 2213/1394/898 2214/1396/900
f 2213/1394/898 2216/1396/901 2214/1396/900
f 2212/1394/782 2216/1396/901 2213/1394/898
f 2212/1394/782 2217/1395/902 2216/1396/901
f 2217/1395/902 2218/1397/901 2216/1396/901
f 2216/1396/901 2218/1397/901 2214/1396/900
f 2219/1398/903 2218/1397/901 2217/1395/902
f 2219/1398/903 2220/1399/841 2218/1397/901
f 2218/1397/901 2220/1399/841 2221/1397/904
f 2214/1396/900 2218/1397/901 2221/1397/904
f 2214/1396/900 2221/1397/904 2215/1395/899
f 2215/1395/899 2221/1397/904 2222/1398/905
f 2221/1397/904 2223/1399/906 2222/1398/905
f 2221/1397/904 2220/1399/841 2223/1399/906
f 2224/1400/907 2223/1399/906 2225/1401/908
f 2222/1398/905 2223/1399/906 2224/1400/907
f 2225/1401/908 2223/1399/906 2227/1402/909
f 2220/1399/841 2226/1402/910 2223/1399/906
f 2223/1399/906 2226/1402/910 2227/1402/909
f 2227/1402/909 2228/1403/911 2230/1403/912
f 2226/1402/910 2228/1403/911 2227/1402/909
f 2225/1401/908 2227/1402/909 2229/1404/913
f 2229/1404/913 2227/1402/909 2230/1403/912
f 2228/1403/911 2232/1405/914 2230/1403/912
f 2231/1406/915 2230/1403/912 2233/1405/916
f 2229/1404/913 2230/1403/912 2231/1406/915
f 2230/1403/912 2232/1405/914 2233/1405/916
f 2233/1405/916 2235/1407/917 2231/1406/915
f 2233/1405/916 2234/1407/918 2235/1407/917
f 2232/1405/914 2234/1407/918 2233/1405/916
f 2231/1406/915 2235/1407/917 2238/1408/919
f 2234/1407/918 2236/1409/781 2235/1407/917
f 2235/1407/917 2236/1409/781 2237/1409/920
f 2235/1407/917 2237/1409/920 2238/1408/919
f 2238/1408/919 2237/1409/920 2239/1410/921
f 2238/1408/919 2239/1410/921 2240/1411/922
f 2241/1412/923 2238/1408/919 2240/1411/922
f 2231/1406/915 2238/1408/919 2241/1412/923
f 2240/1411/922 2242/1413/924 2241/1412/923
f 2242/1413/924 2229/1404/913 2241/1412/923
f 2241/1412/923 2229/1404/913 2231/1406/915
f 2243/1414/925 2242/1413/924 2240/1411/922
f 2243/1414/925 2225/1401/908 2242/1413/924
f 2242/1413/924 2225/1401/908 2229/1404/913
f 2244/1415/814 2243/1414/925 2240/1411/922
f 2245/1416/813 2243/1414/925 2244/1415/814
f 2243/1414/925 2224/1400/907 2225/1401/908
f 2245/1416/813 2224/1400/907 2243/1414/925
f 2244/1415/814 2246/1417/926 2245/1416/813
f 2246/1417/926 2247/1418/926 2245/1416/813
f 2245/1416/813 2247/1418/926 2248/1419/850
f 2248/1419/850 2222/1398/905 2245/1416/813
f 2245/1416/813 2222/1398/905 2224/1400/907
f 2247/1418/926 2249/1420/926 2248/1419/850
f 2248/1419/850 2249/1420/926 2250/1421/832
f 2250/1421/832 2215/1395/899 2248/1419/850
f 2248/1419/850 2215/1395/899 2222/1398/905
f 2249/1420/926 2251/1422/850 2250/1421/832
f 2251/1422/850 2211/1393/897 2250/1421/832
f 2250/1421/832 2211/1393/897 2215/1395/899
f 2252/1376/927 2210/1392/892 2251/1422/850
f 2253/1423/926 2252/1376/927 2251/1422/850
f 2253/1423/926 2251/1422/850 2249/1420/926
f 2251/1422/850 2210/1392/892 2211/1393/897
f 2253/1423/926 2255/1424/928 2254/1375/929
f 2254/1375/929 2252/1376/927 2253/1423/926
f 2249/1420/926 2256/1425/930 2253/1423/926
f 2253/1423/926 2256/1425/930 2255/1424/928
f 2257/1426/931 2258/1427/932 2256/1428/930
f 2249/1420/926 2257/1429/931 2256/1425/930
f 2256/1428/930 2258/1427/932 2255/1430/928
f 2258/1427/932 2259/1431/933 2261/1431/934
f 2260/1427/935 2259/1431/933 2258/1427/932
f 2262/1432/936 2260/1427/935 2258/1427/932
f 2255/1430/928 2258/1427/932 2261/1431/934
f 2262/1432/936 2258/1427/932 2257/1426/931
f 2263/1432/937 2260/1427/935 2262/1432/936
f 2264/1433/938 2263/1432/937 2262/1432/936
f 2257/1426/931 2264/1433/938 2262/1432/936
f 2265/1433/939 2263/1432/937 2264/1433/938
f 2266/1434/940 2265/1433/939 2264/1433/938
f 2267/1435/941 2266/1434/940 2264/1433/938
f 2267/1435/941 2264/1433/938 2257/1426/931
f 2247/1418/926 2267/1436/941 2257/1429/931
f 2246/1417/926 2267/1436/941 2247/1418/926
f 2268/1437/940 2266/1434/940 2267/1435/941
f 2246/1417/926 2268/1438/940 2267/1436/941
f 2269/1439/942 2266/1434/940 2268/1437/940
f 2270/1440/851 2269/1441/942 2268/1438/940
f 2270/1440/851 2268/1438/940 2246/1417/926
f 2271/1294/832 2270/1440/851 2244/1415/814
f 2272/1442/851 2270/1440/851 2271/1294/832
f 2272/1442/851 2269/1441/942 2270/1440/851
f 2270/1440/851 2246/1417/926 2244/1415/814
f 2271/1294/832 2273/1292/943 2272/1442/851
f 2273/1292/943 2274/1443/944 2272/1442/851
f 2272/1442/851 2274/1443/944 2269/1441/942
f 2275/1444/945 2276/1445/942 2274/1446/944
f 2277/1447/946 2275/1444/945 2274/1446/944
f 2274/1446/944 2276/1445/942 2269/1439/942
f 2273/1292/943 2277/1448/946 2274/1443/944
f 2098/1326/812 2099/1325/811 2277/1447/946
f 2101/1328/810 2098/1327/812 2277/1448/946
f 2278/1449/947 2275/1444/945 2277/1447/946
f 2277/1447/946 2099/1325/811 2278/1449/947
f 2101/1328/810 2277/1448/946 2273/1292/943
f 2099/1325/811 2279/1449/948 2278/1449/947
f 2279/1449/948 2280/1444/949 2278/1449/947
f 2278/1449/947 2280/1444/949 2275/1444/945
f 2283/1447/949 2280/1444/949 2279/1449/948
f 2280/1444/949 2281/1445/950 2275/1444/945
f 2282/1446/948 2281/1445/950 2280/1444/949
f 2282/1446/948 2280/1444/949 2283/1447/949
f 2283/1448/949 2060/1292/781 2282/1443/948
f 2284/1328/781 2060/1292/781 2283/1448/949
f 2285/1327/951 2284/1328/781 2283/1448/949
f 2286/1325/952 2283/1447/949 2279/1449/948
f 2285/1326/951 2283/1447/949 2286/1325/952
f 2286/1325/952 2279/1449/948 2099/1325/811
f 2094/1324/808 2286/1325/952 2099/1325/811
f 2088/1319/803 2286/1325/952 2091/1324/805
f 2091/1324/805 2286/1325/952 2094/1324/808
f 2285/1326/951 2286/1325/952 2088/1319/803
f 2079/1309/797 2284/1328/781 2285/1327/951
f 2088/1321/803 2079/1309/797 2285/1327/951
f 2062/1293/780 2060/1292/781 2284/1328/781
f 2062/1293/780 2284/1328/781 2075/1305/794
f 2075/1305/794 2284/1328/781 2079/1309/797
f 2282/1443/948 2287/1442/781 2288/1441/953
f 2060/1292/781 2287/1442/781 2282/1443/948
f 2288/1439/953 2281/1445/950 2282/1446/948
f 2287/1442/781 2289/1440/872 2288/1441/953
f 2288/1441/953 2289/1440/872 2290/1438/954
f 2288/1439/953 2291/1434/955 2281/1445/950
f 2290/1437/954 2291/1434/955 2288/1439/953
f 2281/1445/950 2291/1434/955 2276/1445/942
f 2276/1445/942 2291/1434/955 2266/1434/940
f 2291/1434/955 2265/1433/939 2266/1434/940
f 2291/1434/955 2292/1435/956 2265/1433/939
f 2290/1437/954 2292/1435/956 2291/1434/955
f 2290/1438/954 2294/1417/957 2292/1436/956
f 2292/1435/956 2293/1426/958 2265/1433/939
f 2292/1436/956 2295/1418/841 2293/1429/958
f 2294/1417/957 2295/1418/841 2292/1436/956
f 2295/1418/841 2296/1416/795 2297/1419/901
f 2294/1417/957 2296/1416/795 2295/1418/841
f 2295/1418/841 2297/1419/901 2298/1420/841
f 2295/1418/841 2298/1420/841 2293/1429/958
f 2301/1422/797 2298/1420/841 2299/1421/959
f 2298/1420/841 2297/1419/901 2299/1421/959
f 2298/1420/841 2300/1423/794 2302/1425/960
f 2300/1423/794 2298/1420/841 2301/1422/797
f 2293/1429/958 2298/1420/841 2302/1425/960
f 2302/1425/960 2300/1423/794 2303/1424/928
f 2302/1428/960 2303/1430/928 2260/1427/935
f 2302/1428/960 2260/1427/935 2293/1426/958
f 2300/1423/794 2182/1375/789 2303/1424/928
f 2303/1430/928 2304/1450/961 2259/1431/933
f 2305/1451/961 2304/1450/961 2303/1430/928
f 2303/1424/928 2182/1375/789 2305/1452/961
f 2260/1427/935 2303/1430/928 2259/1431/933
f 2305/1451/961 2307/1453/962 2304/1450/961
f 2306/1454/963 2307/1453/962 2305/1451/961
f 2305/1452/961 2180/1373/789 2306/1455/963
f 2182/1375/789 2180/1373/789 2305/1452/961
f 2307/1453/962 2308/1456/842 2310/1453/964
f 2307/1453/962 2311/1457/965 2308/1456/842
f 2304/1450/961 2307/1453/962 2309/1450/966
f 2309/1450/966 2307/1453/962 2310/1453/964
f 2306/1454/963 2311/1457/965 2307/1453/962
f 2311/1457/965 2138/1348/842 2308/1456/842
f 2311/1458/965 2137/1345/782 2138/1346/842
f 2179/1372/782 2137/1345/782 2311/1458/965
f 2306/1455/963 2179/1372/782 2311/1458/965
f 2310/1453/964 2308/1456/842 2312/1456/846
f 2314/1457/967 2310/1453/964 2312/1456/846
f 2309/1450/966 2310/1453/964 2315/1451/964
f 2315/1451/964 2310/1453/964 2313/1454/968
f 2313/1454/968 2310/1453/964 2314/1457/967
f 2254/1375/929 2255/1424/928 2315/1452/964
f 2254/1375/929 2315/1452/964 2316/1373/969
f 2255/1430/928 2309/1450/966 2315/1451/964
f 2316/1373/969 2315/1452/964 2313/1455/968
f 2316/1373/969 2313/1455/968 2317/1372/813
f 2317/1372/813 2318/1371/943 2316/1373/969
f 2316/1373/969 2318/1371/943 2196/1374/851
f 2316/1373/969 2196/1374/851 2254/1375/929
f 2318/1371/943 2319/1370/851 2321/1367/970
f 2319/1370/851 2318/1371/943 2320/1345/813
f 2320/1345/813 2318/1371/943 2317/1372/813
f 2318/1371/943 2194/1365/883 2196/1374/851
f 2321/1367/970 2194/1365/883 2318/1371/943
f 2321/1367/970 2322/1369/971 2323/1368/927
f 2321/1367/970 2319/1370/851 2322/1369/971
f 2323/1368/927 2325/1362/972 2321/1367/970
f 2321/1367/970 2325/1362/972 2324/1366/870
f 2324/1366/870 2194/1365/883 2321/1367/970
f 2162/1359/861 2165/1361/863 2325/1362/972
f 2323/1368/927 2162/1359/861 2325/1362/972
f 2165/1361/863 2171/1363/868 2325/1362/972
f 2325/1362/972 2171/1363/868 2324/1366/870
f 2324/1366/870 2171/1363/868 2194/1365/883
f 2323/1368/927 2322/1369/971 2326/1459/851
f 2326/1459/851 2162/1359/861 2323/1368/927
f 2322/1369/971 2161/1358/860 2326/1459/851
f 2326/1459/851 2161/1358/860 2162/1359/861
f 2319/1370/851 2155/1355/856 2322/1369/971
f 2322/1369/971 2155/1355/856 2161/1358/860
f 2319/1370/851 2320/1345/813 2149/1343/851
f 2317/1372/813 2314/1458/967 2320/1345/813
f 2149/1343/851 2320/1345/813 2147/1344/832
f 2320/1345/813 2327/1346/967 2147/1344/832
f 2320/1345/813 2314/1458/967 2327/1346/967
f 2327/1348/967 2312/1456/846 2142/1350/846
f 2314/1457/967 2312/1456/846 2327/1348/967
f 2327/1348/967 2142/1350/846 2144/1349/848
f 2147/1344/832 2327/1346/967 2144/1347/848
f 2149/1343/851 2152/1353/854 2319/1370/851
f 2319/1370/851 2152/1353/854 2155/1355/856
f 2317/1372/813 2313/1455/968 2314/1458/967
f 2308/1456/842 2140/1350/844 2312/1456/846
f 2312/1456/846 2140/1350/844 2142/1350/846
f 2261/1431/934 2304/1450/961 2309/1450/966
f 2261/1431/934 2309/1450/966 2255/1430/928
f 2308/1456/842 2138/1348/842 2140/1350/844
f 2180/1373/789 2179/1372/782 2306/1455/963
f 2259/1431/933 2304/1450/961 2261/1431/934
f 2183/1376/794 2301/1422/797 2328/1392/973
f 2183/1376/794 2300/1423/794 2301/1422/797
f 2301/1422/797 2299/1421/959 2329/1393/974
f 2328/1392/973 2301/1422/797 2329/1393/974
f 2329/1393/974 2299/1421/959 2217/1395/902
f 2329/1393/974 2217/1395/902 2212/1394/782
f 2328/1392/973 2329/1393/974 2207/1391/895
f 2207/1391/895 2329/1393/974 2212/1394/782
f 2183/1376/794 2328/1392/973 2184/1377/873
f 2184/1377/873 2328/1392/973 2330/1389/973
f 2328/1392/973 2207/1391/895 2330/1389/973
f 2184/1377/873 2330/1389/973 2331/1383/975
f 2331/1383/975 2330/1389/973 2332/1386/976
f 2330/1389/973 2208/1390/896 2332/1386/976
f 2330/1389/973 2207/1391/895 2208/1390/896
f 2332/1386/976 2334/1388/977 2333/1385/978
f 2333/1385/978 2331/1383/975 2332/1386/976
f 2332/1386/976 2208/1390/896 2334/1388/977
f 2335/1387/979 2334/1388/977 2202/1387/890
f 2333/1385/978 2334/1388/977 2335/1387/979
f 2202/1387/890 2334/1388/977 2203/1388/891
f 2334/1388/977 2208/1390/896 2203/1388/891
f 2189/1382/877 2333/1385/978 2335/1387/979
f 2189/1382/877 2335/1387/979 2193/1382/881
f 2193/1382/881 2335/1387/979 2202/1387/890
f 2187/1380/876 2333/1385/978 2189/1382/877
f 2187/1380/876 2336/1384/980 2333/1385/978
f 2336/1384/980 2331/1383/975 2333/1385/978
f 2185/1378/874 2336/1384/980 2187/1380/876
f 2185/1378/874 2331/1383/975 2336/1384/980
f 2184/1377/873 2331/1383/975 2185/1378/874
f 2182/1375/789 2300/1423/794 2183/1376/794
f 2299/1421/959 2297/1419/901 2217/1395/902
f 2297/1419/901 2296/1416/795 2219/1398/903
f 2217/1395/902 2297/1419/901 2219/1398/903
f 2296/1416/795 2337/1415/795 2338/1414/981
f 2294/1417/957 2337/1415/795 2296/1416/795
f 2296/1416/795 2338/1414/981 2339/1400/903
f 2219/1398/903 2296/1416/795 2339/1400/903
f 2339/1400/903 2220/1399/841 2219/1398/903
f 2339/1400/903 2340/1401/982 2220/1399/841
f 2339/1400/903 2338/1414/981 2340/1401/982
f 2340/1401/982 2341/1404/983 2226/1402/910
f 2340/1401/982 2342/1413/984 2341/1404/983
f 2220/1399/841 2340/1401/982 2226/1402/910
f 2338/1414/981 2342/1413/984 2340/1401/982
f 2342/1413/984 2343/1411/985 2344/1412/986
f 2338/1414/981 2343/1411/985 2342/1413/984
f 2342/1413/984 2344/1412/986 2341/1404/983
f 2343/1411/985 2345/1408/987 2344/1412/986
f 2344/1412/986 2345/1408/987 2346/1406/988
f 2341/1404/983 2344/1412/986 2346/1406/988
f 2345/1408/987 2234/1407/918 2346/1406/988
f 2341/1404/983 2346/1406/988 2228/1403/911
f 2346/1406/988 2234/1407/918 2232/1405/914
f 2228/1403/911 2346/1406/988 2232/1405/914
f 2343/1411/985 2347/1410/989 2345/1408/987
f 2345/1408/987 2236/1409/781 2234/1407/918
f 2347/1410/989 2236/1409/781 2345/1408/987
f 2337/1415/795 2347/1410/989 2343/1411/985
f 2337/1415/795 2061/1294/782 2347/1410/989
f 2347/1410/989 2348/1460/990 2236/1409/781
f 2347/1410/989 2061/1294/782 2348/1460/990
f 2348/1460/990 2063/1295/783 2349/1461/991
f 2061/1294/782 2063/1295/783 2348/1460/990
f 2349/1461/991 2351/1462/992 2348/1460/990
f 2236/1409/781 2348/1460/990 2350/1463/780
f 2348/1460/990 2351/1462/992 2350/1463/780
f 2350/1463/780 2351/1462/992 2354/1463/993
f 2351/1462/992 2352/1464/994 2353/1465/782
f 2349/1461/991 2352/1464/994 2351/1462/992
f 2351/1462/992 2353/1465/782 2355/1462/995
f 2354/1463/993 2351/1462/992 2355/1462/995
f 2355/1462/995 2353/1465/782 2359/1465/996
f 2356/1460/921 2355/1462/995 2357/1461/997
f 2354/1463/993 2355/1462/995 2356/1460/921
f 2357/1461/997 2355/1462/995 2358/1464/998
f 2358/1464/998 2355/1462/995 2359/1465/996
f 2353/1465/782 2361/1466/959 2359/1465/996
f 2360/1467/999 2359/1465/996 2362/1466/1000
f 2358/1464/998 2359/1465/996 2360/1467/999
f 2359/1465/996 2361/1466/959 2362/1466/1000
f 2362/1466/1000 2363/1299/1001 2360/1467/999
f 2362/1466/1000 2068/1299/787 2363/1299/1001
f 2361/1466/959 2068/1299/787 2362/1466/1000
f 2363/1299/1001 2069/1302/790 2072/1302/791
f 2068/1299/787 2069/1302/790 2363/1299/1001
f 2360/1467/999 2363/1299/1001 2365/1298/1002
f 2364/1296/1003 2363/1299/1001 2072/1302/791
f 2365/1298/1002 2363/1299/1001 2364/1296/1003
f 2366/1297/1004 2360/1467/999 2365/1298/1002
f 2365/1298/1002 2364/1296/1003 2366/1297/1004
f 2366/1297/1004 2364/1296/1003 2367/1291/969
f 2367/1291/969 2368/1295/1005 2366/1297/1004
f 2368/1295/1005 2369/1468/927 2366/1297/1004
f 2366/1297/1004 2369/1468/927 2370/1469/927
f 2370/1469/927 2360/1467/999 2366/1297/1004
f 2369/1468/927 2358/1464/998 2370/1469/927
f 2370/1469/927 2358/1464/998 2360/1467/999
f 2368/1295/1005 2357/1461/997 2369/1468/927
f 2369/1468/927 2357/1461/997 2358/1464/998
f 2271/1294/832 2368/1295/1005 2367/1291/969
f 2271/1294/832 2356/1460/921 2368/1295/1005
f 2368/1295/1005 2356/1460/921 2357/1461/997
f 2367/1291/969 2273/1292/943 2271/1294/832
f 2367/1291/969 2371/1293/813 2273/1292/943
f 2367/1291/969 2364/1296/1003 2371/1293/813
f 2273/1292/943 2371/1293/813 2101/1328/810
f 2371/1293/813 2102/1305/813 2101/1328/810
f 2371/1293/813 2372/1300/1006 2102/1305/813
f 2371/1293/813 2364/1296/1003 2372/1300/1006
f 2364/1296/1003 2073/1301/792 2372/1300/1006
f 2372/1300/1006 2073/1301/792 2108/1304/818
f 2102/1305/813 2372/1300/1006 2108/1304/818
f 2072/1302/791 2073/1301/792 2364/1296/1003
f 2373/1467/1007 2068/1299/787 2361/1466/959
f 2353/1465/782 2373/1467/1007 2361/1466/959
f 2373/1467/1007 2064/1297/785 2066/1298/786
f 2374/1469/789 2064/1297/785 2373/1467/1007
f 2352/1464/994 2374/1469/789 2373/1467/1007
f 2066/1298/786 2068/1299/787 2373/1467/1007
f 2352/1464/994 2373/1467/1007 2353/1465/782
f 2375/1468/782 2064/1297/785 2374/1469/789
f 2375/1468/782 2374/1469/789 2352/1464/994
f 2063/1295/783 2064/1297/785 2375/1468/782
f 2063/1295/783 2375/1468/782 2349/1461/991
f 2349/1461/991 2375/1468/782 2352/1464/994
f 2239/1410/921 2237/1409/920 2356/1460/921
f 2271/1294/832 2239/1410/921 2356/1460/921
f 2356/1460/921 2237/1409/920 2354/1463/993
f 2237/1409/920 2350/1463/780 2354/1463/993
f 2236/1409/781 2350/1463/780 2237/1409/920
f 2338/1414/981 2337/1415/795 2343/1411/985
f 2226/1402/910 2341/1404/983 2228/1403/911
f 2289/1440/872 2337/1415/795 2294/1417/957
f 2289/1440/872 2061/1294/782 2337/1415/795
f 2289/1440/872 2294/1417/957 2290/1438/954
f 2265/1433/939 2293/1426/958 2263/1432/937
f 2293/1426/958 2260/1427/935 2263/1432/937
f 2287/1442/781 2061/1294/782 2289/1440/872
f 2060/1292/781 2061/1294/782 2287/1442/781
f 2275/1444/945 2281/1445/950 2276/1445/942
f 2276/1445/942 2266/1434/940 2269/1439/942
f 2244/1415/814 2239/1410/921 2271/1294/832
f 2247/1418/926 2257/1429/931 2249/1420/926
f 2254/1375/929 2196/1374/851 2252/1376/927
f 2252/1376/927 2196/1374/851 2198/1377/885
f 2198/1377/885 2210/1392/892 2252/1376/927
f 2240/1411/922 2239/1410/921 2244/1415/814
f 2205/1389/892 2210/1392/892 2198/1377/885
f 2199/1383/886 2205/1389/892 2198/1377/885
f 2194/1365/883 2171/1363/868 2190/1364/878
f 2171/1363/868 2170/1364/867 2190/1364/878
f 2177/1370/872 2135/1343/841 2137/1345/782
f 2135/1343/841 2177/1370/872 2376/1353/1008
f 2177/1370/872 2175/1369/871 2377/1355/1008
f 2376/1353/1008 2177/1370/872 2377/1355/1008
f 2376/1353/1008 2377/1355/1008 2157/1352/781
f 2378/1358/1009 2159/1357/859 2377/1355/1008
f 2377/1355/1008 2175/1369/871 2378/1358/1009
f 2157/1352/781 2377/1355/1008 2156/1356/781
f 2377/1355/1008 2159/1357/859 2156/1356/781
f 2175/1369/871 2379/1459/795 2378/1358/1009
f 2378/1358/1009 2379/1459/795 2167/1359/864
f 2378/1358/1009 2167/1359/864 2159/1357/859
f 2175/1369/871 2176/1368/780 2379/1459/795
f 2379/1459/795 2176/1368/780 2167/1359/864
f 2376/1353/1008 2157/1352/781 2133/1341/839
f 2133/1341/839 2135/1343/841 2376/1353/1008
f 2167/1359/864 2176/1368/780 2168/1362/865
f 2159/1357/859 2167/1359/864 2163/1360/826
f 2133/1341/839 2157/1352/781 2380/1354/872
f 2380/1354/872 2157/1352/781 2153/1354/855
f 2128/1339/797 2133/1341/839 2380/1354/872
f 2128/1339/797 2380/1354/872 2129/1339/835
f 2129/1339/835 2380/1354/872 2153/1354/855
f 2116/1331/825 2381/1336/1010 2118/1333/827
f 2381/1336/1010 2082/1313/799 2118/1333/827
f 2382/1335/781 2381/1336/1010 2116/1331/825
f 2381/1336/1010 2081/1312/798 2082/1313/799
f 2382/1335/781 2081/1312/798 2381/1336/1010
f 2081/1312/798 2382/1335/781 2115/1329/824
f 2115/1329/824 2382/1335/781 2116/1331/825
f 2076/1307/796 2115/1329/824 2077/1308/781
f 2076/1307/796 2081/1312/798 2115/1329/824
f 2071/1303/780 2077/1308/781 2112/1303/822
f 2073/1301/792 2071/1303/780 2112/1303/822
f 2108/1304/818 2073/1301/792 2112/1303/822
f 2107/1311/814 2095/1317/809 2097/1310/810
f 2080/1310/795 2079/1309/797 2088/1321/803
f 2062/1293/780 2075/1305/794 2067/1300/788
f 2388/1470/1011 2383/1471/1012 2384/1470/1013
f 2383/1471/1012 2385/1472/1014 2384/1470/1013
f 2383/1471/1012 2387/1472/1015 2385/1472/1014
f 2386/1471/1016 2383/1471/1012 2388/1470/1011
f 2386/1471/1016 2387/1472/1015 2383/1471/1012
f 2388/1470/1011 2389/1473/1017 2391/1474/1018
f 2390/1475/1019 2389/1473/1017 2388/1470/1011
f 2388/1470/1011 2384/1470/1013 2390/1475/1019
f 2388/1470/1011 2391/1474/1018 2386/1471/1016
f 2393/1473/1020 2391/1474/1018 2389/1473/1017
f 2386/1471/1016 2391/1474/1018 2387/1472/1015
f 2392/1474/1021 2387/1472/1015 2391/1474/1018
f 2392/1474/1021 2391/1474/1018 2393/1473/1020
f 2394/1475/1019 2392/1474/1021 2393/1473/1020
f 2394/1475/1019 2393/1473/1020 2390/1475/1019
f 2390/1475/1019 2393/1473/1020 2389/1473/1017
f 2384/1470/1013 2392/1474/1021 2394/1475/1019
f 2390/1475/1019 2384/1470/1013 2394/1475/1019
f 2385/1472/1014 2387/1472/1015 2392/1474/1021
f 2384/1470/1013 2385/1472/1014 2392/1474/1021
f 2396/1476/1022 2401/1477/1023 2395/1478/1022
f 2395/1478/1022 2397/1479/1022 2396/1476/1022
f 2397/1479/1022 2395/1478/1022 2400/1480/1024
f 2395/1478/1022 2402/1481/1023 2398/1482/1025
f 2398/1482/1025 2399/1483/1026 2395/1478/1022
f 2395/1478/1022 2399/1483/1026 2400/1480/1024
f 2395/1478/1022 2401/1477/1023 2402/1481/1023
f 2404/1484/1023 2402/1481/1023 2401/1477/1023
f 2398/1482/1025 2402/1481/1023 2403/1485/1023
f 2403/1485/1023 2402/1481/1023 2404/1484/1023
f 2405/1486/1023 2424/1487/1027 2404/1484/1023
f 2405/1486/1023 2404/1484/1023 2406/1488/1023
f 2406/1488/1023 2404/1484/1023 2407/1489/1023
f 2407/1489/1023 2404/1484/1023 2408/1490/1023
f 2408/1490/1023 2404/1484/1023 2409/1491/1023
f 2409/1491/1023 2404/1484/1023 2410/1492/1023
f 2410/1492/1023 2404/1484/1023 2411/1493/1023
f 2411/1493/1023 2404/1484/1023 2412/1494/1023
f 2412/1494/1023 2404/1484/1023 2413/1495/1023
f 2413/1495/1023 2404/1484/1023 2414/1496/1023
f 2414/1496/1023 2404/1484/1023 2415/1497/1023
f 2415/1497/1023 2404/1484/1023 2401/1477/1023
f 2404/1484/1023 2425/1498/1028 2416/1499/1023
f 2416/1499/1023 2417/1500/1023 2404/1484/1023
f 2417/1500/1023 2418/1501/1023 2404/1484/1023
f 2418/1501/1023 2419/1502/1023 2404/1484/1023
f 2419/1502/1023 2420/1503/1023 2404/1484/1023
f 2420/1503/1023 2421/1504/1023 2404/1484/1023
f 2421/1504/1023 2422/1505/1023 2404/1484/1023
f 2422/1505/1023 2423/1506/1023 2404/1484/1023
f 2423/1506/1023 2403/1485/1023 2404/1484/1023
f 2424/1487/1027 2425/1498/1028 2404/1484/1023
f 2425/1498/1028 2426/1507/1029 2416/1499/1023
f 2427/1508/1030 2426/1507/1029 2425/1498/1028
f 2427/1508/1030 2425/1498/1028 2428/1509/1031
f 2428/1509/1031 2425/1498/1028 2424/1487/1027
f 2428/1509/1031 2424/1487/1027 2429/1510/1032
f 2428/1509/1031 2429/1510/1032 2431/1487/1033
f 2430/1498/1034 2428/1509/1031 2431/1487/1033
f 2427/1508/1030 2428/1509/1031 2430/1498/1034
f 2431/1487/1033 2429/1510/1032 2432/1510/1035
f 2432/1510/1035 2433/1486/1036 2431/1487/1033
f 2431/1487/1033 2433/1486/1036 2434/1484/1036
f 2431/1487/1033 2434/1484/1036 2430/1498/1034
f 2433/1486/1036 2435/1488/1036 2434/1484/1036
f 2435/1488/1036 2436/1489/1036 2434/1484/1036
f 2436/1489/1036 2437/1490/1036 2434/1484/1036
f 2437/1490/1036 2438/1491/1036 2434/1484/1036
f 2438/1491/1036 2439/1492/1036 2434/1484/1036
f 2439/1492/1036 2440/1493/1036 2434/1484/1036
f 2440/1493/1036 2441/1494/1036 2434/1484/1036
f 2441/1494/1036 2442/1495/1036 2434/1484/1036
f 2442/1495/1036 2443/1496/1036 2434/1484/1036
f 2443/1496/1036 2444/1497/1036 2434/1484/1036
f 2444/1497/1036 2445/1477/1036 2434/1484/1036
f 2434/1484/1036 2445/1477/1036 2446/1481/1036
f 2455/1485/1036 2434/1484/1036 2446/1481/1036
f 2430/1498/1034 2434/1484/1036 2447/1499/1036
f 2447/1499/1036 2434/1484/1036 2448/1500/1036
f 2448/1500/1036 2434/1484/1036 2449/1501/1036
f 2449/1501/1036 2434/1484/1036 2450/1502/1036
f 2450/1502/1036 2434/1484/1036 2451/1503/1036
f 2451/1503/1036 2434/1484/1036 2452/1504/1036
f 2452/1504/1036 2434/1484/1036 2453/1505/1036
f 2453/1505/1036 2434/1484/1036 2454/1506/1036
f 2454/1506/1036 2434/1484/1036 2455/1485/1036
f 2454/1506/1036 2455/1485/1036 2456/1511/1037
f 2455/1485/1036 2446/1481/1036 2457/1482/1038
f 2456/1511/1037 2455/1485/1036 2457/1482/1038
f 2457/1482/1038 2446/1481/1036 2458/1478/1039
f 2457/1482/1038 2458/1478/1039 2399/1483/1026
f 2456/1511/1037 2457/1482/1038 2459/1512/1040
f 2399/1483/1026 2460/1513/1041 2457/1482/1038
f 2457/1482/1038 2460/1513/1041 2459/1512/1040
f 2398/1482/1025 2459/1512/1040 2460/1513/1041
f 2399/1483/1026 2398/1482/1025 2460/1513/1041
f 2459/1512/1040 2461/1511/1042 2462/1514/1043
f 2461/1511/1042 2459/1512/1040 2398/1482/1025
f 2459/1512/1040 2462/1514/1043 2456/1511/1037
f 2456/1511/1037 2462/1514/1043 2463/1515/1042
f 2461/1511/1042 2463/1515/1042 2462/1514/1043
f 2463/1515/1042 2464/1516/1044 2465/1517/1045
f 2464/1516/1044 2463/1515/1042 2461/1511/1042
f 2463/1515/1042 2465/1517/1045 2466/1516/1046
f 2466/1516/1046 2456/1511/1037 2463/1515/1042
f 2467/1518/1047 2453/1505/1036 2466/1516/1046
f 2467/1518/1047 2466/1516/1046 2468/1519/1048
f 2466/1516/1046 2465/1517/1045 2468/1519/1048
f 2466/1516/1046 2454/1506/1036 2456/1511/1037
f 2453/1505/1036 2454/1506/1036 2466/1516/1046
f 2464/1516/1044 2468/1519/1048 2465/1517/1045
f 2470/1518/1049 2468/1519/1048 2464/1516/1044
f 2468/1519/1048 2469/1520/1050 2467/1518/1047
f 2468/1519/1048 2470/1518/1049 2469/1520/1050
f 2470/1518/1049 2421/1504/1023 2471/1521/1051
f 2471/1521/1051 2472/1522/1052 2470/1518/1049
f 2470/1518/1049 2472/1522/1052 2469/1520/1050
f 2464/1516/1044 2422/1505/1023 2470/1518/1049
f 2470/1518/1049 2422/1505/1023 2421/1504/1023
f 2472/1522/1052 2471/1521/1051 2473/1523/1053
f 2467/1518/1047 2469/1520/1050 2472/1522/1052
f 2472/1522/1052 2473/1523/1053 2474/1521/1054
f 2474/1521/1054 2467/1518/1047 2472/1522/1052
f 2474/1521/1054 2473/1523/1053 2475/1524/1051
f 2476/1525/1055 2474/1521/1054 2475/1524/1051
f 2476/1525/1055 2451/1503/1036 2474/1521/1054
f 2474/1521/1054 2452/1504/1036 2467/1518/1047
f 2451/1503/1036 2452/1504/1036 2474/1521/1054
f 2476/1525/1055 2478/1526/1056 2477/1527/1057
f 2479/1528/1058 2476/1525/1055 2477/1527/1057
f 2475/1524/1051 2478/1526/1056 2476/1525/1055
f 2479/1528/1058 2450/1502/1036 2476/1525/1055
f 2450/1502/1036 2451/1503/1036 2476/1525/1055
f 2480/1529/1059 2479/1528/1058 2481/1530/1060
f 2482/1531/1037 2479/1528/1058 2480/1529/1059
f 2477/1527/1057 2481/1530/1060 2479/1528/1058
f 2482/1531/1037 2449/1501/1036 2479/1528/1058
f 2449/1501/1036 2450/1502/1036 2479/1528/1058
f 2480/1529/1059 2484/1532/1061 2482/1531/1037
f 2483/1533/1046 2448/1500/1036 2482/1531/1037
f 2483/1533/1046 2482/1531/1037 2485/1534/1062
f 2482/1531/1037 2484/1532/1061 2485/1534/1062
f 2448/1500/1036 2449/1501/1036 2482/1531/1037
f 2485/1534/1062 2486/1533/1044 2488/1535/1063
f 2486/1533/1044 2485/1534/1062 2487/1531/1042
f 2487/1531/1042 2485/1534/1062 2484/1532/1061
f 2485/1534/1062 2488/1535/1063 2483/1533/1046
f 2483/1533/1046 2488/1535/1063 2489/1536/1048
f 2486/1533/1044 2489/1536/1048 2488/1535/1063
f 2489/1536/1048 2490/1537/1049 2491/1538/1064
f 2490/1537/1049 2489/1536/1048 2486/1533/1044
f 2489/1536/1048 2491/1538/1064 2492/1537/1047
f 2492/1537/1047 2483/1533/1046 2489/1536/1048
f 2493/1539/1054 2495/1540/1036 2492/1537/1047
f 2493/1539/1054 2492/1537/1047 2494/1541/1052
f 2492/1537/1047 2491/1538/1064 2494/1541/1052
f 2492/1537/1047 2496/1542/1036 2483/1533/1046
f 2495/1540/1036 2496/1542/1036 2492/1537/1047
f 2495/1540/1036 2447/1499/1036 2496/1542/1036
f 2496/1542/1036 2448/1500/1036 2483/1533/1046
f 2496/1542/1036 2447/1499/1036 2448/1500/1036
f 2497/1543/1036 2495/1540/1036 2493/1539/1054
f 2497/1543/1036 2447/1499/1036 2495/1540/1036
f 2498/1544/1065 2497/1543/1036 2493/1539/1054
f 2499/1545/1036 2497/1543/1036 2498/1544/1065
f 2499/1545/1036 2447/1499/1036 2497/1543/1036
f 2501/1546/1065 2499/1545/1036 2498/1544/1065
f 2500/1547/1036 2499/1545/1036 2501/1546/1065
f 2500/1547/1036 2447/1499/1036 2499/1545/1036
f 2501/1546/1065 2502/1548/1066 2505/1549/1059
f 2503/1550/1067 2502/1548/1066 2501/1546/1065
f 2501/1546/1065 2498/1544/1065 2503/1550/1067
f 2504/1551/1068 2500/1547/1036 2501/1546/1065
f 2504/1551/1068 2501/1546/1065 2505/1549/1059
f 2506/1546/1069 2505/1549/1059 2502/1548/1066
f 2507/1551/1070 2505/1549/1059 2506/1546/1069
f 2505/1549/1059 2507/1551/1070 2508/1552/1071
f 2505/1549/1059 2508/1552/1071 2504/1551/1068
f 2504/1551/1068 2508/1552/1071 2509/1553/1062
f 2507/1551/1070 2509/1553/1062 2508/1552/1071
f 2509/1553/1062 2510/1554/1072 2511/1555/1063
f 2510/1554/1072 2509/1553/1062 2507/1551/1070
f 2509/1553/1062 2511/1555/1063 2512/1554/1073
f 2512/1554/1073 2504/1551/1068 2509/1553/1062
f 2512/1554/1073 2511/1555/1063 2513/1556/1074
f 2514/1557/1047 2512/1554/1073 2513/1556/1074
f 2514/1557/1047 2515/1558/1036 2512/1554/1073
f 2512/1554/1073 2516/1559/1036 2504/1551/1068
f 2515/1558/1036 2516/1559/1036 2512/1554/1073
f 2515/1558/1036 2447/1499/1036 2516/1559/1036
f 2516/1559/1036 2500/1547/1036 2504/1551/1068
f 2516/1559/1036 2447/1499/1036 2500/1547/1036
f 2517/1560/1036 2515/1558/1036 2514/1557/1047
f 2517/1560/1036 2447/1499/1036 2515/1558/1036
f 2518/1561/1036 2517/1560/1036 2519/1562/1054
f 2518/1561/1036 2447/1499/1036 2517/1560/1036
f 2519/1562/1054 2517/1560/1036 2514/1557/1047
f 2520/1563/1052 2522/1564/1075 2519/1562/1054
f 2519/1562/1054 2514/1557/1047 2520/1563/1052
f 2521/1565/1076 2518/1561/1036 2519/1562/1054
f 2521/1565/1076 2519/1562/1054 2523/1566/1077
f 2519/1562/1054 2522/1564/1075 2523/1566/1077
f 2523/1566/1077 2524/1565/1078 2526/1567/1079
f 2524/1565/1078 2523/1566/1077 2525/1562/1051
f 2525/1562/1051 2523/1566/1077 2522/1564/1075
f 2523/1566/1077 2526/1567/1079 2521/1565/1076
f 2521/1565/1076 2526/1567/1079 2527/1568/1080
f 2524/1565/1078 2527/1568/1080 2526/1567/1079
f 2527/1568/1080 2528/1569/1040 2529/1570/1081
f 2528/1569/1040 2527/1568/1080 2524/1565/1078
f 2527/1568/1080 2529/1570/1081 2530/1569/1082
f 2530/1569/1082 2521/1565/1076 2527/1568/1080
f 2530/1569/1082 2529/1570/1081 2531/1571/1040
f 2532/1572/1068 2530/1569/1082 2531/1571/1040
f 2532/1572/1068 2533/1573/1036 2530/1569/1082
f 2530/1569/1082 2534/1574/1036 2521/1565/1076
f 2533/1573/1036 2534/1574/1036 2530/1569/1082
f 2534/1574/1036 2518/1561/1036 2521/1565/1076
f 2534/1574/1036 2447/1499/1036 2518/1561/1036
f 2533/1573/1036 2447/1499/1036 2534/1574/1036
f 2535/1575/1036 2533/1573/1036 2532/1572/1068
f 2535/1575/1036 2447/1499/1036 2533/1573/1036
f 2536/1576/1036 2535/1575/1036 2537/1577/1073
f 2536/1576/1036 2538/1578/1036 2535/1575/1036
f 2538/1578/1036 2447/1499/1036 2535/1575/1036
f 2537/1577/1073 2535/1575/1036 2532/1572/1068
f 2540/1579/1083 2538/1578/1036 2539/1580/1036
f 2538/1578/1036 2536/1576/1036 2539/1580/1036
f 2541/1507/1084 2538/1578/1036 2540/1579/1083
f 2541/1507/1084 2447/1499/1036 2538/1578/1036
f 2540/1579/1083 2542/1581/1085 2541/1507/1084
f 2542/1581/1085 2427/1508/1030 2541/1507/1084
f 2541/1507/1084 2427/1508/1030 2430/1498/1034
f 2430/1498/1034 2447/1499/1036 2541/1507/1084
f 2542/1581/1085 2426/1507/1029 2427/1508/1030
f 2542/1581/1085 2543/1579/1086 2426/1507/1029
f 2544/1582/1034 2543/1579/1086 2542/1581/1085
f 2544/1582/1034 2542/1581/1085 2540/1579/1083
f 2545/1583/1087 2544/1582/1034 2547/1584/1088
f 2545/1583/1087 2546/1584/1089 2544/1582/1034
f 2544/1582/1034 2546/1584/1089 2543/1579/1086
f 2547/1584/1088 2544/1582/1034 2540/1579/1083
f 2548/1585/1090 2545/1583/1087 2547/1584/1088
f 2540/1579/1083 2539/1580/1036 2547/1584/1088
f 2547/1584/1088 2549/1586/1036 2548/1585/1090
f 2547/1584/1088 2539/1580/1036 2549/1586/1036
f 2549/1586/1036 2539/1580/1036 2551/1587/1036
f 2549/1586/1036 2550/1588/1036 2552/1589/1036
f 2550/1588/1036 2549/1586/1036 2551/1587/1036
f 2548/1585/1090 2549/1586/1036 2552/1589/1036
f 2555/1590/1091 2552/1589/1036 2553/1591/1036
f 2553/1591/1036 2552/1589/1036 2554/1592/1036
f 2554/1592/1036 2552/1589/1036 2556/1593/1036
f 2548/1585/1090 2552/1589/1036 2555/1590/1091
f 2556/1593/1036 2552/1589/1036 2557/1594/1036
f 2557/1594/1036 2552/1589/1036 2558/1595/1036
f 2558/1595/1036 2552/1589/1036 2559/1596/1036
f 2559/1596/1036 2552/1589/1036 2560/1597/1036
f 2560/1597/1036 2552/1589/1036 2561/1598/1036
f 2561/1598/1036 2552/1589/1036 2562/1599/1036
f 2562/1599/1036 2552/1589/1036 2563/1600/1036
f 2563/1600/1036 2552/1589/1036 2564/1601/1036
f 2564/1601/1036 2552/1589/1036 2565/1602/1036
f 2565/1602/1036 2552/1589/1036 2566/1603/1036
f 2566/1603/1036 2552/1589/1036 2567/1604/1036
f 2567/1604/1036 2552/1589/1036 2568/1605/1036
f 2552/1589/1036 2576/1606/1036 2568/1605/1036
f 2550/1588/1036 2569/1607/1036 2552/1589/1036
f 2569/1607/1036 2570/1608/1036 2552/1589/1036
f 2570/1608/1036 2571/1609/1036 2552/1589/1036
f 2571/1609/1036 2572/1610/1036 2552/1589/1036
f 2572/1610/1036 2573/1611/1036 2552/1589/1036
f 2573/1611/1036 2574/1612/1036 2552/1589/1036
f 2574/1612/1036 2575/1613/1036 2552/1589/1036
f 2575/1613/1036 2576/1606/1036 2552/1589/1036
f 2578/1614/1092 2576/1606/1036 2575/1613/1036
f 2577/1615/1093 2568/1605/1036 2576/1606/1036
f 2577/1615/1093 2576/1606/1036 2578/1614/1092
f 2578/1614/1092 2579/1616/1094 2580/1617/1095
f 2581/1618/1096 2579/1616/1094 2578/1614/1092
f 2577/1615/1093 2578/1614/1092 2580/1617/1095
f 2578/1614/1092 2582/1619/1097 2581/1618/1096
f 2578/1614/1092 2575/1613/1036 2582/1619/1097
f 2583/1620/1098 2585/1621/1099 2582/1619/1097
f 2582/1619/1097 2584/1622/1100 2583/1620/1098
f 2582/1619/1097 2574/1612/1036 2584/1622/1100
f 2582/1619/1097 2585/1621/1099 2581/1618/1096
f 2582/1619/1097 2575/1613/1036 2574/1612/1036
f 2583/1620/1098 2586/1619/1101 2585/1621/1099
f 2586/1619/1101 2581/1618/1096 2585/1621/1099
f 2587/1614/1102 2586/1619/1101 2589/1613/1023
f 2587/1614/1102 2581/1618/1096 2586/1619/1101
f 2586/1619/1101 2588/1622/1103 2590/1612/1023
f 2586/1619/1101 2583/1620/1098 2588/1622/1103
f 2589/1613/1023 2586/1619/1101 2590/1612/1023
f 2590/1612/1023 2588/1622/1103 2592/1611/1023
f 2590/1612/1023 2591/1589/1023 2589/1613/1023
f 2592/1611/1023 2591/1589/1023 2590/1612/1023
f 2588/1622/1103 2593/1623/1104 2592/1611/1023
f 2594/1610/1023 2591/1589/1023 2592/1611/1023
f 2592/1611/1023 2593/1623/1104 2594/1610/1023
f 2594/1610/1023 2595/1624/1105 2596/1609/1023
f 2593/1623/1104 2595/1624/1105 2594/1610/1023
f 2596/1609/1023 2591/1589/1023 2594/1610/1023
f 2596/1609/1023 2598/1625/1105 2597/1608/1023
f 2597/1608/1023 2591/1589/1023 2596/1609/1023
f 2595/1624/1105 2598/1625/1105 2596/1609/1023
f 2595/1624/1105 2599/1626/1106 2598/1625/1105
f 2598/1625/1105 2599/1626/1106 2602/1627/1107
f 2598/1625/1105 2600/1628/1108 2597/1608/1023
f 2598/1625/1105 2601/1629/1109 2600/1628/1108
f 2601/1629/1109 2598/1625/1105 2602/1627/1107
f 2603/1625/1110 2602/1627/1107 2599/1626/1106
f 2601/1629/1109 2602/1627/1107 2603/1625/1110
f 2604/1624/1110 2571/1609/1036 2603/1625/1110
f 2604/1624/1110 2603/1625/1110 2599/1626/1106
f 2603/1625/1110 2570/1608/1036 2605/1628/1111
f 2603/1625/1110 2605/1628/1111 2601/1629/1109
f 2603/1625/1110 2571/1609/1036 2570/1608/1036
f 2606/1630/1112 2608/1631/1113 2605/1628/1111
f 2605/1628/1111 2607/1632/1046 2606/1630/1112
f 2605/1628/1111 2569/1607/1036 2607/1632/1046
f 2605/1628/1111 2608/1631/1113 2601/1629/1109
f 2605/1628/1111 2570/1608/1036 2569/1607/1036
f 2606/1630/1112 2600/1628/1108 2608/1631/1113
f 2600/1628/1108 2601/1629/1109 2608/1631/1113
f 2609/1633/1072 2610/1634/1050 2607/1632/1046
f 2607/1632/1046 2611/1635/1073 2609/1633/1072
f 2607/1632/1046 2610/1634/1050 2606/1630/1112
f 2607/1632/1046 2550/1588/1036 2611/1635/1073
f 2607/1632/1046 2569/1607/1036 2550/1588/1036
f 2611/1635/1073 2612/1636/1114 2609/1633/1072
f 2613/1637/1042 2612/1636/1114 2611/1635/1073
f 2611/1635/1073 2614/1638/1068 2613/1637/1042
f 2611/1635/1073 2551/1587/1036 2614/1638/1068
f 2611/1635/1073 2550/1588/1036 2551/1587/1036
f 2614/1638/1068 2615/1639/1115 2613/1637/1042
f 2616/1640/1116 2615/1639/1115 2614/1638/1068
f 2614/1638/1068 2617/1641/1117 2616/1640/1116
f 2614/1638/1068 2618/1642/1036 2617/1641/1117
f 2614/1638/1068 2551/1587/1036 2618/1642/1036
f 2618/1642/1036 2539/1580/1036 2619/1643/1036
f 2551/1587/1036 2539/1580/1036 2618/1642/1036
f 2617/1641/1117 2618/1642/1036 2619/1643/1036
f 2620/1644/1055 2619/1643/1036 2621/1645/1036
f 2617/1641/1117 2619/1643/1036 2620/1644/1055
f 2619/1643/1036 2539/1580/1036 2621/1645/1036
f 2620/1644/1055 2621/1645/1036 2622/1646/1054
f 2621/1645/1036 2539/1580/1036 2623/1647/1036
f 2622/1646/1054 2621/1645/1036 2623/1647/1036
f 2623/1647/1036 2539/1580/1036 2625/1648/1036
f 2622/1646/1054 2623/1647/1036 2624/1649/1047
f 2624/1649/1047 2623/1647/1036 2625/1648/1036
f 2625/1648/1036 2539/1580/1036 2627/1650/1036
f 2624/1649/1047 2625/1648/1036 2626/1651/1073
f 2626/1651/1073 2625/1648/1036 2627/1650/1036
f 2627/1650/1036 2539/1580/1036 2628/1652/1036
f 2627/1650/1036 2628/1652/1036 2626/1651/1073
f 2628/1652/1036 2629/1653/1036 2630/1654/1037
f 2628/1652/1036 2539/1580/1036 2629/1653/1036
f 2626/1651/1073 2628/1652/1036 2630/1654/1037
f 2631/1655/1118 2632/1656/1043 2630/1654/1037
f 2630/1654/1037 2633/1657/1082 2631/1655/1118
f 2630/1654/1037 2632/1656/1043 2634/1658/1042
f 2626/1651/1073 2630/1654/1037 2634/1658/1042
f 2630/1654/1037 2629/1653/1036 2633/1657/1082
f 2634/1658/1042 2635/1651/1072 2637/1659/1063
f 2635/1651/1072 2634/1658/1042 2636/1654/1042
f 2636/1654/1042 2634/1658/1042 2632/1656/1043
f 2634/1658/1042 2637/1659/1063 2626/1651/1073
f 2626/1651/1073 2637/1659/1063 2638/1660/1044
f 2635/1651/1072 2638/1660/1044 2637/1659/1063
f 2638/1660/1044 2639/1649/1049 2640/1661/1119
f 2639/1649/1049 2638/1660/1044 2635/1651/1072
f 2638/1660/1044 2640/1661/1119 2624/1649/1047
f 2624/1649/1047 2626/1651/1073 2638/1660/1044
f 2624/1649/1047 2640/1661/1119 2641/1662/1052
f 2639/1649/1049 2641/1662/1052 2640/1661/1119
f 2641/1662/1052 2642/1646/1051 2643/1663/1053
f 2642/1646/1051 2641/1662/1052 2639/1649/1049
f 2641/1662/1052 2643/1663/1053 2622/1646/1054
f 2622/1646/1054 2624/1649/1047 2641/1662/1052
f 2622/1646/1054 2643/1663/1053 2644/1664/1051
f 2642/1646/1051 2644/1664/1051 2643/1663/1053
f 2646/1644/1120 2644/1664/1051 2642/1646/1051
f 2644/1664/1051 2645/1665/1056 2620/1644/1055
f 2644/1664/1051 2646/1644/1120 2645/1665/1056
f 2620/1644/1055 2622/1646/1054 2644/1664/1051
f 2647/1641/1059 2646/1644/1120 2649/1643/1023
f 2647/1641/1059 2648/1666/1057 2646/1644/1120
f 2646/1644/1120 2648/1666/1057 2645/1665/1056
f 2646/1644/1120 2642/1646/1051 2650/1645/1023
f 2649/1643/1023 2646/1644/1120 2650/1645/1023
f 2649/1643/1023 2650/1645/1023 2652/1580/1023
f 2650/1645/1023 2642/1646/1051 2651/1647/1023
f 2650/1645/1023 2651/1647/1023 2652/1580/1023
f 2652/1580/1023 2546/1584/1089 2654/1586/1023
f 2543/1579/1086 2546/1584/1089 2652/1580/1023
f 2664/1578/1023 2543/1579/1086 2652/1580/1023
f 2653/1587/1023 2655/1642/1023 2652/1580/1023
f 2654/1586/1023 2653/1587/1023 2652/1580/1023
f 2655/1642/1023 2649/1643/1023 2652/1580/1023
f 2651/1647/1023 2656/1648/1023 2652/1580/1023
f 2656/1648/1023 2657/1650/1023 2652/1580/1023
f 2657/1650/1023 2658/1652/1023 2652/1580/1023
f 2658/1652/1023 2659/1653/1023 2652/1580/1023
f 2659/1653/1023 2660/1667/1023 2652/1580/1023
f 2660/1667/1023 2661/1668/1023 2652/1580/1023
f 2661/1668/1023 2662/1669/1023 2652/1580/1023
f 2662/1669/1023 2663/1670/1023 2652/1580/1023
f 2652/1580/1023 2663/1670/1023 2676/1671/1023
f 2664/1578/1023 2652/1580/1023 2665/1576/1023
f 2665/1576/1023 2652/1580/1023 2666/1672/1023
f 2666/1672/1023 2652/1580/1023 2667/1673/1023
f 2667/1673/1023 2652/1580/1023 2668/1674/1023
f 2668/1674/1023 2652/1580/1023 2669/1675/1023
f 2669/1675/1023 2652/1580/1023 2670/1676/1023
f 2670/1676/1023 2652/1580/1023 2671/1677/1023
f 2671/1677/1023 2652/1580/1023 2672/1678/1023
f 2672/1678/1023 2652/1580/1023 2673/1679/1023
f 2673/1679/1023 2652/1580/1023 2674/1680/1023
f 2674/1680/1023 2652/1580/1023 2675/1681/1023
f 2675/1681/1023 2652/1580/1023 2676/1671/1023
f 2678/1682/1042 2675/1681/1023 2676/1671/1023
f 2677/1683/1072 2676/1671/1023 2663/1670/1023
f 2678/1682/1042 2676/1671/1023 2677/1683/1072
f 2677/1683/1072 2680/1684/1070 2678/1682/1042
f 2679/1685/1069 2675/1681/1023 2678/1682/1042
f 2678/1682/1042 2681/1686/1059 2679/1685/1069
f 2678/1682/1042 2680/1684/1070 2682/1687/1071
f 2681/1686/1059 2678/1682/1042 2682/1687/1071
f 2681/1686/1059 2682/1687/1071 2683/1682/1037
f 2683/1682/1037 2682/1687/1071 2680/1684/1070
f 2683/1682/1037 2685/1685/1065 2681/1686/1059
f 2684/1683/1073 2686/1671/1036 2683/1682/1037
f 2684/1683/1073 2683/1682/1037 2680/1684/1070
f 2683/1682/1037 2687/1681/1036 2685/1685/1065
f 2686/1671/1036 2687/1681/1036 2683/1682/1037
f 2687/1681/1036 2688/1680/1036 2685/1685/1065
f 2688/1680/1036 2687/1681/1036 2539/1580/1036
f 2687/1681/1036 2686/1671/1036 2539/1580/1036
f 2688/1680/1036 2689/1679/1036 2690/1688/1065
f 2689/1679/1036 2688/1680/1036 2539/1580/1036
f 2685/1685/1065 2688/1680/1036 2690/1688/1065
f 2691/1689/1121 2692/1690/1056 2690/1688/1065
f 2690/1688/1065 2693/1691/1054 2691/1689/1121
f 2690/1688/1065 2692/1690/1056 2694/1692/1122
f 2685/1685/1065 2690/1688/1065 2694/1692/1122
f 2690/1688/1065 2689/1679/1036 2693/1691/1054
f 2694/1692/1122 2679/1685/1069 2696/1693/1123
f 2679/1685/1069 2694/1692/1122 2695/1688/1069
f 2695/1688/1069 2694/1692/1122 2692/1690/1056
f 2694/1692/1122 2696/1693/1123 2685/1685/1065
f 2685/1685/1065 2696/1693/1123 2681/1686/1059
f 2679/1685/1069 2681/1686/1059 2696/1693/1123
f 2695/1688/1069 2674/1680/1023 2679/1685/1069
f 2697/1691/1051 2673/1679/1023 2695/1688/1069
f 2695/1688/1069 2691/1689/1121 2697/1691/1051
f 2691/1689/1121 2695/1688/1069 2692/1690/1056
f 2695/1688/1069 2673/1679/1023 2674/1680/1023
f 2697/1691/1051 2691/1689/1121 2700/1694/1124
f 2698/1695/1049 2672/1678/1023 2697/1691/1051
f 2697/1691/1051 2699/1696/1052 2698/1695/1049
f 2699/1696/1052 2697/1691/1051 2700/1694/1124
f 2697/1691/1051 2672/1678/1023 2673/1679/1023
f 2693/1691/1054 2700/1694/1124 2691/1689/1121
f 2699/1696/1052 2700/1694/1124 2693/1691/1054
f 2698/1695/1049 2699/1696/1052 2701/1697/1119
f 2702/1695/1047 2701/1697/1119 2699/1696/1052
f 2693/1691/1054 2702/1695/1047 2699/1696/1052
f 2703/1698/1072 2701/1697/1119 2702/1695/1047
f 2702/1695/1047 2704/1699/1073 2703/1698/1072
f 2693/1691/1054 2705/1678/1036 2702/1695/1047
f 2702/1695/1047 2706/1677/1036 2704/1699/1073
f 2705/1678/1036 2706/1677/1036 2702/1695/1047
f 2706/1677/1036 2705/1678/1036 2539/1580/1036
f 2707/1676/1036 2706/1677/1036 2539/1580/1036
f 2706/1677/1036 2707/1676/1036 2704/1699/1073
f 2707/1676/1036 2709/1675/1036 2708/1700/1068
f 2704/1699/1073 2707/1676/1036 2708/1700/1068
f 2709/1675/1036 2707/1676/1036 2539/1580/1036
f 2708/1700/1068 2709/1675/1036 2710/1701/1058
f 2711/1674/1036 2709/1675/1036 2539/1580/1036
f 2709/1675/1036 2711/1674/1036 2710/1701/1058
f 2712/1673/1036 2711/1674/1036 2539/1580/1036
f 2710/1701/1058 2711/1674/1036 2713/1702/1055
f 2711/1674/1036 2712/1673/1036 2713/1702/1055
f 2710/1701/1058 2713/1702/1055 2714/1703/1125
f 2713/1702/1055 2717/1704/1056 2714/1703/1125
f 2713/1702/1055 2712/1673/1036 2715/1705/1054
f 2713/1702/1055 2715/1705/1054 2716/1706/1126
f 2716/1706/1126 2717/1704/1056 2713/1702/1055
f 2718/1702/1120 2714/1703/1125 2717/1704/1056
f 2716/1706/1126 2718/1702/1120 2717/1704/1056
f 2718/1702/1120 2668/1674/1023 2719/1701/1127
f 2719/1701/1127 2714/1703/1125 2718/1702/1120
f 2720/1705/1051 2667/1673/1023 2718/1702/1120
f 2718/1702/1120 2716/1706/1126 2720/1705/1051
f 2718/1702/1120 2667/1673/1023 2668/1674/1023
f 2720/1705/1051 2716/1706/1126 2723/1707/1124
f 2721/1708/1049 2666/1672/1023 2720/1705/1051
f 2720/1705/1051 2722/1709/1052 2721/1708/1049
f 2722/1709/1052 2720/1705/1051 2723/1707/1124
f 2720/1705/1051 2666/1672/1023 2667/1673/1023
f 2715/1705/1054 2723/1707/1124 2716/1706/1126
f 2722/1709/1052 2723/1707/1124 2715/1705/1054
f 2721/1708/1049 2722/1709/1052 2724/1710/1119
f 2725/1708/1047 2724/1710/1119 2722/1709/1052
f 2715/1705/1054 2725/1708/1047 2722/1709/1052
f 2726/1711/1072 2724/1710/1119 2725/1708/1047
f 2725/1708/1047 2537/1577/1073 2726/1711/1072
f 2715/1705/1054 2727/1672/1036 2725/1708/1047
f 2725/1708/1047 2536/1576/1036 2537/1577/1073
f 2727/1672/1036 2536/1576/1036 2725/1708/1047
f 2536/1576/1036 2727/1672/1036 2539/1580/1036
f 2727/1672/1036 2712/1673/1036 2539/1580/1036
f 2712/1673/1036 2727/1672/1036 2715/1705/1054
f 2728/1577/1072 2726/1711/1072 2729/1712/1128
f 2721/1708/1049 2726/1711/1072 2728/1577/1072
f 2537/1577/1073 2729/1712/1128 2726/1711/1072
f 2726/1711/1072 2721/1708/1049 2724/1710/1119
f 2730/1713/1042 2728/1577/1072 2729/1712/1128
f 2730/1713/1042 2729/1712/1128 2537/1577/1073
f 2728/1577/1072 2730/1713/1042 2731/1572/1070
f 2731/1572/1070 2730/1713/1042 2732/1714/1071
f 2532/1572/1068 2732/1714/1071 2730/1713/1042
f 2537/1577/1073 2532/1572/1068 2730/1713/1042
f 2531/1571/1040 2732/1714/1071 2532/1572/1068
f 2531/1571/1040 2731/1572/1070 2732/1714/1071
f 2731/1572/1070 2733/1575/1023 2728/1577/1072
f 2528/1569/1040 2734/1573/1023 2731/1572/1070
f 2731/1572/1070 2531/1571/1040 2528/1569/1040
f 2731/1572/1070 2734/1573/1023 2733/1575/1023
f 2733/1575/1023 2734/1573/1023 2416/1499/1023
f 2734/1573/1023 2735/1574/1023 2416/1499/1023
f 2528/1569/1040 2735/1574/1023 2734/1573/1023
f 2735/1574/1023 2736/1561/1023 2416/1499/1023
f 2524/1565/1078 2735/1574/1023 2528/1569/1040
f 2524/1565/1078 2736/1561/1023 2735/1574/1023
f 2525/1562/1051 2737/1560/1023 2736/1561/1023
f 2736/1561/1023 2737/1560/1023 2416/1499/1023
f 2525/1562/1051 2736/1561/1023 2524/1565/1078
f 2739/1557/1049 2737/1560/1023 2525/1562/1051
f 2739/1557/1049 2738/1558/1023 2737/1560/1023
f 2737/1560/1023 2738/1558/1023 2416/1499/1023
f 2525/1562/1051 2520/1563/1052 2739/1557/1049
f 2739/1557/1049 2520/1563/1052 2740/1715/1050
f 2510/1554/1072 2738/1558/1023 2739/1557/1049
f 2739/1557/1049 2513/1556/1074 2510/1554/1072
f 2513/1556/1074 2739/1557/1049 2740/1715/1050
f 2514/1557/1047 2740/1715/1050 2520/1563/1052
f 2513/1556/1074 2740/1715/1050 2514/1557/1047
f 2510/1554/1072 2741/1559/1023 2738/1558/1023
f 2738/1558/1023 2741/1559/1023 2416/1499/1023
f 2507/1551/1070 2742/1547/1023 2741/1559/1023
f 2741/1559/1023 2742/1547/1023 2416/1499/1023
f 2507/1551/1070 2741/1559/1023 2510/1554/1072
f 2506/1546/1069 2743/1545/1023 2742/1547/1023
f 2742/1547/1023 2743/1545/1023 2416/1499/1023
f 2506/1546/1069 2742/1547/1023 2507/1551/1070
f 2743/1545/1023 2744/1543/1023 2416/1499/1023
f 2745/1544/1069 2744/1543/1023 2743/1545/1023
f 2745/1544/1069 2743/1545/1023 2506/1546/1069
f 2506/1546/1069 2503/1550/1067 2745/1544/1069
f 2745/1544/1069 2503/1550/1067 2748/1716/1079
f 2746/1539/1051 2744/1543/1023 2745/1544/1069
f 2745/1544/1069 2747/1717/1077 2746/1539/1051
f 2747/1717/1077 2745/1544/1069 2748/1716/1079
f 2747/1717/1077 2748/1716/1079 2498/1544/1065
f 2498/1544/1065 2748/1716/1079 2503/1550/1067
f 2746/1539/1051 2747/1717/1077 2749/1718/1124
f 2493/1539/1054 2749/1718/1124 2747/1717/1077
f 2498/1544/1065 2493/1539/1054 2747/1717/1077
f 2494/1541/1052 2746/1539/1051 2749/1718/1124
f 2494/1541/1052 2749/1718/1124 2493/1539/1054
f 2490/1537/1049 2750/1540/1023 2746/1539/1051
f 2746/1539/1051 2494/1541/1052 2490/1537/1049
f 2746/1539/1051 2750/1540/1023 2744/1543/1023
f 2490/1537/1049 2751/1542/1023 2750/1540/1023
f 2750/1540/1023 2751/1542/1023 2416/1499/1023
f 2744/1543/1023 2750/1540/1023 2416/1499/1023
f 2486/1533/1044 2417/1500/1023 2751/1542/1023
f 2751/1542/1023 2417/1500/1023 2416/1499/1023
f 2486/1533/1044 2751/1542/1023 2490/1537/1049
f 2728/1577/1072 2733/1575/1023 2665/1576/1023
f 2664/1578/1023 2733/1575/1023 2416/1499/1023
f 2665/1576/1023 2733/1575/1023 2664/1578/1023
f 2728/1577/1072 2665/1576/1023 2721/1708/1049
f 2721/1708/1049 2665/1576/1023 2666/1672/1023
f 2752/1719/1059 2753/1720/1129 2719/1701/1127
f 2754/1700/1070 2752/1719/1059 2719/1701/1127
f 2714/1703/1125 2719/1701/1127 2753/1720/1129
f 2719/1701/1127 2668/1674/1023 2669/1675/1023
f 2719/1701/1127 2669/1675/1023 2754/1700/1070
f 2754/1700/1070 2670/1676/1023 2755/1699/1072
f 2755/1699/1072 2756/1721/1070 2754/1700/1070
f 2754/1700/1070 2756/1721/1070 2757/1722/1130
f 2752/1719/1059 2754/1700/1070 2757/1722/1130
f 2754/1700/1070 2669/1675/1023 2670/1676/1023
f 2752/1719/1059 2757/1722/1130 2708/1700/1068
f 2708/1700/1068 2757/1722/1130 2756/1721/1070
f 2756/1721/1070 2755/1699/1072 2758/1723/1045
f 2756/1721/1070 2758/1723/1045 2704/1699/1073
f 2704/1699/1073 2708/1700/1068 2756/1721/1070
f 2704/1699/1073 2758/1723/1045 2703/1698/1072
f 2755/1699/1072 2703/1698/1072 2758/1723/1045
f 2755/1699/1072 2671/1677/1023 2698/1695/1049
f 2698/1695/1049 2703/1698/1072 2755/1699/1072
f 2755/1699/1072 2670/1676/1023 2671/1677/1023
f 2752/1719/1059 2710/1701/1058 2753/1720/1129
f 2714/1703/1125 2753/1720/1129 2710/1701/1058
f 2708/1700/1068 2710/1701/1058 2752/1719/1059
f 2705/1678/1036 2689/1679/1036 2539/1580/1036
f 2689/1679/1036 2705/1678/1036 2693/1691/1054
f 2703/1698/1072 2698/1695/1049 2701/1697/1119
f 2698/1695/1049 2671/1677/1023 2672/1678/1023
f 2539/1580/1036 2686/1671/1036 2759/1670/1036
f 2759/1670/1036 2686/1671/1036 2684/1683/1073
f 2761/1669/1036 2539/1580/1036 2759/1670/1036
f 2760/1724/1047 2759/1670/1036 2684/1683/1073
f 2761/1669/1036 2759/1670/1036 2760/1724/1047
f 2763/1668/1036 2539/1580/1036 2761/1669/1036
f 2762/1725/1054 2761/1669/1036 2760/1724/1047
f 2763/1668/1036 2761/1669/1036 2762/1725/1054
f 2764/1726/1131 2763/1668/1036 2762/1725/1054
f 2765/1667/1036 2763/1668/1036 2764/1726/1131
f 2765/1667/1036 2539/1580/1036 2763/1668/1036
f 2633/1657/1082 2765/1667/1036 2764/1726/1131
f 2629/1653/1036 2765/1667/1036 2633/1657/1082
f 2629/1653/1036 2539/1580/1036 2765/1667/1036
f 2766/1727/1051 2767/1728/1056 2764/1726/1131
f 2764/1726/1131 2762/1725/1054 2766/1727/1051
f 2764/1726/1131 2767/1728/1056 2768/1729/1132
f 2633/1657/1082 2764/1726/1131 2768/1729/1132
f 2768/1729/1132 2769/1657/1040 2771/1730/1133
f 2769/1657/1040 2768/1729/1132 2770/1726/1134
f 2770/1726/1134 2768/1729/1132 2767/1728/1056
f 2768/1729/1132 2771/1730/1133 2633/1657/1082
f 2633/1657/1082 2771/1730/1133 2631/1655/1118
f 2769/1657/1040 2631/1655/1118 2771/1730/1133
f 2770/1726/1134 2660/1667/1023 2769/1657/1040
f 2772/1725/1051 2661/1668/1023 2770/1726/1134
f 2770/1726/1134 2766/1727/1051 2772/1725/1051
f 2766/1727/1051 2770/1726/1134 2767/1728/1056
f 2770/1726/1134 2661/1668/1023 2660/1667/1023
f 2772/1725/1051 2766/1727/1051 2775/1731/1135
f 2773/1724/1049 2662/1669/1023 2772/1725/1051
f 2772/1725/1051 2774/1732/1052 2773/1724/1049
f 2774/1732/1052 2772/1725/1051 2775/1731/1135
f 2772/1725/1051 2662/1669/1023 2661/1668/1023
f 2762/1725/1054 2775/1731/1135 2766/1727/1051
f 2774/1732/1052 2775/1731/1135 2762/1725/1054
f 2773/1724/1049 2774/1732/1052 2776/1733/1119
f 2760/1724/1047 2776/1733/1119 2774/1732/1052
f 2762/1725/1054 2760/1724/1047 2774/1732/1052
f 2777/1734/1074 2773/1724/1049 2776/1733/1119
f 2777/1734/1074 2776/1733/1119 2760/1724/1047
f 2773/1724/1049 2777/1734/1074 2677/1683/1072
f 2677/1683/1072 2777/1734/1074 2778/1735/1045
f 2684/1683/1073 2778/1735/1045 2777/1734/1074
f 2760/1724/1047 2684/1683/1073 2777/1734/1074
f 2680/1684/1070 2677/1683/1072 2778/1735/1045
f 2680/1684/1070 2778/1735/1045 2684/1683/1073
f 2677/1683/1072 2663/1670/1023 2773/1724/1049
f 2773/1724/1049 2663/1670/1023 2662/1669/1023
f 2636/1654/1042 2631/1655/1118 2769/1657/1040
f 2769/1657/1040 2660/1667/1023 2659/1653/1023
f 2769/1657/1040 2659/1653/1023 2636/1654/1042
f 2679/1685/1069 2674/1680/1023 2675/1681/1023
f 2416/1499/1023 2426/1507/1029 2664/1578/1023
f 2426/1507/1029 2543/1579/1086 2664/1578/1023
f 2636/1654/1042 2659/1653/1023 2658/1652/1023
f 2635/1651/1072 2658/1652/1023 2657/1650/1023
f 2636/1654/1042 2658/1652/1023 2635/1651/1072
f 2656/1648/1023 2635/1651/1072 2657/1650/1023
f 2651/1647/1023 2639/1649/1049 2656/1648/1023
f 2639/1649/1049 2635/1651/1072 2656/1648/1023
f 2779/1638/1070 2647/1641/1059 2655/1642/1023
f 2653/1587/1023 2779/1638/1070 2655/1642/1023
f 2655/1642/1023 2647/1641/1059 2649/1643/1023
f 2780/1635/1072 2779/1638/1070 2653/1587/1023
f 2780/1635/1072 2613/1637/1042 2779/1638/1070
f 2779/1638/1070 2613/1637/1042 2615/1639/1115
f 2779/1638/1070 2616/1640/1116 2647/1641/1059
f 2616/1640/1116 2779/1638/1070 2615/1639/1115
f 2780/1635/1072 2609/1633/1072 2612/1636/1114
f 2782/1632/1044 2609/1633/1072 2780/1635/1072
f 2613/1637/1042 2780/1635/1072 2612/1636/1114
f 2781/1588/1023 2780/1635/1072 2653/1587/1023
f 2782/1632/1044 2780/1635/1072 2781/1588/1023
f 2600/1628/1108 2782/1632/1044 2783/1607/1023
f 2600/1628/1108 2606/1630/1112 2782/1632/1044
f 2609/1633/1072 2782/1632/1044 2610/1634/1050
f 2782/1632/1044 2606/1630/1112 2610/1634/1050
f 2783/1607/1023 2782/1632/1044 2781/1588/1023
f 2597/1608/1023 2600/1628/1108 2783/1607/1023
f 2783/1607/1023 2591/1589/1023 2597/1608/1023
f 2781/1588/1023 2591/1589/1023 2783/1607/1023
f 2654/1586/1023 2591/1589/1023 2781/1588/1023
f 2781/1588/1023 2653/1587/1023 2654/1586/1023
f 2546/1584/1089 2784/1585/1136 2654/1586/1023
f 2654/1586/1023 2784/1585/1136 2591/1589/1023
f 2545/1583/1087 2784/1585/1136 2546/1584/1089
f 2785/1736/1137 2784/1585/1136 2545/1583/1087
f 2785/1736/1137 2786/1590/1138 2784/1585/1136
f 2784/1585/1136 2786/1590/1138 2591/1589/1023
f 2786/1590/1138 2787/1737/1139 2790/1591/1023
f 2787/1737/1139 2786/1590/1138 2788/1738/1140
f 2788/1738/1140 2786/1590/1138 2789/1739/1141
f 2789/1739/1141 2786/1590/1138 2785/1736/1137
f 2591/1589/1023 2786/1590/1138 2790/1591/1023
f 2790/1591/1023 2787/1737/1139 2802/1740/1023
f 2791/1741/1023 2792/1742/1023 2790/1591/1023
f 2802/1740/1023 2791/1741/1023 2790/1591/1023
f 2792/1742/1023 2793/1743/1023 2790/1591/1023
f 2793/1743/1023 2794/1744/1023 2790/1591/1023
f 2794/1744/1023 2795/1745/1023 2790/1591/1023
f 2795/1745/1023 2796/1746/1023 2790/1591/1023
f 2796/1746/1023 2797/1747/1023 2790/1591/1023
f 2797/1747/1023 2798/1748/1023 2790/1591/1023
f 2798/1748/1023 2799/1749/1023 2790/1591/1023
f 2799/1749/1023 2800/1750/1023 2790/1591/1023
f 2800/1750/1023 2801/1592/1023 2790/1591/1023
f 2790/1591/1023 2801/1592/1023 2591/1589/1023
f 2787/1737/1139 2804/1751/1023 2802/1740/1023
f 2791/1741/1023 2802/1740/1023 2803/1752/1023
f 2802/1740/1023 2804/1751/1023 2803/1752/1023
f 2803/1752/1023 2804/1751/1023 2805/1753/1023
f 2805/1753/1023 2804/1751/1023 2806/1754/1023
f 2806/1754/1023 2804/1751/1023 2807/1755/1023
f 2807/1755/1023 2804/1751/1023 2808/1756/1023
f 2808/1756/1023 2804/1751/1023 2809/1757/1023
f 2809/1757/1023 2804/1751/1023 2810/1758/1023
f 2810/1758/1023 2804/1751/1023 2811/1759/1023
f 2811/1759/1023 2804/1751/1023 2812/1760/1023
f 2812/1760/1023 2804/1751/1023 2813/1761/1023
f 2813/1761/1023 2804/1751/1023 2814/1762/1023
f 2814/1762/1023 2804/1751/1023 2815/1763/1023
f 2804/1751/1023 2816/1764/1023 2815/1763/1023
f 2804/1751/1023 2818/1765/1142 2816/1764/1023
f 2817/1766/1143 2804/1751/1023 2787/1737/1139
f 2817/1766/1143 2818/1765/1142 2804/1751/1023
f 2818/1765/1142 2819/1767/1144 2816/1764/1023
f 2818/1765/1142 2820/1768/1144 2819/1767/1144
f 2820/1768/1144 2818/1765/1142 2821/1765/1145
f 2821/1765/1145 2818/1765/1142 2822/1766/1146
f 2822/1766/1146 2818/1765/1142 2817/1766/1143
f 2822/1766/1146 2787/1737/1139 2788/1738/1140
f 2817/1766/1143 2787/1737/1139 2822/1766/1146
f 2824/1737/1147 2822/1766/1146 2788/1738/1140
f 2821/1765/1145 2822/1766/1146 2825/1765/1148
f 2825/1765/1148 2822/1766/1146 2823/1766/1149
f 2823/1766/1149 2822/1766/1146 2824/1737/1147
f 2825/1765/1148 2828/1764/1036 2826/1767/1150
f 2825/1765/1148 2826/1767/1150 2820/1768/1144
f 2823/1766/1149 2827/1751/1036 2825/1765/1148
f 2825/1765/1148 2827/1751/1036 2828/1764/1036
f 2820/1768/1144 2821/1765/1145 2825/1765/1148
f 2826/1767/1150 2828/1764/1036 2829/1763/1036
f 2827/1751/1036 2829/1763/1036 2828/1764/1036
f 2831/1769/1054 2829/1763/1036 2830/1762/1036
f 2830/1762/1036 2829/1763/1036 2827/1751/1036
f 2826/1767/1150 2829/1763/1036 2831/1769/1054
f 2831/1769/1054 2835/1770/1151 2832/1771/1051
f 2826/1767/1150 2831/1769/1054 2832/1771/1051
f 2833/1772/1052 2835/1770/1151 2831/1769/1054
f 2831/1769/1054 2834/1773/1047 2833/1772/1052
f 2831/1769/1054 2830/1762/1036 2834/1773/1047
f 2836/1769/1051 2832/1771/1051 2835/1770/1151
f 2833/1772/1052 2836/1769/1051 2835/1770/1151
f 2819/1767/1144 2836/1769/1051 2815/1763/1023
f 2819/1767/1144 2832/1771/1051 2836/1769/1051
f 2836/1769/1051 2837/1773/1049 2814/1762/1023
f 2836/1769/1051 2833/1772/1052 2837/1773/1049
f 2815/1763/1023 2836/1769/1051 2814/1762/1023
f 2837/1773/1049 2833/1772/1052 2840/1774/1119
f 2837/1773/1049 2838/1775/1072 2813/1761/1023
f 2837/1773/1049 2839/1776/1044 2838/1775/1072
f 2839/1776/1044 2837/1773/1049 2840/1774/1119
f 2814/1762/1023 2837/1773/1049 2813/1761/1023
f 2834/1773/1047 2840/1774/1119 2833/1772/1052
f 2839/1776/1044 2840/1774/1119 2834/1773/1047
f 2838/1775/1072 2839/1776/1044 2841/1777/1128
f 2842/1775/1046 2841/1777/1128 2839/1776/1044
f 2834/1773/1047 2842/1775/1046 2839/1776/1044
f 2843/1778/1042 2841/1777/1128 2842/1775/1046
f 2834/1773/1047 2845/1761/1036 2842/1775/1046
f 2842/1775/1046 2844/1779/1037 2843/1778/1042
f 2842/1775/1046 2846/1760/1036 2844/1779/1037
f 2842/1775/1046 2845/1761/1036 2846/1760/1036
f 2844/1779/1037 2846/1760/1036 2847/1759/1036
f 2847/1759/1036 2846/1760/1036 2827/1751/1036
f 2846/1760/1036 2845/1761/1036 2827/1751/1036
f 2844/1779/1037 2847/1759/1036 2849/1780/1065
f 2849/1780/1065 2847/1759/1036 2848/1758/1036
f 2848/1758/1036 2847/1759/1036 2827/1751/1036
f 2849/1780/1065 2851/1781/1152 2850/1782/1059
f 2844/1779/1037 2849/1780/1065 2850/1782/1059
f 2852/1783/1067 2851/1781/1152 2849/1780/1065
f 2849/1780/1065 2853/1784/1065 2852/1783/1067
f 2849/1780/1065 2848/1758/1036 2853/1784/1065
f 2853/1784/1065 2856/1757/1036 2854/1785/1054
f 2853/1784/1065 2854/1785/1054 2857/1786/1153
f 2853/1784/1065 2855/1787/1056 2852/1783/1067
f 2857/1786/1153 2855/1787/1056 2853/1784/1065
f 2853/1784/1065 2848/1758/1036 2856/1757/1036
f 2857/1786/1153 2858/1784/1069 2855/1787/1056
f 2858/1784/1069 2857/1786/1153 2859/1785/1051
f 2859/1785/1051 2857/1786/1153 2860/1788/1124
f 2854/1785/1054 2860/1788/1124 2857/1786/1153
f 2861/1789/1052 2859/1785/1051 2860/1788/1124
f 2861/1789/1052 2860/1788/1124 2854/1785/1054
f 2859/1785/1051 2861/1789/1052 2862/1790/1049
f 2862/1790/1049 2861/1789/1052 2863/1791/1050
f 2864/1790/1047 2863/1791/1050 2861/1789/1052
f 2854/1785/1054 2864/1790/1047 2861/1789/1052
f 2854/1785/1054 2866/1756/1036 2864/1790/1047
f 2864/1790/1047 2867/1755/1036 2865/1792/1073
f 2864/1790/1047 2865/1792/1073 2868/1793/1048
f 2864/1790/1047 2866/1756/1036 2867/1755/1036
f 2868/1793/1048 2863/1791/1050 2864/1790/1047
f 2868/1793/1048 2862/1790/1049 2863/1791/1050
f 2862/1790/1049 2868/1793/1048 2869/1792/1072
f 2869/1792/1072 2868/1793/1048 2870/1794/1128
f 2865/1792/1073 2870/1794/1128 2868/1793/1048
f 2871/1795/1042 2870/1794/1128 2865/1792/1073
f 2871/1795/1042 2869/1792/1072 2870/1794/1128
f 2869/1792/1072 2871/1795/1042 2872/1796/1042
f 2872/1796/1042 2871/1795/1042 2873/1797/1043
f 2874/1796/1037 2873/1797/1043 2871/1795/1042
f 2865/1792/1073 2874/1796/1037 2871/1795/1042
f 2875/1798/1116 2873/1797/1043 2874/1796/1037
f 2874/1796/1037 2876/1799/1058 2875/1798/1116
f 2865/1792/1073 2877/1754/1036 2874/1796/1037
f 2874/1796/1037 2878/1753/1036 2876/1799/1058
f 2874/1796/1037 2877/1754/1036 2878/1753/1036
f 2876/1799/1058 2878/1753/1036 2879/1752/1036
f 2879/1752/1036 2878/1753/1036 2827/1751/1036
f 2878/1753/1036 2877/1754/1036 2827/1751/1036
f 2882/1800/1055 2879/1752/1036 2880/1741/1036
f 2880/1741/1036 2879/1752/1036 2881/1740/1036
f 2881/1740/1036 2879/1752/1036 2827/1751/1036
f 2876/1799/1058 2879/1752/1036 2882/1800/1055
f 2882/1800/1055 2883/1801/1154 2884/1802/1155
f 2885/1803/1051 2883/1801/1154 2882/1800/1055
f 2876/1799/1058 2882/1800/1055 2884/1802/1155
f 2882/1800/1055 2886/1804/1054 2885/1803/1051
f 2882/1800/1055 2880/1741/1036 2886/1804/1054
f 2886/1804/1054 2887/1805/1151 2885/1803/1051
f 2888/1806/1052 2887/1805/1151 2886/1804/1054
f 2886/1804/1054 2889/1807/1047 2888/1806/1052
f 2886/1804/1054 2890/1742/1036 2889/1807/1047
f 2886/1804/1054 2880/1741/1036 2890/1742/1036
f 2889/1807/1047 2890/1742/1036 2891/1743/1036
f 2880/1741/1036 2553/1591/1036 2890/1742/1036
f 2890/1742/1036 2553/1591/1036 2891/1743/1036
f 2889/1807/1047 2891/1743/1036 2892/1808/1073
f 2892/1808/1073 2891/1743/1036 2893/1744/1036
f 2891/1743/1036 2553/1591/1036 2893/1744/1036
f 2892/1808/1073 2893/1744/1036 2894/1809/1037
f 2894/1809/1037 2893/1744/1036 2895/1745/1036
f 2893/1744/1036 2553/1591/1036 2895/1745/1036
f 2896/1810/1156 2895/1745/1036 2897/1746/1036
f 2894/1809/1037 2895/1745/1036 2896/1810/1156
f 2895/1745/1036 2553/1591/1036 2897/1746/1036
f 2899/1811/1157 2897/1746/1036 2898/1747/1036
f 2897/1746/1036 2553/1591/1036 2898/1747/1036
f 2896/1810/1156 2897/1746/1036 2899/1811/1157
f 2896/1810/1156 2899/1811/1157 2901/1812/1158
f 2899/1811/1157 2898/1747/1036 2900/1813/1054
f 2899/1811/1157 2900/1813/1054 2903/1814/1077
f 2899/1811/1157 2902/1815/1056 2901/1812/1158
f 2903/1814/1077 2902/1815/1056 2899/1811/1157
f 2903/1814/1077 2904/1811/1159 2902/1815/1056
f 2904/1811/1159 2903/1814/1077 2905/1813/1051
f 2905/1813/1051 2903/1814/1077 2906/1816/1160
f 2900/1813/1054 2906/1816/1160 2903/1814/1077
f 2907/1817/1052 2906/1816/1160 2900/1813/1054
f 2907/1817/1052 2905/1813/1051 2906/1816/1160
f 2905/1813/1051 2907/1817/1052 2908/1818/1049
f 2908/1818/1049 2907/1817/1052 2909/1819/1119
f 2910/1818/1047 2909/1819/1119 2907/1817/1052
f 2900/1813/1054 2910/1818/1047 2907/1817/1052
f 2911/1820/1072 2909/1819/1119 2910/1818/1047
f 2910/1818/1047 2912/1821/1073 2911/1820/1072
f 2900/1813/1054 2913/1748/1036 2910/1818/1047
f 2910/1818/1047 2914/1749/1036 2912/1821/1073
f 2910/1818/1047 2913/1748/1036 2914/1749/1036
f 2913/1748/1036 2553/1591/1036 2914/1749/1036
f 2914/1749/1036 2553/1591/1036 2915/1750/1036
f 2912/1821/1073 2914/1749/1036 2915/1750/1036
f 2915/1750/1036 2553/1591/1036 2554/1592/1036
f 2916/1822/1037 2915/1750/1036 2554/1592/1036
f 2912/1821/1073 2915/1750/1036 2916/1822/1037
f 2916/1822/1037 2917/1823/1115 2918/1824/1062
f 2920/1825/1116 2917/1823/1115 2916/1822/1037
f 2912/1821/1073 2916/1822/1037 2918/1824/1062
f 2916/1822/1037 2554/1592/1036 2919/1826/1065
f 2916/1822/1037 2919/1826/1065 2920/1825/1116
f 2920/1825/1116 2921/1822/1042 2917/1823/1115
f 2921/1822/1042 2920/1825/1116 2923/1826/1069
f 2919/1826/1065 2922/1827/1152 2920/1825/1116
f 2923/1826/1069 2920/1825/1116 2922/1827/1152
f 2923/1826/1069 2924/1828/1069 2926/1593/1023
f 2923/1826/1069 2925/1829/1161 2924/1828/1069
f 2925/1829/1161 2923/1826/1069 2922/1827/1152
f 2921/1822/1042 2923/1826/1069 2801/1592/1023
f 2801/1592/1023 2923/1826/1069 2926/1593/1023
f 2801/1592/1023 2926/1593/1023 2591/1589/1023
f 2926/1593/1023 2924/1828/1069 2927/1594/1023
f 2926/1593/1023 2927/1594/1023 2591/1589/1023
f 2924/1828/1069 2928/1830/1051 2927/1594/1023
f 2927/1594/1023 2929/1595/1023 2591/1589/1023
f 2927/1594/1023 2928/1830/1051 2929/1595/1023
f 2929/1595/1023 2930/1596/1023 2591/1589/1023
f 2928/1830/1051 2931/1831/1049 2929/1595/1023
f 2929/1595/1023 2931/1831/1049 2930/1596/1023
f 2928/1830/1051 2932/1832/1052 2931/1831/1049
f 2931/1831/1049 2932/1832/1052 2935/1833/1050
f 2931/1831/1049 2933/1834/1072 2930/1596/1023
f 2931/1831/1049 2934/1835/1044 2933/1834/1072
f 2934/1835/1044 2931/1831/1049 2935/1833/1050
f 2936/1831/1047 2935/1833/1050 2932/1832/1052
f 2934/1835/1044 2935/1833/1050 2936/1831/1047
f 2937/1830/1054 2936/1831/1047 2932/1832/1052
f 2937/1830/1054 2558/1595/1036 2936/1831/1047
f 2936/1831/1047 2938/1834/1073 2934/1835/1044
f 2936/1831/1047 2559/1596/1036 2938/1834/1073
f 2936/1831/1047 2558/1595/1036 2559/1596/1036
f 2938/1834/1073 2560/1597/1036 2939/1836/1068
f 2938/1834/1073 2939/1836/1068 2940/1837/1062
f 2938/1834/1073 2559/1596/1036 2560/1597/1036
f 2940/1837/1062 2941/1838/1045 2938/1834/1073
f 2938/1834/1073 2941/1838/1045 2934/1835/1044
f 2933/1834/1072 2934/1835/1044 2941/1838/1045
f 2940/1837/1062 2933/1834/1072 2941/1838/1045
f 2933/1834/1072 2940/1837/1062 2942/1836/1070
f 2942/1836/1070 2940/1837/1062 2943/1839/1071
f 2939/1836/1068 2943/1839/1071 2940/1837/1062
f 2944/1840/1059 2942/1836/1070 2943/1839/1071
f 2944/1840/1059 2943/1839/1071 2939/1836/1068
f 2942/1836/1070 2944/1840/1059 2945/1841/1059
f 2944/1840/1059 2946/1842/1129 2945/1841/1059
f 2944/1840/1059 2947/1841/1117 2946/1842/1129
f 2939/1836/1068 2947/1841/1117 2944/1840/1059
f 2939/1836/1068 2561/1598/1036 2947/1841/1117
f 2949/1843/1057 2946/1842/1129 2947/1841/1117
f 2947/1841/1117 2562/1599/1036 2948/1844/1055
f 2947/1841/1117 2948/1844/1055 2949/1843/1057
f 2947/1841/1117 2561/1598/1036 2562/1599/1036
f 2949/1843/1057 2945/1841/1059 2946/1842/1129
f 2945/1841/1059 2949/1843/1057 2950/1844/1120
f 2950/1844/1120 2949/1843/1057 2951/1845/1079
f 2948/1844/1055 2951/1845/1079 2949/1843/1057
f 2952/1846/1121 2951/1845/1079 2948/1844/1055
f 2952/1846/1121 2950/1844/1120 2951/1845/1079
f 2953/1847/1051 2952/1846/1121 2954/1848/1135
f 2950/1844/1120 2952/1846/1121 2953/1847/1051
f 2955/1847/1054 2954/1848/1135 2952/1846/1121
f 2948/1844/1055 2955/1847/1054 2952/1846/1121
f 2956/1849/1052 2954/1848/1135 2955/1847/1054
f 2955/1847/1054 2957/1850/1047 2956/1849/1052
f 2948/1844/1055 2563/1600/1036 2955/1847/1054
f 2955/1847/1054 2564/1601/1036 2957/1850/1047
f 2955/1847/1054 2563/1600/1036 2564/1601/1036
f 2957/1850/1047 2960/1851/1162 2956/1849/1052
f 2958/1852/1163 2960/1851/1162 2957/1850/1047
f 2957/1850/1047 2959/1853/1073 2958/1852/1163
f 2957/1850/1047 2565/1602/1036 2959/1853/1073
f 2957/1850/1047 2564/1601/1036 2565/1602/1036
f 2961/1850/1049 2956/1849/1052 2960/1851/1162
f 2958/1852/1163 2961/1850/1049 2960/1851/1162
f 2953/1847/1051 2961/1850/1049 2963/1601/1023
f 2953/1847/1051 2956/1849/1052 2961/1850/1049
f 2961/1850/1049 2962/1853/1072 2964/1602/1023
f 2961/1850/1049 2958/1852/1163 2962/1853/1072
f 2963/1601/1023 2961/1850/1049 2964/1602/1023
f 2964/1602/1023 2965/1603/1023 2591/1589/1023
f 2963/1601/1023 2964/1602/1023 2591/1589/1023
f 2964/1602/1023 2962/1853/1072 2965/1603/1023
f 2965/1603/1023 2966/1604/1023 2591/1589/1023
f 2962/1853/1072 2967/1854/1070 2965/1603/1023
f 2965/1603/1023 2967/1854/1070 2966/1604/1023
f 2962/1853/1072 2968/1855/1070 2967/1854/1070
f 2967/1854/1070 2968/1855/1070 2971/1856/1071
f 2967/1854/1070 2969/1857/1040 2966/1604/1023
f 2967/1854/1070 2970/1858/1040 2969/1857/1040
f 2970/1858/1040 2967/1854/1070 2971/1856/1071
f 2970/1858/1040 2971/1856/1071 2972/1854/1068
f 2972/1854/1068 2971/1856/1071 2968/1855/1070
f 2972/1854/1068 2973/1857/1082 2970/1858/1040
f 2959/1853/1073 2566/1603/1036 2972/1854/1068
f 2959/1853/1073 2972/1854/1068 2968/1855/1070
f 2972/1854/1068 2567/1604/1036 2973/1857/1082
f 2972/1854/1068 2566/1603/1036 2567/1604/1036
f 2973/1857/1082 2975/1859/1164 2970/1858/1040
f 2973/1857/1082 2568/1605/1036 2577/1615/1093
f 2973/1857/1082 2577/1615/1093 2974/1860/1165
f 2973/1857/1082 2567/1604/1036 2568/1605/1036
f 2974/1860/1165 2975/1859/1164 2973/1857/1082
f 2969/1857/1040 2970/1858/1040 2975/1859/1164
f 2974/1860/1165 2969/1857/1040 2975/1859/1164
f 2969/1857/1040 2974/1860/1165 2976/1615/1166
f 2976/1615/1166 2974/1860/1165 2977/1861/1167
f 2577/1615/1093 2977/1861/1167 2974/1860/1165
f 2580/1617/1095 2977/1861/1167 2577/1615/1093
f 2580/1617/1095 2976/1615/1166 2977/1861/1167
f 2969/1857/1040 2976/1615/1166 2978/1605/1023
f 2976/1615/1166 2587/1614/1102 2979/1606/1023
f 2976/1615/1166 2580/1617/1095 2587/1614/1102
f 2978/1605/1023 2976/1615/1166 2979/1606/1023
f 2591/1589/1023 2978/1605/1023 2979/1606/1023
f 2589/1613/1023 2591/1589/1023 2979/1606/1023
f 2979/1606/1023 2587/1614/1102 2589/1613/1023
f 2966/1604/1023 2969/1857/1040 2978/1605/1023
f 2966/1604/1023 2978/1605/1023 2591/1589/1023
f 2968/1855/1070 2962/1853/1072 2980/1862/1045
f 2968/1855/1070 2980/1862/1045 2959/1853/1073
f 2959/1853/1073 2980/1862/1045 2958/1852/1163
f 2962/1853/1072 2958/1852/1163 2980/1862/1045
f 2981/1600/1023 2953/1847/1051 2963/1601/1023
f 2981/1600/1023 2963/1601/1023 2591/1589/1023
f 2950/1844/1120 2953/1847/1051 2981/1600/1023
f 2982/1599/1023 2950/1844/1120 2981/1600/1023
f 2982/1599/1023 2981/1600/1023 2591/1589/1023
f 2983/1598/1023 2945/1841/1059 2982/1599/1023
f 2983/1598/1023 2982/1599/1023 2591/1589/1023
f 2945/1841/1059 2950/1844/1120 2982/1599/1023
f 2984/1597/1023 2942/1836/1070 2983/1598/1023
f 2984/1597/1023 2983/1598/1023 2591/1589/1023
f 2942/1836/1070 2945/1841/1059 2983/1598/1023
f 2933/1834/1072 2942/1836/1070 2984/1597/1023
f 2930/1596/1023 2933/1834/1072 2984/1597/1023
f 2930/1596/1023 2984/1597/1023 2591/1589/1023
f 2959/1853/1073 2565/1602/1036 2566/1603/1036
f 2956/1849/1052 2953/1847/1051 2954/1848/1135
f 2948/1844/1055 2562/1599/1036 2563/1600/1036
f 2939/1836/1068 2560/1597/1036 2561/1598/1036
f 2937/1830/1054 2987/1863/1168 2985/1864/1051
f 2986/1828/1065 2937/1830/1054 2985/1864/1051
f 2986/1828/1065 2557/1594/1036 2937/1830/1054
f 2932/1832/1052 2987/1863/1168 2937/1830/1054
f 2937/1830/1054 2557/1594/1036 2558/1595/1036
f 2928/1830/1051 2985/1864/1051 2987/1863/1168
f 2932/1832/1052 2928/1830/1051 2987/1863/1168
f 2986/1828/1065 2988/1865/1056 2925/1829/1161
f 2919/1826/1065 2986/1828/1065 2925/1829/1161
f 2985/1864/1051 2988/1865/1056 2986/1828/1065
f 2919/1826/1065 2556/1593/1036 2986/1828/1065
f 2986/1828/1065 2556/1593/1036 2557/1594/1036
f 2924/1828/1069 2925/1829/1161 2988/1865/1056
f 2985/1864/1051 2924/1828/1069 2988/1865/1056
f 2924/1828/1069 2985/1864/1051 2928/1830/1051
f 2925/1829/1161 2922/1827/1152 2919/1826/1065
f 2989/1821/1072 2921/1822/1042 2800/1750/1023
f 2989/1821/1072 2918/1824/1062 2921/1822/1042
f 2921/1822/1042 2918/1824/1062 2917/1823/1115
f 2800/1750/1023 2921/1822/1042 2801/1592/1023
f 2908/1818/1049 2989/1821/1072 2799/1749/1023
f 2908/1818/1049 2911/1820/1072 2989/1821/1072
f 2989/1821/1072 2911/1820/1072 2990/1866/1045
f 2918/1824/1062 2989/1821/1072 2990/1866/1045
f 2799/1749/1023 2989/1821/1072 2800/1750/1023
f 2912/1821/1073 2990/1866/1045 2911/1820/1072
f 2918/1824/1062 2990/1866/1045 2912/1821/1073
f 2919/1826/1065 2554/1592/1036 2556/1593/1036
f 2900/1813/1054 2898/1747/1036 2913/1748/1036
f 2898/1747/1036 2553/1591/1036 2913/1748/1036
f 2911/1820/1072 2908/1818/1049 2909/1819/1119
f 2798/1748/1023 2908/1818/1049 2799/1749/1023
f 2905/1813/1051 2908/1818/1049 2798/1748/1023
f 2904/1811/1159 2905/1813/1051 2797/1747/1023
f 2797/1747/1023 2905/1813/1051 2798/1748/1023
f 2991/1810/1169 2904/1811/1159 2796/1746/1023
f 2991/1810/1169 2901/1812/1158 2904/1811/1159
f 2904/1811/1159 2901/1812/1158 2902/1815/1056
f 2796/1746/1023 2904/1811/1159 2797/1747/1023
f 2901/1812/1158 2991/1810/1169 2994/1867/1170
f 2992/1809/1042 2991/1810/1169 2795/1745/1023
f 2992/1809/1042 2993/1868/1040 2991/1810/1169
f 2991/1810/1169 2993/1868/1040 2994/1867/1170
f 2795/1745/1023 2991/1810/1169 2796/1746/1023
f 2901/1812/1158 2994/1867/1170 2896/1810/1156
f 2896/1810/1156 2994/1867/1170 2993/1868/1040
f 2993/1868/1040 2992/1809/1042 2995/1869/1043
f 2993/1868/1040 2995/1869/1043 2894/1809/1037
f 2894/1809/1037 2896/1810/1156 2993/1868/1040
f 2894/1809/1037 2995/1869/1043 2996/1870/1062
f 2992/1809/1042 2996/1870/1062 2995/1869/1043
f 2996/1870/1062 2997/1808/1044 2998/1871/1128
f 2997/1808/1044 2996/1870/1062 2992/1809/1042
f 2996/1870/1062 2998/1871/1128 2892/1808/1073
f 2892/1808/1073 2894/1809/1037 2996/1870/1062
f 2892/1808/1073 2998/1871/1128 2999/1872/1048
f 2997/1808/1044 2999/1872/1048 2998/1871/1128
f 2999/1872/1048 3000/1807/1049 3001/1873/1064
f 3000/1807/1049 2999/1872/1048 2997/1808/1044
f 2999/1872/1048 3001/1873/1064 2889/1807/1047
f 2889/1807/1047 2892/1808/1073 2999/1872/1048
f 3000/1807/1049 2888/1806/1052 3001/1873/1064
f 2889/1807/1047 3001/1873/1064 2888/1806/1052
f 3000/1807/1049 2997/1808/1044 2793/1743/1023
f 2792/1742/1023 3000/1807/1049 2793/1743/1023
f 3002/1804/1051 3000/1807/1049 2792/1742/1023
f 3002/1804/1051 2888/1806/1052 3000/1807/1049
f 3003/1800/1120 3002/1804/1051 2791/1741/1023
f 3003/1800/1120 2885/1803/1051 3002/1804/1051
f 3002/1804/1051 2885/1803/1051 2887/1805/1151
f 2888/1806/1052 3002/1804/1051 2887/1805/1151
f 2791/1741/1023 3002/1804/1051 2792/1742/1023
f 3004/1799/1127 3003/1800/1120 2803/1752/1023
f 3004/1799/1127 2884/1802/1155 3003/1800/1120
f 3003/1800/1120 2884/1802/1155 2883/1801/1154
f 2885/1803/1051 3003/1800/1120 2883/1801/1154
f 2803/1752/1023 3003/1800/1120 2791/1741/1023
f 2872/1796/1042 3004/1799/1127 2805/1753/1023
f 2872/1796/1042 2875/1798/1116 3004/1799/1127
f 2875/1798/1116 3005/1874/1171 3004/1799/1127
f 2884/1802/1155 3004/1799/1127 3005/1874/1171
f 2805/1753/1023 3004/1799/1127 2803/1752/1023
f 2875/1798/1116 2876/1799/1058 3005/1874/1171
f 2884/1802/1155 3005/1874/1171 2876/1799/1058
f 2997/1808/1044 2992/1809/1042 2794/1744/1023
f 2793/1743/1023 2997/1808/1044 2794/1744/1023
f 2794/1744/1023 2992/1809/1042 2795/1745/1023
f 2881/1740/1036 2553/1591/1036 2880/1741/1036
f 2881/1740/1036 2827/1751/1036 2824/1737/1147
f 2824/1737/1147 2553/1591/1036 2881/1740/1036
f 2865/1792/1073 2867/1755/1036 2877/1754/1036
f 2877/1754/1036 2867/1755/1036 2827/1751/1036
f 2875/1798/1116 2872/1796/1042 2873/1797/1043
f 2806/1754/1023 2872/1796/1042 2805/1753/1023
f 2869/1792/1072 2872/1796/1042 2806/1754/1023
f 2862/1790/1049 2869/1792/1072 2807/1755/1023
f 2807/1755/1023 2869/1792/1072 2806/1754/1023
f 2867/1755/1036 2866/1756/1036 2827/1751/1036
f 2854/1785/1054 2856/1757/1036 2866/1756/1036
f 2866/1756/1036 2856/1757/1036 2827/1751/1036
f 2859/1785/1051 2862/1790/1049 2808/1756/1023
f 2808/1756/1023 2862/1790/1049 2807/1755/1023
f 2858/1784/1069 2859/1785/1051 2809/1757/1023
f 2809/1757/1023 2859/1785/1051 2808/1756/1023
f 2858/1784/1069 2852/1783/1067 2855/1787/1056
f 2810/1758/1023 2858/1784/1069 2809/1757/1023
f 3006/1780/1069 2858/1784/1069 2810/1758/1023
f 3006/1780/1069 2852/1783/1067 2858/1784/1069
f 2852/1783/1067 3006/1780/1069 2851/1781/1152
f 3007/1779/1042 3006/1780/1069 2811/1759/1023
f 3007/1779/1042 2850/1782/1059 3006/1780/1069
f 3006/1780/1069 2850/1782/1059 2851/1781/1152
f 2811/1759/1023 3006/1780/1069 2810/1758/1023
f 2850/1782/1059 3007/1779/1042 3008/1875/1043
f 3007/1779/1042 2843/1778/1042 3008/1875/1043
f 2812/1760/1023 3007/1779/1042 2811/1759/1023
f 2838/1775/1072 3007/1779/1042 2812/1760/1023
f 2838/1775/1072 2843/1778/1042 3007/1779/1042
f 2850/1782/1059 3008/1875/1043 2844/1779/1037
f 2844/1779/1037 3008/1875/1043 2843/1778/1042
f 2856/1757/1036 2848/1758/1036 2827/1751/1036
f 2845/1761/1036 2830/1762/1036 2827/1751/1036
f 2834/1773/1047 2830/1762/1036 2845/1761/1036
f 2843/1778/1042 2838/1775/1072 2841/1777/1128
f 2813/1761/1023 2838/1775/1072 2812/1760/1023
f 2832/1771/1051 2819/1767/1144 3009/1876/1079
f 2832/1771/1051 3009/1876/1079 2826/1767/1150
f 2819/1767/1144 2820/1768/1144 3009/1876/1079
f 2826/1767/1150 3009/1876/1079 2820/1768/1144
f 2824/1737/1147 2827/1751/1036 2823/1766/1149
f 2824/1737/1147 2788/1738/1140 2555/1590/1091
f 2555/1590/1091 2553/1591/1036 2824/1737/1147
f 2816/1764/1023 2819/1767/1144 2815/1763/1023
f 2555/1590/1091 2788/1738/1140 2789/1739/1141
f 2789/1739/1141 2785/1736/1137 2555/1590/1091
f 2785/1736/1137 2545/1583/1087 2548/1585/1090
f 2555/1590/1091 2785/1736/1137 2548/1585/1090
f 2642/1646/1051 2639/1649/1049 2651/1647/1023
f 2648/1666/1057 2647/1641/1059 3010/1877/1172
f 2620/1644/1055 2645/1665/1056 2648/1666/1057
f 2648/1666/1057 3010/1877/1172 2617/1641/1117
f 2617/1641/1117 2620/1644/1055 2648/1666/1057
f 2616/1640/1116 2617/1641/1117 3010/1877/1172
f 2616/1640/1116 3010/1877/1172 2647/1641/1059
f 2631/1655/1118 2636/1654/1042 2632/1656/1043
f 3011/1623/1173 2572/1610/1036 2604/1624/1110
f 3011/1623/1173 2604/1624/1110 3012/1878/1174
f 2604/1624/1110 2572/1610/1036 2571/1609/1036
f 2599/1626/1106 3013/1879/1175 2604/1624/1110
f 2604/1624/1110 3013/1879/1175 3012/1878/1174
f 2595/1624/1105 3012/1878/1174 3013/1879/1175
f 2599/1626/1106 2595/1624/1105 3013/1879/1175
f 2593/1623/1104 3012/1878/1174 2595/1624/1105
f 3012/1878/1174 2593/1623/1104 3014/1880/1176
f 3012/1878/1174 3014/1880/1176 3011/1623/1173
f 3011/1623/1173 3014/1880/1176 3015/1881/1104
f 2593/1623/1104 3015/1881/1104 3014/1880/1176
f 3015/1881/1104 2588/1622/1103 3016/1882/1177
f 2588/1622/1103 3015/1881/1104 2593/1623/1104
f 3015/1881/1104 3016/1882/1177 2584/1622/1100
f 2584/1622/1100 3011/1623/1173 3015/1881/1104
f 2584/1622/1100 3016/1882/1177 2583/1620/1098
f 2588/1622/1103 2583/1620/1098 3016/1882/1177
f 2584/1622/1100 2573/1611/1036 3011/1623/1173
f 3011/1623/1173 2573/1611/1036 2572/1610/1036
f 2587/1614/1102 2580/1617/1095 2579/1616/1094
f 2581/1618/1096 2587/1614/1102 2579/1616/1094
f 2584/1622/1100 2574/1612/1036 2573/1611/1036
f 2528/1569/1040 2531/1571/1040 2529/1570/1081
f 2520/1563/1052 2525/1562/1051 2522/1564/1075
f 2510/1554/1072 2513/1556/1074 2511/1555/1063
f 2503/1550/1067 2506/1546/1069 2502/1548/1066
f 2490/1537/1049 2494/1541/1052 2491/1538/1064
f 2487/1531/1042 2417/1500/1023 2486/1533/1044
f 3017/1528/1127 2418/1501/1023 2487/1531/1042
f 2487/1531/1042 2480/1529/1059 3017/1528/1127
f 2480/1529/1059 2487/1531/1042 2484/1532/1061
f 2487/1531/1042 2418/1501/1023 2417/1500/1023
f 2480/1529/1059 2481/1530/1060 3017/1528/1127
f 3018/1525/1120 2419/1502/1023 3017/1528/1127
f 3017/1528/1127 2477/1527/1057 3018/1525/1120
f 2477/1527/1057 3017/1528/1127 2481/1530/1060
f 3017/1528/1127 2419/1502/1023 2418/1501/1023
f 3018/1525/1120 2477/1527/1057 2478/1526/1056
f 2471/1521/1051 2420/1503/1023 3018/1525/1120
f 3018/1525/1120 2475/1524/1051 2471/1521/1051
f 2475/1524/1051 3018/1525/1120 2478/1526/1056
f 3018/1525/1120 2420/1503/1023 2419/1502/1023
f 2471/1521/1051 2475/1524/1051 2473/1523/1053
f 2471/1521/1051 2421/1504/1023 2420/1503/1023
f 2452/1504/1036 2453/1505/1036 2467/1518/1047
f 2461/1511/1042 2423/1506/1023 2464/1516/1044
f 2464/1516/1044 2423/1506/1023 2422/1505/1023
f 2398/1482/1025 2403/1485/1023 2461/1511/1042
f 2461/1511/1042 2403/1485/1023 2423/1506/1023
f 2458/1478/1039 2445/1477/1036 3019/1476/1039
f 2458/1478/1039 3019/1476/1039 2397/1479/1022
f 2446/1481/1036 2445/1477/1036 2458/1478/1039
f 2458/1478/1039 2400/1480/1024 2399/1483/1026
f 2397/1479/1022 2400/1480/1024 2458/1478/1039
f 3020/1883/1178 3022/1884/1179 3019/1476/1039
f 3019/1476/1039 3021/1885/1180 3020/1883/1178
f 3019/1476/1039 2444/1497/1036 3021/1885/1180
f 2445/1477/1036 2444/1497/1036 3019/1476/1039
f 3019/1476/1039 3022/1884/1179 2397/1479/1022
f 2396/1476/1022 2397/1479/1022 3022/1884/1179
f 3020/1883/1178 2396/1476/1022 3022/1884/1179
f 3021/1885/1180 3024/1886/1181 3020/1883/1178
f 3021/1885/1180 2443/1496/1036 3023/1887/1182
f 3021/1885/1180 3023/1887/1182 3025/1888/1183
f 3025/1888/1183 3024/1886/1181 3021/1885/1180
f 2444/1497/1036 2443/1496/1036 3021/1885/1180
f 3025/1888/1183 3026/1885/1184 3024/1886/1181
f 3026/1885/1184 3025/1888/1183 3027/1887/1185
f 3027/1887/1185 3025/1888/1183 3028/1889/1186
f 3023/1887/1182 3028/1889/1186 3025/1888/1183
f 3029/1890/1187 3028/1889/1186 3023/1887/1182
f 3029/1890/1187 3027/1887/1185 3028/1889/1186
f 3027/1887/1185 3029/1890/1187 3030/1891/1188
f 3030/1891/1188 3029/1890/1187 3031/1892/1189
f 3032/1891/1190 3031/1892/1189 3029/1890/1187
f 3023/1887/1182 3032/1891/1190 3029/1890/1187
f 3034/1893/1191 3031/1892/1189 3032/1891/1190
f 3023/1887/1182 2442/1495/1036 3032/1891/1190
f 3032/1891/1190 2441/1494/1036 3033/1894/1192
f 3032/1891/1190 3033/1894/1192 3034/1893/1191
f 2442/1495/1036 2441/1494/1036 3032/1891/1190
f 3034/1893/1191 3030/1891/1188 3031/1892/1189
f 3030/1891/1188 3034/1893/1191 3035/1894/1193
f 3035/1894/1193 3034/1893/1191 3036/1895/1194
f 3033/1894/1192 3036/1895/1194 3034/1893/1191
f 3037/1896/1195 3035/1894/1193 3036/1895/1194
f 3037/1896/1195 3036/1895/1194 3033/1894/1192
f 3035/1894/1193 3037/1896/1195 3038/1897/1196
f 3037/1896/1195 3039/1898/1197 3038/1897/1196
f 3037/1896/1195 3040/1897/1198 3039/1898/1197
f 3033/1894/1192 3040/1897/1198 3037/1896/1195
f 3041/1899/1199 3039/1898/1197 3040/1897/1198
f 3040/1897/1198 3042/1900/1200 3041/1899/1199
f 3033/1894/1192 2440/1493/1036 3040/1897/1198
f 3040/1897/1198 2439/1492/1036 3042/1900/1200
f 2440/1493/1036 2439/1492/1036 3040/1897/1198
f 3042/1900/1200 3044/1901/1201 3041/1899/1199
f 3043/1902/1202 3044/1901/1201 3042/1900/1200
f 3042/1900/1200 3045/1903/1180 3043/1902/1202
f 3042/1900/1200 2438/1491/1036 3045/1903/1180
f 2439/1492/1036 2438/1491/1036 3042/1900/1200
f 3045/1903/1180 2437/1490/1036 3046/1904/1182
f 3045/1903/1180 3046/1904/1182 3048/1905/1203
f 2438/1491/1036 2437/1490/1036 3045/1903/1180
f 3045/1903/1180 3047/1906/1181 3043/1902/1202
f 3048/1905/1203 3047/1906/1181 3045/1903/1180
f 3048/1905/1203 3049/1903/1184 3047/1906/1181
f 3049/1903/1184 3048/1905/1203 3050/1904/1204
f 3050/1904/1204 3048/1905/1203 3051/1907/1205
f 3046/1904/1182 3051/1907/1205 3048/1905/1203
f 3052/1908/1206 3050/1904/1204 3051/1907/1205
f 3052/1908/1206 3051/1907/1205 3046/1904/1182
f 3050/1904/1204 3052/1908/1206 3053/1909/1207
f 3053/1909/1207 3052/1908/1206 3054/1910/1208
f 3055/1909/1209 3054/1910/1208 3052/1908/1206
f 3046/1904/1182 3055/1909/1209 3052/1908/1206
f 3046/1904/1182 2436/1489/1036 3055/1909/1209
f 3055/1909/1209 2435/1488/1036 3056/1911/1210
f 3056/1911/1210 3057/1912/1211 3055/1909/1209
f 3057/1912/1211 3054/1910/1208 3055/1909/1209
f 2436/1489/1036 2435/1488/1036 3055/1909/1209
f 3057/1912/1211 3053/1909/1207 3054/1910/1208
f 3058/1911/1212 3053/1909/1207 3057/1912/1211
f 3058/1911/1212 3057/1912/1211 3059/1913/1213
f 3056/1911/1210 3059/1913/1213 3057/1912/1211
f 3059/1913/1213 3060/1914/1214 3058/1911/1212
f 3056/1911/1210 3060/1914/1214 3059/1913/1213
f 3058/1911/1212 3060/1914/1214 3061/1510/1215
f 3061/1510/1215 3060/1914/1214 2429/1510/1032
f 2432/1510/1035 2429/1510/1032 3060/1914/1214
f 2432/1510/1035 3060/1914/1214 3056/1911/1210
f 3061/1510/1215 2405/1486/1023 3058/1911/1212
f 3061/1510/1215 2424/1487/1027 2405/1486/1023
f 2429/1510/1032 2424/1487/1027 3061/1510/1215
f 3058/1911/1212 2406/1488/1023 3053/1909/1207
f 3058/1911/1212 2405/1486/1023 2406/1488/1023
f 3056/1911/1210 2433/1486/1036 2432/1510/1035
f 2435/1488/1036 2433/1486/1036 3056/1911/1210
f 3053/1909/1207 2407/1489/1023 3050/1904/1204
f 3053/1909/1207 2406/1488/1023 2407/1489/1023
f 3050/1904/1204 2407/1489/1023 2408/1490/1023
f 3050/1904/1204 2408/1490/1023 3049/1903/1184
f 3049/1903/1184 2409/1491/1023 3062/1900/1216
f 3062/1900/1216 3043/1902/1202 3049/1903/1184
f 3049/1903/1184 3043/1902/1202 3047/1906/1181
f 3049/1903/1184 2408/1490/1023 2409/1491/1023
f 3062/1900/1216 2410/1492/1023 3038/1897/1196
f 3038/1897/1196 3041/1899/1199 3062/1900/1216
f 3062/1900/1216 3041/1899/1199 3044/1901/1201
f 3043/1902/1202 3062/1900/1216 3044/1901/1201
f 3062/1900/1216 2409/1491/1023 2410/1492/1023
f 2437/1490/1036 2436/1489/1036 3046/1904/1182
f 3041/1899/1199 3038/1897/1196 3039/1898/1197
f 3038/1897/1196 2411/1493/1023 3035/1894/1193
f 3038/1897/1196 2410/1492/1023 2411/1493/1023
f 3035/1894/1193 2411/1493/1023 2412/1494/1023
f 3035/1894/1193 2412/1494/1023 3030/1891/1188
f 2441/1494/1036 2440/1493/1036 3033/1894/1192
f 3030/1891/1188 2413/1495/1023 3027/1887/1185
f 3030/1891/1188 2412/1494/1023 2413/1495/1023
f 3027/1887/1185 2414/1496/1023 3026/1885/1184
f 3027/1887/1185 2413/1495/1023 2414/1496/1023
f 3026/1885/1184 2415/1497/1023 2396/1476/1022
f 2396/1476/1022 3020/1883/1178 3026/1885/1184
f 3026/1885/1184 3020/1883/1178 3024/1886/1181
f 3026/1885/1184 2414/1496/1023 2415/1497/1023
f 2443/1496/1036 2442/1495/1036 3023/1887/1182
f 2396/1476/1022 2415/1497/1023 2401/1477/1023
f 3068/1915/1217 3063/1916/1218 3064/1915/1219
f 3063/1916/1218 3065/1917/1220 3064/1915/1219
f 3063/1916/1218 3067/1917/1221 3065/1917/1220
f 3066/1916/1222 3063/1916/1218 3068/1915/1217
f 3066/1916/1222 3067/1917/1221 3063/1916/1218
f 3068/1915/1217 3069/1918/1223 3066/1916/1222
f 3068/1915/1217 3064/1915/1219 3070/1919/1224
f 3068/1915/1217 3071/1920/1017 3069/1918/1223
f 3070/1919/1224 3071/1920/1017 3068/1915/1217
f 3072/1920/1225 3069/1918/1223 3071/1920/1017
f 3070/1919/1224 3072/1920/1225 3071/1920/1017
f 3073/1919/1019 3074/1918/1226 3072/1920/1225
f 3073/1919/1019 3072/1920/1225 3070/1919/1224
f 3074/1918/1226 3069/1918/1223 3072/1920/1225
f 3074/1918/1226 3067/1917/1221 3069/1918/1223
f 3065/1917/1220 3067/1917/1221 3074/1918/1226
f 3064/1915/1219 3074/1918/1226 3073/1919/1019
f 3064/1915/1219 3065/1917/1220 3074/1918/1226
f 3070/1919/1224 3064/1915/1219 3073/1919/1019
f 3066/1916/1222 3069/1918/1223 3067/1917/1221
f 3075/1921/1227 3079/1922/1228 3076/1922/1229
f 3076/1922/1229 3077/1922/1229 3075/1921/1227
f 3075/1921/1227 3077/1922/1229 3078/1921/1230
f 3078/1921/1230 3081/1921/1231 3075/1921/1227
f 3079/1922/1228 3075/1921/1227 3080/1922/1232
f 3080/1922/1232 3075/1921/1227 3081/1921/1231
f 3084/1922/1233 3080/1922/1232 3081/1921/1231
f 3082/1922/1233 3081/1921/1231 3083/1921/1234
f 3084/1922/1233 3081/1921/1231 3082/1922/1233
f 3083/1921/1234 3081/1921/1231 3078/1921/1230
f 3082/1922/1233 3086/1923/1235 3084/1922/1233
f 3084/1922/1233 3085/1923/1236 3080/1922/1232
f 3084/1922/1233 3086/1923/1235 3085/1923/1236
f 3087/1923/1237 3088/1924/1238 3086/1923/1235
f 3086/1923/1235 3082/1922/1233 3087/1923/1237
f 3088/1924/1238 3085/1923/1236 3086/1923/1235
f 3089/1924/1239 3091/1924/1240 3088/1924/1238
f 3089/1924/1239 3088/1924/1238 3090/1923/1241
f 3090/1923/1241 3088/1924/1238 3087/1923/1237
f 3091/1924/1240 3085/1923/1236 3088/1924/1238
f 3092/1924/1242 3091/1924/1240 3089/1924/1239
f 3092/1924/1242 3093/1923/1236 3091/1924/1240
f 3091/1924/1240 3093/1923/1236 3085/1923/1236
f 3094/1923/1243 3080/1922/1232 3093/1923/1236
f 3080/1922/1232 3085/1923/1236 3093/1923/1236
f 3094/1923/1243 3093/1923/1236 3092/1924/1242
f 3079/1922/1228 3080/1922/1232 3094/1923/1243
f 3095/1923/1244 3094/1923/1243 3092/1924/1242
f 3095/1923/1244 3079/1922/1228 3094/1923/1243
f 3092/1924/1242 3089/1924/1239 3095/1923/1244
f 3095/1923/1244 3089/1924/1239 3096/1923/1242
f 3096/1923/1242 3076/1922/1229 3095/1923/1244
f 3076/1922/1229 3079/1922/1228 3095/1923/1244
f 3096/1923/1242 3089/1924/1239 3090/1923/1241
f 3077/1922/1229 3076/1922/1229 3096/1923/1242
f 3096/1923/1242 3090/1923/1241 3077/1922/1229
f 3077/1922/1229 3090/1923/1241 3097/1922/1245
f 3090/1923/1241 3098/1922/1246 3097/1922/1245
f 3087/1923/1237 3098/1922/1246 3090/1923/1241
f 3083/1921/1234 3098/1922/1246 3082/1922/1233
f 3083/1921/1234 3097/1922/1245 3098/1922/1246
f 3087/1923/1237 3082/1922/1233 3098/1922/1246
f 3077/1922/1229 3097/1922/1245 3078/1921/1230
f 3078/1921/1230 3097/1922/1245 3083/1921/1234
f 3099/1925/1247 3103/1926/1228 3100/1926/1248
f 3100/1926/1248 3101/1926/1229 3099/1925/1247
f 3099/1925/1247 3101/1926/1229 3102/1925/1230
f 3102/1925/1230 3105/1925/1228 3099/1925/1247
f 3103/1926/1228 3099/1925/1247 3104/1926/1232
f 3104/1926/1232 3099/1925/1247 3105/1925/1228
f 3108/1926/1233 3104/1926/1232 3105/1925/1228
f 3106/1926/1233 3105/1925/1228 3107/1925/1234
f 3108/1926/1233 3105/1925/1228 3106/1926/1233
f 3107/1925/1234 3105/1925/1228 3102/1925/1230
f 3106/1926/1233 3110/1927/1235 3108/1926/1233
f 3108/1926/1233 3109/1927/1236 3104/1926/1232
f 3108/1926/1233 3110/1927/1235 3109/1927/1236
f 3111/1927/1237 3112/1928/1249 3110/1927/1235
f 3110/1927/1235 3106/1926/1233 3111/1927/1237
f 3112/1928/1249 3109/1927/1236 3110/1927/1235
f 3113/1928/1242 3115/1928/1250 3112/1928/1249
f 3113/1928/1242 3112/1928/1249 3114/1927/1251
f 3114/1927/1251 3112/1928/1249 3111/1927/1237
f 3115/1928/1250 3109/1927/1236 3112/1928/1249
f 3116/1928/1242 3115/1928/1250 3113/1928/1242
f 3116/1928/1242 3117/1927/1252 3115/1928/1250
f 3115/1928/1250 3117/1927/1252 3109/1927/1236
f 3118/1927/1253 3104/1926/1232 3117/1927/1252
f 3104/1926/1232 3109/1927/1236 3117/1927/1252
f 3118/1927/1253 3117/1927/1252 3116/1928/1242
f 3103/1926/1228 3104/1926/1232 3118/1927/1253
f 3119/1927/1254 3118/1927/1253 3116/1928/1242
f 3119/1927/1254 3103/1926/1228 3118/1927/1253
f 3116/1928/1242 3113/1928/1242 3119/1927/1254
f 3119/1927/1254 3113/1928/1242 3120/1927/1242
f 3120/1927/1242 3100/1926/1248 3119/1927/1254
f 3100/1926/1248 3103/1926/1228 3119/1927/1254
f 3120/1927/1242 3113/1928/1242 3114/1927/1251
f 3101/1926/1229 3100/1926/1248 3120/1927/1242
f 3120/1927/1242 3114/1927/1251 3101/1926/1229
f 3101/1926/1229 3114/1927/1251 3121/1926/1251
f 3114/1927/1251 3122/1926/1255 3121/1926/1251
f 3111/1927/1237 3122/1926/1255 3114/1927/1251
f 3107/1925/1234 3122/1926/1255 3106/1926/1233
f 3107/1925/1234 3121/1926/1251 3122/1926/1255
f 3111/1927/1237 3106/1926/1233 3122/1926/1255
f 3101/1926/1229 3121/1926/1251 3102/1925/1230
f 3102/1925/1230 3121/1926/1251 3107/1925/1234
f 3123/1929/1247 3127/1930/1228 3124/1930/1248
f 3124/1930/1248 3125/1930/1229 3123/1929/1247
f 3123/1929/1247 3125/1930/1229 3126/1929/1248
f 3126/1929/1248 3129/1929/1228 3123/1929/1247
f 3127/1930/1228 3123/1929/1247 3128/1930/1256
f 3128/1930/1256 3123/1929/1247 3129/1929/1228
f 3132/1930/1234 3128/1930/1256 3129/1929/1228
f 3130/1930/1257 3129/1929/1228 3131/1929/1234
f 3132/1930/1234 3129/1929/1228 3130/1930/1257
f 3131/1929/1234 3129/1929/1228 3126/1929/1248
f 3130/1930/1257 3134/1931/1235 3132/1930/1234
f 3132/1930/1234 3133/1931/1258 3128/1930/1256
f 3132/1930/1234 3134/1931/1235 3133/1931/1258
f 3135/1931/1237 3136/1932/1259 3134/1931/1235
f 3134/1931/1235 3130/1930/1257 3135/1931/1237
f 3136/1932/1259 3133/1931/1258 3134/1931/1235
f 3137/1932/1260 3139/1932/1261 3136/1932/1259
f 3137/1932/1260 3136/1932/1259 3138/1931/1245
f 3138/1931/1245 3136/1932/1259 3135/1931/1237
f 3139/1932/1261 3133/1931/1258 3136/1932/1259
f 3140/1932/1242 3139/1932/1261 3137/1932/1260
f 3140/1932/1242 3141/1931/1262 3139/1932/1261
f 3139/1932/1261 3141/1931/1262 3133/1931/1258
f 3142/1931/1243 3128/1930/1256 3141/1931/1262
f 3128/1930/1256 3133/1931/1258 3141/1931/1262
f 3142/1931/1243 3141/1931/1262 3140/1932/1242
f 3127/1930/1228 3128/1930/1256 3142/1931/1243
f 3143/1931/1244 3142/1931/1243 3140/1932/1242
f 3143/1931/1244 3127/1930/1228 3142/1931/1243
f 3140/1932/1242 3137/1932/1260 3143/1931/1244
f 3143/1931/1244 3137/1932/1260 3144/1931/1260
f 3144/1931/1260 3124/1930/1248 3143/1931/1244
f 3124/1930/1248 3127/1930/1228 3143/1931/1244
f 3144/1931/1260 3137/1932/1260 3138/1931/1245
f 3125/1930/1229 3124/1930/1248 3144/1931/1260
f 3144/1931/1260 3138/1931/1245 3125/1930/1229
f 3125/1930/1229 3138/1931/1245 3145/1930/1251
f 3138/1931/1245 3146/1930/1263 3145/1930/1251
f 3135/1931/1237 3146/1930/1263 3138/1931/1245
f 3131/1929/1234 3146/1930/1263 3130/1930/1257
f 3131/1929/1234 3145/1930/1251 3146/1930/1263
f 3135/1931/1237 3130/1930/1257 3146/1930/1263
f 3125/1930/1229 3145/1930/1251 3126/1929/1248
f 3126/1929/1248 3145/1930/1251 3131/1929/1234
f 3148/1933/1264 3147/1933/1265 3152/1933/1266
f 3148/1933/1264 3149/1933/1267 3147/1933/1265
f 3147/1933/1265 3149/1933/1267 3150/1933/1268
f 3147/1933/1265 3150/1933/1268 3151/1933/1269
f 3147/1933/1265 3151/1933/1269 3152/1933/1266
f 3155/1933/1270 3153/1933/1271 3152/1933/1266
f 3153/1933/1271 3168/1933/1272 3152/1933/1266
f 3156/1933/1273 3154/1933/1274 3152/1933/1266
f 3154/1933/1274 3169/1933/1275 3152/1933/1266
f 3157/1933/1276 3155/1933/1270 3152/1933/1266
f 3158/1933/1277 3156/1933/1273 3152/1933/1266
f 3159/1933/1278 3157/1933/1276 3152/1933/1266
f 3160/1933/1279 3158/1933/1277 3152/1933/1266
f 3161/1933/1280 3159/1933/1278 3152/1933/1266
f 3162/1933/1281 3160/1933/1279 3152/1933/1266
f 3163/1933/1282 3161/1933/1280 3152/1933/1266
f 3164/1933/1283 3162/1933/1281 3152/1933/1266
f 3165/1933/1284 3148/1933/1264 3152/1933/1266
f 3166/1933/1285 3163/1933/1282 3152/1933/1266
f 3167/1933/1286 3164/1933/1283 3152/1933/1266
f 3168/1933/1272 3165/1933/1284 3152/1933/1266
f 3169/1933/1275 3166/1933/1285 3152/1933/1266
f 3151/1933/1269 3167/1933/1286 3152/1933/1266
f 3166/1933/1285 3169/1933/1275 3170/1933/1287
f 3170/1933/1287 3169/1933/1275 3171/1933/1288
f 3169/1933/1275 3154/1933/1274 3171/1933/1288
f 3171/1933/1288 3154/1933/1274 3172/1933/1289
f 3170/1933/1287 3171/1933/1288 3173/1933/1290
f 3171/1933/1288 3172/1933/1289 3173/1933/1290
f 3181/1933/1291 3150/1933/1268 3173/1933/1290
f 3150/1933/1268 3149/1933/1267 3173/1933/1290
f 3174/1933/1292 3176/1933/1293 3173/1933/1290
f 3187/1933/1294 3174/1933/1292 3173/1933/1290
f 3175/1933/1295 3177/1933/1296 3173/1933/1290
f 3188/1933/1297 3175/1933/1295 3173/1933/1290
f 3149/1933/1267 3178/1933/1298 3173/1933/1290
f 3176/1933/1293 3170/1933/1287 3173/1933/1290
f 3177/1933/1296 3179/1933/1299 3173/1933/1290
f 3178/1933/1298 3180/1933/1300 3173/1933/1290
f 3179/1933/1299 3181/1933/1291 3173/1933/1290
f 3180/1933/1300 3182/1933/1301 3173/1933/1290
f 3182/1933/1301 3183/1933/1302 3173/1933/1290
f 3172/1933/1289 3184/1933/1303 3173/1933/1290
f 3183/1933/1302 3185/1933/1304 3173/1933/1290
f 3184/1933/1303 3186/1933/1305 3173/1933/1290
f 3185/1933/1304 3187/1933/1294 3173/1933/1290
f 3186/1933/1305 3188/1933/1297 3173/1933/1290
f 3160/1933/1279 3162/1933/1281 3188/1933/1297
f 3186/1933/1305 3160/1933/1279 3188/1933/1297
f 3188/1933/1297 3162/1933/1281 3175/1933/1295
f 3157/1933/1276 3187/1933/1294 3185/1933/1304
f 3159/1933/1278 3187/1933/1294 3157/1933/1276
f 3159/1933/1278 3174/1933/1292 3187/1933/1294
f 3158/1933/1277 3160/1933/1279 3186/1933/1305
f 3184/1933/1303 3158/1933/1277 3186/1933/1305
f 3155/1933/1270 3185/1933/1304 3183/1933/1302
f 3157/1933/1276 3185/1933/1304 3155/1933/1270
f 3156/1933/1273 3158/1933/1277 3184/1933/1303
f 3172/1933/1289 3156/1933/1273 3184/1933/1303
f 3153/1933/1271 3183/1933/1302 3182/1933/1301
f 3155/1933/1270 3183/1933/1302 3153/1933/1271
f 3153/1933/1271 3182/1933/1301 3168/1933/1272
f 3168/1933/1272 3182/1933/1301 3180/1933/1300
f 3151/1933/1269 3150/1933/1268 3181/1933/1291
f 3179/1933/1299 3151/1933/1269 3181/1933/1291
f 3165/1933/1284 3180/1933/1300 3178/1933/1298
f 3168/1933/1272 3180/1933/1300 3165/1933/1284
f 3177/1933/1296 3167/1933/1286 3179/1933/1299
f 3167/1933/1286 3151/1933/1269 3179/1933/1299
f 3148/1933/1264 3178/1933/1298 3149/1933/1267
f 3165/1933/1284 3178/1933/1298 3148/1933/1264
f 3175/1933/1295 3164/1933/1283 3177/1933/1296
f 3164/1933/1283 3167/1933/1286 3177/1933/1296
f 3161/1933/1280 3176/1933/1293 3174/1933/1292
f 3176/1933/1293 3166/1933/1285 3170/1933/1287
f 3163/1933/1282 3176/1933/1293 3161/1933/1280
f 3163/1933/1282 3166/1933/1285 3176/1933/1293
f 3162/1933/1281 3164/1933/1283 3175/1933/1295
f 3161/1933/1280 3174/1933/1292 3159/1933/1278
f 3154/1933/1274 3156/1933/1273 3172/1933/1289
f 3190/1934/1306 3192/1935/1307 3189/1936/1306
f 3189/1936/1306 3191/1936/1308 3190/1934/1306
f 3189/1936/1306 3195/1936/1309 3191/1936/1308
f 3189/1936/1306 3192/1935/1307 3193/1937/1307
f 3196/1936/1310 3189/1936/1306 3193/1937/1307
f 3194/1938/1311 3189/1936/1306 3196/1936/1310
f 3194/1938/1311 3195/1936/1309 3189/1936/1306
f 3192/1935/1307 3196/1936/1310 3193/1937/1307
f 3197/1934/1312 3196/1936/1310 3192/1935/1307
f 3197/1934/1312 3194/1938/1311 3196/1936/1310
f 3198/1939/1313 3197/1934/1312 3190/1934/1306
f 3198/1939/1313 3194/1938/1311 3197/1934/1312
f 3190/1934/1306 3197/1934/1312 3192/1935/1307
f 3194/1938/1311 3198/1939/1313 3195/1936/1309
f 3195/1936/1309 3198/1939/1313 3199/1934/1314
f 3190/1934/1306 3199/1934/1314 3198/1939/1313
f 3199/1934/1314 3200/1934/1315 3202/1934/1316
f 3200/1934/1315 3199/1934/1314 3190/1934/1306
f 3195/1936/1309 3199/1934/1314 3201/1936/1316
f 3201/1936/1316 3199/1934/1314 3202/1934/1316
f 3202/1934/1316 3200/1934/1315 3203/1934/1317
f 3203/1934/1317 3201/1936/1316 3202/1934/1316
f 3200/1934/1315 3204/1936/1318 3203/1934/1317
f 3204/1936/1318 3201/1936/1316 3203/1934/1317
f 3191/1936/1308 3201/1936/1316 3204/1936/1318
f 3191/1936/1308 3204/1936/1318 3200/1934/1315
f 3195/1936/1309 3201/1936/1316 3191/1936/1308
f 3190/1934/1306 3191/1936/1308 3200/1934/1315
f 3209/1940/1319 3205/1941/1320 3206/1942/1320
f 3205/1941/1320 3207/1943/1320 3206/1942/1320
f 3205/1941/1320 3210/1944/1321 3207/1943/1320
f 3208/1945/1322 3210/1944/1321 3205/1941/1320
f 3205/1941/1320 3209/1940/1319 3208/1945/1322
f 3213/1946/1323 3210/1944/1321 3211/1947/1324
f 3210/1944/1321 3208/1945/1322 3211/1947/1324
f 3210/1944/1321 3212/1948/1325 3207/1943/1320
f 3212/1948/1325 3210/1944/1321 3213/1946/1323
f 3215/1949/1326 3214/1950/1327 3213/1946/1323
f 3214/1950/1327 3212/1948/1325 3213/1946/1323
f 3213/1946/1323 3216/1943/1328 3215/1949/1326
f 3211/1947/1324 3216/1943/1328 3213/1946/1323
f 3216/1943/1328 3211/1947/1324 3217/1941/1329
f 3217/1941/1329 3218/1942/1329 3216/1943/1328
f 3216/1943/1328 3218/1942/1329 3219/1951/1329
f 3215/1949/1326 3216/1943/1328 3219/1951/1329
f 3218/1942/1329 3222/1952/1329 3219/1951/1329
f 3220/1953/1330 3219/1951/1329 3221/1954/1329
f 3215/1949/1326 3219/1951/1329 3220/1953/1330
f 3219/1951/1329 3224/1955/1329 3221/1954/1329
f 3222/1952/1329 3223/1956/1329 3219/1951/1329
f 3223/1956/1329 3224/1955/1329 3219/1951/1329
f 3224/1955/1329 3225/1957/1329 3221/1954/1329
f 3228/1958/1331 3225/1957/1329 3224/1955/1329
f 3226/1959/1332 3224/1955/1329 3223/1956/1329
f 3227/1960/1329 3224/1955/1329 3226/1959/1332
f 3227/1960/1329 3228/1958/1331 3224/1955/1329
f 3227/1960/1329 3229/1961/1333 3228/1958/1331
f 3229/1961/1333 3231/1962/1334 3228/1958/1331
f 3228/1958/1331 3231/1962/1334 3230/1963/1329
f 3230/1963/1329 3225/1957/1329 3228/1958/1331
f 3231/1962/1334 3232/1964/1335 3230/1963/1329
f 3231/1962/1334 3233/1965/1336 3232/1964/1335
f 3234/1966/1337 3233/1965/1336 3231/1962/1334
f 3229/1961/1333 3234/1966/1337 3231/1962/1334
f 3235/1963/1320 3234/1966/1337 3237/1958/1338
f 3234/1966/1337 3235/1963/1320 3233/1965/1336
f 3237/1958/1338 3234/1966/1337 3236/1961/1339
f 3236/1961/1339 3234/1966/1337 3229/1961/1333
f 3236/1961/1339 3240/1960/1320 3237/1958/1338
f 3238/1957/1320 3237/1958/1338 3239/1955/1320
f 3235/1963/1320 3237/1958/1338 3238/1957/1320
f 3237/1958/1338 3240/1960/1320 3239/1955/1320
f 3240/1960/1320 3241/1959/1340 3239/1955/1320
f 3240/1960/1320 3242/1967/1341 3241/1959/1340
f 3242/1967/1341 3240/1960/1320 3236/1961/1339
f 3242/1967/1341 3236/1961/1339 3245/1968/1342
f 3241/1959/1340 3242/1967/1341 3243/1969/1343
f 3243/1969/1343 3242/1967/1341 3244/1970/1344
f 3244/1970/1344 3242/1967/1341 3245/1968/1342
f 3245/1968/1342 3236/1961/1339 3229/1961/1333
f 3226/1959/1332 3245/1968/1342 3227/1960/1329
f 3244/1970/1344 3245/1968/1342 3226/1959/1332
f 3245/1968/1342 3229/1961/1333 3227/1960/1329
f 3246/1971/1345 3243/1969/1343 3244/1970/1344
f 3246/1971/1345 3244/1970/1344 3247/1972/1329
f 3247/1972/1329 3244/1970/1344 3226/1959/1332
f 3248/1973/1346 3246/1971/1345 3247/1972/1329
f 3222/1952/1329 3247/1972/1329 3223/1956/1329
f 3248/1973/1346 3247/1972/1329 3222/1952/1329
f 3247/1972/1329 3226/1959/1332 3223/1956/1329
f 3248/1973/1346 3249/1974/1347 3251/1975/1348
f 3250/1976/1328 3249/1974/1347 3248/1973/1346
f 3250/1976/1328 3248/1973/1346 3222/1952/1329
f 3251/1975/1348 3246/1971/1345 3248/1973/1346
f 3249/1974/1347 3252/1977/1349 3251/1975/1348
f 3252/1977/1349 3253/1978/1350 3251/1975/1348
f 3251/1975/1348 3253/1978/1350 3246/1971/1345
f 3254/1972/1351 3253/1978/1350 3255/1973/1352
f 3253/1978/1350 3254/1972/1351 3243/1969/1343
f 3253/1978/1350 3243/1969/1343 3246/1971/1345
f 3255/1973/1352 3253/1978/1350 3252/1977/1349
f 3258/1979/1353 3255/1973/1352 3252/1977/1349
f 3255/1973/1352 3257/1976/1351 3256/1952/1320
f 3255/1973/1352 3256/1952/1320 3254/1972/1351
f 3257/1976/1351 3255/1973/1352 3258/1979/1353
f 3258/1979/1353 3259/1980/1354 3257/1976/1351
f 3258/1979/1353 3252/1977/1349 3249/1974/1347
f 3259/1980/1354 3258/1979/1353 3260/1981/1355
f 3260/1981/1355 3258/1979/1353 3249/1974/1347
f 3261/1982/1356 3259/1980/1354 3260/1981/1355
f 3262/1983/1357 3261/1982/1356 3260/1981/1355
f 3262/1983/1357 3260/1981/1355 3250/1976/1328
f 3250/1976/1328 3260/1981/1355 3249/1974/1347
f 3263/1984/1328 3261/1982/1356 3262/1983/1357
f 3263/1984/1328 3262/1983/1357 3264/1985/1329
f 3262/1983/1357 3250/1976/1328 3264/1985/1329
f 3265/1986/1329 3263/1984/1328 3264/1985/1329
f 3264/1985/1329 3222/1952/1329 3218/1942/1329
f 3265/1986/1329 3264/1985/1329 3218/1942/1329
f 3264/1985/1329 3250/1976/1328 3222/1952/1329
f 3267/1987/1358 3263/1984/1328 3265/1986/1329
f 3218/1942/1329 3266/1988/1329 3265/1986/1329
f 3266/1988/1329 3267/1987/1358 3265/1986/1329
f 3267/1987/1358 3268/1989/1359 3269/1990/1360
f 3266/1988/1329 3268/1989/1359 3267/1987/1358
f 3267/1987/1358 3269/1990/1360 3263/1984/1328
f 3268/1989/1359 3270/1991/1361 3269/1990/1360
f 3270/1991/1361 3271/1982/1362 3269/1990/1360
f 3269/1990/1360 3271/1982/1362 3261/1982/1356
f 3263/1984/1328 3269/1990/1360 3261/1982/1356
f 3271/1982/1362 3270/1991/1361 3272/1984/1320
f 3272/1984/1320 3273/1983/1363 3271/1982/1362
f 3271/1982/1362 3273/1983/1363 3259/1980/1354
f 3271/1982/1362 3259/1980/1354 3261/1982/1356
f 3257/1976/1351 3259/1980/1354 3273/1983/1363
f 3273/1983/1363 3274/1985/1320 3257/1976/1351
f 3273/1983/1363 3272/1984/1320 3274/1985/1320
f 3257/1976/1351 3274/1985/1320 3256/1952/1320
f 3256/1952/1320 3274/1985/1320 3206/1942/1320
f 3272/1984/1320 3275/1986/1320 3274/1985/1320
f 3274/1985/1320 3275/1986/1320 3206/1942/1320
f 3276/1987/1364 3277/1988/1320 3275/1986/1320
f 3276/1987/1364 3275/1986/1320 3272/1984/1320
f 3277/1988/1320 3206/1942/1320 3275/1986/1320
f 3277/1988/1320 3279/1992/1365 3209/1940/1319
f 3209/1940/1319 3206/1942/1320 3277/1988/1320
f 3278/1993/1366 3279/1992/1365 3277/1988/1320
f 3277/1988/1320 3276/1987/1364 3278/1993/1366
f 3279/1992/1365 3278/1993/1366 3280/1994/1367
f 3208/1945/1322 3209/1940/1319 3279/1992/1365
f 3281/1995/1368 3279/1992/1365 3280/1994/1367
f 3208/1945/1322 3279/1992/1365 3281/1995/1368
f 3217/1941/1329 3211/1947/1324 3281/1995/1368
f 3217/1941/1329 3281/1995/1368 3282/1940/1369
f 3282/1940/1369 3281/1995/1368 3280/1994/1367
f 3211/1947/1324 3208/1945/1322 3281/1995/1368
f 3217/1941/1329 3282/1940/1369 3218/1942/1329
f 3282/1940/1369 3280/1994/1367 3266/1988/1329
f 3282/1940/1369 3266/1988/1329 3218/1942/1329
f 3280/1994/1367 3278/1993/1366 3268/1989/1359
f 3266/1988/1329 3280/1994/1367 3268/1989/1359
f 3278/1993/1366 3276/1987/1364 3270/1991/1361
f 3278/1993/1366 3270/1991/1361 3268/1989/1359
f 3272/1984/1320 3270/1991/1361 3276/1987/1364
f 3283/1956/1320 3256/1952/1320 3284/1951/1320
f 3254/1972/1351 3256/1952/1320 3283/1956/1320
f 3284/1951/1320 3256/1952/1320 3206/1942/1320
f 3206/1942/1320 3207/1943/1320 3284/1951/1320
f 3207/1943/1320 3285/1949/1370 3284/1951/1320
f 3285/1949/1370 3286/1953/1371 3284/1951/1320
f 3239/1955/1320 3283/1956/1320 3284/1951/1320
f 3287/1954/1320 3239/1955/1320 3284/1951/1320
f 3284/1951/1320 3286/1953/1371 3287/1954/1320
f 3287/1954/1320 3288/1996/1372 3290/1997/1320
f 3289/1998/1373 3288/1996/1372 3287/1954/1320
f 3286/1953/1371 3289/1998/1373 3287/1954/1320
f 3290/1997/1320 3238/1957/1320 3287/1954/1320
f 3238/1957/1320 3239/1955/1320 3287/1954/1320
f 3288/1996/1372 3291/1999/1374 3290/1997/1320
f 3291/1999/1374 3292/2000/1375 3290/1997/1320
f 3290/1997/1320 3292/2000/1375 3293/2001/1320
f 3293/2001/1320 3294/2002/1320 3290/1997/1320
f 3294/2002/1320 3238/1957/1320 3290/1997/1320
f 3295/2003/1320 3294/2002/1320 3293/2001/1320
f 3295/2003/1320 3296/2004/1376 3294/2002/1320
f 3294/2002/1320 3298/2005/1377 3238/1957/1320
f 3296/2004/1376 3297/2006/1378 3294/2002/1320
f 3297/2006/1378 3298/2005/1377 3294/2002/1320
f 3297/2006/1378 3299/2007/1379 3298/2005/1377
f 3298/2005/1377 3299/2007/1379 3233/1965/1336
f 3233/1965/1336 3235/1963/1320 3298/2005/1377
f 3298/2005/1377 3235/1963/1320 3238/1957/1320
f 3299/2007/1379 3297/2006/1378 3300/2008/1380
f 3299/2007/1379 3300/2008/1380 3301/2009/1381
f 3233/1965/1336 3299/2007/1379 3232/1964/1335
f 3232/1964/1335 3299/2007/1379 3301/2009/1381
f 3301/2009/1381 3300/2008/1380 3304/2010/1382
f 3302/2005/1383 3301/2009/1381 3303/2006/1329
f 3232/1964/1335 3301/2009/1381 3302/2005/1383
f 3301/2009/1381 3304/2010/1382 3303/2006/1329
f 3300/2008/1380 3306/2011/1384 3304/2010/1382
f 3303/2006/1329 3304/2010/1382 3305/2004/1385
f 3304/2010/1382 3307/2012/1386 3305/2004/1385
f 3304/2010/1382 3306/2011/1384 3307/2012/1386
f 3305/2004/1385 3307/2012/1386 3308/2013/1328
f 3308/2013/1328 3307/2012/1386 3309/2014/1387
f 3309/2014/1387 3307/2012/1386 3310/2015/1388
f 3307/2012/1386 3311/2016/1389 3310/2015/1388
f 3306/2011/1384 3311/2016/1389 3307/2012/1386
f 3312/2017/1390 3311/2016/1389 3314/2014/1391
f 3313/2018/1392 3311/2016/1389 3312/2017/1390
f 3311/2016/1389 3313/2018/1392 3310/2015/1388
f 3306/2011/1384 3314/2014/1391 3311/2016/1389
f 3312/2017/1390 3314/2014/1391 3315/2019/1320
f 3315/2019/1320 3314/2014/1391 3295/2003/1320
f 3314/2014/1391 3316/2013/1351 3295/2003/1320
f 3316/2013/1351 3314/2014/1391 3306/2011/1384
f 3316/2013/1351 3296/2004/1376 3295/2003/1320
f 3316/2013/1351 3306/2011/1384 3296/2004/1376
f 3317/2020/1393 3312/2017/1390 3315/2019/1320
f 3320/2021/1320 3317/2020/1393 3315/2019/1320
f 3315/2019/1320 3295/2003/1320 3318/2022/1320
f 3319/2023/1320 3315/2019/1320 3318/2022/1320
f 3320/2021/1320 3315/2019/1320 3319/2023/1320
f 3325/2024/1351 3317/2020/1393 3320/2021/1320
f 3321/2025/1394 3320/2021/1320 3324/2026/1320
f 3323/2027/1395 3320/2021/1320 3321/2025/1394
f 3322/2028/1320 3320/2021/1320 3319/2023/1320
f 3324/2026/1320 3320/2021/1320 3322/2028/1320
f 3323/2027/1395 3325/2024/1351 3320/2021/1320
f 3325/2024/1351 3327/2029/1396 3317/2020/1393
f 3326/2030/1397 3327/2029/1396 3325/2024/1351
f 3325/2024/1351 3323/2027/1395 3326/2030/1397
f 3313/2018/1392 3317/2020/1393 3327/2029/1396
f 3329/2018/1398 3327/2029/1396 3328/2031/1399
f 3327/2029/1396 3326/2030/1397 3328/2031/1399
f 3313/2018/1392 3327/2029/1396 3329/2018/1398
f 3330/2017/1400 3310/2015/1388 3329/2018/1398
f 3310/2015/1388 3313/2018/1392 3329/2018/1398
f 3330/2017/1400 3329/2018/1398 3331/2020/1401
f 3331/2020/1401 3329/2018/1398 3328/2031/1399
f 3330/2017/1400 3331/2020/1401 3334/2019/1329
f 3331/2020/1401 3328/2031/1399 3332/2024/1328
f 3332/2024/1328 3333/2021/1329 3331/2020/1401
f 3331/2020/1401 3333/2021/1329 3334/2019/1329
f 3309/2014/1387 3334/2019/1329 3335/2003/1329
f 3330/2017/1400 3334/2019/1329 3309/2014/1387
f 3335/2003/1329 3334/2019/1329 3336/2022/1329
f 3334/2019/1329 3333/2021/1329 3337/2023/1329
f 3336/2022/1329 3334/2019/1329 3337/2023/1329
f 3337/2023/1329 3333/2021/1329 3338/2028/1329
f 3338/2028/1329 3339/2032/1329 3337/2023/1329
f 3339/2032/1329 3340/2033/1402 3337/2023/1329
f 3340/2033/1402 3336/2022/1329 3337/2023/1329
f 3339/2032/1329 3341/2034/1403 3340/2033/1402
f 3341/2034/1403 3343/2035/1404 3340/2033/1402
f 3340/2033/1402 3343/2035/1404 3342/2036/1405
f 3342/2036/1405 3336/2022/1329 3340/2033/1402
f 3343/2035/1404 3344/2037/1406 3346/2038/1407
f 3345/2039/1408 3344/2037/1406 3343/2035/1404
f 3341/2034/1403 3345/2039/1408 3343/2035/1404
f 3343/2035/1404 3346/2038/1407 3342/2036/1405
f 3344/2037/1406 3348/2040/1409 3346/2038/1407
f 3342/2036/1405 3346/2038/1407 3347/2041/1410
f 3346/2038/1407 3349/2042/1411 3347/2041/1410
f 3346/2038/1407 3348/2040/1409 3349/2042/1411
f 3347/2041/1410 3349/2042/1411 3350/2043/1329
f 3349/2042/1411 3351/2044/1412 3350/2043/1329
f 3349/2042/1411 3352/2045/1413 3351/2044/1412
f 3348/2040/1409 3352/2045/1413 3349/2042/1411
f 3292/2000/1375 3353/2046/1414 3352/2045/1413
f 3352/2045/1413 3353/2046/1414 3351/2044/1412
f 3352/2045/1413 3354/2043/1320 3292/2000/1375
f 3348/2040/1409 3354/2043/1320 3352/2045/1413
f 3292/2000/1375 3354/2043/1320 3293/2001/1320
f 3354/2043/1320 3355/2041/1415 3293/2001/1320
f 3354/2043/1320 3348/2040/1409 3355/2041/1415
f 3355/2041/1415 3348/2040/1409 3344/2037/1406
f 3344/2037/1406 3356/2036/1378 3355/2041/1415
f 3293/2001/1320 3355/2041/1415 3318/2022/1320
f 3355/2041/1415 3356/2036/1378 3318/2022/1320
f 3356/2036/1378 3357/2033/1416 3318/2022/1320
f 3356/2036/1378 3345/2039/1408 3357/2033/1416
f 3345/2039/1408 3356/2036/1378 3344/2037/1406
f 3357/2033/1416 3345/2039/1408 3358/2047/1417
f 3358/2047/1417 3359/2032/1320 3357/2033/1416
f 3318/2022/1320 3357/2033/1416 3319/2023/1320
f 3357/2033/1416 3359/2032/1320 3319/2023/1320
f 3359/2032/1320 3361/2048/1418 3360/2049/1419
f 3360/2049/1419 3322/2028/1320 3359/2032/1320
f 3359/2032/1320 3322/2028/1320 3319/2023/1320
f 3361/2048/1418 3359/2032/1320 3358/2047/1417
f 3361/2048/1418 3358/2047/1417 3364/2050/1420
f 3360/2049/1419 3361/2048/1418 3362/2051/1421
f 3362/2051/1421 3361/2048/1418 3363/2052/1422
f 3363/2052/1422 3361/2048/1418 3364/2050/1420
f 3365/2049/1423 3364/2050/1420 3339/2032/1329
f 3364/2050/1420 3341/2034/1403 3339/2032/1329
f 3364/2050/1420 3358/2047/1417 3341/2034/1403
f 3363/2052/1422 3364/2050/1420 3365/2049/1423
f 3365/2049/1423 3366/2053/1424 3363/2052/1422
f 3367/2054/1425 3366/2053/1424 3365/2049/1423
f 3367/2054/1425 3365/2049/1423 3338/2028/1329
f 3365/2049/1423 3339/2032/1329 3338/2028/1329
f 3368/2055/1426 3369/2056/1427 3367/2054/1425
f 3368/2055/1426 3367/2054/1425 3370/2057/1329
f 3367/2054/1425 3369/2056/1427 3366/2053/1424
f 3370/2057/1329 3367/2054/1425 3338/2028/1329
f 3371/2058/1329 3368/2055/1426 3370/2057/1329
f 3372/2026/1329 3371/2058/1329 3370/2057/1329
f 3372/2026/1329 3370/2057/1329 3338/2028/1329
f 3374/2059/1428 3371/2058/1329 3372/2026/1329
f 3333/2021/1329 3372/2026/1329 3338/2028/1329
f 3333/2021/1329 3373/2025/1429 3372/2026/1329
f 3373/2025/1429 3374/2059/1428 3372/2026/1329
f 3374/2059/1428 3375/2060/1430 3376/2061/1431
f 3373/2025/1429 3375/2060/1430 3374/2059/1428
f 3374/2059/1428 3376/2061/1431 3371/2058/1329
f 3375/2060/1430 3377/2062/1432 3376/2061/1431
f 3377/2062/1432 3378/2063/1433 3376/2061/1431
f 3376/2061/1431 3378/2063/1433 3379/2064/1434
f 3371/2058/1329 3376/2061/1431 3379/2064/1434
f 3371/2058/1329 3379/2064/1434 3368/2055/1426
f 3368/2055/1426 3379/2064/1434 3369/2056/1427
f 3379/2064/1434 3380/2065/1435 3369/2056/1427
f 3378/2063/1433 3380/2065/1435 3379/2064/1434
f 3381/2054/1390 3380/2065/1435 3383/2055/1436
f 3382/2066/1437 3380/2065/1435 3381/2054/1390
f 3380/2065/1435 3382/2066/1437 3369/2056/1427
f 3378/2063/1433 3383/2055/1436 3380/2065/1435
f 3383/2055/1436 3384/2057/1320 3381/2054/1390
f 3383/2055/1436 3385/2058/1390 3384/2057/1320
f 3385/2058/1390 3383/2055/1436 3378/2063/1433
f 3385/2058/1390 3377/2062/1432 3386/2059/1438
f 3386/2059/1438 3324/2026/1320 3385/2058/1390
f 3385/2058/1390 3324/2026/1320 3384/2057/1320
f 3378/2063/1433 3377/2062/1432 3385/2058/1390
f 3387/2060/1439 3386/2059/1438 3377/2062/1432
f 3386/2059/1438 3321/2025/1394 3324/2026/1320
f 3321/2025/1394 3386/2059/1438 3387/2060/1439
f 3387/2060/1439 3388/2067/1440 3321/2025/1394
f 3387/2060/1439 3377/2062/1432 3375/2060/1430
f 3388/2067/1440 3387/2060/1439 3389/2068/1441
f 3389/2068/1441 3387/2060/1439 3375/2060/1430
f 3390/2069/1442 3388/2067/1440 3389/2068/1441
f 3391/2027/1443 3390/2069/1442 3389/2068/1441
f 3391/2027/1443 3389/2068/1441 3373/2025/1429
f 3373/2025/1429 3389/2068/1441 3375/2060/1430
f 3332/2024/1328 3390/2069/1442 3391/2027/1443
f 3332/2024/1328 3391/2027/1443 3333/2021/1329
f 3391/2027/1443 3373/2025/1429 3333/2021/1329
f 3332/2024/1328 3328/2031/1399 3390/2069/1442
f 3326/2030/1397 3388/2067/1440 3390/2069/1442
f 3328/2031/1399 3326/2030/1397 3390/2069/1442
f 3321/2025/1394 3388/2067/1440 3323/2027/1395
f 3326/2030/1397 3323/2027/1395 3388/2067/1440
f 3381/2054/1390 3384/2057/1320 3322/2028/1320
f 3384/2057/1320 3324/2026/1320 3322/2028/1320
f 3381/2054/1390 3360/2049/1419 3382/2066/1437
f 3382/2066/1437 3360/2049/1419 3362/2051/1421
f 3382/2066/1437 3362/2051/1421 3366/2053/1424
f 3369/2056/1427 3382/2066/1437 3366/2053/1424
f 3360/2049/1419 3381/2054/1390 3322/2028/1320
f 3366/2053/1424 3362/2051/1421 3363/2052/1422
f 3358/2047/1417 3345/2039/1408 3341/2034/1403
f 3291/1999/1374 3353/2046/1414 3292/2000/1375
f 3353/2046/1414 3291/1999/1374 3392/2070/1444
f 3353/2046/1414 3392/2070/1444 3393/2071/1445
f 3351/2044/1412 3353/2046/1414 3393/2071/1445
f 3393/2071/1445 3392/2070/1444 3396/2072/1446
f 3394/2000/1447 3393/2071/1445 3395/1999/1400
f 3351/2044/1412 3393/2071/1445 3394/2000/1447
f 3393/2071/1445 3396/2072/1446 3395/1999/1400
f 3392/2070/1444 3398/2073/1448 3396/2072/1446
f 3395/1999/1400 3396/2072/1446 3397/1996/1449
f 3396/2072/1446 3399/2074/1450 3397/1996/1449
f 3396/2072/1446 3398/2073/1448 3399/2074/1450
f 3397/1996/1449 3399/2074/1450 3400/1998/1328
f 3400/1998/1328 3399/2074/1450 3220/1953/1330
f 3220/1953/1330 3399/2074/1450 3214/1950/1327
f 3399/2074/1450 3401/1950/1451 3214/1950/1327
f 3398/2073/1448 3401/1950/1451 3399/2074/1450
f 3285/1949/1370 3401/1950/1451 3286/1953/1371
f 3212/1948/1325 3401/1950/1451 3285/1949/1370
f 3401/1950/1451 3212/1948/1325 3214/1950/1327
f 3398/2073/1448 3286/1953/1371 3401/1950/1451
f 3400/1998/1328 3220/1953/1330 3221/1954/1329
f 3400/1998/1328 3221/1954/1329 3397/1996/1449
f 3289/1998/1373 3398/2073/1448 3288/1996/1372
f 3289/1998/1373 3286/1953/1371 3398/2073/1448
f 3288/1996/1372 3398/2073/1448 3392/2070/1444
f 3395/1999/1400 3397/1996/1449 3402/1997/1329
f 3397/1996/1449 3221/1954/1329 3402/1997/1329
f 3225/1957/1329 3403/2002/1329 3402/1997/1329
f 3221/1954/1329 3225/1957/1329 3402/1997/1329
f 3394/2000/1447 3402/1997/1329 3404/2001/1329
f 3395/1999/1400 3402/1997/1329 3394/2000/1447
f 3402/1997/1329 3403/2002/1329 3404/2001/1329
f 3350/2043/1329 3394/2000/1447 3404/2001/1329
f 3350/2043/1329 3404/2001/1329 3347/2041/1410
f 3404/2001/1329 3335/2003/1329 3336/2022/1329
f 3347/2041/1410 3404/2001/1329 3336/2022/1329
f 3403/2002/1329 3335/2003/1329 3404/2001/1329
f 3302/2005/1383 3403/2002/1329 3225/1957/1329
f 3303/2006/1329 3403/2002/1329 3302/2005/1383
f 3305/2004/1385 3335/2003/1329 3403/2002/1329
f 3303/2006/1329 3305/2004/1385 3403/2002/1329
f 3350/2043/1329 3351/2044/1412 3394/2000/1447
f 3392/2070/1444 3291/1999/1374 3288/1996/1372
f 3342/2036/1405 3347/2041/1410 3336/2022/1329
f 3308/2013/1328 3309/2014/1387 3335/2003/1329
f 3308/2013/1328 3335/2003/1329 3305/2004/1385
f 3309/2014/1387 3310/2015/1388 3330/2017/1400
f 3318/2022/1320 3295/2003/1320 3293/2001/1320
f 3312/2017/1390 3317/2020/1393 3313/2018/1392
f 3296/2004/1376 3306/2011/1384 3300/2008/1380
f 3230/1963/1329 3302/2005/1383 3225/1957/1329
f 3230/1963/1329 3232/1964/1335 3302/2005/1383
f 3300/2008/1380 3297/2006/1378 3296/2004/1376
f 3207/1943/1320 3212/1948/1325 3285/1949/1370
f 3239/1955/1320 3241/1959/1340 3283/1956/1320
f 3241/1959/1340 3254/1972/1351 3283/1956/1320
f 3243/1969/1343 3254/1972/1351 3241/1959/1340
f 3220/1953/1330 3214/1950/1327 3215/1949/1326
f 3409/2075/1452 3405/2076/1320 3406/2077/1320
f 3405/2076/1320 3407/2078/1320 3406/2077/1320
f 3405/2076/1320 3410/2079/1453 3407/2078/1320
f 3408/2080/1454 3410/2079/1453 3405/2076/1320
f 3405/2076/1320 3409/2075/1452 3408/2080/1454
f 3410/2079/1453 3411/2081/1455 3412/2082/1456
f 3410/2079/1453 3408/2080/1454 3411/2081/1455
f 3410/2079/1453 3412/2082/1456 3407/2078/1320
f 3407/2078/1320 3412/2082/1456 3413/2083/1457
f 3412/2082/1456 3414/2084/1458 3413/2083/1457
f 3414/2084/1458 3412/2082/1456 3415/2085/1459
f 3415/2085/1459 3412/2082/1456 3416/2086/1460
f 3412/2082/1456 3411/2081/1455 3416/2086/1460
f 3417/2083/1461 3415/2085/1459 3416/2086/1460
f 3416/2086/1460 3418/2078/1329 3417/2083/1461
f 3411/2081/1455 3418/2078/1329 3416/2086/1460
f 3418/2078/1329 3411/2081/1455 3419/2076/1329
f 3419/2076/1329 3420/2077/1329 3418/2078/1329
f 3418/2078/1329 3420/2077/1329 3421/2087/1329
f 3417/2083/1461 3418/2078/1329 3421/2087/1329
f 3420/2077/1329 3424/2088/1329 3421/2087/1329
f 3422/2089/1462 3421/2087/1329 3423/2090/1329
f 3417/2083/1461 3421/2087/1329 3422/2089/1462
f 3421/2087/1329 3425/2091/1329 3423/2090/1329
f 3424/2088/1329 3425/2091/1329 3421/2087/1329
f 3424/2088/1329 3426/2092/1329 3425/2091/1329
f 3426/2092/1329 3428/2093/1463 3425/2091/1329
f 3425/2091/1329 3427/2094/1329 3423/2090/1329
f 3425/2091/1329 3429/2095/1329 3427/2094/1329
f 3428/2093/1463 3429/2095/1329 3425/2091/1329
f 3428/2093/1463 3430/2096/1464 3429/2095/1329
f 3430/2096/1464 3431/2097/1465 3429/2095/1329
f 3429/2095/1329 3432/2098/1466 3427/2094/1329
f 3429/2095/1329 3431/2097/1465 3432/2098/1466
f 3432/2098/1466 3431/2097/1465 3433/2099/1328
f 3433/2099/1328 3434/2100/1329 3432/2098/1466
f 3432/2098/1466 3434/2100/1329 3427/2094/1329
f 3433/2099/1328 3435/2101/1467 3434/2100/1329
f 3427/2094/1329 3434/2100/1329 3437/2102/1329
f 3435/2101/1467 3436/2103/1329 3434/2100/1329
f 3434/2100/1329 3436/2103/1329 3438/2104/1329
f 3437/2102/1329 3434/2100/1329 3438/2104/1329
f 3439/2105/1329 3441/2106/1468 3438/2104/1329
f 3440/2107/1329 3439/2105/1329 3438/2104/1329
f 3438/2104/1329 3436/2103/1329 3440/2107/1329
f 3441/2106/1468 3442/2108/1329 3438/2104/1329
f 3438/2104/1329 3442/2108/1329 3437/2102/1329
f 3441/2106/1468 3443/2109/1469 3442/2108/1329
f 3443/2109/1469 3444/2110/1470 3442/2108/1329
f 3442/2108/1329 3445/2111/1471 3437/2102/1329
f 3442/2108/1329 3444/2110/1470 3445/2111/1471
f 3445/2111/1471 3444/2110/1470 3446/2112/1329
f 3446/2112/1329 3423/2090/1329 3445/2111/1471
f 3445/2111/1471 3423/2090/1329 3437/2102/1329
f 3446/2112/1329 3444/2110/1470 3447/2113/1472
f 3446/2112/1329 3447/2113/1472 3422/2089/1462
f 3446/2112/1329 3422/2089/1462 3423/2090/1329
f 3422/2089/1462 3447/2113/1472 3415/2085/1459
f 3448/2114/1473 3415/2085/1459 3447/2113/1472
f 3444/2110/1470 3448/2114/1473 3447/2113/1472
f 3448/2114/1473 3451/2115/1474 3449/2112/1351
f 3449/2112/1351 3450/2089/1475 3448/2114/1473
f 3448/2114/1473 3450/2089/1475 3414/2084/1458
f 3414/2084/1458 3415/2085/1459 3448/2114/1473
f 3451/2115/1474 3448/2114/1473 3444/2110/1470
f 3449/2112/1351 3451/2115/1474 3452/2111/1476
f 3451/2115/1474 3453/2108/1320 3452/2111/1476
f 3451/2115/1474 3444/2110/1470 3454/2116/1477
f 3454/2116/1477 3453/2108/1320 3451/2115/1474
f 3453/2108/1320 3454/2116/1477 3457/2106/1478
f 3457/2106/1478 3454/2116/1477 3455/2117/1479
f 3455/2117/1479 3454/2116/1477 3456/2117/1480
f 3456/2117/1480 3454/2116/1477 3443/2109/1469
f 3454/2116/1477 3444/2110/1470 3443/2109/1469
f 3457/2106/1478 3458/2104/1320 3453/2108/1320
f 3455/2117/1479 3459/2105/1320 3457/2106/1478
f 3457/2106/1478 3459/2105/1320 3458/2104/1320
f 3459/2105/1320 3462/2118/1481 3460/2119/1482
f 3460/2119/1482 3461/2107/1320 3459/2105/1320
f 3459/2105/1320 3461/2107/1320 3458/2104/1320
f 3462/2118/1481 3459/2105/1320 3455/2117/1479
f 3455/2117/1479 3456/2117/1480 3462/2118/1481
f 3460/2119/1482 3462/2118/1481 3463/2120/1483
f 3463/2120/1483 3462/2118/1481 3464/2121/1484
f 3464/2121/1484 3462/2118/1481 3465/2122/1485
f 3462/2118/1481 3456/2117/1480 3465/2122/1485
f 3466/2119/1486 3465/2122/1485 3439/2105/1329
f 3465/2122/1485 3456/2117/1480 3439/2105/1329
f 3464/2121/1484 3465/2122/1485 3466/2119/1486
f 3467/2123/1405 3466/2119/1486 3440/2107/1329
f 3467/2123/1405 3464/2121/1484 3466/2119/1486
f 3466/2119/1486 3439/2105/1329 3440/2107/1329
f 3468/2124/1487 3469/2125/1488 3467/2123/1405
f 3468/2124/1487 3467/2123/1405 3470/2126/1329
f 3469/2125/1488 3464/2121/1484 3467/2123/1405
f 3470/2126/1329 3467/2123/1405 3440/2107/1329
f 3475/2127/1329 3471/2128/1329 3470/2126/1329
f 3471/2128/1329 3472/2129/1329 3470/2126/1329
f 3472/2129/1329 3468/2124/1487 3470/2126/1329
f 3440/2107/1329 3473/2130/1329 3470/2126/1329
f 3473/2130/1329 3474/2131/1329 3470/2126/1329
f 3474/2131/1329 3475/2127/1329 3470/2126/1329
f 3476/2132/1329 3477/2133/1489 3475/2127/1329
f 3476/2132/1329 3475/2127/1329 3479/2134/1490
f 3477/2133/1489 3478/2135/1329 3475/2127/1329
f 3475/2127/1329 3478/2135/1329 3471/2128/1329
f 3479/2134/1490 3475/2127/1329 3474/2131/1329
f 3479/2134/1490 3480/2136/1491 3482/2137/1492
f 3481/2138/1493 3480/2136/1491 3479/2134/1490
f 3481/2138/1493 3479/2134/1490 3474/2131/1329
f 3479/2134/1490 3482/2137/1492 3476/2132/1329
f 3483/2139/1494 3482/2137/1492 3484/2136/1495
f 3483/2139/1494 3485/2140/1496 3482/2137/1492
f 3484/2136/1495 3482/2137/1492 3480/2136/1491
f 3482/2137/1492 3485/2140/1496 3486/2141/1497
f 3476/2132/1329 3482/2137/1492 3486/2141/1497
f 3476/2132/1329 3486/2141/1497 3477/2133/1489
f 3477/2133/1489 3486/2141/1497 3487/2142/1498
f 3485/2140/1496 3487/2142/1498 3486/2141/1497
f 3487/2142/1498 3489/2143/1499 3477/2133/1489
f 3487/2142/1498 3488/2144/1500 3489/2143/1499
f 3490/2145/1501 3488/2144/1500 3487/2142/1498
f 3490/2145/1501 3487/2142/1498 3485/2140/1496
f 3491/2133/1502 3488/2144/1500 3490/2145/1501
f 3485/2140/1496 3491/2133/1502 3490/2145/1501
f 3492/2135/1320 3488/2144/1500 3491/2133/1502
f 3491/2133/1502 3493/2127/1320 3492/2135/1320
f 3491/2133/1502 3494/2132/1320 3493/2127/1320
f 3494/2132/1320 3491/2133/1502 3485/2140/1496
f 3494/2132/1320 3495/2134/1503 3493/2127/1320
f 3494/2132/1320 3483/2139/1494 3495/2134/1503
f 3485/2140/1496 3483/2139/1494 3494/2132/1320
f 3484/2136/1495 3495/2134/1503 3483/2139/1494
f 3493/2127/1320 3495/2134/1503 3496/2131/1320
f 3495/2134/1503 3497/2138/1320 3496/2131/1320
f 3497/2138/1320 3495/2134/1503 3484/2136/1495
f 3497/2138/1320 3498/2146/1504 3496/2131/1320
f 3497/2138/1320 3499/2147/1505 3498/2146/1504
f 3484/2136/1495 3499/2147/1505 3497/2138/1320
f 3499/2147/1505 3484/2136/1495 3500/2148/1506
f 3501/2149/1507 3498/2146/1504 3499/2147/1505
f 3499/2147/1505 3500/2148/1506 3501/2149/1507
f 3501/2149/1507 3503/2150/1508 3502/2151/1320
f 3502/2151/1320 3498/2146/1504 3501/2149/1507
f 3503/2150/1508 3501/2149/1507 3504/2152/1509
f 3504/2152/1509 3501/2149/1507 3505/2153/1510
f 3501/2149/1507 3500/2148/1506 3505/2153/1510
f 3506/2151/1329 3504/2152/1509 3505/2153/1510
f 3506/2151/1329 3505/2153/1510 3507/2146/1511
f 3507/2146/1511 3505/2153/1510 3500/2148/1506
f 3506/2151/1329 3507/2146/1511 3473/2130/1329
f 3507/2146/1511 3500/2148/1506 3481/2138/1493
f 3481/2138/1493 3474/2131/1329 3507/2146/1511
f 3507/2146/1511 3474/2131/1329 3473/2130/1329
f 3506/2151/1329 3473/2130/1329 3508/2154/1512
f 3508/2154/1512 3504/2152/1509 3506/2151/1329
f 3508/2154/1512 3509/2155/1513 3504/2152/1509
f 3510/2156/1328 3509/2155/1513 3508/2154/1512
f 3510/2156/1328 3508/2154/1512 3436/2103/1329
f 3508/2154/1512 3473/2130/1329 3436/2103/1329
f 3435/2101/1467 3511/2157/1514 3510/2156/1328
f 3510/2156/1328 3436/2103/1329 3435/2101/1467
f 3510/2156/1328 3511/2157/1514 3509/2155/1513
f 3515/2158/1515 3511/2157/1514 3512/2159/1516
f 3435/2101/1467 3512/2159/1516 3511/2157/1514
f 3511/2157/1514 3513/2160/1517 3509/2155/1513
f 3514/2161/1518 3513/2160/1517 3511/2157/1514
f 3514/2161/1518 3511/2157/1514 3515/2158/1515
f 3515/2158/1515 3518/2162/1519 3516/2099/1390
f 3516/2099/1390 3517/2101/1520 3515/2158/1515
f 3515/2158/1515 3517/2101/1520 3514/2161/1518
f 3518/2162/1519 3515/2158/1515 3431/2097/1465
f 3431/2097/1465 3515/2158/1515 3512/2159/1516
f 3516/2099/1390 3518/2162/1519 3519/2098/1521
f 3518/2162/1519 3520/2095/1320 3519/2098/1521
f 3518/2162/1519 3431/2097/1465 3521/2163/1522
f 3521/2163/1522 3520/2095/1320 3518/2162/1519
f 3520/2095/1320 3521/2163/1522 3524/2093/1523
f 3524/2093/1523 3521/2163/1522 3522/2164/1524
f 3522/2164/1524 3521/2163/1522 3523/2165/1525
f 3523/2165/1525 3521/2163/1522 3430/2096/1464
f 3521/2163/1522 3431/2097/1465 3430/2096/1464
f 3524/2093/1523 3525/2091/1320 3520/2095/1320
f 3522/2164/1524 3526/2092/1373 3524/2093/1523
f 3524/2093/1523 3526/2092/1373 3525/2091/1320
f 3526/2092/1373 3529/2166/1526 3527/2167/1527
f 3527/2167/1527 3528/2088/1320 3526/2092/1373
f 3526/2092/1373 3528/2088/1320 3525/2091/1320
f 3529/2166/1526 3526/2092/1373 3522/2164/1524
f 3522/2164/1524 3523/2165/1525 3529/2166/1526
f 3527/2167/1527 3529/2166/1526 3530/2168/1528
f 3530/2168/1528 3529/2166/1526 3531/2169/1529
f 3531/2169/1529 3529/2166/1526 3532/2170/1530
f 3529/2166/1526 3523/2165/1525 3532/2170/1530
f 3533/2167/1531 3532/2170/1530 3426/2092/1329
f 3532/2170/1530 3523/2165/1525 3426/2092/1329
f 3531/2169/1529 3532/2170/1530 3533/2167/1531
f 3534/2171/1329 3533/2167/1531 3424/2088/1329
f 3534/2171/1329 3531/2169/1529 3533/2167/1531
f 3533/2167/1531 3426/2092/1329 3424/2088/1329
f 3535/2172/1532 3536/2173/1533 3534/2171/1329
f 3535/2172/1532 3534/2171/1329 3537/2174/1329
f 3536/2173/1533 3531/2169/1529 3534/2171/1329
f 3537/2174/1329 3534/2171/1329 3424/2088/1329
f 3538/2175/1329 3535/2172/1532 3537/2174/1329
f 3540/2176/1329 3538/2175/1329 3537/2174/1329
f 3537/2174/1329 3424/2088/1329 3420/2077/1329
f 3539/2177/1329 3537/2174/1329 3420/2077/1329
f 3540/2176/1329 3537/2174/1329 3539/2177/1329
f 3543/2178/1534 3538/2175/1329 3540/2176/1329
f 3541/2179/1329 3540/2176/1329 3539/2177/1329
f 3541/2179/1329 3542/2180/1328 3540/2176/1329
f 3542/2180/1328 3543/2178/1534 3540/2176/1329
f 3542/2180/1328 3544/2181/1535 3543/2178/1534
f 3544/2181/1535 3545/2182/1536 3543/2178/1534
f 3543/2178/1534 3545/2182/1536 3538/2175/1329
f 3545/2182/1536 3546/2183/1537 3538/2175/1329
f 3547/2184/1538 3546/2183/1537 3545/2182/1536
f 3544/2181/1535 3547/2184/1538 3545/2182/1536
f 3548/2175/1373 3547/2184/1538 3551/2178/1539
f 3547/2184/1538 3548/2175/1373 3549/2185/1540
f 3549/2185/1540 3546/2183/1537 3547/2184/1538
f 3551/2178/1539 3547/2184/1538 3550/2186/1541
f 3550/2186/1541 3547/2184/1538 3544/2181/1535
f 3550/2186/1541 3553/2180/1373 3551/2178/1539
f 3551/2178/1539 3553/2180/1373 3552/2176/1320
f 3551/2178/1539 3552/2176/1320 3548/2175/1373
f 3553/2180/1373 3556/2187/1542 3554/2188/1543
f 3554/2188/1543 3555/2179/1320 3553/2180/1373
f 3553/2180/1373 3555/2179/1320 3552/2176/1320
f 3556/2187/1542 3553/2180/1373 3550/2186/1541
f 3550/2186/1541 3544/2181/1535 3556/2187/1542
f 3554/2188/1543 3556/2187/1542 3557/2189/1544
f 3557/2189/1544 3556/2187/1542 3558/2190/1545
f 3558/2190/1545 3556/2187/1542 3559/2191/1546
f 3556/2187/1542 3544/2181/1535 3559/2191/1546
f 3560/2188/1547 3559/2191/1546 3542/2180/1328
f 3558/2190/1545 3559/2191/1546 3560/2188/1547
f 3559/2191/1546 3544/2181/1535 3542/2180/1328
f 3560/2188/1547 3561/2192/1548 3558/2190/1545
f 3562/2193/1405 3561/2192/1548 3560/2188/1547
f 3562/2193/1405 3560/2188/1547 3541/2179/1329
f 3560/2188/1547 3542/2180/1328 3541/2179/1329
f 3562/2193/1405 3564/2194/1549 3561/2192/1548
f 3562/2193/1405 3541/2179/1329 3563/2195/1550
f 3563/2195/1550 3564/2194/1549 3562/2193/1405
f 3565/2196/1551 3564/2194/1549 3566/2197/1552
f 3565/2196/1551 3568/2198/1553 3564/2194/1549
f 3566/2197/1552 3564/2194/1549 3567/2199/1554
f 3563/2195/1550 3567/2199/1554 3564/2194/1549
f 3564/2194/1549 3568/2198/1553 3561/2192/1548
f 3568/2198/1553 3565/2196/1551 3569/2193/1320
f 3569/2193/1320 3554/2188/1543 3568/2198/1553
f 3568/2198/1553 3554/2188/1543 3557/2189/1544
f 3557/2189/1544 3558/2190/1545 3568/2198/1553
f 3568/2198/1553 3558/2190/1545 3561/2192/1548
f 3554/2188/1543 3569/2193/1320 3555/2179/1320
f 3569/2193/1320 3570/2195/1555 3555/2179/1320
f 3569/2193/1320 3565/2196/1551 3570/2195/1555
f 3566/2197/1552 3570/2195/1555 3565/2196/1551
f 3555/2179/1320 3570/2195/1555 3571/2177/1320
f 3570/2195/1555 3572/2200/1390 3571/2177/1320
f 3572/2200/1390 3570/2195/1555 3566/2197/1552
f 3572/2200/1390 3409/2075/1452 3571/2177/1320
f 3572/2200/1390 3573/2201/1556 3409/2075/1452
f 3566/2197/1552 3573/2201/1556 3572/2200/1390
f 3573/2201/1556 3566/2197/1552 3574/2202/1557
f 3408/2080/1454 3409/2075/1452 3573/2201/1556
f 3573/2201/1556 3574/2202/1557 3408/2080/1454
f 3408/2080/1454 3574/2202/1557 3575/2203/1558
f 3576/2075/1559 3575/2203/1558 3574/2202/1557
f 3576/2075/1559 3574/2202/1557 3577/2200/1405
f 3574/2202/1557 3566/2197/1552 3567/2199/1554
f 3577/2200/1405 3574/2202/1557 3567/2199/1554
f 3577/2200/1405 3539/2177/1329 3576/2075/1559
f 3577/2200/1405 3567/2199/1554 3563/2195/1550
f 3577/2200/1405 3563/2195/1550 3539/2177/1329
f 3419/2076/1329 3575/2203/1558 3576/2075/1559
f 3419/2076/1329 3576/2075/1559 3420/2077/1329
f 3576/2075/1559 3539/2177/1329 3420/2077/1329
f 3419/2076/1329 3411/2081/1455 3575/2203/1558
f 3411/2081/1455 3408/2080/1454 3575/2203/1558
f 3571/2177/1320 3578/2174/1320 3555/2179/1320
f 3406/2077/1320 3578/2174/1320 3571/2177/1320
f 3571/2177/1320 3409/2075/1452 3406/2077/1320
f 3579/2171/1373 3578/2174/1320 3528/2088/1320
f 3580/2172/1560 3578/2174/1320 3579/2171/1373
f 3528/2088/1320 3578/2174/1320 3406/2077/1320
f 3578/2174/1320 3552/2176/1320 3555/2179/1320
f 3548/2175/1373 3552/2176/1320 3578/2174/1320
f 3580/2172/1560 3548/2175/1373 3578/2174/1320
f 3579/2171/1373 3581/2204/1561 3580/2172/1560
f 3580/2172/1560 3581/2204/1561 3549/2185/1540
f 3549/2185/1540 3548/2175/1373 3580/2172/1560
f 3581/2204/1561 3579/2171/1373 3530/2168/1528
f 3530/2168/1528 3531/2169/1529 3581/2204/1561
f 3549/2185/1540 3581/2204/1561 3546/2183/1537
f 3546/2183/1537 3581/2204/1561 3536/2173/1533
f 3581/2204/1561 3531/2169/1529 3536/2173/1533
f 3527/2167/1527 3579/2171/1373 3528/2088/1320
f 3530/2168/1528 3579/2171/1373 3527/2167/1527
f 3563/2195/1550 3541/2179/1329 3539/2177/1329
f 3538/2175/1329 3546/2183/1537 3535/2172/1532
f 3546/2183/1537 3536/2173/1533 3535/2172/1532
f 3525/2091/1320 3528/2088/1320 3582/2087/1320
f 3582/2087/1320 3528/2088/1320 3406/2077/1320
f 3406/2077/1320 3407/2078/1320 3582/2087/1320
f 3407/2078/1320 3413/2083/1457 3582/2087/1320
f 3413/2083/1457 3450/2089/1475 3582/2087/1320
f 3583/2090/1320 3525/2091/1320 3582/2087/1320
f 3582/2087/1320 3450/2089/1475 3583/2090/1320
f 3583/2090/1320 3452/2111/1476 3584/2102/1320
f 3449/2112/1351 3452/2111/1476 3583/2090/1320
f 3450/2089/1475 3449/2112/1351 3583/2090/1320
f 3584/2102/1320 3585/2094/1320 3583/2090/1320
f 3585/2094/1320 3525/2091/1320 3583/2090/1320
f 3586/2100/1320 3585/2094/1320 3584/2102/1320
f 3586/2100/1320 3519/2098/1521 3585/2094/1320
f 3520/2095/1320 3525/2091/1320 3585/2094/1320
f 3519/2098/1521 3520/2095/1320 3585/2094/1320
f 3458/2104/1320 3586/2100/1320 3584/2102/1320
f 3587/2103/1320 3586/2100/1320 3458/2104/1320
f 3516/2099/1390 3519/2098/1521 3586/2100/1320
f 3517/2101/1520 3516/2099/1390 3586/2100/1320
f 3587/2103/1320 3517/2101/1520 3586/2100/1320
f 3461/2107/1320 3587/2103/1320 3458/2104/1320
f 3588/2154/1562 3589/2156/1320 3587/2103/1320
f 3590/2130/1320 3588/2154/1562 3587/2103/1320
f 3590/2130/1320 3587/2103/1320 3461/2107/1320
f 3589/2156/1320 3517/2101/1520 3587/2103/1320
f 3502/2151/1320 3588/2154/1562 3590/2130/1320
f 3591/2126/1320 3590/2130/1320 3461/2107/1320
f 3496/2131/1320 3590/2130/1320 3591/2126/1320
f 3496/2131/1320 3498/2146/1504 3590/2130/1320
f 3498/2146/1504 3502/2151/1320 3590/2130/1320
f 3593/2123/1378 3591/2126/1320 3461/2107/1320
f 3592/2128/1320 3493/2127/1320 3591/2126/1320
f 3595/2129/1320 3592/2128/1320 3591/2126/1320
f 3594/2124/1563 3591/2126/1320 3593/2123/1378
f 3493/2127/1320 3496/2131/1320 3591/2126/1320
f 3594/2124/1563 3595/2129/1320 3591/2126/1320
f 3595/2129/1320 3597/2205/1564 3596/2206/1565
f 3596/2206/1565 3592/2128/1320 3595/2129/1320
f 3597/2205/1564 3595/2129/1320 3598/2207/1566
f 3598/2207/1566 3595/2129/1320 3594/2124/1563
f 3594/2124/1563 3599/2208/1567 3598/2207/1566
f 3598/2207/1566 3599/2208/1567 3600/2209/1568
f 3598/2207/1566 3600/2209/1568 3597/2205/1564
f 3597/2205/1564 3600/2209/1568 3601/2205/1569
f 3601/2205/1569 3600/2209/1568 3472/2129/1329
f 3472/2129/1329 3600/2209/1568 3468/2124/1487
f 3600/2209/1568 3469/2125/1488 3468/2124/1487
f 3600/2209/1568 3599/2208/1567 3469/2125/1488
f 3602/2206/1570 3601/2205/1569 3472/2129/1329
f 3603/2210/1571 3601/2205/1569 3602/2206/1570
f 3603/2210/1571 3597/2205/1564 3601/2205/1569
f 3604/2210/1572 3603/2210/1571 3488/2144/1500
f 3604/2210/1572 3597/2205/1564 3603/2210/1571
f 3488/2144/1500 3603/2210/1571 3489/2143/1499
f 3489/2143/1499 3603/2210/1571 3478/2135/1329
f 3478/2135/1329 3603/2210/1571 3602/2206/1570
f 3596/2206/1565 3597/2205/1564 3604/2210/1572
f 3604/2210/1572 3492/2135/1320 3596/2206/1565
f 3488/2144/1500 3492/2135/1320 3604/2210/1572
f 3478/2135/1329 3602/2206/1570 3471/2128/1329
f 3602/2206/1570 3472/2129/1329 3471/2128/1329
f 3593/2123/1378 3599/2208/1567 3594/2124/1563
f 3599/2208/1567 3593/2123/1378 3463/2120/1483
f 3463/2120/1483 3464/2121/1484 3599/2208/1567
f 3599/2208/1567 3464/2121/1484 3469/2125/1488
f 3596/2206/1565 3492/2135/1320 3592/2128/1320
f 3460/2119/1482 3593/2123/1378 3461/2107/1320
f 3463/2120/1483 3593/2123/1378 3460/2119/1482
f 3492/2135/1320 3493/2127/1320 3592/2128/1320
f 3589/2156/1320 3514/2161/1518 3517/2101/1520
f 3513/2160/1517 3514/2161/1518 3589/2156/1320
f 3589/2156/1320 3588/2154/1562 3513/2160/1517
f 3502/2151/1320 3503/2150/1508 3588/2154/1562
f 3513/2160/1517 3588/2154/1562 3503/2150/1508
f 3452/2111/1476 3453/2108/1320 3584/2102/1320
f 3453/2108/1320 3458/2104/1320 3584/2102/1320
f 3426/2092/1329 3523/2165/1525 3428/2093/1463
f 3523/2165/1525 3430/2096/1464 3428/2093/1463
f 3503/2150/1508 3504/2152/1509 3513/2160/1517
f 3513/2160/1517 3504/2152/1509 3509/2155/1513
f 3433/2099/1328 3431/2097/1465 3512/2159/1516
f 3433/2099/1328 3512/2159/1516 3435/2101/1467
f 3500/2148/1506 3484/2136/1495 3480/2136/1491
f 3481/2138/1493 3500/2148/1506 3480/2136/1491
f 3477/2133/1489 3489/2143/1499 3478/2135/1329
f 3436/2103/1329 3473/2130/1329 3440/2107/1329
f 3439/2105/1329 3456/2117/1480 3441/2106/1468
f 3456/2117/1480 3443/2109/1469 3441/2106/1468
f 3413/2083/1457 3414/2084/1458 3450/2089/1475
f 3423/2090/1329 3427/2094/1329 3437/2102/1329
f 3422/2089/1462 3415/2085/1459 3417/2083/1461
f 3605/2211/1573 3609/2212/1574 3606/2213/1575
f 3606/2213/1575 3607/2214/1576 3605/2211/1573
f 3605/2211/1573 3607/2214/1576 3608/2215/1577
f 3608/2215/1577 3611/2216/1578 3605/2211/1573
f 3609/2212/1574 3605/2211/1573 3610/2217/1579
f 3610/2217/1579 3605/2211/1573 3611/2216/1578
f 3615/2218/1580 3610/2217/1579 3611/2216/1578
f 3612/2219/1581 3615/2218/1580 3611/2216/1578
f 3612/2219/1581 3611/2216/1578 3613/2220/1582
f 3613/2220/1582 3611/2216/1578 3614/2216/1583
f 3614/2216/1583 3611/2216/1578 3608/2215/1577
f 3616/2221/1584 3615/2218/1580 3612/2219/1581
f 3616/2221/1584 3617/2222/1585 3615/2218/1580
f 3610/2217/1579 3615/2218/1580 3617/2222/1585
f 3621/2223/1586 3610/2217/1579 3617/2222/1585
f 3616/2221/1584 3620/2224/1587 3617/2222/1585
f 3618/2225/1588 3621/2223/1586 3617/2222/1585
f 3617/2222/1585 3619/2226/1589 3618/2225/1588
f 3617/2222/1585 3620/2224/1587 3619/2226/1589
f 3610/2217/1579 3621/2223/1586 3623/2227/1329
f 3622/2228/1590 3621/2223/1586 3618/2225/1588
f 3621/2223/1586 3622/2228/1590 3623/2227/1329
f 3626/2229/1329 3610/2217/1579 3623/2227/1329
f 3624/2230/1329 3623/2227/1329 3627/2231/1329
f 3626/2229/1329 3623/2227/1329 3624/2230/1329
f 3625/2232/1329 3627/2231/1329 3623/2227/1329
f 3623/2227/1329 3622/2228/1590 3625/2232/1329
f 3628/2233/1591 3627/2231/1329 3630/2234/1329
f 3631/2235/1592 3627/2231/1329 3628/2233/1591
f 3627/2231/1329 3629/2236/1593 3630/2234/1329
f 3625/2232/1329 3629/2236/1593 3627/2231/1329
f 3624/2230/1329 3627/2231/1329 3631/2235/1592
f 3628/2233/1591 3633/2237/1594 3631/2235/1592
f 3632/2238/1595 3631/2235/1592 3635/2239/1596
f 3631/2235/1592 3632/2238/1595 3624/2230/1329
f 3631/2235/1592 3633/2237/1594 3634/2240/1597
f 3635/2239/1596 3631/2235/1592 3634/2240/1597
f 3634/2240/1597 3639/2239/1598 3635/2239/1596
f 3636/2241/1599 3635/2239/1596 3639/2239/1598
f 3637/2241/1600 3635/2239/1596 3636/2241/1599
f 3637/2241/1600 3638/2242/1601 3635/2239/1596
f 3635/2239/1596 3638/2242/1601 3632/2238/1595
f 3639/2239/1598 3643/2235/1602 3640/2238/1603
f 3640/2238/1603 3641/2242/1604 3639/2239/1598
f 3639/2239/1598 3641/2242/1604 3636/2241/1599
f 3642/2243/1605 3643/2235/1602 3639/2239/1598
f 3642/2243/1605 3639/2239/1598 3634/2240/1597
f 3647/2244/1606 3643/2235/1602 3642/2243/1605
f 3643/2235/1602 3644/2230/1320 3640/2238/1603
f 3644/2230/1320 3643/2235/1602 3645/2231/1320
f 3643/2235/1602 3646/2245/1320 3645/2231/1320
f 3646/2245/1320 3643/2235/1602 3647/2244/1606
f 3648/2246/1607 3646/2245/1320 3647/2244/1606
f 3633/2237/1594 3648/2246/1607 3647/2244/1606
f 3642/2243/1605 3633/2237/1594 3647/2244/1606
f 3648/2246/1607 3651/2247/1608 3649/2247/1609
f 3649/2247/1609 3650/2248/1610 3648/2246/1607
f 3650/2248/1610 3646/2245/1320 3648/2246/1607
f 3652/2246/1611 3651/2247/1608 3648/2246/1607
f 3652/2246/1611 3648/2246/1607 3633/2237/1594
f 3653/2248/1612 3651/2247/1608 3652/2246/1611
f 3652/2246/1611 3628/2233/1591 3653/2248/1612
f 3633/2237/1594 3628/2233/1591 3652/2246/1611
f 3628/2233/1591 3630/2234/1329 3653/2248/1612
f 3653/2248/1612 3630/2234/1329 3654/2249/1329
f 3653/2248/1612 3654/2249/1329 3655/2250/1613
f 3655/2250/1613 3651/2247/1608 3653/2248/1612
f 3655/2250/1613 3656/2251/1614 3651/2247/1608
f 3656/2251/1614 3655/2250/1613 3657/2252/1329
f 3657/2252/1329 3655/2250/1613 3654/2249/1329
f 3657/2252/1329 3654/2249/1329 3630/2234/1329
f 3630/2234/1329 3658/2253/1329 3657/2252/1329
f 3657/2252/1329 3658/2253/1329 3659/2254/1329
f 3657/2252/1329 3659/2254/1329 3656/2251/1614
f 3659/2254/1329 3661/2255/1615 3660/2256/1616
f 3656/2251/1614 3659/2254/1329 3660/2256/1616
f 3662/2257/1329 3661/2255/1615 3659/2254/1329
f 3659/2254/1329 3658/2253/1329 3662/2257/1329
f 3662/2257/1329 3658/2253/1329 3663/2258/1617
f 3663/2258/1617 3664/2259/1618 3662/2257/1329
f 3664/2259/1618 3661/2255/1615 3662/2257/1329
f 3665/2260/1619 3661/2255/1615 3664/2259/1618
f 3664/2259/1618 3663/2258/1617 3665/2260/1619
f 3665/2260/1619 3666/2261/1620 3668/2262/1621
f 3667/2260/1622 3666/2261/1620 3665/2260/1619
f 3665/2260/1619 3669/2263/1623 3667/2260/1622
f 3668/2262/1621 3661/2255/1615 3665/2260/1619
f 3665/2260/1619 3663/2258/1617 3669/2263/1623
f 3667/2260/1622 3669/2263/1623 3673/2263/1624
f 3663/2258/1617 3670/2264/1625 3669/2263/1623
f 3669/2263/1623 3670/2264/1625 3671/2265/1626
f 3671/2265/1626 3672/2266/1627 3669/2263/1623
f 3669/2263/1623 3672/2266/1627 3673/2263/1624
f 3674/2258/1628 3667/2260/1622 3673/2263/1624
f 3673/2263/1624 3675/2267/1378 3674/2258/1628
f 3672/2266/1627 3675/2267/1378 3673/2263/1624
f 3677/2253/1320 3674/2258/1628 3675/2267/1378
f 3676/2236/1629 3678/2234/1320 3675/2267/1378
f 3675/2267/1378 3672/2266/1627 3676/2236/1629
f 3678/2234/1320 3677/2253/1320 3675/2267/1378
f 3679/2252/1320 3678/2234/1320 3680/2249/1320
f 3678/2234/1320 3679/2252/1320 3677/2253/1320
f 3680/2249/1320 3678/2234/1320 3650/2248/1610
f 3650/2248/1610 3678/2234/1320 3646/2245/1320
f 3646/2245/1320 3678/2234/1320 3645/2231/1320
f 3645/2231/1320 3678/2234/1320 3676/2236/1629
f 3680/2249/1320 3650/2248/1610 3681/2250/1630
f 3681/2250/1630 3679/2252/1320 3680/2249/1320
f 3649/2247/1609 3682/2251/1631 3681/2250/1630
f 3681/2250/1630 3650/2248/1610 3649/2247/1609
f 3682/2251/1631 3679/2252/1320 3681/2250/1630
f 3683/2268/1632 3682/2251/1631 3685/2269/1633
f 3684/2256/1634 3682/2251/1631 3683/2268/1632
f 3684/2256/1634 3686/2254/1320 3682/2251/1631
f 3685/2269/1633 3682/2251/1631 3649/2247/1609
f 3679/2252/1320 3682/2251/1631 3686/2254/1320
f 3687/2257/1320 3677/2253/1320 3686/2254/1320
f 3688/2255/1635 3687/2257/1320 3686/2254/1320
f 3677/2253/1320 3679/2252/1320 3686/2254/1320
f 3688/2255/1635 3686/2254/1320 3684/2256/1634
f 3689/2270/1636 3688/2255/1635 3684/2256/1634
f 3689/2270/1636 3666/2261/1620 3688/2255/1635
f 3690/2259/1637 3688/2255/1635 3667/2260/1622
f 3690/2259/1637 3687/2257/1320 3688/2255/1635
f 3667/2260/1622 3688/2255/1635 3666/2261/1620
f 3674/2258/1628 3687/2257/1320 3690/2259/1637
f 3690/2259/1637 3667/2260/1622 3674/2258/1628
f 3689/2270/1636 3691/2271/1638 3692/2272/1639
f 3684/2256/1634 3691/2271/1638 3689/2270/1636
f 3689/2270/1636 3692/2272/1639 3693/2273/1640
f 3693/2273/1640 3666/2261/1620 3689/2270/1636
f 3692/2272/1639 3694/2273/1641 3693/2273/1640
f 3694/2273/1641 3666/2261/1620 3693/2273/1640
f 3668/2262/1621 3666/2261/1620 3694/2273/1641
f 3694/2273/1641 3695/2270/1642 3668/2262/1621
f 3694/2273/1641 3696/2274/1643 3695/2270/1642
f 3696/2274/1643 3694/2273/1641 3692/2272/1639
f 3696/2274/1643 3692/2272/1639 3697/2275/1644
f 3697/2275/1644 3695/2270/1642 3696/2274/1643
f 3660/2256/1616 3697/2275/1644 3698/2268/1645
f 3660/2256/1616 3695/2270/1642 3697/2275/1644
f 3698/2268/1645 3697/2275/1644 3683/2268/1632
f 3683/2268/1632 3697/2275/1644 3691/2271/1638
f 3697/2275/1644 3692/2272/1639 3691/2271/1638
f 3660/2256/1616 3698/2268/1645 3656/2251/1614
f 3656/2251/1614 3698/2268/1645 3699/2276/1646
f 3683/2268/1632 3699/2276/1646 3698/2268/1645
f 3685/2269/1633 3699/2276/1646 3683/2268/1632
f 3699/2276/1646 3649/2247/1609 3651/2247/1608
f 3685/2269/1633 3649/2247/1609 3699/2276/1646
f 3651/2247/1608 3656/2251/1614 3699/2276/1646
f 3661/2255/1615 3695/2270/1642 3660/2256/1616
f 3668/2262/1621 3695/2270/1642 3661/2255/1615
f 3683/2268/1632 3691/2271/1638 3684/2256/1634
f 3687/2257/1320 3674/2258/1628 3677/2253/1320
f 3700/2277/1647 3676/2236/1629 3703/2278/1648
f 3700/2277/1647 3702/2232/1320 3676/2236/1629
f 3703/2278/1648 3676/2236/1629 3701/2279/1649
f 3676/2236/1629 3672/2266/1627 3701/2279/1649
f 3676/2236/1629 3702/2232/1320 3645/2231/1320
f 3703/2278/1648 3618/2225/1588 3705/2225/1650
f 3706/2278/1651 3618/2225/1588 3703/2278/1648
f 3700/2277/1647 3703/2278/1648 3704/2228/1652
f 3703/2278/1648 3701/2279/1649 3706/2278/1651
f 3704/2228/1652 3703/2278/1648 3705/2225/1650
f 3618/2225/1588 3706/2278/1651 3622/2228/1590
f 3706/2278/1651 3701/2279/1649 3708/2280/1653
f 3622/2228/1590 3706/2278/1651 3707/2277/1654
f 3706/2278/1651 3629/2236/1593 3707/2277/1654
f 3708/2280/1653 3629/2236/1593 3706/2278/1651
f 3671/2265/1626 3629/2236/1593 3708/2280/1653
f 3708/2280/1653 3672/2266/1627 3671/2265/1626
f 3701/2279/1649 3672/2266/1627 3708/2280/1653
f 3707/2277/1654 3629/2236/1593 3625/2232/1329
f 3707/2277/1654 3625/2232/1329 3622/2228/1590
f 3618/2225/1588 3619/2226/1589 3705/2225/1650
f 3619/2226/1589 3709/2281/1351 3705/2225/1650
f 3705/2225/1650 3709/2281/1351 3704/2228/1652
f 3710/2227/1320 3704/2228/1652 3709/2281/1351
f 3710/2227/1320 3709/2281/1351 3711/2217/1655
f 3709/2281/1351 3619/2226/1589 3711/2217/1655
f 3714/2282/1656 3614/2216/1583 3711/2217/1655
f 3608/2215/1577 3711/2217/1655 3614/2216/1583
f 3712/2283/1657 3713/2229/1320 3711/2217/1655
f 3715/2212/1658 3712/2283/1657 3711/2217/1655
f 3713/2229/1320 3710/2227/1320 3711/2217/1655
f 3714/2282/1656 3711/2217/1655 3619/2226/1589
f 3715/2212/1658 3711/2217/1655 3608/2215/1577
f 3712/2283/1657 3715/2212/1658 3716/2284/1659
f 3715/2212/1658 3718/2285/1660 3716/2284/1659
f 3717/2286/1661 3715/2212/1658 3607/2214/1576
f 3717/2286/1661 3718/2285/1660 3715/2212/1658
f 3715/2212/1658 3608/2215/1577 3607/2214/1576
f 3607/2214/1576 3719/2287/1662 3718/2285/1660
f 3719/2287/1662 3720/2288/1663 3718/2285/1660
f 3718/2285/1660 3720/2288/1663 3716/2284/1659
f 3718/2285/1660 3717/2286/1661 3607/2214/1576
f 3720/2288/1663 3721/2289/1329 3637/2241/1600
f 3637/2241/1600 3636/2241/1599 3720/2288/1663
f 3720/2288/1663 3636/2241/1599 3716/2284/1659
f 3719/2287/1662 3609/2212/1574 3720/2288/1663
f 3721/2289/1329 3720/2288/1663 3609/2212/1574
f 3721/2289/1329 3610/2217/1579 3626/2229/1329
f 3609/2212/1574 3610/2217/1579 3721/2289/1329
f 3637/2241/1600 3721/2289/1329 3638/2242/1601
f 3721/2289/1329 3626/2229/1329 3638/2242/1601
f 3719/2287/1662 3606/2213/1575 3722/2290/1664
f 3722/2290/1664 3609/2212/1574 3719/2287/1662
f 3606/2213/1575 3719/2287/1662 3607/2214/1576
f 3722/2290/1664 3606/2213/1575 3609/2212/1574
f 3636/2241/1599 3712/2283/1657 3716/2284/1659
f 3613/2220/1582 3614/2216/1583 3714/2282/1656
f 3620/2224/1587 3613/2220/1582 3714/2282/1656
f 3620/2224/1587 3714/2282/1656 3619/2226/1589
f 3644/2230/1320 3713/2229/1320 3723/2291/1320
f 3713/2229/1320 3644/2230/1320 3710/2227/1320
f 3723/2291/1320 3713/2229/1320 3641/2242/1604
f 3641/2242/1604 3713/2229/1320 3712/2283/1657
f 3723/2291/1320 3641/2242/1604 3640/2238/1603
f 3640/2238/1603 3644/2230/1320 3723/2291/1320
f 3641/2242/1604 3712/2283/1657 3636/2241/1599
f 3702/2232/1320 3710/2227/1320 3645/2231/1320
f 3702/2232/1320 3704/2228/1652 3710/2227/1320
f 3710/2227/1320 3644/2230/1320 3645/2231/1320
f 3704/2228/1652 3702/2232/1320 3700/2277/1647
f 3670/2264/1625 3629/2236/1593 3671/2265/1626
f 3670/2264/1625 3658/2253/1329 3630/2234/1329
f 3663/2258/1617 3658/2253/1329 3670/2264/1625
f 3629/2236/1593 3670/2264/1625 3630/2234/1329
f 3634/2240/1597 3633/2237/1594 3642/2243/1605
f 3638/2242/1601 3724/2291/1329 3632/2238/1595
f 3638/2242/1601 3626/2229/1329 3724/2291/1329
f 3624/2230/1329 3724/2291/1329 3626/2229/1329
f 3624/2230/1329 3632/2238/1595 3724/2291/1329
f 3616/2221/1584 3727/2221/1665 3620/2224/1587
f 3613/2220/1582 3620/2224/1587 3725/2220/1666
f 3725/2220/1666 3620/2224/1587 3726/2224/1667
f 3620/2224/1587 3727/2221/1665 3726/2224/1667
f 3616/2221/1584 3728/2219/1668 3727/2221/1665
f 3727/2221/1665 3728/2219/1668 3726/2224/1667
f 3612/2219/1581 3728/2219/1668 3616/2221/1584
f 3612/2219/1581 3613/2220/1582 3728/2219/1668
f 3726/2224/1667 3728/2219/1668 3725/2220/1666
f 3728/2219/1668 3613/2220/1582 3725/2220/1666
s 0
f 3613/2292/1023 3612/2293/1023 3730/2293/1023
f 3729/2292/1023 3613/2292/1023 3730/2293/1023
f 3606/2292/1023 3607/2293/1023 3731/2293/1023
f 3732/2292/1023 3606/2292/1023 3731/2293/1023
s 1
f 3734/2294/1669 3738/2295/1670 3733/2296/1671
f 3733/2296/1671 3735/2297/1672 3734/2294/1669
f 3735/2297/1672 3733/2296/1671 3736/2297/1673
f 3736/2297/1673 3733/2296/1671 3737/2296/1674
f 3733/2296/1671 3738/2295/1670 3737/2296/1674
f 3740/2298/1675 3738/2295/1670 3734/2294/1669
f 3737/2296/1674 3738/2295/1670 3739/2295/1676
f 3738/2295/1670 3740/2298/1675 3739/2295/1676
f 3740/2298/1675 3734/2294/1669 3741/2298/1677
f 3739/2295/1676 3740/2298/1675 3741/2298/1677
f 3741/2298/1677 3742/2294/1678 3739/2295/1676
f 3741/2298/1677 3734/2294/1669 3742/2294/1678
f 3742/2294/1678 3743/2299/1679 3744/2299/1680
f 3734/2294/1669 3743/2299/1679 3742/2294/1678
f 3739/2295/1676 3742/2294/1678 3737/2296/1674
f 3737/2296/1674 3742/2294/1678 3736/2297/1673
f 3736/2297/1673 3742/2294/1678 3744/2299/1680
f 3743/2299/1679 3735/2297/1672 3744/2299/1680
f 3744/2299/1680 3735/2297/1672 3736/2297/1673
f 3734/2294/1669 3735/2297/1672 3743/2299/1679
o sheath
v -39.104378 13.336782 0.287049
v -39.124840 13.215231 0.410310
v -39.014175 13.347478 0.435839
v -39.158966 12.487905 -0.435841
v -39.240669 12.527547 -0.287051
v -39.220200 12.649099 -0.410312
v -38.408424 12.745397 0.928947
v -38.519073 12.613149 0.903419
v -38.347183 12.584188 0.903419
v -38.463005 11.896505 0.206058
v -38.634911 11.925466 0.206058
v -38.553192 11.885824 0.057268
v -37.638832 13.115820 0.435839
v -37.577591 12.954610 0.410310
v -37.557129 13.076177 0.287049
v -37.672951 12.388509 -0.410312
v -37.693413 12.266943 -0.287051
v -37.783615 12.256246 -0.435841
v -38.244606 13.717916 -0.057270
v -38.162888 13.678259 -0.206060
v -38.334793 13.707204 -0.206060
v -38.450623 13.019552 -0.903421
v -38.278725 12.990591 -0.903421
v -38.389389 12.858343 -0.928949
v -47.303513 24.857382 0.287048
v -47.323975 24.735830 0.410309
v -47.213333 24.868078 0.435838
v -47.358109 24.008505 -0.435842
v -47.439796 24.048147 -0.287052
v -47.419334 24.169699 -0.410313
v -46.607536 24.265982 0.928946
v -46.718216 24.133749 0.903418
v -46.546318 24.104788 0.903418
v -46.662140 23.417120 0.206057
v -46.834045 23.446066 0.206057
v -46.752319 23.406424 0.057267
v -45.837982 24.636419 0.435838
v -45.776741 24.475225 0.410309
v -45.756264 24.596777 0.287048
v -45.872086 23.909109 -0.410313
v -45.892563 23.787542 -0.287052
v -45.982758 23.776861 -0.435842
v -46.443741 25.238516 -0.057271
v -46.362030 25.198858 -0.206061
v -46.533936 25.227804 -0.206061
v -46.649757 24.540152 -0.903422
v -46.477875 24.511190 -0.903422
v -46.588524 24.378942 -0.928950
v -41.969185 17.362143 0.287049
v -41.989677 17.240591 0.410310
v -41.878998 17.372839 0.435839
v -42.023788 16.513266 -0.435841
v -42.105499 16.552923 -0.287051
v -42.085022 16.674459 -0.410312
v -41.273239 16.770758 0.928947
v -41.383888 16.638510 0.903419
v -41.212006 16.609549 0.903419
v -41.327827 15.921880 0.206058
v -41.499710 15.950826 0.206058
v -41.418015 15.911184 0.057268
v -40.503654 17.141195 0.435839
v -40.442429 16.979986 0.410310
v -40.421951 17.101522 0.287049
v -40.537788 16.413870 -0.410312
v -40.558250 16.292318 -0.287051
v -40.648438 16.281607 -0.435841
v -41.109436 17.743277 -0.057270
v -41.027725 17.703619 -0.206060
v -41.199623 17.732565 -0.206060
v -41.315445 17.044897 -0.903421
v -41.143547 17.015951 -0.903421
v -41.254211 16.883703 -0.928949
v -47.847244 25.756689 -0.056638
v -47.827988 25.770407 -0.107730
v -47.797974 25.791769 -0.148277
v -47.760170 25.818686 -0.174310
v -47.695602 25.864645 -0.183280
v -47.631027 25.910589 -0.174310
v -47.593201 25.937506 -0.148277
v -47.563187 25.958868 -0.107730
v -47.543930 25.972570 -0.056638
v -47.537292 25.977301 -0.000002
v -47.543930 25.972570 0.056634
v -47.563187 25.958868 0.107726
v -47.593201 25.937506 0.148273
v -47.631027 25.910589 0.174306
v -47.695602 25.864645 0.183276
v -47.760170 25.818686 0.174306
v -47.797974 25.791769 0.148273
v -47.827988 25.770407 0.107726
v -47.847244 25.756689 0.056634
v -47.853889 25.751974 -0.000002
v -45.565720 22.294973 -0.108708
v -45.525032 22.323965 -0.206773
v -45.461624 22.369085 -0.284598
v -45.381721 22.425955 -0.334565
v -45.293152 22.488974 -0.351782
v -45.204590 22.552008 -0.334565
v -45.124695 22.608877 -0.284598
v -45.061279 22.653997 -0.206773
v -45.020576 22.682974 -0.108708
v -45.006546 22.692953 -0.000002
v -45.020576 22.682974 0.108704
v -45.061279 22.653997 0.206769
v -45.124695 22.608877 0.284594
v -45.204590 22.552008 0.334561
v -45.293152 22.488974 0.351778
v -45.381721 22.425955 0.334561
v -45.461624 22.369085 0.284594
v -45.525032 22.323965 0.206769
v -45.565720 22.294973 0.108704
v -45.579758 22.284994 -0.000002
v -47.695602 25.864645 -0.000002
v -45.293152 22.488974 -0.000002
v -53.780380 35.081917 -0.145042
v -47.201279 25.837637 -0.145041
v -54.152557 34.817036 0.407432
v -47.573448 25.572744 0.407433
v -47.459824 25.653631 -0.407437
v -54.038910 34.897907 -0.407438
v -47.832008 25.388754 0.145037
v -54.411102 34.633015 0.145036
v -54.699600 34.427692 1.019979
v -48.120522 25.183416 1.019980
v -54.441071 34.611698 1.282375
v -47.861977 25.367422 1.282376
v -53.134430 35.541630 -0.657231
v -46.555328 26.297354 -0.657230
v -53.392975 35.357628 -0.919628
v -46.813873 26.113348 -0.919627
v -39.469437 13.184545 -1.008866
v -39.587677 12.881979 -0.613938
v -39.688927 12.957067 -0.613998
v -39.525925 13.226431 -1.008866
v -39.325676 13.121923 -1.008866
v -39.303947 12.756155 -0.613938
v -39.423447 12.796270 -0.613998
v -39.392342 13.144308 -1.008866
v -39.169594 13.106786 -1.008866
v -38.995216 12.724172 -0.613938
v -39.121277 12.725393 -0.613998
v -39.239922 13.107473 -1.008866
v -39.016479 13.140630 -1.008866
v -38.691719 12.789144 -0.613938
v -38.811996 12.751363 -0.613998
v -39.083588 13.119558 -1.008866
v -38.578766 13.435445 -1.008866
v -38.423180 12.944723 -0.613938
v -38.525871 12.871633 -0.613998
v -38.938606 13.179342 -1.008866
v -38.474777 13.552831 -1.008866
v -38.215820 13.175680 -0.613938
v -38.290909 13.074422 -0.613998
v -38.516663 13.496343 -1.008866
v -38.412163 13.696584 -1.008866
v -38.090012 13.459402 -0.613938
v -38.130127 13.339895 -0.613998
v -38.434540 13.629934 -1.008866
v -38.397018 13.852682 -1.008866
v -38.058014 13.768118 -0.613938
v -38.059235 13.642065 -0.613998
v -38.397720 13.782354 -1.008866
v -38.430855 14.005788 -1.008866
v -38.122978 14.071615 -0.613938
v -38.085190 13.951345 -0.613998
v -38.409782 13.938711 -1.008866
v -38.510368 14.140951 -1.008866
v -38.278572 14.340170 -0.613938
v -38.205460 14.237478 -0.613998
v -38.469582 14.083669 -1.008866
v -38.627739 14.244939 -1.008866
v -38.509521 14.547521 -0.613938
v -38.408264 14.472433 -0.613998
v -38.571251 14.203054 -1.008866
v -38.771500 14.307577 -1.008866
v -38.793243 14.673345 -0.613938
v -38.673737 14.633230 -0.613998
v -38.704834 14.285177 -1.008866
v -38.927582 14.322713 -1.008866
v -39.101959 14.705328 -0.613938
v -38.975906 14.704107 -0.613998
v -38.857269 14.322012 -1.008866
v -39.080704 14.288869 -1.008866
v -39.405457 14.640356 -0.613938
v -39.285202 14.678152 -0.613998
v -39.013611 14.309957 -1.008866
v -39.518417 13.994039 -1.008866
v -39.674011 14.484777 -0.613938
v -39.571320 14.557882 -0.613998
v -39.158569 14.250143 -1.008866
v -39.622398 13.876669 -1.008866
v -39.881355 14.253820 -0.613938
v -39.806282 14.355093 -0.613998
v -39.580521 13.933157 -1.008866
v -39.685028 13.732900 -1.008866
v -40.007179 13.970098 -0.613938
v -39.967064 14.089605 -0.613998
v -39.662659 13.799581 -1.008866
v -39.700165 13.576818 -1.008866
v -40.039177 13.661382 -0.613938
v -40.037964 13.787435 -0.613998
v -39.699478 13.647146 -1.008866
v -39.666321 13.423696 -1.008866
v -39.974197 13.357885 -0.613938
v -40.011978 13.478139 -0.613998
v -39.687393 13.490789 -1.008866
v -39.586823 13.288534 -1.008866
v -39.818619 13.089315 -0.613938
v -39.891716 13.192022 -0.613998
v -39.627594 13.345831 -1.008866
v -39.525925 13.226431 1.008864
v -39.688980 12.957113 0.613936
v -39.587723 12.882009 0.613996
v -39.469437 13.184545 1.008864
v -39.392342 13.144308 1.008864
v -39.423508 12.796301 0.613936
v -39.304008 12.756170 0.613996
v -39.325676 13.121923 1.008864
v -39.239922 13.107473 1.008864
v -39.121338 12.725393 0.613936
v -38.995285 12.724157 0.613996
v -39.169594 13.106786 1.008864
v -39.083588 13.119558 1.008864
v -38.812065 12.751348 0.613936
v -38.691780 12.789114 0.613996
v -39.016479 13.140630 1.008864
v -38.938606 13.179342 1.008864
v -38.525932 12.871587 0.613936
v -38.423218 12.944677 0.613996
v -38.578766 13.435445 1.008864
v -38.516663 13.496343 1.008864
v -38.290962 13.074361 0.613936
v -38.215858 13.175619 0.613996
v -38.474777 13.552831 1.008864
v -38.434540 13.629934 1.008864
v -38.130142 13.339834 0.613936
v -38.090012 13.459341 0.613996
v -38.412163 13.696584 1.008864
v -38.397720 13.782354 1.008864
v -38.059250 13.642004 0.613936
v -38.057999 13.768056 0.613996
v -38.397018 13.852682 1.008864
v -38.409782 13.938711 1.008864
v -38.085190 13.951284 0.613936
v -38.122971 14.071554 0.613996
v -38.430855 14.005788 1.008864
v -38.469582 14.083669 1.008864
v -38.205429 14.237417 0.613936
v -38.278519 14.340124 0.613996
v -38.510368 14.140951 1.008864
v -38.571251 14.203054 1.008864
v -38.408218 14.472387 0.613936
v -38.509468 14.547491 0.613996
v -38.627739 14.244939 1.008864
v -38.704834 14.285177 1.008864
v -38.673683 14.633199 0.613936
v -38.793182 14.673330 0.613996
v -38.771500 14.307577 1.008864
v -38.857269 14.322012 1.008864
v -38.975845 14.704092 0.613936
v -39.101906 14.705343 0.613996
v -38.927582 14.322713 1.008864
v -39.013611 14.309957 1.008864
v -39.285126 14.678152 0.613936
v -39.405396 14.640371 0.613996
v -39.080704 14.288869 1.008864
v -39.158569 14.250143 1.008864
v -39.571259 14.557912 0.613936
v -39.673981 14.484823 0.613996
v -39.518417 13.994039 1.008864
v -39.580521 13.933157 1.008864
v -39.806229 14.355123 0.613936
v -39.881332 14.253881 0.613996
v -39.622398 13.876669 1.008864
v -39.662659 13.799581 1.008864
v -39.967033 14.089651 0.613936
v -40.007179 13.970174 0.613996
v -39.685028 13.732900 1.008864
v -39.699478 13.647146 1.008864
v -40.037941 13.787496 0.613936
v -40.039185 13.661428 0.613996
v -39.700165 13.576818 1.008864
v -39.687393 13.490789 1.008864
v -40.012001 13.478201 0.613936
v -39.974228 13.357946 0.613996
v -39.666321 13.423696 1.008864
v -39.627594 13.345831 1.008864
v -39.891747 13.192068 0.613936
v -39.818665 13.089376 0.613996
v -39.586823 13.288534 1.008864
v -39.409912 13.535085 -1.008866
v -39.447762 13.655538 -1.008866
v -39.446533 13.781774 -1.008866
v -39.406326 13.901449 -1.008866
v -39.331131 14.002859 -1.008866
v -39.228256 14.076070 -1.008866
v -39.107819 14.113912 -1.008866
v -38.981567 14.112676 -1.008866
v -38.861893 14.072500 -1.008866
v -38.760468 13.997274 -1.008866
v -38.687263 13.894415 -1.008866
v -38.649429 13.773977 -1.008866
v -38.650665 13.647726 -1.008866
v -38.690849 13.528036 -1.008866
v -38.766068 13.426626 -1.008866
v -38.868912 13.353414 -1.008866
v -38.989380 13.315588 -1.008866
v -39.115616 13.316824 -1.008866
v -39.235298 13.357015 -1.008866
v -39.336723 13.432211 -1.008866
v -39.336723 13.432211 1.008864
v -39.235298 13.357015 1.008864
v -39.115616 13.316824 1.008864
v -38.989380 13.315588 1.008864
v -38.868912 13.353414 1.008864
v -38.766068 13.426626 1.008864
v -38.690849 13.528036 1.008864
v -38.650665 13.647726 1.008864
v -38.649429 13.773977 1.008864
v -38.687263 13.894415 1.008864
v -38.760468 13.997274 1.008864
v -38.861893 14.072500 1.008864
v -38.981567 14.112676 1.008864
v -39.107819 14.113912 1.008864
v -39.228256 14.076070 1.008864
v -39.331131 14.002859 1.008864
v -39.406326 13.901449 1.008864
v -39.446533 13.781774 1.008864
v -39.447762 13.655538 1.008864
v -39.409912 13.535085 1.008864
v -43.446594 13.811742 -1.000001
v -43.661667 13.489950 -0.614030
v -44.087250 13.831106 -0.614614
v -43.868851 14.164007 -1.000001
v -42.265297 13.185812 -1.000001
v -42.360138 12.811285 -0.614000
v -42.865234 13.016912 -0.614762
v -42.771759 13.412023 -1.000001
v -40.997787 12.952062 -1.000001
v -40.973000 12.566305 -0.614053
v -41.516724 12.607061 -0.614852
v -41.549408 13.013692 -1.000001
v -39.776138 13.143346 -1.000001
v -39.643066 12.778570 -0.614165
v -40.169510 12.636861 -0.614860
v -40.311066 13.013357 -1.000001
v -38.731613 13.741506 -1.000001
v -38.504128 13.420126 -0.614273
v -38.948257 13.103963 -0.614752
v -39.177704 13.424032 -1.000001
v -37.972336 14.677801 -1.000001
v -37.662849 14.421072 -0.614328
v -37.969131 13.969961 -0.614536
v -38.270393 14.214971 -1.000001
v -37.567017 15.847921 -1.000001
v -37.193481 15.684225 -0.614323
v -37.333038 15.156942 -0.614311
v -37.689491 15.306570 -1.000001
v -37.542953 17.133322 -1.000001
v -37.139091 17.092550 -0.614278
v -37.110168 16.547781 -0.614205
v -37.495148 16.580709 -1.000001
v -37.894073 18.416220 -1.000001
v -37.508133 18.513784 -0.614205
v -37.325127 17.999838 -0.614265
v -37.699562 17.901861 -1.000001
v -38.588615 19.584036 -1.000001
v -38.270004 19.809942 -0.614114
v -37.953674 19.365530 -0.614432
v -38.271385 19.138311 -1.000001
v -39.569504 20.529318 -1.000002
v -39.354431 20.851095 -0.614031
v -38.928864 20.509970 -0.614615
v -39.147240 20.177053 -1.000002
v -40.750793 21.155249 -1.000002
v -40.655960 21.529776 -0.614001
v -40.150864 21.324148 -0.614763
v -40.244347 20.929052 -1.000002
v -42.018303 21.388998 -1.000002
v -42.043091 21.774755 -0.614054
v -41.499382 21.733999 -0.614853
v -41.466713 21.327368 -1.000002
v -43.239967 21.197714 -1.000002
v -43.373016 21.562490 -0.614166
v -42.846603 21.704214 -0.614861
v -42.705040 21.327719 -1.000002
v -44.284492 20.599569 -1.000002
v -44.511963 20.920935 -0.614274
v -44.067833 21.237097 -0.614753
v -43.838394 20.917028 -1.000002
v -45.043762 19.663260 -1.000001
v -45.353271 19.919989 -0.614329
v -45.046959 20.371115 -0.614537
v -44.745705 20.126089 -1.000002
v -45.449066 18.493139 -1.000001
v -45.822617 18.656836 -0.614323
v -45.683044 19.184118 -0.614311
v -45.326614 19.034491 -1.000001
v -45.473137 17.207739 -1.000001
v -45.877014 17.248510 -0.614278
v -45.905930 17.793295 -0.614205
v -45.520958 17.760336 -1.000001
v -45.122009 15.924841 -1.000001
v -45.507965 15.827291 -0.614205
v -45.690979 16.341223 -0.614265
v -45.316528 16.439199 -1.000001
v -44.427505 14.757040 -1.000001
v -44.746094 14.531118 -0.614113
v -45.062424 14.975545 -0.614431
v -44.744713 15.202764 -1.000001
v -43.868851 14.164007 0.999999
v -44.087463 13.831319 0.614203
v -43.661812 13.490041 0.614263
v -43.446594 13.811742 0.999999
v -42.771759 13.412023 0.999999
v -42.865524 13.017080 0.614276
v -42.360291 12.811315 0.614203
v -42.265297 13.185812 0.999999
v -41.549408 13.013692 0.999999
v -41.517090 12.607153 0.614321
v -40.973190 12.566274 0.614309
v -40.997787 12.952062 0.999999
v -40.311066 13.013357 0.999999
v -40.169876 12.636831 0.614326
v -39.643318 12.778463 0.614534
v -39.776138 13.143346 0.999999
v -39.177704 13.424032 0.999999
v -38.948578 13.103811 0.614271
v -38.504379 13.419881 0.614750
v -38.731613 13.741506 0.999999
v -38.270393 14.214971 0.999999
v -37.969322 13.969778 0.614163
v -37.662994 14.420736 0.614858
v -37.972336 14.677801 0.999999
v -37.689491 15.306570 0.999999
v -37.333130 15.156774 0.614051
v -37.193520 15.683858 0.614850
v -37.567017 15.847921 0.999999
v -37.495148 16.580709 0.999999
v -37.110199 16.547628 0.613998
v -37.139015 17.092215 0.614760
v -37.542953 17.133322 0.999999
v -37.699562 17.901861 0.999999
v -37.325089 17.999670 0.614028
v -37.508003 18.513510 0.614612
v -37.894073 18.416220 0.999999
v -38.271385 19.138311 0.999999
v -37.953568 19.365316 0.614111
v -38.269852 19.809774 0.614429
v -38.588615 19.584036 0.999999
v -39.147240 20.177053 0.999998
v -38.928658 20.509756 0.614202
v -39.354279 20.851019 0.614262
v -39.569504 20.529318 0.999998
v -40.244347 20.929052 0.999998
v -40.150566 21.323980 0.614275
v -40.655823 21.529745 0.614202
v -40.750793 21.155249 0.999998
v -41.466713 21.327368 0.999998
v -41.499016 21.733908 0.614320
v -42.042923 21.774771 0.614308
v -42.018303 21.388998 0.999998
v -42.705040 21.327719 0.999998
v -42.846214 21.704229 0.614325
v -43.372787 21.562613 0.614533
v -43.239967 21.197714 0.999998
v -43.838394 20.917028 0.999998
v -44.067528 21.237234 0.614270
v -44.511719 20.921194 0.614749
v -44.284492 20.599569 0.999998
v -44.745705 20.126089 0.999999
v -45.046776 20.371298 0.614162
v -45.353104 19.920340 0.614857
v -45.043762 19.663260 0.999999
v -45.326614 19.034491 0.999999
v -45.682976 19.184286 0.614051
v -45.822586 18.657217 0.614850
v -45.449066 18.493139 0.999999
v -45.520958 17.760336 0.999999
v -45.905899 17.793432 0.613998
v -45.877090 17.248846 0.614760
v -45.473137 17.207739 0.999999
v -45.316528 16.439199 0.999999
v -45.691017 16.341391 0.614028
v -45.508102 15.827535 0.614612
v -45.122009 15.924841 0.999999
v -44.744713 15.202764 0.999999
v -45.062531 14.975744 0.614111
v -44.746269 14.531286 0.614429
v -44.427505 14.757040 0.999999
v -42.895081 16.518576 -1.000001
v -43.121292 17.023550 -1.000001
v -43.222015 17.579336 -1.000001
v -43.148239 18.139502 -1.000001
v -42.875687 18.621222 -1.000001
v -42.430687 18.937918 -1.000001
v -41.886269 19.037619 -1.000001
v -41.332855 18.923849 -1.000001
v -40.840721 18.646627 -1.000001
v -40.437714 18.267477 -1.000001
v -40.121010 17.822500 -1.000001
v -39.894814 17.317511 -1.000001
v -39.794098 16.761724 -1.000001
v -39.867882 16.201574 -1.000001
v -40.140411 15.719839 -1.000001
v -40.585403 15.403143 -1.000001
v -41.129822 15.303442 -1.000001
v -41.683250 15.417226 -1.000001
v -42.175385 15.694448 -1.000001
v -42.578400 16.073599 -1.000001
v -42.578400 16.073599 0.999999
v -42.175385 15.694448 0.999999
v -41.683250 15.417226 0.999999
v -41.129822 15.303442 0.999999
v -40.585403 15.403143 0.999999
v -40.140411 15.719839 0.999999
v -39.867882 16.201574 0.999999
v -39.794098 16.761724 0.999999
v -39.894814 17.317511 0.999999
v -40.121010 17.822500 0.999999
v -40.437714 18.267477 0.999999
v -40.840721 18.646627 0.999999
v -41.332855 18.923849 0.999999
v -41.886269 19.037619 0.999999
v -42.430687 18.937918 0.999999
v -42.875687 18.621222 0.999999
v -43.148239 18.139502 0.999999
v -43.222015 17.579336 0.999999
v -43.121292 17.023550 0.999999
v -42.895081 16.518576 0.999999
v -40.776169 26.612112 0.894569
v -39.474091 28.819006 0.974174
v -53.180099 19.064535 0.974175
v -50.668442 19.571829 0.894570
v -38.486176 19.488119 0.974174
v -38.204666 19.560110 0.869592
v -38.168274 19.713232 0.593719
v -45.004478 14.847952 0.593720
v -44.853027 14.828512 0.875894
v -44.687653 15.074575 0.974175
v -38.168274 19.713232 -0.593722
v -38.199532 19.563772 -0.875897
v -38.486176 19.488119 -0.974177
v -44.687653 15.074575 -0.974177
v -44.847885 14.832159 -0.869594
v -45.004478 14.847952 -0.593722
v -39.474091 28.819006 -0.974178
v -40.810913 26.587362 -0.882084
v -50.668442 19.571829 -0.894572
v -53.180099 19.064535 -0.974177
v -40.443085 26.893881 0.869807
v -40.383347 27.031759 0.866047
v -40.496056 27.019812 0.974174
v -40.617195 26.647757 0.974174
v -50.754181 19.433310 0.974174
v -51.144302 19.437231 0.974174
v -51.192368 19.338415 0.867820
v -51.043777 19.349432 0.869807
v -40.503159 24.175344 -0.869750
v -40.450775 24.036123 -0.592793
v -40.805664 23.886206 -0.974178
v -40.622078 24.215597 -0.974178
v -48.454636 18.641226 -0.974177
v -48.083160 18.706869 -0.974177
v -48.341515 18.420919 -0.593257
v -48.455559 18.515692 -0.869749
v -40.622078 24.215597 0.974174
v -40.805786 23.886129 0.974174
v -40.450996 24.036551 0.593254
v -40.503159 24.175344 0.869746
v -40.690971 24.968649 0.869790
v -40.706482 25.119101 0.864671
v -40.805222 25.001669 0.974174
v -40.758423 24.774496 0.974174
v -41.096367 24.183538 0.974174
v -41.002823 24.312201 0.974174
v -41.168671 24.313620 0.974174
v -41.096367 24.183538 -0.974178
v -41.168671 24.313620 -0.974178
v -41.002823 24.312201 -0.974178
v -48.421188 19.032583 -0.974177
v -48.368202 19.189779 -0.974177
v -48.268967 19.078848 -0.974177
v -40.758423 24.774496 -0.974178
v -40.805313 25.001638 -0.974178
v -40.706512 25.117331 -0.867135
v -40.690971 24.968649 -0.869794
v -40.666801 26.110006 -0.869704
v -40.688812 25.963400 -0.869002
v -40.791260 26.013601 -0.974178
v -40.760468 26.166250 -0.974178
v -48.455559 18.515692 0.869747
v -48.341179 18.420568 0.592790
v -48.083275 18.706762 0.974175
v -48.454636 18.641226 0.974175
v -48.268967 19.078848 0.974175
v -48.368202 19.189779 0.974175
v -48.421188 19.032583 0.974175
v -48.938034 18.953131 0.974175
v -49.137268 19.071814 0.974175
v -49.278976 19.016378 0.867132
v -49.143570 18.952993 0.869791
v -49.143570 18.952993 -0.869793
v -49.280640 19.016928 -0.864674
v -49.137337 19.071753 -0.974177
v -48.938034 18.953131 -0.974177
v -50.252319 19.410955 -0.974177
v -50.097961 19.390142 -0.974177
v -50.084351 19.276876 -0.869298
v -50.229858 19.304037 -0.869703
v -40.760468 26.166250 0.974174
v -40.791367 26.013586 0.974174
v -40.688820 25.963614 0.869295
v -40.666801 26.110006 0.869700
v -41.065231 26.169500 0.974174
v -40.952690 26.275503 0.974174
v -41.118851 26.312872 0.974174
v -41.065231 26.169500 -0.974178
v -41.118851 26.312872 -0.974178
v -40.952690 26.275503 -0.974178
v -50.292587 19.628347 -0.974177
v -50.273453 19.797598 -0.974177
v -50.155563 19.699957 -0.974177
v -40.617195 26.647757 -0.974178
v -40.493111 27.017630 -0.974178
v -40.383987 27.030661 -0.867823
v -40.443085 26.893881 -0.869811
v -50.229858 19.304037 0.869701
v -50.084137 19.276815 0.868999
v -50.098022 19.390036 0.974174
v -50.252319 19.410955 0.974174
v -50.292587 19.628347 0.974174
v -50.155563 19.699957 0.974174
v -50.273453 19.797598 0.974174
v -51.043777 19.349432 -0.869810
v -51.193619 19.338156 -0.866050
v -51.145416 19.440725 -0.974177
v -50.754181 19.433310 -0.974177
v -39.275887 28.899923 0.892521
v -39.281952 28.903769 0.894569
v -39.318649 28.942465 0.930587
v -39.297607 28.863317 -0.881042
v -39.343018 28.913412 -0.928126
v -39.304550 28.867636 -0.882084
v -53.321503 18.903784 0.892650
v -53.347672 18.958105 0.930588
v -53.323120 18.910757 0.894570
v -53.279770 18.912283 -0.880911
v -53.281326 18.919394 -0.882816
v -53.312241 18.971594 -0.928125
v -39.281952 28.903769 0.894569
v -39.304550 28.867636 -0.882084
v -53.281326 18.919394 -0.882816
v -53.323120 18.910757 0.894570
v -53.349777 18.897894 0.744071
v -53.351151 18.903723 0.745671
v -53.316315 18.910925 -0.735484
v -53.315033 18.904989 -0.733896
v -301.672211 6.343437 2.395890
v -301.672211 0.310194 1.426224
v -37.484138 0.310194 1.426224
v -37.484138 6.343437 2.395890
v -301.672211 12.376680 1.426223
v -37.484138 12.376680 1.426223
v -301.672211 6.343437 -2.315594
v -301.672211 0.310194 -1.345928
v -37.484138 0.310194 -1.345928
v -37.484138 6.343437 -2.315594
v -301.672211 12.376680 -1.345929
v -37.484138 12.376680 -1.345929
vn -0.3513 0.9247 0.1465
vn -0.5119 0.7176 -0.4723
vn -0.0320 0.7143 0.6991
vn 0.1337 0.7941 0.5928
vn -0.9861 0.1660 -0.0000
vn -0.6777 0.6377 -0.3661
vn -0.9861 0.1661 -0.0000
vn -0.4687 0.2274 0.8536
vn -0.4687 0.2275 0.8536
vn -0.5174 -0.0614 -0.8536
vn -0.5174 -0.0614 -0.8535
vn -0.6348 -0.7587 -0.1465
vn -0.6348 -0.7587 -0.1464
vn 0.5174 0.0614 0.8535
vn 0.5174 0.0614 0.8536
vn -0.1175 -0.6973 0.7071
vn 0.3513 -0.9247 -0.1464
vn 0.3513 -0.9248 -0.1464
vn 0.6348 0.7586 0.1465
vn 0.6348 0.7587 0.1465
vn 0.9861 -0.1661 -0.0000
vn 0.4687 -0.2274 -0.8536
vn -0.3513 0.9247 0.1464
vn -0.4688 0.2274 0.8535
vn -0.5174 -0.0613 -0.8536
vn -0.6348 -0.7586 -0.1464
vn 0.5173 0.0614 0.8536
vn 0.5173 0.0613 0.8536
vn 0.3513 -0.9247 -0.1465
vn 0.6348 0.7586 0.1464
vn -0.3513 0.9248 0.1464
vn -0.9861 0.1662 -0.0000
vn -0.4688 0.2275 0.8535
vn 0.5174 0.0613 0.8536
vn 0.3512 -0.9248 -0.1465
vn 0.4687 -0.2275 -0.8536
vn -0.7985 -0.5219 -0.2998
vn -0.6879 -0.4432 -0.5748
vn -0.7965 -0.5204 -0.3080
vn -0.6876 -0.4430 -0.5753
vn -0.5109 -0.3170 -0.7990
vn -0.5104 -0.3164 -0.7996
vn -0.2625 -0.1384 -0.9549
vn -0.2617 -0.1377 -0.9553
vn -0.0232 0.0327 -0.9992
vn -0.0234 0.0327 -0.9992
vn 0.2167 0.2026 -0.9550
vn 0.2158 0.2021 -0.9553
vn 0.4674 0.3793 -0.7986
vn 0.4662 0.3786 -0.7996
vn 0.6447 0.5051 -0.5738
vn 0.6438 0.5046 -0.5753
vn 0.7526 0.5822 -0.3078
vn 0.7546 0.5835 -0.3001
vn 0.7922 0.6102 -0.0000
vn 0.7922 0.6103 -0.0001
vn 0.7547 0.5835 0.2998
vn 0.7546 0.5835 0.3000
vn 0.6441 0.5047 0.5748
vn 0.6438 0.5046 0.5752
vn 0.4668 0.3789 0.7991
vn 0.4662 0.3786 0.7996
vn 0.2168 0.2027 0.9549
vn 0.2158 0.2021 0.9553
vn -0.0232 0.0327 0.9992
vn -0.0232 0.0328 0.9992
vn -0.2624 -0.1384 0.9550
vn -0.2617 -0.1377 0.9553
vn -0.5115 -0.3174 0.7985
vn -0.5104 -0.3165 0.7996
vn -0.6884 -0.4436 0.5738
vn -0.6877 -0.4430 0.5752
vn -0.7966 -0.5204 0.3078
vn -0.7985 -0.5218 0.3001
vn -0.8361 -0.5486 -0.0000
vn -0.5799 0.8147 -0.0000
vn 0.5798 -0.8147 -0.0000
vn 0.6278 0.4469 0.6372
vn 0.6279 0.4468 0.6373
vn 0.6279 0.4469 0.6372
vn 0.6279 0.4468 0.6372
vn -0.6278 -0.4469 -0.6373
vn -0.6279 -0.4468 -0.6372
vn -0.6279 -0.4469 -0.6372
vn -0.6280 -0.4468 -0.6372
vn -0.5192 -0.3695 0.7707
vn -0.5191 -0.3694 0.7707
vn -0.5191 -0.3695 0.7707
vn 0.5192 0.3695 -0.7706
vn 0.5192 0.3694 -0.7707
vn -0.0000 -0.0000 -1.0000
vn -0.0000 -0.0001 -1.0000
vn -0.3163 -0.6992 -0.6412
vn -0.4000 -0.6659 -0.6298
vn -0.3012 -0.7035 -0.6437
vn -0.6681 -0.7441 -0.0000
vn -0.6681 -0.7441 0.0001
vn -0.5181 -0.8553 0.0001
vn -0.5996 -0.5156 -0.6120
vn -0.6000 -0.5151 -0.6121
vn 0.0001 -0.0000 -1.0000
vn -0.0831 -0.7285 -0.6800
vn -0.1648 -0.7281 -0.6653
vn -0.0632 -0.7267 -0.6841
vn -0.4054 -0.9141 -0.0000
vn -0.2284 -0.9736 0.0001
vn 0.1364 -0.6760 -0.7242
vn 0.0663 -0.7019 -0.7092
vn 0.1556 -0.6669 -0.7287
vn -0.1031 -0.9947 -0.0000
vn 0.0836 -0.9965 -0.0000
vn 0.3346 -0.5411 -0.7715
vn 0.2619 -0.6038 -0.7528
vn 0.3470 -0.5287 -0.7746
vn 0.2093 -0.9778 -0.0000
vn 0.3874 -0.9219 -0.0000
vn 0.3860 -0.5010 -0.7746
vn 0.4847 -0.4453 -0.7529
vn 0.4994 -0.4344 -0.7497
vn 0.5012 -0.8653 -0.0000
vn 0.6533 -0.7571 -0.0000
vn 0.5792 -0.3653 -0.7287
vn 0.6414 -0.2925 -0.7093
vn 0.6515 -0.2775 -0.7061
vn 0.7441 -0.6681 -0.0000
vn 0.8553 -0.5181 -0.0000
vn 0.7074 -0.1782 -0.6840
vn 0.7419 -0.0828 -0.6653
vn 0.7454 -0.0681 -0.6631
vn 0.9141 -0.4054 -0.0000
vn 0.9736 -0.2284 0.0001
vn 0.7634 0.0543 -0.6437
vn 0.7601 0.1598 -0.6299
vn 0.7588 0.1687 -0.6291
vn 0.9947 -0.1031 -0.0000
vn 0.9965 0.0836 0.0001
vn 0.7277 0.2993 -0.6171
vn 0.6836 0.3977 -0.6120
vn 0.6832 0.3982 -0.6121
vn 0.9778 0.2093 0.0001
vn 0.9219 0.3875 -0.0000
vn 0.5277 0.5844 -0.6165
vn 0.5996 0.5156 -0.6120
vn 0.5211 0.5895 -0.6172
vn 0.8653 0.5013 -0.0000
vn 0.7570 0.6534 -0.0000
vn -0.0000 0.0001 -1.0000
vn 0.3162 0.6992 -0.6412
vn 0.4000 0.6658 -0.6298
vn 0.3012 0.7035 -0.6437
vn 0.6681 0.7441 0.0001
vn 0.5181 0.8553 0.0001
vn 0.0831 0.7285 -0.6800
vn 0.1648 0.7282 -0.6653
vn 0.0632 0.7267 -0.6841
vn 0.4054 0.9141 -0.0000
vn 0.2285 0.9736 0.0001
vn -0.1364 0.6760 -0.7242
vn -0.0663 0.7019 -0.7092
vn -0.1556 0.6669 -0.7287
vn 0.1031 0.9947 -0.0000
vn -0.0836 0.9965 -0.0000
vn -0.3346 0.5412 -0.7715
vn -0.2619 0.6039 -0.7528
vn -0.3470 0.5287 -0.7746
vn -0.2093 0.9778 -0.0000
vn -0.3875 0.9219 -0.0000
vn -0.3859 0.5010 -0.7746
vn -0.4847 0.4453 -0.7529
vn -0.4994 0.4344 -0.7496
vn -0.5012 0.8653 -0.0000
vn -0.6533 0.7571 -0.0000
vn -0.5792 0.3653 -0.7287
vn -0.6414 0.2926 -0.7093
vn -0.6515 0.2775 -0.7061
vn -0.7441 0.6681 -0.0000
vn -0.8553 0.5181 0.0001
vn -0.7074 0.1782 -0.6840
vn -0.7419 0.0828 -0.6653
vn -0.7454 0.0681 -0.6632
vn -0.9141 0.4055 0.0001
vn -0.9736 0.2284 0.0001
vn -0.7634 -0.0543 -0.6437
vn -0.7601 -0.1598 -0.6299
vn -0.7588 -0.1687 -0.6291
vn -0.9947 0.1031 -0.0000
vn -0.9965 -0.0836 -0.0000
vn -0.7277 -0.2993 -0.6171
vn -0.6836 -0.3977 -0.6120
vn -0.6832 -0.3981 -0.6121
vn -0.9779 -0.2093 -0.0000
vn -0.9219 -0.3874 -0.0000
vn -0.8653 -0.5012 0.0001
vn -0.7571 -0.6533 -0.0000
vn -0.0000 -0.0000 1.0000
vn -0.6000 -0.5151 0.6121
vn -0.3163 -0.6992 0.6412
vn -0.0831 -0.7285 0.6800
vn 0.1365 -0.6760 0.7242
vn 0.3346 -0.5411 0.7715
vn -0.0000 -0.0001 1.0000
vn 0.4993 -0.4344 0.7497
vn 0.0001 -0.0000 1.0000
vn 0.6514 -0.2776 0.7061
vn 0.7454 -0.0682 0.6631
vn 0.7588 0.1686 0.6291
vn 0.6833 0.3981 0.6121
vn 0.5276 0.5844 0.6165
vn 0.3162 0.6992 0.6412
vn 0.0831 0.7285 0.6800
vn -0.0001 -0.0000 1.0000
vn -0.1364 0.6760 0.7242
vn -0.3346 0.5411 0.7715
vn -0.0000 0.0001 1.0000
vn -0.4993 0.4344 0.7497
vn -0.6514 0.2776 0.7061
vn -0.7454 0.0682 0.6631
vn -0.7588 -0.1687 0.6291
vn -0.6832 -0.3981 0.6121
vn -0.3316 -0.6209 -0.7103
vn -0.3935 -0.5834 -0.7105
vn -0.3228 -0.6251 -0.7107
vn -0.6926 -0.7213 -0.0000
vn -0.5545 -0.8322 -0.0000
vn -0.5379 -0.4540 -0.7104
vn -0.5360 -0.4562 -0.7103
vn -0.1303 -0.6912 -0.7108
vn -0.2094 -0.6714 -0.7109
vn -0.1191 -0.6927 -0.7113
vn -0.4623 -0.8867 0.0001
vn -0.2908 -0.9568 -0.0000
vn 0.1049 -0.6946 -0.7117
vn 0.0097 -0.7025 -0.7116
vn 0.1146 -0.6926 -0.7122
vn -0.1740 -0.9848 -0.0000
vn 0.0221 -0.9998 0.0001
vn 0.3443 -0.6115 -0.7124
vn 0.2414 -0.6590 -0.7124
vn 0.3488 -0.6087 -0.7127
vn 0.1576 -0.9875 0.0001
vn 0.3572 -0.9340 -0.0000
vn 0.4610 -0.5288 -0.7126
vn 0.5411 -0.4470 -0.7123
vn 0.5412 -0.4468 -0.7124
vn 0.4907 -0.8713 -0.0000
vn 0.6625 -0.7491 0.0001
vn 0.6170 -0.3351 -0.7121
vn 0.6607 -0.2393 -0.7115
vn 0.6618 -0.2357 -0.7116
vn 0.7655 -0.6435 -0.0000
vn 0.8814 -0.4724 -0.0000
vn 0.6937 -0.1142 -0.7112
vn 0.7031 -0.0221 -0.7108
vn 0.7030 -0.0185 -0.7110
vn 0.9374 -0.3483 -0.0000
vn 0.9874 -0.1583 -0.0000
vn 0.6964 0.1004 -0.7106
vn 0.6801 0.1808 -0.7104
vn 0.6798 0.1817 -0.7105
vn 0.9993 -0.0387 -0.0000
vn 0.9892 0.1464 -0.0000
vn 0.6405 0.2917 -0.7104
vn 0.6051 0.3595 -0.7104
vn 0.6067 0.3570 -0.7103
vn 0.9679 0.2513 -0.0000
vn 0.9084 0.4181 -0.0000
vn 0.4904 0.5051 -0.7102
vn 0.5378 0.4540 -0.7104
vn 0.4853 0.5096 -0.7105
vn 0.8621 0.5067 -0.0000
vn 0.7612 0.6485 -0.0000
vn 0.3317 0.6209 -0.7103
vn 0.3935 0.5834 -0.7105
vn 0.3228 0.6251 -0.7107
vn 0.6926 0.7213 -0.0000
vn 0.5545 0.8322 -0.0000
vn 0.1303 0.6912 -0.7108
vn 0.2094 0.6714 -0.7109
vn 0.1191 0.6927 -0.7113
vn 0.4624 0.8867 0.0001
vn 0.2908 0.9568 -0.0000
vn -0.1050 0.6946 -0.7117
vn -0.0097 0.7025 -0.7116
vn -0.1146 0.6926 -0.7122
vn 0.1740 0.9848 -0.0000
vn -0.0220 0.9998 0.0001
vn -0.0001 -0.0000 -1.0000
vn -0.3443 0.6115 -0.7124
vn -0.2414 0.6590 -0.7124
vn -0.3488 0.6087 -0.7126
vn -0.1576 0.9875 0.0001
vn -0.3571 0.9340 -0.0000
vn -0.4610 0.5288 -0.7126
vn -0.5411 0.4470 -0.7123
vn -0.5412 0.4468 -0.7124
vn -0.4907 0.8713 -0.0000
vn -0.6624 0.7491 -0.0000
vn -0.6170 0.3351 -0.7121
vn -0.6607 0.2393 -0.7115
vn -0.6618 0.2357 -0.7117
vn -0.7655 0.6435 0.0001
vn -0.8814 0.4724 0.0001
vn -0.6937 0.1142 -0.7112
vn -0.7031 0.0221 -0.7108
vn -0.7030 0.0185 -0.7110
vn -0.9374 0.3483 -0.0000
vn -0.9874 0.1583 -0.0000
vn -0.6965 -0.1003 -0.7106
vn -0.6801 -0.1808 -0.7104
vn -0.6798 -0.1817 -0.7105
vn -0.9993 0.0386 -0.0000
vn -0.9892 -0.1464 -0.0000
vn -0.6405 -0.2917 -0.7104
vn -0.6051 -0.3595 -0.7104
vn -0.6067 -0.3570 -0.7103
vn -0.9679 -0.2513 -0.0000
vn -0.9084 -0.4181 -0.0000
vn -0.8621 -0.5067 -0.0000
vn -0.7612 -0.6485 -0.0000
vn -0.5360 -0.4563 0.7103
vn -0.3317 -0.6210 0.7102
vn -0.1303 -0.6914 0.7107
vn 0.1050 -0.6947 0.7116
vn 0.0002 0.0001 1.0000
vn 0.3442 -0.6116 0.7124
vn 0.5412 -0.4468 0.7124
vn 0.6617 -0.2357 0.7118
vn 0.0001 0.0004 1.0000
vn 0.7029 -0.0185 0.7111
vn 0.0008 -0.0052 1.0000
vn 0.6798 0.1816 0.7106
vn 0.6066 0.3570 0.7103
vn 0.4904 0.5052 0.7101
vn 0.3317 0.6210 0.7102
vn 0.1303 0.6914 0.7107
vn -0.1050 0.6947 0.7115
vn -0.0002 -0.0000 1.0000
vn -0.3442 0.6116 0.7124
vn -0.5411 0.4468 0.7124
vn -0.6617 0.2357 0.7118
vn -0.0001 -0.0004 1.0000
vn -0.7028 0.0186 0.7111
vn -0.0008 0.0052 1.0000
vn -0.6797 -0.1816 0.7106
vn -0.6066 -0.3570 0.7103
vn -0.8360 0.5487 0.0041
vn -0.8360 0.5487 0.0040
vn -0.0441 0.0619 -0.9971
vn -0.0440 0.0620 -0.9971
vn -0.0441 0.0620 -0.9971
vn -0.2419 0.9703 -0.0005
vn -0.2420 0.9703 -0.0005
vn 0.1090 -0.6610 0.7424
vn 0.1209 -0.6479 0.7521
vn 0.1286 -0.6390 0.7584
vn 0.1286 -0.6390 0.7583
vn 0.6217 0.3282 0.7112
vn 0.6280 0.3117 0.7131
vn 0.6272 0.3137 0.7129
vn 0.4039 -0.5670 0.7179
vn 0.4039 -0.5671 0.7178
vn 0.4040 -0.5671 0.7178
vn 0.9759 -0.2181 0.0015
vn -0.5004 -0.4914 0.7128
vn -0.5140 -0.4801 0.7109
vn -0.5021 -0.4900 0.7126
vn -0.1137 -0.9935 -0.0014
vn -0.1136 -0.9935 -0.0014
vn 0.6220 0.3283 -0.7109
vn 0.6282 0.3118 -0.7128
vn 0.6274 0.3139 -0.7126
vn 0.4035 -0.5674 -0.7178
vn -0.5003 -0.4912 -0.7131
vn -0.5019 -0.4898 -0.7129
vn 0.6052 -0.3271 -0.7258
vn 0.5817 -0.3400 -0.7389
vn 0.5911 -0.3350 -0.7338
vn 0.5818 -0.3399 -0.7389
vn 0.5817 -0.3399 -0.7389
vn -0.0479 0.0666 0.9966
vn 0.7037 -0.2329 0.6713
vn 0.6881 -0.2021 0.6969
vn 0.6883 -0.1811 0.7025
vn 0.6877 -0.1878 0.7013
vn 0.9559 -0.2936 -0.0000
vn 0.8644 -0.5028 -0.0000
vn -0.0060 -0.7476 0.6642
vn -0.0543 -0.7098 0.7023
vn -0.0341 -0.7169 0.6963
vn -0.0478 -0.7113 0.7012
vn 0.1919 -0.9814 -0.0000
vn -0.0358 -0.9994 -0.0000
vn 0.7166 -0.1415 -0.6830
vn 0.6752 0.1585 -0.7204
vn 0.7114 -0.2995 -0.6357
vn 0.6811 0.1409 -0.7185
vn 0.9718 0.2360 -0.0000
vn -0.1062 -0.7231 -0.6826
vn 0.0499 -0.7703 -0.6357
vn -0.3712 -0.5859 -0.7204
vn -0.3581 -0.5970 -0.7179
vn -0.5414 -0.8408 -0.0000
vn 0.7180 -0.1365 0.6826
vn 0.6752 0.1588 0.7203
vn 0.6814 0.1428 0.7179
vn 1.0000 -0.0018 -0.0000
vn 1.0000 -0.0020 -0.0000
vn 0.7187 0.0316 0.6946
vn 0.7245 -0.0348 0.6883
vn 0.7275 -0.0257 0.6856
vn 0.7217 -0.0342 -0.6914
vn 0.7244 -0.0249 -0.6890
vn 0.6877 -0.1879 -0.7012
vn 0.6885 -0.2027 -0.6963
vn 0.6884 -0.1812 -0.7023
vn -0.1011 -0.7234 0.6830
vn -0.3709 -0.5860 0.7205
vn -0.3563 -0.5973 0.7185
vn -0.2041 -0.6931 0.6913
vn -0.2354 -0.6856 0.6889
vn -0.2138 -0.6926 0.6890
vn -0.3289 -0.9444 0.0003
vn -0.2044 -0.6960 -0.6884
vn -0.2140 -0.6958 -0.6856
vn -0.0478 -0.7113 -0.7013
vn -0.0543 -0.7097 -0.7024
vn -0.0344 -0.7164 -0.6968
vn 0.2000 -0.9798 0.0001
vn 0.8602 -0.5100 -0.0000
vn -0.4778 0.3115 -0.8214
vn 0.1311 -0.6587 -0.7409
vn -0.9742 -0.2258 -0.0081
vn -0.9734 -0.2292 0.0051
vn -0.9734 -0.2256 -0.0404
vn -0.9720 -0.2289 -0.0532
vn 0.0001 -0.1586 0.9873
vn -0.0000 -0.1587 0.9873
vn -0.0001 -0.1586 0.9873
vn -0.0000 -0.1586 0.9873
vn -0.0000 1.0000 -0.0000
vn -0.0000 -1.0000 -0.0000
vn 1.0000 -0.0000 -0.0000
vn -1.0000 -0.0000 -0.0000
vt 0.503269 0.656383
vt 0.503269 0.658786
vt 0.503269 0.678012
vt 0.503269 0.680414
vt 0.509153 0.657038
vt 0.509153 0.659440
vt 0.509153 0.678665
vt 0.509153 0.681068
vt 0.507191 0.653770
vt 0.507191 0.656172
vt 0.507191 0.675397
vt 0.507191 0.677800
vt 0.551144 0.647695
vt 0.451590 0.758427
vt 0.451590 0.613391
vt 0.427979 0.613391
vt 0.427979 0.758427
vt 0.447522 0.758427
vt 0.447522 0.613391
vt 0.539111 0.751407
vt 0.534546 0.750359
vt 0.538750 0.752616
vt 0.533894 0.752531
vt 0.538088 0.754018
vt 0.543284 0.755836
vt 0.541880 0.758821
vt 0.543936 0.753667
vt 0.543936 0.753665
vt 0.543288 0.755834
vt 0.544420 0.750358
vt 0.539339 0.749853
vt 0.537399 0.755048
vt 0.532653 0.754378
vt 0.536372 0.756159
vt 0.540643 0.760665
vt 0.538457 0.763034
vt 0.541880 0.758819
vt 0.540645 0.760664
vt 0.535422 0.756907
vt 0.530949 0.755720
vt 0.534127 0.757621
vt 0.536753 0.764374
vt 0.533999 0.765895
vt 0.538459 0.763033
vt 0.533010 0.758014
vt 0.528943 0.756426
vt 0.531576 0.758260
vt 0.531997 0.766600
vt 0.528941 0.767124
vt 0.533999 0.765894
vt 0.531997 0.766599
vt 0.524202 0.758260
vt 0.526837 0.756426
vt 0.526837 0.767123
vt 0.523783 0.766599
vt 0.522769 0.758014
vt 0.528943 0.767123
vt 0.526839 0.767124
vt 0.521652 0.757621
vt 0.524831 0.755720
vt 0.521780 0.765894
vt 0.519025 0.764374
vt 0.520358 0.756907
vt 0.523783 0.766600
vt 0.521780 0.765895
vt 0.519409 0.756159
vt 0.523127 0.754378
vt 0.517323 0.763033
vt 0.515137 0.760664
vt 0.518380 0.755048
vt 0.517323 0.763034
vt 0.517692 0.754018
vt 0.521886 0.752531
vt 0.513897 0.758819
vt 0.512496 0.755834
vt 0.517034 0.752616
vt 0.515137 0.760665
vt 0.513897 0.758821
vt 0.516670 0.751407
vt 0.521234 0.750359
vt 0.511843 0.753665
vt 0.511360 0.750357
vt 0.516441 0.749853
vt 0.512496 0.755836
vt 0.511843 0.753667
vt 0.516441 0.748581
vt 0.521234 0.748076
vt 0.516670 0.747028
vt 0.511360 0.748077
vt 0.511843 0.744767
vt 0.511360 0.750358
vt 0.517034 0.745818
vt 0.521886 0.745903
vt 0.517692 0.744417
vt 0.512496 0.742599
vt 0.513897 0.739614
vt 0.511843 0.744768
vt 0.512496 0.742600
vt 0.518380 0.743387
vt 0.523127 0.744056
vt 0.519409 0.742275
vt 0.515137 0.737770
vt 0.517323 0.735400
vt 0.513897 0.739615
vt 0.520358 0.741527
vt 0.524831 0.742714
vt 0.521652 0.740813
vt 0.519025 0.734059
vt 0.521780 0.732538
vt 0.517323 0.735401
vt 0.519025 0.734060
vt 0.522769 0.740420
vt 0.526837 0.742008
vt 0.524202 0.740174
vt 0.523783 0.731834
vt 0.526839 0.731310
vt 0.521780 0.732539
vt 0.523783 0.731835
vt 0.531576 0.740174
vt 0.528943 0.742008
vt 0.528943 0.731310
vt 0.531997 0.731835
vt 0.533010 0.740420
vt 0.526837 0.731310
vt 0.528941 0.731310
vt 0.534127 0.740813
vt 0.530949 0.742714
vt 0.533999 0.732539
vt 0.536753 0.734060
vt 0.535422 0.741527
vt 0.531997 0.731834
vt 0.533999 0.732538
vt 0.536372 0.742275
vt 0.532653 0.744056
vt 0.538459 0.735401
vt 0.540645 0.737770
vt 0.537399 0.743387
vt 0.536753 0.734059
vt 0.538457 0.735400
vt 0.538088 0.744417
vt 0.533894 0.745903
vt 0.541880 0.739615
vt 0.543288 0.742600
vt 0.538750 0.745818
vt 0.540643 0.737770
vt 0.541880 0.739614
vt 0.539111 0.747028
vt 0.534546 0.748076
vt 0.543936 0.744768
vt 0.544420 0.748077
vt 0.539339 0.748581
vt 0.543284 0.742599
vt 0.543936 0.744767
vt 0.544420 0.750357
vt 0.586271 0.718112
vt 0.586932 0.715847
vt 0.576170 0.714718
vt 0.576686 0.712408
vt 0.584761 0.721165
vt 0.587988 0.718697
vt 0.586208 0.722305
vt 0.588694 0.716463
vt 0.588694 0.716461
vt 0.587988 0.718696
vt 0.589314 0.712407
vt 0.587461 0.712410
vt 0.583422 0.723201
vt 0.575033 0.716896
vt 0.581128 0.725566
vt 0.584819 0.724266
vt 0.582119 0.727057
vt 0.586208 0.722304
vt 0.584819 0.724265
vt 0.579165 0.727142
vt 0.573202 0.718657
vt 0.576339 0.728624
vt 0.580130 0.728541
vt 0.576830 0.730281
vt 0.582119 0.727055
vt 0.580133 0.728541
vt 0.573916 0.729495
vt 0.570820 0.719656
vt 0.570828 0.729999
vt 0.574402 0.731089
vt 0.570820 0.731676
vt 0.576833 0.730280
vt 0.574405 0.731089
vt 0.568226 0.729999
vt 0.568228 0.719656
vt 0.568233 0.731675
vt 0.564646 0.731089
vt 0.565138 0.729495
vt 0.570820 0.731675
vt 0.568233 0.731676
vt 0.562713 0.728624
vt 0.565851 0.718657
vt 0.562223 0.730280
vt 0.558921 0.728541
vt 0.559889 0.727142
vt 0.564651 0.731089
vt 0.562223 0.730281
vt 0.557925 0.725566
vt 0.564023 0.716896
vt 0.556929 0.727055
vt 0.554232 0.724265
vt 0.555628 0.723201
vt 0.558923 0.728541
vt 0.556932 0.727057
vt 0.554295 0.721165
vt 0.562884 0.714718
vt 0.552845 0.722304
vt 0.551068 0.718696
vt 0.552782 0.718112
vt 0.554232 0.724266
vt 0.552845 0.722305
vt 0.552122 0.715847
vt 0.562367 0.712408
vt 0.550360 0.716461
vt 0.549739 0.712406
vt 0.551592 0.712410
vt 0.551068 0.718697
vt 0.550360 0.716463
vt 0.551592 0.710080
vt 0.562367 0.710081
vt 0.552122 0.706642
vt 0.549739 0.710083
vt 0.550360 0.706026
vt 0.549739 0.712407
vt 0.549739 0.710084
vt 0.552782 0.704377
vt 0.562884 0.707771
vt 0.554295 0.701324
vt 0.551068 0.703792
vt 0.552845 0.700184
vt 0.550360 0.706028
vt 0.551068 0.703793
vt 0.555628 0.699288
vt 0.564023 0.705594
vt 0.557925 0.696923
vt 0.554232 0.698223
vt 0.556932 0.695432
vt 0.552845 0.700185
vt 0.559889 0.695347
vt 0.565851 0.703832
vt 0.562713 0.693864
vt 0.558923 0.693948
vt 0.562223 0.692208
vt 0.556929 0.695433
vt 0.558921 0.693948
vt 0.565138 0.692994
vt 0.568228 0.702834
vt 0.568226 0.692490
vt 0.564651 0.691400
vt 0.568233 0.690814
vt 0.562223 0.692209
vt 0.564646 0.691400
vt 0.570828 0.692490
vt 0.570820 0.702834
vt 0.570820 0.690814
vt 0.574405 0.691400
vt 0.573916 0.692994
vt 0.576339 0.693864
vt 0.573202 0.703832
vt 0.576833 0.692209
vt 0.580133 0.693948
vt 0.579165 0.695347
vt 0.574402 0.691400
vt 0.576830 0.692208
vt 0.581128 0.696923
vt 0.575033 0.705594
vt 0.582119 0.695433
vt 0.584819 0.698223
vt 0.583420 0.699288
vt 0.580130 0.693948
vt 0.582119 0.695432
vt 0.584761 0.701324
vt 0.576170 0.707771
vt 0.586208 0.700185
vt 0.587988 0.703793
vt 0.586271 0.704377
vt 0.586208 0.700184
vt 0.586932 0.706642
vt 0.576686 0.710081
vt 0.588694 0.706028
vt 0.589314 0.710084
vt 0.587461 0.710080
vt 0.587986 0.703792
vt 0.588694 0.706026
vt 0.589314 0.710083
vt 0.589314 0.712406
vt 0.511765 0.618274
vt 0.511931 0.618349
vt 0.511857 0.617801
vt 0.512043 0.617801
vt 0.513323 0.618391
vt 0.586088 0.618391
vt 0.587553 0.617801
vt 0.587649 0.618274
vt 0.587488 0.618348
vt 0.577979 0.622396
vt 0.578398 0.622636
vt 0.586946 0.618343
vt 0.586989 0.618615
vt 0.533244 0.655737
vt 0.531557 0.655741
vt 0.530388 0.633224
vt 0.528762 0.633603
vt 0.566164 0.655737
vt 0.532072 0.656214
vt 0.567366 0.656214
vt 0.532045 0.656214
vt 0.569022 0.633224
vt 0.567854 0.655741
vt 0.570649 0.633606
vt 0.567339 0.656214
vt 0.528762 0.633606
vt 0.570649 0.633603
vt 0.521432 0.622396
vt 0.521018 0.622636
vt 0.512626 0.618387
vt 0.512590 0.618693
vt 0.521565 0.622989
vt 0.522797 0.623444
vt 0.524323 0.625314
vt 0.524511 0.624857
vt 0.521010 0.622635
vt 0.521435 0.622380
vt 0.525402 0.623362
vt 0.524914 0.623941
vt 0.577845 0.622989
vt 0.575088 0.625314
vt 0.576614 0.623444
vt 0.574900 0.624857
vt 0.574009 0.623362
vt 0.574496 0.623941
vt 0.578401 0.622635
vt 0.528917 0.632483
vt 0.527996 0.630042
vt 0.528595 0.632948
vt 0.527268 0.629498
vt 0.530012 0.631116
vt 0.530666 0.631347
vt 0.570497 0.632483
vt 0.570815 0.632948
vt 0.571418 0.630042
vt 0.572142 0.629498
vt 0.569398 0.631116
vt 0.568744 0.631347
vt 0.526944 0.628897
vt 0.526950 0.628903
vt 0.527587 0.629073
vt 0.525004 0.625343
vt 0.524764 0.625801
vt 0.530595 0.630671
vt 0.568815 0.630671
vt 0.527590 0.629073
vt 0.571823 0.629073
vt 0.524767 0.625802
vt 0.525576 0.624037
vt 0.571821 0.629073
vt 0.574407 0.625343
vt 0.572458 0.628903
vt 0.574644 0.625802
vt 0.572467 0.628897
vt 0.574646 0.625801
vt 0.573834 0.624037
vt 0.577976 0.622380
vt 0.586821 0.618693
vt 0.512421 0.618615
vt 0.512465 0.618343
vt 0.586785 0.618387
vt 0.484533 0.680657
vt 0.484535 0.680657
vt 0.050230 0.057621
vt 0.069224 0.057697
vt 0.050228 0.764533
vt 0.069226 0.764413
vt 0.031236 0.057734
vt 0.031231 0.764461
s 1
usemtl initialShadingGroup.002
f 3745/2300/1681 3747/2301/1681 3765/2300/1681
f 3765/2300/1682 3747/2301/1683 3763/2301/1684
f 3746/2301/1685 3745/2300/1686 3749/2301/1687
f 3749/2301/1687 3745/2300/1686 3750/2300/1687
f 3747/2301/1683 3746/2301/1685 3751/2302/1688
f 3751/2302/1688 3746/2301/1685 3752/2302/1689
f 3748/2301/1690 3750/2300/1687 3768/2301/1690
f 3768/2301/1690 3750/2300/1687 3766/2300/1691
f 3749/2301/1687 3748/2301/1690 3755/2302/1692
f 3755/2302/1692 3748/2301/1690 3756/2302/1693
f 3751/2302/1688 3753/2303/1694 3757/2302/1695
f 3757/2302/1695 3753/2303/1694 3758/2303/1695
f 3753/2303/1694 3752/2302/1689 3754/2303/1696
f 3754/2303/1696 3752/2302/1689 3755/2302/1692
f 3754/2303/1696 3756/2302/1693 3761/2303/1697
f 3761/2303/1697 3756/2302/1693 3762/2302/1698
f 3757/2302/1695 3759/2302/1699 3763/2301/1684
f 3763/2301/1684 3759/2302/1699 3764/2301/1700
f 3759/2302/1699 3758/2303/1695 3760/2302/1701
f 3760/2302/1701 3758/2303/1695 3761/2303/1697
f 3760/2302/1701 3762/2302/1698 3767/2301/1702
f 3767/2301/1702 3762/2302/1698 3768/2301/1690
f 3765/2300/1682 3764/2301/1700 3766/2300/1691
f 3766/2300/1691 3764/2301/1700 3767/2301/1702
f 3746/2301/1685 3749/2301/1687 3752/2302/1689
f 3752/2302/1689 3749/2301/1687 3755/2302/1692
f 3753/2303/1694 3754/2303/1696 3758/2303/1695
f 3758/2303/1695 3754/2303/1696 3761/2303/1697
f 3759/2302/1699 3760/2302/1701 3764/2301/1700
f 3764/2301/1700 3760/2302/1701 3767/2301/1702
f 3765/2300/1682 3766/2300/1691 3745/2300/1686
f 3745/2300/1686 3766/2300/1691 3750/2300/1687
f 3748/2301/1690 3768/2301/1690 3756/2302/1693
f 3756/2302/1693 3768/2301/1690 3762/2302/1698
f 3763/2301/1684 3747/2301/1683 3757/2302/1695
f 3757/2302/1695 3747/2301/1683 3751/2302/1688
f 3745/2300/1686 3746/2301/1685 3747/2301/1683
f 3748/2301/1690 3749/2301/1687 3750/2300/1687
f 3751/2302/1688 3752/2302/1689 3753/2303/1694
f 3754/2303/1696 3755/2302/1692 3756/2302/1693
f 3757/2302/1695 3758/2303/1695 3759/2302/1699
f 3760/2302/1701 3761/2303/1697 3762/2302/1698
f 3763/2301/1684 3764/2301/1700 3765/2300/1682
f 3766/2300/1691 3767/2301/1702 3768/2301/1690
f 3769/2304/1703 3771/2305/1703 3789/2304/1681
f 3789/2304/1681 3771/2305/1703 3787/2305/1681
f 3770/2305/1687 3769/2304/1703 3773/2305/1687
f 3773/2305/1687 3769/2304/1703 3774/2304/1687
f 3771/2305/1703 3770/2305/1687 3775/2306/1688
f 3775/2306/1688 3770/2305/1687 3776/2306/1704
f 3772/2305/1690 3774/2304/1687 3792/2305/1705
f 3792/2305/1705 3774/2304/1687 3790/2304/1691
f 3773/2305/1687 3772/2305/1690 3779/2306/1692
f 3779/2306/1692 3772/2305/1690 3780/2306/1706
f 3775/2306/1688 3777/2307/1707 3781/2306/1695
f 3781/2306/1695 3777/2307/1707 3782/2307/1708
f 3777/2307/1707 3776/2306/1704 3778/2307/1696
f 3778/2307/1696 3776/2306/1704 3779/2306/1692
f 3778/2307/1696 3780/2306/1706 3785/2307/1709
f 3785/2307/1709 3780/2306/1706 3786/2306/1709
f 3781/2306/1695 3783/2306/1700 3787/2305/1681
f 3787/2305/1681 3783/2306/1700 3788/2305/1710
f 3783/2306/1700 3782/2307/1708 3784/2306/1701
f 3784/2306/1701 3782/2307/1708 3785/2307/1709
f 3784/2306/1701 3786/2306/1709 3791/2305/1702
f 3791/2305/1702 3786/2306/1709 3792/2305/1705
f 3789/2304/1681 3788/2305/1710 3790/2304/1691
f 3790/2304/1691 3788/2305/1710 3791/2305/1702
f 3770/2305/1687 3773/2305/1687 3776/2306/1704
f 3776/2306/1704 3773/2305/1687 3779/2306/1692
f 3777/2307/1707 3778/2307/1696 3782/2307/1708
f 3782/2307/1708 3778/2307/1696 3785/2307/1709
f 3783/2306/1700 3784/2306/1701 3788/2305/1710
f 3788/2305/1710 3784/2306/1701 3791/2305/1702
f 3789/2304/1681 3790/2304/1691 3769/2304/1703
f 3769/2304/1703 3790/2304/1691 3774/2304/1687
f 3772/2305/1690 3792/2305/1705 3780/2306/1706
f 3780/2306/1706 3792/2305/1705 3786/2306/1709
f 3787/2305/1681 3771/2305/1703 3781/2306/1695
f 3781/2306/1695 3771/2305/1703 3775/2306/1688
f 3769/2304/1703 3770/2305/1687 3771/2305/1703
f 3772/2305/1690 3773/2305/1687 3774/2304/1687
f 3775/2306/1688 3776/2306/1704 3777/2307/1707
f 3778/2307/1696 3779/2306/1692 3780/2306/1706
f 3781/2306/1695 3782/2307/1708 3783/2306/1700
f 3784/2306/1701 3785/2307/1709 3786/2306/1709
f 3787/2305/1681 3788/2305/1710 3789/2304/1681
f 3790/2304/1691 3791/2305/1702 3792/2305/1705
f 3793/2308/1711 3795/2309/1703 3813/2308/1681
f 3813/2308/1681 3795/2309/1703 3811/2309/1703
f 3794/2309/1685 3793/2308/1711 3797/2309/1687
f 3797/2309/1687 3793/2308/1711 3798/2308/1712
f 3795/2309/1703 3794/2309/1685 3799/2310/1688
f 3799/2310/1688 3794/2309/1685 3800/2310/1713
f 3796/2309/1705 3798/2308/1712 3816/2309/1705
f 3816/2309/1705 3798/2308/1712 3814/2308/1691
f 3797/2309/1687 3796/2309/1705 3803/2310/1692
f 3803/2310/1692 3796/2309/1705 3804/2310/1706
f 3799/2310/1688 3801/2311/1694 3805/2310/1694
f 3805/2310/1694 3801/2311/1694 3806/2311/1714
f 3801/2311/1694 3800/2310/1713 3802/2311/1696
f 3802/2311/1696 3800/2310/1713 3803/2310/1692
f 3802/2311/1696 3804/2310/1706 3809/2311/1709
f 3809/2311/1709 3804/2310/1706 3810/2310/1715
f 3805/2310/1694 3807/2310/1699 3811/2309/1703
f 3811/2309/1703 3807/2310/1699 3812/2309/1710
f 3807/2310/1699 3806/2311/1714 3808/2310/1701
f 3808/2310/1701 3806/2311/1714 3809/2311/1709
f 3808/2310/1701 3810/2310/1715 3815/2309/1716
f 3815/2309/1716 3810/2310/1715 3816/2309/1705
f 3813/2308/1681 3812/2309/1710 3814/2308/1691
f 3814/2308/1691 3812/2309/1710 3815/2309/1716
f 3794/2309/1685 3797/2309/1687 3800/2310/1713
f 3800/2310/1713 3797/2309/1687 3803/2310/1692
f 3801/2311/1694 3802/2311/1696 3806/2311/1714
f 3806/2311/1714 3802/2311/1696 3809/2311/1709
f 3807/2310/1699 3808/2310/1701 3812/2309/1710
f 3812/2309/1710 3808/2310/1701 3815/2309/1716
f 3813/2308/1681 3814/2308/1691 3793/2308/1711
f 3793/2308/1711 3814/2308/1691 3798/2308/1712
f 3796/2309/1705 3816/2309/1705 3804/2310/1706
f 3804/2310/1706 3816/2309/1705 3810/2310/1715
f 3811/2309/1703 3795/2309/1703 3805/2310/1694
f 3805/2310/1694 3795/2309/1703 3799/2310/1688
f 3793/2308/1711 3794/2309/1685 3795/2309/1703
f 3796/2309/1705 3797/2309/1687 3798/2308/1712
f 3799/2310/1688 3800/2310/1713 3801/2311/1694
f 3802/2311/1696 3803/2310/1692 3804/2310/1706
f 3805/2310/1694 3806/2311/1714 3807/2310/1699
f 3808/2310/1701 3809/2311/1709 3810/2310/1715
f 3811/2309/1703 3812/2309/1710 3813/2308/1681
f 3814/2308/1691 3815/2309/1716 3816/2309/1705
f 3817/2312/1717 3818/2312/1718 3837/2312/1719
f 3837/2312/1719 3818/2312/1718 3838/2312/1720
f 3818/2312/1718 3819/2312/1721 3838/2312/1720
f 3838/2312/1720 3819/2312/1721 3839/2312/1722
f 3819/2312/1721 3820/2312/1723 3839/2312/1722
f 3839/2312/1722 3820/2312/1723 3840/2312/1724
f 3820/2312/1723 3821/2312/1725 3840/2312/1724
f 3840/2312/1724 3821/2312/1725 3841/2312/1726
f 3821/2312/1725 3822/2312/1727 3841/2312/1726
f 3841/2312/1726 3822/2312/1727 3842/2312/1728
f 3822/2312/1727 3823/2312/1729 3842/2312/1728
f 3842/2312/1728 3823/2312/1729 3843/2312/1730
f 3823/2312/1729 3824/2312/1731 3843/2312/1730
f 3843/2312/1730 3824/2312/1731 3844/2312/1732
f 3824/2312/1731 3825/2312/1733 3844/2312/1732
f 3844/2312/1732 3825/2312/1733 3845/2312/1734
f 3825/2312/1733 3826/2312/1735 3845/2312/1734
f 3845/2312/1734 3826/2312/1735 3846/2312/1736
f 3826/2312/1735 3827/2312/1737 3846/2312/1736
f 3846/2312/1736 3827/2312/1737 3847/2312/1738
f 3827/2312/1737 3828/2312/1739 3847/2312/1738
f 3847/2312/1738 3828/2312/1739 3848/2312/1740
f 3828/2312/1739 3829/2312/1741 3848/2312/1740
f 3848/2312/1740 3829/2312/1741 3849/2312/1742
f 3829/2312/1741 3830/2312/1743 3849/2312/1742
f 3849/2312/1742 3830/2312/1743 3850/2312/1744
f 3830/2312/1743 3831/2312/1745 3850/2312/1744
f 3850/2312/1744 3831/2312/1745 3851/2312/1746
f 3831/2312/1745 3832/2312/1747 3851/2312/1746
f 3851/2312/1746 3832/2312/1747 3852/2312/1748
f 3832/2312/1747 3833/2312/1749 3852/2312/1748
f 3852/2312/1748 3833/2312/1749 3853/2312/1750
f 3833/2312/1749 3834/2312/1751 3853/2312/1750
f 3853/2312/1750 3834/2312/1751 3854/2312/1752
f 3834/2312/1751 3835/2312/1753 3854/2312/1752
f 3854/2312/1752 3835/2312/1753 3855/2312/1754
f 3835/2312/1753 3836/2312/1755 3855/2312/1754
f 3855/2312/1754 3836/2312/1755 3856/2312/1755
f 3836/2312/1755 3817/2312/1717 3856/2312/1755
f 3856/2312/1755 3817/2312/1717 3837/2312/1719
f 3818/2312/1718 3817/2312/1717 3857/2312/1756
f 3819/2312/1721 3818/2312/1718 3857/2312/1756
f 3820/2312/1723 3819/2312/1721 3857/2312/1756
f 3821/2312/1725 3820/2312/1723 3857/2312/1756
f 3822/2312/1727 3821/2312/1725 3857/2312/1756
f 3823/2312/1729 3822/2312/1727 3857/2312/1756
f 3824/2312/1731 3823/2312/1729 3857/2312/1756
f 3825/2312/1733 3824/2312/1731 3857/2312/1756
f 3826/2312/1735 3825/2312/1733 3857/2312/1756
f 3827/2312/1737 3826/2312/1735 3857/2312/1756
f 3828/2312/1739 3827/2312/1737 3857/2312/1756
f 3829/2312/1741 3828/2312/1739 3857/2312/1756
f 3830/2312/1743 3829/2312/1741 3857/2312/1756
f 3831/2312/1745 3830/2312/1743 3857/2312/1756
f 3832/2312/1747 3831/2312/1745 3857/2312/1756
f 3833/2312/1749 3832/2312/1747 3857/2312/1756
f 3834/2312/1751 3833/2312/1749 3857/2312/1756
f 3835/2312/1753 3834/2312/1751 3857/2312/1756
f 3836/2312/1755 3835/2312/1753 3857/2312/1756
f 3817/2312/1717 3836/2312/1755 3857/2312/1756
f 3837/2312/1719 3838/2312/1720 3858/2312/1757
f 3838/2312/1720 3839/2312/1722 3858/2312/1757
f 3839/2312/1722 3840/2312/1724 3858/2312/1757
f 3840/2312/1724 3841/2312/1726 3858/2312/1757
f 3841/2312/1726 3842/2312/1728 3858/2312/1757
f 3842/2312/1728 3843/2312/1730 3858/2312/1757
f 3843/2312/1730 3844/2312/1732 3858/2312/1757
f 3844/2312/1732 3845/2312/1734 3858/2312/1757
f 3845/2312/1734 3846/2312/1736 3858/2312/1757
f 3846/2312/1736 3847/2312/1738 3858/2312/1757
f 3847/2312/1738 3848/2312/1740 3858/2312/1757
f 3848/2312/1740 3849/2312/1742 3858/2312/1757
f 3849/2312/1742 3850/2312/1744 3858/2312/1757
f 3850/2312/1744 3851/2312/1746 3858/2312/1757
f 3851/2312/1746 3852/2312/1748 3858/2312/1757
f 3852/2312/1748 3853/2312/1750 3858/2312/1757
f 3853/2312/1750 3854/2312/1752 3858/2312/1757
f 3854/2312/1752 3855/2312/1754 3858/2312/1757
f 3855/2312/1754 3856/2312/1755 3858/2312/1757
f 3856/2312/1755 3837/2312/1719 3858/2312/1757
f 3860/2313/1758 3859/2314/1759 3862/2313/1760
f 3862/2313/1760 3859/2314/1759 3861/2314/1761
f 3864/2315/1762 3863/2316/1763 3866/2314/1764
f 3866/2314/1764 3863/2316/1763 3865/2313/1765
f 3870/2313/1766 3869/2314/1766 3868/2313/1767
f 3868/2313/1767 3869/2314/1766 3867/2314/1768
f 3874/2313/1769 3873/2314/1769 3872/2317/1770
f 3872/2317/1770 3873/2314/1769 3871/2318/1769
f 3866/2314/1764 3865/2313/1765 3867/2314/1768
f 3867/2314/1768 3865/2313/1765 3868/2313/1767
f 3862/2313/1760 3861/2314/1761 3870/2313/1766
f 3870/2313/1766 3861/2314/1761 3869/2314/1766
f 3859/2314/1759 3860/2313/1758 3871/2318/1769
f 3871/2318/1769 3860/2313/1758 3872/2317/1770
f 3863/2316/1763 3864/2315/1762 3874/2313/1769
f 3874/2313/1769 3864/2315/1762 3873/2314/1769
f 3860/2313/1758 3862/2313/1760 3863/2316/1763
f 3863/2316/1763 3862/2313/1760 3865/2313/1765
f 3864/2315/1762 3866/2314/1764 3859/2314/1759
f 3859/2314/1759 3866/2314/1764 3861/2314/1761
f 3865/2313/1765 3862/2313/1760 3868/2313/1767
f 3868/2313/1767 3862/2313/1760 3870/2313/1766
f 3866/2314/1764 3867/2314/1768 3861/2314/1761
f 3861/2314/1761 3867/2314/1768 3869/2314/1766
f 3863/2316/1763 3874/2313/1769 3860/2313/1758
f 3860/2313/1758 3874/2313/1769 3872/2317/1770
f 3864/2315/1762 3859/2314/1759 3873/2314/1769
f 3873/2314/1769 3859/2314/1759 3871/2318/1769
f 3878/2319/1771 4054/2320/1771 3875/2321/1772
f 3875/2321/1772 4054/2320/1771 4053/2322/1771
f 3875/2321/1772 3882/2323/1773 3876/2324/1774
f 3876/2324/1774 3882/2323/1773 3881/2325/1775
f 3877/2326/1776 3876/2324/1774 3956/2327/1777
f 3956/2327/1777 3876/2324/1774 3957/2328/1778
f 3877/2326/1776 3952/2329/1779 3878/2319/1771
f 3878/2319/1771 3952/2329/1779 3951/2330/1780
f 3882/2323/1773 4053/2322/1771 3879/2331/1781
f 3879/2331/1781 4053/2322/1771 4052/2332/1771
f 3879/2331/1781 3886/2333/1782 3880/2334/1783
f 3880/2334/1783 3886/2333/1782 3885/2335/1784
f 3881/2325/1775 3880/2334/1783 3960/2336/1785
f 3960/2336/1785 3880/2334/1783 3961/2337/1786
f 3886/2333/1782 4052/2332/1771 3883/2338/1771
f 3883/2338/1771 4052/2332/1771 4051/2339/1771
f 3883/2338/1771 3890/2340/1787 3884/2341/1788
f 3884/2341/1788 3890/2340/1787 3889/2342/1789
f 3885/2335/1784 3884/2341/1788 3964/2343/1790
f 3964/2343/1790 3884/2341/1788 3965/2341/1791
f 3890/2340/1787 4051/2339/1771 3887/2344/1771
f 3887/2344/1771 4051/2339/1771 4050/2345/1771
f 3887/2344/1771 3894/2346/1792 3888/2347/1793
f 3888/2347/1793 3894/2346/1792 3893/2348/1794
f 3889/2342/1789 3888/2347/1793 3968/2349/1795
f 3968/2349/1795 3888/2347/1793 3969/2350/1796
f 3891/2351/1771 3894/2346/1792 4049/2352/1771
f 4049/2352/1771 3894/2346/1792 4050/2345/1771
f 3892/2353/1797 3891/2351/1771 3897/2354/1798
f 3897/2354/1798 3891/2351/1771 3898/2355/1799
f 3893/2348/1794 3892/2353/1797 3972/2356/1800
f 3972/2356/1800 3892/2353/1797 3973/2357/1801
f 3895/2358/1781 3898/2355/1799 4048/2359/1771
f 4048/2359/1771 3898/2355/1799 4049/2352/1771
f 3896/2360/1802 3895/2358/1781 3901/2361/1803
f 3901/2361/1803 3895/2358/1781 3902/2362/1804
f 3897/2354/1798 3896/2360/1802 3976/2363/1805
f 3976/2363/1805 3896/2360/1802 3977/2364/1806
f 3899/2365/1771 3902/2362/1804 4047/2366/1771
f 4047/2366/1771 3902/2362/1804 4048/2359/1771
f 3900/2367/1807 3899/2365/1771 3905/2368/1808
f 3905/2368/1808 3899/2365/1771 3906/2369/1809
f 3901/2361/1803 3900/2367/1807 3980/2361/1810
f 3980/2361/1810 3900/2367/1807 3981/2370/1811
f 3903/2371/1771 3906/2369/1809 4046/2372/1771
f 4046/2372/1771 3906/2369/1809 4047/2366/1771
f 3904/2373/1812 3903/2371/1771 3909/2374/1813
f 3909/2374/1813 3903/2371/1771 3910/2375/1814
f 3905/2368/1808 3904/2373/1812 3984/2376/1815
f 3984/2376/1815 3904/2373/1812 3985/2377/1816
f 3907/2378/1771 3910/2375/1814 4045/2379/1771
f 4045/2379/1771 3910/2375/1814 4046/2372/1771
f 3908/2380/1817 3907/2378/1771 3913/2381/1818
f 3913/2381/1818 3907/2378/1771 3914/2382/1819
f 3909/2374/1813 3908/2380/1817 3988/2383/1820
f 3988/2383/1820 3908/2380/1817 3989/2384/1821
f 3911/2385/1771 3914/2382/1819 4044/2386/1771
f 4044/2386/1771 3914/2382/1819 4045/2379/1771
f 3911/2385/1771 3918/2387/1822 3912/2388/1823
f 3912/2388/1823 3918/2387/1822 3917/2389/1824
f 3913/2381/1818 3912/2388/1823 3992/2390/1825
f 3992/2390/1825 3912/2388/1823 3993/2388/1826
f 3918/2387/1822 4044/2386/1771 3915/2391/1827
f 3915/2391/1827 4044/2386/1771 4043/2392/1771
f 3915/2391/1827 3922/2393/1828 3916/2394/1829
f 3916/2394/1829 3922/2393/1828 3921/2395/1830
f 3917/2389/1824 3916/2394/1829 3996/2396/1831
f 3996/2396/1831 3916/2394/1829 3997/2397/1832
f 3922/2393/1828 4043/2392/1771 3919/2398/1771
f 3919/2398/1771 4043/2392/1771 4042/2399/1771
f 3919/2398/1771 3926/2400/1833 3920/2401/1834
f 3920/2401/1834 3926/2400/1833 3925/2402/1835
f 3921/2395/1830 3920/2401/1834 4000/2403/1836
f 4000/2403/1836 3920/2401/1834 4001/2401/1837
f 3926/2400/1833 4042/2399/1771 3923/2404/1771
f 3923/2404/1771 4042/2399/1771 4041/2405/1771
f 3923/2404/1771 3930/2406/1838 3924/2407/1839
f 3924/2407/1839 3930/2406/1838 3929/2408/1840
f 3925/2402/1835 3924/2407/1839 4004/2409/1841
f 4004/2409/1841 3924/2407/1839 4005/2410/1842
f 3930/2406/1838 4041/2405/1771 3927/2411/1827
f 3927/2411/1827 4041/2405/1771 4040/2412/1771
f 3927/2411/1827 3934/2413/1843 3928/2414/1844
f 3928/2414/1844 3934/2413/1843 3933/2415/1845
f 3929/2408/1840 3928/2414/1844 4008/2416/1846
f 4008/2416/1846 3928/2414/1844 4009/2417/1847
f 3931/2418/1771 3934/2413/1843 4039/2419/1771
f 4039/2419/1771 3934/2413/1843 4040/2412/1771
f 3932/2420/1848 3931/2418/1771 3937/2421/1849
f 3937/2421/1849 3931/2418/1771 3938/2422/1850
f 3933/2415/1845 3932/2420/1848 4012/2423/1851
f 4012/2423/1851 3932/2420/1848 4013/2424/1852
f 3935/2425/1771 3938/2422/1850 4038/2426/1771
f 4038/2426/1771 3938/2422/1850 4039/2419/1771
f 3936/2427/1853 3935/2425/1771 3941/2428/1854
f 3941/2428/1854 3935/2425/1771 3942/2429/1855
f 3937/2421/1849 3936/2427/1853 4016/2430/1856
f 4016/2430/1856 3936/2427/1853 4017/2431/1857
f 3939/2432/1771 3942/2429/1855 4037/2433/1771
f 4037/2433/1771 3942/2429/1855 4038/2426/1771
f 3940/2434/1858 3939/2432/1771 3945/2435/1859
f 3945/2435/1859 3939/2432/1771 3946/2436/1860
f 3941/2428/1854 3940/2434/1858 4020/2437/1861
f 4020/2437/1861 3940/2434/1858 4021/2438/1862
f 3943/2439/1771 3946/2436/1860 4036/2440/1771
f 4036/2440/1771 3946/2436/1860 4037/2433/1771
f 3944/2441/1863 3943/2439/1771 3949/2442/1864
f 3949/2442/1864 3943/2439/1771 3950/2443/1865
f 3945/2435/1859 3944/2441/1863 4024/2444/1866
f 4024/2444/1866 3944/2441/1863 4025/2445/1867
f 3947/2446/1771 3950/2443/1865 4035/2447/1771
f 4035/2447/1771 3950/2443/1865 4036/2440/1771
f 3948/2448/1868 3947/2446/1771 3953/2449/1869
f 3953/2449/1869 3947/2446/1771 3954/2450/1870
f 3949/2442/1864 3948/2448/1868 4028/2451/1871
f 4028/2451/1871 3948/2448/1868 4029/2452/1872
f 3951/2330/1780 3954/2450/1870 4054/2320/1771
f 4054/2320/1771 3954/2450/1870 4035/2447/1771
f 3953/2449/1869 3952/2329/1779 4032/2449/1873
f 4032/2449/1873 3952/2329/1779 4033/2453/1874
f 3955/2319/1875 3958/2321/1875 4055/2320/1875
f 4055/2320/1875 3958/2321/1875 4056/2322/1875
f 3956/2327/1777 3955/2319/1875 4033/2453/1874
f 4033/2453/1874 3955/2319/1875 4034/2330/1876
f 3958/2321/1875 3957/2328/1778 3959/2323/1877
f 3959/2323/1877 3957/2328/1778 3960/2336/1785
f 3959/2323/1877 3962/2331/1875 4056/2322/1875
f 4056/2322/1875 3962/2331/1875 4057/2332/1875
f 3962/2331/1875 3961/2337/1786 3963/2333/1878
f 3963/2333/1878 3961/2337/1786 3964/2343/1790
f 3963/2333/1878 3966/2338/1875 4057/2332/1875
f 4057/2332/1875 3966/2338/1875 4058/2339/1875
f 3966/2338/1875 3965/2341/1791 3967/2340/1879
f 3967/2340/1879 3965/2341/1791 3968/2349/1795
f 3967/2340/1879 3970/2344/1875 4058/2339/1875
f 4058/2339/1875 3970/2344/1875 4059/2345/1875
f 3970/2344/1875 3969/2350/1796 3971/2346/1880
f 3971/2346/1880 3969/2350/1796 3972/2356/1800
f 3971/2346/1880 3974/2351/1881 4059/2345/1875
f 4059/2345/1875 3974/2351/1881 4060/2352/1875
f 3973/2357/1801 3976/2363/1805 3974/2351/1881
f 3974/2351/1881 3976/2363/1805 3975/2355/1882
f 3978/2358/1883 4061/2359/1875 3975/2355/1882
f 3975/2355/1882 4061/2359/1875 4060/2352/1875
f 3977/2364/1806 3980/2361/1810 3978/2358/1883
f 3978/2358/1883 3980/2361/1810 3979/2362/1884
f 3982/2365/1875 4062/2366/1875 3979/2362/1884
f 3979/2362/1884 4062/2366/1875 4061/2359/1875
f 3981/2370/1811 3984/2376/1815 3982/2365/1875
f 3982/2365/1875 3984/2376/1815 3983/2369/1885
f 3986/2371/1881 4063/2372/1875 3983/2369/1885
f 3983/2369/1885 4063/2372/1875 4062/2366/1875
f 3985/2377/1816 3988/2383/1820 3986/2371/1881
f 3986/2371/1881 3988/2383/1820 3987/2375/1886
f 3990/2378/1875 4064/2379/1875 3987/2375/1886
f 3987/2375/1886 4064/2379/1875 4063/2372/1875
f 3989/2384/1821 3992/2390/1825 3990/2378/1875
f 3990/2378/1875 3992/2390/1825 3991/2382/1887
f 3991/2382/1887 3994/2385/1883 4064/2379/1875
f 4064/2379/1875 3994/2385/1883 4065/2386/1875
f 3994/2385/1883 3993/2388/1826 3995/2387/1888
f 3995/2387/1888 3993/2388/1826 3996/2396/1831
f 3995/2387/1888 3998/2391/1883 4065/2386/1875
f 4065/2386/1875 3998/2391/1883 4066/2392/1875
f 3998/2391/1883 3997/2397/1832 3999/2393/1889
f 3999/2393/1889 3997/2397/1832 4000/2403/1836
f 3999/2393/1889 4002/2398/1875 4066/2392/1875
f 4066/2392/1875 4002/2398/1875 4067/2399/1875
f 4002/2398/1875 4001/2401/1837 4003/2400/1890
f 4003/2400/1890 4001/2401/1837 4004/2409/1841
f 4003/2400/1890 4006/2404/1891 4067/2399/1875
f 4067/2399/1875 4006/2404/1891 4068/2405/1875
f 4006/2404/1891 4005/2410/1842 4007/2406/1892
f 4007/2406/1892 4005/2410/1842 4008/2416/1846
f 4007/2406/1892 4010/2411/1875 4068/2405/1875
f 4068/2405/1875 4010/2411/1875 4069/2412/1875
f 4010/2411/1875 4009/2417/1847 4011/2413/1893
f 4011/2413/1893 4009/2417/1847 4012/2423/1851
f 4011/2413/1893 4014/2418/1894 4069/2412/1875
f 4069/2412/1875 4014/2418/1894 4070/2419/1875
f 4013/2424/1852 4016/2430/1856 4014/2418/1894
f 4014/2418/1894 4016/2430/1856 4015/2422/1895
f 4018/2425/1875 4071/2426/1875 4015/2422/1895
f 4015/2422/1895 4071/2426/1875 4070/2419/1875
f 4017/2431/1857 4020/2437/1861 4018/2425/1875
f 4018/2425/1875 4020/2437/1861 4019/2429/1896
f 4022/2432/1875 4072/2433/1875 4019/2429/1896
f 4019/2429/1896 4072/2433/1875 4071/2426/1875
f 4021/2438/1862 4024/2444/1866 4022/2432/1875
f 4022/2432/1875 4024/2444/1866 4023/2436/1897
f 4026/2439/1875 4073/2440/1875 4023/2436/1897
f 4023/2436/1897 4073/2440/1875 4072/2433/1875
f 4025/2445/1867 4028/2451/1871 4026/2439/1875
f 4026/2439/1875 4028/2451/1871 4027/2443/1898
f 4030/2446/1875 4074/2447/1875 4027/2443/1898
f 4027/2443/1898 4074/2447/1875 4073/2440/1875
f 4029/2452/1872 4032/2449/1873 4030/2446/1875
f 4030/2446/1875 4032/2449/1873 4031/2450/1899
f 4031/2450/1899 4034/2330/1876 4074/2447/1875
f 4074/2447/1875 4034/2330/1876 4055/2320/1875
f 3876/2324/1774 3881/2325/1775 3957/2328/1778
f 3957/2328/1778 3881/2325/1775 3960/2336/1785
f 3880/2334/1783 3885/2335/1784 3961/2337/1786
f 3961/2337/1786 3885/2335/1784 3964/2343/1790
f 3884/2341/1788 3889/2342/1789 3965/2341/1791
f 3965/2341/1791 3889/2342/1789 3968/2349/1795
f 3888/2347/1793 3893/2348/1794 3969/2350/1796
f 3969/2350/1796 3893/2348/1794 3972/2356/1800
f 3892/2353/1797 3897/2354/1798 3973/2357/1801
f 3973/2357/1801 3897/2354/1798 3976/2363/1805
f 3896/2360/1802 3901/2361/1803 3977/2364/1806
f 3977/2364/1806 3901/2361/1803 3980/2361/1810
f 3900/2367/1807 3905/2368/1808 3981/2370/1811
f 3981/2370/1811 3905/2368/1808 3984/2376/1815
f 3904/2373/1812 3909/2374/1813 3985/2377/1816
f 3985/2377/1816 3909/2374/1813 3988/2383/1820
f 3908/2380/1817 3913/2381/1818 3989/2384/1821
f 3989/2384/1821 3913/2381/1818 3992/2390/1825
f 3912/2388/1823 3917/2389/1824 3993/2388/1826
f 3993/2388/1826 3917/2389/1824 3996/2396/1831
f 3916/2394/1829 3921/2395/1830 3997/2397/1832
f 3997/2397/1832 3921/2395/1830 4000/2403/1836
f 3920/2401/1834 3925/2402/1835 4001/2401/1837
f 4001/2401/1837 3925/2402/1835 4004/2409/1841
f 3924/2407/1839 3929/2408/1840 4005/2410/1842
f 4005/2410/1842 3929/2408/1840 4008/2416/1846
f 3928/2414/1844 3933/2415/1845 4009/2417/1847
f 4009/2417/1847 3933/2415/1845 4012/2423/1851
f 3932/2420/1848 3937/2421/1849 4013/2424/1852
f 4013/2424/1852 3937/2421/1849 4016/2430/1856
f 3936/2427/1853 3941/2428/1854 4017/2431/1857
f 4017/2431/1857 3941/2428/1854 4020/2437/1861
f 3940/2434/1858 3945/2435/1859 4021/2438/1862
f 4021/2438/1862 3945/2435/1859 4024/2444/1866
f 3944/2441/1863 3949/2442/1864 4025/2445/1867
f 4025/2445/1867 3949/2442/1864 4028/2451/1871
f 3948/2448/1868 3953/2449/1869 4029/2452/1872
f 4029/2452/1872 3953/2449/1869 4032/2449/1873
f 3952/2329/1779 3877/2326/1776 4033/2453/1874
f 4033/2453/1874 3877/2326/1776 3956/2327/1777
f 3882/2323/1773 3875/2321/1772 4053/2322/1771
f 3886/2333/1782 3879/2331/1781 4052/2332/1771
f 3890/2340/1787 3883/2338/1771 4051/2339/1771
f 3894/2346/1792 3887/2344/1771 4050/2345/1771
f 3898/2355/1799 3891/2351/1771 4049/2352/1771
f 3902/2362/1804 3895/2358/1781 4048/2359/1771
f 3906/2369/1809 3899/2365/1771 4047/2366/1771
f 3910/2375/1814 3903/2371/1771 4046/2372/1771
f 3914/2382/1819 3907/2378/1771 4045/2379/1771
f 3918/2387/1822 3911/2385/1771 4044/2386/1771
f 3922/2393/1828 3915/2391/1827 4043/2392/1771
f 3926/2400/1833 3919/2398/1771 4042/2399/1771
f 3930/2406/1838 3923/2404/1771 4041/2405/1771
f 3934/2413/1843 3927/2411/1827 4040/2412/1771
f 3938/2422/1850 3931/2418/1771 4039/2419/1771
f 3942/2429/1855 3935/2425/1771 4038/2426/1771
f 3946/2436/1860 3939/2432/1771 4037/2433/1771
f 3950/2443/1865 3943/2439/1771 4036/2440/1771
f 3954/2450/1870 3947/2446/1771 4035/2447/1771
f 3878/2319/1771 3951/2330/1780 4054/2320/1771
f 3958/2321/1875 3959/2323/1877 4056/2322/1875
f 3962/2331/1875 3963/2333/1878 4057/2332/1875
f 3966/2338/1875 3967/2340/1879 4058/2339/1875
f 3970/2344/1875 3971/2346/1880 4059/2345/1875
f 3974/2351/1881 3975/2355/1882 4060/2352/1875
f 3978/2358/1883 3979/2362/1884 4061/2359/1875
f 3982/2365/1875 3983/2369/1885 4062/2366/1875
f 3986/2371/1881 3987/2375/1886 4063/2372/1875
f 3990/2378/1875 3991/2382/1887 4064/2379/1875
f 3994/2385/1883 3995/2387/1888 4065/2386/1875
f 3998/2391/1883 3999/2393/1889 4066/2392/1875
f 4002/2398/1875 4003/2400/1890 4067/2399/1875
f 4006/2404/1891 4007/2406/1892 4068/2405/1875
f 4010/2411/1875 4011/2413/1893 4069/2412/1875
f 4014/2418/1894 4015/2422/1895 4070/2419/1875
f 4018/2425/1875 4019/2429/1896 4071/2426/1875
f 4022/2432/1875 4023/2436/1897 4072/2433/1875
f 4026/2439/1875 4027/2443/1898 4073/2440/1875
f 4030/2446/1875 4031/2450/1899 4074/2447/1875
f 4034/2330/1876 3955/2319/1875 4055/2320/1875
f 3876/2324/1774 3877/2326/1776 3875/2321/1772
f 3875/2321/1772 3877/2326/1776 3878/2319/1771
f 3880/2334/1783 3881/2325/1775 3879/2331/1781
f 3879/2331/1781 3881/2325/1775 3882/2323/1773
f 3884/2341/1788 3885/2335/1784 3883/2338/1771
f 3883/2338/1771 3885/2335/1784 3886/2333/1782
f 3888/2347/1793 3889/2342/1789 3887/2344/1771
f 3887/2344/1771 3889/2342/1789 3890/2340/1787
f 3891/2351/1771 3892/2353/1797 3894/2346/1792
f 3894/2346/1792 3892/2353/1797 3893/2348/1794
f 3895/2358/1781 3896/2360/1802 3898/2355/1799
f 3898/2355/1799 3896/2360/1802 3897/2354/1798
f 3899/2365/1771 3900/2367/1807 3902/2362/1804
f 3902/2362/1804 3900/2367/1807 3901/2361/1803
f 3903/2371/1771 3904/2373/1812 3906/2369/1809
f 3906/2369/1809 3904/2373/1812 3905/2368/1808
f 3907/2378/1771 3908/2380/1817 3910/2375/1814
f 3910/2375/1814 3908/2380/1817 3909/2374/1813
f 3911/2385/1771 3912/2388/1823 3914/2382/1819
f 3914/2382/1819 3912/2388/1823 3913/2381/1818
f 3916/2394/1829 3917/2389/1824 3915/2391/1827
f 3915/2391/1827 3917/2389/1824 3918/2387/1822
f 3920/2401/1834 3921/2395/1830 3919/2398/1771
f 3919/2398/1771 3921/2395/1830 3922/2393/1828
f 3924/2407/1839 3925/2402/1835 3923/2404/1771
f 3923/2404/1771 3925/2402/1835 3926/2400/1833
f 3928/2414/1844 3929/2408/1840 3927/2411/1827
f 3927/2411/1827 3929/2408/1840 3930/2406/1838
f 3931/2418/1771 3932/2420/1848 3934/2413/1843
f 3934/2413/1843 3932/2420/1848 3933/2415/1845
f 3935/2425/1771 3936/2427/1853 3938/2422/1850
f 3938/2422/1850 3936/2427/1853 3937/2421/1849
f 3939/2432/1771 3940/2434/1858 3942/2429/1855
f 3942/2429/1855 3940/2434/1858 3941/2428/1854
f 3943/2439/1771 3944/2441/1863 3946/2436/1860
f 3946/2436/1860 3944/2441/1863 3945/2435/1859
f 3947/2446/1771 3948/2448/1868 3950/2443/1865
f 3950/2443/1865 3948/2448/1868 3949/2442/1864
f 3951/2330/1780 3952/2329/1779 3954/2450/1870
f 3954/2450/1870 3952/2329/1779 3953/2449/1869
f 3955/2319/1875 3956/2327/1777 3958/2321/1875
f 3958/2321/1875 3956/2327/1777 3957/2328/1778
f 3959/2323/1877 3960/2336/1785 3962/2331/1875
f 3962/2331/1875 3960/2336/1785 3961/2337/1786
f 3963/2333/1878 3964/2343/1790 3966/2338/1875
f 3966/2338/1875 3964/2343/1790 3965/2341/1791
f 3967/2340/1879 3968/2349/1795 3970/2344/1875
f 3970/2344/1875 3968/2349/1795 3969/2350/1796
f 3971/2346/1880 3972/2356/1800 3974/2351/1881
f 3974/2351/1881 3972/2356/1800 3973/2357/1801
f 3976/2363/1805 3977/2364/1806 3975/2355/1882
f 3975/2355/1882 3977/2364/1806 3978/2358/1883
f 3980/2361/1810 3981/2370/1811 3979/2362/1884
f 3979/2362/1884 3981/2370/1811 3982/2365/1875
f 3984/2376/1815 3985/2377/1816 3983/2369/1885
f 3983/2369/1885 3985/2377/1816 3986/2371/1881
f 3988/2383/1820 3989/2384/1821 3987/2375/1886
f 3987/2375/1886 3989/2384/1821 3990/2378/1875
f 3991/2382/1887 3992/2390/1825 3994/2385/1883
f 3994/2385/1883 3992/2390/1825 3993/2388/1826
f 3995/2387/1888 3996/2396/1831 3998/2391/1883
f 3998/2391/1883 3996/2396/1831 3997/2397/1832
f 3999/2393/1889 4000/2403/1836 4002/2398/1875
f 4002/2398/1875 4000/2403/1836 4001/2401/1837
f 4003/2400/1890 4004/2409/1841 4006/2404/1891
f 4006/2404/1891 4004/2409/1841 4005/2410/1842
f 4007/2406/1892 4008/2416/1846 4010/2411/1875
f 4010/2411/1875 4008/2416/1846 4009/2417/1847
f 4011/2413/1893 4012/2423/1851 4014/2418/1894
f 4014/2418/1894 4012/2423/1851 4013/2424/1852
f 4016/2430/1856 4017/2431/1857 4015/2422/1895
f 4015/2422/1895 4017/2431/1857 4018/2425/1875
f 4020/2437/1861 4021/2438/1862 4019/2429/1896
f 4019/2429/1896 4021/2438/1862 4022/2432/1875
f 4024/2444/1866 4025/2445/1867 4023/2436/1897
f 4023/2436/1897 4025/2445/1867 4026/2439/1875
f 4028/2451/1871 4029/2452/1872 4027/2443/1898
f 4027/2443/1898 4029/2452/1872 4030/2446/1875
f 4031/2450/1899 4032/2449/1873 4034/2330/1876
f 4034/2330/1876 4032/2449/1873 4033/2453/1874
f 4035/2447/1771 4036/2440/1771 4054/2320/1771
f 4036/2440/1771 4037/2433/1771 4054/2320/1771
f 4037/2433/1771 4038/2426/1771 4054/2320/1771
f 4038/2426/1771 4039/2419/1771 4054/2320/1771
f 4039/2419/1771 4040/2412/1771 4054/2320/1771
f 4040/2412/1771 4041/2405/1771 4054/2320/1771
f 4041/2405/1771 4042/2399/1771 4054/2320/1771
f 4042/2399/1771 4043/2392/1771 4054/2320/1771
f 4043/2392/1771 4044/2386/1771 4054/2320/1771
f 4044/2386/1771 4045/2379/1771 4054/2320/1771
f 4045/2379/1771 4046/2372/1771 4054/2320/1771
f 4046/2372/1771 4047/2366/1771 4054/2320/1771
f 4047/2366/1771 4048/2359/1771 4054/2320/1771
f 4048/2359/1771 4049/2352/1771 4054/2320/1771
f 4049/2352/1771 4050/2345/1771 4054/2320/1771
f 4050/2345/1771 4051/2339/1771 4054/2320/1771
f 4051/2339/1771 4052/2332/1771 4054/2320/1771
f 4052/2332/1771 4053/2322/1771 4054/2320/1771
f 4055/2320/1875 4056/2322/1875 4074/2447/1875
f 4056/2322/1875 4057/2332/1875 4074/2447/1875
f 4057/2332/1875 4058/2339/1875 4074/2447/1875
f 4058/2339/1875 4059/2345/1875 4074/2447/1875
f 4059/2345/1875 4060/2352/1875 4074/2447/1875
f 4060/2352/1875 4061/2359/1875 4074/2447/1875
f 4061/2359/1875 4062/2366/1875 4074/2447/1875
f 4062/2366/1875 4063/2372/1875 4074/2447/1875
f 4063/2372/1875 4064/2379/1875 4074/2447/1875
f 4064/2379/1875 4065/2386/1875 4074/2447/1875
f 4065/2386/1875 4066/2392/1875 4074/2447/1875
f 4066/2392/1875 4067/2399/1875 4074/2447/1875
f 4067/2399/1875 4068/2405/1875 4074/2447/1875
f 4068/2405/1875 4069/2412/1875 4074/2447/1875
f 4069/2412/1875 4070/2419/1875 4074/2447/1875
f 4070/2419/1875 4071/2426/1875 4074/2447/1875
f 4071/2426/1875 4072/2433/1875 4074/2447/1875
f 4072/2433/1875 4073/2440/1875 4074/2447/1875
f 4075/2454/1771 4078/2455/1771 4253/2456/1771
f 4253/2456/1771 4078/2455/1771 4254/2457/1771
f 4075/2454/1771 4082/2458/1900 4076/2459/1901
f 4076/2459/1901 4082/2458/1900 4081/2460/1902
f 4077/2461/1903 4076/2459/1901 4156/2462/1903
f 4156/2462/1903 4076/2459/1901 4157/2463/1904
f 4077/2461/1903 4152/2464/1905 4078/2455/1771
f 4078/2455/1771 4152/2464/1905 4151/2465/1906
f 4079/2466/1771 4082/2458/1900 4252/2467/1771
f 4252/2467/1771 4082/2458/1900 4253/2456/1771
f 4079/2466/1771 4086/2468/1907 4080/2469/1908
f 4080/2469/1908 4086/2468/1907 4085/2470/1909
f 4081/2460/1902 4080/2469/1908 4160/2471/1910
f 4160/2471/1910 4080/2469/1908 4161/2472/1911
f 4083/2473/1771 4086/2468/1907 4251/2474/1771
f 4251/2474/1771 4086/2468/1907 4252/2467/1771
f 4083/2473/1771 4090/2475/1912 4084/2476/1913
f 4084/2476/1913 4090/2475/1912 4089/2477/1914
f 4085/2470/1909 4084/2476/1913 4164/2478/1915
f 4164/2478/1915 4084/2476/1913 4165/2479/1916
f 4087/2480/1781 4090/2475/1912 4250/2481/1771
f 4250/2481/1771 4090/2475/1912 4251/2474/1771
f 4087/2480/1781 4094/2482/1917 4088/2483/1918
f 4088/2483/1918 4094/2482/1917 4093/2484/1919
f 4089/2477/1914 4088/2483/1918 4168/2485/1920
f 4168/2485/1920 4088/2483/1918 4169/2486/1921
f 4091/2487/1771 4094/2482/1917 4249/2488/1771
f 4249/2488/1771 4094/2482/1917 4250/2481/1771
f 4092/2489/1922 4091/2487/1771 4097/2490/1923
f 4097/2490/1923 4091/2487/1771 4098/2491/1924
f 4093/2484/1919 4092/2489/1922 4172/2492/1925
f 4172/2492/1925 4092/2489/1922 4173/2493/1926
f 4098/2491/1924 4249/2488/1771 4095/2494/1781
f 4095/2494/1781 4249/2488/1771 4248/2495/1771
f 4096/2496/1927 4095/2494/1781 4101/2497/1928
f 4101/2497/1928 4095/2494/1781 4102/2498/1929
f 4097/2490/1923 4096/2496/1927 4176/2499/1930
f 4176/2499/1930 4096/2496/1927 4177/2500/1931
f 4102/2498/1929 4248/2495/1771 4099/2501/1771
f 4099/2501/1771 4248/2495/1771 4247/2502/1771
f 4100/2503/1932 4099/2501/1771 4105/2504/1933
f 4105/2504/1933 4099/2501/1771 4106/2505/1934
f 4101/2497/1928 4100/2503/1932 4180/2506/1935
f 4180/2506/1935 4100/2503/1932 4181/2507/1936
f 4106/2505/1934 4247/2502/1771 4103/2508/1781
f 4103/2508/1781 4247/2502/1771 4246/2509/1771
f 4104/2510/1937 4103/2508/1781 4109/2511/1938
f 4109/2511/1938 4103/2508/1781 4110/2512/1939
f 4105/2504/1933 4104/2510/1937 4184/2513/1940
f 4184/2513/1940 4104/2510/1937 4185/2514/1941
f 4110/2512/1939 4246/2509/1771 4107/2515/1771
f 4107/2515/1771 4246/2509/1771 4245/2516/1771
f 4108/2517/1942 4107/2515/1771 4113/2518/1943
f 4113/2518/1943 4107/2515/1771 4114/2519/1944
f 4109/2511/1938 4108/2517/1942 4188/2520/1945
f 4188/2520/1945 4108/2517/1942 4189/2521/1946
f 4111/2522/1771 4114/2519/1944 4244/2523/1771
f 4244/2523/1771 4114/2519/1944 4245/2516/1771
f 4111/2522/1771 4118/2524/1947 4112/2525/1948
f 4112/2525/1948 4118/2524/1947 4117/2526/1949
f 4113/2518/1943 4112/2525/1948 4192/2527/1950
f 4192/2527/1950 4112/2525/1948 4193/2528/1951
f 4115/2529/1771 4118/2524/1947 4243/2530/1771
f 4243/2530/1771 4118/2524/1947 4244/2523/1771
f 4115/2529/1771 4122/2531/1952 4116/2532/1953
f 4116/2532/1953 4122/2531/1952 4121/2533/1954
f 4117/2526/1949 4116/2532/1953 4196/2534/1955
f 4196/2534/1955 4116/2532/1953 4197/2535/1956
f 4119/2536/1771 4122/2531/1952 4242/2537/1771
f 4242/2537/1771 4122/2531/1952 4243/2530/1771
f 4119/2536/1771 4126/2538/1957 4120/2539/1958
f 4120/2539/1958 4126/2538/1957 4125/2540/1959
f 4121/2533/1954 4120/2539/1958 4200/2541/1960
f 4200/2541/1960 4120/2539/1958 4201/2539/1961
f 4123/2542/1771 4126/2538/1957 4241/2543/1771
f 4241/2543/1771 4126/2538/1957 4242/2537/1771
f 4123/2542/1771 4130/2544/1962 4124/2545/1963
f 4124/2545/1963 4130/2544/1962 4129/2546/1964
f 4125/2540/1959 4124/2545/1963 4204/2547/1965
f 4204/2547/1965 4124/2545/1963 4205/2548/1966
f 4127/2549/1967 4130/2544/1962 4240/2550/1771
f 4240/2550/1771 4130/2544/1962 4241/2543/1771
f 4127/2549/1967 4134/2551/1968 4128/2552/1969
f 4128/2552/1969 4134/2551/1968 4133/2553/1970
f 4129/2546/1964 4128/2552/1969 4208/2554/1971
f 4208/2554/1971 4128/2552/1969 4209/2555/1972
f 4131/2556/1771 4134/2551/1968 4239/2557/1771
f 4239/2557/1771 4134/2551/1968 4240/2550/1771
f 4132/2558/1973 4131/2556/1771 4137/2559/1974
f 4137/2559/1974 4131/2556/1771 4138/2560/1975
f 4133/2553/1970 4132/2558/1973 4212/2553/1976
f 4212/2553/1976 4132/2558/1973 4213/2558/1977
f 4138/2560/1975 4239/2557/1771 4135/2561/1967
f 4135/2561/1967 4239/2557/1771 4238/2562/1771
f 4136/2563/1978 4135/2561/1967 4141/2564/1979
f 4141/2564/1979 4135/2561/1967 4142/2565/1980
f 4137/2559/1974 4136/2563/1978 4216/2566/1981
f 4216/2566/1981 4136/2563/1978 4217/2567/1982
f 4142/2565/1980 4238/2562/1771 4139/2568/1967
f 4139/2568/1967 4238/2562/1771 4237/2569/1771
f 4140/2570/1983 4139/2568/1967 4145/2571/1984
f 4145/2571/1984 4139/2568/1967 4146/2572/1985
f 4141/2564/1979 4140/2570/1983 4220/2573/1986
f 4220/2573/1986 4140/2570/1983 4221/2574/1987
f 4146/2572/1985 4237/2569/1771 4143/2575/1771
f 4143/2575/1771 4237/2569/1771 4236/2576/1771
f 4144/2577/1988 4143/2575/1771 4149/2578/1989
f 4149/2578/1989 4143/2575/1771 4150/2579/1990
f 4145/2571/1984 4144/2577/1988 4224/2571/1991
f 4224/2571/1991 4144/2577/1988 4225/2580/1992
f 4150/2579/1990 4236/2576/1771 4147/2581/1771
f 4147/2581/1771 4236/2576/1771 4235/2582/1771
f 4148/2583/1993 4147/2581/1771 4153/2584/1994
f 4153/2584/1994 4147/2581/1771 4154/2585/1995
f 4149/2578/1989 4148/2583/1993 4228/2586/1996
f 4228/2586/1996 4148/2583/1993 4229/2587/1997
f 4151/2465/1906 4154/2585/1995 4254/2457/1771
f 4254/2457/1771 4154/2585/1995 4235/2582/1771
f 4153/2584/1994 4152/2464/1905 4232/2588/1998
f 4232/2588/1998 4152/2464/1905 4233/2589/1999
f 4158/2454/1875 4256/2456/1875 4155/2455/1875
f 4155/2455/1875 4256/2456/1875 4255/2457/1875
f 4156/2462/1903 4155/2455/1875 4233/2589/1999
f 4233/2589/1999 4155/2455/1875 4234/2465/2000
f 4158/2454/1875 4157/2463/1904 4159/2458/2001
f 4159/2458/2001 4157/2463/1904 4160/2471/1910
f 4162/2466/1875 4257/2467/1875 4159/2458/2001
f 4159/2458/2001 4257/2467/1875 4256/2456/1875
f 4162/2466/1875 4161/2472/1911 4163/2468/2002
f 4163/2468/2002 4161/2472/1911 4164/2478/1915
f 4166/2473/1875 4258/2474/1875 4163/2468/2002
f 4163/2468/2002 4258/2474/1875 4257/2467/1875
f 4166/2473/1875 4165/2479/1916 4167/2475/2003
f 4167/2475/2003 4165/2479/1916 4168/2485/1920
f 4170/2480/2004 4259/2481/1875 4167/2475/2003
f 4167/2475/2003 4259/2481/1875 4258/2474/1875
f 4170/2480/2004 4169/2486/1921 4171/2482/2005
f 4171/2482/2005 4169/2486/1921 4172/2492/1925
f 4171/2482/2005 4174/2487/1875 4259/2481/1875
f 4259/2481/1875 4174/2487/1875 4260/2488/1875
f 4173/2493/1926 4176/2499/1930 4174/2487/1875
f 4174/2487/1875 4176/2499/1930 4175/2491/2006
f 4175/2491/2006 4178/2494/1875 4260/2488/1875
f 4260/2488/1875 4178/2494/1875 4261/2495/1875
f 4177/2500/1931 4180/2506/1935 4178/2494/1875
f 4178/2494/1875 4180/2506/1935 4179/2498/2007
f 4179/2498/2007 4182/2501/2008 4261/2495/1875
f 4261/2495/1875 4182/2501/2008 4262/2502/1875
f 4181/2507/1936 4184/2513/1940 4182/2501/2008
f 4182/2501/2008 4184/2513/1940 4183/2505/2009
f 4183/2505/2009 4186/2508/2010 4262/2502/1875
f 4262/2502/1875 4186/2508/2010 4263/2509/1875
f 4185/2514/1941 4188/2520/1945 4186/2508/2010
f 4186/2508/2010 4188/2520/1945 4187/2512/2011
f 4187/2512/2011 4190/2515/1875 4263/2509/1875
f 4263/2509/1875 4190/2515/1875 4264/2516/1875
f 4189/2521/1946 4192/2527/1950 4190/2515/1875
f 4190/2515/1875 4192/2527/1950 4191/2519/2012
f 4191/2519/2012 4194/2522/1875 4264/2516/1875
f 4264/2516/1875 4194/2522/1875 4265/2523/1875
f 4194/2522/1875 4193/2528/1951 4195/2524/2013
f 4195/2524/2013 4193/2528/1951 4196/2534/1955
f 4198/2529/1875 4266/2530/1875 4195/2524/2013
f 4195/2524/2013 4266/2530/1875 4265/2523/1875
f 4198/2529/1875 4197/2535/1956 4199/2531/2014
f 4199/2531/2014 4197/2535/1956 4200/2541/1960
f 4202/2536/1894 4267/2537/1875 4199/2531/2014
f 4199/2531/2014 4267/2537/1875 4266/2530/1875
f 4202/2536/1894 4201/2539/1961 4203/2538/2015
f 4203/2538/2015 4201/2539/1961 4204/2547/1965
f 4206/2542/1875 4268/2543/1875 4203/2538/2015
f 4203/2538/2015 4268/2543/1875 4267/2537/1875
f 4206/2542/1875 4205/2548/1966 4207/2544/2016
f 4207/2544/2016 4205/2548/1966 4208/2554/1971
f 4210/2549/2017 4269/2550/1875 4207/2544/2016
f 4207/2544/2016 4269/2550/1875 4268/2543/1875
f 4210/2549/2017 4209/2555/1972 4211/2551/2018
f 4211/2551/2018 4209/2555/1972 4212/2553/1976
f 4211/2551/2018 4214/2556/1875 4269/2550/1875
f 4269/2550/1875 4214/2556/1875 4270/2557/1875
f 4213/2558/1977 4216/2566/1981 4214/2556/1875
f 4214/2556/1875 4216/2566/1981 4215/2560/2019
f 4215/2560/2019 4218/2561/1875 4270/2557/1875
f 4270/2557/1875 4218/2561/1875 4271/2562/1875
f 4217/2567/1982 4220/2573/1986 4218/2561/1875
f 4218/2561/1875 4220/2573/1986 4219/2565/2020
f 4219/2565/2020 4222/2568/2021 4271/2562/1875
f 4271/2562/1875 4222/2568/2021 4272/2569/1875
f 4221/2574/1987 4224/2571/1991 4222/2568/2021
f 4222/2568/2021 4224/2571/1991 4223/2572/2022
f 4223/2572/2022 4226/2575/2023 4272/2569/1875
f 4272/2569/1875 4226/2575/2023 4273/2576/1875
f 4225/2580/1992 4228/2586/1996 4226/2575/2023
f 4226/2575/2023 4228/2586/1996 4227/2579/2024
f 4227/2579/2024 4230/2581/1875 4273/2576/1875
f 4273/2576/1875 4230/2581/1875 4274/2582/1875
f 4229/2587/1997 4232/2588/1998 4230/2581/1875
f 4230/2581/1875 4232/2588/1998 4231/2585/2025
f 4231/2585/2025 4234/2465/2000 4274/2582/1875
f 4274/2582/1875 4234/2465/2000 4255/2457/1875
f 4081/2460/1902 4160/2471/1910 4076/2459/1901
f 4076/2459/1901 4160/2471/1910 4157/2463/1904
f 4085/2470/1909 4164/2478/1915 4080/2469/1908
f 4080/2469/1908 4164/2478/1915 4161/2472/1911
f 4089/2477/1914 4168/2485/1920 4084/2476/1913
f 4084/2476/1913 4168/2485/1920 4165/2479/1916
f 4093/2484/1919 4172/2492/1925 4088/2483/1918
f 4088/2483/1918 4172/2492/1925 4169/2486/1921
f 4097/2490/1923 4176/2499/1930 4092/2489/1922
f 4092/2489/1922 4176/2499/1930 4173/2493/1926
f 4101/2497/1928 4180/2506/1935 4096/2496/1927
f 4096/2496/1927 4180/2506/1935 4177/2500/1931
f 4105/2504/1933 4184/2513/1940 4100/2503/1932
f 4100/2503/1932 4184/2513/1940 4181/2507/1936
f 4109/2511/1938 4188/2520/1945 4104/2510/1937
f 4104/2510/1937 4188/2520/1945 4185/2514/1941
f 4113/2518/1943 4192/2527/1950 4108/2517/1942
f 4108/2517/1942 4192/2527/1950 4189/2521/1946
f 4117/2526/1949 4196/2534/1955 4112/2525/1948
f 4112/2525/1948 4196/2534/1955 4193/2528/1951
f 4121/2533/1954 4200/2541/1960 4116/2532/1953
f 4116/2532/1953 4200/2541/1960 4197/2535/1956
f 4125/2540/1959 4204/2547/1965 4120/2539/1958
f 4120/2539/1958 4204/2547/1965 4201/2539/1961
f 4129/2546/1964 4208/2554/1971 4124/2545/1963
f 4124/2545/1963 4208/2554/1971 4205/2548/1966
f 4133/2553/1970 4212/2553/1976 4128/2552/1969
f 4128/2552/1969 4212/2553/1976 4209/2555/1972
f 4137/2559/1974 4216/2566/1981 4132/2558/1973
f 4132/2558/1973 4216/2566/1981 4213/2558/1977
f 4141/2564/1979 4220/2573/1986 4136/2563/1978
f 4136/2563/1978 4220/2573/1986 4217/2567/1982
f 4145/2571/1984 4224/2571/1991 4140/2570/1983
f 4140/2570/1983 4224/2571/1991 4221/2574/1987
f 4149/2578/1989 4228/2586/1996 4144/2577/1988
f 4144/2577/1988 4228/2586/1996 4225/2580/1992
f 4153/2584/1994 4232/2588/1998 4148/2583/1993
f 4148/2583/1993 4232/2588/1998 4229/2587/1997
f 4077/2461/1903 4156/2462/1903 4152/2464/1905
f 4152/2464/1905 4156/2462/1903 4233/2589/1999
f 4082/2458/1900 4075/2454/1771 4253/2456/1771
f 4086/2468/1907 4079/2466/1771 4252/2467/1771
f 4090/2475/1912 4083/2473/1771 4251/2474/1771
f 4094/2482/1917 4087/2480/1781 4250/2481/1771
f 4098/2491/1924 4091/2487/1771 4249/2488/1771
f 4102/2498/1929 4095/2494/1781 4248/2495/1771
f 4106/2505/1934 4099/2501/1771 4247/2502/1771
f 4110/2512/1939 4103/2508/1781 4246/2509/1771
f 4114/2519/1944 4107/2515/1771 4245/2516/1771
f 4118/2524/1947 4111/2522/1771 4244/2523/1771
f 4122/2531/1952 4115/2529/1771 4243/2530/1771
f 4126/2538/1957 4119/2536/1771 4242/2537/1771
f 4130/2544/1962 4123/2542/1771 4241/2543/1771
f 4134/2551/1968 4127/2549/1967 4240/2550/1771
f 4138/2560/1975 4131/2556/1771 4239/2557/1771
f 4142/2565/1980 4135/2561/1967 4238/2562/1771
f 4146/2572/1985 4139/2568/1967 4237/2569/1771
f 4150/2579/1990 4143/2575/1771 4236/2576/1771
f 4154/2585/1995 4147/2581/1771 4235/2582/1771
f 4078/2455/1771 4151/2465/1906 4254/2457/1771
f 4158/2454/1875 4159/2458/2001 4256/2456/1875
f 4162/2466/1875 4163/2468/2002 4257/2467/1875
f 4166/2473/1875 4167/2475/2003 4258/2474/1875
f 4170/2480/2004 4171/2482/2005 4259/2481/1875
f 4174/2487/1875 4175/2491/2006 4260/2488/1875
f 4178/2494/1875 4179/2498/2007 4261/2495/1875
f 4182/2501/2008 4183/2505/2009 4262/2502/1875
f 4186/2508/2010 4187/2512/2011 4263/2509/1875
f 4190/2515/1875 4191/2519/2012 4264/2516/1875
f 4194/2522/1875 4195/2524/2013 4265/2523/1875
f 4198/2529/1875 4199/2531/2014 4266/2530/1875
f 4202/2536/1894 4203/2538/2015 4267/2537/1875
f 4206/2542/1875 4207/2544/2016 4268/2543/1875
f 4210/2549/2017 4211/2551/2018 4269/2550/1875
f 4214/2556/1875 4215/2560/2019 4270/2557/1875
f 4218/2561/1875 4219/2565/2020 4271/2562/1875
f 4222/2568/2021 4223/2572/2022 4272/2569/1875
f 4226/2575/2023 4227/2579/2024 4273/2576/1875
f 4230/2581/1875 4231/2585/2025 4274/2582/1875
f 4234/2465/2000 4155/2455/1875 4255/2457/1875
f 4076/2459/1901 4077/2461/1903 4075/2454/1771
f 4075/2454/1771 4077/2461/1903 4078/2455/1771
f 4080/2469/1908 4081/2460/1902 4079/2466/1771
f 4079/2466/1771 4081/2460/1902 4082/2458/1900
f 4084/2476/1913 4085/2470/1909 4083/2473/1771
f 4083/2473/1771 4085/2470/1909 4086/2468/1907
f 4088/2483/1918 4089/2477/1914 4087/2480/1781
f 4087/2480/1781 4089/2477/1914 4090/2475/1912
f 4092/2489/1922 4093/2484/1919 4091/2487/1771
f 4091/2487/1771 4093/2484/1919 4094/2482/1917
f 4095/2494/1781 4096/2496/1927 4098/2491/1924
f 4098/2491/1924 4096/2496/1927 4097/2490/1923
f 4099/2501/1771 4100/2503/1932 4102/2498/1929
f 4102/2498/1929 4100/2503/1932 4101/2497/1928
f 4103/2508/1781 4104/2510/1937 4106/2505/1934
f 4106/2505/1934 4104/2510/1937 4105/2504/1933
f 4107/2515/1771 4108/2517/1942 4110/2512/1939
f 4110/2512/1939 4108/2517/1942 4109/2511/1938
f 4111/2522/1771 4112/2525/1948 4114/2519/1944
f 4114/2519/1944 4112/2525/1948 4113/2518/1943
f 4116/2532/1953 4117/2526/1949 4115/2529/1771
f 4115/2529/1771 4117/2526/1949 4118/2524/1947
f 4120/2539/1958 4121/2533/1954 4119/2536/1771
f 4119/2536/1771 4121/2533/1954 4122/2531/1952
f 4124/2545/1963 4125/2540/1959 4123/2542/1771
f 4123/2542/1771 4125/2540/1959 4126/2538/1957
f 4128/2552/1969 4129/2546/1964 4127/2549/1967
f 4127/2549/1967 4129/2546/1964 4130/2544/1962
f 4132/2558/1973 4133/2553/1970 4131/2556/1771
f 4131/2556/1771 4133/2553/1970 4134/2551/1968
f 4135/2561/1967 4136/2563/1978 4138/2560/1975
f 4138/2560/1975 4136/2563/1978 4137/2559/1974
f 4139/2568/1967 4140/2570/1983 4142/2565/1980
f 4142/2565/1980 4140/2570/1983 4141/2564/1979
f 4143/2575/1771 4144/2577/1988 4146/2572/1985
f 4146/2572/1985 4144/2577/1988 4145/2571/1984
f 4147/2581/1771 4148/2583/1993 4150/2579/1990
f 4150/2579/1990 4148/2583/1993 4149/2578/1989
f 4151/2465/1906 4152/2464/1905 4154/2585/1995
f 4154/2585/1995 4152/2464/1905 4153/2584/1994
f 4155/2455/1875 4156/2462/1903 4158/2454/1875
f 4158/2454/1875 4156/2462/1903 4157/2463/1904
f 4159/2458/2001 4160/2471/1910 4162/2466/1875
f 4162/2466/1875 4160/2471/1910 4161/2472/1911
f 4163/2468/2002 4164/2478/1915 4166/2473/1875
f 4166/2473/1875 4164/2478/1915 4165/2479/1916
f 4167/2475/2003 4168/2485/1920 4170/2480/2004
f 4170/2480/2004 4168/2485/1920 4169/2486/1921
f 4172/2492/1925 4173/2493/1926 4171/2482/2005
f 4171/2482/2005 4173/2493/1926 4174/2487/1875
f 4176/2499/1930 4177/2500/1931 4175/2491/2006
f 4175/2491/2006 4177/2500/1931 4178/2494/1875
f 4180/2506/1935 4181/2507/1936 4179/2498/2007
f 4179/2498/2007 4181/2507/1936 4182/2501/2008
f 4184/2513/1940 4185/2514/1941 4183/2505/2009
f 4183/2505/2009 4185/2514/1941 4186/2508/2010
f 4188/2520/1945 4189/2521/1946 4187/2512/2011
f 4187/2512/2011 4189/2521/1946 4190/2515/1875
f 4191/2519/2012 4192/2527/1950 4194/2522/1875
f 4194/2522/1875 4192/2527/1950 4193/2528/1951
f 4195/2524/2013 4196/2534/1955 4198/2529/1875
f 4198/2529/1875 4196/2534/1955 4197/2535/1956
f 4199/2531/2014 4200/2541/1960 4202/2536/1894
f 4202/2536/1894 4200/2541/1960 4201/2539/1961
f 4203/2538/2015 4204/2547/1965 4206/2542/1875
f 4206/2542/1875 4204/2547/1965 4205/2548/1966
f 4207/2544/2016 4208/2554/1971 4210/2549/2017
f 4210/2549/2017 4208/2554/1971 4209/2555/1972
f 4212/2553/1976 4213/2558/1977 4211/2551/2018
f 4211/2551/2018 4213/2558/1977 4214/2556/1875
f 4216/2566/1981 4217/2567/1982 4215/2560/2019
f 4215/2560/2019 4217/2567/1982 4218/2561/1875
f 4220/2573/1986 4221/2574/1987 4219/2565/2020
f 4219/2565/2020 4221/2574/1987 4222/2568/2021
f 4224/2571/1991 4225/2580/1992 4223/2572/2022
f 4223/2572/2022 4225/2580/1992 4226/2575/2023
f 4228/2586/1996 4229/2587/1997 4227/2579/2024
f 4227/2579/2024 4229/2587/1997 4230/2581/1875
f 4231/2585/2025 4232/2588/1998 4234/2465/2000
f 4234/2465/2000 4232/2588/1998 4233/2589/1999
f 4239/2557/1771 4240/2550/1771 4238/2562/1771
f 4240/2550/1771 4241/2543/1771 4238/2562/1771
f 4238/2562/1771 4241/2543/1771 4237/2569/1771
f 4241/2543/1771 4242/2537/1771 4237/2569/1771
f 4237/2569/1771 4242/2537/1771 4236/2576/1771
f 4242/2537/1771 4243/2530/1771 4236/2576/1771
f 4236/2576/1771 4243/2530/1771 4235/2582/1771
f 4243/2530/1771 4244/2523/1771 4235/2582/1771
f 4235/2582/1771 4244/2523/1771 4254/2457/1771
f 4244/2523/1771 4245/2516/1771 4254/2457/1771
f 4245/2516/1771 4246/2509/1771 4254/2457/1771
f 4254/2457/1771 4246/2509/1771 4253/2456/1771
f 4246/2509/1771 4247/2502/1771 4253/2456/1771
f 4253/2456/1771 4247/2502/1771 4252/2467/1771
f 4247/2502/1771 4248/2495/1771 4252/2467/1771
f 4252/2467/1771 4248/2495/1771 4251/2474/1771
f 4248/2495/1771 4249/2488/1771 4251/2474/1771
f 4249/2488/1771 4250/2481/1771 4251/2474/1771
f 4259/2481/1875 4260/2488/1875 4258/2474/1875
f 4260/2488/1875 4261/2495/1875 4258/2474/1875
f 4258/2474/1875 4261/2495/1875 4257/2467/1875
f 4261/2495/1875 4262/2502/1875 4257/2467/1875
f 4257/2467/1875 4262/2502/1875 4256/2456/1875
f 4262/2502/1875 4263/2509/1875 4256/2456/1875
f 4256/2456/1875 4263/2509/1875 4255/2457/1875
f 4263/2509/1875 4264/2516/1875 4255/2457/1875
f 4255/2457/1875 4264/2516/1875 4274/2582/1875
f 4264/2516/1875 4265/2523/1875 4274/2582/1875
f 4265/2523/1875 4266/2530/1875 4274/2582/1875
f 4274/2582/1875 4266/2530/1875 4273/2576/1875
f 4266/2530/1875 4267/2537/1875 4273/2576/1875
f 4273/2576/1875 4267/2537/1875 4272/2569/1875
f 4267/2537/1875 4268/2543/1875 4272/2569/1875
f 4272/2569/1875 4268/2543/1875 4271/2562/1875
f 4268/2543/1875 4269/2550/1875 4271/2562/1875
f 4269/2550/1875 4270/2557/1875 4271/2562/1875
f 4384/2590/2026 4388/2591/2026 4275/2592/2026
f 4275/2592/2026 4388/2591/2026 4292/2593/2027
f 4276/2594/2028 4275/2592/2026 4277/2595/2029
f 4277/2595/2029 4275/2592/2026 4278/2596/2030
f 4391/2597/2031 4278/2596/2030 4393/2598/2032
f 4393/2598/2032 4278/2596/2030 4293/2596/2031
f 4300/2599/2033 4277/2595/2029 4301/2600/2034
f 4390/2601/2035 4389/2602/2036 4277/2595/2029
f 4277/2595/2029 4389/2602/2036 4301/2600/2034
f 4279/2603/2037 4281/2604/2037 4312/2605/2038
f 4312/2605/2038 4281/2604/2037 4313/2606/2039
f 4279/2603/2037 4284/2607/2040 4280/2608/2041
f 4280/2608/2041 4284/2607/2040 4283/2609/2042
f 4281/2604/2037 4280/2608/2041 4285/2604/2043
f 4285/2604/2043 4280/2608/2041 4286/2610/2043
f 4284/2607/2040 4338/2611/2044 4282/2612/2045
f 4282/2612/2045 4338/2611/2044 4337/2613/2046
f 4283/2609/2042 4282/2612/2045 4289/2614/2047
f 4289/2614/2047 4282/2612/2045 4290/2612/2048
f 4287/2603/2049 4305/2605/2050 4285/2604/2043
f 4285/2604/2043 4305/2605/2050 4304/2615/2051
f 4286/2610/2043 4289/2614/2047 4287/2603/2049
f 4287/2603/2049 4289/2614/2047 4288/2607/2052
f 4288/2607/2052 4290/2612/2048 4308/2611/2053
f 4308/2611/2053 4290/2612/2048 4309/2616/2054
f 4369/2617/2055 4291/2594/2056 4370/2618/2057
f 4387/2619/2058 4386/2620/2059 4291/2594/2056
f 4291/2594/2056 4386/2620/2059 4370/2618/2057
f 4291/2594/2056 4294/2595/2060 4292/2593/2027
f 4292/2593/2027 4294/2595/2060 4293/2596/2031
f 4295/2621/2061 4298/2622/2062 4358/2623/2063
f 4358/2623/2063 4298/2622/2062 4355/2624/2064
f 4295/2621/2061 4371/2621/2065 4296/2625/2066
f 4296/2625/2066 4371/2621/2065 4370/2618/2057
f 4297/2626/1875 4361/2627/1875 4298/2622/2062
f 4298/2622/2062 4361/2627/1875 4360/2628/1875
f 4302/2629/2067 4372/2630/2068 4299/2631/2069
f 4299/2631/2069 4372/2630/2068 4375/2632/2070
f 4300/2599/2033 4299/2631/2069 4378/2633/1875
f 4378/2633/1875 4299/2631/2069 4376/2634/1875
f 4301/2600/2034 4380/2635/2071 4302/2629/2067
f 4302/2629/2067 4380/2635/2071 4379/2629/2072
f 4306/2636/2073 4328/2637/2074 4303/2638/2075
f 4303/2638/2075 4328/2637/2074 4331/2639/2076
f 4304/2615/2051 4303/2638/2075 4313/2606/2039
f 4313/2606/2039 4303/2638/2075 4314/2638/2077
f 4306/2636/2073 4305/2605/2050 4324/2640/1771
f 4324/2640/1771 4305/2605/2050 4322/2641/1771
f 4307/2642/2078 4310/2643/2079 4350/2644/2080
f 4350/2644/2080 4310/2643/2079 4347/2645/2081
f 4307/2642/2078 4325/2646/1771 4308/2611/2053
f 4308/2611/2053 4325/2646/1771 4327/2647/1771
f 4310/2643/2079 4309/2616/2054 4336/2643/2082
f 4336/2643/2082 4309/2616/2054 4337/2613/2046
f 4311/2636/2083 4314/2638/2077 4318/2637/2084
f 4318/2637/2084 4314/2638/2077 4315/2639/2085
f 4311/2636/2083 4320/2640/1875 4312/2605/2038
f 4312/2605/2038 4320/2640/1875 4319/2641/1875
f 4315/2639/2085 4331/2639/2076 4316/2648/2086
f 4316/2648/2086 4331/2639/2076 4330/2649/2087
f 4317/2650/2088 4316/2648/2086 4356/2651/2089
f 4356/2651/2089 4316/2648/2086 4357/2652/2090
f 4317/2650/2088 4321/2653/1875 4318/2637/2084
f 4318/2637/2084 4321/2653/1875 4320/2640/1875
f 4319/2641/1875 4321/2653/1875 4340/2647/1875
f 4340/2647/1875 4321/2653/1875 4341/2654/1875
f 4323/2653/1771 4322/2641/1771 4326/2654/1771
f 4326/2654/1771 4322/2641/1771 4327/2647/1771
f 4324/2640/1771 4323/2653/1771 4328/2637/2074
f 4328/2637/2074 4323/2653/1771 4329/2655/1771
f 4325/2646/1771 4350/2644/2080 4326/2654/1771
f 4326/2654/1771 4350/2644/2080 4349/2656/1772
f 4329/2655/1771 4334/2651/2091 4330/2649/2087
f 4330/2649/2087 4334/2651/2091 4333/2657/2092
f 4335/2624/2093 4368/2622/2094 4332/2623/2095
f 4332/2623/2095 4368/2622/2094 4371/2621/2065
f 4333/2657/2092 4332/2623/2095 4357/2652/2090
f 4357/2652/2090 4332/2623/2095 4358/2623/2063
f 4334/2651/2091 4362/2658/1771 4335/2624/2093
f 4335/2624/2093 4362/2658/1771 4364/2628/1771
f 4339/2642/2096 4343/2644/2097 4336/2643/2082
f 4336/2643/2082 4343/2644/2097 4346/2645/2098
f 4339/2642/2096 4338/2611/2044 4342/2646/1875
f 4342/2646/1875 4338/2611/2044 4340/2647/1875
f 4342/2646/1875 4341/2654/1875 4343/2644/2097
f 4343/2644/2097 4341/2654/1875 4344/2659/1881
f 4344/2659/1881 4374/2660/2099 4345/2661/2100
f 4345/2661/2100 4374/2660/2099 4373/2662/2101
f 4345/2661/2100 4348/2663/2102 4346/2645/2098
f 4346/2645/2098 4348/2663/2102 4347/2645/2081
f 4349/2656/1772 4348/2663/2102 4352/2660/2103
f 4352/2660/2103 4348/2663/2102 4353/2664/2104
f 4351/2632/2105 4354/2630/2106 4382/2631/2107
f 4382/2631/2107 4354/2630/2106 4379/2629/2072
f 4352/2660/2103 4351/2632/2105 4367/2665/1771
f 4367/2665/1771 4351/2632/2105 4365/2634/1771
f 4354/2630/2106 4353/2664/2104 4372/2630/2068
f 4372/2630/2068 4353/2664/2104 4373/2662/2101
f 4356/2651/2089 4355/2624/2064 4359/2658/1875
f 4359/2658/1875 4355/2624/2064 4360/2628/1875
f 4359/2658/1875 4361/2627/1875 4377/2665/1875
f 4377/2665/1875 4361/2627/1875 4378/2633/1875
f 4363/2627/1771 4362/2658/1771 4366/2633/1771
f 4366/2633/1771 4362/2658/1771 4367/2665/1771
f 4364/2628/1771 4363/2627/1771 4368/2622/2094
f 4368/2622/2094 4363/2627/1771 4369/2617/2055
f 4365/2634/1771 4382/2631/2107 4366/2633/1771
f 4366/2633/1771 4382/2631/2107 4381/2666/1771
f 4374/2660/2099 4377/2665/1875 4375/2632/2070
f 4375/2632/2070 4377/2665/1875 4376/2634/1875
f 4276/2594/2028 4277/2595/2029 4297/2626/1875
f 4297/2626/1875 4277/2595/2029 4361/2627/1875
f 4361/2627/1875 4277/2595/2029 4378/2633/1875
f 4277/2595/2029 4300/2599/2033 4378/2633/1875
f 4283/2609/2042 4289/2614/2047 4280/2608/2041
f 4280/2608/2041 4289/2614/2047 4286/2610/2043
f 4293/2596/2031 4278/2596/2030 4292/2593/2027
f 4292/2593/2027 4278/2596/2030 4275/2592/2026
f 4389/2602/2036 4392/2667/2108 4301/2600/2034
f 4301/2600/2034 4392/2667/2108 4380/2635/2071
f 4383/2668/2109 4296/2625/2066 4386/2620/2059
f 4386/2620/2059 4296/2625/2066 4370/2618/2057
f 4304/2615/2051 4313/2606/2039 4285/2604/2043
f 4285/2604/2043 4313/2606/2039 4281/2604/2037
f 4287/2603/2049 4288/2607/2052 4305/2605/2050
f 4327/2647/1771 4322/2641/1771 4308/2611/2053
f 4322/2641/1771 4305/2605/2050 4308/2611/2053
f 4288/2607/2052 4308/2611/2053 4305/2605/2050
f 4337/2613/2046 4309/2616/2054 4282/2612/2045
f 4282/2612/2045 4309/2616/2054 4290/2612/2048
f 4357/2652/2090 4316/2648/2086 4333/2657/2092
f 4333/2657/2092 4316/2648/2086 4330/2649/2087
f 4353/2664/2104 4348/2663/2102 4373/2662/2101
f 4373/2662/2101 4348/2663/2102 4345/2661/2100
f 4319/2641/1875 4340/2647/1875 4312/2605/2038
f 4312/2605/2038 4340/2647/1875 4279/2603/2037
f 4340/2647/1875 4338/2611/2044 4279/2603/2037
f 4338/2611/2044 4284/2607/2040 4279/2603/2037
f 4367/2665/1771 4362/2658/1771 4352/2660/2103
f 4352/2660/2103 4362/2658/1771 4349/2656/1772
f 4349/2656/1772 4362/2658/1771 4326/2654/1771
f 4362/2658/1771 4334/2651/2091 4326/2654/1771
f 4334/2651/2091 4329/2655/1771 4326/2654/1771
f 4329/2655/1771 4323/2653/1771 4326/2654/1771
f 4359/2658/1875 4377/2665/1875 4356/2651/2089
f 4356/2651/2089 4377/2665/1875 4317/2650/2088
f 4317/2650/2088 4377/2665/1875 4321/2653/1875
f 4377/2665/1875 4374/2660/2099 4321/2653/1875
f 4374/2660/2099 4344/2659/1881 4321/2653/1875
f 4344/2659/1881 4341/2654/1875 4321/2653/1875
f 4294/2595/2060 4291/2594/2056 4381/2666/1771
f 4381/2666/1771 4291/2594/2056 4366/2633/1771
f 4366/2633/1771 4291/2594/2056 4363/2627/1771
f 4369/2617/2055 4363/2627/1771 4291/2594/2056
f 4315/2639/2085 4314/2638/2077 4331/2639/2076
f 4331/2639/2076 4314/2638/2077 4303/2638/2075
f 4336/2643/2082 4346/2645/2098 4310/2643/2079
f 4310/2643/2079 4346/2645/2098 4347/2645/2081
f 4295/2621/2061 4358/2623/2063 4371/2621/2065
f 4371/2621/2065 4358/2623/2063 4332/2623/2095
f 4372/2630/2068 4302/2629/2067 4354/2630/2106
f 4354/2630/2106 4302/2629/2067 4379/2629/2072
f 4318/2637/2084 4320/2640/1875 4311/2636/2083
f 4324/2640/1771 4328/2637/2074 4306/2636/2073
f 4343/2644/2097 4339/2642/2096 4342/2646/1875
f 4350/2644/2080 4325/2646/1771 4307/2642/2078
f 4298/2622/2062 4360/2628/1875 4355/2624/2064
f 4364/2628/1771 4368/2622/2094 4335/2624/2093
f 4375/2632/2070 4376/2634/1875 4299/2631/2069
f 4382/2631/2107 4365/2634/1771 4351/2632/2105
f 4385/2669/2110 4384/2590/2026 4276/2594/2028
f 4275/2592/2026 4276/2594/2028 4384/2590/2026
f 4279/2603/2037 4280/2608/2041 4281/2604/2037
f 4282/2612/2045 4283/2609/2042 4284/2607/2040
f 4285/2604/2043 4286/2610/2043 4287/2603/2049
f 4288/2607/2052 4289/2614/2047 4290/2612/2048
f 4388/2591/2026 4387/2619/2058 4292/2593/2027
f 4291/2594/2056 4292/2593/2027 4387/2619/2058
f 4296/2625/2066 4297/2626/1875 4295/2621/2061
f 4295/2621/2061 4297/2626/1875 4298/2622/2062
f 4299/2631/2069 4300/2599/2033 4302/2629/2067
f 4302/2629/2067 4300/2599/2033 4301/2600/2034
f 4304/2615/2051 4305/2605/2050 4303/2638/2075
f 4303/2638/2075 4305/2605/2050 4306/2636/2073
f 4307/2642/2078 4308/2611/2053 4310/2643/2079
f 4310/2643/2079 4308/2611/2053 4309/2616/2054
f 4311/2636/2083 4312/2605/2038 4314/2638/2077
f 4314/2638/2077 4312/2605/2038 4313/2606/2039
f 4316/2648/2086 4317/2650/2088 4315/2639/2085
f 4315/2639/2085 4317/2650/2088 4318/2637/2084
f 4319/2641/1875 4320/2640/1875 4321/2653/1875
f 4322/2641/1771 4323/2653/1771 4324/2640/1771
f 4325/2646/1771 4326/2654/1771 4327/2647/1771
f 4328/2637/2074 4329/2655/1771 4331/2639/2076
f 4331/2639/2076 4329/2655/1771 4330/2649/2087
f 4333/2657/2092 4334/2651/2091 4332/2623/2095
f 4332/2623/2095 4334/2651/2091 4335/2624/2093
f 4337/2613/2046 4338/2611/2044 4336/2643/2082
f 4336/2643/2082 4338/2611/2044 4339/2642/2096
f 4340/2647/1875 4341/2654/1875 4342/2646/1875
f 4343/2644/2097 4344/2659/1881 4346/2645/2098
f 4346/2645/2098 4344/2659/1881 4345/2661/2100
f 4348/2663/2102 4349/2656/1772 4347/2645/2081
f 4347/2645/2081 4349/2656/1772 4350/2644/2080
f 4351/2632/2105 4352/2660/2103 4354/2630/2106
f 4354/2630/2106 4352/2660/2103 4353/2664/2104
f 4355/2624/2064 4356/2651/2089 4358/2623/2063
f 4358/2623/2063 4356/2651/2089 4357/2652/2090
f 4359/2658/1875 4360/2628/1875 4361/2627/1875
f 4362/2658/1771 4363/2627/1771 4364/2628/1771
f 4365/2634/1771 4366/2633/1771 4367/2665/1771
f 4368/2622/2094 4369/2617/2055 4371/2621/2065
f 4371/2621/2065 4369/2617/2055 4370/2618/2057
f 4373/2662/2101 4374/2660/2099 4372/2630/2068
f 4372/2630/2068 4374/2660/2099 4375/2632/2070
f 4376/2634/1875 4377/2665/1875 4378/2633/1875
f 4380/2635/2071 4381/2666/1771 4379/2629/2072
f 4379/2629/2072 4381/2666/1771 4382/2631/2107
f 4297/2626/1875 4296/2625/2066 4276/2594/2028
f 4383/2668/2109 4385/2669/2110 4296/2625/2066
f 4385/2669/2110 4276/2594/2028 4296/2625/2066
f 4391/2597/2031 4390/2601/2035 4278/2596/2030
f 4390/2601/2035 4277/2595/2029 4278/2596/2030
f 4381/2666/1771 4380/2635/2071 4294/2595/2060
f 4392/2667/2108 4394/2670/2111 4380/2635/2071
f 4394/2670/2111 4294/2595/2060 4380/2635/2071
f 4394/2670/2111 4393/2598/2032 4294/2595/2060
f 4393/2598/2032 4293/2596/2031 4294/2595/2060
f 4384/2590/2026 4383/2668/2109 4388/2591/2026
f 4388/2591/2026 4383/2668/2109 4386/2620/2059
f 4399/2602/2112 4400/2597/2113 4402/2667/2114
f 4402/2667/2114 4400/2597/2113 4401/2598/2115
f 4383/2668/2109 4384/2590/2026 4385/2669/2110
f 4386/2620/2059 4387/2619/2058 4388/2591/2026
f 4389/2602/2036 4390/2601/2035 4391/2597/2031
f 4392/2667/2108 4393/2598/2032 4394/2670/2111
s 0
f 4395/2671/1875 4384/2671/1875 4396/2672/1875
f 4384/2671/1875 4388/2672/1875 4396/2672/1875
f 4397/2671/1875 4393/2671/1875 4398/2672/1875
f 4393/2671/1875 4391/2672/1875 4398/2672/1875
s 1
f 4391/2597/2031 4400/2597/2113 4389/2602/2036
f 4389/2602/2036 4400/2597/2113 4399/2602/2112
f 4391/2597/2031 4393/2598/2032 4400/2597/2113
f 4400/2597/2113 4393/2598/2032 4401/2598/2115
f 4393/2598/2032 4392/2667/2108 4401/2598/2115
f 4401/2598/2115 4392/2667/2108 4402/2667/2114
f 4392/2667/2108 4389/2602/2036 4402/2667/2114
f 4402/2667/2114 4389/2602/2036 4399/2602/2112
f 4403/2673/2116 4404/2674/2117 4406/2675/2118
f 4406/2675/2118 4404/2674/2117 4405/2676/2119
f 4407/2677/2120 4408/2678/2120 4413/2677/2120
f 4413/2677/2120 4408/2678/2120 4414/2678/2120
f 4405/2676/2119 4404/2674/2117 4411/2676/2121
f 4411/2676/2121 4404/2674/2117 4410/2674/2121
f 4406/2675/2118 4405/2676/2119 4412/2675/2122
f 4412/2675/2122 4405/2676/2119 4411/2676/2121
f 4404/2674/2117 4403/2673/2116 4410/2674/2121
f 4410/2674/2121 4403/2673/2116 4409/2673/2123
f 4403/2673/2116 4407/2677/2120 4409/2673/2123
f 4409/2673/2123 4407/2677/2120 4413/2677/2120
f 4408/2678/2120 4406/2675/2118 4414/2678/2120
f 4414/2678/2120 4406/2675/2118 4412/2675/2122
f 4408/2678/2120 4407/2677/2120 4406/2675/2118
f 4406/2675/2118 4407/2677/2120 4403/2673/2116
f 4409/2673/2123 4412/2675/2122 4410/2674/2121
f 4410/2674/2121 4412/2675/2122 4411/2676/2121
f 4414/2678/2120 4412/2675/2122 4413/2677/2120
f 4413/2677/2120 4412/2675/2122 4409/2673/2123
o item_bladens
v 70.783249 0.000000 0.000000
v 0.072565 70.710701 0.000007
v 0.072565 55.656200 4.000005
v 55.728767 -0.000001 4.000000
v 0.072565 -70.710602 -0.000007
v 0.072565 -55.656101 3.999995
v -70.638138 0.000000 0.000000
v -55.583534 -0.000001 4.000000
v 0.072565 55.656200 -3.999995
v 55.728767 0.000001 -4.000000
v 0.072565 -55.656101 -4.000005
v -55.583534 0.000001 -4.000000
v -41.839630 40.953331 0.382679
v -42.043907 40.754986 -2.118301
v -48.708649 34.283688 0.991670
v -40.828609 41.935013 0.454180
v -46.427177 37.245155 1.990000
v -44.666924 38.954311 1.833939
v -42.018929 41.137989 0.382679
v -44.746258 39.036015 1.833939
v -41.007908 42.119671 0.454180
v -44.402397 39.369892 2.024395
v -41.920689 41.233376 0.831499
v -41.169117 41.963135 0.880400
v -35.388172 47.576286 5.834031
v -42.899910 42.241867 0.831499
v -42.148338 42.971622 0.880400
v -35.071346 47.883919 5.486555
v -34.892052 47.699265 5.486555
v -34.239365 48.691753 6.446780
v -34.595703 48.345757 6.464400
v -34.060070 48.507095 6.446780
v -33.371555 49.175625 3.539569
v -31.462030 51.029732 6.446778
v -36.944023 46.453056 9.964438
v -36.944027 46.453056 14.031741
v -34.060070 48.507095 17.549402
v -31.462032 51.029732 17.549402
v -33.371559 49.175625 20.456614
v -33.570221 49.380219 20.456614
v -31.660694 51.234329 17.549402
v -31.660692 51.234329 6.446778
v -33.127922 49.809685 20.780912
v -31.145182 51.734879 17.762239
v -31.145180 51.734879 6.233941
v -34.068409 50.778290 20.780912
v -32.085670 52.703480 17.762239
v -32.085667 52.703480 6.233941
v -32.601185 52.202930 17.549402
v -32.601181 52.202930 6.446778
v -32.799843 52.407532 6.446778
v -34.510712 50.348824 3.539569
v -34.068409 50.778290 3.215268
v -34.709370 50.553425 3.539569
v -40.645924 44.789181 -1.492821
v -36.229862 49.077065 5.486555
v -35.397881 49.884903 6.446780
v -37.535946 47.062675 9.964438
v -37.535950 47.062675 14.031741
v -35.397884 49.884903 17.549402
v -32.799843 52.407532 17.549402
v -36.050568 48.892410 5.486555
v -35.218586 49.700245 6.446780
v -37.456612 46.980976 9.964438
v -35.574924 49.354248 6.464400
v -36.367393 48.584782 5.834031
v -37.722702 46.722618 9.595964
v -37.289436 46.276402 9.595964
v -37.023354 46.534763 9.964438
v -39.422913 44.204853 10.901679
v -39.734573 43.902237 10.676633
v -39.422913 44.204853 13.094501
v -39.734573 43.902237 13.319547
v -40.167839 44.348450 10.676632
v -40.167839 44.348450 13.319546
v -39.856171 44.651066 13.094500
v -39.856171 44.651066 10.901678
v -39.935501 44.732769 10.901678
v -39.935501 44.732769 13.094500
v -37.456615 46.980976 14.031741
v -37.722702 46.722618 14.400215
v -34.595707 48.345757 17.531782
v -35.574924 49.354248 17.531782
v -37.289440 46.276402 14.400215
v -37.023354 46.534763 14.031741
v -34.239365 48.691753 17.549402
v -35.071350 47.883919 18.509626
v -34.892052 47.699265 18.509626
v -40.828609 41.935013 23.542002
v -39.308117 43.411385 25.489000
v -42.043911 40.754986 26.114479
v -42.242573 40.959587 26.114479
v -39.506775 43.615986 25.489000
v -42.132771 41.066200 26.655708
v -39.292080 43.824440 26.006241
v -43.073257 42.034805 26.655708
v -40.232574 44.793041 26.006241
v -40.447262 44.584583 25.489000
v -34.510712 50.348824 20.456614
v -34.709373 50.553425 20.456614
v -40.645927 44.789185 25.489000
v -36.229866 49.077065 18.509626
v -42.166416 43.312817 23.542002
v -36.050568 48.892410 18.509626
v -35.218586 49.700245 17.549402
v -41.987125 43.128159 23.542002
v -36.367393 48.584782 18.162149
v -42.148338 42.971622 23.115782
v -42.998150 42.146477 23.613499
v -41.920689 41.233376 23.164688
v -41.169117 41.963131 23.115782
v -42.899910 42.241867 23.164688
v -44.402397 39.369892 21.971783
v -44.835659 39.816105 21.971783
v -45.179516 39.482224 22.162249
v -44.589737 40.054890 13.063865
v -43.906918 39.850990 12.776707
v -44.340179 40.297203 12.776707
v -46.560417 38.141403 12.701915
v -46.127159 37.695194 12.701915
v -44.156475 39.608677 13.063865
v -45.916721 37.899521 12.989348
v -46.814831 37.027485 21.761560
v -48.864040 34.491558 22.563002
v -47.248085 37.473690 21.761560
v -48.887947 34.468342 23.004511
v -46.506504 37.326855 22.006182
v -46.427177 37.245155 22.006182
v -44.666924 38.954311 22.162249
v -45.837391 37.817818 12.989348
v -41.839630 40.953331 23.613499
v -48.708649 34.283688 23.004511
v -48.912930 34.085335 25.505491
v -51.621029 31.455841 24.150850
v -49.906410 33.120689 22.387590
v -57.561817 25.687477 17.880131
v -55.847191 27.352337 16.116886
v -52.789154 30.940323 16.471289
v -50.511848 33.151524 18.875061
v -50.085705 33.305344 22.387590
v -50.608261 33.250824 18.875061
v -49.753681 33.627739 22.151100
v -50.216137 33.631565 19.024801
v -49.843254 35.500050 22.563002
v -50.732899 34.636227 22.151100
v -51.134811 33.793110 18.875061
v -50.742687 34.173855 19.024801
v -49.867168 35.476830 23.004511
v -51.064930 34.313835 22.387590
v -51.244225 34.498489 22.387590
v -51.231232 33.892406 18.875061
v -53.508533 31.681206 16.471289
v -50.661003 34.318569 12.738566
v -47.631527 37.260117 13.223666
v -47.552197 37.178410 13.223666
v -47.080303 37.636612 12.924823
v -50.579807 34.238678 12.398953
v -50.581669 34.236870 12.738566
v -53.412113 31.581909 16.471289
v -53.551250 31.446812 16.061390
v -55.776478 27.779751 15.833979
v -53.024704 30.904526 16.061390
v -56.755699 28.788239 15.833979
v -57.005711 28.545483 16.116886
v -57.137775 28.417255 15.374246
v -55.701042 27.852993 15.330037
v -56.680264 28.861485 15.330037
v -56.682125 28.859674 11.998089
v -57.143501 28.411692 11.998089
v -55.702908 27.851187 11.998089
v -56.164280 27.403196 11.998089
v -55.701042 27.852991 8.666141
v -56.158550 27.408762 8.621933
v -55.776478 27.779749 8.162199
v -56.680264 28.861483 8.666141
v -57.137775 28.417253 8.621933
v -56.755699 28.788237 8.162199
v -57.005711 28.545481 7.879292
v -53.412113 31.581907 7.524889
v -53.024704 30.904524 7.934790
v -53.551250 31.446810 7.934790
v -50.146545 33.792465 11.597224
v -50.581669 34.236870 11.257611
v -50.579807 34.238678 11.597224
v -47.748272 36.988022 10.807145
v -46.770420 37.070602 11.063910
v -47.203678 37.516811 11.063910
v -50.216137 33.631565 4.971379
v -50.742687 34.173855 4.971379
v -49.753681 33.627739 1.845079
v -50.732899 34.636227 1.845079
v -51.134811 33.793110 5.121119
v -51.064930 34.313835 1.608589
v -51.231232 33.892406 5.121119
v -47.827606 37.069729 10.807145
v -50.661003 34.318569 11.257611
v -53.508533 31.681204 7.524889
v -51.244225 34.498489 1.608589
v -57.185005 28.730139 7.879292
v -58.899632 27.065279 6.116045
v -59.647324 26.339285 7.984757
v -57.317066 28.601912 8.621933
v -59.691418 26.296473 11.998088
v -57.322800 28.596346 11.998089
v -57.317066 28.601913 15.374246
v -57.185005 28.730141 16.116886
v -59.647324 26.339287 16.011421
v -58.899632 27.065281 17.880131
v -59.448666 26.134686 16.011421
v -59.492756 26.091875 11.998088
v -59.448666 26.134684 7.984757
v -60.008282 25.591314 11.998088
v -59.021996 24.667175 16.165291
v -59.067787 24.622711 11.998088
v -59.962486 25.635780 16.165291
v -59.962486 25.635778 7.830885
v -59.021996 24.667175 7.830885
v -59.186127 26.389605 5.890527
v -58.245636 25.421003 5.890527
v -53.017567 32.379124 -0.620602
v -58.700970 26.860682 6.116045
v -52.760185 32.629036 -0.154661
v -50.052078 35.258537 -1.509311
v -52.958843 32.833637 -0.154661
v -50.046463 35.661488 0.991670
v -50.250744 35.463139 -1.509311
v -43.381721 42.132790 -2.118301
v -43.183060 41.928192 -2.118301
v -43.073254 42.034805 -2.659531
v -50.205631 35.109444 -2.027181
v -40.447258 44.584579 -1.492821
v -40.232571 44.793041 -2.010060
v -39.292076 43.824440 -2.010060
v -42.132767 41.066200 -2.659531
v -49.265141 34.140839 -2.027181
v -42.242569 40.959587 -2.118301
v -39.506771 43.615982 -1.492821
v -39.308113 43.411381 -1.492821
v -33.570221 49.380219 3.539569
v -33.127918 49.809685 3.215268
v -48.912926 34.085331 -1.509311
v -49.111591 34.289936 -1.509311
v -51.621029 31.455839 -0.154660
v -51.819691 31.660440 -0.154660
v -52.077080 31.410521 -0.620602
v -57.760479 25.892076 6.116045
v -58.508171 25.166082 7.984757
v -57.561817 25.687475 6.116045
v -58.309513 24.961481 7.984757
v -55.847191 27.352335 7.879292
v -55.979256 27.224108 8.621933
v -58.353607 24.918671 11.998088
v -55.984989 27.218546 11.998089
v -58.309513 24.961481 16.011421
v -55.979256 27.224110 15.374246
v -58.552265 25.123270 11.998088
v -58.508171 25.166082 16.011421
v -58.245636 25.421003 18.105650
v -57.760479 25.892078 17.880131
v -51.819691 31.660442 24.150850
v -52.077080 31.410522 24.616781
v -49.265144 34.140839 26.023359
v -59.186127 26.389606 18.105650
v -53.017567 32.379124 24.616781
v -49.111595 34.289940 25.505491
v -50.205635 35.109444 26.023359
v -52.760185 32.629036 24.150850
v -50.052082 35.258541 25.505491
v -58.700970 26.860683 17.880131
v -52.958843 32.833637 24.150850
v -50.250748 35.463142 25.505491
v -50.046463 35.661488 23.004511
v -43.177444 42.331139 23.613499
v -43.381725 42.132790 26.114479
v -47.019100 37.854767 22.006182
v -45.258850 39.563931 22.162249
v -46.429317 38.427437 12.989348
v -46.939766 37.773067 22.006182
v -46.349983 38.345734 12.989348
v -44.669067 40.136593 13.063865
v -43.183064 41.928192 26.114479
v -56.026493 27.536995 16.116886
v -56.158550 27.408764 15.374246
v -52.885571 31.039623 16.471289
v -50.069080 33.708954 12.738566
v -50.148411 33.790657 12.738566
v -47.118938 36.732201 13.223666
v -50.146545 33.792465 12.398953
v -46.647045 37.190399 12.924823
v -47.039604 36.650497 13.223666
v -49.906410 33.120689 1.608589
v -52.789154 30.940321 7.524889
v -56.026493 27.536993 7.879292
v -52.885571 31.039621 7.524889
v -50.148411 33.790657 11.257611
v -50.069080 33.708954 11.257611
v -50.511848 33.151524 5.121119
v -47.235683 36.460110 10.807145
v -50.608261 33.250824 5.121119
v -47.315018 36.541817 10.807145
v -50.085705 33.305344 1.608589
v -48.887947 34.468342 0.991670
v -46.506504 37.326855 1.990000
v -48.864040 34.491558 1.433180
v -46.814831 37.027485 2.234621
v -45.916721 37.899521 11.006829
v -46.127159 37.695194 11.294264
v -49.843254 35.500050 1.433180
v -47.248085 37.473690 2.234621
v -49.867168 35.476830 0.991670
v -46.939766 37.773067 1.990000
v -46.349983 38.345734 11.006829
v -46.560417 38.141403 11.294264
v -44.589737 40.054890 10.932315
v -43.906918 39.850990 11.219474
v -44.340179 40.297203 11.219474
v -44.835659 39.816105 2.024395
v -42.998150 42.146477 0.382679
v -45.179516 39.482224 1.833939
v -45.258850 39.563931 1.833939
v -43.177444 42.331139 0.382679
v -47.019100 37.854767 1.990000
v -46.429317 38.427437 11.006829
v -44.669067 40.136593 10.932315
v -42.166416 43.312817 0.454180
v -41.987125 43.128159 0.454180
v -44.156475 39.608677 10.932315
v -44.077141 39.526978 10.932315
v -45.837391 37.817818 11.006829
v -41.007908 42.119671 23.542002
v -42.018929 41.137989 23.613499
v -44.746258 39.036015 22.162249
v -44.077141 39.526978 13.063865
v -35.388176 47.576286 18.162149
v -39.343578 44.123150 13.094501
v -39.343578 44.123150 10.901679
v -40.170113 45.594067 14.307155
v -45.872021 40.057652 15.264463
v -71.880989 78.252853 14.307153
v -40.170113 45.594067 9.694803
v -71.880989 78.252853 9.694801
v -45.872021 40.057652 8.737494
v -83.284813 67.180023 9.694801
v -51.573933 34.521233 9.694803
v -77.582893 72.716438 8.737492
v -77.582893 72.716438 15.264462
v -83.284813 67.180023 14.307153
v -51.573933 34.521233 14.307155
v 47.745689 -61.951534 12.657031
v 48.533741 -62.780651 12.657031
v 46.933548 -63.686832 12.121686
v 46.483063 -60.881435 12.657031
v 46.022293 -62.748341 12.121686
v 47.745193 -61.952015 12.121686
v 48.568707 -61.840599 12.657031
v 48.160503 -61.405407 12.657031
v 46.555775 -59.947292 12.657031
v 52.240559 -57.443775 12.657032
v 63.420132 -68.957657 12.657032
v 58.893459 -72.009613 12.657032
v 57.991215 -71.127510 12.657032
v 56.693073 -70.194855 12.657032
v 55.663765 -69.141579 12.657031
v 54.728077 -68.184090 12.657031
v 53.786770 -67.199852 12.657031
v 52.581944 -65.947319 12.657031
v 51.539993 -64.881096 12.657031
v 50.533669 -63.851334 12.657031
v 49.504391 -62.798092 12.657031
v 42.352818 -47.260239 12.657031
v 39.181728 -52.360844 12.657030
v 40.386547 -53.613369 12.657030
v 41.327904 -54.597656 12.657030
v 42.263546 -55.555084 12.657030
v 43.292854 -56.608383 12.657030
v 44.299133 -57.638096 12.657031
v 45.341133 -58.704365 12.657031
v 53.482864 -56.237526 12.657031
v 44.034958 -46.305134 12.657031
v 31.846027 -33.502102 12.657030
v 44.034817 -46.305271 12.121686
v 53.482788 -56.237602 12.121686
v 65.538750 -68.896065 12.121687
v 44.034958 -46.305134 11.586341
v 53.482864 -56.237526 11.586341
v 65.538750 -68.896065 11.586342
v 63.420132 -68.957657 11.586342
v 52.240559 -57.443775 11.586342
v 58.893459 -72.009613 11.586342
v 57.991215 -71.127510 11.586342
v 56.693073 -70.194855 11.586342
v 55.663765 -69.141579 11.586341
v 54.728077 -68.184090 11.586341
v 53.786770 -67.199852 11.586341
v 52.581944 -65.947319 11.586341
v 51.539993 -64.881096 11.586341
v 50.533669 -63.851334 11.586341
v 49.504391 -62.798092 11.586341
v 48.568707 -61.840599 11.586341
v 48.160503 -61.405407 11.586341
v 42.352818 -47.260239 11.586341
v 39.181728 -52.360844 11.586340
v 40.386547 -53.613369 11.586340
v 41.327904 -54.597656 11.586340
v 42.263546 -55.555084 11.586340
v 43.292854 -56.608383 11.586340
v 44.299133 -57.638096 11.586341
v 45.341133 -58.704365 11.586341
v 46.555775 -59.947292 11.586341
v 45.254314 -59.625439 11.586341
v 46.483063 -60.881435 11.586341
v 47.745689 -61.951534 11.586341
v 44.874756 -61.566502 12.121686
v 46.482056 -60.882416 12.121686
v 45.254314 -59.625439 12.657031
v 45.253433 -59.626217 12.121686
v 43.536686 -60.188431 12.121686
v 44.200226 -58.547985 12.657031
v 44.199436 -58.548752 12.121686
v 44.200226 -58.547985 11.586341
v 43.182247 -57.507431 11.586341
v 42.438717 -59.057644 12.121686
v 43.181480 -57.508175 12.121686
v 43.182247 -57.507431 12.657031
v 42.140984 -56.443081 12.657030
v 41.474674 -58.064785 12.121686
v 42.140247 -56.443794 12.121685
v 42.140984 -56.443081 11.586340
v 40.596317 -57.160168 12.121686
v 41.194431 -55.475548 11.586340
v 39.721027 -56.258717 12.121685
v 41.194153 -55.475819 12.121685
v 40.243977 -54.479176 11.586340
v 38.647320 -55.152912 12.121685
v 40.243473 -54.479664 12.121685
v 39.026840 -53.211811 11.586340
v 37.972786 -52.134399 11.586340
v 39.025997 -53.212631 12.121685
v 37.309265 -53.774860 12.121685
v 37.972786 -52.134399 12.657030
v 39.026840 -53.211811 12.657030
v 37.971996 -52.135166 12.121685
v 36.211285 -52.644058 12.121685
v 36.954815 -51.093845 12.657030
v 36.954048 -51.094589 12.121685
v 36.954815 -51.093845 11.586340
v 35.913548 -50.029495 11.586340
v 35.247246 -51.651203 12.121685
v 37.133480 -50.264885 11.586340
v 38.139767 -51.294613 11.586340
v 36.104179 -49.211601 11.586340
v 34.966999 -49.061958 11.586340
v 35.168537 -48.254169 11.586340
v 34.387863 -47.435375 11.586340
v 34.178997 -48.232899 11.586340
v 34.178493 -48.233387 12.121685
v 33.493553 -49.845089 12.121685
v 32.961861 -46.965534 11.586340
v 32.582302 -48.906597 12.121685
v 34.178997 -48.232899 12.657030
v 32.961861 -46.965534 12.657030
v 32.961018 -46.966351 12.121685
v 31.244286 -47.528584 12.121685
v 31.907806 -45.888123 12.657030
v 31.907017 -45.888889 12.121685
v 31.907806 -45.888123 11.586340
v 30.146305 -46.397785 12.121685
v 30.889786 -44.847523 11.586340
v 32.141079 -45.116611 11.586340
v 33.183041 -46.182842 11.586340
v 31.134800 -44.086895 11.586339
v 30.105492 -43.033600 11.586339
v 29.848530 -43.783180 11.586339
v 29.182274 -45.404934 12.121685
v 28.901981 -42.815647 11.586339
v 29.847794 -43.783894 12.121684
v 28.303852 -44.500259 12.121685
v 28.901981 -42.815647 12.657029
v 29.848530 -43.783180 12.657029
v 28.901699 -42.815914 12.121684
v 27.428574 -43.598812 12.121684
v 27.864994 -41.706833 12.657029
v 27.863987 -41.707809 12.121684
v 27.864994 -41.706833 11.586339
v 26.256680 -42.391891 12.121684
v 26.636246 -40.450836 11.586339
v 28.141193 -40.982262 11.586339
v 29.169811 -42.076130 11.586339
v 26.926571 -39.739349 11.586339
v 25.884609 -38.673119 11.586339
v 25.582150 -39.373375 11.586339
v 30.378204 -34.927322 11.586340
v 18.137585 -22.320305 11.586339
v 19.801968 -20.847010 11.586339
v 31.846027 -33.502102 11.586340
v 31.845814 -33.502312 12.121685
v 19.801966 -20.847008 12.657029
v 19.801674 -20.847296 12.121684
v 6.513875 -6.887111 12.121683
v 6.514251 -6.886743 12.657028
v 6.514251 -6.886743 11.586338
v -2.349983 2.434314 11.586337
v 4.783933 -8.566846 11.586338
v 0.403784 -12.437257 11.586337
v 1.410074 -13.466987 11.586337
v -4.176043 0.661254 11.586337
v -17.960974 14.858418 11.586336
v -21.794842 10.438453 11.586335
v -16.126398 16.639746 11.586336
v -20.590036 9.185939 11.586335
v -19.809376 8.367141 11.586335
v -18.873692 7.409669 11.586335
v -17.844379 6.356382 11.586335
v -16.838093 5.326660 11.586336
v -15.796131 4.260427 11.586336
v -14.591314 3.007903 11.586336
v -13.649998 2.023655 11.586336
v -12.714321 1.066182 11.586336
v -11.685011 0.012895 11.586336
v -10.678720 -1.016831 11.586336
v -9.636759 -2.083062 11.586336
v -8.422087 -3.326027 11.586336
v -0.660676 -11.338379 11.586337
v -1.642050 -10.325277 11.586337
v -2.318577 -9.626878 11.586337
v -3.638830 -8.263936 11.586337
v -4.656955 -7.212897 11.586337
v -5.681616 -6.155100 11.586336
v -6.803528 -4.996914 11.586336
v -7.670709 -4.101701 11.586336
v -8.342859 -4.418820 11.586336
v -7.466270 -5.324113 11.586336
v -7.467517 -5.325316 12.121681
v -8.831754 -6.254586 12.121681
v -7.953347 -7.159257 12.121682
v -6.332171 -6.495350 11.586337
v -6.989316 -8.152106 12.121682
v -5.296406 -7.565031 11.586337
v -6.333351 -6.496492 12.121682
v -6.332171 -6.495350 12.657027
v -7.466270 -5.324113 12.657026
v -5.296406 -7.565031 12.657027
v -6.803528 -4.996914 12.657026
v -5.681616 -6.155100 12.657026
v -4.176043 0.661254 12.657027
v -4.656955 -7.212897 12.657027
v -4.267262 -8.627876 12.657027
v -3.638830 -8.263936 12.657027
v -2.932672 -10.006175 12.657027
v -2.318577 -9.626878 12.657027
v -1.642050 -10.325277 12.657027
v -2.248800 -10.712449 12.657027
v -3.642068 -11.599410 12.121682
v -1.256807 -11.736924 12.657027
v -2.766781 -12.500854 12.121682
v -2.249713 -10.713337 12.121682
v -2.248800 -10.712449 11.586337
v -2.932672 -10.006175 11.586337
v -1.256807 -11.736924 11.586337
v -1.888366 -13.405534 12.121682
v -0.180801 -12.848165 11.586337
v -1.257643 -11.737744 12.121682
v -0.924335 -14.398376 12.121682
v -0.181569 -12.848910 12.121682
v 0.837175 -13.888719 11.586337
v 0.836385 -13.889485 12.121682
v 0.173643 -15.529174 12.121682
v 1.891223 -14.966130 11.586337
v 1.890383 -14.966950 12.121682
v 1.511659 -16.907187 12.121682
v 3.108354 -16.233490 11.586337
v 2.452035 -14.533217 11.586337
v 3.656853 -15.785743 11.586337
v 4.058820 -17.229868 11.586337
v 4.598167 -16.769987 11.586337
v 5.005370 -18.197401 11.586337
v 5.533850 -17.727465 11.586337
v 6.046634 -19.261753 11.586338
v 6.563158 -18.780752 11.586337
v 7.064611 -20.302307 11.586338
v 7.569444 -19.810472 11.586338
v 8.611406 -20.876705 11.586338
v 9.826084 -22.119671 11.586338
v 8.118696 -21.379759 11.586338
v 7.739141 -23.320820 12.121683
v 8.117819 -21.380539 12.121683
v 9.347448 -22.635756 11.586338
v 6.401080 -21.942762 12.121683
v 7.064611 -20.302305 12.657028
v 8.118696 -21.379757 12.657028
v 7.063822 -20.303074 12.121683
v 5.303101 -20.811964 12.121683
v 6.046634 -19.261751 12.657028
v 6.045868 -19.262497 12.121683
v 4.339070 -19.819115 12.121683
v 5.005370 -18.197399 12.657027
v 5.004638 -18.198116 12.121682
v 3.460701 -18.914490 12.121682
v 4.058541 -17.230139 12.121682
v 4.058820 -17.229866 12.657027
v 3.108354 -16.233488 12.657027
v 2.585375 -18.012999 12.121682
v 3.656853 -15.785743 12.657027
v 4.598167 -16.769985 12.657027
v 5.533850 -17.727463 12.657027
v 18.137583 -22.320303 12.657029
v 1.410074 -13.466987 12.657027
v 4.783933 -8.566846 12.657028
v 2.452035 -14.533217 12.657027
v 6.563158 -18.780750 12.657027
v 7.569444 -19.810471 12.657028
v 8.611406 -20.876703 12.657028
v 9.826084 -22.119669 12.657028
v 10.755226 -23.111094 12.657028
v 11.690907 -24.068563 12.657028
v 12.720219 -25.121859 12.657028
v 13.726505 -26.151581 12.657028
v 30.378204 -34.927322 12.657030
v 25.884607 -38.673119 12.657029
v 24.878275 -37.643349 12.657029
v 23.848965 -36.590054 12.657029
v 22.913322 -35.632622 12.657029
v 21.971972 -34.648342 12.657029
v 20.767145 -33.395809 12.657029
v 19.725193 -32.329586 12.657029
v 18.718906 -31.299858 12.657028
v 17.689594 -30.246563 12.657028
v 16.753952 -29.289133 12.657028
v 15.973284 -28.470337 12.657028
v 14.768467 -27.217812 12.657028
v 13.289738 -26.713516 12.657028
v 14.343782 -27.790920 12.657028
v 15.560917 -29.058285 12.657028
v 12.626207 -28.353973 12.121683
v 13.964226 -29.731985 12.121683
v 14.342939 -27.791740 12.121683
v 14.343784 -27.790922 11.586338
v 13.289740 -26.713518 11.586338
v 15.560919 -29.058287 11.586338
v 14.768469 -27.217813 11.586338
v 15.973286 -28.470339 11.586338
v 16.753954 -29.289135 11.586338
v 17.689596 -30.246565 11.586338
v 16.348923 -29.887348 11.586338
v 15.750765 -31.571930 12.121683
v 16.348644 -29.887617 12.121683
v 17.295481 -30.854889 11.586338
v 14.875479 -30.670477 12.121683
v 16.348921 -29.887346 12.657028
v 15.560417 -29.058775 12.121683
v 17.295479 -30.854887 12.657028
v 18.336735 -31.919230 12.657029
v 16.629171 -32.476593 12.121684
v 17.294744 -30.855602 12.121683
v 18.335970 -31.919977 12.121684
v 18.336737 -31.919231 11.586339
v 17.593204 -33.469440 12.121684
v 19.354713 -32.959789 11.586339
v 18.718908 -31.299860 11.586338
v 19.725195 -32.329586 11.586339
v 20.767147 -33.395809 11.586339
v 20.408802 -34.037235 11.586339
v 21.971973 -34.648342 11.586339
v 21.625893 -35.304554 11.586339
v 22.913324 -35.632622 11.586339
v 23.848967 -36.590054 11.586339
v 22.576366 -36.300941 11.586339
v 21.102959 -37.084114 12.121684
v 23.522909 -37.268471 11.586339
v 21.978231 -37.985550 12.121684
v 22.576088 -36.301212 12.121684
v 22.576365 -36.300941 12.657029
v 21.625891 -35.304554 12.657029
v 23.522907 -37.268471 12.657029
v 24.564173 -38.332821 12.657029
v 22.856653 -38.890232 12.121684
v 23.522175 -37.269184 12.121684
v 24.563408 -38.333565 12.121684
v 24.564175 -38.332821 11.586339
v 23.820646 -39.883038 12.121684
v 24.878277 -37.643349 11.586339
v 25.582148 -39.373375 12.657029
v 25.581360 -39.374142 12.121684
v 24.918625 -41.013836 12.121684
v 26.636246 -40.450836 12.657029
v 26.635403 -40.451653 12.121684
v 26.926571 -39.739349 12.657029
v 28.141193 -40.982262 12.657029
v 29.169811 -42.076130 12.657029
v 30.105492 -43.033600 12.657029
v 31.134800 -44.086895 12.657029
v 32.141079 -45.116611 12.657030
v 30.889786 -44.847523 12.657030
v 30.889023 -44.848267 12.121685
v 33.183041 -46.182842 12.657030
v 34.387863 -47.435375 12.657030
v 35.168537 -48.254169 12.657030
v 36.104179 -49.211601 12.657030
v 34.966999 -49.061958 12.657030
v 35.913548 -50.029495 12.657030
v 34.368832 -50.746536 12.121685
v 34.966721 -49.062229 12.121685
v 35.912811 -50.030209 12.121685
v 37.133480 -50.264885 12.657030
v 38.139767 -51.294613 12.657030
v 20.029243 -35.978302 12.121684
v 21.625389 -35.305042 12.121684
v 20.408800 -34.037235 12.657029
v 19.354712 -32.959789 12.657029
v 18.691181 -34.600243 12.121684
v 20.407921 -34.038017 12.121684
v 19.353924 -32.960556 12.121684
v 13.726507 -26.151583 11.586338
v 12.271719 -25.672918 11.586338
v 12.720221 -25.121861 11.586338
v 11.230453 -24.608566 11.586338
v 11.690908 -24.068565 11.586338
v 10.283903 -23.641033 11.586338
v 10.755228 -23.111095 11.586338
v 9.685783 -25.325651 12.121683
v 10.283625 -23.641304 12.121683
v 8.810497 -24.424202 12.121683
v 9.347448 -22.635754 12.657028
v 10.283901 -23.641031 12.657028
v 9.346441 -22.636732 12.121683
v 11.230452 -24.608564 12.657028
v 12.271717 -25.672916 12.657028
v 10.564198 -26.230326 12.121683
v 11.229719 -24.609282 12.121683
v 12.270952 -25.673662 12.121683
v 11.528231 -27.223173 12.121683
v 13.288950 -26.714285 12.121683
v 1.891223 -14.966130 12.657027
v 0.837175 -13.888719 12.657027
v 0.403784 -12.437257 12.657027
v -0.180801 -12.848165 12.657027
v -0.660676 -11.338379 12.657027
v -2.349983 2.434314 12.657027
v -2.350153 2.434149 12.121682
v -16.126398 16.639748 12.657026
v -26.096354 26.920185 12.657025
v -26.096409 26.920126 12.121680
v -16.126499 16.639647 12.121681
v -17.960974 14.858418 12.657026
v -31.776628 20.692129 12.657024
v -30.840946 19.734652 12.657024
v -29.811642 18.681372 12.657025
v -28.805347 17.651642 12.657025
v -27.763386 16.585411 12.657025
v -26.548725 15.342456 12.657025
v -25.808077 14.545159 12.657025
v -24.872402 13.587695 12.657025
v -23.843092 12.534408 12.657025
v -22.836798 11.504676 12.657025
v -21.794842 10.438453 12.657025
v -27.937101 25.132856 12.657025
v -32.717957 21.676392 12.657024
v -40.481342 38.052071 12.657024
v -33.922768 22.928904 12.657024
v -34.964725 23.995138 12.657024
v -35.971016 25.024866 12.657024
v -37.000320 26.078152 12.657024
v -37.936001 27.035618 12.657024
v -38.716656 27.854404 12.657024
v -39.921463 29.106918 12.657024
v -40.963425 30.173149 12.657024
v -41.969715 31.202877 12.657024
v -42.999023 32.256161 12.657023
v -43.934704 33.213631 12.657023
v -44.679497 33.975773 12.657023
v -39.209023 40.440842 12.657024
v -45.763840 34.076279 12.657023
v -45.010391 33.306126 12.657023
v -46.483814 32.522972 12.121678
v -45.763840 34.076279 12.121678
v -39.209023 40.440842 12.121679
v -39.209023 40.440842 11.586334
v -26.096352 26.920183 11.586335
v -45.763840 34.076279 11.586333
v -45.010391 33.306126 11.586333
v -40.481342 38.052071 11.586334
v -44.679497 33.975773 11.586333
v -43.934704 33.213631 11.586333
v -42.999023 32.256161 11.586333
v -44.063843 32.338593 11.586333
v -45.608528 31.621523 12.121678
v -44.730118 30.716852 12.121679
v -43.022572 31.274240 11.586334
v -44.064575 32.337883 12.121678
v -44.063843 32.338593 12.657023
v -43.022572 31.274242 12.657024
v -42.004589 30.233688 12.657024
v -43.766090 29.724012 12.121679
v -43.023338 31.273497 12.121679
v -42.005379 30.232920 12.121679
v -42.004589 30.233686 11.586334
v -42.668110 28.593210 12.121679
v -40.950527 29.156248 11.586334
v -41.969715 31.202875 11.586334
v -40.963425 30.173147 11.586334
v -39.921463 29.106916 11.586334
v -38.716656 27.854403 11.586334
v -39.733406 27.888910 11.586334
v -41.330078 27.215178 12.121679
v -39.733913 27.888426 12.121679
v -40.418823 26.276686 12.121679
v -38.945404 27.059839 11.586334
v -37.998848 26.092302 11.586334
v -38.945679 27.059572 12.121679
v -37.936001 27.035616 11.586334
v -39.543533 25.375235 12.121679
v -38.945404 27.059841 12.657024
v -37.998848 26.092304 12.657024
v -37.999580 26.091593 12.121679
v -38.665123 24.470564 12.121679
v -36.957584 25.027954 12.657024
v -36.958347 25.027212 12.121679
v -36.957581 25.027952 11.586334
v -35.939602 23.987398 11.586334
v -37.000320 26.078150 11.586334
v -35.971012 25.024864 11.586334
v -37.701103 23.477730 12.121679
v -35.939602 23.987400 12.657024
v -35.940392 23.986631 12.121679
v -36.603119 22.346924 12.121679
v -34.885532 22.909964 12.657024
v -34.886372 22.909145 12.121679
v -34.885532 22.909962 11.586334
v -35.265087 20.968895 12.121679
v -33.668411 21.642620 11.586334
v -34.964722 23.995136 11.586334
v -33.922764 22.928902 11.586334
v -32.717953 21.676390 11.586334
v -31.776627 20.692127 11.586334
v -27.937099 25.132854 11.586335
v -32.717957 20.646244 11.586334
v -32.731960 20.660116 12.121679
v -34.191376 19.863091 12.121679
v -33.316093 18.961643 12.121679
v -31.771404 19.678707 11.586334
v -31.772135 19.677996 12.121679
v -32.437679 18.056967 12.121680
v -30.730139 18.614359 11.586335
v -30.840944 19.734650 11.586334
v -29.811640 18.681370 11.586335
v -29.712158 17.573801 11.586335
v -28.805346 17.651640 11.586335
v -28.658089 16.496363 11.586335
v -27.763384 16.585409 11.586335
v -27.429312 15.240350 11.586335
v -26.548723 15.342456 11.586335
v -25.808075 14.545159 11.586335
v -26.683449 14.431354 11.586335
v -25.736902 13.463824 11.586335
v -28.156870 13.648198 12.121680
v -26.683727 14.431083 12.121680
v -27.281584 12.746747 12.121680
v -26.683451 14.431354 12.657025
v -25.736904 13.463824 12.657025
v -25.737633 13.463115 12.121680
v -26.403173 11.842082 12.121680
v -24.695631 12.399465 12.657025
v -24.696396 12.398721 12.121680
v -24.695629 12.399465 11.586335
v -25.439148 10.849240 12.121680
v -23.677652 11.358911 11.586335
v -24.872400 13.587695 11.586335
v -23.843090 12.534408 11.586335
v -22.836796 11.504676 11.586335
v -22.623583 10.281474 11.586335
v -22.624422 10.280665 12.121680
v -24.341175 9.718442 12.121680
v -21.406466 9.014134 11.586335
v -23.003124 8.340396 12.121680
v -22.623585 10.281474 12.657025
v -21.406965 9.013650 12.121680
v -21.406466 9.014134 12.657025
v -20.618464 8.185073 12.657025
v -22.091869 7.401905 12.121680
v -20.590036 9.185939 12.657025
v -19.809376 8.367141 12.657025
v -19.671913 7.217540 12.657025
v -18.873692 7.409669 12.657025
v -17.844379 6.356382 12.657025
v -18.630650 6.153188 12.657026
v -20.338169 5.595781 12.121681
v -17.612673 5.112635 12.657026
v -19.374136 4.602932 12.121681
v -18.631414 6.152444 12.121681
v -18.630650 6.153188 11.586336
v -19.671913 7.217540 11.586335
v -17.612673 5.112635 11.586336
v -16.558582 4.035176 11.586336
v -18.276159 3.472133 12.121681
v -17.613462 5.111868 12.121681
v -16.558582 4.035176 12.657026
v -16.559420 4.034364 12.121681
v -16.938150 2.094121 12.121681
v -15.341486 2.767865 12.657026
v -15.341990 2.767376 12.121681
v -15.341486 2.767865 11.586336
v -14.391027 1.771486 11.586336
v -15.864433 0.988316 12.121681
v -14.391027 1.771486 12.657026
v -14.391306 1.771215 12.121681
v -14.989153 0.086865 12.121681
v -13.444477 0.803952 12.657026
v -13.445209 0.803241 12.121681
v -13.444477 0.803952 11.586336
v -14.110733 -0.817807 12.121681
v -12.403212 -0.260400 11.586336
v -13.146708 -1.810655 12.121681
v -11.385195 -1.300996 11.586336
v -12.403979 -0.261143 12.121681
v -12.403212 -0.260400 12.657026
v -11.385195 -1.300996 12.657026
v -12.714321 1.066182 12.657026
v -11.685011 0.012895 12.657026
v -10.678720 -1.016831 12.657026
v -9.636759 -2.083062 12.657026
v -10.331151 -2.378408 12.657026
v -12.048731 -2.941455 12.121681
v -9.102354 -3.634441 12.657026
v -10.710714 -4.319468 12.121681
v -10.331991 -2.379224 12.121681
v -10.331151 -2.378408 11.586336
v -9.102354 -3.634441 11.586336
v -9.707042 -5.353141 12.121681
v -9.103360 -3.635419 12.121681
v -8.342859 -4.418820 12.657026
v -8.344083 -4.420000 12.121681
v -8.422087 -3.326027 12.657026
v -7.670709 -4.101701 12.657026
v -11.385984 -1.301763 12.121681
v -13.649998 2.023655 12.657026
v -14.591314 3.007903 12.657026
v -15.796131 4.260427 12.657026
v -16.838093 5.326660 12.657026
v -21.216583 6.500453 12.121680
v -20.618464 8.185073 11.586335
v -19.672646 7.216830 12.121680
v -20.618742 8.184802 12.121680
v -23.677654 11.358911 12.657025
v -23.678442 11.358144 12.121680
v -27.429314 15.240350 12.657025
v -28.658091 16.496365 12.657025
v -29.037642 14.555299 12.121680
v -27.430319 15.239375 12.121680
v -28.658936 16.495560 12.121680
v -30.375673 15.933328 12.121680
v -29.712160 17.573803 12.657025
v -29.712948 17.573034 12.121680
v -31.473660 17.064135 12.121680
v -30.730141 18.614361 12.657025
v -30.730906 18.613615 12.121680
v -31.771406 19.678709 12.657024
v -32.717957 20.646246 12.657024
v -33.668411 21.642622 12.657024
v -33.668915 21.642132 12.121679
v -39.733406 27.888912 12.657024
v -40.950527 29.156250 12.657024
v -40.951366 29.155432 12.121679
v -45.010670 33.305855 12.121678
v 3.107855 -16.233976 12.121682
v -4.267262 -8.627876 11.586337
v -4.553320 -10.660918 12.121682
v -2.933609 -10.007085 12.121682
v -4.268315 -8.628906 12.121682
v -5.891337 -9.282905 12.121682
v -5.297521 -7.566113 12.121682
v 40.243977 -54.479176 12.657030
v 41.194431 -55.475548 12.657030
v 48.533741 -62.780651 11.586341
v 47.808838 -64.588287 12.121686
v 49.480247 -63.748135 11.586341
v 48.533463 -62.780922 12.121686
v 50.521557 -64.812531 11.586341
v 49.479511 -63.748848 12.121686
v 48.687248 -65.492958 12.121686
v 49.480247 -63.748135 12.657031
v 50.521557 -64.812531 12.657031
v 50.520794 -64.813278 12.121686
v 49.651283 -66.485809 12.121686
v 51.539524 -65.853081 12.657031
v 51.538734 -65.853844 12.121686
v 51.539524 -65.853081 11.586341
v 52.593578 -66.930489 11.586341
v 50.749260 -67.616600 12.121686
v 52.593578 -66.930489 12.657031
v 52.592735 -66.931305 12.121686
v 52.087269 -68.994614 12.121686
v 53.810715 -68.197853 12.657031
v 53.810219 -68.198334 12.121686
v 53.810715 -68.197853 11.586341
v 53.160976 -70.100418 12.121687
v 54.761177 -69.194229 11.586341
v 54.036270 -71.001877 12.121687
v 54.760899 -69.194496 12.121686
v 55.707722 -70.161758 11.586342
v 56.748993 -71.226128 11.586342
v 55.706993 -70.162468 12.121687
v 54.914680 -71.906540 12.121687
v 55.707722 -70.161758 12.657032
v 56.748993 -71.226128 12.657032
v 56.748226 -71.226860 12.121687
v 55.878719 -72.899391 12.121687
v 58.096302 -72.135254 12.657032
v 58.091022 -72.140381 12.121687
v 58.096302 -72.135254 11.586342
v 59.012577 -73.023186 11.586342
v 56.843937 -73.909393 12.121687
v 59.012577 -73.023186 12.657032
v 57.990246 -75.074043 12.121687
v 66.393021 -69.780815 12.121688
v 65.538750 -68.896065 12.657032
v 54.761177 -69.194229 12.657031
v -37.367924 41.775517 12.681252
v -42.603741 36.691673 13.091077
v -40.960201 45.475170 12.681252
v -37.367924 41.775517 11.320706
v -40.960201 45.475170 11.320705
v -42.603741 36.691673 10.910880
v -46.196011 40.391327 10.910880
v -47.839550 31.607828 11.320705
v -51.431828 35.307480 11.320705
v -51.431828 35.307480 12.681252
v -47.839550 31.607830 12.681252
v -46.196011 40.391327 13.091077
vn 0.2487 0.2487 0.9361
vn 0.1916 -0.0000 0.9815
vn 0.9951 -0.0984 -0.0000
vn 0.0093 0.0823 0.9966
vn -0.0001 -0.2568 0.9665
vn -0.0000 -0.1916 0.9815
vn -0.2568 0.0001 0.9665
vn -0.1916 -0.0000 0.9815
vn 0.0984 0.9951 -0.0000
vn -0.0000 0.1916 -0.9815
vn 0.1916 -0.0000 -0.9815
vn -0.0000 -0.1916 -0.9815
vn -0.1916 -0.0000 -0.9815
vn 0.6966 -0.7174 -0.0001
vn 0.6966 -0.7175 0.0001
vn 0.6966 -0.7175 -0.0001
vn 0.6570 -0.6403 0.3979
vn 0.2802 0.2721 0.9206
vn 0.6570 -0.6403 0.3980
vn 0.2801 0.2720 0.9206
vn 0.6299 -0.7722 0.0829
vn -0.0363 -0.0352 0.9987
vn 0.6967 -0.7174 -0.0001
vn 0.6300 -0.7722 0.0828
vn 0.2592 0.2516 0.9325
vn -0.0334 -0.0325 0.9989
vn -0.3729 -0.3620 0.8544
vn 0.6967 -0.7174 -0.0000
vn 0.6966 -0.7175 -0.0000
vn -0.4576 -0.4443 0.7702
vn 0.6965 -0.7175 -0.0000
vn 0.5802 -0.8145 0.0001
vn 0.5801 -0.8145 -0.0001
vn 0.5800 -0.8146 -0.0000
vn 0.3727 0.3621 0.8544
vn 0.5292 0.5139 0.6752
vn 0.5292 0.5138 -0.6753
vn 0.5291 0.5138 0.6753
vn 0.5291 0.5138 -0.6753
vn 0.5292 0.5137 0.6753
vn 0.3729 0.3619 0.8544
vn 0.5293 0.5137 -0.6752
vn 0.5292 0.5138 0.6753
vn -0.6966 0.7174 0.0001
vn 0.3729 0.3619 -0.8544
vn 0.3728 0.3619 -0.8544
vn -0.6966 0.7175 -0.0001
vn -0.6966 0.7174 -0.0000
vn -0.7971 0.6039 0.0001
vn -0.7971 0.6039 -0.0000
vn -0.7972 0.6038 -0.0000
vn -0.3727 -0.3620 0.8544
vn -0.3557 -0.3454 0.8684
vn -0.5085 -0.4939 -0.7054
vn 0.6698 -0.7379 0.0829
vn -0.3757 -0.3649 0.8519
vn -0.4880 -0.4740 -0.7329
vn -0.5087 -0.4938 -0.7053
vn -0.1937 -0.1881 -0.9629
vn 0.6966 -0.7174 -0.0000
vn -0.1936 -0.1881 0.9629
vn -0.2167 -0.2104 -0.9533
vn -0.1936 -0.1879 -0.9629
vn -0.1937 -0.1879 0.9629
vn -0.7174 -0.6966 -0.0001
vn -0.6967 0.7174 -0.0001
vn -0.5085 -0.4939 0.7053
vn -0.2168 -0.2105 0.9533
vn -0.4880 -0.4739 0.7329
vn 0.6698 -0.7379 -0.0829
vn -0.5089 -0.4942 0.7048
vn -0.4576 -0.4443 -0.7702
vn -0.3728 -0.3619 -0.8544
vn 0.6968 -0.7173 -0.0000
vn 0.6967 -0.7174 0.0001
vn -0.0456 -0.0441 0.9980
vn 0.1162 0.1129 0.9868
vn -0.0455 -0.0441 0.9980
vn 0.1160 0.1128 0.9868
vn -0.0454 -0.0443 0.9980
vn 0.1162 0.1126 0.9868
vn 0.1162 0.1127 0.9868
vn 0.3729 0.3620 0.8544
vn -0.6967 0.7174 -0.0000
vn -0.6966 0.7175 0.0001
vn -0.3727 -0.3620 -0.8544
vn -0.0334 -0.0325 -0.9989
vn -0.0362 -0.0353 -0.9987
vn -0.3556 -0.3454 -0.8685
vn -0.0363 -0.0354 -0.9987
vn -0.0333 -0.0325 -0.9989
vn 0.2590 0.2517 -0.9325
vn 0.6299 -0.7723 -0.0830
vn 0.2802 0.2720 -0.9206
vn 0.7144 0.6939 0.0901
vn 0.7155 0.6946 0.0748
vn 0.0173 0.0168 -0.9997
vn 0.7146 0.6937 0.0900
vn -0.7144 -0.6938 -0.0907
vn 0.7623 -0.6448 -0.0564
vn 0.7622 -0.6449 -0.0564
vn -0.7135 -0.6927 -0.1052
vn -0.1870 -0.1815 -0.9655
vn -0.1869 -0.1814 -0.9655
vn 0.6570 -0.6403 -0.3980
vn 0.6966 -0.7174 0.0001
vn 0.7605 -0.6347 -0.1366
vn 0.7606 -0.6347 -0.1367
vn 0.2486 0.2415 -0.9380
vn 0.7125 0.6919 -0.1169
vn 0.6873 -0.7199 -0.0966
vn -0.1725 -0.1674 -0.9707
vn 0.2261 0.2197 -0.9490
vn 0.7126 0.6918 -0.1168
vn 0.7135 0.6928 -0.1047
vn 0.2487 0.2414 -0.9380
vn -0.1869 -0.1815 -0.9655
vn -0.6121 0.7789 -0.1367
vn -0.6120 0.7790 -0.1367
vn -0.6926 0.7212 -0.0143
vn -0.6925 0.7213 -0.0143
vn 0.5408 0.5249 0.6572
vn -0.4973 -0.4829 -0.7207
vn 0.5531 0.5372 0.6368
vn 0.0770 0.0747 -0.9942
vn 0.0541 0.0524 -0.9972
vn -0.4794 -0.4655 -0.7439
vn 0.0392 0.0381 -0.9985
vn 0.7466 -0.6651 0.0161
vn 0.7466 -0.6651 0.0162
vn 0.6964 0.6761 -0.2405
vn 0.7024 0.6818 0.2042
vn 0.7175 0.6965 0.0023
vn 0.7175 0.6965 -0.0009
vn 0.6965 -0.7175 -0.0001
vn 0.7174 0.6967 -0.0000
vn 0.6963 0.6762 0.2405
vn 0.7175 0.6966 0.0008
vn 0.6964 0.6761 0.2406
vn 0.7023 0.6820 -0.2042
vn 0.6964 0.6762 0.2405
vn 0.0541 0.0525 0.9972
vn 0.0393 0.0381 0.9985
vn 0.7465 -0.6651 -0.0162
vn 0.7062 -0.7080 0.0034
vn -0.4794 -0.4656 0.7439
vn -0.4974 -0.4829 0.7207
vn 0.6958 -0.7181 0.0122
vn 0.5552 0.5390 -0.6335
vn 0.0807 0.0786 0.9936
vn 0.5605 0.5443 -0.6242
vn 0.6873 -0.7199 0.0965
vn 0.7126 0.6918 0.1167
vn 0.7134 0.6929 0.1047
vn 0.2487 0.2414 0.9380
vn -0.6121 0.7789 0.1366
vn -0.6924 0.7213 0.0144
vn -0.6925 0.7213 0.0142
vn -0.6120 0.7790 0.1367
vn -0.6965 0.7175 -0.0000
vn -0.6966 0.7175 -0.0000
vn -0.6266 -0.6084 0.4871
vn -0.6965 0.7175 -0.0001
vn -0.7173 -0.6966 0.0154
vn -0.6265 -0.6084 -0.4871
vn -0.7173 -0.6966 0.0152
vn -0.6267 -0.6083 0.4871
vn -0.6265 -0.6085 0.4871
vn -0.7174 -0.6965 0.0152
vn -0.6265 -0.6084 -0.4872
vn -0.6266 -0.6083 -0.4871
vn -0.4331 -0.4207 -0.7972
vn -0.4332 -0.4204 -0.7972
vn -0.2423 -0.2354 -0.9412
vn -0.4331 -0.4207 -0.7971
vn -0.0455 -0.0443 -0.9980
vn -0.6967 0.7174 0.0001
vn 0.1162 0.1127 -0.9868
vn 0.1162 0.1126 -0.9868
vn 0.1162 0.1128 -0.9868
vn 0.1163 0.1127 -0.9868
vn 0.1161 0.1128 -0.9868
vn 0.1161 0.1129 -0.9868
vn -0.0456 -0.0441 -0.9980
vn 0.3727 0.3620 -0.8544
vn 0.3727 0.3621 -0.8544
vn -0.0456 -0.0442 -0.9980
vn -0.2424 -0.2353 -0.9412
vn -0.2424 -0.2352 -0.9412
vn -0.4331 -0.4205 -0.7972
vn 0.6966 -0.7175 0.0002
vn -0.6266 -0.6084 -0.4871
vn 0.6965 -0.7175 0.0001
vn -0.7174 -0.6965 0.0153
vn -0.4332 -0.4205 0.7972
vn -0.4331 -0.4204 0.7973
vn -0.2425 -0.2353 0.9412
vn -0.4331 -0.4206 0.7972
vn -0.0456 -0.0442 0.9980
vn -0.4330 -0.4206 0.7972
vn -0.0455 -0.0443 0.9980
vn -0.2423 -0.2354 0.9412
vn -0.6966 0.7174 -0.0001
vn -0.6207 0.6755 -0.3980
vn -0.6207 0.6756 -0.3979
vn -0.7145 -0.6937 -0.0908
vn 0.0540 0.0525 -0.9972
vn 0.6963 0.6762 -0.2405
vn 0.7005 -0.7135 -0.0143
vn -0.4974 -0.4829 -0.7207
vn 0.7063 -0.7079 -0.0034
vn 0.5406 0.5251 0.6573
vn 0.6955 -0.7184 -0.0126
vn 0.7005 -0.7135 -0.0142
vn 0.7606 -0.6347 0.1366
vn 0.0541 0.0526 0.9971
vn -0.4974 -0.4830 0.7207
vn 0.7005 -0.7135 0.0142
vn 0.7606 -0.6347 0.1367
vn 0.7006 -0.7134 0.0141
vn 0.7125 0.6919 0.1168
vn 0.5550 0.5390 -0.6336
vn 0.2486 0.2415 0.9380
vn 0.2487 0.2415 0.9380
vn -0.1869 -0.1814 0.9655
vn 0.7623 -0.6448 0.0564
vn 0.2261 0.2195 0.9491
vn -0.7144 -0.6938 0.0908
vn -0.1726 -0.1675 0.9707
vn -0.7135 -0.6928 0.1052
vn -0.1868 -0.1814 0.9655
vn -0.7145 -0.6937 0.0908
vn 0.7145 0.6939 -0.0900
vn 0.0175 0.0168 0.9997
vn 0.7154 0.6947 -0.0748
vn 0.2802 0.2720 0.9206
vn 0.2803 0.2720 0.9206
vn -0.6206 0.6756 0.3980
vn -0.6207 0.6756 0.3980
vn -0.0363 -0.0353 0.9987
vn 0.7146 0.6937 -0.0900
vn -0.0364 -0.0352 -0.9987
vn 0.2801 0.2721 -0.9206
vn 0.6965 -0.7175 -0.0002
vn 0.0857 0.0834 -0.9928
vn 0.0857 0.0832 0.9928
vn 0.0857 0.0834 0.9928
vn 0.0858 0.0833 0.9928
vn 0.0857 0.0833 -0.9928
vn 0.0858 0.0832 -0.9928
vn -0.7175 -0.6966 0.0001
vn 0.0859 0.0833 -0.9928
vn -0.7175 -0.6966 -0.0000
vn -0.7174 -0.6966 -0.0000
vn 0.0859 0.0832 0.9928
vn -0.2083 -0.1980 0.9578
vn -0.0000 -0.0000 1.0000
vn -0.9058 0.4237 -0.0003
vn -0.1920 -0.2265 0.9549
vn -0.1919 -0.2265 0.9549
vn 0.7243 0.6894 -0.0003
vn 0.7244 0.6894 -0.0005
vn 0.7244 0.6894 -0.0007
vn 0.7244 0.6894 -0.0000
vn 0.7243 0.6894 -0.0000
vn 0.7194 0.6946 -0.0000
vn 0.7243 0.6894 0.0003
vn 0.7244 0.6894 0.0005
vn 0.2179 -0.3455 -0.9128
vn -0.0000 -0.0000 -1.0000
vn -0.2241 -0.2193 -0.9496
vn -0.1920 -0.2265 -0.9549
vn -0.2083 -0.1980 -0.9578
vn -0.2232 -0.2184 0.9500
vn -0.9709 0.2393 -0.0014
vn -0.2241 -0.2193 0.9496
vn -0.9815 0.1916 -0.0012
vn -0.2248 -0.2200 0.9492
vn -0.9271 0.3747 -0.0008
vn -0.2248 -0.2200 -0.9492
vn -0.2255 -0.2206 -0.9489
vn -0.2248 -0.2201 0.9492
vn -0.2255 -0.2206 0.9489
vn -0.9018 0.4322 -0.0007
vn -0.2261 -0.2212 0.9487
vn -0.2256 -0.2206 0.9489
vn -0.9251 0.3797 -0.0008
vn -0.2261 -0.2212 -0.9487
vn -0.2287 -0.2182 -0.9487
vn -0.9424 0.3344 -0.0000
vn -0.2288 -0.2181 0.9487
vn -0.2265 -0.2175 -0.9494
vn -0.2265 -0.2176 0.9494
vn -0.9595 0.2817 -0.0000
vn -0.9815 0.1915 -0.0013
vn -0.2242 -0.2192 0.9496
vn -0.9271 0.3747 -0.0009
vn -0.9018 0.4322 -0.0006
vn -0.2290 -0.2177 -0.9488
vn -0.9203 0.3911 -0.0000
vn -0.2292 -0.2176 0.9487
vn -0.2241 -0.2192 -0.9496
vn -0.2290 -0.2177 0.9488
vn -0.2241 -0.2192 0.9496
vn -0.9815 0.1915 -0.0012
vn -0.2249 -0.2200 0.9492
vn -0.2249 -0.2200 -0.9492
vn -0.2250 -0.2199 0.9492
vn -0.9251 0.3797 -0.0007
vn -0.2303 -0.2154 -0.9490
vn -0.2262 -0.2211 0.9486
vn -0.2303 -0.2154 0.9490
vn -0.9424 0.3344 -0.0003
vn -0.2302 -0.2155 0.9490
vn -0.9745 0.2244 -0.0015
vn -0.2232 -0.2184 -0.9500
vn 0.7244 0.6894 0.0009
vn 0.7243 0.6895 0.0007
vn 0.7243 0.6895 -0.0000
vn 0.7243 0.6894 -0.0009
vn 0.7244 0.6894 0.0007
vn 0.7245 0.6893 0.0010
vn 0.7244 0.6894 -0.0010
vn 0.7179 0.6961 0.0005
vn 0.7179 0.6961 0.0004
vn -0.2244 -0.2173 -0.9500
vn -0.2241 -0.2171 -0.9501
vn -0.9667 0.2561 -0.0000
vn -0.2244 -0.2174 0.9500
vn -0.2247 -0.2175 0.9499
vn -0.2246 -0.2175 -0.9499
vn -0.2249 -0.2177 0.9497
vn -0.9297 0.3684 -0.0013
vn -0.2249 -0.2177 -0.9498
vn -0.2246 -0.2175 0.9499
vn -0.2244 -0.2173 0.9500
vn -0.2249 -0.2177 0.9498
vn -0.2251 -0.2180 0.9496
vn -0.2257 -0.2185 0.9494
vn -0.2258 -0.2185 0.9493
vn -0.9606 0.2778 -0.0011
vn -0.2259 -0.2187 0.9493
vn -0.2259 -0.2188 0.9493
vn -0.2257 -0.2185 -0.9494
vn -0.2259 -0.2187 -0.9493
vn -0.2262 -0.2190 0.9492
vn -0.9354 0.3537 -0.0010
vn -0.9271 0.3747 -0.0000
vn -0.9815 0.1916 -0.0000
vn -0.2264 -0.2177 0.9494
vn -0.2265 -0.2176 -0.9494
vn -0.2233 -0.2183 0.9500
vn -0.9018 0.4322 -0.0008
vn -0.2287 -0.2182 0.9487
vn -0.2262 -0.2212 0.9487
vn -0.2290 -0.2177 0.9487
vn -0.9203 0.3911 -0.0006
vn -0.9251 0.3797 -0.0009
vn -0.2288 -0.2182 0.9487
vn -0.2262 -0.2211 0.9487
vn -0.2265 -0.2175 0.9494
vn -0.9271 0.3747 -0.0010
vn -0.9595 0.2817 -0.0007
vn -0.9815 0.1916 -0.0015
vn -0.2306 -0.2148 -0.9490
vn -0.2307 -0.2148 0.9490
vn -0.9579 0.2871 -0.0013
vn -0.2306 -0.2148 0.9490
vn -0.9251 0.3798 -0.0009
vn 0.7213 0.6927 -0.0005
vn 0.7179 0.6962 0.0004
vn 0.7178 0.6962 -0.0004
vn 0.7178 0.6962 -0.0003
vn 0.7179 0.6962 -0.0000
vn 0.7179 0.6962 0.0005
vn -0.2267 -0.2219 0.9484
vn 0.7179 0.6962 -0.0001
vn -0.2267 -0.2218 0.9484
vn -0.9072 0.4206 -0.0000
vn 0.7179 0.6961 -0.0001
vn 0.7179 0.6962 0.0003
vn -0.2266 -0.2219 -0.9484
vn 0.7177 0.6963 0.0003
vn -0.2267 -0.2218 -0.9484
vn -0.9251 0.3797 -0.0000
vn -0.9204 0.3911 -0.0000
vn -0.2262 -0.2212 0.9486
vn -0.9451 0.3250 -0.0330
vn -0.2287 -0.2183 0.9487
vn -0.2314 -0.2134 -0.9492
vn -0.2315 -0.2134 -0.9492
vn -0.2315 -0.2134 0.9491
vn -0.2315 -0.2134 0.9492
vn -0.9251 0.3797 -0.0011
vn -0.2291 -0.2177 0.9487
vn -0.9018 0.4322 -0.0000
vn -0.2250 -0.2198 0.9492
vn -0.9435 0.3315 -0.0000
vn -0.2242 -0.2170 0.9501
vn -0.2241 -0.2171 0.9501
vn -0.9664 0.2569 -0.0015
vn -0.9251 0.3798 -0.0000
vn -0.2314 -0.2134 0.9492
vn -0.9097 0.4153 -0.0010
vn -0.9595 0.2817 -0.0008
vn -0.9595 0.2818 -0.0010
vn -0.2251 -0.2180 -0.9496
vn -0.2253 -0.2184 0.9495
vn -0.9137 0.4064 -0.0010
vn -0.9903 0.1388 -0.0017
vn -0.9451 0.3268 -0.0013
vn -0.2058 -0.2011 0.9577
vn -0.9282 0.3721 -0.0002
vn -0.2056 -0.2012 -0.9577
vn -0.9105 0.4136 -0.0000
vn -0.2051 -0.2007 -0.9579
vn -0.2053 -0.2006 0.9579
vn -0.2056 -0.2012 0.9577
vn -0.2052 -0.2006 0.9579
vn -0.8873 0.4612 -0.0007
vn -0.2047 -0.2001 0.9582
vn -0.2046 -0.2002 0.9582
vn -0.9127 0.4087 -0.0008
vn -0.2046 -0.2002 -0.9582
vn -0.2041 -0.1995 0.9584
vn -0.2040 -0.1996 -0.9584
vn -0.2040 -0.1996 0.9584
vn -0.9713 0.2379 -0.0013
vn -0.2062 -0.1980 0.9583
vn -0.2061 -0.1980 0.9583
vn -0.9464 0.3230 -0.0005
vn -0.2061 -0.1980 -0.9583
vn -0.2080 -0.1985 0.9578
vn -0.2080 -0.1984 -0.9578
vn -0.9282 0.3721 -0.0000
vn -0.2057 -0.2012 0.9577
vn -0.2052 -0.2007 0.9579
vn -0.2051 -0.2007 0.9579
vn -0.8873 0.4612 -0.0008
vn -0.1536 -0.2278 0.9615
vn -0.1537 -0.2277 0.9615
vn -0.8173 0.5762 -0.0024
vn -0.1537 -0.2277 -0.9615
vn 0.2179 -0.3453 -0.9128
vn -0.1710 -0.1682 0.9708
vn 0.2179 -0.3454 0.9128
vn 0.2181 -0.3455 0.9127
vn 0.2181 -0.3454 0.9128
vn 0.2178 -0.3455 0.9128
vn -0.2080 -0.1984 0.9578
vn 0.0402 0.0392 -0.9984
vn 0.0402 0.0392 0.9984
vn 0.0400 0.0390 0.9984
vn 0.0402 0.0390 0.9984
vn 0.0403 0.0391 -0.9984
vn 0.0402 0.0390 -0.9984
vn 0.0403 0.0390 -0.9984
vn -0.7174 -0.6966 0.0001
vn -0.7174 -0.6967 -0.0000
vn 0.0403 0.0390 0.9984
vt 0.227170 0.497370
vt 0.203730 0.497370
vt 0.211540 0.493470
vt 0.219360 0.493470
vt 0.227170 0.485660
vt 0.219360 0.489560
vt 0.203730 0.485660
vt 0.211540 0.489560
vt 0.565434 0.205039
vt 0.396454 0.368304
vt 0.227474 0.205039
vt 0.405844 0.041763
vt 0.211540 0.477840
vt 0.203730 0.481750
vt 0.227170 0.481750
vt 0.219360 0.477840
vt 0.227170 0.470030
vt 0.219360 0.473940
vt 0.203730 0.470030
vt 0.211540 0.473940
vt 0.227674 0.205190
vt 0.396364 0.367701
vt 0.565054 0.205190
vt 0.405734 0.042667
vt 0.155906 0.642470
vt 0.153352 0.644124
vt 0.155215 0.640384
vt 0.155971 0.656797
vt 0.158078 0.651366
vt 0.156267 0.641923
vt 0.157974 0.647526
vt 0.158047 0.647168
vt 0.158318 0.646435
vt 0.155670 0.639981
vt 0.156038 0.639432
vt 0.156628 0.641303
vt 0.149098 0.627008
vt 0.148763 0.627692
vt 0.148477 0.628337
vt 0.146837 0.627080
vt 0.147237 0.626463
vt 0.147450 0.626027
vt 0.147113 0.632441
vt 0.145660 0.632037
vt 0.134198 0.631951
vt 0.142467 0.621792
vt 0.137080 0.621904
vt 0.132934 0.627545
vt 0.132959 0.632875
vt 0.133382 0.633527
vt 0.134272 0.632879
vt 0.131914 0.581388
vt 0.128420 0.587223
vt 0.131580 0.581154
vt 0.145619 0.632959
vt 0.133852 0.579973
vt 0.134105 0.580251
vt 0.127957 0.587204
vt 0.128356 0.589211
vt 0.128808 0.589148
vt 0.146736 0.633175
vt 0.152483 0.641991
vt 0.142642 0.621502
vt 0.143113 0.620899
vt 0.141053 0.616879
vt 0.141260 0.616235
vt 0.138295 0.617103
vt 0.138049 0.616486
vt 0.140948 0.617175
vt 0.138415 0.617385
vt 0.136893 0.621634
vt 0.136387 0.621078
vt 0.132317 0.626507
vt 0.132501 0.626996
vt 0.131064 0.628340
vt 0.131386 0.628959
vt 0.125255 0.641550
vt 0.128061 0.642903
vt 0.127251 0.645124
vt 0.127850 0.645208
vt 0.128568 0.643419
vt 0.142341 0.579142
vt 0.140145 0.578918
vt 0.142417 0.578820
vt 0.140126 0.578589
vt 0.124399 0.640676
vt 0.124788 0.641200
vt 0.130675 0.627734
vt 0.124257 0.643149
vt 0.123878 0.642570
vt 0.122345 0.647671
vt 0.122617 0.648395
vt 0.111227 0.647843
vt 0.110860 0.647384
vt 0.110824 0.652148
vt 0.111189 0.651746
vt 0.122267 0.653582
vt 0.124138 0.658595
vt 0.124511 0.658188
vt 0.122571 0.652912
vt 0.122662 0.652566
vt 0.111272 0.651440
vt 0.122693 0.648753
vt 0.124641 0.643653
vt 0.124900 0.657781
vt 0.127875 0.655824
vt 0.128658 0.658458
vt 0.125936 0.660651
vt 0.135735 0.668037
vt 0.134694 0.672323
vt 0.129991 0.672509
vt 0.126580 0.667664
vt 0.125392 0.660758
vt 0.126280 0.667563
vt 0.124936 0.660901
vt 0.125723 0.667317
vt 0.126158 0.679456
vt 0.122474 0.678604
vt 0.122268 0.678647
vt 0.126224 0.679789
vt 0.121701 0.679231
vt 0.126173 0.680453
vt 0.130117 0.672944
vt 0.130315 0.673794
vt 0.134677 0.673811
vt 0.134772 0.673186
vt 0.135665 0.673605
vt 0.135550 0.674417
vt 0.140545 0.674601
vt 0.140560 0.675473
vt 0.145537 0.673968
vt 0.145367 0.673156
vt 0.146310 0.673299
vt 0.146283 0.672683
vt 0.150887 0.672241
vt 0.150680 0.673081
vt 0.154752 0.679735
vt 0.154700 0.679081
vt 0.159080 0.678616
vt 0.158420 0.678089
vt 0.155276 0.666551
vt 0.154715 0.666795
vt 0.156009 0.659993
vt 0.155550 0.659827
vt 0.154414 0.666880
vt 0.158214 0.678053
vt 0.154771 0.678744
vt 0.151017 0.671805
vt 0.155008 0.659755
vt 0.146327 0.671806
vt 0.145226 0.667555
vt 0.144029 0.668244
vt 0.145203 0.672436
vt 0.140475 0.669737
vt 0.140533 0.673818
vt 0.135823 0.672853
vt 0.136904 0.668628
vt 0.137039 0.667735
vt 0.140460 0.668802
vt 0.149097 0.592449
vt 0.150878 0.590476
vt 0.150474 0.590354
vt 0.143866 0.667349
vt 0.151562 0.588175
vt 0.152006 0.588210
vt 0.149446 0.592652
vt 0.148322 0.593467
vt 0.141588 0.595592
vt 0.148013 0.593232
vt 0.144859 0.666819
vt 0.141530 0.595279
vt 0.151784 0.657076
vt 0.139111 0.595379
vt 0.152255 0.657669
vt 0.152365 0.654859
vt 0.152960 0.654988
vt 0.152750 0.644251
vt 0.133364 0.594421
vt 0.139071 0.595696
vt 0.133621 0.594153
vt 0.131823 0.593194
vt 0.152011 0.642561
vt 0.131491 0.593418
vt 0.152015 0.587061
vt 0.151569 0.587069
vt 0.136096 0.667286
vt 0.149370 0.582120
vt 0.149023 0.582313
vt 0.129115 0.657854
vt 0.147682 0.580782
vt 0.147407 0.581029
vt 0.128472 0.655651
vt 0.111295 0.648163
vt 0.156377 0.657177
vt 0.158174 0.651715
vt 0.158477 0.652382
vt 0.156755 0.657564
vt 0.169523 0.650274
vt 0.169889 0.650665
vt 0.169814 0.645905
vt 0.169447 0.646375
vt 0.169430 0.649969
vt 0.169389 0.646694
vt 0.130437 0.048395
vt 0.165287 0.048395
vt 0.165287 0.499914
vt 0.095586 0.499914
vt 0.130437 0.499914
vt 0.095586 0.048395
vt 0.110137 0.944122
vt 0.112261 0.937490
vt 0.113875 0.944003
vt 0.111655 0.961477
vt 0.113875 0.944009
vt 0.114211 0.937389
vt 0.119258 0.945567
vt 0.115930 0.961477
vt 0.114211 0.881919
vt 0.121282 0.938711
vt 0.061771 0.881920
vt 0.114211 0.865030
vt 0.064920 0.934334
vt 0.069042 0.934654
vt 0.074183 0.937402
vt 0.078995 0.937448
vt 0.083370 0.937490
vt 0.087820 0.937389
vt 0.093499 0.937310
vt 0.098370 0.937356
vt 0.103075 0.937402
vt 0.107887 0.937448
vt 0.159002 0.863657
vt 0.160592 0.881918
vt 0.155852 0.938766
vt 0.150174 0.938845
vt 0.145723 0.938946
vt 0.141349 0.938904
vt 0.136537 0.938858
vt 0.131832 0.938812
vt 0.126961 0.938766
vt 0.216761 0.861960
vt 0.159002 0.863659
vt 0.114211 0.865031
vt 0.057093 0.866676
vt 0.124999 0.945632
vt 0.121313 0.961477
vt 0.119258 0.945581
vt 0.124999 0.945643
vt 0.127589 0.961477
vt 0.129924 0.945687
vt 0.129924 0.945698
vt 0.134681 0.945740
vt 0.132739 0.961477
vt 0.134681 0.945751
vt 0.139546 0.945795
vt 0.137261 0.961477
vt 0.139546 0.945805
vt 0.141381 0.961477
vt 0.143969 0.945845
vt 0.143969 0.945848
vt 0.145487 0.961477
vt 0.148468 0.945726
vt 0.150523 0.961477
vt 0.148468 0.945733
vt 0.154210 0.945632
vt 0.154210 0.945643
vt 0.159135 0.945687
vt 0.156800 0.961477
vt 0.159135 0.945698
vt 0.161950 0.961477
vt 0.163892 0.945740
vt 0.163892 0.945751
vt 0.168757 0.945795
vt 0.165428 0.938858
vt 0.166472 0.961477
vt 0.160724 0.938812
vt 0.170241 0.938904
vt 0.173180 0.945845
vt 0.174615 0.938946
vt 0.176917 0.945726
vt 0.178311 0.938845
vt 0.176917 0.945733
vt 0.178972 0.961477
vt 0.174698 0.961477
vt 0.182659 0.945632
vt 0.182659 0.945643
vt 0.185249 0.961477
vt 0.187584 0.945687
vt 0.187584 0.945698
vt 0.190399 0.961477
vt 0.192341 0.945740
vt 0.188862 0.938812
vt 0.183990 0.938766
vt 0.193566 0.938858
vt 0.198378 0.938904
vt 0.197206 0.945795
vt 0.194921 0.961477
vt 0.197206 0.945805
vt 0.201629 0.945845
vt 0.199041 0.961477
vt 0.201629 0.945848
vt 0.203147 0.961477
vt 0.206589 0.945567
vt 0.206589 0.945581
vt 0.208644 0.961477
vt 0.212330 0.945632
vt 0.207659 0.938711
vt 0.202753 0.938946
vt 0.213337 0.938766
vt 0.218209 0.938812
vt 0.217255 0.945687
vt 0.216761 0.881915
vt 0.273844 0.860254
vt 0.274179 0.881912
vt 0.216761 0.861963
vt 0.273844 0.860258
vt 0.336818 0.858388
vt 0.336818 0.858383
vt 0.378847 0.857080
vt 0.336818 0.881907
vt 0.333010 0.938812
vt 0.337715 0.938858
vt 0.378847 0.881906
vt 0.443508 0.856963
vt 0.443508 0.881904
vt 0.441873 0.938766
vt 0.436194 0.938845
vt 0.432498 0.938946
vt 0.428123 0.938904
vt 0.423311 0.938858
vt 0.418607 0.938812
vt 0.413735 0.938766
vt 0.408056 0.938845
vt 0.403606 0.938946
vt 0.399232 0.938904
vt 0.394420 0.938858
vt 0.389715 0.938812
vt 0.384844 0.938766
vt 0.379165 0.938711
vt 0.375636 0.938724
vt 0.342714 0.938840
vt 0.347323 0.938824
vt 0.350500 0.938812
vt 0.356701 0.938791
vt 0.361482 0.938774
vt 0.366295 0.938757
vt 0.371563 0.938738
vt 0.372305 0.945599
vt 0.376423 0.945582
vt 0.372305 0.945616
vt 0.373232 0.961477
vt 0.369112 0.961477
vt 0.366978 0.945621
vt 0.364590 0.961477
vt 0.366978 0.945637
vt 0.362112 0.945641
vt 0.357278 0.945661
vt 0.351009 0.945687
vt 0.347797 0.945700
vt 0.348889 0.961477
vt 0.347797 0.945713
vt 0.343137 0.945720
vt 0.344783 0.961477
vt 0.340663 0.961477
vt 0.343137 0.945731
vt 0.338082 0.945740
vt 0.336141 0.961477
vt 0.338082 0.945751
vt 0.333326 0.945687
vt 0.333326 0.945698
vt 0.330990 0.961477
vt 0.328401 0.945632
vt 0.328401 0.945643
vt 0.324714 0.961477
vt 0.322659 0.945726
vt 0.328139 0.938766
vt 0.322460 0.938845
vt 0.318160 0.945845
vt 0.318010 0.938946
vt 0.313737 0.945795
vt 0.313636 0.938904
vt 0.308824 0.938858
vt 0.308872 0.945740
vt 0.304119 0.938812
vt 0.304115 0.945687
vt 0.299248 0.938766
vt 0.293569 0.938711
vt 0.299190 0.945632
vt 0.295503 0.961477
vt 0.299190 0.945643
vt 0.293448 0.945567
vt 0.301780 0.961477
vt 0.304115 0.945698
vt 0.306930 0.961477
vt 0.308872 0.945751
vt 0.311452 0.961477
vt 0.313737 0.945805
vt 0.315572 0.961477
vt 0.318160 0.945848
vt 0.319678 0.961477
vt 0.289129 0.938946
vt 0.284755 0.938904
vt 0.279943 0.938858
vt 0.275238 0.938812
vt 0.270367 0.938766
vt 0.222913 0.938858
vt 0.227726 0.938904
vt 0.232100 0.938946
vt 0.236550 0.938845
vt 0.242229 0.938766
vt 0.247100 0.938812
vt 0.251805 0.938858
vt 0.256617 0.938904
vt 0.260992 0.938946
vt 0.264688 0.938845
vt 0.269990 0.945632
vt 0.274915 0.945687
vt 0.272580 0.961477
vt 0.264248 0.945726
vt 0.266304 0.961477
vt 0.269990 0.945643
vt 0.260511 0.945845
vt 0.257923 0.961477
vt 0.260511 0.945848
vt 0.256088 0.945795
vt 0.262029 0.961477
vt 0.264248 0.945733
vt 0.256088 0.945805
vt 0.251223 0.945740
vt 0.253803 0.961477
vt 0.251223 0.945751
vt 0.249281 0.961477
vt 0.246466 0.945687
vt 0.241541 0.945632
vt 0.235800 0.945726
vt 0.231300 0.945845
vt 0.232818 0.961477
vt 0.231300 0.945848
vt 0.226877 0.945795
vt 0.228712 0.961477
vt 0.226877 0.945805
vt 0.222012 0.945740
vt 0.224592 0.961477
vt 0.222012 0.945751
vt 0.220070 0.961477
vt 0.217255 0.945698
vt 0.214920 0.961477
vt 0.212330 0.945643
vt 0.192341 0.945751
vt 0.173180 0.945848
vt 0.170592 0.961477
vt 0.168757 0.945805
vt 0.237855 0.961477
vt 0.235800 0.945733
vt 0.244131 0.961477
vt 0.241541 0.945643
vt 0.246466 0.945698
vt 0.279672 0.945740
vt 0.284537 0.945795
vt 0.288960 0.945845
vt 0.286372 0.961477
vt 0.288960 0.945848
vt 0.290478 0.961477
vt 0.293448 0.945581
vt 0.284537 0.945805
vt 0.282252 0.961477
vt 0.279672 0.945751
vt 0.277730 0.961477
vt 0.274915 0.945698
vt 0.378847 0.857082
vt 0.490303 0.856878
vt 0.490303 0.856879
vt 0.443508 0.856964
vt 0.490303 0.881904
vt 0.488632 0.938946
vt 0.484258 0.938904
vt 0.479446 0.938858
vt 0.474741 0.938812
vt 0.469870 0.938766
vt 0.464191 0.938711
vt 0.460636 0.938946
vt 0.456261 0.938904
vt 0.451449 0.938858
vt 0.446744 0.938812
vt 0.549144 0.881904
vt 0.493082 0.938845
vt 0.498761 0.938766
vt 0.503633 0.938812
vt 0.508337 0.938858
vt 0.513149 0.938904
vt 0.517524 0.938946
vt 0.521220 0.938845
vt 0.526899 0.938766
vt 0.531770 0.938812
vt 0.536475 0.938858
vt 0.541287 0.938904
vt 0.545662 0.938946
vt 0.549144 0.938979
vt 0.551848 0.945884
vt 0.551848 0.856769
vt 0.548327 0.945845
vt 0.549845 0.961477
vt 0.543904 0.945795
vt 0.543904 0.945805
vt 0.545739 0.961477
vt 0.541619 0.961477
vt 0.539039 0.945740
vt 0.539039 0.945751
vt 0.534282 0.945687
vt 0.537097 0.961477
vt 0.534282 0.945698
vt 0.531947 0.961477
vt 0.529357 0.945632
vt 0.523616 0.945726
vt 0.523616 0.945733
vt 0.525671 0.961477
vt 0.521396 0.961477
vt 0.519878 0.945845
vt 0.515455 0.945795
vt 0.517291 0.961477
vt 0.519878 0.945848
vt 0.515455 0.945805
vt 0.513170 0.961477
vt 0.510590 0.945740
vt 0.510590 0.945751
vt 0.505834 0.945687
vt 0.508648 0.961477
vt 0.505834 0.945698
vt 0.503498 0.961477
vt 0.500908 0.945632
vt 0.500908 0.945643
vt 0.497222 0.961477
vt 0.495167 0.945726
vt 0.490667 0.945845
vt 0.490732 0.945848
vt 0.492185 0.961477
vt 0.488080 0.961477
vt 0.486245 0.945795
vt 0.486245 0.945805
vt 0.483959 0.961477
vt 0.481379 0.945740
vt 0.476623 0.945687
vt 0.471697 0.945632
vt 0.465956 0.945567
vt 0.462362 0.945845
vt 0.463879 0.961477
vt 0.457939 0.945795
vt 0.459774 0.961477
vt 0.462362 0.945848
vt 0.457939 0.945805
vt 0.455654 0.961477
vt 0.453073 0.945740
vt 0.453073 0.945751
vt 0.451132 0.961477
vt 0.448317 0.945687
vt 0.443392 0.945632
vt 0.443392 0.945643
vt 0.445981 0.961477
vt 0.439705 0.961477
vt 0.437650 0.945726
vt 0.437650 0.945733
vt 0.433913 0.945845
vt 0.435431 0.961477
vt 0.429490 0.945795
vt 0.424625 0.945740
vt 0.427205 0.961477
vt 0.424625 0.945751
vt 0.419868 0.945687
vt 0.422683 0.961477
vt 0.414943 0.945632
vt 0.417532 0.961477
vt 0.419868 0.945698
vt 0.414943 0.945643
vt 0.411256 0.961477
vt 0.409201 0.945726
vt 0.409201 0.945733
vt 0.406220 0.961477
vt 0.404702 0.945845
vt 0.404702 0.945848
vt 0.402114 0.961477
vt 0.400279 0.945795
vt 0.400279 0.945805
vt 0.397994 0.961477
vt 0.395414 0.945740
vt 0.395414 0.945751
vt 0.393472 0.961477
vt 0.390657 0.945687
vt 0.385732 0.945632
vt 0.388322 0.961477
vt 0.385732 0.945643
vt 0.379990 0.945567
vt 0.382045 0.961477
vt 0.379990 0.945581
vt 0.377338 0.961477
vt 0.376423 0.945599
vt 0.390657 0.945698
vt 0.429490 0.945805
vt 0.431325 0.961477
vt 0.433913 0.945848
vt 0.448317 0.945698
vt 0.465956 0.945581
vt 0.468011 0.961477
vt 0.471697 0.945643
vt 0.474287 0.961477
vt 0.476623 0.945698
vt 0.479438 0.961477
vt 0.481379 0.945751
vt 0.495167 0.945733
vt 0.529357 0.945643
vt 0.548327 0.945848
vt 0.322659 0.945733
vt 0.353163 0.961477
vt 0.351009 0.945700
vt 0.357278 0.945675
vt 0.359439 0.961477
vt 0.362112 0.945656
vt 0.107550 0.961477
vt 0.110137 0.944125
vt 0.105715 0.944072
vt 0.105715 0.944082
vt 0.100849 0.944017
vt 0.103429 0.961477
vt 0.100849 0.944028
vt 0.098907 0.961477
vt 0.096093 0.943964
vt 0.096093 0.943975
vt 0.093757 0.961477
vt 0.091167 0.943909
vt 0.091167 0.943920
vt 0.087481 0.961477
vt 0.085426 0.944003
vt 0.085426 0.944009
vt 0.082445 0.961477
vt 0.080926 0.944122
vt 0.080926 0.944125
vt 0.078339 0.961477
vt 0.076504 0.944072
vt 0.071638 0.944017
vt 0.074219 0.961477
vt 0.076504 0.944082
vt 0.071638 0.944028
vt 0.069697 0.961477
vt 0.066440 0.940766
vt 0.066440 0.940838
vt 0.062273 0.940388
vt 0.065132 0.961585
vt 0.059792 0.961477
vt 0.053074 0.866709
vt 0.118576 0.756671
vt 0.118576 0.726926
vt 0.178066 0.726926
vt 0.178066 0.756671
vt 0.118576 0.786416
vt 0.178066 0.786416
s 1
usemtl initialShadingGroup.003
f 4415/2679/2124 4416/2680/2124 4417/2681/2124
f 4418/2682/2125 4415/2679/2126 4417/2681/2127
f 4419/2683/2128 4415/2679/2126 4418/2682/2125
f 4420/2684/2129 4419/2683/2128 4418/2682/2125
f 4421/2685/2130 4419/2683/2128 4420/2684/2129
f 4422/2686/2131 4421/2685/2130 4420/2684/2129
f 4416/2680/2132 4421/2685/2130 4422/2686/2131
f 4417/2681/2127 4416/2680/2132 4422/2686/2131
f 4422/2687/2131 4420/2688/2129 4418/2689/2125
f 4417/2690/2127 4422/2687/2131 4418/2689/2125
f 4423/2691/2133 4416/2692/2132 4415/2693/2126
f 4424/2694/2134 4423/2691/2133 4415/2693/2126
f 4424/2694/2134 4415/2693/2126 4419/2695/2128
f 4425/2696/2135 4424/2694/2134 4419/2695/2128
f 4425/2696/2135 4419/2695/2128 4421/2697/2130
f 4426/2698/2136 4425/2696/2135 4421/2697/2130
f 4426/2698/2136 4421/2697/2130 4416/2692/2132
f 4423/2691/2133 4426/2698/2136 4416/2692/2132
f 4424/2699/2134 4425/2700/2135 4426/2701/2136
f 4423/2702/2133 4424/2699/2134 4426/2701/2136
f 4427/2703/2137 4428/2704/2138 4430/2705/2137
f 4427/2703/2137 4429/2706/2139 4428/2704/2138
f 4429/2706/2139 4427/2703/2137 4431/2707/2140
f 4427/2703/2137 4430/2705/2137 4433/2708/2141
f 4431/2707/2140 4427/2703/2137 4432/2709/2142
f 4427/2703/2137 4433/2708/2141 4432/2709/2142
f 4432/2709/2142 4433/2708/2141 4434/2710/2143
f 4434/2710/2143 4433/2708/2141 4436/2711/2144
f 4433/2708/2141 4430/2705/2137 4435/2712/2145
f 4435/2712/2145 4438/2713/2146 4433/2708/2141
f 4436/2711/2144 4433/2708/2141 4437/2714/2147
f 4433/2708/2141 4438/2713/2146 4437/2714/2147
f 4437/2714/2147 4438/2713/2146 4440/2714/2148
f 4438/2713/2146 4439/2715/2137 4441/2713/2149
f 4438/2713/2146 4442/2716/2150 4439/2715/2137
f 4440/2714/2148 4438/2713/2146 4441/2713/2149
f 4435/2712/2145 4442/2716/2150 4438/2713/2146
f 4435/2712/2145 4443/2717/2151 4442/2716/2150
f 4443/2717/2151 4446/2718/2152 4442/2716/2150
f 4444/2719/2153 4445/2720/2138 4442/2716/2150
f 4442/2716/2150 4446/2718/2152 4444/2719/2153
f 4442/2716/2150 4445/2720/2138 4439/2715/2137
f 4446/2718/2152 4447/2721/2154 4448/2722/2152
f 4443/2717/2151 4447/2721/2154 4446/2718/2152
f 4448/2722/2152 4452/2723/2137 4446/2718/2152
f 4446/2718/2152 4449/2724/2155 4444/2719/2153
f 4449/2724/2155 4446/2718/2152 4450/2725/2156
f 4450/2725/2156 4446/2718/2152 4451/2726/2157
f 4446/2718/2152 4452/2723/2137 4451/2726/2157
f 4453/2727/2139 4451/2726/2157 4452/2723/2137
f 4453/2727/2139 4452/2723/2137 4454/2728/2158
f 4452/2723/2137 4448/2722/2152 4455/2729/2159
f 4454/2728/2158 4452/2723/2137 4455/2729/2159
f 4455/2730/2159 4456/2731/2160 4458/2732/2161
f 4455/2729/2159 4448/2722/2152 4456/2733/2160
f 4457/2734/2158 4455/2730/2159 4458/2732/2161
f 4454/2735/2158 4455/2730/2159 4457/2734/2158
f 4458/2732/2161 4456/2731/2160 4459/2736/2162
f 4458/2732/2161 4459/2736/2162 4461/2732/2163
f 4457/2734/2158 4458/2732/2161 4460/2734/2164
f 4460/2734/2164 4458/2732/2161 4461/2732/2163
f 4461/2732/2163 4459/2736/2162 4462/2736/2165
f 4464/2731/2160 4461/2732/2163 4462/2736/2165
f 4463/2730/2166 4460/2734/2164 4461/2732/2163
f 4463/2730/2166 4461/2732/2163 4464/2731/2160
f 4465/2722/2167 4463/2729/2166 4464/2733/2160
f 4465/2722/2167 4464/2733/2160 4468/2721/2167
f 4464/2731/2160 4467/2737/2168 4466/2738/2169
f 4468/2721/2167 4464/2733/2160 4466/2739/2169
f 4462/2736/2165 4467/2737/2168 4464/2731/2160
f 4468/2721/2167 4466/2739/2169 4469/2740/2167
f 4469/2740/2167 4470/2717/2170 4468/2721/2167
f 4470/2717/2170 4471/2718/2171 4468/2721/2167
f 4468/2721/2167 4471/2718/2171 4465/2722/2167
f 4465/2722/2167 4471/2718/2171 4475/2723/2171
f 4471/2718/2171 4477/2719/2153 4472/2724/2172
f 4472/2724/2172 4473/2725/2173 4471/2718/2171
f 4471/2718/2171 4473/2725/2173 4474/2726/2174
f 4475/2723/2171 4471/2718/2171 4474/2726/2174
f 4471/2718/2171 4476/2716/2175 4477/2719/2153
f 4470/2717/2170 4476/2716/2175 4471/2718/2171
f 4477/2719/2153 4479/2720/2176 4478/2741/2177
f 4472/2724/2172 4477/2719/2153 4478/2741/2177
f 4476/2716/2175 4479/2720/2176 4477/2719/2153
f 4445/2720/2138 4482/2742/2178 4479/2720/2176
f 4480/2715/2179 4445/2720/2138 4479/2720/2176
f 4478/2741/2177 4479/2720/2176 4481/2742/2180
f 4480/2715/2179 4479/2720/2176 4476/2716/2175
f 4479/2720/2176 4482/2742/2178 4481/2742/2180
f 4483/2741/2181 4484/2743/2182 4482/2742/2178
f 4445/2720/2138 4483/2741/2181 4482/2742/2178
f 4482/2742/2178 4484/2743/2182 4485/2744/2183
f 4482/2742/2178 4485/2744/2183 4481/2742/2180
f 4485/2744/2183 4486/2745/2184 4487/2746/2183
f 4484/2743/2182 4486/2745/2184 4485/2744/2183
f 4485/2744/2183 4487/2746/2183 4488/2744/2185
f 4481/2742/2180 4485/2744/2183 4488/2744/2185
f 4491/2743/2186 4481/2742/2180 4488/2744/2185
f 4490/2745/2187 4488/2744/2185 4489/2746/2188
f 4488/2744/2185 4487/2746/2183 4489/2746/2188
f 4491/2743/2186 4488/2744/2185 4490/2745/2187
f 4492/2747/2170 4491/2743/2186 4493/2748/2189
f 4492/2747/2170 4478/2741/2177 4491/2743/2186
f 4493/2748/2189 4491/2743/2186 4490/2745/2187
f 4478/2741/2177 4481/2742/2180 4491/2743/2186
f 4493/2748/2189 4490/2745/2187 4473/2725/2173
f 4472/2724/2172 4493/2748/2189 4473/2725/2173
f 4492/2747/2170 4493/2748/2189 4472/2724/2172
f 4472/2724/2172 4478/2741/2177 4492/2747/2170
f 4473/2725/2173 4490/2745/2187 4494/2749/2190
f 4490/2745/2187 4495/2750/2191 4494/2749/2190
f 4489/2746/2188 4495/2750/2191 4490/2745/2187
f 4495/2750/2191 4496/2751/2154 4497/2751/2192
f 4498/2750/2193 4496/2751/2154 4495/2750/2191
f 4495/2750/2191 4497/2751/2192 4494/2749/2190
f 4489/2746/2188 4498/2750/2193 4495/2750/2191
f 4499/2749/2194 4498/2750/2193 4486/2745/2184
f 4499/2749/2194 4496/2751/2154 4498/2750/2193
f 4486/2745/2184 4498/2750/2193 4487/2746/2183
f 4487/2746/2183 4498/2750/2193 4489/2746/2188
f 4486/2745/2184 4450/2725/2156 4499/2749/2194
f 4500/2752/2195 4496/2751/2154 4499/2749/2194
f 4450/2725/2156 4500/2752/2195 4499/2749/2194
f 4500/2752/2195 4501/2753/2196 4496/2751/2154
f 4500/2752/2195 4502/2754/2197 4501/2753/2196
f 4451/2726/2157 4500/2752/2195 4450/2725/2156
f 4451/2726/2157 4502/2754/2197 4500/2752/2195
f 4502/2754/2197 4503/2755/2198 4501/2753/2196
f 4503/2755/2198 4502/2754/2197 4504/2756/2139
f 4504/2756/2139 4502/2754/2197 4453/2727/2139
f 4502/2754/2197 4451/2726/2157 4453/2727/2139
f 4505/2757/2139 4504/2756/2139 4506/2758/2199
f 4505/2757/2139 4503/2755/2198 4504/2756/2139
f 4504/2756/2139 4453/2727/2139 4507/2759/2200
f 4506/2758/2199 4504/2756/2139 4507/2759/2200
f 4506/2760/2199 4507/2761/2200 4508/2762/2201
f 4508/2762/2201 4507/2761/2200 4509/2763/2202
f 4507/2761/2200 4454/2735/2158 4509/2763/2202
f 4507/2759/2200 4453/2727/2139 4454/2728/2158
f 4508/2762/2201 4509/2763/2202 4510/2762/2203
f 4510/2762/2203 4509/2763/2202 4511/2763/2204
f 4509/2763/2202 4457/2734/2158 4511/2763/2204
f 4509/2763/2202 4454/2735/2158 4457/2734/2158
f 4512/2761/2205 4510/2762/2203 4511/2763/2204
f 4511/2763/2204 4457/2734/2158 4460/2734/2164
f 4513/2735/2206 4511/2763/2204 4460/2734/2164
f 4512/2761/2205 4511/2763/2204 4513/2735/2206
f 4514/2727/2207 4513/2728/2206 4475/2723/2171
f 4514/2727/2207 4512/2759/2205 4513/2728/2206
f 4475/2723/2171 4513/2728/2206 4463/2729/2166
f 4513/2735/2206 4460/2734/2164 4463/2730/2166
f 4474/2726/2174 4514/2727/2207 4475/2723/2171
f 4515/2756/2189 4512/2759/2205 4514/2727/2207
f 4516/2754/2208 4515/2756/2189 4514/2727/2207
f 4516/2754/2208 4514/2727/2207 4474/2726/2174
f 4516/2754/2208 4518/2753/2209 4517/2755/2208
f 4517/2755/2208 4515/2756/2189 4516/2754/2208
f 4474/2726/2174 4519/2752/2195 4516/2754/2208
f 4516/2754/2208 4519/2752/2195 4518/2753/2209
f 4473/2725/2173 4519/2752/2195 4474/2726/2174
f 4494/2749/2190 4519/2752/2195 4473/2725/2173
f 4519/2752/2195 4497/2751/2192 4518/2753/2209
f 4494/2749/2190 4497/2751/2192 4519/2752/2195
f 4518/2753/2209 4522/2764/2210 4520/2765/2211
f 4517/2755/2208 4518/2753/2209 4520/2765/2211
f 4518/2753/2209 4497/2751/2192 4521/2766/2212
f 4521/2766/2212 4522/2764/2210 4518/2753/2209
f 4521/2766/2212 4525/2764/2138 4522/2764/2210
f 4523/2767/2213 4522/2764/2210 4526/2768/2214
f 4520/2765/2211 4522/2764/2210 4523/2767/2213
f 4522/2764/2210 4524/2768/2138 4526/2768/2214
f 4525/2764/2138 4524/2768/2138 4522/2764/2210
f 4526/2768/2214 4528/2769/2215 4523/2767/2213
f 4526/2768/2214 4527/2769/2216 4528/2769/2215
f 4524/2768/2138 4527/2769/2216 4526/2768/2214
f 4529/2770/2217 4528/2769/2215 4530/2771/2218
f 4523/2767/2213 4528/2769/2215 4529/2770/2217
f 4530/2771/2218 4528/2769/2215 4532/2772/2219
f 4527/2769/2216 4531/2772/2183 4528/2769/2215
f 4528/2769/2215 4531/2772/2183 4532/2772/2219
f 4532/2772/2219 4533/2773/2220 4530/2771/2218
f 4532/2772/2219 4534/2773/2138 4533/2773/2220
f 4531/2772/2183 4534/2773/2138 4532/2772/2219
f 4535/2771/2221 4534/2773/2138 4531/2772/2183
f 4536/2774/2222 4534/2773/2138 4535/2771/2221
f 4536/2774/2222 4537/2775/2223 4534/2773/2138
f 4534/2773/2138 4537/2775/2223 4533/2773/2220
f 4537/2775/2223 4538/2776/2224 4539/2775/2225
f 4537/2775/2223 4540/2777/2226 4538/2776/2224
f 4541/2778/2227 4537/2775/2223 4536/2774/2222
f 4533/2773/2220 4537/2775/2223 4539/2775/2225
f 4541/2778/2227 4540/2777/2226 4537/2775/2223
f 4536/2774/2222 4542/2779/2228 4541/2778/2227
f 4542/2779/2228 4540/2777/2226 4541/2778/2227
f 4542/2779/2228 4544/2780/2137 4543/2781/2228
f 4545/2782/2229 4542/2779/2228 4543/2781/2228
f 4544/2780/2137 4542/2779/2228 4536/2774/2222
f 4546/2783/2138 4540/2777/2226 4542/2779/2228
f 4546/2783/2138 4542/2779/2228 4545/2782/2229
f 4545/2782/2229 4505/2757/2139 4546/2783/2138
f 4546/2783/2138 4505/2757/2139 4547/2784/2139
f 4547/2784/2139 4548/2785/2146 4546/2783/2138
f 4546/2783/2138 4548/2785/2146 4549/2786/2152
f 4546/2783/2138 4549/2786/2152 4540/2777/2226
f 4548/2785/2146 4550/2787/2146 4549/2786/2152
f 4549/2786/2152 4550/2787/2146 4551/2788/2151
f 4551/2788/2151 4552/2789/2230 4549/2786/2152
f 4549/2786/2152 4552/2789/2230 4553/2790/2231
f 4549/2786/2152 4553/2790/2231 4554/2791/2232
f 4540/2777/2226 4549/2786/2152 4554/2791/2232
f 4554/2791/2232 4553/2790/2231 4555/2792/2233
f 4554/2791/2232 4556/2793/2183 4540/2777/2226
f 4554/2791/2232 4555/2792/2233 4556/2793/2183
f 4556/2793/2183 4555/2792/2233 4557/2794/2234
f 4538/2776/2224 4556/2793/2183 4558/2776/2235
f 4540/2777/2226 4556/2793/2183 4538/2776/2224
f 4556/2793/2183 4557/2794/2234 4559/2793/2236
f 4558/2776/2235 4556/2793/2183 4559/2793/2236
f 4560/2792/2237 4559/2793/2236 4561/2794/2238
f 4563/2791/2239 4559/2793/2236 4560/2792/2237
f 4558/2776/2235 4559/2793/2236 4562/2777/2240
f 4559/2793/2236 4557/2794/2234 4561/2794/2238
f 4562/2777/2240 4559/2793/2236 4563/2791/2239
f 4564/2786/2208 4563/2791/2239 4565/2790/2241
f 4564/2786/2208 4562/2777/2240 4563/2791/2239
f 4565/2790/2241 4563/2791/2239 4560/2792/2237
f 4566/2789/2242 4564/2786/2208 4565/2790/2241
f 4566/2789/2242 4565/2790/2241 4567/2795/2243
f 4567/2795/2243 4565/2790/2241 4568/2796/2244
f 4565/2790/2241 4560/2792/2237 4568/2796/2244
f 4568/2796/2244 4569/2797/2245 4567/2795/2243
f 4568/2796/2244 4560/2792/2237 4569/2797/2245
f 4567/2795/2243 4569/2797/2245 4572/2798/2246
f 4560/2792/2237 4561/2794/2238 4569/2797/2245
f 4569/2797/2245 4561/2794/2238 4570/2799/2247
f 4570/2799/2247 4571/2800/2248 4569/2797/2245
f 4569/2797/2245 4571/2800/2248 4572/2798/2246
f 4572/2798/2246 4573/2801/2249 4567/2795/2243
f 4572/2798/2246 4574/2802/2250 4573/2801/2249
f 4571/2800/2248 4574/2802/2250 4572/2798/2246
f 4574/2802/2250 4577/2803/2251 4573/2801/2249
f 4574/2802/2250 4575/2803/2252 4577/2803/2251
f 4576/2802/2253 4575/2803/2252 4574/2802/2250
f 4571/2800/2248 4576/2802/2253 4574/2802/2250
f 4578/2804/2249 4577/2803/2251 4579/2805/2254
f 4573/2801/2249 4577/2803/2251 4578/2804/2249
f 4579/2805/2254 4577/2803/2251 4581/2806/2255
f 4575/2803/2252 4580/2806/2139 4577/2803/2251
f 4577/2803/2251 4580/2806/2139 4581/2806/2255
f 4579/2805/2254 4581/2806/2255 4583/2807/2256
f 4583/2807/2256 4581/2806/2255 4582/2808/2257
f 4581/2806/2255 4584/2808/2258 4582/2808/2257
f 4580/2806/2139 4584/2808/2258 4581/2806/2255
f 4580/2806/2139 4585/2807/2259 4584/2808/2258
f 4585/2807/2259 4586/2809/2258 4584/2808/2258
f 4584/2808/2258 4586/2809/2258 4582/2808/2257
f 4587/2810/2260 4586/2809/2258 4585/2807/2259
f 4587/2810/2260 4588/2811/2198 4586/2809/2258
f 4586/2809/2258 4588/2811/2198 4589/2809/2261
f 4582/2808/2257 4586/2809/2258 4589/2809/2261
f 4582/2808/2257 4589/2809/2261 4583/2807/2256
f 4583/2807/2256 4589/2809/2261 4590/2810/2262
f 4589/2809/2261 4591/2811/2263 4590/2810/2262
f 4589/2809/2261 4588/2811/2198 4591/2811/2263
f 4592/2812/2264 4591/2811/2263 4593/2813/2265
f 4590/2810/2262 4591/2811/2263 4592/2812/2264
f 4593/2813/2265 4591/2811/2263 4595/2814/2266
f 4588/2811/2198 4594/2814/2267 4591/2811/2263
f 4591/2811/2263 4594/2814/2267 4595/2814/2266
f 4595/2814/2266 4596/2815/2268 4598/2815/2269
f 4594/2814/2267 4596/2815/2268 4595/2814/2266
f 4593/2813/2265 4595/2814/2266 4597/2816/2270
f 4597/2816/2270 4595/2814/2266 4598/2815/2269
f 4596/2815/2268 4600/2817/2271 4598/2815/2269
f 4599/2818/2272 4598/2815/2269 4601/2817/2273
f 4597/2816/2270 4598/2815/2269 4599/2818/2272
f 4598/2815/2269 4600/2817/2271 4601/2817/2273
f 4601/2817/2273 4603/2819/2274 4599/2818/2272
f 4601/2817/2273 4602/2819/2275 4603/2819/2274
f 4600/2817/2271 4602/2819/2275 4601/2817/2273
f 4599/2818/2272 4603/2819/2274 4606/2820/2276
f 4602/2819/2275 4604/2821/2138 4603/2819/2274
f 4603/2819/2274 4604/2821/2138 4605/2821/2277
f 4603/2819/2274 4605/2821/2277 4606/2820/2276
f 4606/2820/2276 4605/2821/2277 4607/2822/2278
f 4606/2820/2276 4607/2822/2278 4608/2823/2279
f 4609/2824/2280 4606/2820/2276 4608/2823/2279
f 4599/2818/2272 4606/2820/2276 4609/2824/2280
f 4608/2823/2279 4610/2825/2281 4609/2824/2280
f 4610/2825/2281 4597/2816/2270 4609/2824/2280
f 4609/2824/2280 4597/2816/2270 4599/2818/2272
f 4611/2826/2282 4610/2825/2281 4608/2823/2279
f 4611/2826/2282 4593/2813/2265 4610/2825/2281
f 4610/2825/2281 4593/2813/2265 4597/2816/2270
f 4612/2827/2171 4611/2826/2282 4608/2823/2279
f 4613/2828/2170 4611/2826/2282 4612/2827/2171
f 4611/2826/2282 4592/2812/2264 4593/2813/2265
f 4613/2828/2170 4592/2812/2264 4611/2826/2282
f 4612/2827/2171 4614/2829/2283 4613/2828/2170
f 4614/2829/2283 4615/2830/2283 4613/2828/2170
f 4613/2828/2170 4615/2830/2283 4616/2831/2207
f 4616/2831/2207 4590/2810/2262 4613/2828/2170
f 4613/2828/2170 4590/2810/2262 4592/2812/2264
f 4615/2830/2283 4617/2832/2283 4616/2831/2207
f 4616/2831/2207 4617/2832/2283 4618/2833/2189
f 4618/2833/2189 4583/2807/2256 4616/2831/2207
f 4616/2831/2207 4583/2807/2256 4590/2810/2262
f 4617/2832/2283 4619/2834/2207 4618/2833/2189
f 4619/2834/2207 4579/2805/2254 4618/2833/2189
f 4618/2833/2189 4579/2805/2254 4583/2807/2256
f 4620/2788/2284 4578/2804/2249 4619/2834/2207
f 4621/2835/2283 4620/2788/2284 4619/2834/2207
f 4621/2835/2283 4619/2834/2207 4617/2832/2283
f 4619/2834/2207 4578/2804/2249 4579/2805/2254
f 4621/2835/2283 4623/2836/2285 4622/2787/2286
f 4622/2787/2286 4620/2788/2284 4621/2835/2283
f 4617/2832/2283 4624/2837/2287 4621/2835/2283
f 4621/2835/2283 4624/2837/2287 4623/2836/2285
f 4625/2838/2288 4626/2839/2289 4624/2840/2287
f 4617/2832/2283 4625/2841/2288 4624/2837/2287
f 4624/2840/2287 4626/2839/2289 4623/2842/2285
f 4626/2839/2289 4627/2843/2290 4629/2843/2291
f 4628/2839/2292 4627/2843/2290 4626/2839/2289
f 4630/2844/2293 4628/2839/2292 4626/2839/2289
f 4623/2842/2285 4626/2839/2289 4629/2843/2291
f 4630/2844/2293 4626/2839/2289 4625/2838/2288
f 4631/2844/2294 4628/2839/2292 4630/2844/2293
f 4632/2845/2295 4631/2844/2294 4630/2844/2293
f 4625/2838/2288 4632/2845/2295 4630/2844/2293
f 4633/2845/2296 4631/2844/2294 4632/2845/2295
f 4634/2846/2297 4633/2845/2296 4632/2845/2295
f 4635/2847/2298 4634/2846/2297 4632/2845/2295
f 4635/2847/2298 4632/2845/2295 4625/2838/2288
f 4615/2830/2283 4635/2848/2298 4625/2841/2288
f 4614/2829/2283 4635/2848/2298 4615/2830/2283
f 4636/2849/2297 4634/2846/2297 4635/2847/2298
f 4614/2829/2283 4636/2850/2297 4635/2848/2298
f 4637/2851/2299 4634/2846/2297 4636/2849/2297
f 4638/2852/2208 4637/2853/2299 4636/2850/2297
f 4638/2852/2208 4636/2850/2297 4614/2829/2283
f 4639/2706/2189 4638/2852/2208 4612/2827/2171
f 4640/2854/2208 4638/2852/2208 4639/2706/2189
f 4640/2854/2208 4637/2853/2299 4638/2852/2208
f 4638/2852/2208 4614/2829/2283 4612/2827/2171
f 4639/2706/2189 4641/2704/2300 4640/2854/2208
f 4641/2704/2300 4642/2855/2301 4640/2854/2208
f 4640/2854/2208 4642/2855/2301 4637/2853/2299
f 4643/2856/2302 4644/2857/2299 4642/2858/2301
f 4645/2859/2303 4643/2856/2302 4642/2858/2301
f 4642/2858/2301 4644/2857/2299 4637/2851/2299
f 4641/2704/2300 4645/2860/2303 4642/2855/2301
f 4466/2738/2169 4467/2737/2168 4645/2859/2303
f 4469/2740/2167 4466/2739/2169 4645/2860/2303
f 4646/2861/2304 4643/2856/2302 4645/2859/2303
f 4645/2859/2303 4467/2737/2168 4646/2861/2304
f 4469/2740/2167 4645/2860/2303 4641/2704/2300
f 4467/2737/2168 4647/2861/2305 4646/2861/2304
f 4647/2861/2305 4648/2856/2306 4646/2861/2304
f 4646/2861/2304 4648/2856/2306 4643/2856/2302
f 4651/2859/2306 4648/2856/2306 4647/2861/2305
f 4648/2856/2306 4649/2857/2307 4643/2856/2302
f 4650/2858/2305 4649/2857/2307 4648/2856/2306
f 4650/2858/2305 4648/2856/2306 4651/2859/2306
f 4651/2860/2306 4428/2704/2138 4650/2855/2305
f 4652/2740/2138 4428/2704/2138 4651/2860/2306
f 4653/2739/2308 4652/2740/2138 4651/2860/2306
f 4654/2737/2309 4651/2859/2306 4647/2861/2305
f 4653/2738/2308 4651/2859/2306 4654/2737/2309
f 4654/2737/2309 4647/2861/2305 4467/2737/2168
f 4462/2736/2165 4654/2737/2309 4467/2737/2168
f 4456/2731/2160 4654/2737/2309 4459/2736/2162
f 4459/2736/2162 4654/2737/2309 4462/2736/2165
f 4653/2738/2308 4654/2737/2309 4456/2731/2160
f 4447/2721/2154 4652/2740/2138 4653/2739/2308
f 4456/2733/2160 4447/2721/2154 4653/2739/2308
f 4430/2705/2137 4428/2704/2138 4652/2740/2138
f 4430/2705/2137 4652/2740/2138 4443/2717/2151
f 4443/2717/2151 4652/2740/2138 4447/2721/2154
f 4650/2855/2305 4655/2854/2138 4656/2853/2310
f 4428/2704/2138 4655/2854/2138 4650/2855/2305
f 4656/2851/2310 4649/2857/2307 4650/2858/2305
f 4655/2854/2138 4657/2852/2229 4656/2853/2310
f 4656/2853/2310 4657/2852/2229 4658/2850/2311
f 4656/2851/2310 4659/2846/2312 4649/2857/2307
f 4658/2849/2311 4659/2846/2312 4656/2851/2310
f 4649/2857/2307 4659/2846/2312 4644/2857/2299
f 4644/2857/2299 4659/2846/2312 4634/2846/2297
f 4659/2846/2312 4633/2845/2296 4634/2846/2297
f 4659/2846/2312 4660/2847/2313 4633/2845/2296
f 4658/2849/2311 4660/2847/2313 4659/2846/2312
f 4658/2850/2311 4662/2829/2314 4660/2848/2313
f 4660/2847/2313 4661/2838/2315 4633/2845/2296
f 4660/2848/2313 4663/2830/2198 4661/2841/2315
f 4662/2829/2314 4663/2830/2198 4660/2848/2313
f 4663/2830/2198 4664/2828/2152 4665/2831/2258
f 4662/2829/2314 4664/2828/2152 4663/2830/2198
f 4663/2830/2198 4665/2831/2258 4666/2832/2198
f 4663/2830/2198 4666/2832/2198 4661/2841/2315
f 4669/2834/2154 4666/2832/2198 4667/2833/2316
f 4666/2832/2198 4665/2831/2258 4667/2833/2316
f 4666/2832/2198 4668/2835/2151 4670/2837/2317
f 4668/2835/2151 4666/2832/2198 4669/2834/2154
f 4661/2841/2315 4666/2832/2198 4670/2837/2317
f 4670/2837/2317 4668/2835/2151 4671/2836/2285
f 4670/2840/2317 4671/2842/2285 4628/2839/2292
f 4670/2840/2317 4628/2839/2292 4661/2838/2315
f 4668/2835/2151 4550/2787/2146 4671/2836/2285
f 4671/2842/2285 4672/2862/2318 4627/2843/2290
f 4673/2863/2318 4672/2862/2318 4671/2842/2285
f 4671/2836/2285 4550/2787/2146 4673/2864/2318
f 4628/2839/2292 4671/2842/2285 4627/2843/2290
f 4673/2863/2318 4675/2865/2319 4672/2862/2318
f 4674/2866/2320 4675/2865/2319 4673/2863/2318
f 4673/2864/2318 4548/2785/2146 4674/2867/2320
f 4550/2787/2146 4548/2785/2146 4673/2864/2318
f 4675/2865/2319 4676/2868/2199 4678/2865/2321
f 4675/2865/2319 4679/2869/2322 4676/2868/2199
f 4672/2862/2318 4675/2865/2319 4677/2862/2323
f 4677/2862/2323 4675/2865/2319 4678/2865/2321
f 4674/2866/2320 4679/2869/2322 4675/2865/2319
f 4679/2869/2322 4506/2760/2199 4676/2868/2199
f 4679/2870/2322 4505/2757/2139 4506/2758/2199
f 4547/2784/2139 4505/2757/2139 4679/2870/2322
f 4674/2867/2320 4547/2784/2139 4679/2870/2322
f 4678/2865/2321 4676/2868/2199 4680/2868/2203
f 4682/2869/2324 4678/2865/2321 4680/2868/2203
f 4677/2862/2323 4678/2865/2321 4683/2863/2321
f 4683/2863/2321 4678/2865/2321 4681/2866/2325
f 4681/2866/2325 4678/2865/2321 4682/2869/2324
f 4622/2787/2286 4623/2836/2285 4683/2864/2321
f 4622/2787/2286 4683/2864/2321 4684/2785/2326
f 4623/2842/2285 4677/2862/2323 4683/2863/2321
f 4684/2785/2326 4683/2864/2321 4681/2867/2325
f 4684/2785/2326 4681/2867/2325 4685/2784/2170
f 4685/2784/2170 4686/2783/2300 4684/2785/2326
f 4684/2785/2326 4686/2783/2300 4564/2786/2208
f 4684/2785/2326 4564/2786/2208 4622/2787/2286
f 4686/2783/2300 4687/2782/2208 4689/2779/2327
f 4687/2782/2208 4686/2783/2300 4688/2757/2170
f 4688/2757/2170 4686/2783/2300 4685/2784/2170
f 4686/2783/2300 4562/2777/2240 4564/2786/2208
f 4689/2779/2327 4562/2777/2240 4686/2783/2300
f 4689/2779/2327 4690/2781/2328 4691/2780/2284
f 4689/2779/2327 4687/2782/2208 4690/2781/2328
f 4691/2780/2284 4693/2774/2329 4689/2779/2327
f 4689/2779/2327 4693/2774/2329 4692/2778/2227
f 4692/2778/2227 4562/2777/2240 4689/2779/2327
f 4530/2771/2218 4533/2773/2220 4693/2774/2329
f 4691/2780/2284 4530/2771/2218 4693/2774/2329
f 4533/2773/2220 4539/2775/2225 4693/2774/2329
f 4693/2774/2329 4539/2775/2225 4692/2778/2227
f 4692/2778/2227 4539/2775/2225 4562/2777/2240
f 4691/2780/2284 4690/2781/2328 4694/2871/2208
f 4694/2871/2208 4530/2771/2218 4691/2780/2284
f 4690/2781/2328 4529/2770/2217 4694/2871/2208
f 4694/2871/2208 4529/2770/2217 4530/2771/2218
f 4687/2782/2208 4523/2767/2213 4690/2781/2328
f 4690/2781/2328 4523/2767/2213 4529/2770/2217
f 4687/2782/2208 4688/2757/2170 4517/2755/2208
f 4685/2784/2170 4682/2870/2324 4688/2757/2170
f 4517/2755/2208 4688/2757/2170 4515/2756/2189
f 4688/2757/2170 4695/2758/2324 4515/2756/2189
f 4688/2757/2170 4682/2870/2324 4695/2758/2324
f 4695/2760/2324 4680/2868/2203 4510/2762/2203
f 4682/2869/2324 4680/2868/2203 4695/2760/2324
f 4695/2760/2324 4510/2762/2203 4512/2761/2205
f 4515/2756/2189 4695/2758/2324 4512/2759/2205
f 4517/2755/2208 4520/2765/2211 4687/2782/2208
f 4687/2782/2208 4520/2765/2211 4523/2767/2213
f 4685/2784/2170 4681/2867/2325 4682/2870/2324
f 4676/2868/2199 4508/2762/2201 4680/2868/2203
f 4680/2868/2203 4508/2762/2201 4510/2762/2203
f 4629/2843/2291 4672/2862/2318 4677/2862/2323
f 4629/2843/2291 4677/2862/2323 4623/2842/2285
f 4676/2868/2199 4506/2760/2199 4508/2762/2201
f 4548/2785/2146 4547/2784/2139 4674/2867/2320
f 4627/2843/2290 4672/2862/2318 4629/2843/2291
f 4551/2788/2151 4669/2834/2154 4696/2804/2330
f 4551/2788/2151 4668/2835/2151 4669/2834/2154
f 4669/2834/2154 4667/2833/2316 4697/2805/2331
f 4696/2804/2330 4669/2834/2154 4697/2805/2331
f 4697/2805/2331 4667/2833/2316 4585/2807/2259
f 4697/2805/2331 4585/2807/2259 4580/2806/2139
f 4696/2804/2330 4697/2805/2331 4575/2803/2252
f 4575/2803/2252 4697/2805/2331 4580/2806/2139
f 4551/2788/2151 4696/2804/2330 4552/2789/2230
f 4552/2789/2230 4696/2804/2330 4698/2801/2330
f 4696/2804/2330 4575/2803/2252 4698/2801/2330
f 4552/2789/2230 4698/2801/2330 4699/2795/2332
f 4699/2795/2332 4698/2801/2330 4700/2798/2333
f 4698/2801/2330 4576/2802/2253 4700/2798/2333
f 4698/2801/2330 4575/2803/2252 4576/2802/2253
f 4700/2798/2333 4702/2800/2334 4701/2797/2335
f 4701/2797/2335 4699/2795/2332 4700/2798/2333
f 4700/2798/2333 4576/2802/2253 4702/2800/2334
f 4703/2799/2336 4702/2800/2334 4570/2799/2247
f 4701/2797/2335 4702/2800/2334 4703/2799/2336
f 4570/2799/2247 4702/2800/2334 4571/2800/2248
f 4702/2800/2334 4576/2802/2253 4571/2800/2248
f 4557/2794/2234 4701/2797/2335 4703/2799/2336
f 4557/2794/2234 4703/2799/2336 4561/2794/2238
f 4561/2794/2238 4703/2799/2336 4570/2799/2247
f 4555/2792/2233 4701/2797/2335 4557/2794/2234
f 4555/2792/2233 4704/2796/2337 4701/2797/2335
f 4704/2796/2337 4699/2795/2332 4701/2797/2335
f 4553/2790/2231 4704/2796/2337 4555/2792/2233
f 4553/2790/2231 4699/2795/2332 4704/2796/2337
f 4552/2789/2230 4699/2795/2332 4553/2790/2231
f 4550/2787/2146 4668/2835/2151 4551/2788/2151
f 4667/2833/2316 4665/2831/2258 4585/2807/2259
f 4665/2831/2258 4664/2828/2152 4587/2810/2260
f 4585/2807/2259 4665/2831/2258 4587/2810/2260
f 4664/2828/2152 4705/2827/2152 4706/2826/2338
f 4662/2829/2314 4705/2827/2152 4664/2828/2152
f 4664/2828/2152 4706/2826/2338 4707/2812/2260
f 4587/2810/2260 4664/2828/2152 4707/2812/2260
f 4707/2812/2260 4588/2811/2198 4587/2810/2260
f 4707/2812/2260 4708/2813/2339 4588/2811/2198
f 4707/2812/2260 4706/2826/2338 4708/2813/2339
f 4708/2813/2339 4709/2816/2340 4594/2814/2267
f 4708/2813/2339 4710/2825/2341 4709/2816/2340
f 4588/2811/2198 4708/2813/2339 4594/2814/2267
f 4706/2826/2338 4710/2825/2341 4708/2813/2339
f 4710/2825/2341 4711/2823/2342 4712/2824/2343
f 4706/2826/2338 4711/2823/2342 4710/2825/2341
f 4710/2825/2341 4712/2824/2343 4709/2816/2340
f 4711/2823/2342 4713/2820/2344 4712/2824/2343
f 4712/2824/2343 4713/2820/2344 4714/2818/2345
f 4709/2816/2340 4712/2824/2343 4714/2818/2345
f 4713/2820/2344 4602/2819/2275 4714/2818/2345
f 4709/2816/2340 4714/2818/2345 4596/2815/2268
f 4714/2818/2345 4602/2819/2275 4600/2817/2271
f 4596/2815/2268 4714/2818/2345 4600/2817/2271
f 4711/2823/2342 4715/2822/2346 4713/2820/2344
f 4713/2820/2344 4604/2821/2138 4602/2819/2275
f 4715/2822/2346 4604/2821/2138 4713/2820/2344
f 4705/2827/2152 4715/2822/2346 4711/2823/2342
f 4705/2827/2152 4429/2706/2139 4715/2822/2346
f 4715/2822/2346 4716/2872/2347 4604/2821/2138
f 4715/2822/2346 4429/2706/2139 4716/2872/2347
f 4716/2872/2347 4431/2707/2140 4717/2873/2348
f 4429/2706/2139 4431/2707/2140 4716/2872/2347
f 4717/2873/2348 4719/2874/2349 4716/2872/2347
f 4604/2821/2138 4716/2872/2347 4718/2875/2137
f 4716/2872/2347 4719/2874/2349 4718/2875/2137
f 4718/2875/2137 4719/2874/2349 4722/2875/2350
f 4719/2874/2349 4720/2876/2351 4721/2877/2139
f 4717/2873/2348 4720/2876/2351 4719/2874/2349
f 4719/2874/2349 4721/2877/2139 4723/2874/2352
f 4722/2875/2350 4719/2874/2349 4723/2874/2352
f 4723/2874/2352 4721/2877/2139 4727/2877/2353
f 4724/2872/2278 4723/2874/2352 4725/2873/2354
f 4722/2875/2350 4723/2874/2352 4724/2872/2278
f 4725/2873/2354 4723/2874/2352 4726/2876/2355
f 4726/2876/2355 4723/2874/2352 4727/2877/2353
f 4721/2877/2139 4729/2878/2316 4727/2877/2353
f 4728/2879/2356 4727/2877/2353 4730/2878/2357
f 4726/2876/2355 4727/2877/2353 4728/2879/2356
f 4727/2877/2353 4729/2878/2316 4730/2878/2357
f 4730/2878/2357 4731/2711/2358 4728/2879/2356
f 4730/2878/2357 4436/2711/2144 4731/2711/2358
f 4729/2878/2316 4436/2711/2144 4730/2878/2357
f 4731/2711/2358 4437/2714/2147 4440/2714/2148
f 4436/2711/2144 4437/2714/2147 4731/2711/2358
f 4728/2879/2356 4731/2711/2358 4733/2710/2359
f 4732/2708/2360 4731/2711/2358 4440/2714/2148
f 4733/2710/2359 4731/2711/2358 4732/2708/2360
f 4734/2709/2361 4728/2879/2356 4733/2710/2359
f 4733/2710/2359 4732/2708/2360 4734/2709/2361
f 4734/2709/2361 4732/2708/2360 4735/2703/2326
f 4735/2703/2326 4736/2707/2362 4734/2709/2361
f 4736/2707/2362 4737/2880/2284 4734/2709/2361
f 4734/2709/2361 4737/2880/2284 4738/2881/2284
f 4738/2881/2284 4728/2879/2356 4734/2709/2361
f 4737/2880/2284 4726/2876/2355 4738/2881/2284
f 4738/2881/2284 4726/2876/2355 4728/2879/2356
f 4736/2707/2362 4725/2873/2354 4737/2880/2284
f 4737/2880/2284 4725/2873/2354 4726/2876/2355
f 4639/2706/2189 4736/2707/2362 4735/2703/2326
f 4639/2706/2189 4724/2872/2278 4736/2707/2362
f 4736/2707/2362 4724/2872/2278 4725/2873/2354
f 4735/2703/2326 4641/2704/2300 4639/2706/2189
f 4735/2703/2326 4739/2705/2170 4641/2704/2300
f 4735/2703/2326 4732/2708/2360 4739/2705/2170
f 4641/2704/2300 4739/2705/2170 4469/2740/2167
f 4739/2705/2170 4470/2717/2170 4469/2740/2167
f 4739/2705/2170 4740/2712/2363 4470/2717/2170
f 4739/2705/2170 4732/2708/2360 4740/2712/2363
f 4732/2708/2360 4441/2713/2149 4740/2712/2363
f 4740/2712/2363 4441/2713/2149 4476/2716/2175
f 4470/2717/2170 4740/2712/2363 4476/2716/2175
f 4440/2714/2148 4441/2713/2149 4732/2708/2360
f 4741/2879/2364 4436/2711/2144 4729/2878/2316
f 4721/2877/2139 4741/2879/2364 4729/2878/2316
f 4741/2879/2364 4432/2709/2142 4434/2710/2143
f 4742/2881/2146 4432/2709/2142 4741/2879/2364
f 4720/2876/2351 4742/2881/2146 4741/2879/2364
f 4434/2710/2143 4436/2711/2144 4741/2879/2364
f 4720/2876/2351 4741/2879/2364 4721/2877/2139
f 4743/2880/2139 4432/2709/2142 4742/2881/2146
f 4743/2880/2139 4742/2881/2146 4720/2876/2351
f 4431/2707/2140 4432/2709/2142 4743/2880/2139
f 4431/2707/2140 4743/2880/2139 4717/2873/2348
f 4717/2873/2348 4743/2880/2139 4720/2876/2351
f 4607/2822/2278 4605/2821/2277 4724/2872/2278
f 4639/2706/2189 4607/2822/2278 4724/2872/2278
f 4724/2872/2278 4605/2821/2277 4722/2875/2350
f 4605/2821/2277 4718/2875/2137 4722/2875/2350
f 4604/2821/2138 4718/2875/2137 4605/2821/2277
f 4706/2826/2338 4705/2827/2152 4711/2823/2342
f 4594/2814/2267 4709/2816/2340 4596/2815/2268
f 4657/2852/2229 4705/2827/2152 4662/2829/2314
f 4657/2852/2229 4429/2706/2139 4705/2827/2152
f 4657/2852/2229 4662/2829/2314 4658/2850/2311
f 4633/2845/2296 4661/2838/2315 4631/2844/2294
f 4661/2838/2315 4628/2839/2292 4631/2844/2294
f 4655/2854/2138 4429/2706/2139 4657/2852/2229
f 4428/2704/2138 4429/2706/2139 4655/2854/2138
f 4643/2856/2302 4649/2857/2307 4644/2857/2299
f 4644/2857/2299 4634/2846/2297 4637/2851/2299
f 4612/2827/2171 4607/2822/2278 4639/2706/2189
f 4615/2830/2283 4625/2841/2288 4617/2832/2283
f 4622/2787/2286 4564/2786/2208 4620/2788/2284
f 4620/2788/2284 4564/2786/2208 4566/2789/2242
f 4566/2789/2242 4578/2804/2249 4620/2788/2284
f 4608/2823/2279 4607/2822/2278 4612/2827/2171
f 4573/2801/2249 4578/2804/2249 4566/2789/2242
f 4567/2795/2243 4573/2801/2249 4566/2789/2242
f 4562/2777/2240 4539/2775/2225 4558/2776/2235
f 4539/2775/2225 4538/2776/2224 4558/2776/2235
f 4545/2782/2229 4503/2755/2198 4505/2757/2139
f 4503/2755/2198 4545/2782/2229 4744/2765/2365
f 4545/2782/2229 4543/2781/2228 4745/2767/2365
f 4744/2765/2365 4545/2782/2229 4745/2767/2365
f 4744/2765/2365 4745/2767/2365 4525/2764/2138
f 4746/2770/2366 4527/2769/2216 4745/2767/2365
f 4745/2767/2365 4543/2781/2228 4746/2770/2366
f 4525/2764/2138 4745/2767/2365 4524/2768/2138
f 4745/2767/2365 4527/2769/2216 4524/2768/2138
f 4543/2781/2228 4747/2871/2152 4746/2770/2366
f 4746/2770/2366 4747/2871/2152 4535/2771/2221
f 4746/2770/2366 4535/2771/2221 4527/2769/2216
f 4543/2781/2228 4544/2780/2137 4747/2871/2152
f 4747/2871/2152 4544/2780/2137 4535/2771/2221
f 4744/2765/2365 4525/2764/2138 4501/2753/2196
f 4501/2753/2196 4503/2755/2198 4744/2765/2365
f 4535/2771/2221 4544/2780/2137 4536/2774/2222
f 4527/2769/2216 4535/2771/2221 4531/2772/2183
f 4501/2753/2196 4525/2764/2138 4748/2766/2229
f 4748/2766/2229 4525/2764/2138 4521/2766/2212
f 4496/2751/2154 4501/2753/2196 4748/2766/2229
f 4496/2751/2154 4748/2766/2229 4497/2751/2192
f 4497/2751/2192 4748/2766/2229 4521/2766/2212
f 4484/2743/2182 4749/2748/2367 4486/2745/2184
f 4749/2748/2367 4450/2725/2156 4486/2745/2184
f 4750/2747/2138 4749/2748/2367 4484/2743/2182
f 4749/2748/2367 4449/2724/2155 4450/2725/2156
f 4750/2747/2138 4449/2724/2155 4749/2748/2367
f 4449/2724/2155 4750/2747/2138 4483/2741/2181
f 4483/2741/2181 4750/2747/2138 4484/2743/2182
f 4444/2719/2153 4483/2741/2181 4445/2720/2138
f 4444/2719/2153 4449/2724/2155 4483/2741/2181
f 4439/2715/2137 4445/2720/2138 4480/2715/2179
f 4441/2713/2149 4439/2715/2137 4480/2715/2179
f 4476/2716/2175 4441/2713/2149 4480/2715/2179
f 4475/2723/2171 4463/2729/2166 4465/2722/2167
f 4448/2722/2152 4447/2721/2154 4456/2733/2160
f 4430/2705/2137 4443/2717/2151 4435/2712/2145
f 4756/2882/2368 4751/2883/2369 4752/2882/2370
f 4751/2883/2369 4753/2884/2371 4752/2882/2370
f 4751/2883/2369 4755/2884/2372 4753/2884/2371
f 4754/2883/2373 4751/2883/2369 4756/2882/2368
f 4754/2883/2373 4755/2884/2372 4751/2883/2369
f 4756/2882/2368 4757/2885/2374 4759/2886/2375
f 4758/2887/2376 4757/2885/2374 4756/2882/2368
f 4756/2882/2368 4752/2882/2370 4758/2887/2376
f 4756/2882/2368 4759/2886/2375 4754/2883/2373
f 4761/2885/2377 4759/2886/2375 4757/2885/2374
f 4754/2883/2373 4759/2886/2375 4755/2884/2372
f 4760/2886/2378 4755/2884/2372 4759/2886/2375
f 4760/2886/2378 4759/2886/2375 4761/2885/2377
f 4762/2887/2376 4760/2886/2378 4761/2885/2377
f 4762/2887/2376 4761/2885/2377 4758/2887/2376
f 4758/2887/2376 4761/2885/2377 4757/2885/2374
f 4752/2882/2370 4760/2886/2378 4762/2887/2376
f 4758/2887/2376 4752/2882/2370 4762/2887/2376
f 4753/2884/2371 4755/2884/2372 4760/2886/2378
f 4752/2882/2370 4753/2884/2371 4760/2886/2378
f 4764/2888/2379 4769/2889/2380 4763/2890/2379
f 4763/2890/2379 4765/2891/2379 4764/2888/2379
f 4765/2891/2379 4763/2890/2379 4768/2892/2381
f 4763/2890/2379 4770/2893/2380 4766/2894/2382
f 4766/2894/2382 4767/2895/2383 4763/2890/2379
f 4763/2890/2379 4767/2895/2383 4768/2892/2381
f 4763/2890/2379 4769/2889/2380 4770/2893/2380
f 4772/2896/2380 4770/2893/2380 4769/2889/2380
f 4766/2894/2382 4770/2893/2380 4771/2897/2380
f 4771/2897/2380 4770/2893/2380 4772/2896/2380
f 4773/2898/2380 4792/2899/2384 4772/2896/2380
f 4773/2898/2380 4772/2896/2380 4774/2900/2380
f 4774/2900/2380 4772/2896/2380 4775/2901/2380
f 4775/2901/2380 4772/2896/2380 4776/2902/2380
f 4776/2902/2380 4772/2896/2380 4777/2903/2380
f 4777/2903/2380 4772/2896/2380 4778/2904/2380
f 4778/2904/2380 4772/2896/2380 4779/2905/2380
f 4779/2905/2380 4772/2896/2380 4780/2906/2380
f 4780/2906/2380 4772/2896/2380 4781/2907/2380
f 4781/2907/2380 4772/2896/2380 4782/2908/2380
f 4782/2908/2380 4772/2896/2380 4783/2909/2380
f 4783/2909/2380 4772/2896/2380 4769/2889/2380
f 4772/2896/2380 4793/2910/2385 4784/2911/2380
f 4784/2911/2380 4785/2912/2380 4772/2896/2380
f 4785/2912/2380 4786/2913/2380 4772/2896/2380
f 4786/2913/2380 4787/2914/2380 4772/2896/2380
f 4787/2914/2380 4788/2915/2380 4772/2896/2380
f 4788/2915/2380 4789/2916/2380 4772/2896/2380
f 4789/2916/2380 4790/2917/2380 4772/2896/2380
f 4790/2917/2380 4791/2918/2380 4772/2896/2380
f 4791/2918/2380 4771/2897/2380 4772/2896/2380
f 4792/2899/2384 4793/2910/2385 4772/2896/2380
f 4793/2910/2385 4794/2919/2386 4784/2911/2380
f 4795/2920/2387 4794/2919/2386 4793/2910/2385
f 4795/2920/2387 4793/2910/2385 4796/2921/2388
f 4796/2921/2388 4793/2910/2385 4792/2899/2384
f 4796/2921/2388 4792/2899/2384 4797/2922/2389
f 4796/2921/2388 4797/2922/2389 4799/2899/2390
f 4798/2910/2391 4796/2921/2388 4799/2899/2390
f 4795/2920/2387 4796/2921/2388 4798/2910/2391
f 4799/2899/2390 4797/2922/2389 4800/2922/2392
f 4800/2922/2392 4801/2898/2393 4799/2899/2390
f 4799/2899/2390 4801/2898/2393 4802/2896/2393
f 4799/2899/2390 4802/2896/2393 4798/2910/2391
f 4801/2898/2393 4803/2900/2393 4802/2896/2393
f 4803/2900/2393 4804/2901/2393 4802/2896/2393
f 4804/2901/2393 4805/2902/2393 4802/2896/2393
f 4805/2902/2393 4806/2903/2393 4802/2896/2393
f 4806/2903/2393 4807/2904/2393 4802/2896/2393
f 4807/2904/2393 4808/2905/2393 4802/2896/2393
f 4808/2905/2393 4809/2906/2393 4802/2896/2393
f 4809/2906/2393 4810/2907/2393 4802/2896/2393
f 4810/2907/2393 4811/2908/2393 4802/2896/2393
f 4811/2908/2393 4812/2909/2393 4802/2896/2393
f 4812/2909/2393 4813/2889/2393 4802/2896/2393
f 4802/2896/2393 4813/2889/2393 4814/2893/2393
f 4823/2897/2393 4802/2896/2393 4814/2893/2393
f 4798/2910/2391 4802/2896/2393 4815/2911/2393
f 4815/2911/2393 4802/2896/2393 4816/2912/2393
f 4816/2912/2393 4802/2896/2393 4817/2913/2393
f 4817/2913/2393 4802/2896/2393 4818/2914/2393
f 4818/2914/2393 4802/2896/2393 4819/2915/2393
f 4819/2915/2393 4802/2896/2393 4820/2916/2393
f 4820/2916/2393 4802/2896/2393 4821/2917/2393
f 4821/2917/2393 4802/2896/2393 4822/2918/2393
f 4822/2918/2393 4802/2896/2393 4823/2897/2393
f 4822/2918/2393 4823/2897/2393 4824/2923/2394
f 4823/2897/2393 4814/2893/2393 4825/2894/2395
f 4824/2923/2394 4823/2897/2393 4825/2894/2395
f 4825/2894/2395 4814/2893/2393 4826/2890/2396
f 4825/2894/2395 4826/2890/2396 4767/2895/2383
f 4824/2923/2394 4825/2894/2395 4827/2924/2397
f 4767/2895/2383 4828/2925/2398 4825/2894/2395
f 4825/2894/2395 4828/2925/2398 4827/2924/2397
f 4766/2894/2382 4827/2924/2397 4828/2925/2398
f 4767/2895/2383 4766/2894/2382 4828/2925/2398
f 4827/2924/2397 4829/2923/2399 4830/2926/2400
f 4829/2923/2399 4827/2924/2397 4766/2894/2382
f 4827/2924/2397 4830/2926/2400 4824/2923/2394
f 4824/2923/2394 4830/2926/2400 4831/2927/2399
f 4829/2923/2399 4831/2927/2399 4830/2926/2400
f 4831/2927/2399 4832/2928/2401 4833/2929/2402
f 4832/2928/2401 4831/2927/2399 4829/2923/2399
f 4831/2927/2399 4833/2929/2402 4834/2928/2403
f 4834/2928/2403 4824/2923/2394 4831/2927/2399
f 4835/2930/2404 4821/2917/2393 4834/2928/2403
f 4835/2930/2404 4834/2928/2403 4836/2931/2405
f 4834/2928/2403 4833/2929/2402 4836/2931/2405
f 4834/2928/2403 4822/2918/2393 4824/2923/2394
f 4821/2917/2393 4822/2918/2393 4834/2928/2403
f 4832/2928/2401 4836/2931/2405 4833/2929/2402
f 4838/2930/2406 4836/2931/2405 4832/2928/2401
f 4836/2931/2405 4837/2932/2407 4835/2930/2404
f 4836/2931/2405 4838/2930/2406 4837/2932/2407
f 4838/2930/2406 4789/2916/2380 4839/2933/2408
f 4839/2933/2408 4840/2934/2409 4838/2930/2406
f 4838/2930/2406 4840/2934/2409 4837/2932/2407
f 4832/2928/2401 4790/2917/2380 4838/2930/2406
f 4838/2930/2406 4790/2917/2380 4789/2916/2380
f 4840/2934/2409 4839/2933/2408 4841/2935/2410
f 4835/2930/2404 4837/2932/2407 4840/2934/2409
f 4840/2934/2409 4841/2935/2410 4842/2933/2411
f 4842/2933/2411 4835/2930/2404 4840/2934/2409
f 4842/2933/2411 4841/2935/2410 4843/2936/2408
f 4844/2937/2412 4842/2933/2411 4843/2936/2408
f 4844/2937/2412 4819/2915/2393 4842/2933/2411
f 4842/2933/2411 4820/2916/2393 4835/2930/2404
f 4819/2915/2393 4820/2916/2393 4842/2933/2411
f 4844/2937/2412 4846/2938/2413 4845/2939/2414
f 4847/2940/2415 4844/2937/2412 4845/2939/2414
f 4843/2936/2408 4846/2938/2413 4844/2937/2412
f 4847/2940/2415 4818/2914/2393 4844/2937/2412
f 4818/2914/2393 4819/2915/2393 4844/2937/2412
f 4848/2941/2416 4847/2940/2415 4849/2942/2417
f 4850/2943/2394 4847/2940/2415 4848/2941/2416
f 4845/2939/2414 4849/2942/2417 4847/2940/2415
f 4850/2943/2394 4817/2913/2393 4847/2940/2415
f 4817/2913/2393 4818/2914/2393 4847/2940/2415
f 4848/2941/2416 4852/2944/2418 4850/2943/2394
f 4851/2945/2403 4816/2912/2393 4850/2943/2394
f 4851/2945/2403 4850/2943/2394 4853/2946/2419
f 4850/2943/2394 4852/2944/2418 4853/2946/2419
f 4816/2912/2393 4817/2913/2393 4850/2943/2394
f 4853/2946/2419 4854/2945/2401 4856/2947/2420
f 4854/2945/2401 4853/2946/2419 4855/2943/2399
f 4855/2943/2399 4853/2946/2419 4852/2944/2418
f 4853/2946/2419 4856/2947/2420 4851/2945/2403
f 4851/2945/2403 4856/2947/2420 4857/2948/2405
f 4854/2945/2401 4857/2948/2405 4856/2947/2420
f 4857/2948/2405 4858/2949/2406 4859/2950/2421
f 4858/2949/2406 4857/2948/2405 4854/2945/2401
f 4857/2948/2405 4859/2950/2421 4860/2949/2404
f 4860/2949/2404 4851/2945/2403 4857/2948/2405
f 4861/2951/2411 4863/2952/2393 4860/2949/2404
f 4861/2951/2411 4860/2949/2404 4862/2953/2409
f 4860/2949/2404 4859/2950/2421 4862/2953/2409
f 4860/2949/2404 4864/2954/2393 4851/2945/2403
f 4863/2952/2393 4864/2954/2393 4860/2949/2404
f 4863/2952/2393 4815/2911/2393 4864/2954/2393
f 4864/2954/2393 4816/2912/2393 4851/2945/2403
f 4864/2954/2393 4815/2911/2393 4816/2912/2393
f 4865/2955/2393 4863/2952/2393 4861/2951/2411
f 4865/2955/2393 4815/2911/2393 4863/2952/2393
f 4866/2956/2422 4865/2955/2393 4861/2951/2411
f 4867/2957/2393 4865/2955/2393 4866/2956/2422
f 4867/2957/2393 4815/2911/2393 4865/2955/2393
f 4869/2958/2422 4867/2957/2393 4866/2956/2422
f 4868/2959/2393 4867/2957/2393 4869/2958/2422
f 4868/2959/2393 4815/2911/2393 4867/2957/2393
f 4869/2958/2422 4870/2960/2423 4873/2961/2416
f 4871/2962/2424 4870/2960/2423 4869/2958/2422
f 4869/2958/2422 4866/2956/2422 4871/2962/2424
f 4872/2963/2425 4868/2959/2393 4869/2958/2422
f 4872/2963/2425 4869/2958/2422 4873/2961/2416
f 4874/2958/2426 4873/2961/2416 4870/2960/2423
f 4875/2963/2427 4873/2961/2416 4874/2958/2426
f 4873/2961/2416 4875/2963/2427 4876/2964/2428
f 4873/2961/2416 4876/2964/2428 4872/2963/2425
f 4872/2963/2425 4876/2964/2428 4877/2965/2419
f 4875/2963/2427 4877/2965/2419 4876/2964/2428
f 4877/2965/2419 4878/2966/2429 4879/2967/2420
f 4878/2966/2429 4877/2965/2419 4875/2963/2427
f 4877/2965/2419 4879/2967/2420 4880/2966/2430
f 4880/2966/2430 4872/2963/2425 4877/2965/2419
f 4880/2966/2430 4879/2967/2420 4881/2968/2431
f 4882/2969/2404 4880/2966/2430 4881/2968/2431
f 4882/2969/2404 4883/2970/2393 4880/2966/2430
f 4880/2966/2430 4884/2971/2393 4872/2963/2425
f 4883/2970/2393 4884/2971/2393 4880/2966/2430
f 4883/2970/2393 4815/2911/2393 4884/2971/2393
f 4884/2971/2393 4868/2959/2393 4872/2963/2425
f 4884/2971/2393 4815/2911/2393 4868/2959/2393
f 4885/2972/2393 4883/2970/2393 4882/2969/2404
f 4885/2972/2393 4815/2911/2393 4883/2970/2393
f 4886/2973/2393 4885/2972/2393 4887/2974/2411
f 4886/2973/2393 4815/2911/2393 4885/2972/2393
f 4887/2974/2411 4885/2972/2393 4882/2969/2404
f 4888/2975/2409 4890/2976/2432 4887/2974/2411
f 4887/2974/2411 4882/2969/2404 4888/2975/2409
f 4889/2977/2433 4886/2973/2393 4887/2974/2411
f 4889/2977/2433 4887/2974/2411 4891/2978/2434
f 4887/2974/2411 4890/2976/2432 4891/2978/2434
f 4891/2978/2434 4892/2977/2435 4894/2979/2436
f 4892/2977/2435 4891/2978/2434 4893/2974/2408
f 4893/2974/2408 4891/2978/2434 4890/2976/2432
f 4891/2978/2434 4894/2979/2436 4889/2977/2433
f 4889/2977/2433 4894/2979/2436 4895/2980/2437
f 4892/2977/2435 4895/2980/2437 4894/2979/2436
f 4895/2980/2437 4896/2981/2397 4897/2982/2438
f 4896/2981/2397 4895/2980/2437 4892/2977/2435
f 4895/2980/2437 4897/2982/2438 4898/2981/2439
f 4898/2981/2439 4889/2977/2433 4895/2980/2437
f 4898/2981/2439 4897/2982/2438 4899/2983/2397
f 4900/2984/2425 4898/2981/2439 4899/2983/2397
f 4900/2984/2425 4901/2985/2393 4898/2981/2439
f 4898/2981/2439 4902/2986/2393 4889/2977/2433
f 4901/2985/2393 4902/2986/2393 4898/2981/2439
f 4902/2986/2393 4886/2973/2393 4889/2977/2433
f 4902/2986/2393 4815/2911/2393 4886/2973/2393
f 4901/2985/2393 4815/2911/2393 4902/2986/2393
f 4903/2987/2393 4901/2985/2393 4900/2984/2425
f 4903/2987/2393 4815/2911/2393 4901/2985/2393
f 4904/2988/2393 4903/2987/2393 4905/2989/2430
f 4904/2988/2393 4906/2990/2393 4903/2987/2393
f 4906/2990/2393 4815/2911/2393 4903/2987/2393
f 4905/2989/2430 4903/2987/2393 4900/2984/2425
f 4908/2991/2440 4906/2990/2393 4907/2992/2393
f 4906/2990/2393 4904/2988/2393 4907/2992/2393
f 4909/2919/2441 4906/2990/2393 4908/2991/2440
f 4909/2919/2441 4815/2911/2393 4906/2990/2393
f 4908/2991/2440 4910/2993/2442 4909/2919/2441
f 4910/2993/2442 4795/2920/2387 4909/2919/2441
f 4909/2919/2441 4795/2920/2387 4798/2910/2391
f 4798/2910/2391 4815/2911/2393 4909/2919/2441
f 4910/2993/2442 4794/2919/2386 4795/2920/2387
f 4910/2993/2442 4911/2991/2443 4794/2919/2386
f 4912/2994/2391 4911/2991/2443 4910/2993/2442
f 4912/2994/2391 4910/2993/2442 4908/2991/2440
f 4913/2995/2444 4912/2994/2391 4915/2996/2445
f 4913/2995/2444 4914/2996/2446 4912/2994/2391
f 4912/2994/2391 4914/2996/2446 4911/2991/2443
f 4915/2996/2445 4912/2994/2391 4908/2991/2440
f 4916/2997/2447 4913/2995/2444 4915/2996/2445
f 4908/2991/2440 4907/2992/2393 4915/2996/2445
f 4915/2996/2445 4917/2998/2393 4916/2997/2447
f 4915/2996/2445 4907/2992/2393 4917/2998/2393
f 4917/2998/2393 4907/2992/2393 4919/2999/2393
f 4917/2998/2393 4918/3000/2393 4920/3001/2393
f 4918/3000/2393 4917/2998/2393 4919/2999/2393
f 4916/2997/2447 4917/2998/2393 4920/3001/2393
f 4923/3002/2448 4920/3001/2393 4921/3003/2393
f 4921/3003/2393 4920/3001/2393 4922/3004/2393
f 4922/3004/2393 4920/3001/2393 4924/3005/2393
f 4916/2997/2447 4920/3001/2393 4923/3002/2448
f 4924/3005/2393 4920/3001/2393 4925/3006/2393
f 4925/3006/2393 4920/3001/2393 4926/3007/2393
f 4926/3007/2393 4920/3001/2393 4927/3008/2393
f 4927/3008/2393 4920/3001/2393 4928/3009/2393
f 4928/3009/2393 4920/3001/2393 4929/3010/2393
f 4929/3010/2393 4920/3001/2393 4930/3011/2393
f 4930/3011/2393 4920/3001/2393 4931/3012/2393
f 4931/3012/2393 4920/3001/2393 4932/3013/2393
f 4932/3013/2393 4920/3001/2393 4933/3014/2393
f 4933/3014/2393 4920/3001/2393 4934/3015/2393
f 4934/3015/2393 4920/3001/2393 4935/3016/2393
f 4935/3016/2393 4920/3001/2393 4936/3017/2393
f 4920/3001/2393 4944/3018/2393 4936/3017/2393
f 4918/3000/2393 4937/3019/2393 4920/3001/2393
f 4937/3019/2393 4938/3020/2393 4920/3001/2393
f 4938/3020/2393 4939/3021/2393 4920/3001/2393
f 4939/3021/2393 4940/3022/2393 4920/3001/2393
f 4940/3022/2393 4941/3023/2393 4920/3001/2393
f 4941/3023/2393 4942/3024/2393 4920/3001/2393
f 4942/3024/2393 4943/3025/2393 4920/3001/2393
f 4943/3025/2393 4944/3018/2393 4920/3001/2393
f 4946/3026/2449 4944/3018/2393 4943/3025/2393
f 4945/3027/2450 4936/3017/2393 4944/3018/2393
f 4945/3027/2450 4944/3018/2393 4946/3026/2449
f 4946/3026/2449 4947/3028/2451 4948/3029/2452
f 4949/3030/2453 4947/3028/2451 4946/3026/2449
f 4945/3027/2450 4946/3026/2449 4948/3029/2452
f 4946/3026/2449 4950/3031/2454 4949/3030/2453
f 4946/3026/2449 4943/3025/2393 4950/3031/2454
f 4951/3032/2455 4953/3033/2456 4950/3031/2454
f 4950/3031/2454 4952/3034/2457 4951/3032/2455
f 4950/3031/2454 4942/3024/2393 4952/3034/2457
f 4950/3031/2454 4953/3033/2456 4949/3030/2453
f 4950/3031/2454 4943/3025/2393 4942/3024/2393
f 4951/3032/2455 4954/3031/2458 4953/3033/2456
f 4954/3031/2458 4949/3030/2453 4953/3033/2456
f 4955/3026/2459 4954/3031/2458 4957/3025/2380
f 4955/3026/2459 4949/3030/2453 4954/3031/2458
f 4954/3031/2458 4956/3034/2460 4958/3024/2380
f 4954/3031/2458 4951/3032/2455 4956/3034/2460
f 4957/3025/2380 4954/3031/2458 4958/3024/2380
f 4958/3024/2380 4956/3034/2460 4960/3023/2380
f 4958/3024/2380 4959/3001/2380 4957/3025/2380
f 4960/3023/2380 4959/3001/2380 4958/3024/2380
f 4956/3034/2460 4961/3035/2461 4960/3023/2380
f 4962/3022/2380 4959/3001/2380 4960/3023/2380
f 4960/3023/2380 4961/3035/2461 4962/3022/2380
f 4962/3022/2380 4963/3036/2462 4964/3021/2380
f 4961/3035/2461 4963/3036/2462 4962/3022/2380
f 4964/3021/2380 4959/3001/2380 4962/3022/2380
f 4964/3021/2380 4966/3037/2462 4965/3020/2380
f 4965/3020/2380 4959/3001/2380 4964/3021/2380
f 4963/3036/2462 4966/3037/2462 4964/3021/2380
f 4963/3036/2462 4967/3038/2463 4966/3037/2462
f 4966/3037/2462 4967/3038/2463 4970/3039/2464
f 4966/3037/2462 4968/3040/2465 4965/3020/2380
f 4966/3037/2462 4969/3041/2466 4968/3040/2465
f 4969/3041/2466 4966/3037/2462 4970/3039/2464
f 4971/3037/2467 4970/3039/2464 4967/3038/2463
f 4969/3041/2466 4970/3039/2464 4971/3037/2467
f 4972/3036/2467 4939/3021/2393 4971/3037/2467
f 4972/3036/2467 4971/3037/2467 4967/3038/2463
f 4971/3037/2467 4938/3020/2393 4973/3040/2468
f 4971/3037/2467 4973/3040/2468 4969/3041/2466
f 4971/3037/2467 4939/3021/2393 4938/3020/2393
f 4974/3042/2469 4976/3043/2470 4973/3040/2468
f 4973/3040/2468 4975/3044/2403 4974/3042/2469
f 4973/3040/2468 4937/3019/2393 4975/3044/2403
f 4973/3040/2468 4976/3043/2470 4969/3041/2466
f 4973/3040/2468 4938/3020/2393 4937/3019/2393
f 4974/3042/2469 4968/3040/2465 4976/3043/2470
f 4968/3040/2465 4969/3041/2466 4976/3043/2470
f 4977/3045/2429 4978/3046/2407 4975/3044/2403
f 4975/3044/2403 4979/3047/2430 4977/3045/2429
f 4975/3044/2403 4978/3046/2407 4974/3042/2469
f 4975/3044/2403 4918/3000/2393 4979/3047/2430
f 4975/3044/2403 4937/3019/2393 4918/3000/2393
f 4979/3047/2430 4980/3048/2471 4977/3045/2429
f 4981/3049/2399 4980/3048/2471 4979/3047/2430
f 4979/3047/2430 4982/3050/2425 4981/3049/2399
f 4979/3047/2430 4919/2999/2393 4982/3050/2425
f 4979/3047/2430 4918/3000/2393 4919/2999/2393
f 4982/3050/2425 4983/3051/2472 4981/3049/2399
f 4984/3052/2473 4983/3051/2472 4982/3050/2425
f 4982/3050/2425 4985/3053/2474 4984/3052/2473
f 4982/3050/2425 4986/3054/2393 4985/3053/2474
f 4982/3050/2425 4919/2999/2393 4986/3054/2393
f 4986/3054/2393 4907/2992/2393 4987/3055/2393
f 4919/2999/2393 4907/2992/2393 4986/3054/2393
f 4985/3053/2474 4986/3054/2393 4987/3055/2393
f 4988/3056/2412 4987/3055/2393 4989/3057/2393
f 4985/3053/2474 4987/3055/2393 4988/3056/2412
f 4987/3055/2393 4907/2992/2393 4989/3057/2393
f 4988/3056/2412 4989/3057/2393 4990/3058/2411
f 4989/3057/2393 4907/2992/2393 4991/3059/2393
f 4990/3058/2411 4989/3057/2393 4991/3059/2393
f 4991/3059/2393 4907/2992/2393 4993/3060/2393
f 4990/3058/2411 4991/3059/2393 4992/3061/2404
f 4992/3061/2404 4991/3059/2393 4993/3060/2393
f 4993/3060/2393 4907/2992/2393 4995/3062/2393
f 4992/3061/2404 4993/3060/2393 4994/3063/2430
f 4994/3063/2430 4993/3060/2393 4995/3062/2393
f 4995/3062/2393 4907/2992/2393 4996/3064/2393
f 4995/3062/2393 4996/3064/2393 4994/3063/2430
f 4996/3064/2393 4997/3065/2393 4998/3066/2394
f 4996/3064/2393 4907/2992/2393 4997/3065/2393
f 4994/3063/2430 4996/3064/2393 4998/3066/2394
f 4999/3067/2475 5000/3068/2400 4998/3066/2394
f 4998/3066/2394 5001/3069/2439 4999/3067/2475
f 4998/3066/2394 5000/3068/2400 5002/3070/2399
f 4994/3063/2430 4998/3066/2394 5002/3070/2399
f 4998/3066/2394 4997/3065/2393 5001/3069/2439
f 5002/3070/2399 5003/3063/2429 5005/3071/2420
f 5003/3063/2429 5002/3070/2399 5004/3066/2399
f 5004/3066/2399 5002/3070/2399 5000/3068/2400
f 5002/3070/2399 5005/3071/2420 4994/3063/2430
f 4994/3063/2430 5005/3071/2420 5006/3072/2401
f 5003/3063/2429 5006/3072/2401 5005/3071/2420
f 5006/3072/2401 5007/3061/2406 5008/3073/2476
f 5007/3061/2406 5006/3072/2401 5003/3063/2429
f 5006/3072/2401 5008/3073/2476 4992/3061/2404
f 4992/3061/2404 4994/3063/2430 5006/3072/2401
f 4992/3061/2404 5008/3073/2476 5009/3074/2409
f 5007/3061/2406 5009/3074/2409 5008/3073/2476
f 5009/3074/2409 5010/3058/2408 5011/3075/2410
f 5010/3058/2408 5009/3074/2409 5007/3061/2406
f 5009/3074/2409 5011/3075/2410 4990/3058/2411
f 4990/3058/2411 4992/3061/2404 5009/3074/2409
f 4990/3058/2411 5011/3075/2410 5012/3076/2408
f 5010/3058/2408 5012/3076/2408 5011/3075/2410
f 5014/3056/2477 5012/3076/2408 5010/3058/2408
f 5012/3076/2408 5013/3077/2413 4988/3056/2412
f 5012/3076/2408 5014/3056/2477 5013/3077/2413
f 4988/3056/2412 4990/3058/2411 5012/3076/2408
f 5015/3053/2416 5014/3056/2477 5017/3055/2380
f 5015/3053/2416 5016/3078/2414 5014/3056/2477
f 5014/3056/2477 5016/3078/2414 5013/3077/2413
f 5014/3056/2477 5010/3058/2408 5018/3057/2380
f 5017/3055/2380 5014/3056/2477 5018/3057/2380
f 5017/3055/2380 5018/3057/2380 5020/2992/2380
f 5018/3057/2380 5010/3058/2408 5019/3059/2380
f 5018/3057/2380 5019/3059/2380 5020/2992/2380
f 5020/2992/2380 4914/2996/2446 5022/2998/2380
f 4911/2991/2443 4914/2996/2446 5020/2992/2380
f 5032/2990/2380 4911/2991/2443 5020/2992/2380
f 5021/2999/2380 5023/3054/2380 5020/2992/2380
f 5022/2998/2380 5021/2999/2380 5020/2992/2380
f 5023/3054/2380 5017/3055/2380 5020/2992/2380
f 5019/3059/2380 5024/3060/2380 5020/2992/2380
f 5024/3060/2380 5025/3062/2380 5020/2992/2380
f 5025/3062/2380 5026/3064/2380 5020/2992/2380
f 5026/3064/2380 5027/3065/2380 5020/2992/2380
f 5027/3065/2380 5028/3079/2380 5020/2992/2380
f 5028/3079/2380 5029/3080/2380 5020/2992/2380
f 5029/3080/2380 5030/3081/2380 5020/2992/2380
f 5030/3081/2380 5031/3082/2380 5020/2992/2380
f 5020/2992/2380 5031/3082/2380 5044/3083/2380
f 5032/2990/2380 5020/2992/2380 5033/2988/2380
f 5033/2988/2380 5020/2992/2380 5034/3084/2380
f 5034/3084/2380 5020/2992/2380 5035/3085/2380
f 5035/3085/2380 5020/2992/2380 5036/3086/2380
f 5036/3086/2380 5020/2992/2380 5037/3087/2380
f 5037/3087/2380 5020/2992/2380 5038/3088/2380
f 5038/3088/2380 5020/2992/2380 5039/3089/2380
f 5039/3089/2380 5020/2992/2380 5040/3090/2380
f 5040/3090/2380 5020/2992/2380 5041/3091/2380
f 5041/3091/2380 5020/2992/2380 5042/3092/2380
f 5042/3092/2380 5020/2992/2380 5043/3093/2380
f 5043/3093/2380 5020/2992/2380 5044/3083/2380
f 5046/3094/2399 5043/3093/2380 5044/3083/2380
f 5045/3095/2429 5044/3083/2380 5031/3082/2380
f 5046/3094/2399 5044/3083/2380 5045/3095/2429
f 5045/3095/2429 5048/3096/2427 5046/3094/2399
f 5047/3097/2426 5043/3093/2380 5046/3094/2399
f 5046/3094/2399 5049/3098/2416 5047/3097/2426
f 5046/3094/2399 5048/3096/2427 5050/3099/2428
f 5049/3098/2416 5046/3094/2399 5050/3099/2428
f 5049/3098/2416 5050/3099/2428 5051/3094/2394
f 5051/3094/2394 5050/3099/2428 5048/3096/2427
f 5051/3094/2394 5053/3097/2422 5049/3098/2416
f 5052/3095/2430 5054/3083/2393 5051/3094/2394
f 5052/3095/2430 5051/3094/2394 5048/3096/2427
f 5051/3094/2394 5055/3093/2393 5053/3097/2422
f 5054/3083/2393 5055/3093/2393 5051/3094/2394
f 5055/3093/2393 5056/3092/2393 5053/3097/2422
f 5056/3092/2393 5055/3093/2393 4907/2992/2393
f 5055/3093/2393 5054/3083/2393 4907/2992/2393
f 5056/3092/2393 5057/3091/2393 5058/3100/2422
f 5057/3091/2393 5056/3092/2393 4907/2992/2393
f 5053/3097/2422 5056/3092/2393 5058/3100/2422
f 5059/3101/2478 5060/3102/2413 5058/3100/2422
f 5058/3100/2422 5061/3103/2411 5059/3101/2478
f 5058/3100/2422 5060/3102/2413 5062/3104/2479
f 5053/3097/2422 5058/3100/2422 5062/3104/2479
f 5058/3100/2422 5057/3091/2393 5061/3103/2411
f 5062/3104/2479 5047/3097/2426 5064/3105/2480
f 5047/3097/2426 5062/3104/2479 5063/3100/2426
f 5063/3100/2426 5062/3104/2479 5060/3102/2413
f 5062/3104/2479 5064/3105/2480 5053/3097/2422
f 5053/3097/2422 5064/3105/2480 5049/3098/2416
f 5047/3097/2426 5049/3098/2416 5064/3105/2480
f 5063/3100/2426 5042/3092/2380 5047/3097/2426
f 5065/3103/2408 5041/3091/2380 5063/3100/2426
f 5063/3100/2426 5059/3101/2478 5065/3103/2408
f 5059/3101/2478 5063/3100/2426 5060/3102/2413
f 5063/3100/2426 5041/3091/2380 5042/3092/2380
f 5065/3103/2408 5059/3101/2478 5068/3106/2481
f 5066/3107/2406 5040/3090/2380 5065/3103/2408
f 5065/3103/2408 5067/3108/2409 5066/3107/2406
f 5067/3108/2409 5065/3103/2408 5068/3106/2481
f 5065/3103/2408 5040/3090/2380 5041/3091/2380
f 5061/3103/2411 5068/3106/2481 5059/3101/2478
f 5067/3108/2409 5068/3106/2481 5061/3103/2411
f 5066/3107/2406 5067/3108/2409 5069/3109/2476
f 5070/3107/2404 5069/3109/2476 5067/3108/2409
f 5061/3103/2411 5070/3107/2404 5067/3108/2409
f 5071/3110/2429 5069/3109/2476 5070/3107/2404
f 5070/3107/2404 5072/3111/2430 5071/3110/2429
f 5061/3103/2411 5073/3090/2393 5070/3107/2404
f 5070/3107/2404 5074/3089/2393 5072/3111/2430
f 5073/3090/2393 5074/3089/2393 5070/3107/2404
f 5074/3089/2393 5073/3090/2393 4907/2992/2393
f 5075/3088/2393 5074/3089/2393 4907/2992/2393
f 5074/3089/2393 5075/3088/2393 5072/3111/2430
f 5075/3088/2393 5077/3087/2393 5076/3112/2425
f 5072/3111/2430 5075/3088/2393 5076/3112/2425
f 5077/3087/2393 5075/3088/2393 4907/2992/2393
f 5076/3112/2425 5077/3087/2393 5078/3113/2415
f 5079/3086/2393 5077/3087/2393 4907/2992/2393
f 5077/3087/2393 5079/3086/2393 5078/3113/2415
f 5080/3085/2393 5079/3086/2393 4907/2992/2393
f 5078/3113/2415 5079/3086/2393 5081/3114/2412
f 5079/3086/2393 5080/3085/2393 5081/3114/2412
f 5078/3113/2415 5081/3114/2412 5082/3115/2482
f 5081/3114/2412 5085/3116/2413 5082/3115/2482
f 5081/3114/2412 5080/3085/2393 5083/3117/2411
f 5081/3114/2412 5083/3117/2411 5084/3118/2483
f 5084/3118/2483 5085/3116/2413 5081/3114/2412
f 5086/3114/2477 5082/3115/2482 5085/3116/2413
f 5084/3118/2483 5086/3114/2477 5085/3116/2413
f 5086/3114/2477 5036/3086/2380 5087/3113/2484
f 5087/3113/2484 5082/3115/2482 5086/3114/2477
f 5088/3117/2408 5035/3085/2380 5086/3114/2477
f 5086/3114/2477 5084/3118/2483 5088/3117/2408
f 5086/3114/2477 5035/3085/2380 5036/3086/2380
f 5088/3117/2408 5084/3118/2483 5091/3119/2481
f 5089/3120/2406 5034/3084/2380 5088/3117/2408
f 5088/3117/2408 5090/3121/2409 5089/3120/2406
f 5090/3121/2409 5088/3117/2408 5091/3119/2481
f 5088/3117/2408 5034/3084/2380 5035/3085/2380
f 5083/3117/2411 5091/3119/2481 5084/3118/2483
f 5090/3121/2409 5091/3119/2481 5083/3117/2411
f 5089/3120/2406 5090/3121/2409 5092/3122/2476
f 5093/3120/2404 5092/3122/2476 5090/3121/2409
f 5083/3117/2411 5093/3120/2404 5090/3121/2409
f 5094/3123/2429 5092/3122/2476 5093/3120/2404
f 5093/3120/2404 4905/2989/2430 5094/3123/2429
f 5083/3117/2411 5095/3084/2393 5093/3120/2404
f 5093/3120/2404 4904/2988/2393 4905/2989/2430
f 5095/3084/2393 4904/2988/2393 5093/3120/2404
f 4904/2988/2393 5095/3084/2393 4907/2992/2393
f 5095/3084/2393 5080/3085/2393 4907/2992/2393
f 5080/3085/2393 5095/3084/2393 5083/3117/2411
f 5096/2989/2429 5094/3123/2429 5097/3124/2485
f 5089/3120/2406 5094/3123/2429 5096/2989/2429
f 4905/2989/2430 5097/3124/2485 5094/3123/2429
f 5094/3123/2429 5089/3120/2406 5092/3122/2476
f 5098/3125/2399 5096/2989/2429 5097/3124/2485
f 5098/3125/2399 5097/3124/2485 4905/2989/2430
f 5096/2989/2429 5098/3125/2399 5099/2984/2427
f 5099/2984/2427 5098/3125/2399 5100/3126/2428
f 4900/2984/2425 5100/3126/2428 5098/3125/2399
f 4905/2989/2430 4900/2984/2425 5098/3125/2399
f 4899/2983/2397 5100/3126/2428 4900/2984/2425
f 4899/2983/2397 5099/2984/2427 5100/3126/2428
f 5099/2984/2427 5101/2987/2380 5096/2989/2429
f 4896/2981/2397 5102/2985/2380 5099/2984/2427
f 5099/2984/2427 4899/2983/2397 4896/2981/2397
f 5099/2984/2427 5102/2985/2380 5101/2987/2380
f 5101/2987/2380 5102/2985/2380 4784/2911/2380
f 5102/2985/2380 5103/2986/2380 4784/2911/2380
f 4896/2981/2397 5103/2986/2380 5102/2985/2380
f 5103/2986/2380 5104/2973/2380 4784/2911/2380
f 4892/2977/2435 5103/2986/2380 4896/2981/2397
f 4892/2977/2435 5104/2973/2380 5103/2986/2380
f 4893/2974/2408 5105/2972/2380 5104/2973/2380
f 5104/2973/2380 5105/2972/2380 4784/2911/2380
f 4893/2974/2408 5104/2973/2380 4892/2977/2435
f 5107/2969/2406 5105/2972/2380 4893/2974/2408
f 5107/2969/2406 5106/2970/2380 5105/2972/2380
f 5105/2972/2380 5106/2970/2380 4784/2911/2380
f 4893/2974/2408 4888/2975/2409 5107/2969/2406
f 5107/2969/2406 4888/2975/2409 5108/3127/2407
f 4878/2966/2429 5106/2970/2380 5107/2969/2406
f 5107/2969/2406 4881/2968/2431 4878/2966/2429
f 4881/2968/2431 5107/2969/2406 5108/3127/2407
f 4882/2969/2404 5108/3127/2407 4888/2975/2409
f 4881/2968/2431 5108/3127/2407 4882/2969/2404
f 4878/2966/2429 5109/2971/2380 5106/2970/2380
f 5106/2970/2380 5109/2971/2380 4784/2911/2380
f 4875/2963/2427 5110/2959/2380 5109/2971/2380
f 5109/2971/2380 5110/2959/2380 4784/2911/2380
f 4875/2963/2427 5109/2971/2380 4878/2966/2429
f 4874/2958/2426 5111/2957/2380 5110/2959/2380
f 5110/2959/2380 5111/2957/2380 4784/2911/2380
f 4874/2958/2426 5110/2959/2380 4875/2963/2427
f 5111/2957/2380 5112/2955/2380 4784/2911/2380
f 5113/2956/2426 5112/2955/2380 5111/2957/2380
f 5113/2956/2426 5111/2957/2380 4874/2958/2426
f 4874/2958/2426 4871/2962/2424 5113/2956/2426
f 5113/2956/2426 4871/2962/2424 5116/3128/2436
f 5114/2951/2408 5112/2955/2380 5113/2956/2426
f 5113/2956/2426 5115/3129/2434 5114/2951/2408
f 5115/3129/2434 5113/2956/2426 5116/3128/2436
f 5115/3129/2434 5116/3128/2436 4866/2956/2422
f 4866/2956/2422 5116/3128/2436 4871/2962/2424
f 5114/2951/2408 5115/3129/2434 5117/3130/2481
f 4861/2951/2411 5117/3130/2481 5115/3129/2434
f 4866/2956/2422 4861/2951/2411 5115/3129/2434
f 4862/2953/2409 5114/2951/2408 5117/3130/2481
f 4862/2953/2409 5117/3130/2481 4861/2951/2411
f 4858/2949/2406 5118/2952/2380 5114/2951/2408
f 5114/2951/2408 4862/2953/2409 4858/2949/2406
f 5114/2951/2408 5118/2952/2380 5112/2955/2380
f 4858/2949/2406 5119/2954/2380 5118/2952/2380
f 5118/2952/2380 5119/2954/2380 4784/2911/2380
f 5112/2955/2380 5118/2952/2380 4784/2911/2380
f 4854/2945/2401 4785/2912/2380 5119/2954/2380
f 5119/2954/2380 4785/2912/2380 4784/2911/2380
f 4854/2945/2401 5119/2954/2380 4858/2949/2406
f 5096/2989/2429 5101/2987/2380 5033/2988/2380
f 5032/2990/2380 5101/2987/2380 4784/2911/2380
f 5033/2988/2380 5101/2987/2380 5032/2990/2380
f 5096/2989/2429 5033/2988/2380 5089/3120/2406
f 5089/3120/2406 5033/2988/2380 5034/3084/2380
f 5120/3131/2416 5121/3132/2486 5087/3113/2484
f 5122/3112/2427 5120/3131/2416 5087/3113/2484
f 5082/3115/2482 5087/3113/2484 5121/3132/2486
f 5087/3113/2484 5036/3086/2380 5037/3087/2380
f 5087/3113/2484 5037/3087/2380 5122/3112/2427
f 5122/3112/2427 5038/3088/2380 5123/3111/2429
f 5123/3111/2429 5124/3133/2427 5122/3112/2427
f 5122/3112/2427 5124/3133/2427 5125/3134/2487
f 5120/3131/2416 5122/3112/2427 5125/3134/2487
f 5122/3112/2427 5037/3087/2380 5038/3088/2380
f 5120/3131/2416 5125/3134/2487 5076/3112/2425
f 5076/3112/2425 5125/3134/2487 5124/3133/2427
f 5124/3133/2427 5123/3111/2429 5126/3135/2402
f 5124/3133/2427 5126/3135/2402 5072/3111/2430
f 5072/3111/2430 5076/3112/2425 5124/3133/2427
f 5072/3111/2430 5126/3135/2402 5071/3110/2429
f 5123/3111/2429 5071/3110/2429 5126/3135/2402
f 5123/3111/2429 5039/3089/2380 5066/3107/2406
f 5066/3107/2406 5071/3110/2429 5123/3111/2429
f 5123/3111/2429 5038/3088/2380 5039/3089/2380
f 5120/3131/2416 5078/3113/2415 5121/3132/2486
f 5082/3115/2482 5121/3132/2486 5078/3113/2415
f 5076/3112/2425 5078/3113/2415 5120/3131/2416
f 5073/3090/2393 5057/3091/2393 4907/2992/2393
f 5057/3091/2393 5073/3090/2393 5061/3103/2411
f 5071/3110/2429 5066/3107/2406 5069/3109/2476
f 5066/3107/2406 5039/3089/2380 5040/3090/2380
f 4907/2992/2393 5054/3083/2393 5127/3082/2393
f 5127/3082/2393 5054/3083/2393 5052/3095/2430
f 5129/3081/2393 4907/2992/2393 5127/3082/2393
f 5128/3136/2404 5127/3082/2393 5052/3095/2430
f 5129/3081/2393 5127/3082/2393 5128/3136/2404
f 5131/3080/2393 4907/2992/2393 5129/3081/2393
f 5130/3137/2411 5129/3081/2393 5128/3136/2404
f 5131/3080/2393 5129/3081/2393 5130/3137/2411
f 5132/3138/2488 5131/3080/2393 5130/3137/2411
f 5133/3079/2393 5131/3080/2393 5132/3138/2488
f 5133/3079/2393 4907/2992/2393 5131/3080/2393
f 5001/3069/2439 5133/3079/2393 5132/3138/2488
f 4997/3065/2393 5133/3079/2393 5001/3069/2439
f 4997/3065/2393 4907/2992/2393 5133/3079/2393
f 5134/3139/2408 5135/3140/2413 5132/3138/2488
f 5132/3138/2488 5130/3137/2411 5134/3139/2408
f 5132/3138/2488 5135/3140/2413 5136/3141/2489
f 5001/3069/2439 5132/3138/2488 5136/3141/2489
f 5136/3141/2489 5137/3069/2397 5139/3142/2490
f 5137/3069/2397 5136/3141/2489 5138/3138/2491
f 5138/3138/2491 5136/3141/2489 5135/3140/2413
f 5136/3141/2489 5139/3142/2490 5001/3069/2439
f 5001/3069/2439 5139/3142/2490 4999/3067/2475
f 5137/3069/2397 4999/3067/2475 5139/3142/2490
f 5138/3138/2491 5028/3079/2380 5137/3069/2397
f 5140/3137/2408 5029/3080/2380 5138/3138/2491
f 5138/3138/2491 5134/3139/2408 5140/3137/2408
f 5134/3139/2408 5138/3138/2491 5135/3140/2413
f 5138/3138/2491 5029/3080/2380 5028/3079/2380
f 5140/3137/2408 5134/3139/2408 5143/3143/2492
f 5141/3136/2406 5030/3081/2380 5140/3137/2408
f 5140/3137/2408 5142/3144/2409 5141/3136/2406
f 5142/3144/2409 5140/3137/2408 5143/3143/2492
f 5140/3137/2408 5030/3081/2380 5029/3080/2380
f 5130/3137/2411 5143/3143/2492 5134/3139/2408
f 5142/3144/2409 5143/3143/2492 5130/3137/2411
f 5141/3136/2406 5142/3144/2409 5144/3145/2476
f 5128/3136/2404 5144/3145/2476 5142/3144/2409
f 5130/3137/2411 5128/3136/2404 5142/3144/2409
f 5145/3146/2431 5141/3136/2406 5144/3145/2476
f 5145/3146/2431 5144/3145/2476 5128/3136/2404
f 5141/3136/2406 5145/3146/2431 5045/3095/2429
f 5045/3095/2429 5145/3146/2431 5146/3147/2402
f 5052/3095/2430 5146/3147/2402 5145/3146/2431
f 5128/3136/2404 5052/3095/2430 5145/3146/2431
f 5048/3096/2427 5045/3095/2429 5146/3147/2402
f 5048/3096/2427 5146/3147/2402 5052/3095/2430
f 5045/3095/2429 5031/3082/2380 5141/3136/2406
f 5141/3136/2406 5031/3082/2380 5030/3081/2380
f 5004/3066/2399 4999/3067/2475 5137/3069/2397
f 5137/3069/2397 5028/3079/2380 5027/3065/2380
f 5137/3069/2397 5027/3065/2380 5004/3066/2399
f 5047/3097/2426 5042/3092/2380 5043/3093/2380
f 4784/2911/2380 4794/2919/2386 5032/2990/2380
f 4794/2919/2386 4911/2991/2443 5032/2990/2380
f 5004/3066/2399 5027/3065/2380 5026/3064/2380
f 5003/3063/2429 5026/3064/2380 5025/3062/2380
f 5004/3066/2399 5026/3064/2380 5003/3063/2429
f 5024/3060/2380 5003/3063/2429 5025/3062/2380
f 5019/3059/2380 5007/3061/2406 5024/3060/2380
f 5007/3061/2406 5003/3063/2429 5024/3060/2380
f 5147/3050/2427 5015/3053/2416 5023/3054/2380
f 5021/2999/2380 5147/3050/2427 5023/3054/2380
f 5023/3054/2380 5015/3053/2416 5017/3055/2380
f 5148/3047/2429 5147/3050/2427 5021/2999/2380
f 5148/3047/2429 4981/3049/2399 5147/3050/2427
f 5147/3050/2427 4981/3049/2399 4983/3051/2472
f 5147/3050/2427 4984/3052/2473 5015/3053/2416
f 4984/3052/2473 5147/3050/2427 4983/3051/2472
f 5148/3047/2429 4977/3045/2429 4980/3048/2471
f 5150/3044/2401 4977/3045/2429 5148/3047/2429
f 4981/3049/2399 5148/3047/2429 4980/3048/2471
f 5149/3000/2380 5148/3047/2429 5021/2999/2380
f 5150/3044/2401 5148/3047/2429 5149/3000/2380
f 4968/3040/2465 5150/3044/2401 5151/3019/2380
f 4968/3040/2465 4974/3042/2469 5150/3044/2401
f 4977/3045/2429 5150/3044/2401 4978/3046/2407
f 5150/3044/2401 4974/3042/2469 4978/3046/2407
f 5151/3019/2380 5150/3044/2401 5149/3000/2380
f 4965/3020/2380 4968/3040/2465 5151/3019/2380
f 5151/3019/2380 4959/3001/2380 4965/3020/2380
f 5149/3000/2380 4959/3001/2380 5151/3019/2380
f 5022/2998/2380 4959/3001/2380 5149/3000/2380
f 5149/3000/2380 5021/2999/2380 5022/2998/2380
f 4914/2996/2446 5152/2997/2493 5022/2998/2380
f 5022/2998/2380 5152/2997/2493 4959/3001/2380
f 4913/2995/2444 5152/2997/2493 4914/2996/2446
f 5153/3148/2494 5152/2997/2493 4913/2995/2444
f 5153/3148/2494 5154/3002/2495 5152/2997/2493
f 5152/2997/2493 5154/3002/2495 4959/3001/2380
f 5154/3002/2495 5155/3149/2496 5158/3003/2380
f 5155/3149/2496 5154/3002/2495 5156/3150/2497
f 5156/3150/2497 5154/3002/2495 5157/3151/2498
f 5157/3151/2498 5154/3002/2495 5153/3148/2494
f 4959/3001/2380 5154/3002/2495 5158/3003/2380
f 5158/3003/2380 5155/3149/2496 5170/3152/2380
f 5159/3153/2380 5160/3154/2380 5158/3003/2380
f 5170/3152/2380 5159/3153/2380 5158/3003/2380
f 5160/3154/2380 5161/3155/2380 5158/3003/2380
f 5161/3155/2380 5162/3156/2380 5158/3003/2380
f 5162/3156/2380 5163/3157/2380 5158/3003/2380
f 5163/3157/2380 5164/3158/2380 5158/3003/2380
f 5164/3158/2380 5165/3159/2380 5158/3003/2380
f 5165/3159/2380 5166/3160/2380 5158/3003/2380
f 5166/3160/2380 5167/3161/2380 5158/3003/2380
f 5167/3161/2380 5168/3162/2380 5158/3003/2380
f 5168/3162/2380 5169/3004/2380 5158/3003/2380
f 5158/3003/2380 5169/3004/2380 4959/3001/2380
f 5155/3149/2496 5172/3163/2380 5170/3152/2380
f 5159/3153/2380 5170/3152/2380 5171/3164/2380
f 5170/3152/2380 5172/3163/2380 5171/3164/2380
f 5171/3164/2380 5172/3163/2380 5173/3165/2380
f 5173/3165/2380 5172/3163/2380 5174/3166/2380
f 5174/3166/2380 5172/3163/2380 5175/3167/2380
f 5175/3167/2380 5172/3163/2380 5176/3168/2380
f 5176/3168/2380 5172/3163/2380 5177/3169/2380
f 5177/3169/2380 5172/3163/2380 5178/3170/2380
f 5178/3170/2380 5172/3163/2380 5179/3171/2380
f 5179/3171/2380 5172/3163/2380 5180/3172/2380
f 5180/3172/2380 5172/3163/2380 5181/3173/2380
f 5181/3173/2380 5172/3163/2380 5182/3174/2380
f 5182/3174/2380 5172/3163/2380 5183/3175/2380
f 5172/3163/2380 5184/3176/2380 5183/3175/2380
f 5172/3163/2380 5186/3177/2499 5184/3176/2380
f 5185/3178/2500 5172/3163/2380 5155/3149/2496
f 5185/3178/2500 5186/3177/2499 5172/3163/2380
f 5186/3177/2499 5187/3179/2501 5184/3176/2380
f 5186/3177/2499 5188/3180/2501 5187/3179/2501
f 5188/3180/2501 5186/3177/2499 5189/3177/2502
f 5189/3177/2502 5186/3177/2499 5190/3178/2503
f 5190/3178/2503 5186/3177/2499 5185/3178/2500
f 5190/3178/2503 5155/3149/2496 5156/3150/2497
f 5185/3178/2500 5155/3149/2496 5190/3178/2503
f 5192/3149/2504 5190/3178/2503 5156/3150/2497
f 5189/3177/2502 5190/3178/2503 5193/3177/2505
f 5193/3177/2505 5190/3178/2503 5191/3178/2506
f 5191/3178/2506 5190/3178/2503 5192/3149/2504
f 5193/3177/2505 5196/3176/2393 5194/3179/2507
f 5193/3177/2505 5194/3179/2507 5188/3180/2501
f 5191/3178/2506 5195/3163/2393 5193/3177/2505
f 5193/3177/2505 5195/3163/2393 5196/3176/2393
f 5188/3180/2501 5189/3177/2502 5193/3177/2505
f 5194/3179/2507 5196/3176/2393 5197/3175/2393
f 5195/3163/2393 5197/3175/2393 5196/3176/2393
f 5199/3181/2411 5197/3175/2393 5198/3174/2393
f 5198/3174/2393 5197/3175/2393 5195/3163/2393
f 5194/3179/2507 5197/3175/2393 5199/3181/2411
f 5199/3181/2411 5203/3182/2508 5200/3183/2408
f 5194/3179/2507 5199/3181/2411 5200/3183/2408
f 5201/3184/2409 5203/3182/2508 5199/3181/2411
f 5199/3181/2411 5202/3185/2404 5201/3184/2409
f 5199/3181/2411 5198/3174/2393 5202/3185/2404
f 5204/3181/2408 5200/3183/2408 5203/3182/2508
f 5201/3184/2409 5204/3181/2408 5203/3182/2508
f 5187/3179/2501 5204/3181/2408 5183/3175/2380
f 5187/3179/2501 5200/3183/2408 5204/3181/2408
f 5204/3181/2408 5205/3185/2406 5182/3174/2380
f 5204/3181/2408 5201/3184/2409 5205/3185/2406
f 5183/3175/2380 5204/3181/2408 5182/3174/2380
f 5205/3185/2406 5201/3184/2409 5208/3186/2476
f 5205/3185/2406 5206/3187/2429 5181/3173/2380
f 5205/3185/2406 5207/3188/2401 5206/3187/2429
f 5207/3188/2401 5205/3185/2406 5208/3186/2476
f 5182/3174/2380 5205/3185/2406 5181/3173/2380
f 5202/3185/2404 5208/3186/2476 5201/3184/2409
f 5207/3188/2401 5208/3186/2476 5202/3185/2404
f 5206/3187/2429 5207/3188/2401 5209/3189/2485
f 5210/3187/2403 5209/3189/2485 5207/3188/2401
f 5202/3185/2404 5210/3187/2403 5207/3188/2401
f 5211/3190/2399 5209/3189/2485 5210/3187/2403
f 5202/3185/2404 5213/3173/2393 5210/3187/2403
f 5210/3187/2403 5212/3191/2394 5211/3190/2399
f 5210/3187/2403 5214/3172/2393 5212/3191/2394
f 5210/3187/2403 5213/3173/2393 5214/3172/2393
f 5212/3191/2394 5214/3172/2393 5215/3171/2393
f 5215/3171/2393 5214/3172/2393 5195/3163/2393
f 5214/3172/2393 5213/3173/2393 5195/3163/2393
f 5212/3191/2394 5215/3171/2393 5217/3192/2422
f 5217/3192/2422 5215/3171/2393 5216/3170/2393
f 5216/3170/2393 5215/3171/2393 5195/3163/2393
f 5217/3192/2422 5219/3193/2509 5218/3194/2416
f 5212/3191/2394 5217/3192/2422 5218/3194/2416
f 5220/3195/2424 5219/3193/2509 5217/3192/2422
f 5217/3192/2422 5221/3196/2422 5220/3195/2424
f 5217/3192/2422 5216/3170/2393 5221/3196/2422
f 5221/3196/2422 5224/3169/2393 5222/3197/2411
f 5221/3196/2422 5222/3197/2411 5225/3198/2510
f 5221/3196/2422 5223/3199/2413 5220/3195/2424
f 5225/3198/2510 5223/3199/2413 5221/3196/2422
f 5221/3196/2422 5216/3170/2393 5224/3169/2393
f 5225/3198/2510 5226/3196/2426 5223/3199/2413
f 5226/3196/2426 5225/3198/2510 5227/3197/2408
f 5227/3197/2408 5225/3198/2510 5228/3200/2481
f 5222/3197/2411 5228/3200/2481 5225/3198/2510
f 5229/3201/2409 5227/3197/2408 5228/3200/2481
f 5229/3201/2409 5228/3200/2481 5222/3197/2411
f 5227/3197/2408 5229/3201/2409 5230/3202/2406
f 5230/3202/2406 5229/3201/2409 5231/3203/2407
f 5232/3202/2404 5231/3203/2407 5229/3201/2409
f 5222/3197/2411 5232/3202/2404 5229/3201/2409
f 5222/3197/2411 5234/3168/2393 5232/3202/2404
f 5232/3202/2404 5235/3167/2393 5233/3204/2430
f 5232/3202/2404 5233/3204/2430 5236/3205/2405
f 5232/3202/2404 5234/3168/2393 5235/3167/2393
f 5236/3205/2405 5231/3203/2407 5232/3202/2404
f 5236/3205/2405 5230/3202/2406 5231/3203/2407
f 5230/3202/2406 5236/3205/2405 5237/3204/2429
f 5237/3204/2429 5236/3205/2405 5238/3206/2485
f 5233/3204/2430 5238/3206/2485 5236/3205/2405
f 5239/3207/2399 5238/3206/2485 5233/3204/2430
f 5239/3207/2399 5237/3204/2429 5238/3206/2485
f 5237/3204/2429 5239/3207/2399 5240/3208/2399
f 5240/3208/2399 5239/3207/2399 5241/3209/2400
f 5242/3208/2394 5241/3209/2400 5239/3207/2399
f 5233/3204/2430 5242/3208/2394 5239/3207/2399
f 5243/3210/2473 5241/3209/2400 5242/3208/2394
f 5242/3208/2394 5244/3211/2415 5243/3210/2473
f 5233/3204/2430 5245/3166/2393 5242/3208/2394
f 5242/3208/2394 5246/3165/2393 5244/3211/2415
f 5242/3208/2394 5245/3166/2393 5246/3165/2393
f 5244/3211/2415 5246/3165/2393 5247/3164/2393
f 5247/3164/2393 5246/3165/2393 5195/3163/2393
f 5246/3165/2393 5245/3166/2393 5195/3163/2393
f 5250/3212/2412 5247/3164/2393 5248/3153/2393
f 5248/3153/2393 5247/3164/2393 5249/3152/2393
f 5249/3152/2393 5247/3164/2393 5195/3163/2393
f 5244/3211/2415 5247/3164/2393 5250/3212/2412
f 5250/3212/2412 5251/3213/2511 5252/3214/2512
f 5253/3215/2408 5251/3213/2511 5250/3212/2412
f 5244/3211/2415 5250/3212/2412 5252/3214/2512
f 5250/3212/2412 5254/3216/2411 5253/3215/2408
f 5250/3212/2412 5248/3153/2393 5254/3216/2411
f 5254/3216/2411 5255/3217/2508 5253/3215/2408
f 5256/3218/2409 5255/3217/2508 5254/3216/2411
f 5254/3216/2411 5257/3219/2404 5256/3218/2409
f 5254/3216/2411 5258/3154/2393 5257/3219/2404
f 5254/3216/2411 5248/3153/2393 5258/3154/2393
f 5257/3219/2404 5258/3154/2393 5259/3155/2393
f 5248/3153/2393 4921/3003/2393 5258/3154/2393
f 5258/3154/2393 4921/3003/2393 5259/3155/2393
f 5257/3219/2404 5259/3155/2393 5260/3220/2430
f 5260/3220/2430 5259/3155/2393 5261/3156/2393
f 5259/3155/2393 4921/3003/2393 5261/3156/2393
f 5260/3220/2430 5261/3156/2393 5262/3221/2394
f 5262/3221/2394 5261/3156/2393 5263/3157/2393
f 5261/3156/2393 4921/3003/2393 5263/3157/2393
f 5264/3222/2513 5263/3157/2393 5265/3158/2393
f 5262/3221/2394 5263/3157/2393 5264/3222/2513
f 5263/3157/2393 4921/3003/2393 5265/3158/2393
f 5267/3223/2514 5265/3158/2393 5266/3159/2393
f 5265/3158/2393 4921/3003/2393 5266/3159/2393
f 5264/3222/2513 5265/3158/2393 5267/3223/2514
f 5264/3222/2513 5267/3223/2514 5269/3224/2515
f 5267/3223/2514 5266/3159/2393 5268/3225/2411
f 5267/3223/2514 5268/3225/2411 5271/3226/2434
f 5267/3223/2514 5270/3227/2413 5269/3224/2515
f 5271/3226/2434 5270/3227/2413 5267/3223/2514
f 5271/3226/2434 5272/3223/2516 5270/3227/2413
f 5272/3223/2516 5271/3226/2434 5273/3225/2408
f 5273/3225/2408 5271/3226/2434 5274/3228/2517
f 5268/3225/2411 5274/3228/2517 5271/3226/2434
f 5275/3229/2409 5274/3228/2517 5268/3225/2411
f 5275/3229/2409 5273/3225/2408 5274/3228/2517
f 5273/3225/2408 5275/3229/2409 5276/3230/2406
f 5276/3230/2406 5275/3229/2409 5277/3231/2476
f 5278/3230/2404 5277/3231/2476 5275/3229/2409
f 5268/3225/2411 5278/3230/2404 5275/3229/2409
f 5279/3232/2429 5277/3231/2476 5278/3230/2404
f 5278/3230/2404 5280/3233/2430 5279/3232/2429
f 5268/3225/2411 5281/3160/2393 5278/3230/2404
f 5278/3230/2404 5282/3161/2393 5280/3233/2430
f 5278/3230/2404 5281/3160/2393 5282/3161/2393
f 5281/3160/2393 4921/3003/2393 5282/3161/2393
f 5282/3161/2393 4921/3003/2393 5283/3162/2393
f 5280/3233/2430 5282/3161/2393 5283/3162/2393
f 5283/3162/2393 4921/3003/2393 4922/3004/2393
f 5284/3234/2394 5283/3162/2393 4922/3004/2393
f 5280/3233/2430 5283/3162/2393 5284/3234/2394
f 5284/3234/2394 5285/3235/2472 5286/3236/2419
f 5288/3237/2473 5285/3235/2472 5284/3234/2394
f 5280/3233/2430 5284/3234/2394 5286/3236/2419
f 5284/3234/2394 4922/3004/2393 5287/3238/2422
f 5284/3234/2394 5287/3238/2422 5288/3237/2473
f 5288/3237/2473 5289/3234/2399 5285/3235/2472
f 5289/3234/2399 5288/3237/2473 5291/3238/2426
f 5287/3238/2422 5290/3239/2509 5288/3237/2473
f 5291/3238/2426 5288/3237/2473 5290/3239/2509
f 5291/3238/2426 5292/3240/2426 5294/3005/2380
f 5291/3238/2426 5293/3241/2518 5292/3240/2426
f 5293/3241/2518 5291/3238/2426 5290/3239/2509
f 5289/3234/2399 5291/3238/2426 5169/3004/2380
f 5169/3004/2380 5291/3238/2426 5294/3005/2380
f 5169/3004/2380 5294/3005/2380 4959/3001/2380
f 5294/3005/2380 5292/3240/2426 5295/3006/2380
f 5294/3005/2380 5295/3006/2380 4959/3001/2380
f 5292/3240/2426 5296/3242/2408 5295/3006/2380
f 5295/3006/2380 5297/3007/2380 4959/3001/2380
f 5295/3006/2380 5296/3242/2408 5297/3007/2380
f 5297/3007/2380 5298/3008/2380 4959/3001/2380
f 5296/3242/2408 5299/3243/2406 5297/3007/2380
f 5297/3007/2380 5299/3243/2406 5298/3008/2380
f 5296/3242/2408 5300/3244/2409 5299/3243/2406
f 5299/3243/2406 5300/3244/2409 5303/3245/2407
f 5299/3243/2406 5301/3246/2429 5298/3008/2380
f 5299/3243/2406 5302/3247/2401 5301/3246/2429
f 5302/3247/2401 5299/3243/2406 5303/3245/2407
f 5304/3243/2404 5303/3245/2407 5300/3244/2409
f 5302/3247/2401 5303/3245/2407 5304/3243/2404
f 5305/3242/2411 5304/3243/2404 5300/3244/2409
f 5305/3242/2411 4926/3007/2393 5304/3243/2404
f 5304/3243/2404 5306/3246/2430 5302/3247/2401
f 5304/3243/2404 4927/3008/2393 5306/3246/2430
f 5304/3243/2404 4926/3007/2393 4927/3008/2393
f 5306/3246/2430 4928/3009/2393 5307/3248/2425
f 5306/3246/2430 5307/3248/2425 5308/3249/2419
f 5306/3246/2430 4927/3008/2393 4928/3009/2393
f 5308/3249/2419 5309/3250/2402 5306/3246/2430
f 5306/3246/2430 5309/3250/2402 5302/3247/2401
f 5301/3246/2429 5302/3247/2401 5309/3250/2402
f 5308/3249/2419 5301/3246/2429 5309/3250/2402
f 5301/3246/2429 5308/3249/2419 5310/3248/2427
f 5310/3248/2427 5308/3249/2419 5311/3251/2428
f 5307/3248/2425 5311/3251/2428 5308/3249/2419
f 5312/3252/2416 5310/3248/2427 5311/3251/2428
f 5312/3252/2416 5311/3251/2428 5307/3248/2425
f 5310/3248/2427 5312/3252/2416 5313/3253/2416
f 5312/3252/2416 5314/3254/2486 5313/3253/2416
f 5312/3252/2416 5315/3253/2474 5314/3254/2486
f 5307/3248/2425 5315/3253/2474 5312/3252/2416
f 5307/3248/2425 4929/3010/2393 5315/3253/2474
f 5317/3255/2414 5314/3254/2486 5315/3253/2474
f 5315/3253/2474 4930/3011/2393 5316/3256/2412
f 5315/3253/2474 5316/3256/2412 5317/3255/2414
f 5315/3253/2474 4929/3010/2393 4930/3011/2393
f 5317/3255/2414 5313/3253/2416 5314/3254/2486
f 5313/3253/2416 5317/3255/2414 5318/3256/2477
f 5318/3256/2477 5317/3255/2414 5319/3257/2436
f 5316/3256/2412 5319/3257/2436 5317/3255/2414
f 5320/3258/2478 5319/3257/2436 5316/3256/2412
f 5320/3258/2478 5318/3256/2477 5319/3257/2436
f 5321/3259/2408 5320/3258/2478 5322/3260/2492
f 5318/3256/2477 5320/3258/2478 5321/3259/2408
f 5323/3259/2411 5322/3260/2492 5320/3258/2478
f 5316/3256/2412 5323/3259/2411 5320/3258/2478
f 5324/3261/2409 5322/3260/2492 5323/3259/2411
f 5323/3259/2411 5325/3262/2404 5324/3261/2409
f 5316/3256/2412 4931/3012/2393 5323/3259/2411
f 5323/3259/2411 4932/3013/2393 5325/3262/2404
f 5323/3259/2411 4931/3012/2393 4932/3013/2393
f 5325/3262/2404 5328/3263/2519 5324/3261/2409
f 5326/3264/2520 5328/3263/2519 5325/3262/2404
f 5325/3262/2404 5327/3265/2430 5326/3264/2520
f 5325/3262/2404 4933/3014/2393 5327/3265/2430
f 5325/3262/2404 4932/3013/2393 4933/3014/2393
f 5329/3262/2406 5324/3261/2409 5328/3263/2519
f 5326/3264/2520 5329/3262/2406 5328/3263/2519
f 5321/3259/2408 5329/3262/2406 5331/3013/2380
f 5321/3259/2408 5324/3261/2409 5329/3262/2406
f 5329/3262/2406 5330/3265/2429 5332/3014/2380
f 5329/3262/2406 5326/3264/2520 5330/3265/2429
f 5331/3013/2380 5329/3262/2406 5332/3014/2380
f 5332/3014/2380 5333/3015/2380 4959/3001/2380
f 5331/3013/2380 5332/3014/2380 4959/3001/2380
f 5332/3014/2380 5330/3265/2429 5333/3015/2380
f 5333/3015/2380 5334/3016/2380 4959/3001/2380
f 5330/3265/2429 5335/3266/2427 5333/3015/2380
f 5333/3015/2380 5335/3266/2427 5334/3016/2380
f 5330/3265/2429 5336/3267/2427 5335/3266/2427
f 5335/3266/2427 5336/3267/2427 5339/3268/2428
f 5335/3266/2427 5337/3269/2397 5334/3016/2380
f 5335/3266/2427 5338/3270/2397 5337/3269/2397
f 5338/3270/2397 5335/3266/2427 5339/3268/2428
f 5338/3270/2397 5339/3268/2428 5340/3266/2425
f 5340/3266/2425 5339/3268/2428 5336/3267/2427
f 5340/3266/2425 5341/3269/2439 5338/3270/2397
f 5327/3265/2430 4934/3015/2393 5340/3266/2425
f 5327/3265/2430 5340/3266/2425 5336/3267/2427
f 5340/3266/2425 4935/3016/2393 5341/3269/2439
f 5340/3266/2425 4934/3015/2393 4935/3016/2393
f 5341/3269/2439 5343/3271/2521 5338/3270/2397
f 5341/3269/2439 4936/3017/2393 4945/3027/2450
f 5341/3269/2439 4945/3027/2450 5342/3272/2522
f 5341/3269/2439 4935/3016/2393 4936/3017/2393
f 5342/3272/2522 5343/3271/2521 5341/3269/2439
f 5337/3269/2397 5338/3270/2397 5343/3271/2521
f 5342/3272/2522 5337/3269/2397 5343/3271/2521
f 5337/3269/2397 5342/3272/2522 5344/3027/2523
f 5344/3027/2523 5342/3272/2522 5345/3273/2524
f 4945/3027/2450 5345/3273/2524 5342/3272/2522
f 4948/3029/2452 5345/3273/2524 4945/3027/2450
f 4948/3029/2452 5344/3027/2523 5345/3273/2524
f 5337/3269/2397 5344/3027/2523 5346/3017/2380
f 5344/3027/2523 4955/3026/2459 5347/3018/2380
f 5344/3027/2523 4948/3029/2452 4955/3026/2459
f 5346/3017/2380 5344/3027/2523 5347/3018/2380
f 4959/3001/2380 5346/3017/2380 5347/3018/2380
f 4957/3025/2380 4959/3001/2380 5347/3018/2380
f 5347/3018/2380 4955/3026/2459 4957/3025/2380
f 5334/3016/2380 5337/3269/2397 5346/3017/2380
f 5334/3016/2380 5346/3017/2380 4959/3001/2380
f 5336/3267/2427 5330/3265/2429 5348/3274/2402
f 5336/3267/2427 5348/3274/2402 5327/3265/2430
f 5327/3265/2430 5348/3274/2402 5326/3264/2520
f 5330/3265/2429 5326/3264/2520 5348/3274/2402
f 5349/3012/2380 5321/3259/2408 5331/3013/2380
f 5349/3012/2380 5331/3013/2380 4959/3001/2380
f 5318/3256/2477 5321/3259/2408 5349/3012/2380
f 5350/3011/2380 5318/3256/2477 5349/3012/2380
f 5350/3011/2380 5349/3012/2380 4959/3001/2380
f 5351/3010/2380 5313/3253/2416 5350/3011/2380
f 5351/3010/2380 5350/3011/2380 4959/3001/2380
f 5313/3253/2416 5318/3256/2477 5350/3011/2380
f 5352/3009/2380 5310/3248/2427 5351/3010/2380
f 5352/3009/2380 5351/3010/2380 4959/3001/2380
f 5310/3248/2427 5313/3253/2416 5351/3010/2380
f 5301/3246/2429 5310/3248/2427 5352/3009/2380
f 5298/3008/2380 5301/3246/2429 5352/3009/2380
f 5298/3008/2380 5352/3009/2380 4959/3001/2380
f 5327/3265/2430 4933/3014/2393 4934/3015/2393
f 5324/3261/2409 5321/3259/2408 5322/3260/2492
f 5316/3256/2412 4930/3011/2393 4931/3012/2393
f 5307/3248/2425 4928/3009/2393 4929/3010/2393
f 5305/3242/2411 5355/3275/2525 5353/3276/2408
f 5354/3240/2422 5305/3242/2411 5353/3276/2408
f 5354/3240/2422 4925/3006/2393 5305/3242/2411
f 5300/3244/2409 5355/3275/2525 5305/3242/2411
f 5305/3242/2411 4925/3006/2393 4926/3007/2393
f 5296/3242/2408 5353/3276/2408 5355/3275/2525
f 5300/3244/2409 5296/3242/2408 5355/3275/2525
f 5354/3240/2422 5356/3277/2413 5293/3241/2518
f 5287/3238/2422 5354/3240/2422 5293/3241/2518
f 5353/3276/2408 5356/3277/2413 5354/3240/2422
f 5287/3238/2422 4924/3005/2393 5354/3240/2422
f 5354/3240/2422 4924/3005/2393 4925/3006/2393
f 5292/3240/2426 5293/3241/2518 5356/3277/2413
f 5353/3276/2408 5292/3240/2426 5356/3277/2413
f 5292/3240/2426 5353/3276/2408 5296/3242/2408
f 5293/3241/2518 5290/3239/2509 5287/3238/2422
f 5357/3233/2429 5289/3234/2399 5168/3162/2380
f 5357/3233/2429 5286/3236/2419 5289/3234/2399
f 5289/3234/2399 5286/3236/2419 5285/3235/2472
f 5168/3162/2380 5289/3234/2399 5169/3004/2380
f 5276/3230/2406 5357/3233/2429 5167/3161/2380
f 5276/3230/2406 5279/3232/2429 5357/3233/2429
f 5357/3233/2429 5279/3232/2429 5358/3278/2402
f 5286/3236/2419 5357/3233/2429 5358/3278/2402
f 5167/3161/2380 5357/3233/2429 5168/3162/2380
f 5280/3233/2430 5358/3278/2402 5279/3232/2429
f 5286/3236/2419 5358/3278/2402 5280/3233/2430
f 5287/3238/2422 4922/3004/2393 4924/3005/2393
f 5268/3225/2411 5266/3159/2393 5281/3160/2393
f 5266/3159/2393 4921/3003/2393 5281/3160/2393
f 5279/3232/2429 5276/3230/2406 5277/3231/2476
f 5166/3160/2380 5276/3230/2406 5167/3161/2380
f 5273/3225/2408 5276/3230/2406 5166/3160/2380
f 5272/3223/2516 5273/3225/2408 5165/3159/2380
f 5165/3159/2380 5273/3225/2408 5166/3160/2380
f 5359/3222/2526 5272/3223/2516 5164/3158/2380
f 5359/3222/2526 5269/3224/2515 5272/3223/2516
f 5272/3223/2516 5269/3224/2515 5270/3227/2413
f 5164/3158/2380 5272/3223/2516 5165/3159/2380
f 5269/3224/2515 5359/3222/2526 5362/3279/2527
f 5360/3221/2399 5359/3222/2526 5163/3157/2380
f 5360/3221/2399 5361/3280/2397 5359/3222/2526
f 5359/3222/2526 5361/3280/2397 5362/3279/2527
f 5163/3157/2380 5359/3222/2526 5164/3158/2380
f 5269/3224/2515 5362/3279/2527 5264/3222/2513
f 5264/3222/2513 5362/3279/2527 5361/3280/2397
f 5361/3280/2397 5360/3221/2399 5363/3281/2400
f 5361/3280/2397 5363/3281/2400 5262/3221/2394
f 5262/3221/2394 5264/3222/2513 5361/3280/2397
f 5262/3221/2394 5363/3281/2400 5364/3282/2419
f 5360/3221/2399 5364/3282/2419 5363/3281/2400
f 5364/3282/2419 5365/3220/2401 5366/3283/2485
f 5365/3220/2401 5364/3282/2419 5360/3221/2399
f 5364/3282/2419 5366/3283/2485 5260/3220/2430
f 5260/3220/2430 5262/3221/2394 5364/3282/2419
f 5260/3220/2430 5366/3283/2485 5367/3284/2405
f 5365/3220/2401 5367/3284/2405 5366/3283/2485
f 5367/3284/2405 5368/3219/2406 5369/3285/2421
f 5368/3219/2406 5367/3284/2405 5365/3220/2401
f 5367/3284/2405 5369/3285/2421 5257/3219/2404
f 5257/3219/2404 5260/3220/2430 5367/3284/2405
f 5368/3219/2406 5256/3218/2409 5369/3285/2421
f 5257/3219/2404 5369/3285/2421 5256/3218/2409
f 5368/3219/2406 5365/3220/2401 5161/3155/2380
f 5160/3154/2380 5368/3219/2406 5161/3155/2380
f 5370/3216/2408 5368/3219/2406 5160/3154/2380
f 5370/3216/2408 5256/3218/2409 5368/3219/2406
f 5371/3212/2477 5370/3216/2408 5159/3153/2380
f 5371/3212/2477 5253/3215/2408 5370/3216/2408
f 5370/3216/2408 5253/3215/2408 5255/3217/2508
f 5256/3218/2409 5370/3216/2408 5255/3217/2508
f 5159/3153/2380 5370/3216/2408 5160/3154/2380
f 5372/3211/2484 5371/3212/2477 5171/3164/2380
f 5372/3211/2484 5252/3214/2512 5371/3212/2477
f 5371/3212/2477 5252/3214/2512 5251/3213/2511
f 5253/3215/2408 5371/3212/2477 5251/3213/2511
f 5171/3164/2380 5371/3212/2477 5159/3153/2380
f 5240/3208/2399 5372/3211/2484 5173/3165/2380
f 5240/3208/2399 5243/3210/2473 5372/3211/2484
f 5243/3210/2473 5373/3286/2528 5372/3211/2484
f 5252/3214/2512 5372/3211/2484 5373/3286/2528
f 5173/3165/2380 5372/3211/2484 5171/3164/2380
f 5243/3210/2473 5244/3211/2415 5373/3286/2528
f 5252/3214/2512 5373/3286/2528 5244/3211/2415
f 5365/3220/2401 5360/3221/2399 5162/3156/2380
f 5161/3155/2380 5365/3220/2401 5162/3156/2380
f 5162/3156/2380 5360/3221/2399 5163/3157/2380
f 5249/3152/2393 4921/3003/2393 5248/3153/2393
f 5249/3152/2393 5195/3163/2393 5192/3149/2504
f 5192/3149/2504 4921/3003/2393 5249/3152/2393
f 5233/3204/2430 5235/3167/2393 5245/3166/2393
f 5245/3166/2393 5235/3167/2393 5195/3163/2393
f 5243/3210/2473 5240/3208/2399 5241/3209/2400
f 5174/3166/2380 5240/3208/2399 5173/3165/2380
f 5237/3204/2429 5240/3208/2399 5174/3166/2380
f 5230/3202/2406 5237/3204/2429 5175/3167/2380
f 5175/3167/2380 5237/3204/2429 5174/3166/2380
f 5235/3167/2393 5234/3168/2393 5195/3163/2393
f 5222/3197/2411 5224/3169/2393 5234/3168/2393
f 5234/3168/2393 5224/3169/2393 5195/3163/2393
f 5227/3197/2408 5230/3202/2406 5176/3168/2380
f 5176/3168/2380 5230/3202/2406 5175/3167/2380
f 5226/3196/2426 5227/3197/2408 5177/3169/2380
f 5177/3169/2380 5227/3197/2408 5176/3168/2380
f 5226/3196/2426 5220/3195/2424 5223/3199/2413
f 5178/3170/2380 5226/3196/2426 5177/3169/2380
f 5374/3192/2426 5226/3196/2426 5178/3170/2380
f 5374/3192/2426 5220/3195/2424 5226/3196/2426
f 5220/3195/2424 5374/3192/2426 5219/3193/2509
f 5375/3191/2399 5374/3192/2426 5179/3171/2380
f 5375/3191/2399 5218/3194/2416 5374/3192/2426
f 5374/3192/2426 5218/3194/2416 5219/3193/2509
f 5179/3171/2380 5374/3192/2426 5178/3170/2380
f 5218/3194/2416 5375/3191/2399 5376/3287/2400
f 5375/3191/2399 5211/3190/2399 5376/3287/2400
f 5180/3172/2380 5375/3191/2399 5179/3171/2380
f 5206/3187/2429 5375/3191/2399 5180/3172/2380
f 5206/3187/2429 5211/3190/2399 5375/3191/2399
f 5218/3194/2416 5376/3287/2400 5212/3191/2394
f 5212/3191/2394 5376/3287/2400 5211/3190/2399
f 5224/3169/2393 5216/3170/2393 5195/3163/2393
f 5213/3173/2393 5198/3174/2393 5195/3163/2393
f 5202/3185/2404 5198/3174/2393 5213/3173/2393
f 5211/3190/2399 5206/3187/2429 5209/3189/2485
f 5181/3173/2380 5206/3187/2429 5180/3172/2380
f 5200/3183/2408 5187/3179/2501 5377/3288/2436
f 5200/3183/2408 5377/3288/2436 5194/3179/2507
f 5187/3179/2501 5188/3180/2501 5377/3288/2436
f 5194/3179/2507 5377/3288/2436 5188/3180/2501
f 5192/3149/2504 5195/3163/2393 5191/3178/2506
f 5192/3149/2504 5156/3150/2497 4923/3002/2448
f 4923/3002/2448 4921/3003/2393 5192/3149/2504
f 5184/3176/2380 5187/3179/2501 5183/3175/2380
f 4923/3002/2448 5156/3150/2497 5157/3151/2498
f 5157/3151/2498 5153/3148/2494 4923/3002/2448
f 5153/3148/2494 4913/2995/2444 4916/2997/2447
f 4923/3002/2448 5153/3148/2494 4916/2997/2447
f 5010/3058/2408 5007/3061/2406 5019/3059/2380
f 5016/3078/2414 5015/3053/2416 5378/3289/2529
f 4988/3056/2412 5013/3077/2413 5016/3078/2414
f 5016/3078/2414 5378/3289/2529 4985/3053/2474
f 4985/3053/2474 4988/3056/2412 5016/3078/2414
f 4984/3052/2473 4985/3053/2474 5378/3289/2529
f 4984/3052/2473 5378/3289/2529 5015/3053/2416
f 4999/3067/2475 5004/3066/2399 5000/3068/2400
f 5379/3035/2530 4940/3022/2393 4972/3036/2467
f 5379/3035/2530 4972/3036/2467 5380/3290/2531
f 4972/3036/2467 4940/3022/2393 4939/3021/2393
f 4967/3038/2463 5381/3291/2532 4972/3036/2467
f 4972/3036/2467 5381/3291/2532 5380/3290/2531
f 4963/3036/2462 5380/3290/2531 5381/3291/2532
f 4967/3038/2463 4963/3036/2462 5381/3291/2532
f 4961/3035/2461 5380/3290/2531 4963/3036/2462
f 5380/3290/2531 4961/3035/2461 5382/3292/2533
f 5380/3290/2531 5382/3292/2533 5379/3035/2530
f 5379/3035/2530 5382/3292/2533 5383/3293/2461
f 4961/3035/2461 5383/3293/2461 5382/3292/2533
f 5383/3293/2461 4956/3034/2460 5384/3294/2534
f 4956/3034/2460 5383/3293/2461 4961/3035/2461
f 5383/3293/2461 5384/3294/2534 4952/3034/2457
f 4952/3034/2457 5379/3035/2530 5383/3293/2461
f 4952/3034/2457 5384/3294/2534 4951/3032/2455
f 4956/3034/2460 4951/3032/2455 5384/3294/2534
f 4952/3034/2457 4941/3023/2393 5379/3035/2530
f 5379/3035/2530 4941/3023/2393 4940/3022/2393
f 4955/3026/2459 4948/3029/2452 4947/3028/2451
f 4949/3030/2453 4955/3026/2459 4947/3028/2451
f 4952/3034/2457 4942/3024/2393 4941/3023/2393
f 4896/2981/2397 4899/2983/2397 4897/2982/2438
f 4888/2975/2409 4893/2974/2408 4890/2976/2432
f 4878/2966/2429 4881/2968/2431 4879/2967/2420
f 4871/2962/2424 4874/2958/2426 4870/2960/2423
f 4858/2949/2406 4862/2953/2409 4859/2950/2421
f 4855/2943/2399 4785/2912/2380 4854/2945/2401
f 5385/2940/2484 4786/2913/2380 4855/2943/2399
f 4855/2943/2399 4848/2941/2416 5385/2940/2484
f 4848/2941/2416 4855/2943/2399 4852/2944/2418
f 4855/2943/2399 4786/2913/2380 4785/2912/2380
f 4848/2941/2416 4849/2942/2417 5385/2940/2484
f 5386/2937/2477 4787/2914/2380 5385/2940/2484
f 5385/2940/2484 4845/2939/2414 5386/2937/2477
f 4845/2939/2414 5385/2940/2484 4849/2942/2417
f 5385/2940/2484 4787/2914/2380 4786/2913/2380
f 5386/2937/2477 4845/2939/2414 4846/2938/2413
f 4839/2933/2408 4788/2915/2380 5386/2937/2477
f 5386/2937/2477 4843/2936/2408 4839/2933/2408
f 4843/2936/2408 5386/2937/2477 4846/2938/2413
f 5386/2937/2477 4788/2915/2380 4787/2914/2380
f 4839/2933/2408 4843/2936/2408 4841/2935/2410
f 4839/2933/2408 4789/2916/2380 4788/2915/2380
f 4820/2916/2393 4821/2917/2393 4835/2930/2404
f 4829/2923/2399 4791/2918/2380 4832/2928/2401
f 4832/2928/2401 4791/2918/2380 4790/2917/2380
f 4766/2894/2382 4771/2897/2380 4829/2923/2399
f 4829/2923/2399 4771/2897/2380 4791/2918/2380
f 4826/2890/2396 4813/2889/2393 5387/2888/2396
f 4826/2890/2396 5387/2888/2396 4765/2891/2379
f 4814/2893/2393 4813/2889/2393 4826/2890/2396
f 4826/2890/2396 4768/2892/2381 4767/2895/2383
f 4765/2891/2379 4768/2892/2381 4826/2890/2396
f 5388/3295/2535 5390/3296/2536 5387/2888/2396
f 5387/2888/2396 5389/3297/2537 5388/3295/2535
f 5387/2888/2396 4812/2909/2393 5389/3297/2537
f 4813/2889/2393 4812/2909/2393 5387/2888/2396
f 5387/2888/2396 5390/3296/2536 4765/2891/2379
f 4764/2888/2379 4765/2891/2379 5390/3296/2536
f 5388/3295/2535 4764/2888/2379 5390/3296/2536
f 5389/3297/2537 5392/3298/2538 5388/3295/2535
f 5389/3297/2537 4811/2908/2393 5391/3299/2539
f 5389/3297/2537 5391/3299/2539 5393/3300/2540
f 5393/3300/2540 5392/3298/2538 5389/3297/2537
f 4812/2909/2393 4811/2908/2393 5389/3297/2537
f 5393/3300/2540 5394/3297/2541 5392/3298/2538
f 5394/3297/2541 5393/3300/2540 5395/3299/2542
f 5395/3299/2542 5393/3300/2540 5396/3301/2543
f 5391/3299/2539 5396/3301/2543 5393/3300/2540
f 5397/3302/2544 5396/3301/2543 5391/3299/2539
f 5397/3302/2544 5395/3299/2542 5396/3301/2543
f 5395/3299/2542 5397/3302/2544 5398/3303/2545
f 5398/3303/2545 5397/3302/2544 5399/3304/2546
f 5400/3303/2547 5399/3304/2546 5397/3302/2544
f 5391/3299/2539 5400/3303/2547 5397/3302/2544
f 5402/3305/2548 5399/3304/2546 5400/3303/2547
f 5391/3299/2539 4810/2907/2393 5400/3303/2547
f 5400/3303/2547 4809/2906/2393 5401/3306/2549
f 5400/3303/2547 5401/3306/2549 5402/3305/2548
f 4810/2907/2393 4809/2906/2393 5400/3303/2547
f 5402/3305/2548 5398/3303/2545 5399/3304/2546
f 5398/3303/2545 5402/3305/2548 5403/3306/2550
f 5403/3306/2550 5402/3305/2548 5404/3307/2551
f 5401/3306/2549 5404/3307/2551 5402/3305/2548
f 5405/3308/2552 5403/3306/2550 5404/3307/2551
f 5405/3308/2552 5404/3307/2551 5401/3306/2549
f 5403/3306/2550 5405/3308/2552 5406/3309/2553
f 5405/3308/2552 5407/3310/2554 5406/3309/2553
f 5405/3308/2552 5408/3309/2555 5407/3310/2554
f 5401/3306/2549 5408/3309/2555 5405/3308/2552
f 5409/3311/2556 5407/3310/2554 5408/3309/2555
f 5408/3309/2555 5410/3312/2557 5409/3311/2556
f 5401/3306/2549 4808/2905/2393 5408/3309/2555
f 5408/3309/2555 4807/2904/2393 5410/3312/2557
f 4808/2905/2393 4807/2904/2393 5408/3309/2555
f 5410/3312/2557 5412/3313/2558 5409/3311/2556
f 5411/3314/2559 5412/3313/2558 5410/3312/2557
f 5410/3312/2557 5413/3315/2537 5411/3314/2559
f 5410/3312/2557 4806/2903/2393 5413/3315/2537
f 4807/2904/2393 4806/2903/2393 5410/3312/2557
f 5413/3315/2537 4805/2902/2393 5414/3316/2539
f 5413/3315/2537 5414/3316/2539 5416/3317/2560
f 4806/2903/2393 4805/2902/2393 5413/3315/2537
f 5413/3315/2537 5415/3318/2538 5411/3314/2559
f 5416/3317/2560 5415/3318/2538 5413/3315/2537
f 5416/3317/2560 5417/3315/2541 5415/3318/2538
f 5417/3315/2541 5416/3317/2560 5418/3316/2561
f 5418/3316/2561 5416/3317/2560 5419/3319/2562
f 5414/3316/2539 5419/3319/2562 5416/3317/2560
f 5420/3320/2563 5418/3316/2561 5419/3319/2562
f 5420/3320/2563 5419/3319/2562 5414/3316/2539
f 5418/3316/2561 5420/3320/2563 5421/3321/2564
f 5421/3321/2564 5420/3320/2563 5422/3322/2565
f 5423/3321/2566 5422/3322/2565 5420/3320/2563
f 5414/3316/2539 5423/3321/2566 5420/3320/2563
f 5414/3316/2539 4804/2901/2393 5423/3321/2566
f 5423/3321/2566 4803/2900/2393 5424/3323/2567
f 5424/3323/2567 5425/3324/2568 5423/3321/2566
f 5425/3324/2568 5422/3322/2565 5423/3321/2566
f 4804/2901/2393 4803/2900/2393 5423/3321/2566
f 5425/3324/2568 5421/3321/2564 5422/3322/2565
f 5426/3323/2569 5421/3321/2564 5425/3324/2568
f 5426/3323/2569 5425/3324/2568 5427/3325/2570
f 5424/3323/2567 5427/3325/2570 5425/3324/2568
f 5427/3325/2570 5428/3326/2571 5426/3323/2569
f 5424/3323/2567 5428/3326/2571 5427/3325/2570
f 5426/3323/2569 5428/3326/2571 5429/2922/2572
f 5429/2922/2572 5428/3326/2571 4797/2922/2389
f 4800/2922/2392 4797/2922/2389 5428/3326/2571
f 4800/2922/2392 5428/3326/2571 5424/3323/2567
f 5429/2922/2572 4773/2898/2380 5426/3323/2569
f 5429/2922/2572 4792/2899/2384 4773/2898/2380
f 4797/2922/2389 4792/2899/2384 5429/2922/2572
f 5426/3323/2569 4774/2900/2380 5421/3321/2564
f 5426/3323/2569 4773/2898/2380 4774/2900/2380
f 5424/3323/2567 4801/2898/2393 4800/2922/2392
f 4803/2900/2393 4801/2898/2393 5424/3323/2567
f 5421/3321/2564 4775/2901/2380 5418/3316/2561
f 5421/3321/2564 4774/2900/2380 4775/2901/2380
f 5418/3316/2561 4775/2901/2380 4776/2902/2380
f 5418/3316/2561 4776/2902/2380 5417/3315/2541
f 5417/3315/2541 4777/2903/2380 5430/3312/2573
f 5430/3312/2573 5411/3314/2559 5417/3315/2541
f 5417/3315/2541 5411/3314/2559 5415/3318/2538
f 5417/3315/2541 4776/2902/2380 4777/2903/2380
f 5430/3312/2573 4778/2904/2380 5406/3309/2553
f 5406/3309/2553 5409/3311/2556 5430/3312/2573
f 5430/3312/2573 5409/3311/2556 5412/3313/2558
f 5411/3314/2559 5430/3312/2573 5412/3313/2558
f 5430/3312/2573 4777/2903/2380 4778/2904/2380
f 4805/2902/2393 4804/2901/2393 5414/3316/2539
f 5409/3311/2556 5406/3309/2553 5407/3310/2554
f 5406/3309/2553 4779/2905/2380 5403/3306/2550
f 5406/3309/2553 4778/2904/2380 4779/2905/2380
f 5403/3306/2550 4779/2905/2380 4780/2906/2380
f 5403/3306/2550 4780/2906/2380 5398/3303/2545
f 4809/2906/2393 4808/2905/2393 5401/3306/2549
f 5398/3303/2545 4781/2907/2380 5395/3299/2542
f 5398/3303/2545 4780/2906/2380 4781/2907/2380
f 5395/3299/2542 4782/2908/2380 5394/3297/2541
f 5395/3299/2542 4781/2907/2380 4782/2908/2380
f 5394/3297/2541 4783/2909/2380 4764/2888/2379
f 4764/2888/2379 5388/3295/2535 5394/3297/2541
f 5394/3297/2541 5388/3295/2535 5392/3298/2538
f 5394/3297/2541 4782/2908/2380 4783/2909/2380
f 4811/2908/2393 4810/2907/2393 5391/3299/2539
f 4764/2888/2379 4783/2909/2380 4769/2889/2380
f 5436/3327/2574 5431/3328/2575 5432/3327/2576
f 5431/3328/2575 5433/3329/2577 5432/3327/2576
f 5431/3328/2575 5435/3329/2578 5433/3329/2577
f 5434/3328/2579 5431/3328/2575 5436/3327/2574
f 5434/3328/2579 5435/3329/2578 5431/3328/2575
f 5436/3327/2574 5437/3330/2580 5434/3328/2579
f 5436/3327/2574 5432/3327/2576 5438/3331/2581
f 5436/3327/2574 5439/3332/2374 5437/3330/2580
f 5438/3331/2581 5439/3332/2374 5436/3327/2574
f 5440/3332/2582 5437/3330/2580 5439/3332/2374
f 5438/3331/2581 5440/3332/2582 5439/3332/2374
f 5441/3331/2376 5442/3330/2583 5440/3332/2582
f 5441/3331/2376 5440/3332/2582 5438/3331/2581
f 5442/3330/2583 5437/3330/2580 5440/3332/2582
f 5442/3330/2583 5435/3329/2578 5437/3330/2580
f 5433/3329/2577 5435/3329/2578 5442/3330/2583
f 5432/3327/2576 5442/3330/2583 5441/3331/2376
f 5432/3327/2576 5433/3329/2577 5442/3330/2583
f 5438/3331/2581 5432/3327/2576 5441/3331/2376
f 5434/3328/2579 5437/3330/2580 5435/3329/2578
o item_damaged
v 70.783249 0.000000 0.000000
v 0.072565 55.656200 4.000005
v 0.072565 70.710701 0.000007
v 55.728767 -0.000001 4.000000
v 0.072565 -70.710602 -0.000007
v 0.072565 55.656200 -3.999995
v 55.728767 0.000001 -4.000000
v 0.072565 -55.656101 -4.000005
v -55.583534 0.000001 -4.000000
v -70.638138 0.000000 0.000000
v 0.072565 -55.656101 3.999995
v -55.583534 -0.000001 4.000000
v -34.336746 -10.781676 8.374026
v -35.484238 -10.793639 7.694025
v -35.317734 -11.778472 8.327680
v -36.556931 -11.893523 7.645234
v -36.471359 -12.965102 8.275928
v -37.633469 -12.997313 7.596269
v -37.740555 -14.270598 8.218991
v -38.814926 -14.208709 7.542530
v -38.981277 -15.546828 8.163332
v -40.160538 -15.588408 7.481326
v -40.265991 -16.868271 8.105700
v -41.800323 -17.269745 7.406741
v -41.769669 -18.402908 8.035942
v -43.116180 -18.618942 7.346889
v -42.949692 -19.603775 7.980544
v -44.188889 -19.718826 7.298099
v -44.103363 -20.790466 7.928790
v -45.265411 -20.822632 7.249133
v -45.372498 -22.095901 7.871856
v -46.446884 -22.034027 7.195395
v -46.608398 -23.609985 7.862809
v -32.989212 -9.281188 8.412617
v -34.367462 -9.648574 7.744822
v -45.615829 -27.060989 8.761757
v -31.914734 -13.012847 9.384958
v -46.763718 -24.257675 7.949068
v -45.698853 -23.141556 7.992859
v -44.458847 -21.661499 8.009402
v -43.203293 -20.370621 8.065842
v -42.061920 -19.197174 8.117146
v -40.895493 -18.008804 8.171660
v -39.408783 -16.490463 8.240435
v -38.137787 -15.183715 8.297567
v -36.910263 -13.921676 8.352746
v -35.654755 -12.630843 8.409183
v -34.513382 -11.457397 8.460488
v -34.000290 -10.938918 8.485286
v -47.682953 -24.740524 7.819429
v -49.034637 -24.687332 7.077691
v -47.226807 -30.030228 8.534901
v -46.264954 -28.884186 8.953411
v -46.175583 -28.954926 8.583203
v -47.643616 -23.252869 7.139392
v 21.821777 47.964211 10.300564
v 21.651550 46.748764 10.896990
v 20.181992 46.282883 10.225979
v 20.147881 45.214149 10.827232
v 18.866112 44.933670 10.166126
v 18.967865 44.013268 10.771835
v 17.793373 43.833748 10.117335
v 17.814171 42.826576 10.720080
v 16.716896 42.729996 10.068372
v 16.545044 41.521149 10.663148
v 15.535439 41.518608 10.014634
v 15.304291 40.244904 10.607487
v 14.189827 40.138908 9.953429
v 14.019531 38.923401 10.549852
v 12.549980 38.457520 9.878840
v 12.521889 37.382912 10.482668
v 4.886795 29.566429 10.133090
v 3.804123 29.490089 9.481039
v 3.905876 28.569687 10.086747
v 2.731430 28.390213 9.432249
v 2.752182 27.382996 10.034992
v 1.654907 27.286415 9.383285
v 1.483055 26.077568 9.978060
v 0.473450 26.075027 9.329546
v 0.242302 24.801323 9.922399
v -0.872169 24.695328 9.268341
v -1.042450 23.479820 9.864764
v -2.512009 23.013939 9.193752
v -2.546066 21.945259 9.795011
v -3.827881 21.664726 9.133903
v -3.726089 20.744377 9.739611
v -4.900574 20.564865 9.085110
v -4.879768 19.557693 9.687856
v -5.977104 19.461052 9.036144
v -6.148903 18.252258 9.630923
v -7.158516 18.249718 8.982409
v -7.389656 16.976013 9.575263
v -8.504128 16.870010 8.921206
v -8.674423 15.654504 9.517629
v -10.143967 15.188630 8.846618
v -10.172066 14.114022 9.450444
v 11.236992 37.111259 9.819119
v 11.338783 36.190910 10.424829
v 10.164291 36.011391 9.770329
v 10.185097 35.004227 10.373075
v 9.087761 34.907585 9.721364
v 8.915970 33.698792 10.316141
v 7.906303 33.696198 9.667624
v 7.675163 32.422493 10.260478
v 6.560692 32.316490 9.606420
v 6.390457 31.101044 10.202847
v 4.920898 30.635155 9.531836
v -17.930359 6.171211 9.095263
v -19.013023 6.094872 8.443213
v -18.911285 5.174469 9.048920
v -20.085724 4.995004 8.394421
v -20.064972 3.987786 8.997165
v -21.162247 3.891206 8.345455
v -21.334099 2.682351 8.940231
v -22.343704 2.679811 8.291718
v -22.574860 1.406106 8.884571
v -23.689316 1.300103 8.230513
v -23.859558 0.084649 8.826939
v -25.329147 -0.381270 8.155926
v -25.363220 -1.449965 8.757181
v -26.645020 -1.730483 8.096073
v -26.543243 -2.650840 8.701782
v -27.717712 -2.830367 8.047281
v -27.696930 -3.837523 8.650028
v -28.794189 -3.934112 7.998320
v -28.966064 -5.142960 8.593095
v -29.975647 -5.145507 7.944581
v -30.206818 -6.419188 8.537435
v -31.321259 -6.525191 7.883377
v -31.491577 -7.740706 8.479801
v -32.961105 -8.206588 7.808788
v -11.580162 13.716043 8.781293
v -11.478371 12.795693 9.387002
v -12.652855 12.616174 8.732501
v -12.632057 11.609002 9.335246
v -13.729393 11.512368 8.683536
v -13.901184 10.303575 9.278314
v -14.910851 10.300981 8.629798
v -15.141991 9.027284 9.222651
v -16.256462 8.921273 8.568593
v -16.426697 7.705826 9.165019
v -17.896248 7.239944 8.494008
v 10.607529 28.941467 11.633404
v 10.696739 28.870888 11.263130
v -4.370789 13.713189 10.927377
v -4.281532 13.642564 10.557120
v 9.880707 29.840881 11.286113
v 21.841324 46.421951 11.005241
v 20.354622 44.903618 10.936467
v 19.188171 43.715248 10.881953
v 18.046814 42.541794 10.830648
v 16.791252 41.250916 10.774209
v 15.563766 39.988914 10.719032
v 14.292778 38.682167 10.661900
v 12.811111 37.158829 10.595298
v 11.642456 35.978371 10.538739
v 10.501099 34.804916 10.487435
v 9.245537 33.514038 10.430995
v 8.018059 32.252037 10.375819
v -19.525558 -1.696654 10.213447
v -19.436272 -1.767318 9.843208
v -5.121078 14.459298 10.603715
v -6.882149 16.974335 9.698092
v -5.654617 18.236389 9.753269
v -4.399048 19.527267 9.809708
v -3.257751 20.700668 9.861011
v -2.091248 21.889091 9.915527
v -0.604546 23.407425 9.984302
v 0.666443 24.714172 10.041434
v 1.893921 25.976166 10.096611
v 3.149490 27.267052 10.153050
v 4.290794 28.440453 10.204353
v 5.260368 29.426964 10.249912
v 6.747070 30.945297 10.318687
v -31.279709 -13.644332 9.658894
v -31.190384 -13.715026 9.288669
v -8.153137 15.667588 9.640958
v -19.796730 -0.587966 9.936163
v -9.634758 14.144303 9.574357
v -10.925308 12.838861 9.512256
v -12.066650 11.665406 9.460950
v -13.322227 10.374528 9.404511
v -14.549706 9.112527 9.349335
v -15.820686 7.805787 9.292202
v -17.307396 6.287454 9.223429
v -18.276970 5.300941 9.177869
v -19.418274 4.127542 9.126566
v -20.673843 2.836663 9.070127
v -21.901321 1.574662 9.014950
v -23.172318 0.267922 8.957817
v -24.659012 -1.250419 8.889043
v -25.825516 -2.438842 8.834526
v -26.966827 -3.612243 8.783223
v -28.222382 -4.903121 8.726784
v -29.449860 -6.165114 8.671607
v -30.720901 -7.471909 8.614473
v -32.202515 -8.995208 8.547873
v -46.521729 -23.678055 7.491436
v -45.283508 -22.166245 7.501478
v -44.014374 -20.860840 7.558419
v -42.860458 -19.674377 7.610273
v -41.680542 -18.473389 7.665622
v -40.177048 -16.938583 7.735306
v -38.892319 -15.617156 7.792950
v -37.651566 -14.340941 7.848615
v -36.382370 -13.035476 7.905558
v -35.228500 -11.849074 7.957410
v -34.247620 -10.852157 8.003707
v -32.900360 -9.351409 8.042186
v -31.402588 -7.810974 8.109410
v -30.117844 -6.489532 8.167052
v -28.877075 -5.213303 8.222717
v -27.607941 -3.907889 8.279659
v -26.454010 -2.721435 8.331513
v -25.274109 -1.520446 8.386862
v -23.770615 0.014344 8.456545
v -22.485886 1.335778 8.514189
v -21.245125 2.612008 8.569855
v -19.975983 3.917420 8.626795
v -18.822067 5.103875 8.678650
v -17.841248 6.100731 8.724943
v -16.337761 7.635521 8.794625
v -15.053032 8.956956 8.852269
v -13.812210 10.233232 8.907937
v -12.543068 11.538636 8.964877
v -11.389153 12.725099 9.016732
v -10.083214 14.043801 9.080014
v -8.585487 15.584199 9.147235
v -7.300697 16.905685 9.204881
v -6.059929 18.181915 9.260547
v -4.790779 19.487328 9.317486
v -3.636871 20.673782 9.369341
v -2.456955 21.874779 9.424690
v -0.953476 23.409561 9.494373
v 0.331261 24.730995 9.552016
v 1.572029 26.007225 9.607682
v 2.841171 27.312630 9.664623
v 3.995094 28.499092 9.716478
v 4.975906 29.495949 9.762773
v 6.479385 31.030739 9.832455
v 7.764122 32.352165 9.890096
v 9.004944 33.628448 9.945764
v 10.274086 34.933861 10.002706
v 11.428001 36.120316 10.054562
v 12.610741 37.312691 10.112239
v 14.108513 38.853142 10.179461
v 15.393250 40.174576 10.237104
v 16.634018 41.450806 10.292770
v 17.903160 42.756210 10.349711
v 19.057083 43.942673 10.401567
v 20.236992 45.143669 10.456914
v 21.740479 46.678459 10.526598
v -34.158020 -10.923140 7.633610
v -35.139008 -11.919936 7.587263
v -36.292633 -13.106566 7.535511
v -37.561829 -14.412063 7.478575
v -38.802551 -15.688293 7.422916
v -40.087265 -17.009735 7.365283
v -41.590942 -18.544373 7.295527
v -42.770966 -19.745239 7.240128
v -43.924637 -20.931931 7.188374
v -45.193771 -22.237366 7.131440
v -46.429672 -23.751450 7.122393
v -32.810486 -9.422652 7.672199
v -45.437103 -27.202454 8.021341
v -31.736008 -13.154311 8.644542
v -46.584991 -24.399139 7.208652
v -45.520126 -23.283020 7.252442
v -44.280121 -21.802963 7.268985
v -43.024567 -20.512085 7.325424
v -41.883194 -19.338638 7.376729
v -40.716766 -18.150269 7.431244
v -39.230057 -16.631927 7.500019
v -37.959061 -15.325179 7.557151
v -36.731537 -14.063140 7.612330
v -35.476028 -12.772307 7.668766
v -34.334656 -11.598861 7.720072
v -33.821564 -11.080382 7.744869
v -47.504227 -24.881989 7.079012
v -46.086227 -29.025650 8.212996
v 21.830276 46.607300 10.156574
v 20.326607 45.072685 10.086817
v 19.146591 43.871803 10.031419
v 17.992897 42.685112 9.979664
v 16.723770 41.379684 9.922730
v 15.483017 40.103439 9.867070
v 14.198257 38.781937 9.809436
v 12.700615 37.241447 9.742251
v 5.065521 29.424965 9.392673
v 4.084602 28.428223 9.346331
v 2.930908 27.241531 9.294576
v 1.661781 25.936104 9.237642
v 0.421028 24.659859 9.181982
v -0.863724 23.338356 9.124348
v -2.367340 21.803795 9.054592
v -3.547363 20.602913 8.999193
v -4.701042 19.416229 8.947439
v -5.970177 18.110794 8.890507
v -7.210930 16.834549 8.834846
v -8.495697 15.513040 8.777211
v -9.993340 13.972558 8.710027
v 11.517509 36.049446 9.684413
v 10.363823 34.862762 9.632659
v 9.094696 33.557327 9.575725
v 7.853889 32.281029 9.520062
v 6.569183 30.959579 9.462431
v -17.751633 6.029747 8.354845
v -18.732559 5.033006 8.308502
v -19.886246 3.846322 8.256748
v -21.155373 2.540887 8.199815
v -22.396133 1.264642 8.144155
v -23.680832 -0.056815 8.086522
v -25.184494 -1.591430 8.016765
v -26.364517 -2.792304 7.961367
v -27.518204 -3.978988 7.909613
v -28.787338 -5.284423 7.852678
v -30.028091 -6.560654 7.797019
v -31.312851 -7.882172 7.739385
v -11.299644 12.654229 8.646585
v -12.453331 11.467538 8.594831
v -13.722458 10.162110 8.537897
v -14.963264 8.885818 8.482234
v -16.247971 7.564363 8.424603
v 10.786255 28.800003 10.892986
v -4.192062 13.571725 10.186959
v 10.059433 29.699417 10.545696
v 22.020050 46.280487 10.264825
v 20.533348 44.762154 10.196051
v 19.366898 43.573784 10.141538
v 18.225540 42.400330 10.090232
v 16.969978 41.109451 10.033793
v 15.742493 39.847450 9.978616
v 14.471504 38.540703 9.921483
v 12.989838 37.017365 9.854880
v 11.821182 35.836906 9.798323
v 10.679825 34.663452 9.747018
v 9.424263 33.372574 9.690579
v 8.196785 32.110573 9.635403
v -19.346832 -1.838119 9.473030
v -4.942352 14.317834 9.863297
v -6.703423 16.832870 8.957674
v -5.475891 18.094925 9.012853
v -4.220322 19.385803 9.069291
v -3.079025 20.559204 9.120594
v -1.912521 21.747627 9.175110
v -0.425819 23.265961 9.243885
v 0.845169 24.572708 9.301018
v 2.072647 25.834702 9.356194
v 3.328217 27.125587 9.412634
v 4.469521 28.298988 9.463937
v 5.439095 29.285500 9.509497
v 6.925797 30.803833 9.578270
v -31.100983 -13.785796 8.918477
v -7.974411 15.526124 8.900540
v -19.618004 -0.729430 9.195746
v -9.456032 14.002839 8.833941
v -10.746582 12.697396 8.771839
v -11.887924 11.523942 8.720534
v -13.143501 10.233064 8.664094
v -14.370979 8.971063 8.608918
v -15.641960 7.664322 8.551785
v -17.128670 6.145988 8.483011
v -18.098244 5.159478 8.437452
v -19.239548 3.986077 8.386149
v -20.495117 2.695199 8.329710
v -21.722595 1.433198 8.274533
v -22.993591 0.126458 8.217401
v -24.480286 -1.391883 8.148626
v -25.646790 -2.580306 8.094110
v -26.788101 -3.753707 8.042807
v -28.043655 -5.044586 7.986368
v -29.271133 -6.306580 7.931190
v -30.542175 -7.613372 7.874056
v -32.023788 -9.136672 7.807456
v 27.220291 45.671059 12.041824
v 27.131119 45.741600 12.412116
v 26.246651 46.621140 12.030573
v 23.112312 47.728699 11.062374
v 22.936249 48.070221 10.954622
v 23.025208 47.999893 10.584240
v 27.309845 45.600136 11.671700
v 23.291039 47.587234 10.321958
v 26.425377 46.479675 11.290155
v 23.114975 47.928757 10.214206
v 23.201675 47.657967 10.692165
v 26.336014 46.550407 11.660364
v 29.703011 22.373089 12.070551
v 26.724318 25.472021 12.763222
v 69.852287 60.964584 12.070548
v 29.703011 22.373089 8.733244
v 69.852287 60.964584 8.733241
v 26.724318 25.472019 8.040573
v 63.894901 67.162445 8.733241
v 23.745625 28.570948 8.733244
v 66.873596 64.063515 8.040570
v 66.873596 64.063515 12.763219
v 63.894901 67.162445 12.070548
v 23.745625 28.570948 12.070551
v -9.477726 -6.270041 10.876587
v -10.491074 -7.234920 10.876588
v -10.682030 -6.216197 10.489233
v -7.924362 -4.784175 10.876587
v -9.528290 -5.107223 10.489233
v -9.477989 -6.269771 10.489233
v -8.070396 -5.452609 10.876587
v -9.606255 -6.922770 10.876588
v -22.897522 -24.077583 10.876589
v -10.607880 -7.877799 10.876588
v -11.787025 -9.014426 10.876588
v -11.682964 -8.384387 10.876588
v -11.790234 -7.281402 10.489234
v -12.994133 -9.648879 10.876588
v -12.902397 -8.350413 10.489234
v -11.683346 -8.383990 10.489234
v -11.682964 -8.384387 10.101880
v -10.491074 -7.234920 10.101880
v -12.994133 -9.648879 10.101880
v -10.607880 -7.877799 10.101880
v -11.787025 -9.014426 10.101880
v -22.897522 -24.077583 10.101881
v -13.084175 -10.264792 10.101880
v -14.275974 -10.885098 10.101880
v -14.352299 -11.487185 10.101880
v -15.665382 -12.752917 10.101880
v -15.603283 -12.165156 10.101880
v -17.156624 -13.650996 10.101880
v -15.513115 -10.859839 10.489234
v -17.207184 -12.488177 10.489234
v -15.603722 -12.164702 10.489234
v -15.603283 -12.165156 10.876588
v -14.275974 -10.885098 10.876588
v -17.156624 -13.650996 10.876588
v -14.352299 -11.487185 10.876588
v -15.665382 -12.752917 10.876588
v -17.201263 -14.223094 10.876588
v -18.375656 -14.813579 10.876588
v -18.406288 -15.373630 10.876588
v -19.567551 -15.963050 10.876588
v -19.585434 -16.510258 10.876588
v -20.882576 -17.760620 10.876588
v -20.878716 -17.227543 10.876588
v -20.786980 -15.929076 10.489234
v -22.160606 -18.463810 10.876588
v -22.007545 -17.102283 10.489234
v -20.879112 -17.227127 10.489234
v -20.878716 -17.227543 10.101880
v -19.567551 -15.963050 10.101880
v -22.160606 -18.463810 10.101880
v -19.585434 -16.510258 10.101880
v -20.882576 -17.760620 10.101880
v -22.150711 -18.983017 10.101881
v -23.463791 -20.248753 10.101881
v -23.487869 -19.743824 10.101881
v -23.488304 -19.743366 10.489235
v -25.091759 -20.066841 10.489235
v -23.397697 -18.438503 10.489234
v -25.035164 -21.236046 10.101881
v -25.998711 -22.161068 10.101881
v -24.994530 -21.724281 10.101881
v -26.362511 -21.288284 10.489235
v -25.035690 -21.235500 10.489235
v -25.035164 -21.236046 10.876589
v -23.487869 -19.743824 10.876589
v -25.998711 -22.161068 10.876589
v -23.463791 -20.248753 10.876589
v -24.994530 -21.724281 10.876589
v -25.947495 -22.639309 10.876589
v -27.047325 -23.695370 10.876589
v -27.110802 -23.228703 10.876589
v -27.470711 -22.353493 10.489235
v -28.549583 -24.609966 10.876589
v -28.582878 -23.422501 10.489235
v -27.111450 -23.228027 10.489235
v -27.110802 -23.228703 10.101881
v -28.549583 -24.609966 10.101881
v -25.947495 -22.639309 10.101881
v -27.047325 -23.695370 10.101881
v -28.470222 -25.061626 10.101881
v -29.769783 -26.309460 10.101881
v -29.863609 -25.871471 10.101881
v -29.803444 -24.595699 10.489235
v -31.169243 -27.124905 10.101881
v -31.193596 -25.931919 10.489235
v -29.864189 -25.870861 10.489235
v -29.863609 -25.871471 10.876589
v -31.169243 -27.124905 10.876589
v -28.470222 -25.061626 10.876589
v -29.769783 -26.309460 10.876589
v -31.061058 -27.549343 10.876589
v -32.862381 -28.750355 10.876589
v -32.735527 -29.157146 10.876589
v -33.593552 -29.981014 10.876589
v -33.729980 -29.583279 10.876589
v -34.041405 -28.669231 10.489235
v -34.988480 -30.791470 10.876589
v -35.149605 -29.734440 10.489235
v -33.730461 -29.582775 10.489235
v -33.729980 -29.583279 10.101881
v -32.862381 -28.750355 10.101881
v -34.988480 -30.791470 10.101881
v -32.735527 -29.157146 10.101881
v -33.593552 -29.981014 10.101881
v -34.838211 -31.176136 10.101881
v -36.188248 -32.472439 10.101882
v -36.353561 -32.101971 10.101882
v -37.482338 -31.976658 10.489236
v -37.635399 -33.338184 10.101882
v -36.261772 -30.803455 10.489235
v -36.353958 -32.101559 10.489236
v -36.353561 -32.101971 10.876590
v -37.635399 -33.338184 10.876590
v -36.188248 -32.472439 10.876590
v -34.838211 -31.176136 10.876589
v -34.242050 -34.981785 10.876590
v -37.456383 -33.694836 10.876590
v -37.456383 -33.694836 10.489236
v -34.242050 -34.981785 10.489236
v -33.338326 -35.921993 10.489236
v -37.456383 -33.694836 10.101882
v -34.242050 -34.981785 10.101882
v -33.338127 -35.922199 10.101882
v -21.943588 -25.070026 10.101881
v -21.943672 -25.069935 10.489235
v -4.485825 -8.298615 10.101880
v -4.485878 -8.298556 10.489234
v 8.148281 3.838849 10.489233
v 8.148312 3.838819 10.101879
v -5.444210 -7.301543 10.101880
v 7.186695 4.839242 10.101879
v 4.543911 6.686105 10.101878
v 3.364761 5.549481 10.101879
v 2.067623 4.299123 10.101879
v 0.799492 3.076722 10.101879
v -0.513596 1.810990 10.101879
v -2.044315 0.335473 10.101879
v -3.012894 -0.577498 10.101879
v -4.192039 -1.714122 10.101879
v -5.489182 -2.964480 10.101879
v -6.757313 -4.186881 10.101879
v -8.070396 -5.452609 10.101879
v -9.606255 -6.922770 10.101880
v -9.477726 -6.270041 10.101879
v -7.924362 -4.784175 10.101879
v -7.834179 -3.478839 10.489233
v -7.924797 -4.783717 10.489233
v -6.597076 -3.504138 10.101879
v -6.444027 -2.142627 10.489233
v -5.315235 -2.267920 10.101879
v -6.597488 -3.503711 10.489233
v -6.597076 -3.504138 10.876587
v -5.315235 -2.267920 10.876587
v -5.489182 -2.964480 10.876587
v -6.757313 -4.186881 10.876587
v -5.444210 -7.301543 10.876588
v 4.543911 6.686105 10.876586
v 3.364761 5.549481 10.876587
v 2.067623 4.299123 10.876587
v 0.799492 3.076722 10.876587
v -0.513596 1.810990 10.876587
v -2.044315 0.335473 10.876587
v -3.012894 -0.577498 10.876587
v -4.192039 -1.714122 10.876587
v 8.148312 3.838819 10.876587
v 7.186695 4.839242 10.876587
v -4.485825 -8.298615 10.876588
v -21.943588 -25.070026 10.876589
v -33.338127 -35.922199 10.876590
v 5.748959 7.836669 10.876586
v 23.069016 20.105333 10.876585
v 7.284821 9.306828 10.876586
v 8.597904 10.572560 10.876586
v 9.866035 11.794961 10.876586
v 11.163177 13.045320 10.876586
v 12.342323 14.181943 10.876586
v 13.343937 15.136962 10.876586
v 14.879799 16.607124 10.876586
v 16.192883 17.872854 10.876586
v 17.461016 19.095253 10.876585
v 18.758158 20.345615 10.876585
v 19.937302 21.482241 10.876585
v 20.875895 22.386982 10.876585
v 24.764647 19.802067 10.876585
v 21.340397 23.364540 10.876585
v 20.391649 22.449566 10.876585
v 20.200714 23.468307 10.489231
v 21.340397 23.364540 10.489231
v 24.764647 19.802067 10.489231
v 24.764647 19.802067 10.101877
v 21.340397 23.364540 10.101877
v 20.391649 22.449566 10.101877
v 23.069016 20.105333 10.101877
v 20.875895 22.386982 10.101877
v 19.937302 21.482241 10.101877
v 18.758158 20.345615 10.101877
v 19.199757 21.300097 10.101877
v 19.199373 21.300493 10.489231
v 19.092508 22.403099 10.489231
v 17.980349 21.334091 10.489231
v 17.888586 20.035597 10.101877
v 17.888187 20.036013 10.489231
v 16.759794 20.160894 10.489231
v 16.606739 18.799381 10.101878
v 17.461016 19.095253 10.101877
v 16.192883 17.872854 10.101878
v 15.279457 17.519342 10.101878
v 14.879799 16.607124 10.101878
v 13.343937 15.136962 10.101878
v 13.726086 16.033474 10.101878
v 12.521797 16.087332 10.489232
v 13.675545 17.196312 10.489232
v 13.725830 16.033752 10.489232
v 12.712742 15.068597 10.101878
v 11.520840 13.919122 10.101878
v 12.342323 14.181943 10.101878
v 11.413597 15.022128 10.489232
v 12.712597 15.068748 10.489232
v 12.712742 15.068597 10.876586
v 11.520840 13.919122 10.876586
v 13.726086 16.033474 10.876586
v 15.279457 17.519342 10.876586
v 15.369637 18.824671 10.489232
v 15.279018 17.519798 10.489232
v 16.606739 18.799381 10.876586
v 17.888586 20.035597 10.876585
v 16.606327 18.799810 10.489232
v 19.199757 21.300097 10.876585
v 10.209675 12.654628 10.876586
v 10.301434 13.953115 10.489232
v 11.520458 13.919519 10.489232
v 10.209274 12.655044 10.489232
v 10.209675 12.654628 10.101878
v 8.927830 11.418408 10.101878
v 11.163177 13.045320 10.101878
v 9.866035 11.794961 10.101878
v 9.080883 12.779922 10.489232
v 8.927830 11.418408 10.876586
v 8.927418 11.418838 10.489232
v 7.690723 11.443700 10.489232
v 7.600544 10.138370 10.876586
v 7.600109 10.138829 10.489232
v 7.600544 10.138370 10.101878
v 5.996635 9.815343 10.489232
v 6.047176 8.652501 10.101878
v 8.597904 10.572560 10.101878
v 7.284821 9.306828 10.101878
v 5.748959 7.836669 10.101878
v 4.828148 7.489926 10.101878
v 4.637207 8.508660 10.489232
v 3.529007 7.443456 10.489232
v 3.636246 6.340447 10.101878
v 4.845387 7.506780 10.489232
v 4.828148 7.489926 10.876586
v 6.047176 8.652501 10.876586
v 3.636246 6.340447 10.876586
v 2.325085 5.075959 10.876587
v 2.416840 6.374444 10.489232
v 3.635864 6.340844 10.489232
v 2.324684 5.076375 10.489233
v 2.325085 5.075959 10.101879
v 1.043236 3.839734 10.101879
v 1.196293 5.201253 10.489233
v 1.043236 3.839734 10.876587
v 1.042824 3.840161 10.489233
v -0.193874 3.865022 10.489233
v -0.284050 2.559697 10.876587
v -0.284481 2.560159 10.489233
v -0.284050 2.559697 10.101879
v -1.831326 1.067494 10.101879
v -1.887962 2.236665 10.489233
v -1.831326 1.067494 10.876587
v -1.831844 1.068044 10.489233
v -3.003109 1.164784 10.489233
v -2.812164 0.146047 10.876587
v -2.812309 0.146199 10.489233
v -2.812164 0.146047 10.101879
v -4.004055 -1.003417 10.101879
v -4.111313 0.099580 10.489233
v -4.004055 -1.003417 10.876587
v -4.004436 -1.003020 10.489233
v -5.223473 -0.969428 10.489233
v -5.315636 -2.267505 10.489233
v 6.046913 8.652772 10.489232
v 20.391506 22.449717 10.489231
v -37.635811 -33.337757 10.489236
v -34.988914 -30.791012 10.489235
v -31.061058 -27.549343 10.101881
v -32.862869 -28.749844 10.489235
v -32.887657 -27.560261 10.489235
v -31.169792 -27.124332 10.489235
v -28.550194 -24.609325 10.489235
v -25.999352 -22.160404 10.489235
v -22.150711 -18.983017 10.876589
v -22.161018 -18.463383 10.489234
v -18.406288 -15.373630 10.101880
v -17.201263 -14.223094 10.101880
v -18.375656 -14.813579 10.101880
v -19.674812 -14.860065 10.489234
v -18.375801 -14.813430 10.489234
v -18.566612 -13.794860 10.489234
v -17.156883 -13.650725 10.489234
v -19.567932 -15.962653 10.489234
v -13.084175 -10.264792 10.876588
v -14.122959 -9.523620 10.489234
v -14.276386 -10.884669 10.489234
v -12.994534 -9.648463 10.489234
v -10.491215 -7.234767 10.489234
v 25.321529 18.648972 10.894116
v 22.586329 21.494579 11.190648
v 29.869724 23.020699 10.894115
v 25.321529 18.648972 9.909680
v 29.869724 23.020699 9.909679
v 22.586329 21.494579 9.613147
v 19.851128 24.340191 9.909679
v 24.399323 28.711918 9.909679
v 27.134523 25.866306 9.613147
v 27.134523 25.866306 11.190648
v 24.399323 28.711918 10.894115
v 19.851128 24.340191 10.894115
v 26.131668 22.264038 1.995371
v 26.024954 22.375059 0.185765
v 22.543278 25.997276 2.436012
v 26.659830 21.714556 2.047107
v 24.402138 25.008492 3.158363
v 25.321695 24.051815 3.045444
v 26.358675 22.482239 1.995371
v 25.422138 24.148361 3.045444
v 26.886837 21.932756 2.047107
v 25.601772 23.961477 3.183250
v 26.409996 22.428846 2.320119
v 26.802618 22.020374 2.355501
v 29.822598 18.878492 5.939746
v 27.649790 23.620537 2.320119
v 28.042412 23.212065 2.355501
v 29.988108 18.706301 5.688326
v 30.195730 18.035927 6.383107
v 29.761101 18.488100 5.688326
v 30.422737 18.254128 6.383107
v 30.236584 18.447794 6.395855
v 29.456600 19.951046 8.928340
v 29.317598 20.095659 8.661727
v 31.062391 20.070183 5.939746
v 31.476377 19.639484 6.395855
v 31.227901 19.897991 5.688326
v 31.662531 19.445818 6.383107
v 30.005154 20.478315 8.928340
v 29.866152 20.622929 8.661727
v 28.040253 21.424564 9.443654
v 28.588806 21.951834 9.443654
v 28.751621 21.782448 9.606489
v 28.852064 21.878994 9.606489
v 28.852064 21.878994 11.193125
v 28.751621 21.782448 11.193125
v 30.105597 20.574862 11.871273
v 30.005154 20.478315 11.871273
v 28.588806 21.951834 11.355959
v 29.866152 20.622929 12.137886
v 30.236584 18.447796 14.403759
v 31.476377 19.639486 14.403758
v 29.317598 20.095659 12.137886
v 29.456600 19.951046 11.871273
v 28.203068 21.255178 11.193125
v 28.040253 21.424564 11.355959
v 29.356157 19.854500 11.871273
v 28.102625 21.158632 11.193125
v 28.203068 21.255178 9.606489
v 28.102625 21.158632 9.606489
v 29.356157 19.854500 8.928340
v 30.422737 18.254129 14.416509
v 30.195730 18.035929 14.416509
v 29.761101 18.488102 15.111287
v 30.555408 17.661730 16.520046
v 31.552952 16.623922 14.416510
v 31.552952 16.623920 6.383105
v 30.806934 17.903498 16.520046
v 31.804478 16.865690 14.416510
v 31.804478 16.865688 6.383105
v 31.037994 17.663113 16.754698
v 32.073784 16.585514 14.570510
v 32.073784 16.585512 6.229104
v 32.228752 18.807669 16.754698
v 33.264542 17.730070 14.570510
v 32.995235 18.010246 14.416510
v 32.995235 18.010244 6.383105
v 33.264542 17.730068 6.229104
v 31.037994 17.663111 4.044917
v 32.228752 18.807667 4.044917
v 29.008581 22.157822 0.264083
v 31.997692 19.048054 4.279568
v 28.896425 22.274506 0.638336
v 27.817823 21.013266 0.264083
v 26.333841 22.557150 -0.205847
v 27.705667 21.129950 0.638336
v 30.806934 17.903496 4.279568
v 27.454142 20.888182 0.638336
v 26.276480 22.616827 0.185765
v 22.607872 26.433521 0.251696
v 22.436562 26.108299 0.626405
v 22.688087 26.350067 0.626405
v 21.273369 27.821892 1.606575
v 21.138910 27.961779 1.269440
v 21.021843 27.580124 1.606575
v 21.917564 26.648247 2.882389
v 17.918362 30.808882 6.143801
v 18.814087 29.876999 7.419614
v 17.527763 31.215244 7.495924
v 18.169888 31.050650 6.143801
v 17.916443 31.314323 5.980625
v 17.779289 31.457012 7.495924
v 17.756256 31.480976 10.399806
v 17.504730 31.239208 10.399806
v 17.510868 31.736271 7.384589
v 17.486946 31.761158 10.399805
v 17.510868 31.736273 13.415023
v 18.677704 32.905712 10.399805
v 18.701626 32.880825 7.384589
v 17.779289 31.457014 13.303689
v 17.918362 30.808884 14.655811
v 17.527763 31.215246 13.303689
v 17.916443 31.314325 14.818988
v 18.169888 31.050652 14.655811
v 21.273369 27.821894 19.193045
v 21.138910 27.961781 19.530172
v 21.021843 27.580126 19.193045
v 22.436562 26.108301 20.173208
v 22.543278 25.997278 18.363600
v 21.917564 26.648249 17.917223
v 18.814087 29.877001 13.379999
v 20.964649 28.423243 13.636430
v 22.154318 27.185553 15.375700
v 22.770285 26.215479 18.363600
v 22.144571 26.866449 17.917223
v 22.276388 27.302889 15.375700
v 22.318024 26.685995 17.746107
v 22.782774 26.202484 18.044142
v 22.481236 27.089773 15.484045
v 24.022568 27.394175 18.044142
v 23.557817 27.877686 17.746107
v 24.010078 27.407169 18.363600
v 23.384365 28.058142 17.917223
v 22.943054 27.943687 15.375700
v 23.147902 27.730572 15.484045
v 24.429163 25.181419 11.070354
v 24.977716 25.708689 11.070354
v 24.731197 25.965158 11.286584
v 23.249039 27.708191 10.935586
v 24.831642 26.061705 11.286584
v 23.149567 27.610632 10.689855
v 23.148594 27.611645 10.935586
v 21.753386 29.181379 13.636430
v 21.680700 29.256996 13.339843
v 19.171700 29.959322 13.175299
v 21.014034 28.616198 13.339843
v 20.411495 31.151014 13.175299
v 20.280888 31.286894 13.379999
v 20.211897 31.358667 12.842654
v 19.211105 29.918325 12.810668
v 20.450901 31.110018 12.810668
v 19.210133 29.919336 10.399806
v 20.449928 31.111027 10.399806
v 20.208904 31.361780 10.399806
v 20.438906 31.576864 7.956959
v 20.435913 31.579979 10.399805
v 20.211897 31.358665 7.956959
v 20.450901 31.110016 7.988945
v 19.211105 29.918324 7.988945
v 20.411495 31.151012 7.624314
v 19.171700 29.959320 7.624314
v 19.041092 30.095200 7.419614
v 21.086720 28.540577 7.163183
v 18.972103 30.166975 7.956959
v 21.014034 28.616196 7.459770
v 22.600040 27.084375 9.864027
v 22.601013 27.083363 10.109757
v 21.680700 29.256994 7.459770
v 23.148594 27.611645 9.864027
v 23.149567 27.610632 10.109757
v 21.753386 29.181377 7.163183
v 23.249039 27.708191 9.864027
v 20.280888 31.286892 7.419614
v 21.875458 29.298710 7.163183
v 20.507896 31.505089 7.419614
v 23.611374 28.276337 2.882389
v 23.065126 28.061020 5.423913
v 24.729210 26.168270 9.538089
v 22.943054 27.943686 5.423913
v 23.384365 28.058140 2.882389
v 24.010078 27.407167 2.436012
v 24.237087 27.625366 2.436012
v 23.557817 27.877684 3.053504
v 23.147902 27.730570 5.315567
v 22.782774 26.202482 2.755471
v 22.318024 26.685993 3.053504
v 24.022568 27.394173 2.755471
v 24.341513 25.272610 3.335360
v 24.890066 25.799877 3.335360
v 25.249306 25.426138 9.890548
v 24.700752 24.898869 9.890548
v 25.051134 25.632309 3.158363
v 25.359238 25.311768 9.682572
v 26.278795 24.355091 9.628655
v 26.379238 24.451637 9.628655
v 25.459681 25.408314 9.682572
v 26.071135 24.772177 3.045444
v 25.151577 25.728855 3.158363
v 27.825478 23.892128 1.995371
v 27.718763 24.003149 0.185765
v 28.353640 23.342646 2.047107
v 27.598469 23.673929 1.995371
v 25.970692 24.675631 3.045444
v 28.126631 23.124447 2.047107
v 26.150326 24.488747 3.183250
v 26.409164 24.219460 9.836432
v 25.860611 23.692190 9.836432
v 25.730242 23.827822 9.628655
v 24.810684 24.784498 9.682572
v 25.629799 23.731276 9.628655
v 24.710241 24.687952 9.682572
v 24.502581 25.105038 3.158363
v 22.770285 26.215477 2.436012
v 22.144571 26.866447 2.882389
v 22.276388 27.302887 5.423913
v 22.154318 27.185551 5.423913
v 20.964649 28.423241 7.163183
v 22.499599 26.987829 9.864027
v 23.979771 25.447908 9.538089
v 24.080214 25.544455 9.538089
v 22.481236 27.089771 5.315567
v 24.364710 25.248474 9.723873
v 24.913263 25.775743 9.723873
v 24.628767 26.071724 9.538089
v 31.454910 20.116190 5.688326
v 32.249218 19.289818 4.279568
v 31.889540 19.664017 6.383107
v 29.147951 22.516272 0.638336
v 33.246761 18.252010 6.383105
v 30.105597 20.574862 8.928340
v 31.889540 19.664019 14.416508
v 33.246761 18.252012 14.416510
v 32.249218 19.289820 16.520046
v 31.997692 19.048056 16.520046
v 29.008581 22.157824 20.535530
v 28.896425 22.274508 20.161276
v 29.147951 22.516273 20.161276
v 27.467237 23.761385 20.613848
v 27.524599 23.701708 21.005461
v 26.333841 22.557152 21.005461
v 23.798630 27.578081 20.547918
v 27.817823 21.013268 20.535530
v 27.705667 21.129951 20.161276
v 26.276480 22.616829 20.613848
v 27.454142 20.888184 20.161276
v 26.024954 22.375061 20.613848
v 26.659830 21.714558 18.752508
v 26.131668 22.264040 18.804241
v 26.886837 21.932758 18.752508
v 29.988108 18.706303 15.111287
v 26.802618 22.020376 18.444113
v 29.822598 18.878494 14.859867
v 31.062391 20.070185 14.859866
v 28.042412 23.212067 18.444113
v 31.227901 19.897993 15.111286
v 31.454910 20.116192 15.111286
v 28.126631 23.124449 18.752508
v 31.662531 19.445820 14.416508
v 28.353640 23.342648 18.752508
v 27.825478 23.892130 18.804241
v 27.718763 24.003151 20.613848
v 24.237087 27.625368 18.363600
v 24.130371 27.736391 20.173208
v 23.878845 27.494627 20.173208
v 22.464127 28.966450 19.193045
v 22.329668 29.106337 19.530172
v 22.607872 26.433523 20.547918
v 19.107201 32.458881 14.818987
v 19.360645 32.195206 14.655810
v 18.970047 32.601570 13.303688
v 22.715652 29.208216 19.193045
v 19.612171 32.436974 14.655810
v 23.611374 28.276339 17.917223
v 20.507896 31.505091 13.379999
v 19.221573 32.843334 13.303688
v 20.438906 31.576866 12.842654
v 19.198540 32.867298 10.399805
v 18.947014 32.625534 10.399805
v 18.970047 32.601570 7.495924
v 19.221573 32.843334 7.495924
v 19.107201 32.458881 5.980625
v 19.360645 32.195206 6.143801
v 19.612171 32.436974 6.143801
v 22.329668 29.106335 1.269440
v 22.464127 28.966448 1.606575
v 23.878845 27.494625 0.626405
v 22.715652 29.208214 1.606575
v 24.130371 27.736389 0.626405
v 27.467237 23.761383 0.185765
v 27.524599 23.701706 -0.205847
v 23.798630 27.578079 0.251696
v 21.875458 29.298712 13.636430
v 23.065126 28.061022 15.375700
v 18.701626 32.880825 13.415023
v 22.688087 26.350069 20.173208
v 25.151577 25.728857 17.641251
v 26.071135 24.772179 17.754175
v 25.459681 25.408314 11.117041
v 25.051134 25.632311 17.641251
v 25.359238 25.311768 11.117041
v 26.278795 24.355091 11.170958
v 25.249306 25.426138 10.909066
v 24.890066 25.799879 17.464252
v 24.341513 25.272612 17.464252
v 24.810684 24.784498 11.117041
v 24.700752 24.898869 10.909066
v 24.502581 25.105040 17.641251
v 24.402138 25.008493 17.641251
v 25.321695 24.051817 17.754175
v 24.710241 24.687952 11.117041
v 25.629799 23.731276 11.170958
v 25.730242 23.827822 11.170958
v 25.422138 24.148363 17.754175
v 25.601772 23.961479 17.616364
v 25.860611 23.692190 10.963181
v 26.150326 24.488749 17.616364
v 26.409164 24.219460 10.963181
v 27.649790 23.620539 18.479500
v 25.970692 24.675632 17.754175
v 27.598469 23.673931 18.804241
v 26.379238 24.451637 11.170958
v 26.409996 22.428848 18.479500
v 26.358675 22.482241 18.804241
v 18.745096 29.948774 7.956959
v 18.969109 30.170090 10.399806
v 18.742104 29.951889 10.399806
v 18.972103 30.166977 12.842654
v 19.041092 30.095201 13.379999
v 18.745096 29.948776 12.842654
v 21.086720 28.540579 13.636430
v 22.499599 26.987829 10.935586
v 22.600040 27.084375 10.935586
v 24.182644 25.437889 11.286584
v 22.601013 27.083363 10.689855
v 24.082203 25.341343 11.286584
v 30.555408 17.661728 4.279568
vn 0.1916 -0.0000 0.9815
vn 0.9951 -0.0984 -0.0000
vn 0.0093 0.0824 0.9966
vn 0.2487 0.2487 0.9361
vn -0.0000 0.1916 -0.9815
vn 0.0984 0.9951 -0.0000
vn -0.0001 -0.2568 0.9665
vn 0.1916 -0.0000 -0.9815
vn -0.0000 -0.1916 -0.9815
vn -0.1916 -0.0000 -0.9815
vn -0.2568 -0.0000 0.9665
vn -0.0000 -0.1916 0.9815
vn -0.1916 -0.0000 0.9815
vn -0.4655 0.4219 0.7780
vn -0.4674 0.4205 0.7777
vn -0.4673 0.4204 0.7777
vn -0.4668 0.4199 0.7783
vn -0.4663 0.4193 0.7789
vn -0.4663 0.4194 0.7789
vn -0.4656 0.4188 0.7796
vn -0.4657 0.4187 0.7796
vn -0.4649 0.4202 0.7793
vn -0.4650 0.4201 0.7793
vn -0.4658 0.4218 0.7779
vn -0.4674 0.4204 0.7777
vn -0.4761 0.3838 0.7912
vn -0.4760 0.3839 0.7912
vn -0.4839 0.4148 0.7706
vn -0.2307 0.1826 0.9557
vn -0.4760 0.0774 0.8760
vn -0.4760 0.0775 0.8760
vn -0.4759 0.0775 0.8761
vn 0.6772 -0.6752 0.2925
vn -0.4325 0.3843 0.8157
vn -0.4862 0.4398 0.7551
vn -0.4855 0.4390 0.7560
vn -0.4848 0.4405 0.7556
vn -0.4847 0.4406 0.7556
vn -0.4857 0.4425 0.7539
vn -0.4857 0.4424 0.7539
vn -0.4875 0.4409 0.7536
vn -0.4874 0.4410 0.7537
vn -0.4869 0.4403 0.7543
vn -0.4868 0.4404 0.7544
vn -0.4862 0.4397 0.7551
vn -0.4862 0.4397 0.7552
vn -0.4846 0.4381 0.7571
vn -0.4854 0.4426 0.7540
vn -0.4853 0.4426 0.7540
vn -0.4874 0.4410 0.7536
vn -0.4836 0.4432 0.7548
vn -0.4835 0.4433 0.7548
vn -0.4869 0.4403 0.7544
vn -0.4856 0.4390 0.7560
vn -0.4839 0.4432 0.7546
vn -0.4839 0.4431 0.7547
vn 0.6749 -0.6773 0.2928
vn 0.6752 -0.6776 0.2917
vn 0.6749 -0.6773 0.2929
vn 0.6751 -0.6776 0.2917
vn 0.6749 -0.6774 0.2927
vn 0.6751 -0.6775 0.2919
vn 0.6750 -0.6775 0.2924
vn 0.6750 -0.6775 0.2921
vn 0.6750 -0.6774 0.2924
vn 0.6750 -0.6775 0.2922
vn 0.3773 0.9218 -0.0892
vn 0.1508 0.9769 -0.1512
vn 0.0723 0.9826 -0.1713
vn 0.0107 0.9826 -0.1855
vn -0.0546 0.9781 -0.2008
vn -0.1515 0.9632 -0.2221
vn 0.0649 0.9828 -0.1732
vn 0.0883 0.9820 -0.1670
vn -0.1501 0.9634 -0.2220
vn -0.1972 0.9527 -0.2311
vn 0.0146 0.9826 -0.1853
vn 0.1021 0.9812 -0.1638
vn 0.0218 0.9828 -0.1836
vn -0.0400 0.9795 -0.1973
vn -0.1040 0.9718 -0.2117
vn 0.0146 0.9826 -0.1854
vn 0.0218 0.9828 -0.1835
vn 0.0382 0.9830 -0.1794
vn -0.1972 0.9527 -0.2310
vn 0.1020 0.9812 -0.1638
vn -0.1653 0.9602 -0.2250
vn 0.1021 0.9812 -0.1639
vn -0.0400 0.9795 -0.1972
vn -0.1040 0.9718 -0.2115
vn -0.0400 0.9796 -0.1972
vn -0.0400 0.9796 -0.1971
vn -0.0975 0.9726 -0.2110
vn -0.1972 0.9527 -0.2312
vn -0.0373 0.0830 -0.9959
vn -0.0392 0.0815 -0.9959
vn -0.0386 0.0809 -0.9960
vn -0.0378 0.0802 -0.9961
vn -0.0370 0.0794 -0.9962
vn -0.0364 0.0809 -0.9961
vn -0.0376 0.0829 -0.9959
vn -0.0392 0.0816 -0.9959
vn -0.0441 0.0420 -0.9981
vn -0.0577 0.0774 -0.9953
vn 0.2307 -0.1826 -0.9557
vn -0.0324 -0.2735 -0.9613
vn -0.0324 -0.2736 -0.9613
vn -0.0643 0.1059 -0.9923
vn -0.0634 0.1049 -0.9925
vn -0.0628 0.1066 -0.9923
vn -0.0642 0.1089 -0.9920
vn -0.0660 0.1074 -0.9920
vn -0.0652 0.1067 -0.9922
vn -0.0644 0.1059 -0.9923
vn -0.0622 0.1038 -0.9926
vn -0.0639 0.1090 -0.9920
vn -0.0652 0.1067 -0.9921
vn -0.0623 0.1038 -0.9926
vn -0.0618 0.1095 -0.9921
vn -0.0660 0.1075 -0.9920
vn -0.0622 0.1094 -0.9920
vn 0.6748 -0.6773 0.2931
vn 0.6748 -0.6773 0.2930
vn 0.6749 -0.6774 0.2928
vn 0.6750 -0.6774 0.2925
vn 0.4195 0.9049 -0.0717
vn 0.8672 0.4841 0.1166
vn 0.8671 0.4843 0.1168
vn 0.4583 0.8869 -0.0588
vn 0.4195 0.9049 -0.0716
vn 0.6979 0.7155 0.0317
vn 0.8671 0.4842 0.1170
vn 0.1103 -0.1146 -0.9873
vn 0.1103 -0.1147 0.9873
vn 0.1102 -0.1145 0.9873
vn 0.1102 -0.1147 0.9873
vn 0.1102 -0.1147 -0.9873
vn -0.6930 0.7210 -0.0000
vn -0.6930 0.7209 -0.0000
vn 0.1101 -0.1147 -0.9873
vn 0.1101 -0.1147 0.9873
vn -0.2806 0.2947 0.9134
vn -0.0000 -0.0000 1.0000
vn -0.2807 0.2948 0.9134
vn 0.0445 0.9990 -0.0006
vn -0.2806 0.2909 0.9147
vn -0.2799 0.2924 0.9144
vn -0.2828 0.2932 0.9133
vn -0.2829 0.2932 0.9132
vn 0.0276 0.9996 -0.0010
vn -0.2821 0.2925 0.9137
vn -0.2823 0.2925 0.9137
vn -0.2828 0.2932 -0.9133
vn -0.2806 0.2947 -0.9134
vn -0.0000 -0.0000 -1.0000
vn -0.2821 0.2925 -0.9137
vn -0.2813 0.2917 -0.9142
vn -0.2805 0.2909 -0.9147
vn -0.2806 0.2908 0.9147
vn -0.2798 0.2925 -0.9144
vn -0.2798 0.2925 0.9144
vn -0.1977 0.9803 -0.0000
vn -0.2805 0.2909 0.9147
vn -0.2813 0.2917 0.9142
vn -0.2810 0.2946 0.9134
vn 0.1101 0.9939 -0.0009
vn -0.2814 0.2917 0.9142
vn -0.2814 0.2918 0.9142
vn -0.2814 0.2918 -0.9142
vn -0.2795 0.2899 0.9153
vn -0.2795 0.2898 -0.9154
vn -0.2786 0.2902 -0.9155
vn -0.2787 0.2902 0.9155
vn -0.0397 0.9992 -0.0000
vn -0.2795 0.2898 0.9154
vn -0.2786 0.2902 0.9155
vn -0.2788 0.2905 0.9154
vn -0.2790 0.2904 0.9153
vn -0.1310 0.9914 -0.0019
vn -0.2791 0.2907 0.9152
vn -0.2792 0.2907 0.9152
vn -0.2789 0.2904 -0.9154
vn -0.2791 0.2907 -0.9152
vn -0.2794 0.2910 -0.9150
vn -0.2796 0.2909 0.9150
vn -0.0458 0.9990 -0.0000
vn -0.2797 0.2913 -0.9148
vn -0.2799 0.2913 0.9148
vn -0.2794 0.2910 0.9150
vn -0.2797 0.2914 0.9148
vn -0.2803 0.2920 0.9144
vn -0.2804 0.2920 0.9144
vn -0.2804 0.2921 0.9144
vn -0.1062 0.9943 -0.0014
vn -0.2806 0.2923 0.9143
vn -0.2807 0.2923 0.9142
vn -0.2804 0.2920 -0.9144
vn -0.2803 0.2920 -0.9144
vn -0.2806 0.2923 -0.9143
vn -0.2813 0.2918 0.9142
vn -0.2814 0.2917 -0.9142
vn -0.2809 0.2926 0.9140
vn -0.4360 -0.8999 0.0001
vn -0.4758 -0.8796 -0.0000
vn -0.8936 -0.4488 0.0002
vn -0.4360 -0.8999 -0.0000
vn -0.7210 -0.6930 -0.0000
vn 0.6928 -0.7211 0.0003
vn 0.6898 -0.7240 0.0005
vn 0.6898 -0.7240 0.0007
vn 0.6927 -0.7213 0.0002
vn 0.6928 -0.7211 -0.0000
vn -0.2806 0.2909 -0.9147
vn 0.0202 0.9998 -0.0000
vn 0.6927 -0.7212 -0.0003
vn 0.6930 -0.7209 -0.0003
vn 0.6912 -0.7226 -0.0004
vn 0.6897 -0.7241 -0.0007
vn -0.2835 0.2938 0.9128
vn -0.2835 0.2940 0.9128
vn -0.2836 0.2940 0.9128
vn 0.0907 0.9959 -0.0000
vn 0.6927 -0.7212 -0.0001
vn -0.2836 0.2939 -0.9128
vn 0.6928 -0.7211 0.0001
vn -0.2835 0.2939 -0.9128
vn 0.0276 0.9996 -0.0000
vn 0.1101 0.9939 -0.0000
vn 0.0445 0.9990 -0.0008
vn -0.0358 0.9994 -0.0000
vn -0.2830 0.2931 0.9132
vn -0.1977 0.9803 -0.0013
vn 0.0202 0.9998 -0.0011
vn -0.2797 0.2925 -0.9144
vn -0.2810 0.2946 -0.9134
vn -0.0479 0.9980 -0.0412
vn -0.2810 0.2947 0.9133
vn -0.2828 0.2933 0.9132
vn -0.2828 0.2932 -0.9132
vn -0.2797 0.2925 0.9144
vn -0.2828 0.2932 0.9132
vn 0.0276 0.9996 -0.0011
vn -0.2776 0.2955 -0.9141
vn -0.2776 0.2955 0.9141
vn 0.0824 0.9966 -0.0013
vn -0.2777 0.2956 0.9141
vn -0.2777 0.2955 0.9141
vn -0.0358 0.9994 -0.0006
vn -0.2777 0.2955 -0.9141
vn -0.2830 0.2932 0.9132
vn 0.1101 0.9939 -0.0011
vn -0.1016 0.9948 -0.0009
vn -0.0358 0.9994 -0.0004
vn -0.8936 -0.4488 -0.0002
vn -0.8935 -0.4490 -0.0000
vn -0.0097 1.0000 -0.0013
vn -0.2801 0.2918 0.9145
vn 0.0683 0.9977 -0.0000
vn -0.2459 0.9693 -0.0018
vn 0.0110 0.9999 -0.0016
vn -0.1300 0.9915 -0.0019
vn -0.0358 0.9994 -0.0003
vn -0.2811 0.2947 0.9133
vn -0.1016 0.9948 -0.0007
vn 0.0520 -0.0540 -0.9972
vn 0.0519 -0.0540 0.9972
vn 0.0519 -0.0539 0.9972
vn 0.0519 -0.0541 0.9972
vn 0.0519 -0.0541 -0.9972
vn 0.0518 -0.0540 -0.9972
vn -0.6929 0.7210 -0.0000
vn -0.7209 -0.6930 -0.0001
vn -0.7210 -0.6929 0.0001
vn -0.7210 -0.6930 -0.0001
vn -0.5457 -0.5943 0.5908
vn 0.3421 -0.3558 0.8697
vn -0.8328 -0.5363 0.1371
vn -0.0469 0.0489 0.9977
vn -0.8328 -0.5363 0.1372
vn 0.3190 -0.3318 0.8878
vn -0.0432 0.0449 0.9981
vn -0.4373 0.4550 0.7757
vn -0.5143 0.5352 0.6701
vn -0.5560 0.5786 -0.5967
vn -0.7639 -0.6303 0.1388
vn -0.4403 0.4579 0.7724
vn -0.4205 0.4376 0.7948
vn -0.5398 0.5614 -0.6272
vn -0.4374 0.4549 0.7757
vn -0.5143 0.5351 0.6702
vn -0.5561 0.5785 -0.5967
vn -0.7209 -0.6930 -0.0000
vn -0.2706 0.2815 -0.9206
vn -0.2431 0.2531 -0.9364
vn 0.7210 0.6929 -0.0000
vn 0.7210 0.6930 -0.0000
vn -0.2432 0.2531 0.9364
vn 0.4547 0.8906 -0.0000
vn -0.5561 0.5785 0.5968
vn -0.2707 0.2815 0.9206
vn -0.6930 0.7209 -0.0001
vn -0.7639 -0.6302 -0.1388
vn -0.5397 0.5615 0.6272
vn -0.5560 0.5786 0.5967
vn -0.2433 0.2530 0.9363
vn -0.9079 -0.4192 -0.0000
vn -0.2434 0.2530 -0.9364
vn -0.5144 0.5351 -0.6701
vn -0.9079 -0.4191 -0.0000
vn -0.7210 -0.6929 -0.0001
vn -0.7209 -0.6930 0.0001
vn 0.4375 -0.4551 0.7756
vn 0.5720 -0.5950 0.5647
vn 0.5719 -0.5950 -0.5647
vn 0.5720 -0.5949 0.5647
vn 0.4374 -0.4549 0.7757
vn 0.5719 -0.5949 -0.5648
vn 0.5718 -0.5950 0.5648
vn 0.4373 -0.4551 0.7757
vn 0.5719 -0.5950 0.5648
vn 0.5719 -0.5951 -0.5646
vn 0.5718 -0.5950 -0.5648
vn 0.4375 -0.4550 -0.7757
vn 0.4373 -0.4551 -0.7757
vn 0.1486 -0.1544 -0.9768
vn 0.1485 -0.1545 -0.9768
vn 0.1485 -0.1547 -0.9767
vn 0.1486 -0.1545 -0.9768
vn 0.4375 -0.4550 -0.7756
vn -0.7210 -0.6929 -0.0000
vn 0.1442 -0.1485 -0.9784
vn -0.0587 0.0612 -0.9964
vn -0.7212 -0.6928 0.0002
vn -0.2999 0.3121 -0.9015
vn -0.2999 0.3122 -0.9014
vn -0.7210 -0.6930 0.0001
vn -0.7195 -0.6945 -0.0022
vn -0.7209 -0.6931 0.0001
vn -0.4932 0.5132 -0.7025
vn -0.6396 0.6655 -0.3848
vn -0.4931 0.5131 -0.7025
vn -0.6929 0.7210 0.0114
vn -0.6395 0.6655 -0.3848
vn -0.6396 0.6655 0.3848
vn -0.6395 0.6655 0.3848
vn -0.6930 0.7208 0.0115
vn -0.6397 0.6654 -0.3848
vn -0.7209 -0.6931 -0.0000
vn -0.4932 0.5131 0.7025
vn -0.7209 -0.6931 -0.0001
vn -0.4931 0.5132 0.7025
vn -0.2999 0.3121 0.9015
vn -0.5277 -0.8198 -0.2224
vn -0.5277 -0.8198 -0.2225
vn 0.3072 -0.3194 -0.8964
vn -0.2353 0.2449 -0.9406
vn 0.6904 -0.7181 -0.0876
vn -0.7243 -0.6703 -0.1618
vn -0.5510 -0.8293 -0.0933
vn -0.2179 0.2267 -0.9493
vn 0.2814 -0.2928 -0.9138
vn -0.2354 0.2448 -0.9406
vn 0.3070 -0.3194 -0.8965
vn 0.6903 -0.7182 -0.0876
vn 0.6908 -0.7188 -0.0786
vn -0.7233 -0.6903 -0.0215
vn 0.5897 -0.6133 0.5255
vn 0.5805 -0.6041 0.5460
vn 0.7294 0.6837 -0.0241
vn -0.5472 0.5694 -0.6135
vn 0.7294 0.6836 -0.0241
vn 0.0990 -0.1030 -0.9897
vn 0.0696 -0.0726 -0.9949
vn -0.5326 0.5543 -0.6395
vn -0.5993 -0.8001 0.0271
vn 0.0506 -0.0527 -0.9973
vn -0.5992 -0.8002 0.0269
vn 0.0696 -0.0724 -0.9949
vn 0.6813 -0.7090 -0.1820
vn 0.6846 -0.7124 0.1541
vn 0.6929 -0.7210 -0.0006
vn 0.6929 -0.7210 0.0017
vn 0.7209 0.6931 -0.0001
vn 0.6813 -0.7089 0.1822
vn 0.7209 0.6931 0.0001
vn 0.6929 -0.7210 0.0006
vn 0.6848 -0.7123 -0.1540
vn 0.6814 -0.7088 0.1822
vn 0.0698 -0.0725 0.9949
vn 0.6815 -0.7088 0.1821
vn -0.5992 -0.8001 -0.0270
vn -0.5473 0.5692 0.6135
vn -0.6993 -0.7148 0.0058
vn 0.0507 -0.0527 0.9973
vn -0.5471 0.5694 0.6135
vn -0.5328 0.5542 0.6395
vn 0.0696 -0.0725 0.9949
vn 0.7297 0.6834 0.0241
vn 0.8400 0.4949 0.2224
vn 0.6814 -0.7089 0.1820
vn 0.7208 0.6931 0.0002
vn 0.7209 0.6930 -0.0000
vn 0.8400 0.4948 0.2225
vn 0.3070 -0.3195 0.8965
vn 0.7296 0.6834 0.0241
vn 0.6903 -0.7182 0.0876
vn 0.6909 -0.7187 0.0786
vn 0.3071 -0.3196 0.8964
vn 0.7210 0.6929 -0.0001
vn 0.5950 -0.6190 -0.5127
vn 0.2814 -0.2928 0.9138
vn -0.7211 -0.6928 0.0001
vn -0.2179 0.2267 0.9493
vn -0.5510 -0.8293 0.0932
vn -0.6913 0.7193 0.0680
vn -0.6909 0.7187 0.0788
vn -0.2353 0.2447 0.9406
vn 0.6914 -0.7193 -0.0672
vn 0.6154 0.5217 0.5909
vn 0.6154 0.5218 0.5908
vn 0.7209 0.6930 0.0001
vn 0.3420 -0.3559 0.8697
vn 0.6919 -0.7198 -0.0559
vn -0.0469 0.0487 0.9977
vn 0.0224 -0.0233 0.9995
vn 0.6914 -0.7193 -0.0673
vn -0.6914 0.7192 0.0681
vn -0.2352 0.2448 0.9406
vn 0.3072 -0.3195 0.8964
vn 0.3070 -0.3194 0.8965
vn 0.6904 -0.7181 0.0876
vn -0.5277 -0.8198 0.2225
vn -0.5276 -0.8198 0.2224
vn -0.7118 -0.7020 0.0241
vn -0.7117 -0.7020 0.0241
vn 0.5911 -0.6149 -0.5220
vn -0.7243 -0.6702 0.1618
vn -0.7243 -0.6889 0.0272
vn 0.1039 -0.1081 0.9887
vn 0.5911 -0.6150 -0.5219
vn 0.7210 0.6930 -0.0001
vn 0.7210 0.6930 0.0001
vn 0.7209 0.6930 -0.0001
vn 0.4548 0.8906 -0.0000
vn 0.4547 0.8907 -0.0000
vn 0.1484 -0.1545 0.9768
vn 0.1484 -0.1546 0.9768
vn 0.7208 0.6932 -0.0000
vn -0.0589 0.0611 0.9964
vn -0.0588 0.0611 0.9964
vn -0.0587 0.0612 0.9964
vn 0.1486 -0.1545 0.9768
vn 0.1487 -0.1546 0.9767
vn -0.0468 0.0488 -0.9977
vn -0.4373 0.4551 -0.7757
vn -0.4206 0.4375 -0.7948
vn -0.0432 0.0449 -0.9981
vn -0.4375 0.4550 -0.7756
vn 0.7210 0.6929 0.0001
vn -0.0470 0.0488 -0.9977
vn -0.4933 0.5130 0.7025
vn -0.3000 0.3120 0.9015
vn -0.0586 0.0612 0.9964
vn -0.4932 0.5130 0.7025
vn -0.4933 0.5131 0.7024
vn -0.6397 0.6654 0.3848
vn 0.7225 0.6914 0.0022
vn 0.7209 0.6931 -0.0000
vn -0.4932 0.5131 -0.7025
vn -0.4933 0.5130 -0.7025
vn 0.7211 0.6928 -0.0001
vn -0.2999 0.3119 -0.9015
vn -0.3000 0.3120 -0.9015
vn -0.0588 0.0611 -0.9964
vn 0.1485 -0.1546 -0.9767
vn -0.0589 0.0611 -0.9964
vn 0.8401 0.4948 -0.2225
vn 0.8400 0.4948 -0.2224
vn 0.6154 0.5218 -0.5908
vn 0.6154 0.5217 -0.5909
vn -0.6913 0.7193 -0.0681
vn -0.2353 0.2447 -0.9406
vn 0.6915 -0.7193 0.0674
vn -0.6908 0.7188 -0.0789
vn 0.0224 -0.0233 -0.9995
vn -0.5509 -0.8293 -0.0932
vn -0.6914 0.7192 -0.0680
vn -0.2352 0.2447 -0.9406
vn -0.5457 -0.5942 -0.5908
vn -0.5457 -0.5943 -0.5908
vn 0.6914 -0.7194 0.0673
vn 0.3420 -0.3558 -0.8697
vn -0.8328 -0.5362 -0.1372
vn 0.3189 -0.3317 -0.8878
vn 0.6919 -0.7198 0.0561
vn 0.3420 -0.3559 -0.8697
vn -0.0469 0.0489 -0.9977
vn 0.6930 -0.7209 0.0018
vn 0.6814 -0.7088 -0.1821
vn -0.7210 -0.6929 0.0002
vn 0.0697 -0.0725 -0.9949
vn -0.7119 -0.7018 -0.0241
vn -0.5473 0.5693 -0.6135
vn 0.5807 -0.6039 0.5460
vn -0.6992 -0.7149 -0.0059
vn -0.7120 -0.7018 -0.0241
vt 0.219360 0.493470
vt 0.227170 0.497370
vt 0.211540 0.493470
vt 0.203730 0.497370
vt 0.211540 0.477840
vt 0.203730 0.481750
vt 0.227170 0.481750
vt 0.227170 0.485660
vt 0.219360 0.477840
vt 0.227170 0.470030
vt 0.219360 0.473940
vt 0.405734 0.042667
vt 0.227674 0.205190
vt 0.565054 0.205190
vt 0.396364 0.367701
vt 0.211540 0.473940
vt 0.203730 0.470030
vt 0.203730 0.485660
vt 0.219360 0.489560
vt 0.211540 0.489560
vt 0.405844 0.041763
vt 0.565434 0.205039
vt 0.227474 0.205039
vt 0.396454 0.368304
vt 0.113875 0.944003
vt 0.111655 0.961477
vt 0.110137 0.944122
vt 0.107550 0.961477
vt 0.105715 0.944072
vt 0.103429 0.961477
vt 0.100849 0.944017
vt 0.098907 0.961477
vt 0.096093 0.943964
vt 0.093757 0.961477
vt 0.091167 0.943909
vt 0.087481 0.961477
vt 0.085426 0.944003
vt 0.082445 0.961477
vt 0.080926 0.944122
vt 0.078339 0.961477
vt 0.076504 0.944072
vt 0.074219 0.961477
vt 0.071638 0.944017
vt 0.069697 0.961477
vt 0.066440 0.940766
vt 0.119258 0.945567
vt 0.115930 0.961477
vt 0.061771 0.881920
vt 0.114211 0.881919
vt 0.064920 0.934334
vt 0.069042 0.934654
vt 0.074183 0.937402
vt 0.078995 0.937448
vt 0.083370 0.937490
vt 0.087820 0.937389
vt 0.093499 0.937310
vt 0.098370 0.937356
vt 0.103075 0.937402
vt 0.107887 0.937448
vt 0.112261 0.937490
vt 0.114211 0.937389
vt 0.059792 0.961477
vt 0.053074 0.866709
vt 0.062273 0.940388
vt 0.057093 0.866676
vt 0.065132 0.961585
vt 0.333326 0.945687
vt 0.330990 0.961477
vt 0.328401 0.945632
vt 0.324714 0.961477
vt 0.322659 0.945726
vt 0.319678 0.961477
vt 0.318160 0.945845
vt 0.315572 0.961477
vt 0.313737 0.945795
vt 0.311452 0.961477
vt 0.308872 0.945740
vt 0.306930 0.961477
vt 0.304115 0.945687
vt 0.301780 0.961477
vt 0.299190 0.945632
vt 0.295503 0.961477
vt 0.293448 0.945567
vt 0.264248 0.945726
vt 0.262029 0.961477
vt 0.260511 0.945845
vt 0.257923 0.961477
vt 0.256088 0.945795
vt 0.253803 0.961477
vt 0.251223 0.945740
vt 0.249281 0.961477
vt 0.246466 0.945687
vt 0.244131 0.961477
vt 0.241541 0.945632
vt 0.237855 0.961477
vt 0.235800 0.945726
vt 0.232818 0.961477
vt 0.231300 0.945845
vt 0.228712 0.961477
vt 0.226877 0.945795
vt 0.224592 0.961477
vt 0.222012 0.945740
vt 0.220070 0.961477
vt 0.217255 0.945687
vt 0.214920 0.961477
vt 0.212330 0.945632
vt 0.208644 0.961477
vt 0.206589 0.945567
vt 0.290478 0.961477
vt 0.288960 0.945845
vt 0.286372 0.961477
vt 0.284537 0.945795
vt 0.282252 0.961477
vt 0.279672 0.945740
vt 0.277730 0.961477
vt 0.274915 0.945687
vt 0.272580 0.961477
vt 0.269990 0.945632
vt 0.266304 0.961477
vt 0.176917 0.945726
vt 0.174698 0.961477
vt 0.173180 0.945845
vt 0.170592 0.961477
vt 0.168757 0.945795
vt 0.166472 0.961477
vt 0.163892 0.945740
vt 0.161950 0.961477
vt 0.159135 0.945687
vt 0.156800 0.961477
vt 0.154210 0.945632
vt 0.150523 0.961477
vt 0.148468 0.945726
vt 0.145487 0.961477
vt 0.143969 0.945845
vt 0.141381 0.961477
vt 0.139546 0.945795
vt 0.137261 0.961477
vt 0.134681 0.945740
vt 0.132739 0.961477
vt 0.129924 0.945687
vt 0.127589 0.961477
vt 0.124999 0.945632
vt 0.121313 0.961477
vt 0.203147 0.961477
vt 0.201629 0.945845
vt 0.199041 0.961477
vt 0.197206 0.945795
vt 0.194921 0.961477
vt 0.192341 0.945740
vt 0.190399 0.961477
vt 0.187584 0.945687
vt 0.185249 0.961477
vt 0.182659 0.945632
vt 0.178972 0.961477
vt 0.336818 0.858388
vt 0.336818 0.858383
vt 0.273844 0.860258
vt 0.273844 0.860254
vt 0.216761 0.861963
vt 0.216761 0.861960
vt 0.336818 0.881907
vt 0.333010 0.938812
vt 0.274179 0.881912
vt 0.328139 0.938766
vt 0.322460 0.938845
vt 0.318010 0.938946
vt 0.313636 0.938904
vt 0.308824 0.938858
vt 0.304119 0.938812
vt 0.299248 0.938766
vt 0.293569 0.938711
vt 0.289129 0.938946
vt 0.284755 0.938904
vt 0.279943 0.938858
vt 0.275238 0.938812
vt 0.159002 0.863659
vt 0.159002 0.863657
vt 0.216761 0.881915
vt 0.218209 0.938812
vt 0.222913 0.938858
vt 0.227726 0.938904
vt 0.232100 0.938946
vt 0.236550 0.938845
vt 0.242229 0.938766
vt 0.247100 0.938812
vt 0.251805 0.938858
vt 0.256617 0.938904
vt 0.260992 0.938946
vt 0.264688 0.938845
vt 0.270367 0.938766
vt 0.114211 0.865031
vt 0.114211 0.865030
vt 0.213337 0.938766
vt 0.160592 0.881918
vt 0.207659 0.938711
vt 0.202753 0.938946
vt 0.198378 0.938904
vt 0.193566 0.938858
vt 0.188862 0.938812
vt 0.183990 0.938766
vt 0.178311 0.938845
vt 0.174615 0.938946
vt 0.170241 0.938904
vt 0.165428 0.938858
vt 0.160724 0.938812
vt 0.155852 0.938766
vt 0.150174 0.938845
vt 0.145723 0.938946
vt 0.141349 0.938904
vt 0.136537 0.938858
vt 0.131832 0.938812
vt 0.126961 0.938766
vt 0.121282 0.938711
vt 0.066440 0.940838
vt 0.071638 0.944028
vt 0.076504 0.944082
vt 0.080926 0.944125
vt 0.085426 0.944009
vt 0.091167 0.943920
vt 0.096093 0.943975
vt 0.100849 0.944028
vt 0.105715 0.944082
vt 0.110137 0.944125
vt 0.113875 0.944009
vt 0.119258 0.945581
vt 0.124999 0.945643
vt 0.129924 0.945698
vt 0.134681 0.945751
vt 0.139546 0.945805
vt 0.143969 0.945848
vt 0.148468 0.945733
vt 0.154210 0.945643
vt 0.159135 0.945698
vt 0.163892 0.945751
vt 0.168757 0.945805
vt 0.173180 0.945848
vt 0.176917 0.945733
vt 0.182659 0.945643
vt 0.187584 0.945698
vt 0.192341 0.945751
vt 0.197206 0.945805
vt 0.201629 0.945848
vt 0.206589 0.945581
vt 0.212330 0.945643
vt 0.217255 0.945698
vt 0.222012 0.945751
vt 0.226877 0.945805
vt 0.231300 0.945848
vt 0.235800 0.945733
vt 0.241541 0.945643
vt 0.246466 0.945698
vt 0.251223 0.945751
vt 0.256088 0.945805
vt 0.260511 0.945848
vt 0.264248 0.945733
vt 0.269990 0.945643
vt 0.274915 0.945698
vt 0.279672 0.945751
vt 0.284537 0.945805
vt 0.288960 0.945848
vt 0.293448 0.945581
vt 0.299190 0.945643
vt 0.304115 0.945698
vt 0.308872 0.945751
vt 0.313737 0.945805
vt 0.318160 0.945848
vt 0.322659 0.945733
vt 0.328401 0.945643
vt 0.333326 0.945698
vt 0.130437 0.048395
vt 0.165287 0.048395
vt 0.165287 0.499914
vt 0.095586 0.048395
vt 0.095586 0.499914
vt 0.130437 0.499914
vt 0.437650 0.945726
vt 0.433913 0.945845
vt 0.436194 0.938845
vt 0.435431 0.961477
vt 0.437650 0.945733
vt 0.443392 0.945632
vt 0.441873 0.938766
vt 0.439705 0.961477
vt 0.378847 0.881906
vt 0.432498 0.938946
vt 0.428123 0.938904
vt 0.429490 0.945795
vt 0.431325 0.961477
vt 0.429490 0.945805
vt 0.424625 0.945740
vt 0.427205 0.961477
vt 0.423311 0.938858
vt 0.419868 0.945687
vt 0.418607 0.938812
vt 0.414943 0.945632
vt 0.413735 0.938766
vt 0.417532 0.961477
vt 0.409201 0.945726
vt 0.411256 0.961477
vt 0.414943 0.945643
vt 0.408056 0.938845
vt 0.404702 0.945845
vt 0.403606 0.938946
vt 0.400279 0.945795
vt 0.399232 0.938904
vt 0.395414 0.945740
vt 0.394420 0.938858
vt 0.397994 0.961477
vt 0.395414 0.945751
vt 0.390657 0.945687
vt 0.393472 0.961477
vt 0.389715 0.938812
vt 0.384844 0.938766
vt 0.385732 0.945632
vt 0.385732 0.945643
vt 0.388322 0.961477
vt 0.382045 0.961477
vt 0.379990 0.945567
vt 0.379165 0.938711
vt 0.376423 0.945582
vt 0.377338 0.961477
vt 0.379990 0.945581
vt 0.375636 0.938724
vt 0.372305 0.945599
vt 0.371563 0.938738
vt 0.373232 0.961477
vt 0.372305 0.945616
vt 0.366978 0.945621
vt 0.369112 0.961477
vt 0.366295 0.938757
vt 0.362112 0.945641
vt 0.361482 0.938774
vt 0.364590 0.961477
vt 0.362112 0.945656
vt 0.357278 0.945661
vt 0.359439 0.961477
vt 0.356701 0.938791
vt 0.350500 0.938812
vt 0.351009 0.945687
vt 0.347323 0.938824
vt 0.347797 0.945700
vt 0.348889 0.961477
vt 0.347797 0.945713
vt 0.343137 0.945720
vt 0.344783 0.961477
vt 0.342714 0.938840
vt 0.338082 0.945740
vt 0.337715 0.938858
vt 0.336141 0.961477
vt 0.338082 0.945751
vt 0.340663 0.961477
vt 0.378847 0.857080
vt 0.378847 0.857082
vt 0.443508 0.856963
vt 0.443508 0.856964
vt 0.490303 0.856879
vt 0.490303 0.856878
vt 0.443508 0.881904
vt 0.490303 0.881904
vt 0.488632 0.938946
vt 0.484258 0.938904
vt 0.479446 0.938858
vt 0.474741 0.938812
vt 0.469870 0.938766
vt 0.464191 0.938711
vt 0.460636 0.938946
vt 0.456261 0.938904
vt 0.451449 0.938858
vt 0.446744 0.938812
vt 0.443392 0.945643
vt 0.445981 0.961477
vt 0.448317 0.945687
vt 0.448317 0.945698
vt 0.451132 0.961477
vt 0.453073 0.945740
vt 0.493082 0.938845
vt 0.549144 0.881904
vt 0.498761 0.938766
vt 0.503633 0.938812
vt 0.508337 0.938858
vt 0.513149 0.938904
vt 0.517524 0.938946
vt 0.521220 0.938845
vt 0.526899 0.938766
vt 0.531770 0.938812
vt 0.536475 0.938858
vt 0.541287 0.938904
vt 0.545662 0.938946
vt 0.549144 0.938979
vt 0.551848 0.945884
vt 0.551848 0.856769
vt 0.548327 0.945845
vt 0.549845 0.961477
vt 0.543904 0.945795
vt 0.543904 0.945805
vt 0.545739 0.961477
vt 0.541619 0.961477
vt 0.539039 0.945740
vt 0.539039 0.945751
vt 0.537097 0.961477
vt 0.534282 0.945687
vt 0.529357 0.945632
vt 0.523616 0.945726
vt 0.521396 0.961477
vt 0.523616 0.945733
vt 0.519878 0.945845
vt 0.525671 0.961477
vt 0.519878 0.945848
vt 0.515455 0.945795
vt 0.517291 0.961477
vt 0.531947 0.961477
vt 0.529357 0.945643
vt 0.534282 0.945698
vt 0.515455 0.945805
vt 0.510590 0.945740
vt 0.513170 0.961477
vt 0.510590 0.945751
vt 0.505834 0.945687
vt 0.508648 0.961477
vt 0.505834 0.945698
vt 0.503498 0.961477
vt 0.500908 0.945632
vt 0.500908 0.945643
vt 0.497222 0.961477
vt 0.495167 0.945726
vt 0.490667 0.945845
vt 0.490732 0.945848
vt 0.492185 0.961477
vt 0.488080 0.961477
vt 0.486245 0.945795
vt 0.486245 0.945805
vt 0.481379 0.945740
vt 0.483959 0.961477
vt 0.481379 0.945751
vt 0.476623 0.945687
vt 0.479438 0.961477
vt 0.476623 0.945698
vt 0.474287 0.961477
vt 0.471697 0.945632
vt 0.471697 0.945643
vt 0.465956 0.945567
vt 0.468011 0.961477
vt 0.465956 0.945581
vt 0.463879 0.961477
vt 0.462362 0.945845
vt 0.462362 0.945848
vt 0.459774 0.961477
vt 0.457939 0.945795
vt 0.457939 0.945805
vt 0.455654 0.961477
vt 0.453073 0.945751
vt 0.495167 0.945733
vt 0.548327 0.945848
vt 0.343137 0.945731
vt 0.353163 0.961477
vt 0.351009 0.945700
vt 0.357278 0.945675
vt 0.366978 0.945637
vt 0.376423 0.945599
vt 0.390657 0.945698
vt 0.402114 0.961477
vt 0.404702 0.945848
vt 0.406220 0.961477
vt 0.409201 0.945733
vt 0.400279 0.945805
vt 0.422683 0.961477
vt 0.419868 0.945698
vt 0.424625 0.945751
vt 0.433913 0.945848
vt 0.118576 0.756671
vt 0.118576 0.726926
vt 0.178066 0.726926
vt 0.118576 0.786416
vt 0.178066 0.786416
vt 0.178066 0.756671
vt 0.155906 0.642470
vt 0.153352 0.644124
vt 0.155215 0.640384
vt 0.155971 0.656797
vt 0.158078 0.651366
vt 0.156267 0.641923
vt 0.157974 0.647526
vt 0.158047 0.647168
vt 0.158318 0.646435
vt 0.155670 0.639981
vt 0.156038 0.639432
vt 0.156628 0.641303
vt 0.149098 0.627008
vt 0.148763 0.627692
vt 0.146837 0.627080
vt 0.147237 0.626463
vt 0.148477 0.628337
vt 0.147450 0.626027
vt 0.142642 0.621502
vt 0.143113 0.620899
vt 0.141260 0.616235
vt 0.141053 0.616879
vt 0.140948 0.617175
vt 0.138415 0.617385
vt 0.138295 0.617103
vt 0.137080 0.621904
vt 0.136893 0.621634
vt 0.136387 0.621078
vt 0.138049 0.616486
vt 0.132317 0.626507
vt 0.142467 0.621792
vt 0.132501 0.626996
vt 0.132934 0.627545
vt 0.134198 0.631951
vt 0.131386 0.628959
vt 0.132959 0.632875
vt 0.133382 0.633527
vt 0.145660 0.632037
vt 0.134272 0.632879
vt 0.145619 0.632959
vt 0.131914 0.581388
vt 0.128420 0.587223
vt 0.131580 0.581154
vt 0.133852 0.579973
vt 0.134105 0.580251
vt 0.127957 0.587204
vt 0.128356 0.589211
vt 0.131491 0.593418
vt 0.131823 0.593194
vt 0.128808 0.589148
vt 0.133364 0.594421
vt 0.146736 0.633175
vt 0.152483 0.641991
vt 0.152011 0.642561
vt 0.133621 0.594153
vt 0.152750 0.644251
vt 0.139071 0.595696
vt 0.139111 0.595379
vt 0.152960 0.654988
vt 0.152365 0.654859
vt 0.141588 0.595592
vt 0.141530 0.595279
vt 0.152255 0.657669
vt 0.151784 0.657076
vt 0.155008 0.659755
vt 0.145226 0.667555
vt 0.146327 0.671806
vt 0.144029 0.668244
vt 0.144859 0.666819
vt 0.143866 0.667349
vt 0.148013 0.593232
vt 0.148322 0.593467
vt 0.149097 0.592449
vt 0.150474 0.590354
vt 0.150878 0.590476
vt 0.140475 0.669737
vt 0.140460 0.668802
vt 0.149446 0.592652
vt 0.151562 0.588175
vt 0.152006 0.588210
vt 0.137039 0.667735
vt 0.135735 0.668037
vt 0.136096 0.667286
vt 0.136904 0.668628
vt 0.152015 0.587061
vt 0.151569 0.587069
vt 0.128658 0.658458
vt 0.149370 0.582120
vt 0.149023 0.582313
vt 0.129115 0.657854
vt 0.127875 0.655824
vt 0.124900 0.657781
vt 0.125936 0.660651
vt 0.134694 0.672323
vt 0.129991 0.672509
vt 0.126580 0.667664
vt 0.125392 0.660758
vt 0.124511 0.658188
vt 0.126280 0.667563
vt 0.124936 0.660901
vt 0.125723 0.667317
vt 0.124138 0.658595
vt 0.121701 0.679231
vt 0.122268 0.678647
vt 0.126158 0.679456
vt 0.126224 0.679789
vt 0.122474 0.678604
vt 0.126173 0.680453
vt 0.130117 0.672944
vt 0.130315 0.673794
vt 0.134677 0.673811
vt 0.134772 0.673186
vt 0.135665 0.673605
vt 0.135550 0.674417
vt 0.140560 0.675473
vt 0.140545 0.674601
vt 0.145203 0.672436
vt 0.145367 0.673156
vt 0.140533 0.673818
vt 0.145537 0.673968
vt 0.146310 0.673299
vt 0.146283 0.672683
vt 0.150887 0.672241
vt 0.150680 0.673081
vt 0.154700 0.679081
vt 0.154752 0.679735
vt 0.154771 0.678744
vt 0.151017 0.671805
vt 0.154414 0.666880
vt 0.155550 0.659827
vt 0.158214 0.678053
vt 0.154715 0.666795
vt 0.156009 0.659993
vt 0.156377 0.657177
vt 0.155276 0.666551
vt 0.156755 0.657564
vt 0.158477 0.652382
vt 0.169523 0.650274
vt 0.169889 0.650665
vt 0.158174 0.651715
vt 0.169447 0.646375
vt 0.169389 0.646694
vt 0.169430 0.649969
vt 0.169814 0.645905
vt 0.158420 0.678089
vt 0.159080 0.678616
vt 0.147113 0.632441
vt 0.128568 0.643419
vt 0.140126 0.578589
vt 0.140145 0.578918
vt 0.128061 0.642903
vt 0.127850 0.645208
vt 0.142341 0.579142
vt 0.142417 0.578820
vt 0.147682 0.580782
vt 0.127251 0.645124
vt 0.125255 0.641550
vt 0.124641 0.643653
vt 0.124788 0.641200
vt 0.131064 0.628340
vt 0.124399 0.640676
vt 0.130675 0.627734
vt 0.128472 0.655651
vt 0.147407 0.581029
vt 0.135823 0.672853
vt 0.122662 0.652566
vt 0.122693 0.648753
vt 0.111272 0.651440
vt 0.111189 0.651746
vt 0.122571 0.652912
vt 0.111227 0.647843
vt 0.122267 0.653582
vt 0.110824 0.652148
vt 0.111295 0.648163
vt 0.122617 0.648395
vt 0.122345 0.647671
vt 0.110860 0.647384
vt 0.123878 0.642570
vt 0.124257 0.643149
s 1
usemtl initialShadingGroup.002
f 5446/3333/2584 5443/3334/2585 5444/3335/2586
f 5443/3334/2587 5445/3336/2587 5444/3335/2587
f 5448/3337/2588 5445/3338/2589 5443/3339/2585
f 5447/3340/2590 5443/3334/2585 5446/3333/2584
f 5449/3341/2591 5443/3339/2585 5447/3342/2590
f 5449/3341/2591 5448/3337/2588 5443/3339/2585
f 5450/3343/2592 5449/3341/2591 5447/3342/2590
f 5448/3344/2588 5449/3345/2591 5451/3346/2593
f 5449/3345/2591 5450/3347/2592 5451/3346/2593
f 5451/3348/2593 5450/3343/2592 5452/3349/2594
f 5451/3348/2593 5452/3349/2594 5445/3338/2589
f 5448/3337/2588 5451/3348/2593 5445/3338/2589
f 5450/3343/2592 5447/3342/2590 5452/3349/2594
f 5452/3350/2594 5447/3340/2590 5453/3351/2595
f 5454/3352/2596 5452/3350/2594 5453/3351/2595
f 5445/3336/2589 5452/3350/2594 5454/3352/2596
f 5444/3353/2586 5454/3354/2596 5446/3355/2584
f 5444/3335/2586 5445/3336/2589 5454/3352/2596
f 5454/3354/2596 5453/3356/2595 5446/3355/2584
f 5453/3351/2595 5447/3340/2590 5446/3333/2584
f 5455/3357/2597 5456/3358/2597 5457/3359/2597
f 5457/3359/2597 5458/3360/2598 5459/3361/2599
f 5459/3361/2599 5460/3362/2600 5461/3363/2600
f 5461/3363/2600 5462/3364/2601 5463/3365/2602
f 5463/3365/2602 5464/3366/2603 5465/3367/2604
f 5465/3367/2604 5466/3368/2605 5467/3369/2606
f 5467/3369/2606 5468/3370/2607 5469/3371/2607
f 5469/3371/2607 5470/3372/2608 5471/3373/2599
f 5471/3373/2599 5472/3374/2600 5473/3375/2600
f 5473/3375/2600 5474/3376/2609 5475/3377/2610
f 5476/3378/2611 5477/3379/2611 5455/3357/2597
f 5478/3380/2612 5479/3381/2612 5480/3382/2612
f 5480/3382/2612 5479/3381/2612 5481/3383/2612
f 5481/3383/2612 5479/3381/2612 5482/3384/2612
f 5482/3384/2612 5479/3381/2612 5483/3385/2612
f 5483/3385/2612 5479/3381/2612 5484/3386/2612
f 5484/3386/2612 5479/3381/2612 5485/3387/2612
f 5485/3387/2612 5479/3381/2612 5486/3388/2612
f 5486/3388/2612 5479/3381/2612 5487/3389/2612
f 5487/3389/2612 5479/3381/2612 5488/3390/2612
f 5488/3390/2612 5479/3381/2612 5489/3391/2612
f 5489/3391/2612 5479/3381/2612 5490/3392/2612
f 5479/3381/2612 5491/3393/2612 5490/3392/2612
f 5493/3394/2613 5494/3395/2614 5492/3396/2615
f 5492/3396/2615 5494/3395/2614 5495/3397/2614
f 5495/3397/2614 5494/3395/2614 5496/3397/2616
f 5492/3396/2615 5497/3398/2617 5493/3394/2613
f 5821/3399/2618 5498/3400/2619 5499/3401/2619
f 5499/3401/2619 5500/3402/2620 5501/3403/2621
f 5501/3403/2621 5502/3404/2622 5503/3405/2623
f 5503/3405/2623 5504/3406/2624 5505/3407/2625
f 5505/3407/2625 5506/3408/2626 5507/3409/2627
f 5507/3409/2627 5508/3410/2628 5509/3411/2629
f 5509/3411/2629 5510/3412/2619 5511/3413/2619
f 5511/3413/2619 5512/3414/2630 5513/3415/2630
f 5514/3416/2631 5515/3417/2631 5516/3418/2632
f 5516/3418/2632 5517/3419/2624 5518/3420/2633
f 5518/3420/2633 5519/3421/2626 5520/3422/2627
f 5520/3422/2627 5521/3423/2628 5522/3424/2628
f 5522/3424/2628 5523/3425/2619 5524/3426/2619
f 5524/3426/2619 5525/3427/2620 5526/3428/2621
f 5526/3428/2621 5527/3429/2622 5528/3430/2623
f 5528/3430/2623 5529/3431/2624 5530/3432/2633
f 5530/3432/2633 5531/3433/2626 5532/3434/2627
f 5532/3434/2627 5533/3435/2628 5534/3436/2618
f 5534/3436/2618 5535/3437/2619 5536/3438/2619
f 5536/3438/2619 5537/3439/2630 5538/3440/2630
f 5513/3415/2630 5539/3441/2634 5540/3442/2635
f 5540/3442/2635 5541/3443/2624 5542/3444/2633
f 5542/3444/2633 5543/3445/2626 5544/3446/2627
f 5544/3446/2627 5545/3447/2628 5546/3448/2629
f 5546/3448/2629 5547/3449/2619 5548/3450/2619
f 5548/3450/2619 5549/3451/2620 5514/3416/2631
f 5550/3452/2632 5551/3453/2631 5552/3454/2631
f 5552/3454/2631 5553/3455/2624 5554/3456/2633
f 5554/3456/2633 5555/3457/2626 5556/3458/2627
f 5556/3458/2627 5557/3459/2628 5558/3460/2629
f 5558/3460/2629 5559/3461/2619 5560/3462/2619
f 5560/3462/2619 5561/3463/2620 5562/3464/2621
f 5562/3464/2621 5563/3465/2622 5564/3466/2623
f 5564/3466/2623 5565/3467/2624 5566/3468/2633
f 5566/3468/2633 5567/3469/2636 5568/3470/2627
f 5568/3470/2627 5569/3471/2628 5570/3472/2629
f 5570/3472/2629 5571/3473/2637 5572/3474/2619
f 5572/3474/2619 5573/3475/2630 5476/3378/2611
f 5538/3440/2630 5574/3476/2638 5575/3477/2639
f 5575/3477/2639 5576/3478/2624 5577/3479/2633
f 5577/3479/2633 5578/3480/2626 5579/3481/2627
f 5579/3481/2627 5580/3482/2628 5581/3483/2628
f 5581/3483/2628 5582/3484/2619 5583/3485/2619
f 5583/3485/2619 5584/3486/2620 5550/3452/2632
f 5817/3487/2640 5818/3488/2641 5586/3489/2642
f 5586/3489/2642 5818/3488/2641 5585/3490/2643
f 5492/3396/2615 5475/3377/2610 5497/3398/2617
f 5586/3489/2642 5585/3490/2643 5588/3491/2644
f 5588/3491/2644 5585/3490/2643 5587/3492/2645
f 5819/3493/2612 5820/3494/2612 5589/3495/2612
f 5820/3494/2612 5590/3496/2612 5589/3495/2612
f 5590/3496/2612 5591/3497/2612 5589/3495/2612
f 5591/3497/2612 5592/3498/2612 5589/3495/2612
f 5592/3498/2612 5593/3499/2612 5589/3495/2612
f 5593/3499/2612 5594/3500/2612 5589/3495/2612
f 5594/3500/2612 5595/3501/2612 5589/3495/2612
f 5595/3501/2612 5596/3502/2612 5589/3495/2612
f 5596/3502/2612 5597/3503/2612 5589/3495/2612
f 5597/3503/2612 5598/3504/2612 5589/3495/2612
f 5598/3504/2612 5599/3505/2612 5589/3495/2612
f 5599/3505/2612 5600/3506/2612 5589/3495/2612
f 5600/3506/2612 5601/3507/2612 5589/3495/2612
f 5588/3491/2644 5587/3492/2645 5603/3508/2646
f 5603/3508/2646 5587/3492/2645 5602/3509/2647
f 5604/3510/2612 5589/3495/2612 5605/3511/2612
f 5605/3511/2612 5589/3495/2612 5606/3512/2612
f 5606/3512/2612 5589/3495/2612 5607/3513/2612
f 5607/3513/2612 5589/3495/2612 5608/3514/2612
f 5608/3514/2612 5589/3495/2612 5609/3515/2612
f 5609/3515/2612 5589/3495/2612 5610/3516/2612
f 5610/3516/2612 5589/3495/2612 5611/3517/2612
f 5611/3517/2612 5589/3495/2612 5612/3518/2612
f 5612/3518/2612 5589/3495/2612 5613/3519/2612
f 5613/3519/2612 5589/3495/2612 5614/3520/2612
f 5614/3520/2612 5589/3495/2612 5615/3521/2612
f 5615/3521/2612 5589/3495/2612 5616/3522/2612
f 5589/3495/2612 5601/3507/2612 5616/3522/2612
f 5603/3508/2646 5602/3509/2647 5618/3523/2648
f 5618/3523/2648 5602/3509/2647 5617/3524/2649
f 5605/3511/2612 5619/3525/2612 5604/3510/2612
f 5604/3510/2612 5619/3525/2612 5620/3526/2612
f 5619/3525/2612 5621/3527/2612 5620/3526/2612
f 5621/3527/2612 5622/3528/2612 5620/3526/2612
f 5622/3528/2612 5623/3529/2612 5620/3526/2612
f 5623/3529/2612 5624/3530/2612 5620/3526/2612
f 5624/3530/2612 5625/3531/2612 5620/3526/2612
f 5625/3531/2612 5626/3532/2612 5620/3526/2612
f 5626/3532/2612 5627/3533/2612 5620/3526/2612
f 5627/3533/2612 5628/3534/2612 5620/3526/2612
f 5628/3534/2612 5629/3535/2612 5620/3526/2612
f 5629/3535/2612 5630/3536/2612 5620/3526/2612
f 5630/3536/2612 5631/3537/2612 5620/3526/2612
f 5618/3523/2648 5617/3524/2649 5496/3397/2616
f 5496/3397/2616 5617/3524/2649 5495/3397/2614
f 5631/3537/2612 5632/3538/2612 5620/3526/2612
f 5620/3526/2612 5632/3538/2612 5479/3381/2612
f 5632/3538/2612 5633/3539/2612 5479/3381/2612
f 5633/3539/2612 5634/3540/2612 5479/3381/2612
f 5634/3540/2612 5635/3541/2612 5479/3381/2612
f 5635/3541/2612 5636/3542/2612 5479/3381/2612
f 5636/3542/2612 5637/3543/2612 5479/3381/2612
f 5637/3543/2612 5638/3544/2612 5479/3381/2612
f 5638/3544/2612 5639/3545/2612 5479/3381/2612
f 5639/3545/2612 5491/3393/2612 5479/3381/2612
f 5497/3398/2617 5475/3377/2610 5640/3546/2650
f 5475/3377/2610 5474/3376/2609 5640/3546/2650
f 5474/3376/2609 5473/3375/2600 5641/3547/2651
f 5473/3375/2600 5472/3374/2600 5641/3547/2651
f 5472/3374/2600 5471/3373/2599 5642/3548/2652
f 5471/3373/2599 5470/3372/2608 5642/3548/2652
f 5470/3372/2608 5469/3371/2607 5643/3549/2653
f 5469/3371/2607 5468/3370/2607 5643/3549/2653
f 5468/3370/2607 5467/3369/2606 5644/3550/2654
f 5466/3368/2605 5644/3550/2654 5467/3369/2606
f 5466/3368/2605 5465/3367/2604 5645/3551/2655
f 5465/3367/2604 5464/3366/2603 5645/3551/2655
f 5464/3366/2603 5463/3365/2602 5646/3552/2656
f 5463/3365/2602 5462/3364/2601 5646/3552/2656
f 5462/3364/2601 5461/3363/2600 5647/3553/2651
f 5461/3363/2600 5460/3362/2600 5647/3553/2651
f 5460/3362/2600 5459/3361/2599 5648/3554/2652
f 5459/3361/2599 5458/3360/2598 5648/3554/2652
f 5458/3360/2598 5457/3359/2597 5649/3555/2653
f 5457/3359/2597 5456/3358/2597 5649/3555/2653
f 5456/3358/2597 5455/3357/2597 5650/3556/2657
f 5455/3357/2597 5477/3379/2611 5650/3556/2657
f 5477/3379/2611 5476/3378/2611 5651/3557/2658
f 5476/3378/2611 5573/3475/2630 5651/3557/2658
f 5573/3475/2630 5572/3474/2619 5652/3558/2659
f 5572/3474/2619 5571/3473/2637 5652/3558/2659
f 5571/3473/2637 5570/3472/2629 5653/3559/2660
f 5570/3472/2629 5569/3471/2628 5653/3559/2660
f 5569/3471/2628 5568/3470/2627 5654/3560/2661
f 5568/3470/2627 5567/3469/2636 5654/3560/2661
f 5567/3469/2636 5566/3468/2633 5655/3561/2662
f 5566/3468/2633 5565/3467/2624 5655/3561/2662
f 5565/3467/2624 5564/3466/2623 5656/3562/2663
f 5564/3466/2623 5563/3465/2622 5656/3562/2663
f 5563/3465/2622 5562/3464/2621 5657/3563/2664
f 5561/3463/2620 5657/3563/2664 5562/3464/2621
f 5561/3463/2620 5560/3462/2619 5658/3564/2659
f 5560/3462/2619 5559/3461/2619 5658/3564/2659
f 5559/3461/2619 5558/3460/2629 5659/3565/2665
f 5558/3460/2629 5557/3459/2628 5659/3565/2665
f 5557/3459/2628 5556/3458/2627 5660/3566/2661
f 5556/3458/2627 5555/3457/2626 5660/3566/2661
f 5555/3457/2626 5554/3456/2633 5661/3567/2666
f 5554/3456/2633 5553/3455/2624 5661/3567/2666
f 5553/3455/2624 5552/3454/2631 5662/3568/2663
f 5552/3454/2631 5551/3453/2631 5662/3568/2663
f 5551/3453/2631 5550/3452/2632 5663/3569/2667
f 5550/3452/2632 5584/3486/2620 5663/3569/2667
f 5584/3486/2620 5583/3485/2619 5664/3570/2668
f 5583/3485/2619 5582/3484/2619 5664/3570/2668
f 5582/3484/2619 5581/3483/2628 5665/3571/2665
f 5581/3483/2628 5580/3482/2628 5665/3571/2665
f 5580/3482/2628 5579/3481/2627 5666/3572/2669
f 5579/3481/2627 5578/3480/2626 5666/3572/2669
f 5578/3480/2626 5577/3479/2633 5667/3573/2666
f 5577/3479/2633 5576/3478/2624 5667/3573/2666
f 5576/3478/2624 5575/3477/2639 5668/3574/2663
f 5575/3477/2639 5574/3476/2638 5668/3574/2663
f 5574/3476/2638 5538/3440/2630 5669/3575/2670
f 5538/3440/2630 5537/3439/2630 5669/3575/2670
f 5537/3439/2630 5536/3438/2619 5670/3576/2668
f 5536/3438/2619 5535/3437/2619 5670/3576/2668
f 5535/3437/2619 5534/3436/2618 5671/3577/2665
f 5534/3436/2618 5533/3435/2628 5671/3577/2665
f 5533/3435/2628 5532/3434/2627 5672/3578/2671
f 5532/3434/2627 5531/3433/2626 5672/3578/2671
f 5531/3433/2626 5530/3432/2633 5673/3579/2666
f 5530/3432/2633 5529/3431/2624 5673/3579/2666
f 5529/3431/2624 5528/3430/2623 5674/3580/2672
f 5528/3430/2623 5527/3429/2622 5674/3580/2672
f 5527/3429/2622 5526/3428/2621 5675/3581/2673
f 5525/3427/2620 5675/3581/2673 5526/3428/2621
f 5525/3427/2620 5524/3426/2619 5676/3582/2668
f 5524/3426/2619 5523/3425/2619 5676/3582/2668
f 5523/3425/2619 5522/3424/2628 5677/3583/2660
f 5522/3424/2628 5521/3423/2628 5677/3583/2660
f 5521/3423/2628 5520/3422/2627 5678/3584/2661
f 5520/3422/2627 5519/3421/2626 5678/3584/2661
f 5519/3421/2626 5518/3420/2633 5679/3585/2662
f 5518/3420/2633 5517/3419/2624 5679/3585/2662
f 5517/3419/2624 5516/3418/2632 5680/3586/2674
f 5516/3418/2632 5515/3417/2631 5680/3586/2674
f 5515/3417/2631 5514/3416/2631 5681/3587/2667
f 5514/3416/2631 5549/3451/2620 5681/3587/2667
f 5549/3451/2620 5548/3450/2619 5682/3588/2659
f 5548/3450/2619 5547/3449/2619 5682/3588/2659
f 5547/3449/2619 5546/3448/2629 5683/3589/2665
f 5546/3448/2629 5545/3447/2628 5683/3589/2665
f 5545/3447/2628 5544/3446/2627 5684/3590/2669
f 5544/3446/2627 5543/3445/2626 5684/3590/2669
f 5543/3445/2626 5542/3444/2633 5685/3591/2666
f 5542/3444/2633 5541/3443/2624 5685/3591/2666
f 5541/3443/2624 5540/3442/2635 5686/3592/2675
f 5540/3442/2635 5539/3441/2634 5686/3592/2675
f 5539/3441/2634 5513/3415/2630 5687/3593/2676
f 5513/3415/2630 5512/3414/2630 5687/3593/2676
f 5512/3414/2630 5511/3413/2619 5688/3594/2677
f 5511/3413/2619 5510/3412/2619 5688/3594/2677
f 5510/3412/2619 5509/3411/2629 5689/3595/2665
f 5509/3411/2629 5508/3410/2628 5689/3595/2665
f 5508/3410/2628 5507/3409/2627 5690/3596/2661
f 5507/3409/2627 5506/3408/2626 5690/3596/2661
f 5506/3408/2626 5505/3407/2625 5691/3597/2662
f 5505/3407/2625 5504/3406/2624 5691/3597/2662
f 5504/3406/2624 5503/3405/2623 5692/3598/2663
f 5503/3405/2623 5502/3404/2622 5692/3598/2663
f 5502/3404/2622 5501/3403/2621 5693/3599/2664
f 5500/3402/2620 5693/3599/2664 5501/3403/2621
f 5500/3402/2620 5499/3401/2619 5694/3600/2668
f 5499/3401/2619 5498/3400/2619 5694/3600/2668
f 5498/3400/2619 5821/3399/2618 5822/3601/2660
f 5457/3359/2597 5490/3392/2612 5455/3357/2597
f 5455/3357/2597 5490/3392/2612 5491/3393/2612
f 5459/3361/2599 5489/3391/2612 5457/3359/2597
f 5457/3359/2597 5489/3391/2612 5490/3392/2612
f 5461/3363/2600 5488/3390/2612 5459/3361/2599
f 5459/3361/2599 5488/3390/2612 5489/3391/2612
f 5463/3365/2602 5487/3389/2612 5461/3363/2600
f 5461/3363/2600 5487/3389/2612 5488/3390/2612
f 5465/3367/2604 5486/3388/2612 5463/3365/2602
f 5463/3365/2602 5486/3388/2612 5487/3389/2612
f 5467/3369/2606 5485/3387/2612 5465/3367/2604
f 5465/3367/2604 5485/3387/2612 5486/3388/2612
f 5469/3371/2607 5484/3386/2612 5467/3369/2606
f 5467/3369/2606 5484/3386/2612 5485/3387/2612
f 5471/3373/2599 5483/3385/2612 5469/3371/2607
f 5469/3371/2607 5483/3385/2612 5484/3386/2612
f 5473/3375/2600 5482/3384/2612 5471/3373/2599
f 5471/3373/2599 5482/3384/2612 5483/3385/2612
f 5475/3377/2610 5481/3383/2612 5473/3375/2600
f 5473/3375/2600 5481/3383/2612 5482/3384/2612
f 5492/3396/2615 5480/3382/2612 5475/3377/2610
f 5475/3377/2610 5480/3382/2612 5481/3383/2612
f 5495/3397/2614 5478/3380/2612 5492/3396/2615
f 5492/3396/2615 5478/3380/2612 5480/3382/2612
f 5495/3397/2614 5617/3524/2649 5478/3380/2612
f 5478/3380/2612 5617/3524/2649 5479/3381/2612
f 5821/3399/2618 5499/3401/2619 5820/3494/2612
f 5820/3494/2612 5499/3401/2619 5590/3496/2612
f 5499/3401/2619 5501/3403/2621 5590/3496/2612
f 5590/3496/2612 5501/3403/2621 5591/3497/2612
f 5501/3403/2621 5503/3405/2623 5591/3497/2612
f 5591/3497/2612 5503/3405/2623 5592/3498/2612
f 5503/3405/2623 5505/3407/2625 5592/3498/2612
f 5592/3498/2612 5505/3407/2625 5593/3499/2612
f 5505/3407/2625 5507/3409/2627 5593/3499/2612
f 5593/3499/2612 5507/3409/2627 5594/3500/2612
f 5507/3409/2627 5509/3411/2629 5594/3500/2612
f 5594/3500/2612 5509/3411/2629 5595/3501/2612
f 5511/3413/2619 5596/3502/2612 5509/3411/2629
f 5509/3411/2629 5596/3502/2612 5595/3501/2612
f 5513/3415/2630 5597/3503/2612 5511/3413/2619
f 5511/3413/2619 5597/3503/2612 5596/3502/2612
f 5540/3442/2635 5598/3504/2612 5513/3415/2630
f 5513/3415/2630 5598/3504/2612 5597/3503/2612
f 5542/3444/2633 5599/3505/2612 5540/3442/2635
f 5540/3442/2635 5599/3505/2612 5598/3504/2612
f 5544/3446/2627 5600/3506/2612 5542/3444/2633
f 5542/3444/2633 5600/3506/2612 5599/3505/2612
f 5546/3448/2629 5601/3507/2612 5544/3446/2627
f 5544/3446/2627 5601/3507/2612 5600/3506/2612
f 5585/3490/2643 5818/3488/2641 5589/3495/2612
f 5589/3495/2612 5818/3488/2641 5819/3493/2612
f 5548/3450/2619 5616/3522/2612 5546/3448/2629
f 5546/3448/2629 5616/3522/2612 5601/3507/2612
f 5514/3416/2631 5615/3521/2612 5548/3450/2619
f 5548/3450/2619 5615/3521/2612 5616/3522/2612
f 5516/3418/2632 5614/3520/2612 5514/3416/2631
f 5514/3416/2631 5614/3520/2612 5615/3521/2612
f 5518/3420/2633 5613/3519/2612 5516/3418/2632
f 5516/3418/2632 5613/3519/2612 5614/3520/2612
f 5520/3422/2627 5612/3518/2612 5518/3420/2633
f 5518/3420/2633 5612/3518/2612 5613/3519/2612
f 5522/3424/2628 5611/3517/2612 5520/3422/2627
f 5520/3422/2627 5611/3517/2612 5612/3518/2612
f 5524/3426/2619 5610/3516/2612 5522/3424/2628
f 5522/3424/2628 5610/3516/2612 5611/3517/2612
f 5526/3428/2621 5609/3515/2612 5524/3426/2619
f 5524/3426/2619 5609/3515/2612 5610/3516/2612
f 5528/3430/2623 5608/3514/2612 5526/3428/2621
f 5526/3428/2621 5608/3514/2612 5609/3515/2612
f 5530/3432/2633 5607/3513/2612 5528/3430/2623
f 5528/3430/2623 5607/3513/2612 5608/3514/2612
f 5532/3434/2627 5606/3512/2612 5530/3432/2633
f 5530/3432/2633 5606/3512/2612 5607/3513/2612
f 5534/3436/2618 5605/3511/2612 5532/3434/2627
f 5532/3434/2627 5605/3511/2612 5606/3512/2612
f 5587/3492/2645 5585/3490/2643 5604/3510/2612
f 5604/3510/2612 5585/3490/2643 5589/3495/2612
f 5536/3438/2619 5619/3525/2612 5534/3436/2618
f 5534/3436/2618 5619/3525/2612 5605/3511/2612
f 5538/3440/2630 5621/3527/2612 5536/3438/2619
f 5536/3438/2619 5621/3527/2612 5619/3525/2612
f 5575/3477/2639 5622/3528/2612 5538/3440/2630
f 5538/3440/2630 5622/3528/2612 5621/3527/2612
f 5577/3479/2633 5623/3529/2612 5575/3477/2639
f 5575/3477/2639 5623/3529/2612 5622/3528/2612
f 5579/3481/2627 5624/3530/2612 5577/3479/2633
f 5577/3479/2633 5624/3530/2612 5623/3529/2612
f 5581/3483/2628 5625/3531/2612 5579/3481/2627
f 5579/3481/2627 5625/3531/2612 5624/3530/2612
f 5583/3485/2619 5626/3532/2612 5581/3483/2628
f 5581/3483/2628 5626/3532/2612 5625/3531/2612
f 5550/3452/2632 5627/3533/2612 5583/3485/2619
f 5583/3485/2619 5627/3533/2612 5626/3532/2612
f 5552/3454/2631 5628/3534/2612 5550/3452/2632
f 5550/3452/2632 5628/3534/2612 5627/3533/2612
f 5554/3456/2633 5629/3535/2612 5552/3454/2631
f 5552/3454/2631 5629/3535/2612 5628/3534/2612
f 5556/3458/2627 5630/3536/2612 5554/3456/2633
f 5554/3456/2633 5630/3536/2612 5629/3535/2612
f 5558/3460/2629 5631/3537/2612 5556/3458/2627
f 5556/3458/2627 5631/3537/2612 5630/3536/2612
f 5602/3509/2647 5587/3492/2645 5620/3526/2612
f 5620/3526/2612 5587/3492/2645 5604/3510/2612
f 5560/3462/2619 5632/3538/2612 5558/3460/2629
f 5558/3460/2629 5632/3538/2612 5631/3537/2612
f 5562/3464/2621 5633/3539/2612 5560/3462/2619
f 5560/3462/2619 5633/3539/2612 5632/3538/2612
f 5564/3466/2623 5634/3540/2612 5562/3464/2621
f 5562/3464/2621 5634/3540/2612 5633/3539/2612
f 5566/3468/2633 5635/3541/2612 5564/3466/2623
f 5564/3466/2623 5635/3541/2612 5634/3540/2612
f 5568/3470/2627 5636/3542/2612 5566/3468/2633
f 5566/3468/2633 5636/3542/2612 5635/3541/2612
f 5570/3472/2629 5637/3543/2612 5568/3470/2627
f 5568/3470/2627 5637/3543/2612 5636/3542/2612
f 5572/3474/2619 5638/3544/2612 5570/3472/2629
f 5570/3472/2629 5638/3544/2612 5637/3543/2612
f 5476/3378/2611 5639/3545/2612 5572/3474/2619
f 5572/3474/2619 5639/3545/2612 5638/3544/2612
f 5455/3357/2597 5491/3393/2612 5476/3378/2611
f 5476/3378/2611 5491/3393/2612 5639/3545/2612
f 5617/3524/2649 5602/3509/2647 5479/3381/2612
f 5479/3381/2612 5602/3509/2647 5620/3526/2612
f 5695/3357/2678 5696/3359/2678 5456/3358/2597
f 5696/3359/2678 5697/3361/2679 5458/3360/2598
f 5697/3361/2679 5698/3363/2680 5460/3362/2600
f 5698/3363/2680 5699/3365/2681 5462/3364/2601
f 5699/3365/2681 5700/3367/2682 5464/3366/2603
f 5700/3367/2682 5701/3369/2683 5466/3368/2605
f 5701/3369/2683 5702/3371/2684 5468/3370/2607
f 5702/3371/2684 5703/3373/2685 5470/3372/2608
f 5703/3373/2685 5704/3375/2680 5472/3374/2600
f 5704/3375/2680 5705/3377/2686 5474/3376/2609
f 5706/3378/2687 5695/3357/2678 5477/3379/2611
f 5707/3380/2688 5709/3382/2688 5708/3381/2688
f 5709/3382/2688 5710/3383/2688 5708/3381/2688
f 5710/3383/2688 5711/3384/2688 5708/3381/2688
f 5711/3384/2688 5712/3385/2688 5708/3381/2688
f 5712/3385/2688 5713/3386/2688 5708/3381/2688
f 5713/3386/2688 5714/3387/2688 5708/3381/2688
f 5714/3387/2688 5715/3388/2688 5708/3381/2688
f 5715/3388/2688 5716/3389/2688 5708/3381/2688
f 5716/3389/2688 5717/3390/2688 5708/3381/2688
f 5717/3390/2688 5718/3391/2688 5708/3381/2688
f 5718/3391/2688 5719/3392/2688 5708/3381/2688
f 5708/3381/2688 5719/3392/2688 5720/3393/2688
f 5722/3397/2689 5494/3395/2614 5721/3396/2690
f 5721/3396/2690 5494/3395/2614 5493/3394/2613
f 5722/3397/2689 5496/3397/2616 5494/3395/2614
f 5721/3396/2690 5493/3394/2613 5497/3398/2617
f 5826/3399/2691 5723/3401/2692 5498/3400/2619
f 5723/3401/2692 5724/3403/2693 5500/3402/2620
f 5724/3403/2693 5725/3405/2694 5502/3404/2622
f 5725/3405/2694 5726/3407/2695 5504/3406/2624
f 5726/3407/2695 5727/3409/2696 5506/3408/2626
f 5727/3409/2696 5728/3411/2697 5508/3410/2628
f 5728/3411/2697 5729/3413/2692 5510/3412/2619
f 5729/3413/2692 5730/3415/2698 5512/3414/2630
f 5731/3416/2699 5732/3418/2699 5515/3417/2631
f 5732/3418/2699 5733/3420/2695 5517/3419/2624
f 5733/3420/2695 5734/3422/2700 5519/3421/2626
f 5734/3422/2700 5735/3424/2697 5521/3423/2628
f 5735/3424/2697 5736/3426/2692 5523/3425/2619
f 5736/3426/2692 5737/3428/2693 5525/3427/2620
f 5737/3428/2693 5738/3430/2694 5527/3429/2622
f 5738/3430/2694 5739/3432/2695 5529/3431/2624
f 5739/3432/2695 5740/3434/2696 5531/3433/2626
f 5740/3434/2696 5741/3436/2697 5533/3435/2628
f 5741/3436/2697 5742/3438/2692 5535/3437/2619
f 5742/3438/2692 5743/3440/2701 5537/3439/2630
f 5730/3415/2698 5744/3442/2702 5539/3441/2634
f 5744/3442/2702 5745/3444/2695 5541/3443/2624
f 5745/3444/2695 5746/3446/2696 5543/3445/2626
f 5746/3446/2696 5747/3448/2697 5545/3447/2628
f 5747/3448/2697 5748/3450/2692 5547/3449/2619
f 5748/3450/2692 5731/3416/2699 5549/3451/2620
f 5749/3452/2699 5750/3454/2699 5551/3453/2631
f 5750/3454/2699 5751/3456/2695 5553/3455/2624
f 5751/3456/2695 5752/3458/2700 5555/3457/2626
f 5752/3458/2700 5753/3460/2697 5557/3459/2628
f 5753/3460/2697 5754/3462/2692 5559/3461/2619
f 5754/3462/2692 5755/3464/2693 5561/3463/2620
f 5755/3464/2693 5756/3466/2694 5563/3465/2622
f 5756/3466/2694 5757/3468/2703 5565/3467/2624
f 5757/3468/2703 5758/3470/2696 5567/3469/2636
f 5758/3470/2696 5759/3472/2697 5569/3471/2628
f 5759/3472/2697 5760/3474/2692 5571/3473/2637
f 5760/3474/2692 5706/3378/2687 5573/3475/2630
f 5743/3440/2701 5761/3477/2704 5574/3476/2638
f 5761/3477/2704 5762/3479/2695 5576/3478/2624
f 5762/3479/2695 5763/3481/2700 5578/3480/2626
f 5763/3481/2700 5764/3483/2697 5580/3482/2628
f 5764/3483/2697 5765/3485/2692 5582/3484/2619
f 5765/3485/2692 5749/3452/2699 5584/3486/2620
f 5817/3487/2640 5586/3489/2642 5823/3488/2705
f 5823/3488/2705 5586/3489/2642 5766/3490/2706
f 5721/3396/2690 5497/3398/2617 5705/3377/2686
f 5586/3489/2642 5588/3491/2644 5766/3490/2706
f 5766/3490/2706 5588/3491/2644 5767/3492/2707
f 5825/3493/2688 5768/3495/2688 5824/3494/2688
f 5824/3494/2688 5768/3495/2688 5769/3496/2688
f 5769/3496/2688 5768/3495/2688 5770/3497/2688
f 5770/3497/2688 5768/3495/2688 5771/3498/2688
f 5771/3498/2688 5768/3495/2688 5772/3499/2688
f 5772/3499/2688 5768/3495/2688 5773/3500/2688
f 5773/3500/2688 5768/3495/2688 5774/3501/2688
f 5774/3501/2688 5768/3495/2688 5775/3502/2688
f 5775/3502/2688 5768/3495/2688 5776/3503/2688
f 5776/3503/2688 5768/3495/2688 5777/3504/2688
f 5777/3504/2688 5768/3495/2688 5778/3505/2688
f 5778/3505/2688 5768/3495/2688 5779/3506/2688
f 5779/3506/2688 5768/3495/2688 5780/3507/2688
f 5588/3491/2644 5603/3508/2646 5767/3492/2707
f 5767/3492/2707 5603/3508/2646 5781/3509/2644
f 5782/3510/2688 5783/3511/2688 5768/3495/2688
f 5783/3511/2688 5784/3512/2688 5768/3495/2688
f 5784/3512/2688 5785/3513/2688 5768/3495/2688
f 5785/3513/2688 5786/3514/2688 5768/3495/2688
f 5786/3514/2688 5787/3515/2688 5768/3495/2688
f 5787/3515/2688 5788/3516/2688 5768/3495/2688
f 5788/3516/2688 5789/3517/2688 5768/3495/2688
f 5789/3517/2688 5790/3518/2688 5768/3495/2688
f 5790/3518/2688 5791/3519/2688 5768/3495/2688
f 5791/3519/2688 5792/3520/2688 5768/3495/2688
f 5792/3520/2688 5793/3521/2688 5768/3495/2688
f 5793/3521/2688 5794/3522/2688 5768/3495/2688
f 5768/3495/2688 5794/3522/2688 5780/3507/2688
f 5603/3508/2646 5618/3523/2648 5781/3509/2644
f 5781/3509/2644 5618/3523/2648 5795/3524/2708
f 5783/3511/2688 5782/3510/2688 5796/3525/2688
f 5782/3510/2688 5797/3526/2688 5796/3525/2688
f 5796/3525/2688 5797/3526/2688 5798/3527/2688
f 5798/3527/2688 5797/3526/2688 5799/3528/2688
f 5799/3528/2688 5797/3526/2688 5800/3529/2688
f 5800/3529/2688 5797/3526/2688 5801/3530/2688
f 5801/3530/2688 5797/3526/2688 5802/3531/2688
f 5802/3531/2688 5797/3526/2688 5803/3532/2688
f 5803/3532/2688 5797/3526/2688 5804/3533/2688
f 5804/3533/2688 5797/3526/2688 5805/3534/2688
f 5805/3534/2688 5797/3526/2688 5806/3535/2688
f 5806/3535/2688 5797/3526/2688 5807/3536/2688
f 5807/3536/2688 5797/3526/2688 5808/3537/2688
f 5618/3523/2648 5496/3397/2616 5795/3524/2708
f 5795/3524/2708 5496/3397/2616 5722/3397/2689
f 5808/3537/2688 5797/3526/2688 5809/3538/2688
f 5797/3526/2688 5708/3381/2688 5809/3538/2688
f 5809/3538/2688 5708/3381/2688 5810/3539/2688
f 5810/3539/2688 5708/3381/2688 5811/3540/2688
f 5811/3540/2688 5708/3381/2688 5812/3541/2688
f 5812/3541/2688 5708/3381/2688 5813/3542/2688
f 5813/3542/2688 5708/3381/2688 5814/3543/2688
f 5814/3543/2688 5708/3381/2688 5815/3544/2688
f 5815/3544/2688 5708/3381/2688 5816/3545/2688
f 5816/3545/2688 5708/3381/2688 5720/3393/2688
f 5497/3398/2617 5640/3546/2650 5705/3377/2686
f 5705/3377/2686 5640/3546/2650 5474/3376/2609
f 5474/3376/2609 5641/3547/2651 5704/3375/2680
f 5704/3375/2680 5641/3547/2651 5472/3374/2600
f 5472/3374/2600 5642/3548/2652 5703/3373/2685
f 5703/3373/2685 5642/3548/2652 5470/3372/2608
f 5470/3372/2608 5643/3549/2653 5702/3371/2684
f 5702/3371/2684 5643/3549/2653 5468/3370/2607
f 5468/3370/2607 5644/3550/2654 5701/3369/2683
f 5466/3368/2605 5701/3369/2683 5644/3550/2654
f 5466/3368/2605 5645/3551/2655 5700/3367/2682
f 5700/3367/2682 5645/3551/2655 5464/3366/2603
f 5464/3366/2603 5646/3552/2656 5699/3365/2681
f 5699/3365/2681 5646/3552/2656 5462/3364/2601
f 5462/3364/2601 5647/3553/2651 5698/3363/2680
f 5698/3363/2680 5647/3553/2651 5460/3362/2600
f 5460/3362/2600 5648/3554/2652 5697/3361/2679
f 5697/3361/2679 5648/3554/2652 5458/3360/2598
f 5458/3360/2598 5649/3555/2653 5696/3359/2678
f 5696/3359/2678 5649/3555/2653 5456/3358/2597
f 5456/3358/2597 5650/3556/2657 5695/3357/2678
f 5695/3357/2678 5650/3556/2657 5477/3379/2611
f 5477/3379/2611 5651/3557/2658 5706/3378/2687
f 5706/3378/2687 5651/3557/2658 5573/3475/2630
f 5573/3475/2630 5652/3558/2659 5760/3474/2692
f 5760/3474/2692 5652/3558/2659 5571/3473/2637
f 5571/3473/2637 5653/3559/2660 5759/3472/2697
f 5759/3472/2697 5653/3559/2660 5569/3471/2628
f 5569/3471/2628 5654/3560/2661 5758/3470/2696
f 5758/3470/2696 5654/3560/2661 5567/3469/2636
f 5567/3469/2636 5655/3561/2662 5757/3468/2703
f 5757/3468/2703 5655/3561/2662 5565/3467/2624
f 5565/3467/2624 5656/3562/2663 5756/3466/2694
f 5756/3466/2694 5656/3562/2663 5563/3465/2622
f 5563/3465/2622 5657/3563/2664 5755/3464/2693
f 5561/3463/2620 5755/3464/2693 5657/3563/2664
f 5561/3463/2620 5658/3564/2659 5754/3462/2692
f 5754/3462/2692 5658/3564/2659 5559/3461/2619
f 5559/3461/2619 5659/3565/2665 5753/3460/2697
f 5753/3460/2697 5659/3565/2665 5557/3459/2628
f 5557/3459/2628 5660/3566/2661 5752/3458/2700
f 5752/3458/2700 5660/3566/2661 5555/3457/2626
f 5555/3457/2626 5661/3567/2666 5751/3456/2695
f 5751/3456/2695 5661/3567/2666 5553/3455/2624
f 5553/3455/2624 5662/3568/2663 5750/3454/2699
f 5750/3454/2699 5662/3568/2663 5551/3453/2631
f 5551/3453/2631 5663/3569/2667 5749/3452/2699
f 5749/3452/2699 5663/3569/2667 5584/3486/2620
f 5584/3486/2620 5664/3570/2668 5765/3485/2692
f 5765/3485/2692 5664/3570/2668 5582/3484/2619
f 5582/3484/2619 5665/3571/2665 5764/3483/2697
f 5764/3483/2697 5665/3571/2665 5580/3482/2628
f 5580/3482/2628 5666/3572/2669 5763/3481/2700
f 5763/3481/2700 5666/3572/2669 5578/3480/2626
f 5578/3480/2626 5667/3573/2666 5762/3479/2695
f 5762/3479/2695 5667/3573/2666 5576/3478/2624
f 5576/3478/2624 5668/3574/2663 5761/3477/2704
f 5761/3477/2704 5668/3574/2663 5574/3476/2638
f 5574/3476/2638 5669/3575/2670 5743/3440/2701
f 5743/3440/2701 5669/3575/2670 5537/3439/2630
f 5537/3439/2630 5670/3576/2668 5742/3438/2692
f 5742/3438/2692 5670/3576/2668 5535/3437/2619
f 5535/3437/2619 5671/3577/2665 5741/3436/2697
f 5741/3436/2697 5671/3577/2665 5533/3435/2628
f 5533/3435/2628 5672/3578/2671 5740/3434/2696
f 5740/3434/2696 5672/3578/2671 5531/3433/2626
f 5531/3433/2626 5673/3579/2666 5739/3432/2695
f 5739/3432/2695 5673/3579/2666 5529/3431/2624
f 5529/3431/2624 5674/3580/2672 5738/3430/2694
f 5738/3430/2694 5674/3580/2672 5527/3429/2622
f 5527/3429/2622 5675/3581/2673 5737/3428/2693
f 5525/3427/2620 5737/3428/2693 5675/3581/2673
f 5525/3427/2620 5676/3582/2668 5736/3426/2692
f 5736/3426/2692 5676/3582/2668 5523/3425/2619
f 5523/3425/2619 5677/3583/2660 5735/3424/2697
f 5735/3424/2697 5677/3583/2660 5521/3423/2628
f 5521/3423/2628 5678/3584/2661 5734/3422/2700
f 5734/3422/2700 5678/3584/2661 5519/3421/2626
f 5519/3421/2626 5679/3585/2662 5733/3420/2695
f 5733/3420/2695 5679/3585/2662 5517/3419/2624
f 5517/3419/2624 5680/3586/2674 5732/3418/2699
f 5732/3418/2699 5680/3586/2674 5515/3417/2631
f 5515/3417/2631 5681/3587/2667 5731/3416/2699
f 5731/3416/2699 5681/3587/2667 5549/3451/2620
f 5549/3451/2620 5682/3588/2659 5748/3450/2692
f 5748/3450/2692 5682/3588/2659 5547/3449/2619
f 5547/3449/2619 5683/3589/2665 5747/3448/2697
f 5747/3448/2697 5683/3589/2665 5545/3447/2628
f 5545/3447/2628 5684/3590/2669 5746/3446/2696
f 5746/3446/2696 5684/3590/2669 5543/3445/2626
f 5543/3445/2626 5685/3591/2666 5745/3444/2695
f 5745/3444/2695 5685/3591/2666 5541/3443/2624
f 5541/3443/2624 5686/3592/2675 5744/3442/2702
f 5744/3442/2702 5686/3592/2675 5539/3441/2634
f 5539/3441/2634 5687/3593/2676 5730/3415/2698
f 5730/3415/2698 5687/3593/2676 5512/3414/2630
f 5512/3414/2630 5688/3594/2677 5729/3413/2692
f 5729/3413/2692 5688/3594/2677 5510/3412/2619
f 5510/3412/2619 5689/3595/2665 5728/3411/2697
f 5728/3411/2697 5689/3595/2665 5508/3410/2628
f 5508/3410/2628 5690/3596/2661 5727/3409/2696
f 5727/3409/2696 5690/3596/2661 5506/3408/2626
f 5506/3408/2626 5691/3597/2662 5726/3407/2695
f 5726/3407/2695 5691/3597/2662 5504/3406/2624
f 5504/3406/2624 5692/3598/2663 5725/3405/2694
f 5725/3405/2694 5692/3598/2663 5502/3404/2622
f 5502/3404/2622 5693/3599/2664 5724/3403/2693
f 5500/3402/2620 5724/3403/2693 5693/3599/2664
f 5500/3402/2620 5694/3600/2668 5723/3401/2692
f 5723/3401/2692 5694/3600/2668 5498/3400/2619
f 5498/3400/2619 5822/3601/2660 5826/3399/2691
f 5720/3393/2688 5719/3392/2688 5695/3357/2678
f 5695/3357/2678 5719/3392/2688 5696/3359/2678
f 5719/3392/2688 5718/3391/2688 5696/3359/2678
f 5696/3359/2678 5718/3391/2688 5697/3361/2679
f 5718/3391/2688 5717/3390/2688 5697/3361/2679
f 5697/3361/2679 5717/3390/2688 5698/3363/2680
f 5717/3390/2688 5716/3389/2688 5698/3363/2680
f 5698/3363/2680 5716/3389/2688 5699/3365/2681
f 5716/3389/2688 5715/3388/2688 5699/3365/2681
f 5699/3365/2681 5715/3388/2688 5700/3367/2682
f 5715/3388/2688 5714/3387/2688 5700/3367/2682
f 5700/3367/2682 5714/3387/2688 5701/3369/2683
f 5714/3387/2688 5713/3386/2688 5701/3369/2683
f 5701/3369/2683 5713/3386/2688 5702/3371/2684
f 5713/3386/2688 5712/3385/2688 5702/3371/2684
f 5702/3371/2684 5712/3385/2688 5703/3373/2685
f 5712/3385/2688 5711/3384/2688 5703/3373/2685
f 5703/3373/2685 5711/3384/2688 5704/3375/2680
f 5711/3384/2688 5710/3383/2688 5704/3375/2680
f 5704/3375/2680 5710/3383/2688 5705/3377/2686
f 5710/3383/2688 5709/3382/2688 5705/3377/2686
f 5705/3377/2686 5709/3382/2688 5721/3396/2690
f 5709/3382/2688 5707/3380/2688 5721/3396/2690
f 5721/3396/2690 5707/3380/2688 5722/3397/2689
f 5722/3397/2689 5707/3380/2688 5795/3524/2708
f 5795/3524/2708 5707/3380/2688 5708/3381/2688
f 5826/3399/2691 5824/3494/2688 5723/3401/2692
f 5723/3401/2692 5824/3494/2688 5769/3496/2688
f 5723/3401/2692 5769/3496/2688 5724/3403/2693
f 5724/3403/2693 5769/3496/2688 5770/3497/2688
f 5724/3403/2693 5770/3497/2688 5725/3405/2694
f 5725/3405/2694 5770/3497/2688 5771/3498/2688
f 5725/3405/2694 5771/3498/2688 5726/3407/2695
f 5726/3407/2695 5771/3498/2688 5772/3499/2688
f 5726/3407/2695 5772/3499/2688 5727/3409/2696
f 5727/3409/2696 5772/3499/2688 5773/3500/2688
f 5727/3409/2696 5773/3500/2688 5728/3411/2697
f 5728/3411/2697 5773/3500/2688 5774/3501/2688
f 5774/3501/2688 5775/3502/2688 5728/3411/2697
f 5728/3411/2697 5775/3502/2688 5729/3413/2692
f 5775/3502/2688 5776/3503/2688 5729/3413/2692
f 5729/3413/2692 5776/3503/2688 5730/3415/2698
f 5776/3503/2688 5777/3504/2688 5730/3415/2698
f 5730/3415/2698 5777/3504/2688 5744/3442/2702
f 5777/3504/2688 5778/3505/2688 5744/3442/2702
f 5744/3442/2702 5778/3505/2688 5745/3444/2695
f 5778/3505/2688 5779/3506/2688 5745/3444/2695
f 5745/3444/2695 5779/3506/2688 5746/3446/2696
f 5779/3506/2688 5780/3507/2688 5746/3446/2696
f 5746/3446/2696 5780/3507/2688 5747/3448/2697
f 5766/3490/2706 5768/3495/2688 5823/3488/2705
f 5823/3488/2705 5768/3495/2688 5825/3493/2688
f 5780/3507/2688 5794/3522/2688 5747/3448/2697
f 5747/3448/2697 5794/3522/2688 5748/3450/2692
f 5794/3522/2688 5793/3521/2688 5748/3450/2692
f 5748/3450/2692 5793/3521/2688 5731/3416/2699
f 5793/3521/2688 5792/3520/2688 5731/3416/2699
f 5731/3416/2699 5792/3520/2688 5732/3418/2699
f 5792/3520/2688 5791/3519/2688 5732/3418/2699
f 5732/3418/2699 5791/3519/2688 5733/3420/2695
f 5791/3519/2688 5790/3518/2688 5733/3420/2695
f 5733/3420/2695 5790/3518/2688 5734/3422/2700
f 5790/3518/2688 5789/3517/2688 5734/3422/2700
f 5734/3422/2700 5789/3517/2688 5735/3424/2697
f 5789/3517/2688 5788/3516/2688 5735/3424/2697
f 5735/3424/2697 5788/3516/2688 5736/3426/2692
f 5788/3516/2688 5787/3515/2688 5736/3426/2692
f 5736/3426/2692 5787/3515/2688 5737/3428/2693
f 5787/3515/2688 5786/3514/2688 5737/3428/2693
f 5737/3428/2693 5786/3514/2688 5738/3430/2694
f 5786/3514/2688 5785/3513/2688 5738/3430/2694
f 5738/3430/2694 5785/3513/2688 5739/3432/2695
f 5785/3513/2688 5784/3512/2688 5739/3432/2695
f 5739/3432/2695 5784/3512/2688 5740/3434/2696
f 5784/3512/2688 5783/3511/2688 5740/3434/2696
f 5740/3434/2696 5783/3511/2688 5741/3436/2697
f 5767/3492/2707 5782/3510/2688 5766/3490/2706
f 5766/3490/2706 5782/3510/2688 5768/3495/2688
f 5783/3511/2688 5796/3525/2688 5741/3436/2697
f 5741/3436/2697 5796/3525/2688 5742/3438/2692
f 5796/3525/2688 5798/3527/2688 5742/3438/2692
f 5742/3438/2692 5798/3527/2688 5743/3440/2701
f 5798/3527/2688 5799/3528/2688 5743/3440/2701
f 5743/3440/2701 5799/3528/2688 5761/3477/2704
f 5799/3528/2688 5800/3529/2688 5761/3477/2704
f 5761/3477/2704 5800/3529/2688 5762/3479/2695
f 5800/3529/2688 5801/3530/2688 5762/3479/2695
f 5762/3479/2695 5801/3530/2688 5763/3481/2700
f 5801/3530/2688 5802/3531/2688 5763/3481/2700
f 5763/3481/2700 5802/3531/2688 5764/3483/2697
f 5802/3531/2688 5803/3532/2688 5764/3483/2697
f 5764/3483/2697 5803/3532/2688 5765/3485/2692
f 5803/3532/2688 5804/3533/2688 5765/3485/2692
f 5765/3485/2692 5804/3533/2688 5749/3452/2699
f 5804/3533/2688 5805/3534/2688 5749/3452/2699
f 5749/3452/2699 5805/3534/2688 5750/3454/2699
f 5805/3534/2688 5806/3535/2688 5750/3454/2699
f 5750/3454/2699 5806/3535/2688 5751/3456/2695
f 5806/3535/2688 5807/3536/2688 5751/3456/2695
f 5751/3456/2695 5807/3536/2688 5752/3458/2700
f 5807/3536/2688 5808/3537/2688 5752/3458/2700
f 5752/3458/2700 5808/3537/2688 5753/3460/2697
f 5781/3509/2644 5797/3526/2688 5767/3492/2707
f 5767/3492/2707 5797/3526/2688 5782/3510/2688
f 5808/3537/2688 5809/3538/2688 5753/3460/2697
f 5753/3460/2697 5809/3538/2688 5754/3462/2692
f 5809/3538/2688 5810/3539/2688 5754/3462/2692
f 5754/3462/2692 5810/3539/2688 5755/3464/2693
f 5810/3539/2688 5811/3540/2688 5755/3464/2693
f 5755/3464/2693 5811/3540/2688 5756/3466/2694
f 5811/3540/2688 5812/3541/2688 5756/3466/2694
f 5756/3466/2694 5812/3541/2688 5757/3468/2703
f 5812/3541/2688 5813/3542/2688 5757/3468/2703
f 5757/3468/2703 5813/3542/2688 5758/3470/2696
f 5813/3542/2688 5814/3543/2688 5758/3470/2696
f 5758/3470/2696 5814/3543/2688 5759/3472/2697
f 5814/3543/2688 5815/3544/2688 5759/3472/2697
f 5759/3472/2697 5815/3544/2688 5760/3474/2692
f 5815/3544/2688 5816/3545/2688 5760/3474/2692
f 5760/3474/2692 5816/3545/2688 5706/3378/2687
f 5816/3545/2688 5720/3393/2688 5706/3378/2687
f 5706/3378/2687 5720/3393/2688 5695/3357/2678
f 5795/3524/2708 5708/3381/2688 5781/3509/2644
f 5781/3509/2644 5708/3381/2688 5797/3526/2688
f 5820/3494/2709 5827/3494/2709 5821/3399/2710
f 5821/3399/2710 5827/3494/2709 5822/3601/2711
f 5827/3494/2709 5828/3493/2712 5824/3494/2713
f 5824/3494/2713 5828/3493/2712 5825/3493/2712
f 5828/3493/2712 5817/3487/2714 5825/3493/2712
f 5825/3493/2712 5817/3487/2714 5823/3488/2714
f 5819/3493/2712 5828/3493/2712 5820/3494/2709
f 5820/3494/2709 5828/3493/2712 5827/3494/2709
f 5822/3601/2711 5827/3494/2709 5826/3399/2715
f 5826/3399/2715 5827/3494/2709 5824/3494/2713
f 5818/3488/2714 5817/3487/2714 5819/3493/2712
f 5819/3493/2712 5817/3487/2714 5828/3493/2712
f 5834/3602/2716 5829/3603/2717 5830/3602/2718
f 5829/3603/2717 5831/3604/2719 5830/3602/2718
f 5829/3603/2717 5833/3604/2720 5831/3604/2719
f 5832/3603/2720 5829/3603/2717 5834/3602/2716
f 5832/3603/2720 5833/3604/2720 5829/3603/2717
f 5834/3602/2716 5830/3602/2718 5836/3605/2721
f 5834/3602/2716 5835/3606/2722 5837/3607/2723
f 5836/3605/2721 5835/3606/2722 5834/3602/2716
f 5834/3602/2716 5837/3607/2723 5832/3603/2720
f 5838/3607/2724 5837/3607/2723 5839/3606/2722
f 5838/3607/2724 5833/3604/2720 5837/3607/2723
f 5839/3606/2722 5837/3607/2723 5835/3606/2722
f 5832/3603/2720 5837/3607/2723 5833/3604/2720
f 5840/3605/2721 5838/3607/2724 5839/3606/2722
f 5840/3605/2721 5839/3606/2722 5836/3605/2721
f 5836/3605/2721 5839/3606/2722 5835/3606/2722
f 5830/3602/2718 5838/3607/2724 5840/3605/2721
f 5836/3605/2721 5830/3602/2718 5840/3605/2721
f 5830/3602/2718 5831/3604/2719 5838/3607/2724
f 5831/3604/2719 5833/3604/2720 5838/3607/2724
f 5841/3608/2725 5842/3609/2725 5848/3610/2726
f 5841/3608/2725 5843/3611/2727 5842/3609/2725
f 5843/3611/2727 5841/3608/2725 5846/3612/2728
f 5844/3613/2729 5841/3608/2725 5847/3614/2726
f 5844/3613/2729 5845/3615/2730 5841/3608/2725
f 5841/3608/2725 5845/3615/2730 5846/3612/2728
f 5847/3614/2726 5841/3608/2725 5848/3610/2726
f 5847/3614/2726 5848/3610/2726 5849/3616/2726
f 5848/3610/2726 5850/3617/2726 5849/3616/2726
f 5848/3610/2726 5842/3609/2725 5850/3617/2726
f 5850/3617/2726 5851/3618/2726 5849/3616/2726
f 5842/3609/2725 5852/3619/2731 5850/3617/2726
f 5850/3617/2726 5852/3619/2731 5851/3618/2726
f 5842/3609/2725 5853/3620/2732 5852/3619/2731
f 5852/3619/2731 5853/3620/2732 5856/3621/2733
f 5852/3619/2731 5854/3622/2734 5851/3618/2726
f 5852/3619/2731 5855/3623/2735 5854/3622/2734
f 5855/3623/2735 5852/3619/2731 5856/3621/2733
f 5857/3619/2736 5856/3621/2733 5853/3620/2732
f 5855/3623/2735 5856/3621/2733 5857/3619/2736
f 5858/3609/2737 5860/3617/2738 5857/3619/2736
f 5858/3609/2737 5857/3619/2736 5853/3620/2732
f 5857/3619/2736 5861/3618/2738 5859/3622/2739
f 5857/3619/2736 5859/3622/2739 5855/3623/2735
f 5857/3619/2736 5860/3617/2738 5861/3618/2738
f 5861/3618/2738 5862/3616/2738 5863/3624/2738
f 5860/3617/2738 5862/3616/2738 5861/3618/2738
f 5859/3622/2739 5861/3618/2738 5863/3624/2738
f 5864/3625/2740 5863/3624/2738 5865/3626/2738
f 5859/3622/2739 5863/3624/2738 5864/3625/2740
f 5863/3624/2738 5862/3616/2738 5865/3626/2738
f 5867/3627/2741 5865/3626/2738 5866/3628/2738
f 5865/3626/2738 5862/3616/2738 5866/3628/2738
f 5864/3625/2740 5865/3626/2738 5867/3627/2741
f 5864/3625/2740 5867/3627/2741 5869/3629/2742
f 5867/3627/2741 5866/3628/2738 5868/3630/2743
f 5867/3627/2741 5868/3630/2743 5870/3631/2744
f 5867/3627/2741 5871/3632/2745 5869/3629/2742
f 5870/3631/2744 5871/3632/2745 5867/3627/2741
f 5872/3627/2746 5869/3629/2742 5871/3632/2745
f 5870/3631/2744 5872/3627/2746 5871/3632/2745
f 5873/3625/2747 5872/3627/2746 5875/3626/2726
f 5873/3625/2747 5869/3629/2742 5872/3627/2746
f 5872/3627/2746 5874/3630/2744 5876/3628/2726
f 5872/3627/2746 5870/3631/2744 5874/3630/2744
f 5875/3626/2726 5872/3627/2746 5876/3628/2726
f 5875/3626/2726 5876/3628/2726 5849/3616/2726
f 5876/3628/2726 5874/3630/2744 5877/3633/2726
f 5876/3628/2726 5877/3633/2726 5849/3616/2726
f 5877/3633/2726 5878/3634/2748 5879/3635/2726
f 5874/3630/2744 5878/3634/2748 5877/3633/2726
f 5877/3633/2726 5879/3635/2726 5849/3616/2726
f 5878/3634/2748 5880/3636/2731 5879/3635/2726
f 5879/3635/2726 5880/3636/2731 5881/3637/2726
f 5879/3635/2726 5881/3637/2726 5849/3616/2726
f 5880/3636/2731 5883/3638/2734 5881/3637/2726
f 5881/3637/2726 5882/3639/2726 5849/3616/2726
f 5881/3637/2726 5883/3638/2734 5882/3639/2726
f 5880/3636/2731 5884/3640/2735 5883/3638/2734
f 5883/3638/2734 5884/3640/2735 5887/3641/2749
f 5883/3638/2734 5885/3642/2750 5882/3639/2726
f 5883/3638/2734 5886/3643/2751 5885/3642/2750
f 5886/3643/2751 5883/3638/2734 5887/3641/2749
f 5888/3638/2739 5887/3641/2749 5884/3640/2735
f 5886/3643/2751 5887/3641/2749 5888/3638/2739
f 5889/3636/2736 5888/3638/2739 5884/3640/2735
f 5889/3636/2736 5891/3637/2738 5888/3638/2739
f 5888/3638/2739 5890/3642/2752 5886/3643/2751
f 5888/3638/2739 5892/3639/2738 5890/3642/2752
f 5888/3638/2739 5891/3637/2738 5892/3639/2738
f 5892/3639/2738 5862/3616/2738 5893/3644/2738
f 5891/3637/2738 5862/3616/2738 5892/3639/2738
f 5890/3642/2752 5892/3639/2738 5893/3644/2738
f 5893/3644/2738 5862/3616/2738 5894/3645/2738
f 5895/3646/2741 5893/3644/2738 5894/3645/2738
f 5890/3642/2752 5893/3644/2738 5895/3646/2741
f 5895/3646/2741 5896/3647/2745 5898/3648/2746
f 5897/3649/2753 5896/3647/2745 5895/3646/2741
f 5895/3646/2741 5899/3650/2754 5897/3649/2753
f 5890/3642/2752 5895/3646/2741 5898/3648/2746
f 5895/3646/2741 5894/3645/2738 5899/3650/2754
f 5899/3650/2754 5901/3651/2738 5900/3652/2755
f 5899/3650/2754 5900/3652/2755 5902/3653/2756
f 5899/3650/2754 5894/3645/2738 5901/3651/2738
f 5899/3650/2754 5903/3654/2757 5897/3649/2753
f 5902/3653/2756 5903/3654/2757 5899/3650/2754
f 5904/3650/2758 5897/3649/2753 5903/3654/2757
f 5902/3653/2756 5904/3650/2758 5903/3654/2757
f 5905/3646/2746 5904/3650/2758 5907/3645/2726
f 5905/3646/2746 5897/3649/2753 5904/3650/2758
f 5904/3650/2758 5906/3652/2759 5908/3651/2726
f 5904/3650/2758 5902/3653/2756 5906/3652/2759
f 5907/3645/2726 5904/3650/2758 5908/3651/2726
f 5908/3651/2726 5906/3652/2759 5909/3655/2726
f 5849/3616/2726 5908/3651/2726 5909/3655/2726
f 5907/3645/2726 5908/3651/2726 5849/3616/2726
f 5909/3655/2726 5911/3656/2760 5910/3657/2726
f 5910/3657/2726 5849/3616/2726 5909/3655/2726
f 5906/3652/2759 5911/3656/2760 5909/3655/2726
f 5906/3652/2759 5912/3658/2761 5911/3656/2760
f 5911/3656/2760 5912/3658/2761 5915/3659/2762
f 5911/3656/2760 5913/3660/2763 5910/3657/2726
f 5911/3656/2760 5914/3661/2764 5913/3660/2763
f 5914/3661/2764 5911/3656/2760 5915/3659/2762
f 5916/3656/2765 5915/3659/2762 5912/3658/2761
f 5914/3661/2764 5915/3659/2762 5916/3656/2765
f 5900/3652/2755 5916/3656/2765 5912/3658/2761
f 5900/3652/2755 5918/3655/2738 5916/3656/2765
f 5916/3656/2765 5917/3660/2766 5914/3661/2764
f 5916/3656/2765 5919/3657/2738 5917/3660/2766
f 5916/3656/2765 5918/3655/2738 5919/3657/2738
f 5917/3660/2766 5919/3657/2738 5920/3662/2738
f 5920/3662/2738 5919/3657/2738 5862/3616/2738
f 5919/3657/2738 5918/3655/2738 5862/3616/2738
f 5922/3663/2767 5920/3662/2738 5921/3664/2738
f 5921/3664/2738 5920/3662/2738 5862/3616/2738
f 5917/3660/2766 5920/3662/2738 5922/3663/2767
f 5917/3660/2766 5922/3663/2767 5923/3665/2768
f 5922/3663/2767 5926/3666/2769 5923/3665/2768
f 5922/3663/2767 5921/3664/2738 5924/3667/2770
f 5922/3663/2767 5924/3667/2770 5925/3668/2771
f 5925/3668/2771 5926/3666/2769 5922/3663/2767
f 5927/3663/2772 5923/3665/2768 5926/3666/2769
f 5925/3668/2771 5927/3663/2772 5926/3666/2769
f 5913/3660/2763 5927/3663/2772 5929/3662/2726
f 5913/3660/2763 5923/3665/2768 5927/3663/2772
f 5927/3663/2772 5928/3667/2773 5930/3664/2726
f 5927/3663/2772 5925/3668/2771 5928/3667/2773
f 5929/3662/2726 5927/3663/2772 5930/3664/2726
f 5930/3664/2726 5849/3616/2726 5929/3662/2726
f 5931/3669/2726 5849/3616/2726 5930/3664/2726
f 5930/3664/2726 5928/3667/2773 5931/3669/2726
f 5933/3670/2726 5849/3616/2726 5931/3669/2726
f 5931/3669/2726 5932/3671/2774 5933/3670/2726
f 5928/3667/2773 5932/3671/2774 5931/3669/2726
f 5934/3672/2726 5849/3616/2726 5933/3670/2726
f 5932/3671/2774 5935/3673/2775 5933/3670/2726
f 5933/3670/2726 5935/3673/2775 5934/3672/2726
f 5932/3671/2774 5936/3674/2776 5935/3673/2775
f 5935/3673/2775 5936/3674/2776 5939/3675/2777
f 5935/3673/2775 5937/3676/2778 5934/3672/2726
f 5935/3673/2775 5938/3677/2779 5937/3676/2778
f 5938/3677/2779 5935/3673/2775 5939/3675/2777
f 5940/3673/2780 5939/3675/2777 5936/3674/2776
f 5938/3677/2779 5939/3675/2777 5940/3673/2780
f 5941/3671/2781 5943/3670/2738 5940/3673/2780
f 5941/3671/2781 5940/3673/2780 5936/3674/2776
f 5940/3673/2780 5944/3672/2738 5942/3676/2782
f 5940/3673/2780 5942/3676/2782 5938/3677/2779
f 5940/3673/2780 5943/3670/2738 5944/3672/2738
f 5944/3672/2738 5943/3670/2738 5862/3616/2738
f 5945/3678/2738 5944/3672/2738 5862/3616/2738
f 5942/3676/2782 5944/3672/2738 5945/3678/2738
f 5947/3679/2740 5945/3678/2738 5946/3680/2738
f 5946/3680/2738 5945/3678/2738 5862/3616/2738
f 5942/3676/2782 5945/3678/2738 5947/3679/2740
f 5948/3681/2783 5951/3682/2749 5947/3679/2740
f 5947/3679/2740 5949/3399/2784 5948/3681/2783
f 5942/3676/2782 5947/3679/2740 5950/3683/2785
f 5947/3679/2740 5946/3680/2738 5949/3399/2784
f 5947/3679/2740 5951/3682/2749 5950/3683/2785
f 5952/3679/2747 5950/3683/2785 5951/3682/2749
f 5948/3681/2783 5952/3679/2747 5951/3682/2749
f 5952/3679/2747 5953/3399/2750 5954/3680/2726
f 5952/3679/2747 5948/3681/2783 5953/3399/2750
f 5937/3676/2778 5950/3683/2785 5952/3679/2747
f 5955/3678/2726 5952/3679/2747 5954/3680/2726
f 5937/3676/2778 5952/3679/2747 5955/3678/2726
f 5954/3680/2726 5849/3616/2726 5955/3678/2726
f 5955/3678/2726 5849/3616/2726 5934/3672/2726
f 5934/3672/2726 5937/3676/2778 5955/3678/2726
f 5956/3493/2726 5849/3616/2726 5954/3680/2726
f 5954/3680/2726 5957/3494/2726 5956/3493/2726
f 5954/3680/2726 5953/3399/2750 5957/3494/2726
f 5957/3494/2786 5959/3493/2787 5956/3493/2787
f 5953/3399/2788 5958/3494/2789 5957/3494/2786
f 5958/3494/2789 5959/3493/2787 5957/3494/2786
f 5960/3487/2790 5959/3493/2787 5963/3488/2790
f 5960/3487/2790 5956/3493/2787 5959/3493/2787
f 5961/3494/2789 5959/3493/2787 5958/3494/2789
f 5962/3493/2787 5959/3493/2787 5961/3494/2789
f 5963/3488/2790 5959/3493/2787 5962/3493/2787
f 5964/3684/2791 5960/3487/2792 5963/3488/2793
f 5963/3488/2793 5962/3493/2738 5964/3684/2791
f 5965/3685/2794 5960/3487/2792 5964/3684/2791
f 5966/3686/2791 5965/3685/2794 5964/3684/2791
f 5964/3684/2791 5962/3493/2738 5862/3616/2738
f 5964/3684/2791 5862/3616/2738 5966/3686/2791
f 5967/3687/2795 5965/3685/2794 5966/3686/2791
f 5966/3686/2791 5968/3688/2795 5967/3687/2795
f 5969/3689/2791 5968/3688/2795 5966/3686/2791
f 5966/3686/2791 5970/3690/2738 5969/3689/2791
f 5966/3686/2791 5862/3616/2738 5970/3690/2738
f 5969/3689/2791 5970/3690/2738 5971/3691/2738
f 5971/3691/2738 5970/3690/2738 5972/3692/2738
f 5972/3692/2738 5970/3690/2738 5973/3693/2738
f 5973/3693/2738 5970/3690/2738 5974/3694/2738
f 5974/3694/2738 5970/3690/2738 5975/3695/2738
f 5975/3695/2738 5970/3690/2738 5976/3696/2738
f 5976/3696/2738 5970/3690/2738 5977/3697/2738
f 5977/3697/2738 5970/3690/2738 5978/3698/2738
f 5978/3698/2738 5970/3690/2738 5979/3699/2738
f 5979/3699/2738 5970/3690/2738 5980/3700/2738
f 5980/3700/2738 5970/3690/2738 5981/3701/2738
f 5981/3701/2738 5970/3690/2738 5982/3614/2738
f 5970/3690/2738 5862/3616/2738 5982/3614/2738
f 5985/3613/2796 5981/3701/2738 5982/3614/2738
f 5982/3614/2738 5862/3616/2738 5983/3610/2738
f 5984/3608/2737 5982/3614/2738 5983/3610/2738
f 5985/3613/2796 5982/3614/2738 5984/3608/2737
f 5985/3613/2796 5987/3702/2745 5986/3703/2746
f 5988/3704/2740 5985/3613/2796 5986/3703/2746
f 5985/3613/2796 5984/3608/2737 5845/3615/2730
f 5845/3615/2730 5987/3702/2745 5985/3613/2796
f 5988/3704/2740 5981/3701/2738 5985/3613/2796
f 5988/3704/2740 5991/3705/2797 5989/3706/2751
f 5990/3707/2739 5988/3704/2740 5989/3706/2751
f 5990/3707/2739 5980/3700/2738 5988/3704/2740
f 5986/3703/2746 5991/3705/2797 5988/3704/2740
f 5988/3704/2740 5980/3700/2738 5981/3701/2738
f 5992/3704/2747 5989/3706/2751 5991/3705/2797
f 5986/3703/2746 5992/3704/2747 5991/3705/2797
f 5993/3707/2734 5992/3704/2747 5994/3700/2726
f 5993/3707/2734 5989/3706/2751 5992/3704/2747
f 5992/3704/2747 5844/3613/2729 5995/3701/2726
f 5992/3704/2747 5986/3703/2746 5844/3613/2729
f 5994/3700/2726 5992/3704/2747 5995/3701/2726
f 5995/3701/2726 5844/3613/2729 5847/3614/2726
f 5994/3700/2726 5995/3701/2726 5996/3690/2726
f 5995/3701/2726 5847/3614/2726 5996/3690/2726
f 5997/3692/2726 5998/3693/2726 5996/3690/2726
f 6006/3691/2726 5997/3692/2726 5996/3690/2726
f 5998/3693/2726 5999/3694/2726 5996/3690/2726
f 5999/3694/2726 6000/3695/2726 5996/3690/2726
f 6000/3695/2726 6001/3696/2726 5996/3690/2726
f 6001/3696/2726 6002/3697/2726 5996/3690/2726
f 6002/3697/2726 6003/3698/2726 5996/3690/2726
f 6003/3698/2726 6004/3699/2726 5996/3690/2726
f 6004/3699/2726 5994/3700/2726 5996/3690/2726
f 5996/3690/2726 5847/3614/2726 5849/3616/2726
f 5849/3616/2726 6007/3686/2798 5996/3690/2726
f 5996/3690/2726 6005/3689/2799 6006/3691/2726
f 6007/3686/2798 6005/3689/2799 5996/3690/2726
f 6005/3689/2799 6007/3686/2798 5968/3688/2795
f 5968/3688/2795 6007/3686/2798 5967/3687/2795
f 5967/3687/2795 6007/3686/2798 5965/3685/2794
f 5965/3685/2794 6007/3686/2798 6008/3684/2800
f 6008/3684/2800 6007/3686/2798 5849/3616/2726
f 5965/3685/2794 6008/3684/2800 5960/3487/2792
f 5956/3493/2726 6008/3684/2800 5849/3616/2726
f 6009/3488/2801 6008/3684/2800 5956/3493/2726
f 5960/3487/2792 6008/3684/2800 6009/3488/2801
f 6009/3488/2790 5956/3493/2787 5960/3487/2790
f 5997/3692/2726 6006/3691/2726 6010/3708/2726
f 6005/3689/2799 6011/3709/2726 6006/3691/2726
f 6006/3691/2726 6011/3709/2726 6010/3708/2726
f 6010/3708/2726 6011/3709/2726 6012/3710/2726
f 6012/3710/2726 6011/3709/2726 6013/3711/2726
f 6013/3711/2726 6011/3709/2726 6014/3712/2726
f 6014/3712/2726 6011/3709/2726 6015/3713/2726
f 6015/3713/2726 6011/3709/2726 6016/3714/2726
f 6016/3714/2726 6011/3709/2726 6017/3715/2726
f 6017/3715/2726 6011/3709/2726 6018/3716/2726
f 6018/3716/2726 6011/3709/2726 6019/3717/2726
f 6019/3717/2726 6011/3709/2726 6020/3718/2726
f 6020/3718/2726 6011/3709/2726 6021/3719/2726
f 6021/3719/2726 6011/3709/2726 6022/3720/2726
f 6011/3709/2726 6023/3721/2726 6022/3720/2726
f 6011/3709/2726 6025/3722/2802 6023/3721/2726
f 6024/3723/2795 6011/3709/2726 6005/3689/2799
f 6024/3723/2795 6025/3722/2802 6011/3709/2726
f 6025/3722/2802 6026/3724/2803 6023/3721/2726
f 6025/3722/2802 6027/3725/2804 6026/3724/2803
f 6027/3725/2804 6025/3722/2802 6028/3722/2805
f 6028/3722/2805 6025/3722/2802 6029/3723/2806
f 6029/3723/2806 6025/3722/2802 6024/3723/2795
f 5969/3689/2791 6029/3723/2806 5968/3688/2795
f 6029/3723/2806 6005/3689/2799 5968/3688/2795
f 6024/3723/2795 6005/3689/2799 6029/3723/2806
f 6028/3722/2805 6029/3723/2806 6031/3722/2807
f 6031/3722/2807 6029/3723/2806 6030/3723/2808
f 6030/3723/2808 6029/3723/2806 5969/3689/2791
f 6027/3725/2804 6028/3722/2805 6031/3722/2807
f 6031/3722/2807 6032/3724/2809 6027/3725/2804
f 6031/3722/2807 6034/3721/2738 6032/3724/2809
f 6030/3723/2808 6033/3709/2738 6031/3722/2807
f 6031/3722/2807 6033/3709/2738 6034/3721/2738
f 6033/3709/2738 6035/3720/2738 6034/3721/2738
f 6032/3724/2809 6034/3721/2738 6035/3720/2738
f 6036/3719/2738 6035/3720/2738 6033/3709/2738
f 6037/3726/2736 6035/3720/2738 6036/3719/2738
f 6032/3724/2809 6035/3720/2738 6037/3726/2736
f 6037/3726/2736 6038/3727/2810 6039/3728/2732
f 6040/3729/2735 6038/3727/2810 6037/3726/2736
f 6032/3724/2809 6037/3726/2736 6039/3728/2732
f 6037/3726/2736 6041/3730/2739 6040/3729/2735
f 6037/3726/2736 6036/3719/2738 6041/3730/2739
f 6041/3730/2739 6042/3731/2811 6040/3729/2735
f 6043/3732/2783 6042/3731/2811 6041/3730/2739
f 6041/3730/2739 6044/3733/2740 6043/3732/2783
f 6041/3730/2739 6045/3718/2738 6044/3733/2740
f 6041/3730/2739 6036/3719/2738 6045/3718/2738
f 6044/3733/2740 6045/3718/2738 6046/3717/2738
f 6046/3717/2738 6045/3718/2738 6033/3709/2738
f 6045/3718/2738 6036/3719/2738 6033/3709/2738
f 6047/3734/2741 6046/3717/2738 6048/3716/2738
f 6044/3733/2740 6046/3717/2738 6047/3734/2741
f 6048/3716/2738 6046/3717/2738 6033/3709/2738
f 6050/3735/2737 6048/3716/2738 6049/3715/2738
f 6049/3715/2738 6048/3716/2738 6033/3709/2738
f 6047/3734/2741 6048/3716/2738 6050/3735/2737
f 6051/3736/2727 6053/3737/2812 6050/3735/2737
f 6050/3735/2737 6054/3738/2737 6051/3736/2727
f 6050/3735/2737 6053/3737/2812 6052/3739/2744
f 6047/3734/2741 6050/3735/2737 6052/3739/2744
f 6050/3735/2737 6049/3715/2738 6054/3738/2737
f 6054/3738/2737 6058/3740/2813 6051/3736/2727
f 6054/3738/2737 6056/3714/2738 6055/3741/2736
f 6054/3738/2737 6055/3741/2736 6057/3742/2814
f 6054/3738/2737 6049/3715/2738 6056/3714/2738
f 6057/3742/2814 6058/3740/2813 6054/3738/2737
f 6059/3738/2725 6051/3736/2727 6058/3740/2813
f 6057/3742/2814 6059/3738/2725 6058/3740/2813
f 6061/3735/2725 6051/3736/2727 6059/3738/2725
f 6059/3738/2725 6060/3741/2731 6016/3714/2726
f 6059/3738/2725 6057/3742/2814 6060/3741/2731
f 6017/3715/2726 6059/3738/2725 6016/3714/2726
f 6061/3735/2725 6059/3738/2725 6017/3715/2726
f 6051/3736/2727 6061/3735/2725 6053/3737/2812
f 6062/3734/2746 6061/3735/2725 6018/3716/2726
f 6062/3734/2746 6052/3739/2744 6061/3735/2725
f 6061/3735/2725 6052/3739/2744 6053/3737/2812
f 6018/3716/2726 6061/3735/2725 6017/3715/2726
f 6062/3734/2746 6063/3743/2729 6064/3744/2815
f 6065/3733/2747 6063/3743/2729 6062/3734/2746
f 6052/3739/2744 6062/3734/2746 6064/3744/2815
f 6019/3717/2726 6062/3734/2746 6018/3716/2726
f 6065/3733/2747 6062/3734/2746 6019/3717/2726
f 6066/3730/2734 6065/3733/2747 6020/3718/2726
f 6066/3730/2734 6043/3732/2783 6065/3733/2747
f 6065/3733/2747 6043/3732/2783 6067/3745/2816
f 6063/3743/2729 6065/3733/2747 6067/3745/2816
f 6020/3718/2726 6065/3733/2747 6019/3717/2726
f 6063/3743/2729 6067/3745/2816 6044/3733/2740
f 6044/3733/2740 6067/3745/2816 6043/3732/2783
f 6068/3726/2731 6066/3730/2734 6021/3719/2726
f 6068/3726/2731 6040/3729/2735 6066/3730/2734
f 6066/3730/2734 6040/3729/2735 6042/3731/2811
f 6043/3732/2783 6066/3730/2734 6042/3731/2811
f 6021/3719/2726 6066/3730/2734 6020/3718/2726
f 6026/3724/2803 6068/3726/2731 6022/3720/2726
f 6026/3724/2803 6039/3728/2732 6068/3726/2731
f 6068/3726/2731 6039/3728/2732 6038/3727/2810
f 6040/3729/2735 6068/3726/2731 6038/3727/2810
f 6022/3720/2726 6068/3726/2731 6021/3719/2726
f 6047/3734/2741 6064/3744/2815 6063/3743/2729
f 6052/3739/2744 6064/3744/2815 6047/3734/2741
f 6044/3733/2740 6047/3734/2741 6063/3743/2729
f 6060/3741/2731 6057/3742/2814 6071/3746/2733
f 6060/3741/2731 6069/3747/2734 6015/3713/2726
f 6060/3741/2731 6070/3748/2735 6069/3747/2734
f 6070/3748/2735 6060/3741/2731 6071/3746/2733
f 6016/3714/2726 6060/3741/2731 6015/3713/2726
f 6055/3741/2736 6071/3746/2733 6057/3742/2814
f 6070/3748/2735 6071/3746/2733 6055/3741/2736
f 6069/3747/2734 6070/3748/2735 6072/3749/2749
f 6073/3747/2739 6072/3749/2749 6070/3748/2735
f 6055/3741/2736 6073/3747/2739 6070/3748/2735
f 6055/3741/2736 6075/3713/2738 6073/3747/2739
f 6073/3747/2739 6076/3712/2738 6074/3750/2740
f 6073/3747/2739 6074/3750/2740 6077/3751/2751
f 6077/3751/2751 6072/3749/2749 6073/3747/2739
f 6073/3747/2739 6075/3713/2738 6076/3712/2738
f 6077/3751/2751 6069/3747/2734 6072/3749/2749
f 6069/3747/2734 6077/3751/2751 6078/3750/2747
f 6078/3750/2747 6077/3751/2751 6079/3752/2816
f 6074/3750/2740 6079/3752/2816 6077/3751/2751
f 6080/3753/2742 6079/3752/2816 6074/3750/2740
f 6080/3753/2742 6078/3750/2747 6079/3752/2816
f 6081/3754/2746 6080/3753/2742 6082/3755/2815
f 6078/3750/2747 6080/3753/2742 6081/3754/2746
f 6083/3754/2741 6082/3755/2815 6080/3753/2742
f 6074/3750/2740 6083/3754/2741 6080/3753/2742
f 6084/3756/2730 6082/3755/2815 6083/3754/2741
f 6083/3754/2741 6085/3757/2817 6084/3756/2730
f 6074/3750/2740 6086/3711/2738 6083/3754/2741
f 6083/3754/2741 6087/3710/2738 6085/3757/2817
f 6083/3754/2741 6086/3711/2738 6087/3710/2738
f 6085/3757/2817 6087/3710/2738 6088/3708/2738
f 6088/3708/2738 6087/3710/2738 6033/3709/2738
f 6087/3710/2738 6086/3711/2738 6033/3709/2738
f 5971/3691/2738 6088/3708/2738 6033/3709/2738
f 5972/3692/2738 6088/3708/2738 5971/3691/2738
f 6085/3757/2817 6088/3708/2738 6089/3758/2818
f 6089/3758/2818 6088/3708/2738 5972/3692/2738
f 6089/3758/2818 6093/3759/2819 6090/3760/2820
f 6085/3757/2817 6089/3758/2818 6090/3760/2820
f 6091/3761/2821 6093/3759/2819 6089/3758/2818
f 6089/3758/2818 6092/3762/2822 6091/3761/2821
f 6089/3758/2818 5972/3692/2738 6092/3762/2822
f 6094/3758/2748 6090/3760/2820 6093/3759/2819
f 6091/3761/2821 6094/3758/2748 6093/3759/2819
f 6095/3757/2823 6094/3758/2748 6010/3708/2726
f 6095/3757/2823 6090/3760/2820 6094/3758/2748
f 6094/3758/2748 6096/3762/2824 5997/3692/2726
f 6094/3758/2748 6091/3761/2821 6096/3762/2824
f 6010/3708/2726 6094/3758/2748 5997/3692/2726
f 6096/3762/2824 6091/3761/2821 6099/3763/2825
f 6096/3762/2824 6097/3764/2734 5998/3693/2726
f 6096/3762/2824 6098/3765/2735 6097/3764/2734
f 6098/3765/2735 6096/3762/2824 6099/3763/2825
f 5997/3692/2726 6096/3762/2824 5998/3693/2726
f 6098/3765/2735 6099/3763/2825 6092/3762/2822
f 6092/3762/2822 6099/3763/2825 6091/3761/2821
f 6097/3764/2734 6098/3765/2735 6100/3766/2749
f 6101/3764/2739 6100/3766/2749 6098/3765/2735
f 6092/3762/2822 6101/3764/2739 6098/3765/2735
f 6101/3764/2739 5974/3694/2738 6102/3767/2740
f 6101/3764/2739 6102/3767/2740 6103/3768/2751
f 6101/3764/2739 5973/3693/2738 5974/3694/2738
f 6092/3762/2822 5973/3693/2738 6101/3764/2739
f 6103/3768/2751 6100/3766/2749 6101/3764/2739
f 6103/3768/2751 6097/3764/2734 6100/3766/2749
f 6097/3764/2734 6103/3768/2751 6104/3767/2747
f 6104/3767/2747 6103/3768/2751 6105/3769/2816
f 6102/3767/2740 6105/3769/2816 6103/3768/2751
f 6106/3770/2742 6104/3767/2747 6105/3769/2816
f 6106/3770/2742 6105/3769/2816 6102/3767/2740
f 6104/3767/2747 6106/3770/2742 6107/3771/2746
f 6107/3771/2746 6106/3770/2742 6108/3772/2815
f 6109/3771/2796 6108/3772/2815 6106/3770/2742
f 6102/3767/2740 6109/3771/2796 6106/3770/2742
f 6102/3767/2740 5975/3695/2738 6109/3771/2796
f 6109/3771/2796 5976/3696/2738 6110/3773/2826
f 6109/3771/2796 6110/3773/2826 6111/3774/2753
f 6111/3774/2753 6108/3772/2815 6109/3771/2796
f 6109/3771/2796 5975/3695/2738 5976/3696/2738
f 6112/3773/2827 6111/3774/2753 6113/3775/2828
f 6107/3771/2746 6111/3774/2753 6112/3773/2827
f 6111/3774/2753 6107/3771/2746 6108/3772/2815
f 6110/3773/2826 6113/3775/2828 6111/3774/2753
f 6114/3776/2829 6113/3775/2828 6110/3773/2826
f 6114/3776/2829 6112/3773/2827 6113/3775/2828
f 6112/3773/2827 6114/3776/2829 6115/3777/2830
f 6115/3777/2830 6114/3776/2829 6116/3778/2831
f 6117/3777/2832 6116/3778/2831 6114/3776/2829
f 6110/3773/2826 6117/3777/2832 6114/3776/2829
f 6119/3779/2833 6116/3778/2831 6117/3777/2832
f 6110/3773/2826 5977/3697/2738 6117/3777/2832
f 6117/3777/2832 5978/3698/2738 6118/3780/2736
f 6117/3777/2832 6118/3780/2736 6119/3779/2833
f 6117/3777/2832 5977/3697/2738 5978/3698/2738
f 6119/3779/2833 6115/3777/2830 6116/3778/2831
f 6115/3777/2830 6119/3779/2833 6120/3780/2731
f 6120/3780/2731 6119/3779/2833 6121/3781/2733
f 6118/3780/2736 6121/3781/2733 6119/3779/2833
f 6122/3782/2735 6121/3781/2733 6118/3780/2736
f 6122/3782/2735 6120/3780/2731 6121/3781/2733
f 5993/3707/2734 6122/3782/2735 6123/3783/2834
f 6120/3780/2731 6122/3782/2735 5993/3707/2734
f 5990/3707/2739 6123/3783/2834 6122/3782/2735
f 6118/3780/2736 5990/3707/2739 6122/3782/2735
f 5989/3706/2751 5993/3707/2734 6123/3783/2834
f 5989/3706/2751 6123/3783/2834 5990/3707/2739
f 6115/3777/2830 6120/3780/2731 6003/3698/2726
f 6120/3780/2731 5993/3707/2734 6004/3699/2726
f 6003/3698/2726 6120/3780/2731 6004/3699/2726
f 6118/3780/2736 5979/3699/2738 5990/3707/2739
f 6118/3780/2736 5978/3698/2738 5979/3699/2738
f 6112/3773/2827 6115/3777/2830 6002/3697/2726
f 6002/3697/2726 6115/3777/2830 6003/3698/2726
f 6107/3771/2746 6112/3773/2827 6001/3696/2726
f 6001/3696/2726 6112/3773/2827 6002/3697/2726
f 6110/3773/2826 5976/3696/2738 5977/3697/2738
f 6104/3767/2747 6107/3771/2746 6000/3695/2726
f 6000/3695/2726 6107/3771/2746 6001/3696/2726
f 6097/3764/2734 6104/3767/2747 5999/3694/2726
f 5999/3694/2726 6104/3767/2747 6000/3695/2726
f 6102/3767/2740 5974/3694/2738 5975/3695/2738
f 5998/3693/2726 6097/3764/2734 5999/3694/2726
f 6081/3754/2746 6095/3757/2823 6012/3710/2726
f 6081/3754/2746 6084/3756/2730 6095/3757/2823
f 6084/3756/2730 6124/3784/2835 6095/3757/2823
f 6090/3760/2820 6095/3757/2823 6124/3784/2835
f 6012/3710/2726 6095/3757/2823 6010/3708/2726
f 6084/3756/2730 6085/3757/2817 6124/3784/2835
f 6090/3760/2820 6124/3784/2835 6085/3757/2817
f 6092/3762/2822 5972/3692/2738 5973/3693/2738
f 6086/3711/2738 6076/3712/2738 6033/3709/2738
f 6074/3750/2740 6076/3712/2738 6086/3711/2738
f 6084/3756/2730 6081/3754/2746 6082/3755/2815
f 6013/3711/2726 6081/3754/2746 6012/3710/2726
f 6078/3750/2747 6081/3754/2746 6013/3711/2726
f 6069/3747/2734 6078/3750/2747 6014/3712/2726
f 6014/3712/2726 6078/3750/2747 6013/3711/2726
f 6076/3712/2738 6075/3713/2738 6033/3709/2738
f 6055/3741/2736 6056/3714/2738 6075/3713/2738
f 6075/3713/2738 6056/3714/2738 6033/3709/2738
f 6015/3713/2726 6069/3747/2734 6014/3712/2726
f 6056/3714/2738 6049/3715/2738 6033/3709/2738
f 6039/3728/2732 6026/3724/2803 6125/3785/2836
f 6039/3728/2732 6125/3785/2836 6032/3724/2809
f 6032/3724/2809 6125/3785/2836 6027/3725/2804
f 6026/3724/2803 6027/3725/2804 6125/3785/2836
f 5971/3691/2738 6033/3709/2738 5969/3689/2791
f 5969/3689/2791 6033/3709/2738 6030/3723/2808
f 6023/3721/2726 6026/3724/2803 6022/3720/2726
f 6004/3699/2726 5993/3707/2734 5994/3700/2726
f 5990/3707/2739 5979/3699/2738 5980/3700/2738
f 5844/3613/2729 5986/3703/2746 5987/3702/2745
f 5845/3615/2730 5844/3613/2729 5987/3702/2745
f 5843/3611/2727 5846/3612/2728 5984/3608/2737
f 5984/3608/2737 5858/3609/2737 5843/3611/2727
f 5984/3608/2737 5846/3612/2728 5845/3615/2730
f 5984/3608/2737 5983/3610/2738 5858/3609/2737
f 5983/3610/2738 5862/3616/2738 5860/3617/2738
f 5858/3609/2737 5983/3610/2738 5860/3617/2738
f 5962/3493/2738 5946/3680/2738 5862/3616/2738
f 5946/3680/2738 5962/3493/2738 5961/3494/2738
f 5949/3399/2784 5946/3680/2738 5961/3494/2738
f 5961/3494/2789 5958/3494/2789 5949/3399/2837
f 6126/3601/2838 5958/3494/2789 5953/3399/2788
f 5949/3399/2837 5958/3494/2789 6126/3601/2838
f 5949/3399/2784 6126/3601/2816 5948/3681/2783
f 5953/3399/2750 5948/3681/2783 6126/3601/2816
f 5950/3683/2785 6127/3786/2839 5942/3676/2782
f 5950/3683/2785 5937/3676/2778 6127/3786/2839
f 5942/3676/2782 6127/3786/2839 5938/3677/2779
f 5937/3676/2778 5938/3677/2779 6127/3786/2839
f 5941/3671/2781 6128/3669/2738 5943/3670/2738
f 5943/3670/2738 6128/3669/2738 5862/3616/2738
f 5924/3667/2770 6128/3669/2738 5941/3671/2781
f 5924/3667/2770 5921/3664/2738 6128/3669/2738
f 6128/3669/2738 5921/3664/2738 5862/3616/2738
f 5924/3667/2770 5941/3671/2781 6130/3787/2840
f 5941/3671/2781 6129/3788/2841 6130/3787/2840
f 5936/3674/2776 6129/3788/2841 5941/3671/2781
f 5932/3671/2774 6130/3787/2840 6129/3788/2841
f 5928/3667/2773 6130/3787/2840 5932/3671/2774
f 6130/3787/2840 5928/3667/2773 6131/3789/2842
f 6130/3787/2840 6131/3789/2842 5924/3667/2770
f 5924/3667/2770 6131/3789/2842 5925/3668/2771
f 5928/3667/2773 5925/3668/2771 6131/3789/2842
f 5936/3674/2776 5932/3671/2774 6129/3788/2841
f 5910/3657/2726 5913/3660/2763 5929/3662/2726
f 5929/3662/2726 5849/3616/2726 5910/3657/2726
f 5923/3665/2768 5913/3660/2763 6132/3790/2843
f 5923/3665/2768 6132/3790/2843 5917/3660/2766
f 5913/3660/2763 5914/3661/2764 6132/3790/2843
f 5917/3660/2766 6132/3790/2843 5914/3661/2764
f 5900/3652/2755 5901/3651/2738 5918/3655/2738
f 5862/3616/2738 5918/3655/2738 5901/3651/2738
f 5912/3658/2761 5906/3652/2759 6133/3791/2844
f 5912/3658/2761 6133/3791/2844 5900/3652/2755
f 5900/3652/2755 6133/3791/2844 5902/3653/2756
f 5906/3652/2759 5902/3653/2756 6133/3791/2844
f 6134/3644/2726 5905/3646/2746 5907/3645/2726
f 6134/3644/2726 5907/3645/2726 5849/3616/2726
f 5885/3642/2750 5905/3646/2746 6134/3644/2726
f 5882/3639/2726 6134/3644/2726 5849/3616/2726
f 5882/3639/2726 5885/3642/2750 6134/3644/2726
f 5897/3649/2753 5905/3646/2746 5896/3647/2745
f 5905/3646/2746 5898/3648/2746 5896/3647/2745
f 5885/3642/2750 5898/3648/2746 5905/3646/2746
f 5894/3645/2738 5862/3616/2738 5901/3651/2738
f 5898/3648/2746 5885/3642/2750 6135/3792/2816
f 5898/3648/2746 6135/3792/2816 5890/3642/2752
f 5890/3642/2752 6135/3792/2816 5886/3643/2751
f 5885/3642/2750 5886/3643/2751 6135/3792/2816
f 5889/3636/2736 6136/3635/2738 5891/3637/2738
f 6136/3635/2738 5862/3616/2738 5891/3637/2738
f 6138/3634/2818 6137/3633/2738 6136/3635/2738
f 6137/3633/2738 5862/3616/2738 6136/3635/2738
f 6138/3634/2818 6136/3635/2738 5889/3636/2736
f 6139/3793/2833 6140/3794/2845 6138/3634/2818
f 6138/3634/2818 5889/3636/2736 6139/3793/2833
f 5868/3630/2743 6137/3633/2738 6138/3634/2818
f 5868/3630/2743 6138/3634/2818 6141/3795/2846
f 6138/3634/2818 6140/3794/2845 6141/3795/2846
f 6141/3795/2846 5874/3630/2744 6142/3796/2847
f 5874/3630/2744 6141/3795/2846 5878/3634/2748
f 5878/3634/2748 6141/3795/2846 6140/3794/2845
f 6141/3795/2846 6142/3796/2847 5868/3630/2743
f 5870/3631/2744 5868/3630/2743 6142/3796/2847
f 5870/3631/2744 6142/3796/2847 5874/3630/2744
f 6139/3793/2833 5878/3634/2748 6140/3794/2845
f 5878/3634/2748 6139/3793/2833 5880/3636/2731
f 5880/3636/2731 6139/3793/2833 6143/3797/2733
f 5889/3636/2736 6143/3797/2733 6139/3793/2833
f 5884/3640/2735 5880/3636/2731 6143/3797/2733
f 5884/3640/2735 6143/3797/2733 5889/3636/2736
f 5868/3630/2743 5866/3628/2738 6137/3633/2738
f 5866/3628/2738 5862/3616/2738 6137/3633/2738
f 6144/3624/2726 5873/3625/2747 5875/3626/2726
f 6144/3624/2726 5875/3626/2726 5849/3616/2726
f 5854/3622/2734 5873/3625/2747 6144/3624/2726
f 5851/3618/2726 5854/3622/2734 6144/3624/2726
f 5851/3618/2726 6144/3624/2726 5849/3616/2726
f 5854/3622/2734 6145/3798/2751 5873/3625/2747
f 5873/3625/2747 6145/3798/2751 6146/3799/2816
f 5869/3629/2742 5873/3625/2747 6146/3799/2816
f 5864/3625/2740 6146/3799/2816 6145/3798/2751
f 5869/3629/2742 6146/3799/2816 5864/3625/2740
f 6145/3798/2751 5854/3622/2734 6147/3800/2749
f 6145/3798/2751 6147/3800/2749 5859/3622/2739
f 5859/3622/2739 5864/3625/2740 6145/3798/2751
f 5854/3622/2734 5855/3623/2735 6147/3800/2749
f 5859/3622/2739 6147/3800/2749 5855/3623/2735
f 5858/3609/2737 6148/3801/2813 5843/3611/2727
f 5853/3620/2732 6148/3801/2813 5858/3609/2737
f 5842/3609/2725 5843/3611/2727 6148/3801/2813
f 5853/3620/2732 5842/3609/2725 6148/3801/2813
f 6154/3802/2848 6149/3803/2849 6150/3802/2850
f 6149/3803/2849 6151/3804/2851 6150/3802/2850
f 6149/3803/2849 6153/3804/2852 6151/3804/2851
f 6152/3803/2853 6149/3803/2849 6154/3802/2848
f 6152/3803/2853 6153/3804/2852 6149/3803/2849
f 6155/3805/2854 6156/3806/2722 6154/3802/2848
f 6154/3802/2848 6150/3802/2850 6155/3805/2854
f 6154/3802/2848 6156/3806/2722 6157/3807/2852
f 6154/3802/2848 6157/3807/2852 6152/3803/2853
f 6159/3806/2722 6157/3807/2852 6156/3806/2722
f 6152/3803/2853 6157/3807/2852 6153/3804/2852
f 6158/3807/2851 6153/3804/2852 6157/3807/2852
f 6158/3807/2851 6157/3807/2852 6159/3806/2722
f 6160/3805/2721 6158/3807/2851 6159/3806/2722
f 6160/3805/2721 6159/3806/2722 6155/3805/2854
f 6155/3805/2854 6159/3806/2722 6156/3806/2722
f 6155/3805/2854 6150/3802/2850 6160/3805/2721
f 6150/3802/2850 6158/3807/2851 6160/3805/2721
f 6151/3804/2851 6153/3804/2852 6158/3807/2851
f 6150/3802/2850 6151/3804/2851 6158/3807/2851
f 6161/3808/2855 6162/3809/2856 6164/3810/2855
f 6161/3808/2855 6163/3811/2857 6162/3809/2856
f 6163/3811/2857 6161/3808/2855 6165/3812/2858
f 6161/3808/2855 6164/3810/2855 6167/3813/2859
f 6165/3812/2858 6161/3808/2855 6166/3814/2858
f 6161/3808/2855 6167/3813/2859 6166/3814/2858
f 6166/3814/2858 6167/3813/2859 6168/3815/2859
f 6168/3815/2859 6167/3813/2859 6170/3816/2860
f 6167/3813/2859 6164/3810/2855 6169/3817/2861
f 6169/3817/2861 6172/3818/2855 6167/3813/2859
f 6170/3816/2860 6167/3813/2859 6171/3819/2862
f 6167/3813/2859 6172/3818/2855 6171/3819/2862
f 6171/3819/2862 6172/3818/2855 6174/3819/2863
f 6172/3818/2855 6173/3820/2855 6175/3818/2864
f 6172/3818/2855 6176/3821/2865 6173/3820/2855
f 6174/3819/2863 6172/3818/2855 6175/3818/2864
f 6169/3817/2861 6176/3821/2865 6172/3818/2855
f 6176/3821/2865 6177/3822/2790 6179/3823/2866
f 6178/3824/2855 6177/3822/2790 6176/3821/2865
f 6169/3817/2861 6178/3824/2855 6176/3821/2865
f 6179/3823/2866 6180/3825/2790 6176/3821/2865
f 6176/3821/2865 6180/3825/2790 6173/3820/2855
f 6179/3823/2866 6181/3826/2867 6180/3825/2790
f 6180/3825/2790 6181/3826/2867 6182/3827/2868
f 6173/3820/2855 6180/3825/2790 6183/3820/2869
f 6180/3825/2790 6182/3827/2868 6184/3825/2870
f 6183/3820/2869 6180/3825/2790 6184/3825/2870
f 6184/3825/2870 6182/3827/2868 6188/3827/2871
f 6185/3821/2872 6184/3825/2870 6186/3823/2873
f 6183/3820/2869 6184/3825/2870 6185/3821/2872
f 6186/3823/2873 6184/3825/2870 6187/3826/2874
f 6187/3826/2874 6184/3825/2870 6188/3827/2871
f 6182/3827/2868 6189/3828/2875 6188/3827/2871
f 6188/3827/2871 6189/3828/2875 6190/3828/2876
f 6191/3829/2877 6188/3827/2871 6190/3828/2876
f 6187/3826/2874 6188/3827/2871 6191/3829/2877
f 6192/3830/2878 6191/3829/2877 6193/3831/2879
f 6192/3830/2878 6187/3826/2874 6191/3829/2877
f 6193/3831/2879 6191/3829/2877 6194/3832/2880
f 6191/3829/2877 6190/3828/2876 6194/3832/2880
f 6195/3833/2881 6194/3832/2880 6196/3834/2882
f 6193/3831/2879 6194/3832/2880 6195/3833/2881
f 6194/3832/2880 6198/3835/2883 6196/3834/2882
f 6194/3832/2880 6190/3828/2876 6197/3836/2884
f 6197/3836/2884 6198/3835/2883 6194/3832/2880
f 6197/3836/2884 6201/3835/2885 6198/3835/2883
f 6198/3835/2883 6199/3837/2855 6200/3837/2886
f 6201/3835/2885 6199/3837/2855 6198/3835/2883
f 6198/3835/2883 6200/3837/2886 6196/3834/2882
f 6202/3834/2887 6201/3835/2885 6203/3832/2888
f 6202/3834/2887 6199/3837/2855 6201/3835/2885
f 6203/3832/2888 6201/3835/2885 6204/3836/2875
f 6204/3836/2875 6201/3835/2885 6197/3836/2884
f 6189/3828/2875 6204/3836/2875 6190/3828/2876
f 6189/3828/2875 6203/3832/2888 6204/3836/2875
f 6190/3828/2876 6204/3836/2875 6197/3836/2884
f 6203/3832/2888 6205/3833/2889 6202/3834/2887
f 6206/3831/2790 6205/3833/2889 6203/3832/2888
f 6207/3829/2890 6206/3831/2790 6203/3832/2888
f 6207/3829/2890 6203/3832/2888 6189/3828/2875
f 6208/3830/2875 6206/3831/2790 6207/3829/2890
f 6181/3826/2867 6208/3830/2875 6207/3829/2890
f 6181/3826/2867 6207/3829/2890 6182/3827/2868
f 6182/3827/2868 6207/3829/2890 6189/3828/2875
f 6208/3830/2875 6209/3838/2889 6206/3831/2790
f 6209/3838/2889 6208/3830/2875 6181/3826/2867
f 6177/3822/2790 6209/3838/2889 6179/3823/2866
f 6209/3838/2889 6177/3822/2790 6205/3833/2889
f 6206/3831/2790 6209/3838/2889 6205/3833/2889
f 6179/3823/2866 6209/3838/2889 6181/3826/2867
f 6205/3833/2889 6210/3839/2891 6202/3834/2887
f 6211/3840/2892 6210/3839/2891 6205/3833/2889
f 6205/3833/2889 6177/3822/2790 6211/3840/2892
f 6177/3822/2790 6214/3841/2893 6211/3840/2892
f 6211/3840/2892 6212/3842/2894 6210/3839/2891
f 6212/3842/2894 6211/3840/2892 6213/3843/2893
f 6213/3843/2893 6211/3840/2892 6214/3841/2893
f 6213/3843/2893 6214/3841/2893 6216/3844/2895
f 6214/3841/2893 6215/3845/2856 6217/3846/2896
f 6215/3845/2856 6214/3841/2893 6177/3822/2790
f 6216/3844/2895 6214/3841/2893 6217/3846/2896
f 6217/3846/2896 6215/3845/2856 6218/3847/2897
f 6217/3848/2896 6218/3849/2897 6220/3850/2898
f 6219/3851/2899 6217/3848/2896 6220/3850/2898
f 6216/3852/2895 6217/3848/2896 6219/3851/2899
f 6220/3850/2898 6218/3849/2897 6221/3853/2900
f 6220/3850/2898 6221/3853/2900 6223/3850/2901
f 6219/3851/2899 6220/3850/2898 6222/3851/2902
f 6222/3851/2902 6220/3850/2898 6223/3850/2901
f 6224/3848/2903 6223/3850/2901 6225/3849/2904
f 6224/3848/2903 6222/3851/2902 6223/3850/2901
f 6225/3849/2904 6223/3850/2901 6226/3853/2905
f 6223/3850/2901 6221/3853/2900 6226/3853/2905
f 6226/3853/2905 6227/3854/2906 6228/3854/2907
f 6221/3853/2900 6227/3854/2906 6226/3853/2905
f 6226/3853/2905 6228/3854/2907 6225/3849/2904
f 6227/3854/2906 6232/3855/2908 6228/3854/2907
f 6231/3856/2909 6228/3854/2907 6229/3855/2910
f 6228/3854/2907 6232/3855/2908 6229/3855/2910
f 6225/3849/2904 6228/3854/2907 6230/3857/2907
f 6230/3857/2907 6228/3854/2907 6231/3856/2909
f 6232/3855/2908 6233/3858/2911 6229/3855/2910
f 6234/3856/2911 6233/3858/2911 6232/3855/2908
f 6227/3854/2906 6234/3856/2911 6232/3855/2908
f 6235/3857/2912 6234/3856/2911 6227/3854/2906
f 6235/3859/2912 6236/3860/2913 6234/3861/2911
f 6237/3862/2914 6233/3858/2911 6234/3856/2911
f 6234/3861/2911 6162/3809/2856 6237/3863/2914
f 6236/3860/2913 6162/3809/2856 6234/3861/2911
f 6237/3862/2914 6238/3864/2915 6233/3858/2911
f 6240/3865/2915 6238/3864/2915 6237/3862/2914
f 6237/3863/2914 6239/3866/2916 6240/3867/2915
f 6162/3809/2856 6239/3866/2916 6237/3863/2914
f 6240/3865/2915 6242/3868/2917 6238/3864/2915
f 6241/3869/2918 6242/3868/2917 6240/3865/2915
f 6240/3867/2915 6243/3870/2919 6241/3871/2918
f 6239/3866/2916 6243/3870/2919 6240/3867/2915
f 6243/3870/2919 6163/3811/2857 6244/3872/2790
f 6239/3866/2916 6163/3811/2857 6243/3870/2919
f 6243/3870/2919 6244/3872/2790 6245/3873/2894
f 6243/3870/2919 6245/3873/2894 6241/3871/2918
f 6245/3873/2894 6244/3872/2790 6246/3874/2920
f 6245/3873/2894 6246/3874/2920 6247/3875/2921
f 6245/3873/2894 6247/3875/2921 6248/3876/2922
f 6241/3871/2918 6245/3873/2894 6248/3876/2922
f 6248/3876/2922 6247/3875/2921 6250/3877/2923
f 6242/3868/2917 6248/3878/2922 6249/3879/2924
f 6241/3869/2918 6248/3878/2922 6242/3868/2917
f 6248/3878/2922 6250/3880/2923 6249/3879/2924
f 6251/3881/2925 6254/3882/2925 6250/3880/2923
f 6250/3877/2923 6252/3883/2894 6251/3884/2925
f 6247/3875/2921 6252/3883/2894 6250/3877/2923
f 6249/3879/2924 6250/3880/2923 6253/3885/2926
f 6250/3880/2923 6254/3882/2925 6253/3885/2926
f 6254/3882/2925 6258/3886/2927 6255/3887/2928
f 6254/3882/2925 6255/3887/2928 6256/3882/2929
f 6257/3885/2930 6254/3882/2925 6256/3882/2929
f 6253/3885/2926 6254/3882/2925 6257/3885/2930
f 6251/3881/2925 6258/3886/2927 6254/3882/2925
f 6258/3888/2927 6259/3889/2931 6262/3890/2932
f 6260/3891/2933 6259/3889/2931 6258/3888/2927
f 6251/3884/2925 6260/3891/2933 6258/3888/2927
f 6258/3886/2927 6261/3892/2934 6255/3887/2928
f 6262/3893/2932 6261/3892/2934 6258/3886/2927
f 6259/3889/2931 6265/3894/2933 6262/3890/2932
f 6262/3893/2932 6264/3895/2934 6261/3892/2934
f 6263/3896/2935 6264/3895/2934 6262/3893/2932
f 6262/3890/2932 6265/3894/2933 6263/3897/2935
f 6265/3894/2933 6266/3898/2855 6263/3897/2935
f 6266/3898/2855 6265/3894/2933 6267/3899/2919
f 6267/3899/2919 6265/3894/2933 6268/3900/2790
f 6265/3894/2933 6259/3889/2931 6268/3900/2790
f 6268/3900/2790 6259/3889/2931 6269/3901/2790
f 6269/3901/2790 6270/3902/2936 6268/3900/2790
f 6268/3900/2790 6270/3902/2936 6271/3903/2937
f 6268/3900/2790 6271/3903/2937 6273/3904/2938
f 6272/3905/2939 6268/3900/2790 6273/3904/2938
f 6267/3899/2919 6268/3900/2790 6272/3905/2939
f 6273/3904/2938 6271/3903/2937 6274/3906/2940
f 6273/3904/2938 6275/3907/2790 6272/3905/2939
f 6273/3904/2938 6274/3906/2940 6275/3907/2790
f 6275/3907/2790 6274/3906/2940 6277/3908/2941
f 6276/3909/2942 6275/3907/2790 6278/3909/2943
f 6272/3905/2939 6275/3907/2790 6276/3909/2942
f 6275/3907/2790 6277/3908/2941 6279/3907/2944
f 6278/3909/2943 6275/3907/2790 6279/3907/2944
f 6280/3905/2945 6279/3907/2944 6281/3904/2946
f 6278/3909/2943 6279/3907/2944 6280/3905/2945
f 6281/3904/2946 6279/3907/2944 6282/3906/2947
f 6282/3906/2947 6279/3907/2944 6283/3908/2948
f 6279/3907/2944 6277/3908/2941 6283/3908/2948
f 6283/3908/2948 6284/3910/2949 6285/3910/2950
f 6277/3908/2941 6284/3910/2949 6283/3908/2948
f 6286/3911/2951 6283/3908/2948 6285/3910/2950
f 6282/3906/2947 6283/3908/2948 6286/3911/2951
f 6287/3912/2952 6286/3911/2951 6290/3913/2953
f 6288/3914/2954 6286/3911/2951 6287/3912/2952
f 6288/3914/2954 6282/3906/2947 6286/3911/2951
f 6285/3910/2950 6289/3915/2955 6286/3911/2951
f 6286/3911/2951 6289/3915/2955 6290/3913/2953
f 6290/3913/2953 6291/3916/2956 6287/3912/2952
f 6290/3913/2953 6292/3917/2957 6291/3916/2956
f 6289/3915/2955 6292/3917/2957 6290/3913/2953
f 6289/3915/2955 6294/3917/2958 6292/3917/2957
f 6292/3917/2957 6295/3918/2959 6291/3916/2956
f 6292/3917/2957 6293/3918/2960 6295/3918/2959
f 6294/3917/2958 6293/3918/2960 6292/3917/2957
f 6296/3919/2961 6295/3918/2959 6297/3920/2962
f 6291/3916/2956 6295/3918/2959 6296/3919/2961
f 6297/3920/2962 6295/3918/2959 6299/3921/2963
f 6293/3918/2960 6298/3921/2913 6295/3918/2959
f 6295/3918/2959 6298/3921/2913 6299/3921/2963
f 6299/3921/2963 6300/3922/2893 6301/3922/2964
f 6298/3921/2913 6300/3922/2893 6299/3921/2963
f 6297/3920/2962 6299/3921/2963 6302/3923/2965
f 6302/3923/2965 6299/3921/2963 6301/3922/2964
f 6303/3924/2966 6302/3923/2965 6305/3925/2967
f 6304/3926/2968 6302/3923/2965 6303/3924/2966
f 6304/3926/2968 6297/3920/2962 6302/3923/2965
f 6302/3923/2965 6306/3927/2969 6305/3925/2967
f 6301/3922/2964 6306/3927/2969 6302/3923/2965
f 6307/3927/2913 6309/3928/2875 6306/3927/2969
f 6301/3922/2964 6307/3927/2913 6306/3927/2969
f 6306/3927/2969 6308/3928/2970 6305/3925/2967
f 6306/3927/2969 6309/3928/2875 6308/3928/2970
f 6310/3929/2971 6311/3930/2972 6309/3928/2875
f 6310/3929/2971 6309/3928/2875 6312/3925/2973
f 6309/3928/2875 6311/3930/2972 6313/3931/2974
f 6312/3925/2973 6309/3928/2875 6307/3927/2913
f 6309/3928/2875 6313/3931/2974 6308/3928/2970
f 6311/3930/2972 6314/3932/2975 6313/3931/2974
f 6313/3931/2974 6314/3932/2975 6315/3933/2976
f 6313/3931/2974 6315/3933/2976 6316/3931/2977
f 6308/3928/2970 6313/3931/2974 6316/3931/2977
f 6317/3932/2978 6316/3931/2977 6318/3933/2979
f 6319/3930/2980 6316/3931/2977 6317/3932/2978
f 6319/3930/2980 6308/3928/2970 6316/3931/2977
f 6316/3931/2977 6315/3933/2976 6318/3933/2979
f 6320/3934/2981 6319/3930/2980 6317/3932/2978
f 6322/3935/2982 6319/3930/2980 6320/3934/2981
f 6321/3929/2983 6308/3928/2970 6319/3930/2980
f 6322/3935/2982 6321/3929/2983 6319/3930/2980
f 6323/3874/2984 6321/3929/2983 6322/3935/2982
f 6323/3874/2984 6322/3935/2982 6324/3872/2985
f 6324/3872/2985 6322/3935/2982 6325/3936/2986
f 6322/3935/2982 6320/3934/2981 6325/3936/2986
f 6325/3936/2986 6328/3937/2987 6324/3872/2985
f 6325/3936/2986 6320/3934/2981 6326/3938/2988
f 6326/3938/2988 6327/3939/2989 6325/3936/2986
f 6327/3939/2989 6328/3937/2987 6325/3936/2986
f 6328/3937/2987 6331/3940/2990 6329/3941/2991
f 6330/3811/2992 6328/3937/2987 6329/3941/2991
f 6324/3872/2985 6328/3937/2987 6330/3811/2992
f 6327/3939/2989 6331/3940/2990 6328/3937/2987
f 6332/3942/2993 6331/3940/2990 6327/3939/2989
f 6332/3942/2993 6334/3940/2875 6331/3940/2990
f 6329/3941/2991 6331/3940/2990 6335/3943/2994
f 6331/3940/2990 6333/3943/2995 6335/3943/2994
f 6334/3940/2875 6333/3943/2995 6331/3940/2990
f 6335/3943/2994 6337/3944/2996 6329/3941/2991
f 6333/3943/2995 6336/3944/2997 6335/3943/2994
f 6335/3943/2994 6336/3944/2997 6337/3944/2996
f 6341/3945/2998 6337/3944/2996 6338/3946/2999
f 6337/3944/2996 6339/3946/2875 6338/3946/2999
f 6336/3944/2997 6339/3946/2875 6337/3944/2996
f 6329/3941/2991 6337/3944/2996 6340/3947/3000
f 6340/3947/3000 6337/3944/2996 6341/3945/2998
f 6341/3945/2998 6338/3946/2999 6342/3948/3001
f 6343/3949/2985 6341/3945/2998 6342/3948/3001
f 6344/3950/2985 6340/3947/3000 6341/3945/2998
f 6344/3950/2985 6341/3945/2998 6343/3949/2985
f 6345/3814/3002 6344/3950/2985 6343/3949/2985
f 6346/3812/3003 6344/3950/2985 6345/3814/3002
f 6346/3812/3003 6340/3947/3000 6344/3950/2985
f 6347/3808/2992 6346/3812/3003 6345/3814/3002
f 6330/3811/2992 6346/3812/3003 6347/3808/2992
f 6330/3811/2992 6329/3941/2991 6346/3812/3003
f 6346/3812/3003 6329/3941/2991 6340/3947/3000
f 6347/3808/2992 6348/3809/3004 6330/3811/2992
f 6347/3808/2992 6349/3810/2992 6348/3809/3004
f 6347/3808/2992 6350/3813/3005 6349/3810/2992
f 6345/3814/3002 6350/3813/3005 6347/3808/2992
f 6351/3815/3005 6350/3813/3005 6345/3814/3002
f 6351/3815/3005 6353/3816/3006 6350/3813/3005
f 6349/3810/2992 6350/3813/3005 6352/3817/3007
f 6350/3813/3005 6175/3818/2864 6352/3817/3007
f 6350/3813/3005 6353/3816/3006 6174/3819/2863
f 6174/3819/2863 6175/3818/2864 6350/3813/3005
f 6342/3948/3001 6353/3816/3006 6351/3815/3005
f 6353/3816/3006 6171/3819/2862 6174/3819/2863
f 6170/3816/2860 6171/3819/2862 6353/3816/3006
f 6354/3951/3008 6353/3816/3006 6342/3948/3001
f 6354/3951/3008 6170/3816/2860 6353/3816/3006
f 6342/3948/3001 6338/3946/2999 6354/3951/3008
f 6355/3951/2790 6170/3816/2860 6354/3951/3008
f 6338/3946/2999 6355/3951/2790 6354/3951/3008
f 6339/3946/2875 6356/3948/3009 6355/3951/2790
f 6356/3948/3009 6170/3816/2860 6355/3951/2790
f 6339/3946/2875 6355/3951/2790 6338/3946/2999
f 6357/3945/3010 6356/3948/3009 6339/3946/2875
f 6357/3945/3010 6358/3949/2855 6356/3948/3009
f 6168/3815/2859 6170/3816/2860 6356/3948/3009
f 6356/3948/3009 6166/3814/2858 6168/3815/2859
f 6358/3949/2855 6166/3814/2858 6356/3948/3009
f 6359/3950/2875 6166/3814/2858 6358/3949/2855
f 6359/3950/2875 6358/3949/2855 6357/3945/3010
f 6165/3812/2858 6166/3814/2858 6359/3950/2875
f 6165/3812/2858 6359/3950/2875 6360/3947/3011
f 6360/3947/3011 6359/3950/2875 6357/3945/3010
f 6360/3947/3011 6336/3944/2997 6361/3941/3012
f 6361/3941/3012 6165/3812/2858 6360/3947/3011
f 6360/3947/3011 6357/3945/3010 6336/3944/2997
f 6362/3937/3013 6361/3941/3012 6334/3940/2875
f 6362/3937/3013 6163/3811/2857 6361/3941/3012
f 6334/3940/2875 6361/3941/3012 6333/3943/2995
f 6361/3941/3012 6336/3944/2997 6333/3943/2995
f 6163/3811/2857 6165/3812/2858 6361/3941/3012
f 6244/3872/2790 6163/3811/2857 6362/3937/3013
f 6362/3937/3013 6334/3940/2875 6363/3939/3014
f 6364/3936/3015 6362/3937/3013 6363/3939/3014
f 6244/3872/2790 6362/3937/3013 6364/3936/3015
f 6365/3935/3016 6364/3936/3015 6366/3934/3017
f 6365/3935/3016 6244/3872/2790 6364/3936/3015
f 6366/3934/3017 6364/3936/3015 6367/3938/3018
f 6364/3936/3015 6363/3939/3014 6367/3938/3018
f 6366/3934/3017 6367/3938/3018 6314/3932/2975
f 6367/3938/3018 6363/3939/3014 6368/3952/3019
f 6314/3932/2975 6367/3938/3018 6368/3952/3019
f 6314/3932/2975 6368/3952/3019 6315/3933/2976
f 6368/3952/3019 6369/3942/3020 6370/3953/3021
f 6363/3939/3014 6369/3942/3020 6368/3952/3019
f 6315/3933/2976 6368/3952/3019 6370/3953/3021
f 6370/3953/3021 6369/3942/3020 6371/3953/3022
f 6315/3933/2976 6370/3953/3021 6318/3933/2979
f 6318/3933/2979 6370/3953/3021 6371/3953/3022
f 6372/3952/3023 6318/3933/2979 6371/3953/3022
f 6371/3953/3022 6332/3942/2993 6372/3952/3023
f 6371/3953/3022 6369/3942/3020 6332/3942/2993
f 6372/3952/3023 6332/3942/2993 6327/3939/2989
f 6372/3952/3023 6327/3939/2989 6326/3938/2988
f 6317/3932/2978 6318/3933/2979 6372/3952/3023
f 6326/3938/2988 6317/3932/2978 6372/3952/3023
f 6369/3942/3020 6334/3940/2875 6332/3942/2993
f 6363/3939/3014 6334/3940/2875 6369/3942/3020
f 6365/3935/3016 6366/3934/3017 6311/3930/2972
f 6311/3930/2972 6366/3934/3017 6314/3932/2975
f 6246/3874/2920 6244/3872/2790 6365/3935/3016
f 6310/3929/2971 6365/3935/3016 6311/3930/2972
f 6246/3874/2920 6365/3935/3016 6310/3929/2971
f 6336/3944/2997 6357/3945/3010 6339/3946/2875
f 6352/3817/3007 6175/3818/2864 6185/3821/2872
f 6373/3824/3024 6352/3817/3007 6185/3821/2872
f 6349/3810/2992 6352/3817/3007 6373/3824/3024
f 6373/3824/3024 6375/3822/2985 6374/3954/3004
f 6376/3860/3025 6373/3824/3024 6374/3954/3004
f 6373/3824/3024 6185/3821/2872 6375/3822/2985
f 6349/3810/2992 6373/3824/3024 6376/3860/3025
f 6376/3860/3025 6231/3861/2909 6348/3809/3004
f 6348/3809/3004 6349/3810/2992 6376/3860/3025
f 6374/3954/3004 6230/3859/2907 6376/3860/3025
f 6376/3860/3025 6230/3859/2907 6231/3861/2909
f 6374/3954/3004 6375/3822/2985 6377/3845/2968
f 6377/3845/2968 6375/3822/2985 6380/3841/3026
f 6375/3822/2985 6186/3823/2873 6378/3838/3027
f 6378/3838/3027 6195/3833/2881 6375/3822/2985
f 6375/3822/2985 6195/3833/2881 6379/3840/3028
f 6380/3841/3026 6375/3822/2985 6379/3840/3028
f 6375/3822/2985 6185/3821/2872 6186/3823/2873
f 6379/3840/3028 6381/3843/3026 6380/3841/3026
f 6381/3843/3026 6382/3844/2902 6380/3841/3026
f 6380/3841/3026 6224/3846/2903 6377/3845/2968
f 6380/3841/3026 6382/3844/2902 6224/3846/2903
f 6382/3852/2902 6222/3851/2902 6224/3848/2903
f 6381/3843/3026 6384/3955/3029 6382/3844/2902
f 6382/3852/2902 6383/3956/3030 6222/3851/2902
f 6384/3957/3029 6383/3956/3030 6382/3852/2902
f 6385/3958/3031 6384/3955/3029 6381/3843/3026
f 6385/3958/3031 6386/3959/3032 6384/3955/3029
f 6386/3960/3032 6387/3961/3033 6384/3957/3029
f 6384/3957/3029 6387/3961/3033 6383/3956/3030
f 6388/3961/3034 6390/3956/3035 6387/3961/3033
f 6389/3962/3033 6388/3961/3034 6387/3961/3033
f 6386/3960/3032 6389/3962/3033 6387/3961/3033
f 6387/3961/3033 6390/3956/3035 6383/3956/3030
f 6388/3961/3034 6391/3957/3036 6390/3956/3035
f 6390/3956/3035 6219/3851/2899 6383/3956/3030
f 6390/3956/3035 6216/3852/2895 6219/3851/2899
f 6391/3957/3036 6216/3852/2895 6390/3956/3035
f 6391/3955/3036 6213/3843/2893 6216/3844/2895
f 6393/3958/2855 6213/3843/2893 6391/3955/3036
f 6392/3960/3034 6391/3957/3036 6388/3961/3034
f 6392/3959/3034 6393/3958/2855 6391/3955/3036
f 6394/3963/2857 6393/3958/2855 6392/3959/3034
f 6394/3963/2857 6395/3964/2875 6393/3958/2855
f 6395/3964/2875 6212/3842/2894 6393/3958/2855
f 6393/3958/2855 6212/3842/2894 6213/3843/2893
f 6395/3964/2875 6396/3965/2894 6397/3966/3037
f 6396/3965/2894 6395/3964/2875 6394/3963/2857
f 6212/3842/2894 6395/3964/2875 6398/3967/3038
f 6398/3967/3038 6395/3964/2875 6397/3966/3037
f 6397/3966/3037 6399/3968/2921 6398/3967/3038
f 6210/3839/2891 6398/3967/3038 6199/3837/2855
f 6210/3839/2891 6212/3842/2894 6398/3967/3038
f 6398/3967/3038 6399/3968/2921 6400/3969/2931
f 6199/3837/2855 6398/3967/3038 6400/3969/2931
f 6400/3969/2931 6399/3968/2921 6401/3969/3039
f 6199/3837/2855 6400/3969/2931 6200/3837/2886
f 6200/3837/2886 6400/3969/2931 6401/3969/3039
f 6401/3969/3039 6399/3968/2921 6402/3968/3040
f 6401/3969/3039 6402/3968/3040 6403/3967/3041
f 6403/3967/3041 6200/3837/2886 6401/3969/3039
f 6404/3842/3042 6406/3839/2891 6403/3967/3041
f 6404/3842/3042 6403/3967/3041 6407/3964/2878
f 6403/3967/3041 6402/3968/3040 6405/3966/3043
f 6407/3964/2878 6403/3967/3041 6405/3966/3043
f 6406/3839/2891 6200/3837/2886 6403/3967/3041
f 6407/3964/2878 6405/3966/3043 6408/3965/3025
f 6408/3965/3025 6409/3963/3026 6407/3964/2878
f 6407/3964/2878 6409/3963/3026 6385/3958/3031
f 6407/3964/2878 6385/3958/3031 6404/3842/3042
f 6408/3965/3025 6410/3899/3004 6409/3963/3026
f 6409/3963/3026 6410/3899/3004 6411/3898/3026
f 6411/3898/3026 6412/3970/3032 6409/3963/3026
f 6409/3963/3026 6386/3959/3032 6385/3958/3031
f 6409/3963/3026 6412/3970/3032 6386/3959/3032
f 6412/3971/3032 6414/3895/3044 6389/3962/3033
f 6412/3971/3032 6389/3962/3033 6386/3960/3032
f 6413/3896/3045 6414/3895/3044 6412/3971/3032
f 6411/3898/3026 6413/3897/3045 6412/3970/3032
f 6414/3895/3044 6415/3962/3046 6389/3962/3033
f 6264/3895/2934 6415/3962/3046 6414/3895/3044
f 6416/3892/3047 6264/3895/2934 6414/3895/3044
f 6416/3892/3047 6414/3895/3044 6417/3893/3048
f 6417/3893/3048 6414/3895/3044 6413/3896/3045
f 6418/3886/3049 6416/3892/3047 6417/3893/3048
f 6420/3889/2992 6418/3888/3049 6417/3890/3048
f 6419/3894/3024 6417/3890/3048 6413/3897/3045
f 6420/3889/2992 6417/3890/3048 6419/3894/3024
f 6419/3894/3024 6421/3900/2879 6420/3889/2992
f 6420/3889/2992 6421/3900/2879 6422/3901/3050
f 6420/3889/2992 6422/3901/3050 6423/3891/2992
f 6423/3891/2992 6418/3888/3049 6420/3889/2992
f 6423/3891/2992 6422/3901/3050 6424/3972/3051
f 6423/3891/2992 6424/3972/3051 6425/3883/2878
f 6425/3883/2878 6426/3884/2929 6423/3891/2992
f 6423/3891/2992 6426/3884/2929 6418/3888/3049
f 6426/3881/2929 6256/3882/2929 6418/3886/3049
f 6427/3880/2930 6256/3882/2929 6426/3881/2929
f 6425/3883/2878 6427/3877/2930 6426/3884/2929
f 6257/3885/2930 6256/3882/2929 6427/3880/2930
f 6428/3875/2878 6427/3877/2930 6425/3883/2878
f 6428/3875/2878 6430/3876/3052 6427/3877/2930
f 6427/3880/2930 6429/3879/3053 6257/3885/2930
f 6430/3878/3052 6429/3879/3053 6427/3880/2930
f 6431/3873/3054 6430/3876/3052 6428/3875/2878
f 6431/3873/3054 6433/3871/3055 6430/3876/3052
f 6430/3878/3052 6432/3868/3056 6429/3879/3053
f 6433/3869/3055 6432/3868/3056 6430/3878/3052
f 6435/3870/2878 6433/3871/3055 6431/3873/3054
f 6434/3865/3057 6432/3868/3056 6433/3869/3055
f 6435/3870/2878 6434/3867/3057 6433/3871/3055
f 6330/3811/2992 6435/3870/2878 6324/3872/2985
f 6436/3866/3042 6435/3870/2878 6330/3811/2992
f 6436/3866/3042 6434/3867/3057 6435/3870/2878
f 6435/3870/2878 6431/3873/3054 6324/3872/2985
f 6330/3811/2992 6348/3809/3004 6436/3866/3042
f 6348/3809/3004 6437/3863/3058 6436/3866/3042
f 6436/3866/3042 6437/3863/3058 6434/3867/3057
f 6231/3856/2909 6438/3858/3058 6437/3862/3058
f 6348/3809/3004 6231/3861/2909 6437/3863/3058
f 6437/3862/3058 6439/3864/3059 6434/3865/3057
f 6438/3858/3058 6439/3864/3059 6437/3862/3058
f 6238/3864/2915 6242/3868/2917 6439/3864/3059
f 6438/3858/3058 6238/3864/2915 6439/3864/3059
f 6439/3864/3059 6242/3868/2917 6432/3868/3056
f 6439/3864/3059 6432/3868/3056 6434/3865/3057
f 6233/3858/2911 6238/3864/2915 6438/3858/3058
f 6229/3855/2910 6233/3858/2911 6438/3858/3058
f 6229/3855/2910 6438/3858/3058 6231/3856/2909
f 6242/3868/2917 6249/3879/2924 6432/3868/3056
f 6432/3868/3056 6249/3879/2924 6429/3879/3053
f 6431/3873/3054 6428/3875/2878 6323/3874/2984
f 6324/3872/2985 6431/3873/3054 6323/3874/2984
f 6249/3879/2924 6253/3885/2926 6429/3879/3053
f 6429/3879/3053 6253/3885/2926 6257/3885/2930
f 6323/3874/2984 6428/3875/2878 6303/3924/2966
f 6428/3875/2878 6425/3883/2878 6303/3924/2966
f 6303/3924/2966 6425/3883/2878 6304/3926/2968
f 6425/3883/2878 6424/3972/3051 6304/3926/2968
f 6422/3901/3050 6296/3919/2961 6424/3972/3051
f 6424/3972/3051 6297/3920/2962 6304/3926/2968
f 6424/3972/3051 6296/3919/2961 6297/3920/2962
f 6422/3901/3050 6421/3900/2879 6440/3902/3060
f 6440/3902/3060 6296/3919/2961 6422/3901/3050
f 6440/3902/3060 6421/3900/2879 6441/3903/3061
f 6440/3902/3060 6441/3903/3061 6287/3912/2952
f 6287/3912/2952 6291/3916/2956 6440/3902/3060
f 6291/3916/2956 6296/3919/2961 6440/3902/3060
f 6421/3900/2879 6281/3904/2946 6441/3903/3061
f 6287/3912/2952 6441/3903/3061 6288/3914/2954
f 6441/3903/3061 6282/3906/2947 6288/3914/2954
f 6441/3903/3061 6281/3904/2946 6282/3906/2947
f 6410/3899/3004 6280/3905/2945 6421/3900/2879
f 6419/3894/3024 6410/3899/3004 6421/3900/2879
f 6421/3900/2879 6280/3905/2945 6281/3904/2946
f 6411/3898/3026 6410/3899/3004 6419/3894/3024
f 6419/3894/3024 6413/3897/3045 6411/3898/3026
f 6418/3886/3049 6256/3882/2929 6442/3887/3049
f 6442/3887/3049 6416/3892/3047 6418/3886/3049
f 6256/3882/2929 6255/3887/2928 6442/3887/3049
f 6442/3887/3049 6261/3892/2934 6416/3892/3047
f 6255/3887/2928 6261/3892/2934 6442/3887/3049
f 6261/3892/2934 6264/3895/2934 6416/3892/3047
f 6415/3962/3046 6388/3961/3034 6389/3962/3033
f 6415/3962/3046 6392/3960/3034 6388/3961/3034
f 6264/3895/2934 6443/3971/3034 6415/3962/3046
f 6443/3971/3034 6392/3960/3034 6415/3962/3046
f 6443/3970/3034 6394/3963/2857 6392/3959/3034
f 6266/3898/2855 6394/3963/2857 6443/3970/3034
f 6263/3896/2935 6443/3971/3034 6264/3895/2934
f 6263/3897/2935 6266/3898/2855 6443/3970/3034
f 6444/3973/3062 6280/3905/2945 6410/3899/3004
f 6410/3899/3004 6408/3965/3025 6444/3973/3062
f 6444/3973/3062 6445/3974/3063 6446/3975/2879
f 6444/3973/3062 6408/3965/3025 6445/3974/3063
f 6446/3975/2879 6448/3976/3064 6444/3973/3062
f 6444/3973/3062 6448/3976/3064 6447/3977/3065
f 6447/3977/3065 6280/3905/2945 6444/3973/3062
f 6446/3975/2879 6449/3978/3066 6448/3976/3064
f 6448/3976/3064 6451/3979/3067 6447/3977/3065
f 6449/3978/3066 6450/3980/3068 6448/3976/3064
f 6450/3980/3068 6451/3979/3067 6448/3976/3064
f 6280/3905/2945 6451/3979/3067 6278/3909/2943
f 6447/3977/3065 6451/3979/3067 6280/3905/2945
f 6451/3979/3067 6276/3909/2942 6278/3909/2943
f 6452/3979/3069 6276/3909/2942 6451/3979/3067
f 6450/3980/3068 6452/3979/3069 6451/3979/3067
f 6452/3979/3069 6272/3905/2939 6276/3909/2942
f 6453/3976/3070 6452/3979/3069 6454/3980/2790
f 6455/3977/3071 6452/3979/3069 6453/3976/3070
f 6454/3980/2790 6452/3979/3069 6450/3980/3068
f 6455/3977/3071 6272/3905/2939 6452/3979/3069
f 6453/3976/3070 6456/3973/3072 6455/3977/3071
f 6456/3973/3072 6272/3905/2939 6455/3977/3071
f 6456/3973/3072 6458/3975/2875 6457/3974/3073
f 6396/3965/2894 6456/3973/3072 6457/3974/3073
f 6458/3975/2875 6456/3973/3072 6453/3976/3070
f 6267/3899/2919 6272/3905/2939 6456/3973/3072
f 6267/3899/2919 6456/3973/3072 6396/3965/2894
f 6457/3974/3073 6458/3975/2875 6459/3981/2913
f 6459/3981/2913 6458/3975/2875 6460/3978/3074
f 6460/3978/3074 6458/3975/2875 6453/3976/3070
f 6461/3982/3075 6460/3978/3074 6462/3983/3076
f 6461/3982/3075 6459/3981/2913 6460/3978/3074
f 6462/3983/3076 6460/3978/3074 6463/3984/2790
f 6460/3978/3074 6454/3980/2790 6463/3984/2790
f 6453/3976/3070 6454/3980/2790 6460/3978/3074
f 6464/3983/3077 6463/3984/2790 6465/3984/3078
f 6462/3983/3076 6463/3984/2790 6464/3983/3077
f 6463/3984/2790 6454/3980/2790 6465/3984/3078
f 6449/3978/3066 6464/3983/3077 6465/3984/3078
f 6465/3984/3078 6454/3980/2790 6450/3980/3068
f 6465/3984/3078 6450/3980/3068 6449/3978/3066
f 6466/3985/3040 6464/3983/3077 6468/3986/3043
f 6466/3985/3040 6462/3983/3076 6464/3983/3077
f 6467/3982/3079 6464/3983/3077 6449/3978/3066
f 6468/3986/3043 6464/3983/3077 6467/3982/3079
f 6405/3966/3043 6402/3968/3040 6468/3986/3043
f 6408/3965/3025 6405/3966/3043 6468/3986/3043
f 6445/3974/3063 6468/3986/3043 6467/3982/3079
f 6468/3986/3043 6402/3968/3040 6466/3985/3040
f 6408/3965/3025 6468/3986/3043 6445/3974/3063
f 6469/3981/3025 6467/3982/3079 6449/3978/3066
f 6445/3974/3063 6467/3982/3079 6469/3981/3025
f 6469/3981/3025 6449/3978/3066 6446/3975/2879
f 6446/3975/2879 6445/3974/3063 6469/3981/3025
f 6402/3968/3040 6470/3985/2856 6466/3985/3040
f 6470/3985/2856 6462/3983/3076 6466/3985/3040
f 6471/3986/3080 6462/3983/3076 6470/3985/2856
f 6399/3968/2921 6471/3986/3080 6470/3985/2856
f 6399/3968/2921 6470/3985/2856 6402/3968/3040
f 6397/3966/3037 6471/3986/3080 6399/3968/2921
f 6397/3966/3037 6396/3965/2894 6471/3986/3080
f 6461/3982/3075 6462/3983/3076 6471/3986/3080
f 6471/3986/3080 6457/3974/3073 6461/3982/3075
f 6396/3965/2894 6457/3974/3073 6471/3986/3080
f 6457/3974/3073 6459/3981/2913 6461/3982/3075
f 6195/3833/2881 6406/3839/2891 6379/3840/3028
f 6379/3840/3028 6406/3839/2891 6404/3842/3042
f 6196/3834/2882 6406/3839/2891 6195/3833/2881
f 6196/3834/2882 6200/3837/2886 6406/3839/2891
f 6404/3842/3042 6385/3958/3031 6381/3843/3026
f 6404/3842/3042 6381/3843/3026 6379/3840/3028
f 6396/3965/2894 6394/3963/2857 6267/3899/2919
f 6267/3899/2919 6394/3963/2857 6266/3898/2855
f 6383/3956/3030 6219/3851/2899 6222/3851/2902
f 6378/3838/3027 6193/3831/2879 6195/3833/2881
f 6378/3838/3027 6187/3826/2874 6192/3830/2878
f 6192/3830/2878 6193/3831/2879 6378/3838/3027
f 6378/3838/3027 6186/3823/2873 6187/3826/2874
f 6377/3845/2968 6225/3847/2904 6374/3954/3004
f 6377/3845/2968 6224/3846/2903 6225/3847/2904
f 6374/3954/3004 6225/3847/2904 6230/3859/2907
f 6345/3814/3002 6342/3948/3001 6351/3815/3005
f 6343/3949/2985 6342/3948/3001 6345/3814/3002
f 6320/3934/2981 6317/3932/2978 6326/3938/2988
f 6303/3924/2966 6305/3925/2967 6323/3874/2984
f 6323/3874/2984 6305/3925/2967 6321/3929/2983
f 6305/3925/2967 6308/3928/2970 6321/3929/2983
f 6473/3923/3081 6472/3924/2893 6312/3925/2973
f 6472/3924/2893 6246/3874/2920 6312/3925/2973
f 6312/3925/2973 6246/3874/2920 6310/3929/2971
f 6312/3925/2973 6307/3927/2913 6473/3923/3081
f 6474/3926/2913 6472/3924/2893 6473/3923/3081
f 6475/3920/3082 6474/3926/2913 6473/3923/3081
f 6475/3920/3082 6473/3923/3081 6298/3921/2913
f 6473/3923/3081 6307/3927/2913 6300/3922/2893
f 6298/3921/2913 6473/3923/3081 6300/3922/2893
f 6476/3919/2961 6475/3920/3082 6293/3918/2960
f 6476/3919/2961 6477/3972/3083 6475/3920/3082
f 6293/3918/2960 6475/3920/3082 6298/3921/2913
f 6477/3972/3083 6474/3926/2913 6475/3920/3082
f 6269/3901/2790 6477/3972/3083 6476/3919/2961
f 6269/3901/2790 6260/3891/2933 6477/3972/3083
f 6477/3972/3083 6252/3883/2894 6474/3926/2913
f 6260/3891/2933 6252/3883/2894 6477/3972/3083
f 6476/3919/2961 6293/3918/2960 6478/3916/3084
f 6270/3902/2936 6476/3919/2961 6478/3916/3084
f 6269/3901/2790 6476/3919/2961 6270/3902/2936
f 6479/3912/3085 6478/3916/3084 6480/3913/3086
f 6270/3902/2936 6478/3916/3084 6479/3912/3085
f 6478/3916/3084 6294/3917/2958 6480/3913/3086
f 6478/3916/3084 6293/3918/2960 6294/3917/2958
f 6481/3911/3087 6479/3912/3085 6480/3913/3086
f 6480/3913/3086 6482/3915/3088 6481/3911/3087
f 6480/3913/3086 6294/3917/2958 6482/3915/3088
f 6284/3910/2949 6482/3915/3088 6285/3910/2950
f 6481/3911/3087 6482/3915/3088 6284/3910/2949
f 6285/3910/2950 6482/3915/3088 6289/3915/2955
f 6482/3915/3088 6294/3917/2958 6289/3915/2955
f 6483/3914/3089 6479/3912/3085 6481/3911/3087
f 6274/3906/2940 6483/3914/3089 6481/3911/3087
f 6274/3906/2940 6481/3911/3087 6277/3908/2941
f 6277/3908/2941 6481/3911/3087 6284/3910/2949
f 6271/3903/2937 6479/3912/3085 6483/3914/3089
f 6271/3903/2937 6483/3914/3089 6274/3906/2940
f 6270/3902/2936 6479/3912/3085 6271/3903/2937
f 6252/3883/2894 6472/3924/2893 6474/3926/2913
f 6247/3875/2921 6472/3924/2893 6252/3883/2894
f 6247/3875/2921 6246/3874/2920 6472/3924/2893
f 6300/3922/2893 6307/3927/2913 6301/3922/2964
f 6259/3889/2931 6260/3891/2933 6269/3901/2790
f 6252/3883/2894 6260/3891/2933 6251/3884/2925
f 6162/3809/2856 6163/3811/2857 6239/3866/2916
f 6164/3810/2855 6162/3809/2856 6236/3860/2913
f 6164/3810/2855 6236/3860/2913 6178/3824/2855
f 6178/3824/2855 6236/3860/2913 6484/3954/2919
f 6484/3954/2919 6236/3860/2913 6235/3859/2912
f 6178/3824/2855 6484/3954/2919 6177/3822/2790
f 6177/3822/2790 6484/3954/2919 6215/3845/2856
f 6215/3845/2856 6484/3954/2919 6218/3847/2897
f 6218/3847/2897 6484/3954/2919 6235/3859/2912
f 6235/3857/2912 6227/3854/2906 6218/3849/2897
f 6218/3849/2897 6227/3854/2906 6221/3853/2900
f 6210/3839/2891 6199/3837/2855 6202/3834/2887
f 6185/3821/2872 6175/3818/2864 6183/3820/2869
f 6175/3818/2864 6173/3820/2855 6183/3820/2869
f 6164/3810/2855 6178/3824/2855 6169/3817/2861
