# Blender 5.1.0
# www.blender.org
mtllib edge.mtl
o blade
v -284.079712 -8.508294 0.812682
v -285.198090 -3.848448 0.000000
v -287.931000 -13.738110 0.709532
v -293.900787 -14.115980 0.000001
v -227.389999 -9.905877 0.709532
v -227.664902 -0.226525 0.000000
v -170.619598 -6.312376 0.709531
v -170.960495 3.235994 -0.000000
v -109.823303 -2.464008 0.709531
v -37.991348 2.082922 0.709531
v -38.468540 11.778320 -0.000001
v -110.225197 6.829048 -0.000001
v -227.389999 -9.905877 0.000001
v -170.619598 -6.312376 0.000000
v -109.823303 -2.464008 0.000000
v -37.991348 2.082922 -0.000000
v -227.620926 -1.713467 0.491042
v -170.907730 1.787353 0.491042
v -110.165375 5.455682 0.491042
v -38.394386 10.284702 0.491041
v -284.079712 -8.508294 -0.812680
v -287.931000 -13.738110 -0.709530
v -227.389999 -9.905877 -0.709530
v -170.619598 -6.312376 -0.709531
v -109.823303 -2.464008 -0.709531
v -37.991348 2.082922 -0.709531
v -227.620926 -1.713467 -0.491042
v -170.907730 1.787353 -0.491042
v -110.165375 5.455682 -0.491042
v -38.394386 10.284702 -0.491043
v 11.940010 6.262079 2.898130
v 12.929210 3.832885 2.251482
v 15.462660 4.001043 2.251482
v 14.549200 6.208936 2.852674
v 9.490932 12.124430 3.107812
v 10.503500 9.684148 3.620347
v 12.991090 9.839867 3.620347
v 12.047420 12.073090 3.152351
v 10.852240 14.937670 2.251170
v 8.391169 14.823670 2.251170
v 8.401344 14.603980 2.081547
v 11.935460 6.332645 2.554582
v 12.914060 4.042308 2.081548
v 15.447500 4.210465 2.081548
v 14.544650 6.279501 2.509126
v 9.495255 12.043760 2.766594
v 10.503510 9.684026 3.277133
v 12.991090 9.839745 3.277133
v 12.051740 11.992420 2.811134
v 10.862410 14.717980 2.081547
v 8.391169 14.823670 0.221313
v 10.852240 14.937670 0.221313
v 15.447500 4.210465 0.221314
v 12.914060 4.042308 0.221314
v 3.354936 3.217169 2.237302
v 0.059262 2.998422 2.237302
v -4.099708 14.224400 2.235212
v -1.288777 14.354600 2.235212
v -1.252189 6.537401 3.095628
v 2.001381 6.471130 3.038945
v -3.437028 12.376470 2.850467
v -2.131222 8.893223 3.588057
v 0.901652 9.083076 3.588057
v -0.461344 12.316710 2.902311
v 3.342336 3.406982 2.081549
v -4.090489 14.025370 2.081548
v -1.279559 14.155570 2.081548
v 0.046664 3.188230 2.081549
v -1.256309 6.601328 2.784401
v 1.997262 6.535061 2.727720
v -3.433110 12.303390 2.541353
v -2.131216 8.893112 3.277135
v 0.901659 9.082965 3.277135
v -0.457426 12.243630 2.593196
v 3.342336 3.406982 0.221314
v 0.046664 3.188230 0.221314
v -4.099708 14.224400 0.221313
v -1.288777 14.354600 0.221313
v -7.685615 2.436438 2.276445
v -9.108788 6.681375 3.310735
v -11.087190 12.548440 2.794886
v -9.687201 8.420256 3.666198
v -11.517140 13.930960 2.273831
v -11.319520 6.726401 3.349248
v -9.756233 2.299000 2.276445
v -13.401240 12.594910 2.754570
v -11.861990 8.284118 3.666198
v -13.797980 13.825310 2.273831
v -7.701379 2.673950 2.081549
v -9.113943 6.761365 2.921292
v -9.687193 8.420119 3.277135
v -11.082290 12.457000 2.408086
v -11.505600 13.681920 2.081548
v -11.324680 6.806396 2.959805
v -9.771997 2.536514 2.081549
v -13.396340 12.503470 2.367770
v -11.861980 8.283981 3.277135
v -13.786450 13.576270 2.081548
v -7.701379 2.673950 0.221314
v -9.771997 2.536512 0.221314
v -13.797980 13.825310 0.221313
v -11.517140 13.930960 0.221313
v 12.929209 3.832886 1.593118
v 11.940010 6.262079 -2.455503
v 12.929210 3.832885 -1.808854
v 15.462660 4.001043 -1.808854
v 14.549200 6.208936 -2.410048
v 9.490932 12.124430 -2.665186
v 10.503500 9.684148 -3.177721
v 12.991090 9.839867 -3.177721
v 12.047420 12.073090 -2.709725
v 10.852240 14.937670 -1.808544
v 8.391169 14.823670 -1.808544
v 8.401344 14.603980 -1.638921
v 11.935460 6.332645 -2.111954
v 12.914060 4.042308 -1.638920
v 15.447500 4.210465 -1.638920
v 14.544650 6.279501 -2.066499
v 9.495255 12.043760 -2.323968
v 10.503510 9.684026 -2.834507
v 12.991090 9.839745 -2.834507
v 12.051740 11.992420 -2.368508
v 10.862410 14.717980 -1.638921
v 3.354936 3.217170 -1.794674
v 0.059262 2.998423 -1.794674
v -4.099708 14.224400 -1.792586
v -1.288777 14.354600 -1.792586
v -1.252189 6.537401 -2.653001
v 2.001381 6.471130 -2.596318
v -3.437028 12.376470 -2.407841
v -2.131222 8.893223 -3.145431
v 0.901652 9.083076 -3.145431
v -0.461344 12.316710 -2.459685
v 3.342336 3.406982 -1.638921
v -4.090489 14.025370 -1.638922
v -1.279559 14.155570 -1.638922
v 0.046664 3.188230 -1.638921
v -1.256309 6.601328 -2.341774
v 1.997262 6.535061 -2.285093
v -3.433110 12.303390 -2.098727
v -2.131216 8.893112 -2.834509
v 0.901659 9.082965 -2.834509
v -0.457426 12.243630 -2.150570
v -7.685615 2.436438 -1.833817
v -9.108788 6.681374 -2.868108
v -11.087190 12.548440 -2.352260
v -9.687201 8.420256 -3.223572
v -11.517140 13.930960 -1.831205
v -11.319520 6.726401 -2.906621
v -9.756233 2.299000 -1.833817
v -13.401240 12.594910 -2.311944
v -11.861990 8.284118 -3.223572
v -13.797980 13.825310 -1.831205
v -7.701379 2.673950 -1.638921
v -9.113943 6.761365 -2.478664
v -9.687193 8.420119 -2.834509
v -11.082290 12.457000 -1.965460
v -11.505600 13.681920 -1.638922
v -11.324680 6.806396 -2.517179
v -9.771997 2.536513 -1.638921
v -13.396340 12.503470 -1.925144
v -11.861980 8.283981 -2.834509
v -13.786450 13.576270 -1.638922
v 12.929209 3.832885 -1.150490
v 44.599522 5.070319 2.136297
v 44.267319 11.322000 3.363329
v 23.269730 10.483170 3.277134
v -33.937019 0.146997 2.392210
v -19.212280 1.909909 2.081549
v -34.270500 6.966272 3.766232
v 44.016338 17.397310 2.136296
v 22.866110 15.273970 2.081548
v -19.326981 7.816684 3.277136
v -34.598190 13.466410 2.392209
v -36.995670 6.795683 3.766232
v -36.664379 0.011627 2.392210
v -37.325569 13.331030 2.392209
v -19.433741 13.314690 2.081548
v 23.751760 4.761663 2.081548
v 44.599522 5.070319 -1.693667
v 44.267319 11.322000 -2.920701
v 23.269730 10.483170 -2.834506
v -33.937019 0.146997 -1.949580
v -19.212280 1.909909 -1.638919
v -34.270500 6.966271 -3.323602
v 44.016338 17.397310 -1.693668
v 22.866110 15.273970 -1.638920
v -19.326981 7.816684 -2.834507
v -34.598190 13.466410 -1.949581
v -36.995670 6.795682 -3.323602
v -36.664379 0.011627 -1.949580
v -37.325569 13.331030 -1.949581
v -19.433741 13.314690 -1.638920
v 23.751760 4.761663 -1.638919
v -35.964710 0.986987 1.123777
v -36.366611 6.543700 1.104807
v -49.267399 5.999171 1.104807
v -48.869419 0.484845 1.123777
v -36.791351 12.215760 0.515164
v -49.696041 11.713640 0.515164
v -35.964710 0.986987 -1.139075
v -36.366611 6.543700 -1.120106
v -49.267399 5.999171 -1.120106
v -48.869419 0.484845 -1.139075
v -36.791351 12.215760 -0.530464
v -49.696041 11.713640 -0.530464
v 48.407181 13.954560 -0.000001
v 49.255650 14.386870 -0.000001
v 49.209599 14.528540 0.940532
v 48.319611 14.075070 0.940532
v 47.733810 13.281210 -0.000001
v 47.613319 13.368770 0.940532
v 47.301510 12.432740 -0.000001
v 47.159840 12.478780 0.940532
v 47.152550 11.492210 -0.000001
v 47.003578 11.492210 0.940532
v 47.301510 10.551680 -0.000001
v 47.159840 10.505640 0.940532
v 47.733810 9.703211 -0.000001
v 47.613319 9.615649 0.940532
v 48.407181 9.029865 -0.000001
v 48.319611 8.909348 0.940532
v 49.255650 8.597548 -0.000001
v 49.209599 8.455874 0.940532
v 50.196171 8.448585 -0.000001
v 50.196171 8.299616 0.940532
v 51.136688 8.597548 -0.000001
v 51.182739 8.455874 0.940532
v 51.985168 9.029865 -0.000001
v 52.072731 8.909348 0.940532
v 52.658508 9.703211 -0.000001
v 52.779018 9.615649 0.940532
v 53.090832 10.551680 -0.000001
v 53.232510 10.505650 0.940532
v 53.239799 11.492210 -0.000001
v 53.388760 11.492210 0.940532
v 53.090832 12.432740 -0.000001
v 53.232510 12.478770 0.940532
v 52.658508 13.281210 -0.000001
v 52.779018 13.368770 0.940532
v 51.985168 13.954560 -0.000001
v 52.072731 14.075070 0.940532
v 51.136688 14.386870 -0.000001
v 51.182739 14.528540 0.940532
v 50.196171 14.535840 -0.000001
v 50.196171 14.684810 0.940532
v 49.076012 14.939700 1.789000
v 48.065510 14.424820 1.789000
v 47.263561 13.622880 1.789000
v 46.748692 12.612370 1.789000
v 46.571251 11.492210 1.789000
v 46.748692 10.372050 1.789000
v 47.263561 9.361544 1.789000
v 48.065510 8.559598 1.789000
v 49.076012 8.044722 1.789000
v 50.196171 7.867304 1.789000
v 51.316330 8.044722 1.789000
v 52.326839 8.559598 1.789000
v 53.128780 9.361544 1.789000
v 53.643650 10.372050 1.789000
v 53.821091 11.492210 1.789000
v 53.643650 12.612370 1.789000
v 53.128780 13.622880 1.789000
v 52.326839 14.424820 1.789000
v 51.316330 14.939700 1.789000
v 50.196171 15.117120 1.789000
v 48.867931 15.580100 2.462345
v 47.669720 14.969570 2.462345
v 46.718800 14.018670 2.462345
v 46.108292 12.820450 2.462345
v 45.897911 11.492210 2.462345
v 46.108292 10.163970 2.462345
v 46.718800 8.965756 2.462345
v 47.669720 8.014852 2.462345
v 48.867931 7.404328 2.462346
v 50.196171 7.193958 2.462346
v 51.524410 7.404328 2.462346
v 52.722618 8.014852 2.462345
v 53.673538 8.965756 2.462345
v 54.284050 10.163980 2.462345
v 54.494431 11.492210 2.462345
v 54.284050 12.820440 2.462345
v 53.673538 14.018660 2.462345
v 52.722618 14.969570 2.462345
v 51.524410 15.580090 2.462345
v 50.196171 15.790460 2.462345
v 48.605740 16.387030 2.894662
v 47.171009 15.656000 2.894662
v 46.032391 14.517370 2.894662
v 45.301338 13.082640 2.894662
v 45.049438 11.492210 2.894662
v 45.301338 9.901786 2.894662
v 46.032391 8.467044 2.894662
v 47.171009 7.328426 2.894663
v 48.605740 6.597385 2.894663
v 50.196171 6.345491 2.894663
v 51.786598 6.597385 2.894663
v 53.221340 7.328426 2.894663
v 54.359951 8.467044 2.894662
v 55.091000 9.901786 2.894662
v 55.342899 11.492210 2.894662
v 55.091000 13.082640 2.894662
v 54.359951 14.517370 2.894662
v 53.221340 15.656000 2.894662
v 51.786598 16.387030 2.894662
v 50.196171 16.638929 2.894662
v 48.315109 17.281540 3.043626
v 46.618179 16.416901 3.043626
v 45.271481 15.070210 3.043626
v 44.406841 13.373270 3.043626
v 44.108921 11.492210 3.043626
v 44.406841 9.611145 3.043626
v 45.271481 7.914213 3.043626
v 46.618179 6.567520 3.043627
v 48.315109 5.702891 3.043627
v 50.196171 5.404959 3.043627
v 52.077240 5.702891 3.043627
v 53.774158 6.567520 3.043627
v 55.120869 7.914213 3.043626
v 55.985500 9.611145 3.043626
v 56.283421 11.492210 3.043626
v 55.985500 13.373270 3.043626
v 55.120869 15.070200 3.043626
v 53.774158 16.416901 3.043626
v 52.077240 17.281530 3.043626
v 50.196171 17.579460 3.043626
v 48.024471 18.176029 2.894662
v 46.065338 17.177820 2.894662
v 44.510571 15.623040 2.894662
v 43.512348 13.663920 2.894662
v 43.168369 11.492210 2.894662
v 43.512348 9.320502 2.894662
v 44.510571 7.361379 2.894663
v 46.065338 5.806611 2.894663
v 48.024471 4.808388 2.894663
v 50.196171 4.464426 2.894663
v 52.367870 4.808388 2.894663
v 54.327000 5.806611 2.894663
v 55.881771 7.361379 2.894663
v 56.879990 9.320502 2.894662
v 57.223969 11.492210 2.894662
v 56.879990 13.663920 2.894662
v 55.881771 15.623040 2.894662
v 54.327000 17.177811 2.894662
v 52.367870 18.176029 2.894662
v 50.196171 18.520000 2.894662
v 47.762280 18.982969 2.462345
v 45.566620 17.864241 2.462345
v 43.824139 16.121759 2.462345
v 42.705421 13.926110 2.462345
v 42.319920 11.492210 2.462345
v 42.705421 9.058315 2.462345
v 43.824162 6.862666 2.462346
v 45.566620 5.120191 2.462346
v 47.762280 4.001451 2.462346
v 50.196171 3.615955 2.462346
v 52.630058 4.001451 2.462346
v 54.825722 5.120191 2.462346
v 56.568180 6.862666 2.462346
v 57.686920 9.058315 2.462345
v 58.072430 11.492210 2.462345
v 57.686920 13.926110 2.462345
v 56.568180 16.121759 2.462345
v 54.825722 17.864241 2.462345
v 52.630058 18.982969 2.462345
v 50.196171 19.368469 2.462345
v 47.554199 19.623369 1.788999
v 45.170841 18.408979 1.788999
v 43.279400 16.517540 1.788999
v 42.065022 14.134180 1.788999
v 41.646561 11.492210 1.788999
v 42.065022 8.850239 1.788999
v 43.279400 6.466878 1.789000
v 45.170841 4.575444 1.789000
v 47.554199 3.361056 1.789000
v 50.196171 2.942619 1.789000
v 52.838139 3.361056 1.789000
v 55.221500 4.575444 1.789000
v 57.112949 6.466883 1.789000
v 58.327320 8.850239 1.788999
v 58.745781 11.492210 1.788999
v 58.327320 14.134180 1.788999
v 57.112949 16.517540 1.788999
v 55.221500 18.408979 1.788999
v 52.838139 19.623360 1.788999
v 50.196171 20.041809 1.788998
v 47.420609 20.034531 0.940531
v 44.916729 18.758739 0.940532
v 42.929642 16.771650 0.940532
v 41.653851 14.267780 0.940532
v 41.214249 11.492210 0.940532
v 41.653851 8.716647 0.940532
v 42.929642 6.212768 0.940533
v 44.916729 4.225697 0.940533
v 47.420609 2.949905 0.940533
v 50.196171 2.510291 0.940533
v 52.971729 2.949905 0.940533
v 55.475609 4.225697 0.940533
v 57.462700 6.212768 0.940533
v 58.738491 8.716647 0.940532
v 59.178089 11.492210 0.940532
v 58.738491 14.267780 0.940532
v 57.462700 16.771650 0.940532
v 55.475609 18.758739 0.940532
v 52.971729 20.034510 0.940531
v 50.196171 20.474131 0.940531
v 47.374561 20.176201 -0.000002
v 44.829159 18.879250 -0.000001
v 42.809132 16.859209 -0.000001
v 41.512180 14.313810 -0.000001
v 41.065289 11.492210 -0.000001
v 41.512180 8.670609 -0.000001
v 42.809132 6.125211 -0.000000
v 44.829159 4.105172 -0.000000
v 47.374580 2.808223 -0.000000
v 50.196171 2.361325 -0.000000
v 53.017761 2.808223 -0.000000
v 55.563179 4.105172 -0.000000
v 57.583210 6.125211 -0.000000
v 58.880161 8.670609 -0.000001
v 59.327049 11.492210 -0.000001
v 58.880161 14.313810 -0.000001
v 57.583210 16.859200 -0.000001
v 55.563179 18.879250 -0.000001
v 53.017761 20.176201 -0.000002
v 50.196171 20.623091 -0.000002
v 49.209599 14.528540 -0.940534
v 48.319611 14.075070 -0.940534
v 47.613319 13.368770 -0.940534
v 47.159840 12.478780 -0.940534
v 47.003578 11.492210 -0.940534
v 47.159840 10.505640 -0.940534
v 47.613319 9.615649 -0.940534
v 48.319611 8.909348 -0.940534
v 49.209599 8.455874 -0.940534
v 50.196171 8.299616 -0.940534
v 51.182739 8.455874 -0.940534
v 52.072731 8.909348 -0.940534
v 52.779018 9.615649 -0.940534
v 53.232510 10.505650 -0.940534
v 53.388760 11.492210 -0.940534
v 53.232510 12.478770 -0.940534
v 52.779018 13.368770 -0.940534
v 52.072731 14.075070 -0.940534
v 51.182739 14.528540 -0.940534
v 50.196171 14.684810 -0.940534
v 49.076012 14.939700 -1.789002
v 48.065510 14.424820 -1.789002
v 47.263561 13.622880 -1.789002
v 46.748692 12.612370 -1.789002
v 46.571251 11.492210 -1.789002
v 46.748692 10.372050 -1.789002
v 47.263561 9.361544 -1.789002
v 48.065510 8.559598 -1.789002
v 49.076012 8.044722 -1.789002
v 50.196171 7.867304 -1.789002
v 51.316330 8.044722 -1.789002
v 52.326839 8.559598 -1.789002
v 53.128780 9.361544 -1.789002
v 53.643650 10.372050 -1.789002
v 53.821091 11.492210 -1.789002
v 53.643650 12.612370 -1.789002
v 53.128780 13.622880 -1.789002
v 52.326839 14.424820 -1.789002
v 51.316330 14.939700 -1.789002
v 50.196171 15.117120 -1.789002
v 48.867931 15.580100 -2.462347
v 47.669720 14.969570 -2.462347
v 46.718800 14.018670 -2.462347
v 46.108292 12.820450 -2.462347
v 45.897911 11.492210 -2.462347
v 46.108292 10.163970 -2.462347
v 46.718800 8.965756 -2.462347
v 47.669720 8.014852 -2.462347
v 48.867931 7.404328 -2.462347
v 50.196171 7.193958 -2.462347
v 51.524410 7.404328 -2.462347
v 52.722618 8.014852 -2.462347
v 53.673538 8.965756 -2.462347
v 54.284050 10.163980 -2.462347
v 54.494431 11.492210 -2.462347
v 54.284050 12.820440 -2.462347
v 53.673538 14.018660 -2.462347
v 52.722618 14.969570 -2.462347
v 51.524410 15.580090 -2.462347
v 50.196171 15.790460 -2.462347
v 48.605740 16.387030 -2.894664
v 47.171009 15.656000 -2.894664
v 46.032391 14.517370 -2.894664
v 45.301338 13.082640 -2.894664
v 45.049438 11.492210 -2.894664
v 45.301338 9.901786 -2.894664
v 46.032391 8.467044 -2.894664
v 47.171009 7.328426 -2.894664
v 48.605740 6.597385 -2.894664
v 50.196171 6.345491 -2.894664
v 51.786598 6.597385 -2.894664
v 53.221340 7.328426 -2.894664
v 54.359951 8.467044 -2.894664
v 55.091000 9.901786 -2.894664
v 55.342899 11.492210 -2.894664
v 55.091000 13.082640 -2.894664
v 54.359951 14.517370 -2.894664
v 53.221340 15.656000 -2.894664
v 51.786598 16.387030 -2.894664
v 50.196171 16.638929 -2.894664
v 48.315109 17.281540 -3.043628
v 46.618179 16.416901 -3.043628
v 45.271481 15.070210 -3.043628
v 44.406841 13.373270 -3.043628
v 44.108921 11.492210 -3.043628
v 44.406841 9.611145 -3.043628
v 45.271481 7.914213 -3.043628
v 46.618179 6.567520 -3.043628
v 48.315109 5.702891 -3.043628
v 50.196171 5.404959 -3.043628
v 52.077240 5.702891 -3.043628
v 53.774158 6.567520 -3.043628
v 55.120869 7.914213 -3.043628
v 55.985500 9.611145 -3.043628
v 56.283421 11.492210 -3.043628
v 55.985500 13.373270 -3.043628
v 55.120869 15.070200 -3.043628
v 53.774158 16.416901 -3.043628
v 52.077240 17.281530 -3.043628
v 50.196171 17.579460 -3.043628
v 48.024471 18.176029 -2.894665
v 46.065338 17.177820 -2.894664
v 44.510571 15.623040 -2.894664
v 43.512348 13.663920 -2.894664
v 43.168369 11.492210 -2.894664
v 43.512348 9.320502 -2.894664
v 44.510571 7.361379 -2.894664
v 46.065338 5.806611 -2.894664
v 48.024471 4.808388 -2.894664
v 50.196171 4.464426 -2.894663
v 52.367870 4.808388 -2.894664
v 54.327000 5.806611 -2.894664
v 55.881771 7.361379 -2.894664
v 56.879990 9.320502 -2.894664
v 57.223969 11.492210 -2.894664
v 56.879990 13.663920 -2.894664
v 55.881771 15.623040 -2.894664
v 54.327000 17.177811 -2.894664
v 52.367870 18.176029 -2.894665
v 50.196171 18.520000 -2.894665
v 47.762280 18.982969 -2.462348
v 45.566620 17.864241 -2.462348
v 43.824139 16.121759 -2.462347
v 42.705421 13.926110 -2.462347
v 42.319920 11.492210 -2.462347
v 42.705421 9.058315 -2.462347
v 43.824162 6.862666 -2.462347
v 45.566620 5.120191 -2.462347
v 47.762280 4.001451 -2.462346
v 50.196171 3.615955 -2.462346
v 52.630058 4.001451 -2.462346
v 54.825722 5.120191 -2.462347
v 56.568180 6.862666 -2.462347
v 57.686920 9.058315 -2.462347
v 58.072430 11.492210 -2.462347
v 57.686920 13.926110 -2.462347
v 56.568180 16.121759 -2.462347
v 54.825722 17.864241 -2.462348
v 52.630058 18.982969 -2.462348
v 50.196171 19.368469 -2.462348
v 47.554199 19.623369 -1.789001
v 45.170841 18.408979 -1.789001
v 43.279400 16.517540 -1.789001
v 42.065022 14.134180 -1.789001
v 41.646561 11.492210 -1.789001
v 42.065022 8.850239 -1.789001
v 43.279400 6.466878 -1.789001
v 45.170841 4.575444 -1.789000
v 47.554199 3.361056 -1.789000
v 50.196171 2.942619 -1.789000
v 52.838139 3.361056 -1.789000
v 55.221500 4.575444 -1.789000
v 57.112949 6.466883 -1.789001
v 58.327320 8.850239 -1.789001
v 58.745781 11.492210 -1.789001
v 58.327320 14.134180 -1.789001
v 57.112949 16.517540 -1.789001
v 55.221500 18.408979 -1.789001
v 52.838139 19.623360 -1.789001
v 50.196171 20.041809 -1.789002
v 47.420609 20.034531 -0.940534
v 44.916729 18.758739 -0.940534
v 42.929642 16.771650 -0.940534
v 41.653851 14.267780 -0.940534
v 41.214249 11.492210 -0.940534
v 41.653851 8.716647 -0.940534
v 42.929642 6.212768 -0.940533
v 44.916729 4.225697 -0.940533
v 47.420609 2.949905 -0.940533
v 50.196171 2.510291 -0.940533
v 52.971729 2.949905 -0.940533
v 55.475609 4.225697 -0.940533
v 57.462700 6.212768 -0.940533
v 58.738491 8.716647 -0.940534
v 59.178089 11.492210 -0.940534
v 58.738491 14.267780 -0.940534
v 57.462700 16.771650 -0.940534
v 55.475609 18.758739 -0.940534
v 52.971729 20.034510 -0.940534
v 50.196171 20.474131 -0.940535
v -38.896370 -1.002096 2.474992
v -39.334290 14.159370 2.474991
v -39.334301 14.159360 -2.474992
v -38.896370 -1.002096 -2.474993
v -38.967819 1.471367 4.949487
v -39.262852 11.685900 4.949486
v -39.262852 11.685900 -4.949488
v -38.967819 1.471367 -4.949487
v -38.811192 -3.951179 5.425303
v -38.882641 -1.477714 7.899798
v -39.103031 14.452111 8.005047
v -39.425190 17.306610 5.623554
v -38.882641 -1.477716 -7.899798
v -38.811192 -3.951180 -5.425303
v -39.425190 17.306610 -5.623557
v -39.103031 14.452109 -8.005049
v -38.781200 -6.101707 6.463823
v -38.852650 -2.515805 9.912541
v -39.131771 15.447431 9.950787
v -39.452011 19.412870 6.552568
v -38.852650 -2.515807 -9.912541
v -38.781200 -6.101707 -6.463822
v -39.452011 19.412870 -6.552571
v -39.131771 15.447429 -9.950788
v -39.425190 17.114290 -0.000001
v -39.452011 19.605200 -0.000001
v -38.811192 -3.951179 0.000000
v -38.781200 -6.101707 0.000000
v -37.280270 -1.002096 2.474992
v -36.842350 14.159370 2.474991
v -36.842339 14.159360 -2.474992
v -37.280270 -1.002096 -2.474993
v -37.208820 1.471367 4.949487
v -36.913792 11.685900 4.949486
v -36.913792 11.685900 -4.949488
v -37.208820 1.471367 -4.949487
v -37.365452 -3.951179 5.425303
v -37.293999 -1.477714 7.899798
v -37.073608 14.452111 8.005047
v -36.751450 17.306610 5.623554
v -37.293999 -1.477716 -7.899798
v -37.365452 -3.951180 -5.425303
v -36.751450 17.306610 -5.623557
v -37.073608 14.452109 -8.005049
v -37.395439 -6.101707 6.463823
v -37.323990 -2.515805 9.912541
v -37.044868 15.447431 9.950787
v -36.724628 19.412870 6.552568
v -37.323990 -2.515807 -9.912541
v -37.395439 -6.101707 -6.463822
v -36.724628 19.412870 -6.552571
v -37.044868 15.447429 -9.950788
v -36.751450 17.114290 -0.000001
v -36.724628 19.605200 -0.000001
v -37.365452 -3.951179 0.000000
v -37.395439 -6.101707 0.000000
vn -0.1239 0.1050 0.9867
vn -0.0661 0.0680 0.9955
vn -0.0644 0.0385 0.9972
vn 0.0014 -0.0219 0.9998
vn 0.0632 -0.9980 -0.0000
vn -0.0643 0.0385 -0.9972
vn -0.0021 0.0727 0.9973
vn -0.0045 0.0740 0.9972
vn -0.0058 0.0911 0.9958
vn -0.0057 0.0935 0.9956
vn 0.0014 -0.0220 0.9998
vn -0.0047 0.0757 0.9971
vn -0.0050 0.0737 0.9973
vn -0.0068 0.0985 0.9951
vn -0.0057 0.0906 0.9959
vn -0.0618 0.0400 -0.9973
vn 0.0015 -0.0219 -0.9998
vn -0.0057 0.0935 -0.9956
vn -0.0045 0.0740 -0.9972
vn -0.0058 0.0911 -0.9958
vn -0.0021 0.0727 -0.9973
vn 0.0017 -0.0219 -0.9998
vn 0.0014 -0.0219 -0.9998
vn -0.0048 0.0757 -0.9971
vn -0.0068 0.0985 -0.9951
vn -0.0050 0.0737 -0.9973
vn -0.0058 0.0906 -0.9959
vn -0.0661 0.0680 -0.9955
vn 0.0142 -0.2544 0.9670
vn 0.0143 -0.2544 0.9670
vn -0.0128 0.2001 0.9797
vn -0.0128 0.2002 0.9797
vn -0.0127 0.2003 0.9797
vn -0.0122 0.2966 0.9549
vn -0.9244 -0.3487 -0.1547
vn 0.9220 0.3537 0.1575
vn -0.9239 -0.3806 0.0391
vn 0.9212 0.3870 -0.0398
vn 0.9230 0.3426 -0.1752
vn -0.9261 -0.3360 0.1713
vn -0.9261 -0.3360 -0.1713
vn -0.9989 -0.0463 -0.0000
vn -0.0122 0.2966 -0.9549
vn -0.0463 0.9989 -0.0000
vn 0.9974 0.0722 -0.0000
vn 0.0142 -0.2544 -0.9670
vn 0.0143 -0.2544 -0.9670
vn -0.9974 -0.0721 -0.0000
vn 0.0138 -0.2322 0.9726
vn -0.0129 0.2024 0.9792
vn -0.0128 0.2024 0.9792
vn 0.0139 -0.2322 0.9726
vn -0.0124 0.3091 0.9509
vn -0.9367 -0.3206 -0.1407
vn 0.9217 0.3536 0.1592
vn 0.9217 0.3537 0.1591
vn -0.9372 -0.3470 0.0350
vn 0.9224 0.3842 -0.0395
vn 0.9263 0.3357 -0.1711
vn -0.9411 -0.3024 0.1511
vn -0.0123 0.3091 0.9510
vn 0.9978 0.0662 -0.0000
vn 0.0138 -0.2322 -0.9726
vn 0.0139 -0.2322 -0.9726
vn -0.9978 -0.0662 -0.0000
vn -0.9989 -0.0463 -0.0001
vn -0.0123 0.3090 -0.9510
vn 0.9263 0.3357 0.1711
vn 0.9475 0.2941 0.1259
vn 0.9474 0.2941 0.1259
vn 0.9474 0.2942 0.1259
vn 0.9477 0.3177 -0.0315
vn 0.9476 0.3178 -0.0316
vn 0.9540 0.2695 -0.1314
vn 0.0138 -0.2316 0.9727
vn -0.9421 -0.3076 -0.1334
vn -0.9425 -0.3325 0.0333
vn -0.9505 -0.2790 0.1371
vn -0.0127 0.3544 0.9350
vn 0.9475 0.2941 -0.1258
vn 0.0138 -0.2316 -0.9727
vn -0.0127 0.3544 -0.9350
vn -0.0463 0.9989 0.0001
vn 0.9540 0.2695 0.1314
vn -0.9974 -0.0722 -0.0000
vn 0.9212 0.3870 -0.0399
vn 0.9230 0.3426 0.1752
vn -0.9411 -0.3024 -0.1511
vn -0.9367 -0.3207 -0.1407
vn -0.9505 -0.2790 -0.1371
vn -0.0128 0.2002 -0.9797
vn -0.0127 0.2002 -0.9797
vn -0.0127 0.2003 -0.9797
vn -0.9244 -0.3487 0.1547
vn 0.9220 0.3536 -0.1575
vn -0.9239 -0.3806 -0.0391
vn 0.9212 0.3870 0.0398
vn 0.0138 -0.2323 -0.9726
vn -0.0129 0.2024 -0.9792
vn -0.0128 0.2024 -0.9792
vn 0.0139 -0.2323 -0.9725
vn -0.0123 0.3091 -0.9510
vn -0.9367 -0.3206 0.1407
vn 0.9217 0.3536 -0.1592
vn 0.9217 0.3537 -0.1591
vn -0.9372 -0.3470 -0.0350
vn 0.9224 0.3842 0.0395
vn 0.9475 0.2941 -0.1259
vn 0.9474 0.2941 -0.1259
vn 0.9477 0.3177 0.0315
vn 0.9477 0.3176 0.0315
vn -0.0128 0.2025 -0.9792
vn 0.9540 0.2694 0.1314
vn -0.9421 -0.3076 0.1334
vn -0.9425 -0.3325 -0.0333
vn 0.9220 0.3537 -0.1575
vn 0.9212 0.3870 0.0399
vn -0.9367 -0.3207 0.1407
vn 0.0662 -0.9978 -0.0000
vn 0.0006 -0.1925 0.9813
vn 0.0003 -0.1979 0.9802
vn 0.0042 -0.2061 0.9785
vn 0.0440 -0.1952 0.9798
vn 0.0202 0.2067 0.9782
vn -0.0125 0.1974 0.9802
vn -0.0279 0.2524 0.9672
vn 0.0282 0.2080 0.9777
vn 0.0224 0.2543 0.9669
vn 0.0123 -0.1969 0.9804
vn 0.0096 -0.1980 0.9802
vn -0.0101 0.2063 0.9784
vn 0.0003 -0.1979 -0.9802
vn 0.0440 -0.1952 -0.9798
vn 0.0105 -0.1980 -0.9802
vn -0.0100 0.2063 -0.9784
vn 0.0199 0.2077 -0.9780
vn 0.0224 0.2543 -0.9669
vn -0.0279 0.2524 -0.9672
vn -0.0125 0.1974 -0.9802
vn 0.0007 -0.1925 -0.9813
vn -0.0000 -0.1926 -0.9813
vn 0.0042 -0.2061 -0.9785
vn 0.0203 0.2067 -0.9782
vn 0.0123 -0.1969 -0.9804
vn -0.0001 0.0035 1.0000
vn -0.0001 0.0034 1.0000
vn -0.0044 0.1030 0.9947
vn -0.0040 0.1031 0.9947
vn 0.0389 -0.9992 0.0001
vn 0.0389 -0.9992 -0.0000
vn -0.9974 -0.0720 -0.0000
vn -0.9972 -0.0749 -0.0000
vn -0.0389 0.9992 0.0001
vn -0.0001 0.0034 -1.0000
vn 0.4486 -0.8803 0.1545
vn 0.4485 -0.8803 0.1545
vn 0.4486 -0.8803 0.1546
vn 0.4485 -0.8803 0.1546
vn 0.6986 -0.6986 0.1545
vn 0.6986 -0.6986 0.1546
vn 0.8803 -0.4485 0.1545
vn 0.8803 -0.4485 0.1546
vn 0.9758 -0.1545 0.1545
vn 0.9758 -0.1545 0.1546
vn 0.9758 0.1546 0.1545
vn 0.9758 0.1546 0.1546
vn 0.8803 0.4486 0.1545
vn 0.8803 0.4486 0.1546
vn 0.6986 0.6987 0.1545
vn 0.6986 0.6986 0.1546
vn 0.4485 0.8803 0.1545
vn 0.4485 0.8803 0.1546
vn 0.1545 0.9758 0.1545
vn 0.1545 0.9758 0.1546
vn -0.1546 0.9758 0.1545
vn -0.1546 0.9758 0.1546
vn -0.4486 0.8803 0.1545
vn -0.4485 0.8803 0.1546
vn -0.6986 0.6986 0.1545
vn -0.6986 0.6986 0.1546
vn -0.8803 0.4485 0.1545
vn -0.8803 0.4485 0.1546
vn -0.9758 0.1545 0.1545
vn -0.9758 0.1545 0.1546
vn -0.9758 -0.1546 0.1545
vn -0.9758 -0.1546 0.1546
vn -0.8803 -0.4486 0.1545
vn -0.8803 -0.4486 0.1546
vn -0.6986 -0.6986 0.1545
vn -0.6986 -0.6986 0.1546
vn -0.4485 -0.8803 0.1545
vn -0.4485 -0.8803 0.1546
vn -0.1545 -0.9758 0.1545
vn -0.1546 -0.9758 0.1546
vn 0.4055 -0.7959 0.4496
vn 0.6316 -0.6316 0.4496
vn 0.7959 -0.4055 0.4496
vn 0.8822 -0.1397 0.4496
vn 0.8822 0.1398 0.4496
vn 0.7959 0.4055 0.4496
vn 0.6316 0.6316 0.4496
vn 0.4055 0.7959 0.4496
vn 0.1397 0.8822 0.4496
vn -0.1397 0.8822 0.4496
vn -0.4055 0.7959 0.4496
vn -0.6316 0.6316 0.4496
vn -0.7959 0.4055 0.4496
vn -0.8822 0.1397 0.4496
vn -0.8822 -0.1398 0.4496
vn -0.7959 -0.4055 0.4496
vn -0.6316 -0.6316 0.4496
vn -0.4055 -0.7959 0.4496
vn -0.1397 -0.8822 0.4496
vn 0.3230 -0.6339 0.7027
vn 0.5031 -0.5031 0.7027
vn 0.6339 -0.3230 0.7027
vn 0.7027 -0.1113 0.7027
vn 0.7027 0.1113 0.7027
vn 0.6339 0.3230 0.7027
vn 0.5031 0.5031 0.7027
vn 0.3230 0.6339 0.7027
vn 0.1113 0.7027 0.7027
vn -0.1113 0.7027 0.7027
vn -0.3230 0.6339 0.7027
vn -0.5031 0.5031 0.7027
vn -0.6339 0.3230 0.7027
vn -0.7027 0.1113 0.7028
vn -0.7027 -0.1113 0.7027
vn -0.6339 -0.3230 0.7027
vn -0.5031 -0.5031 0.7027
vn -0.3230 -0.6339 0.7027
vn -0.1113 -0.7027 0.7027
vn 0.2082 -0.4085 0.8887
vn 0.2081 -0.4085 0.8887
vn 0.3242 -0.3242 0.8887
vn 0.4085 -0.2081 0.8887
vn 0.4528 -0.0717 0.8887
vn 0.4528 0.0717 0.8887
vn 0.4085 0.2081 0.8887
vn 0.3241 0.3242 0.8887
vn 0.2081 0.4085 0.8887
vn 0.0717 0.4528 0.8887
vn -0.0717 0.4528 0.8887
vn -0.2082 0.4085 0.8887
vn -0.3242 0.3241 0.8887
vn -0.4085 0.2081 0.8887
vn -0.4528 0.0717 0.8887
vn -0.4528 -0.0717 0.8887
vn -0.4085 -0.2082 0.8887
vn -0.3241 -0.3242 0.8887
vn -0.2081 -0.4085 0.8887
vn -0.0717 -0.4528 0.8887
vn 0.0718 -0.1410 0.9874
vn 0.1119 -0.1119 0.9874
vn 0.1411 -0.0719 0.9874
vn 0.1563 -0.0248 0.9874
vn 0.1563 0.0247 0.9874
vn 0.1410 0.0719 0.9874
vn 0.1119 0.1119 0.9874
vn 0.0719 0.1410 0.9874
vn 0.0248 0.1563 0.9874
vn -0.0247 0.1563 0.9874
vn -0.0719 0.1410 0.9874
vn -0.1119 0.1119 0.9874
vn -0.1410 0.0719 0.9874
vn -0.1563 0.0248 0.9874
vn -0.1563 -0.0247 0.9874
vn -0.1410 -0.0719 0.9874
vn -0.1120 -0.1119 0.9874
vn -0.0719 -0.1410 0.9874
vn -0.0248 -0.1563 0.9874
vn -0.0719 0.1411 0.9874
vn -0.1120 0.1120 0.9874
vn -0.1411 0.0719 0.9874
vn -0.1564 0.0248 0.9874
vn -0.1564 -0.0248 0.9874
vn -0.1411 -0.0719 0.9874
vn -0.1120 -0.1120 0.9874
vn -0.0719 -0.1411 0.9874
vn -0.0247 -0.1564 0.9874
vn 0.0248 -0.1564 0.9874
vn 0.0719 -0.1411 0.9874
vn 0.1120 -0.1120 0.9874
vn 0.1564 -0.0248 0.9874
vn 0.1564 0.0248 0.9874
vn 0.1411 0.0719 0.9874
vn 0.1120 0.1120 0.9874
vn 0.0719 0.1411 0.9874
vn 0.0248 0.1564 0.9874
vn -0.2081 0.4085 0.8887
vn -0.2081 0.4086 0.8887
vn -0.3242 0.3242 0.8887
vn -0.4086 0.2081 0.8887
vn -0.4529 0.0717 0.8887
vn -0.4529 -0.0718 0.8887
vn -0.3242 -0.3242 0.8887
vn -0.2081 -0.4086 0.8887
vn 0.0718 -0.4529 0.8887
vn 0.4086 -0.2081 0.8887
vn 0.4529 -0.0717 0.8887
vn 0.4529 0.0718 0.8887
vn 0.4085 0.2082 0.8887
vn 0.3242 0.3242 0.8887
vn 0.2081 0.4086 0.8887
vn -0.3230 0.6340 0.7027
vn -0.6340 0.3230 0.7027
vn -0.7027 0.1113 0.7027
vn 0.1113 -0.7027 0.7027
vn -0.4056 0.7959 0.4495
vn -0.4055 0.7959 0.4495
vn -0.6317 0.6316 0.4495
vn -0.7959 0.4055 0.4495
vn -0.8823 0.1397 0.4495
vn -0.8823 -0.1398 0.4495
vn -0.7959 -0.4056 0.4495
vn -0.6316 -0.6317 0.4495
vn -0.4055 -0.7959 0.4495
vn -0.1397 -0.8823 0.4495
vn 0.1398 -0.8823 0.4495
vn 0.4056 -0.7959 0.4495
vn 0.6317 -0.6316 0.4495
vn 0.7959 -0.4055 0.4495
vn 0.8823 -0.1397 0.4495
vn 0.8823 0.1397 0.4495
vn 0.7959 0.4055 0.4495
vn 0.6316 0.6317 0.4495
vn 0.4055 0.7959 0.4495
vn 0.1397 0.8823 0.4495
vn -0.4485 0.8803 0.1545
vn 0.1546 -0.9758 0.1545
vn 0.6986 0.6986 0.1545
vn 0.4485 -0.8803 -0.1546
vn 0.6986 -0.6986 -0.1546
vn 0.8803 -0.4485 -0.1546
vn 0.9758 -0.1545 -0.1546
vn 0.9758 0.1546 -0.1546
vn 0.8803 0.4485 -0.1546
vn 0.6986 0.6986 -0.1546
vn 0.4485 0.8803 -0.1546
vn 0.1545 0.9758 -0.1546
vn -0.1546 0.9758 -0.1546
vn -0.4485 0.8803 -0.1546
vn -0.6986 0.6986 -0.1546
vn -0.8803 0.4485 -0.1546
vn -0.9758 0.1545 -0.1546
vn -0.9758 -0.1546 -0.1546
vn -0.8803 -0.4485 -0.1546
vn -0.6986 -0.6986 -0.1546
vn -0.4485 -0.8803 -0.1546
vn -0.1545 -0.9758 -0.1546
vn 0.4055 -0.7959 -0.4496
vn 0.6316 -0.6316 -0.4496
vn 0.7959 -0.4055 -0.4496
vn 0.8823 -0.1397 -0.4496
vn 0.8822 0.1398 -0.4496
vn 0.7959 0.4055 -0.4496
vn 0.6316 0.6316 -0.4496
vn 0.4055 0.7959 -0.4496
vn 0.1397 0.8823 -0.4496
vn -0.1398 0.8822 -0.4496
vn -0.4055 0.7959 -0.4496
vn -0.6316 0.6316 -0.4496
vn -0.7959 0.4055 -0.4496
vn -0.8822 0.1397 -0.4496
vn -0.8822 -0.1398 -0.4496
vn -0.7959 -0.4055 -0.4496
vn -0.6316 -0.6316 -0.4496
vn -0.4055 -0.7959 -0.4496
vn -0.1397 -0.8823 -0.4496
vn 0.3230 -0.6339 -0.7027
vn 0.5031 -0.5031 -0.7027
vn 0.6339 -0.3230 -0.7027
vn 0.7027 -0.1113 -0.7027
vn 0.7027 0.1113 -0.7027
vn 0.6339 0.3230 -0.7027
vn 0.5031 0.5031 -0.7027
vn 0.3230 0.6339 -0.7027
vn 0.1113 0.7027 -0.7027
vn -0.1113 0.7027 -0.7027
vn -0.3230 0.6339 -0.7027
vn -0.5031 0.5031 -0.7027
vn -0.6339 0.3230 -0.7027
vn -0.7027 0.1113 -0.7027
vn -0.7027 -0.1113 -0.7027
vn -0.6339 -0.3230 -0.7027
vn -0.5031 -0.5031 -0.7027
vn -0.3230 -0.6339 -0.7027
vn -0.1113 -0.7027 -0.7027
vn 0.2081 -0.4085 -0.8887
vn 0.3242 -0.3241 -0.8887
vn 0.4085 -0.2081 -0.8887
vn 0.4528 -0.0717 -0.8887
vn 0.4528 0.0717 -0.8887
vn 0.4085 0.2081 -0.8887
vn 0.3241 0.3242 -0.8887
vn 0.2081 0.4085 -0.8887
vn 0.0717 0.4528 -0.8887
vn -0.0717 0.4528 -0.8887
vn -0.2081 0.4085 -0.8887
vn -0.3242 0.3241 -0.8887
vn -0.4085 0.2081 -0.8887
vn -0.4528 0.0717 -0.8887
vn -0.4528 -0.0717 -0.8887
vn -0.4085 -0.2081 -0.8887
vn -0.3241 -0.3242 -0.8887
vn -0.2081 -0.4085 -0.8887
vn -0.0717 -0.4528 -0.8887
vn 0.0719 -0.1410 -0.9874
vn 0.1119 -0.1119 -0.9874
vn 0.1411 -0.0719 -0.9874
vn 0.1563 -0.0248 -0.9874
vn 0.1564 0.0248 -0.9874
vn 0.1410 0.0719 -0.9874
vn 0.1119 0.1119 -0.9874
vn 0.0718 0.1410 -0.9874
vn 0.0247 0.1563 -0.9874
vn -0.0248 0.1563 -0.9874
vn -0.0719 0.1410 -0.9874
vn -0.1119 0.1119 -0.9874
vn -0.1410 0.0718 -0.9874
vn -0.1563 0.0247 -0.9874
vn -0.1563 -0.0248 -0.9874
vn -0.1410 -0.0719 -0.9874
vn -0.1119 -0.1120 -0.9874
vn -0.0718 -0.1410 -0.9874
vn -0.0247 -0.1563 -0.9874
vn -0.0719 0.1411 -0.9874
vn -0.1120 0.1120 -0.9874
vn -0.1411 0.0719 -0.9874
vn -0.1564 0.0247 -0.9874
vn -0.1564 -0.0248 -0.9874
vn -0.1411 -0.0719 -0.9874
vn -0.0719 -0.1411 -0.9874
vn -0.0247 -0.1564 -0.9874
vn 0.0248 -0.1564 -0.9874
vn 0.0719 -0.1411 -0.9874
vn 0.1120 -0.1120 -0.9874
vn 0.1564 -0.0247 -0.9874
vn 0.1411 0.0719 -0.9874
vn 0.1120 0.1120 -0.9874
vn 0.0719 0.1411 -0.9874
vn 0.0247 0.1564 -0.9874
vn -0.2082 0.4085 -0.8887
vn -0.2081 0.4086 -0.8887
vn -0.3242 0.3242 -0.8887
vn -0.4086 0.2081 -0.8887
vn -0.4529 0.0717 -0.8887
vn -0.4529 -0.0718 -0.8887
vn -0.4085 -0.2082 -0.8887
vn -0.3242 -0.3242 -0.8887
vn -0.2081 -0.4086 -0.8887
vn 0.0718 -0.4529 -0.8887
vn 0.2082 -0.4085 -0.8887
vn 0.3242 -0.3242 -0.8887
vn 0.4086 -0.2081 -0.8887
vn 0.4529 -0.0717 -0.8887
vn 0.4529 0.0718 -0.8887
vn 0.4085 0.2082 -0.8887
vn 0.3242 0.3242 -0.8887
vn 0.2081 0.4086 -0.8887
vn -0.6340 0.3230 -0.7027
vn 0.1113 -0.7027 -0.7027
vn -0.4056 0.7959 -0.4495
vn -0.4055 0.7959 -0.4495
vn -0.6317 0.6316 -0.4495
vn -0.7959 0.4055 -0.4495
vn -0.8823 0.1397 -0.4495
vn -0.8823 -0.1398 -0.4495
vn -0.7959 -0.4056 -0.4495
vn -0.6316 -0.6317 -0.4495
vn -0.4055 -0.7959 -0.4495
vn -0.1397 -0.8823 -0.4495
vn 0.1398 -0.8823 -0.4495
vn 0.4056 -0.7959 -0.4495
vn 0.6317 -0.6316 -0.4495
vn 0.7959 -0.4055 -0.4495
vn 0.8823 -0.1397 -0.4495
vn 0.8823 0.1398 -0.4495
vn 0.7959 0.4055 -0.4495
vn 0.6316 0.6317 -0.4495
vn 0.4055 0.7959 -0.4495
vn 0.1397 0.8823 -0.4495
vn -0.9996 -0.0288 -0.0000
vn -0.9996 -0.0289 0.0001
vn -0.9996 -0.0289 -0.0000
vn -0.9991 0.0123 0.0411
vn -0.9962 -0.0744 0.0456
vn -0.9991 0.0123 -0.0411
vn -0.9962 -0.0744 -0.0456
vn -0.9999 -0.0159 -0.0041
vn -0.9957 -0.0874 0.0300
vn -0.9981 -0.0349 0.0501
vn -0.9999 -0.0159 0.0041
vn -0.9957 -0.0873 -0.0299
vn -0.9980 -0.0358 -0.0522
vn -0.9999 -0.0107 -0.0000
vn -0.9999 -0.0108 -0.0004
vn -0.9999 -0.0139 -0.0000
vn -0.9999 -0.0140 -0.0000
vn -0.0000 -1.0000 -0.0000
vn -0.0000 1.0000 0.0001
vn -0.0000 1.0000 -0.0000
vn -0.0000 -0.0000 1.0000
vn -0.0000 -0.0000 -1.0000
vn -0.0001 -0.7072 -0.7070
vn -0.0000 0.7073 0.7069
vn -0.0001 0.7072 -0.7070
vn -0.0000 -0.7413 0.6711
vn -0.0000 -0.7072 0.7070
vn -0.0001 0.7073 -0.7069
vn -0.0001 -0.7414 -0.6711
vn -0.0000 -0.6932 0.7207
vn -0.0001 -0.6932 0.7208
vn -0.0001 0.6507 0.7593
vn -0.0000 0.6507 0.7593
vn -0.0000 -0.6931 -0.7208
vn -0.0000 -0.6932 -0.7207
vn -0.0001 0.6507 -0.7593
vn -0.0000 0.9996 0.0293
vn -0.0000 -0.9994 0.0341
vn -0.0001 -1.0000 -0.0000
vt 0.134084 0.101583
vt 0.133243 0.117527
vt 0.107206 0.126139
vt 0.120724 0.130467
vt 0.131710 0.280248
vt 0.130273 0.432834
vt 0.109447 0.280769
vt 0.108334 0.433213
vt 0.105420 0.280867
vt 0.104408 0.433283
vt 0.128734 0.596241
vt 0.126915 0.789310
vt 0.107360 0.596476
vt 0.104898 0.789455
vt 0.103633 0.596516
vt 0.100849 0.789474
vt 0.261008 0.252640
vt 0.265429 0.247084
vt 0.266014 0.252979
vt 0.246225 0.252664
vt 0.250175 0.247337
vt 0.251933 0.252655
vt 0.258982 0.247322
vt 0.244090 0.247376
vt 0.238550 0.252883
vt 0.237820 0.247060
vt 0.265407 0.246570
vt 0.266029 0.253430
vt 0.244097 0.246570
vt 0.250199 0.246570
vt 0.251959 0.253430
vt 0.258990 0.246570
vt 0.238594 0.253430
vt 0.237841 0.246570
vt 0.233804 0.247101
vt 0.233804 0.252968
vt 0.270116 0.253430
vt 0.270116 0.246570
vt 0.258756 0.214505
vt 0.265590 0.207645
vt 0.266286 0.214836
vt 0.243905 0.214498
vt 0.250315 0.207925
vt 0.252243 0.214516
vt 0.256298 0.207895
vt 0.241771 0.207971
vt 0.238350 0.214683
vt 0.265515 0.207216
vt 0.266247 0.215219
vt 0.258749 0.215219
vt 0.250295 0.207216
vt 0.252222 0.215219
vt 0.243899 0.215219
vt 0.238338 0.215219
vt 0.237588 0.207216
vt 0.237624 0.207676
vt 0.270370 0.215219
vt 0.270370 0.207216
vt 0.233550 0.207720
vt 0.233550 0.214770
vt 0.266335 0.174243
vt 0.256356 0.174243
vt 0.256457 0.173355
vt 0.252101 0.174243
vt 0.241815 0.174243
vt 0.241829 0.173417
vt 0.238093 0.174243
vt 0.265914 0.168477
vt 0.266455 0.173667
vt 0.250965 0.168722
vt 0.252175 0.173389
vt 0.254806 0.168728
vt 0.240393 0.168702
vt 0.238184 0.173638
vt 0.265778 0.167862
vt 0.250900 0.167862
vt 0.237541 0.167862
vt 0.237656 0.168408
vt 0.270455 0.174243
vt 0.270455 0.167862
vt 0.233465 0.168435
vt 0.233465 0.173728
vt 0.266949 0.247057
vt 0.261006 0.253430
vt 0.246219 0.253430
vt 0.241776 0.207216
vt 0.256297 0.207216
vt 0.240387 0.167862
vt 0.254795 0.167862
vt 0.209730 0.315848
vt 0.195508 0.315848
vt 0.209314 0.266409
vt 0.194608 0.265960
vt 0.209599 0.129334
vt 0.209557 0.164442
vt 0.195420 0.129627
vt 0.195267 0.165012
vt 0.181702 0.315848
vt 0.182149 0.265836
vt 0.181858 0.129404
vt 0.181899 0.165324
vt 0.195464 0.123004
vt 0.209592 0.123004
vt 0.181887 0.123004
vt 0.201128 0.456143
vt 0.178963 0.456564
vt 0.176731 0.405216
vt 0.197891 0.405946
vt 0.155904 0.455927
vt 0.154745 0.406090
vt 0.259881 0.428341
vt 0.261194 0.429197
vt 0.258251 0.430199
vt 0.260220 0.431469
vt 0.258898 0.427118
vt 0.256771 0.428383
vt 0.258332 0.425651
vt 0.255922 0.426200
vt 0.258251 0.424084
vt 0.255789 0.423860
vt 0.258659 0.422569
vt 0.256386 0.421595
vt 0.259517 0.421255
vt 0.257655 0.419625
vt 0.260737 0.420263
vt 0.259468 0.418141
vt 0.262201 0.419700
vt 0.261651 0.417291
vt 0.263767 0.419619
vt 0.263990 0.417158
vt 0.265280 0.420028
vt 0.266255 0.417756
vt 0.266597 0.420883
vt 0.268225 0.419024
vt 0.267581 0.422103
vt 0.269706 0.420839
vt 0.268140 0.423569
vt 0.270552 0.423024
vt 0.268216 0.425138
vt 0.270682 0.425363
vt 0.267813 0.426659
vt 0.270087 0.427629
vt 0.266959 0.427976
vt 0.268821 0.429601
vt 0.265740 0.428962
vt 0.267007 0.431085
vt 0.264275 0.429522
vt 0.264824 0.431933
vt 0.262708 0.429605
vt 0.262485 0.432066
vt 0.256685 0.431992
vt 0.259285 0.433658
vt 0.254726 0.429605
vt 0.253601 0.426731
vt 0.253418 0.423648
vt 0.254196 0.420660
vt 0.255860 0.418059
vt 0.258245 0.416099
vt 0.261120 0.414971
vt 0.264202 0.414787
vt 0.267190 0.415567
vt 0.269791 0.417231
vt 0.271749 0.419618
vt 0.272873 0.422494
vt 0.273055 0.425576
vt 0.272277 0.428564
vt 0.270615 0.431166
vt 0.268230 0.433127
vt 0.265355 0.434254
vt 0.262273 0.434437
vt 0.255097 0.433805
vt 0.258335 0.435872
vt 0.252656 0.430839
vt 0.251251 0.427264
vt 0.251018 0.423429
vt 0.251982 0.419711
vt 0.254047 0.416472
vt 0.257012 0.414029
vt 0.260586 0.412622
vt 0.264421 0.412388
vt 0.268140 0.413352
vt 0.271378 0.415419
vt 0.273819 0.418385
vt 0.275224 0.421960
vt 0.275455 0.425795
vt 0.274492 0.429513
vt 0.272428 0.432753
vt 0.269463 0.435196
vt 0.265889 0.436603
vt 0.262054 0.436836
vt 0.253469 0.435653
vt 0.257358 0.438132
vt 0.250537 0.432093
vt 0.248847 0.427802
vt 0.248566 0.423199
vt 0.249721 0.418734
vt 0.252199 0.414844
vt 0.255757 0.411910
vt 0.260048 0.410219
vt 0.264651 0.409937
vt 0.269116 0.411092
vt 0.273006 0.413571
vt 0.275939 0.417130
vt 0.277627 0.421422
vt 0.277908 0.426025
vt 0.276754 0.430490
vt 0.274276 0.434381
vt 0.270718 0.437315
vt 0.266427 0.439006
vt 0.261824 0.439287
vt 0.251810 0.437530
vt 0.256361 0.440429
vt 0.248379 0.433366
vt 0.246402 0.428345
vt 0.246073 0.422960
vt 0.247423 0.417736
vt 0.250322 0.413185
vt 0.254485 0.409752
vt 0.259504 0.407774
vt 0.264890 0.407444
vt 0.270114 0.408795
vt 0.274664 0.411694
vt 0.278096 0.415858
vt 0.280073 0.420879
vt 0.280402 0.426264
vt 0.279051 0.431488
vt 0.276153 0.436039
vt 0.271990 0.439472
vt 0.266970 0.441450
vt 0.261585 0.441780
vt 0.250133 0.439427
vt 0.255352 0.442752
vt 0.246197 0.434652
vt 0.243930 0.428895
vt 0.243551 0.422718
vt 0.245100 0.416727
vt 0.248424 0.411508
vt 0.253198 0.407571
vt 0.258955 0.405302
vt 0.265132 0.404923
vt 0.271123 0.406472
vt 0.276342 0.409797
vt 0.280277 0.414572
vt 0.282545 0.420329
vt 0.282923 0.426506
vt 0.281374 0.432496
vt 0.278051 0.437716
vt 0.273277 0.441653
vt 0.267520 0.443922
vt 0.261343 0.444301
vt 0.248445 0.441342
vt 0.254339 0.445095
vt 0.244000 0.435952
vt 0.241438 0.429452
vt 0.241009 0.422478
vt 0.242757 0.415714
vt 0.246509 0.409820
vt 0.251898 0.405374
vt 0.258398 0.402810
vt 0.265371 0.402381
vt 0.272136 0.404129
vt 0.278030 0.407882
vt 0.282475 0.413272
vt 0.285037 0.419772
vt 0.285465 0.426746
vt 0.283718 0.433510
vt 0.279966 0.439404
vt 0.274577 0.443851
vt 0.268077 0.446414
vt 0.261103 0.446843
vt 0.246748 0.443274
vt 0.253322 0.447457
vt 0.241789 0.437265
vt 0.238929 0.430018
vt 0.238449 0.422241
vt 0.240395 0.414697
vt 0.244576 0.408123
vt 0.250585 0.403163
vt 0.257832 0.400302
vt 0.265609 0.399821
vt 0.273153 0.401767
vt 0.279727 0.405950
vt 0.284686 0.411959
vt 0.287545 0.419207
vt 0.288026 0.426983
vt 0.286080 0.434527
vt 0.281898 0.441101
vt 0.275890 0.446061
vt 0.268643 0.448922
vt 0.260866 0.449403
vt 0.245041 0.445223
vt 0.252300 0.449838
vt 0.239563 0.438590
vt 0.236403 0.430590
vt 0.235869 0.422005
vt 0.238014 0.413675
vt 0.242628 0.406416
vt 0.249259 0.400937
vt 0.257259 0.397776
vt 0.265844 0.397241
vt 0.274175 0.399386
vt 0.281434 0.404001
vt 0.286912 0.410634
vt 0.290072 0.418634
vt 0.290605 0.427219
vt 0.288460 0.435548
vt 0.283847 0.442808
vt 0.277216 0.448287
vt 0.269216 0.451449
vt 0.260631 0.451983
vt 0.243318 0.447188
vt 0.251269 0.452239
vt 0.237318 0.439927
vt 0.233854 0.431167
vt 0.233267 0.421766
vt 0.235613 0.412644
vt 0.240663 0.404693
vt 0.247922 0.398692
vt 0.256682 0.395227
vt 0.266083 0.394639
vt 0.275206 0.396985
vt 0.283157 0.402036
vt 0.289157 0.409297
vt 0.292620 0.418057
vt 0.293207 0.427458
vt 0.290861 0.436579
vt 0.285812 0.444530
vt 0.278553 0.450532
vt 0.269793 0.453997
vt 0.260392 0.454585
vt 0.225287 0.520149
vt 0.227524 0.606221
vt 0.197621 0.520921
vt 0.199819 0.606855
vt 0.240828 0.592444
vt 0.239034 0.533467
vt 0.184396 0.534812
vt 0.186065 0.593685
vt 0.256125 0.517531
vt 0.240908 0.502492
vt 0.258819 0.606523
vt 0.245413 0.624496
vt 0.180262 0.504208
vt 0.166698 0.520572
vt 0.168431 0.608924
vt 0.183329 0.625754
vt 0.267247 0.511473
vt 0.248269 0.491153
vt 0.269923 0.612207
vt 0.252180 0.635288
vt 0.155167 0.515012
vt 0.172296 0.493582
vt 0.157715 0.614972
vt 0.176885 0.636931
vt 0.214688 0.632459
vt 0.214774 0.645918
vt 0.209804 0.483307
vt 0.210139 0.494954
s 1
usemtl initialShadingGroup.007
f 4/1/1 3/2/1 2/3/1
f 2/3/2 3/2/3 1/4/2
f 1/4/2 3/2/3 5/5/4
f 5/5/4 3/2/3 13/5/5
f 13/5/5 3/2/3 22/2/6
f 5/5/4 7/6/4 17/7/7
f 17/7/7 7/6/4 18/8/8
f 7/6/4 5/5/4 14/6/5
f 14/6/5 5/5/4 13/5/5
f 17/7/7 18/8/8 6/9/9
f 6/9/9 18/8/8 8/10/10
f 9/11/4 10/12/11 19/13/12
f 19/13/12 10/12/11 20/14/13
f 7/6/4 9/11/4 18/8/8
f 18/8/8 9/11/4 19/13/12
f 16/12/5 10/12/11 15/11/5
f 15/11/5 10/12/11 9/11/4
f 9/11/4 7/6/4 15/11/5
f 15/11/5 7/6/4 14/6/5
f 19/13/12 20/14/13 12/15/14
f 12/15/14 20/14/13 11/16/15
f 18/8/8 19/13/12 8/10/10
f 8/10/10 19/13/12 12/15/14
f 3/2/3 4/1/16 22/2/6
f 17/7/7 6/9/9 1/4/2
f 23/5/17 13/5/5 22/2/6
f 24/6/17 14/6/5 23/5/17
f 14/6/5 13/5/5 23/5/17
f 8/10/18 28/8/19 6/9/20
f 6/9/20 28/8/19 27/7/21
f 16/12/5 15/11/5 26/12/22
f 15/11/5 25/11/23 26/12/22
f 25/11/23 15/11/5 24/6/17
f 15/11/5 14/6/5 24/6/17
f 29/13/24 12/15/25 30/14/26
f 30/14/26 12/15/25 11/16/27
f 12/15/25 29/13/24 8/10/18
f 8/10/18 29/13/24 28/8/19
f 2/3/28 6/9/20 21/4/28
f 21/4/28 6/9/20 27/7/21
f 4/1/16 2/3/28 22/2/6
f 22/2/6 2/3/28 21/4/28
f 23/5/17 27/7/21 24/6/17
f 24/6/17 27/7/21 28/8/19
f 24/6/17 28/8/19 25/11/23
f 25/11/23 28/8/19 29/13/24
f 25/11/23 29/13/24 26/12/22
f 26/12/22 29/13/24 30/14/26
f 23/5/17 21/4/28 27/7/21
f 34/17/29 32/18/30 33/19/29
f 38/20/31 36/21/32 37/22/32
f 31/23/30 34/17/29 37/22/32
f 35/24/33 39/25/34 40/26/34
f 31/23/30 43/27/35 32/18/30
f 44/28/36 34/17/29 33/19/29
f 35/24/33 46/29/37 47/30/37
f 48/31/38 38/20/31 37/22/32
f 34/17/29 48/31/38 37/22/32
f 47/30/37 42/32/35 31/23/30
f 38/20/31 50/33/39 39/25/34
f 41/34/40 46/29/37 35/24/33
f 114/34/41 41/34/40 51/35/42
f 40/26/34 39/25/34 51/35/42
f 51/35/42 39/25/34 113/26/43
f 50/33/39 52/36/44 39/25/34
f 53/37/45 33/19/29 106/19/46
f 33/19/29 105/18/47 106/19/46
f 54/38/48 32/18/30 43/27/35
f 60/39/49 56/40/49 55/41/49
f 64/42/50 62/43/51 63/44/50
f 59/45/52 60/39/49 63/44/50
f 61/46/51 64/42/50 58/47/53
f 59/45/52 68/48/54 56/40/49
f 65/49/55 70/50/56 60/39/49
f 61/46/51 72/51/57 62/43/51
f 73/52/58 74/53/58 64/42/50
f 60/39/49 70/50/56 73/52/58
f 72/51/57 59/45/52 62/43/51
f 64/42/50 74/53/58 67/54/59
f 66/55/60 61/46/51 57/56/61
f 75/57/62 55/41/49 124/41/63
f 55/41/49 125/40/64 124/41/63
f 76/58/65 56/40/49 68/48/54
f 66/55/60 57/56/61 77/59/66
f 57/56/61 58/47/53 77/59/66
f 77/59/66 58/47/53 126/56/67
f 78/60/44 67/54/59 136/54/68
f 89/61/69 90/62/70 80/63/71
f 91/64/72 92/65/72 81/66/73
f 80/63/71 90/62/70 91/64/72
f 81/66/73 92/65/72 93/67/74
f 80/63/71 85/68/75 79/69/70
f 81/66/73 87/70/51 82/71/72
f 84/72/75 80/63/71 82/71/72
f 86/73/51 81/66/73 83/74/74
f 84/72/75 95/75/76 85/68/75
f 86/73/51 97/76/77 87/70/51
f 97/76/77 84/72/75 87/70/51
f 98/77/78 86/73/51 88/78/79
f 99/79/62 79/69/70 144/69/80
f 79/69/70 150/68/81 144/69/80
f 100/80/65 85/68/75 95/75/76
f 98/77/78 88/78/79 101/81/42
f 88/78/79 83/74/74 101/81/42
f 101/81/42 83/74/74 153/78/82
f 102/82/83 93/67/74 158/67/84
f 32/18/30 54/38/48 103/83/85
f 105/18/47 164/83/48 54/38/48
f 103/83/85 54/38/48 164/83/48
f 31/23/30 42/32/35 43/27/35
f 47/30/37 31/23/30 36/21/32
f 35/24/33 47/30/37 36/21/32
f 41/34/40 35/24/33 40/26/34
f 41/34/40 40/26/34 51/35/42
f 35/24/33 38/20/31 39/25/34
f 38/20/31 35/24/33 36/21/32
f 31/23/30 37/22/32 36/21/32
f 34/17/29 31/23/30 32/18/30
f 44/28/36 33/19/29 53/37/45
f 44/28/36 45/84/36 34/17/29
f 34/17/29 45/84/36 48/31/38
f 48/31/38 49/85/86 38/20/31
f 38/20/31 49/85/86 50/33/39
f 52/36/44 50/33/39 123/33/87
f 135/55/88 66/55/60 77/59/66
f 66/55/60 71/86/57 61/46/51
f 61/46/51 71/86/57 72/51/57
f 72/51/57 69/87/89 59/45/52
f 59/45/52 69/87/89 68/48/54
f 56/40/49 76/58/65 125/40/64
f 67/54/59 78/60/44 58/47/53
f 64/42/50 67/54/59 58/47/53
f 73/52/58 64/42/50 63/44/50
f 60/39/49 73/52/58 63/44/50
f 65/49/55 60/39/49 55/41/49
f 65/49/55 55/41/49 75/57/62
f 61/46/51 58/47/53 57/56/61
f 64/42/50 61/46/51 62/43/51
f 59/45/52 63/44/50 62/43/51
f 60/39/49 59/45/52 56/40/49
f 93/67/74 102/82/83 83/74/74
f 81/66/73 93/67/74 83/74/74
f 91/64/72 81/66/73 82/71/72
f 80/63/71 91/64/72 82/71/72
f 89/61/69 80/63/71 79/69/70
f 89/61/69 79/69/70 99/79/62
f 163/77/90 98/77/78 101/81/42
f 98/77/78 96/88/77 86/73/51
f 86/73/51 96/88/77 97/76/77
f 97/76/77 94/89/76 84/72/75
f 84/72/75 94/89/76 95/75/76
f 85/68/75 100/80/65 150/68/81
f 86/73/51 83/74/74 88/78/79
f 81/66/73 86/73/51 87/70/51
f 84/72/75 82/71/72 87/70/51
f 80/63/71 84/72/75 85/68/75
f 107/17/46 106/19/46 105/18/47
f 111/20/91 110/22/91 109/21/92
f 104/23/47 110/22/91 107/17/46
f 108/24/93 113/26/43 112/25/43
f 104/23/47 105/18/47 116/27/94
f 117/28/95 106/19/46 107/17/46
f 108/24/93 120/30/96 119/29/96
f 121/31/97 110/22/91 111/20/91
f 107/17/46 110/22/91 121/31/97
f 120/30/96 104/23/47 115/32/94
f 111/20/91 112/25/43 123/33/87
f 114/34/41 108/24/93 119/29/96
f 123/33/87 112/25/43 52/36/44
f 54/38/48 116/27/94 105/18/47
f 129/39/98 124/41/63 125/40/64
f 133/42/99 132/44/99 131/43/100
f 128/45/101 132/44/99 129/39/98
f 130/46/100 127/47/102 133/42/99
f 128/45/101 125/40/64 137/48/103
f 134/49/104 129/39/98 139/50/105
f 130/46/100 131/43/100 141/51/106
f 142/52/107 133/42/99 143/53/107
f 129/39/98 142/52/107 139/50/105
f 141/51/106 131/43/100 128/45/101
f 133/42/99 136/54/68 143/53/107
f 135/55/88 126/56/67 130/46/100
f 76/58/65 137/48/103 125/40/64
f 135/55/88 77/59/66 126/56/67
f 154/61/108 145/63/80 155/62/109
f 156/64/110 146/66/110 157/65/110
f 145/63/80 156/64/110 155/62/109
f 146/66/110 158/67/84 157/65/110
f 145/63/80 144/69/80 150/68/81
f 146/66/110 147/71/111 152/70/112
f 149/72/81 147/71/111 145/63/80
f 151/73/112 148/74/113 146/66/110
f 149/72/81 150/68/81 160/75/114
f 151/73/112 152/70/112 162/76/115
f 162/76/115 152/70/112 149/72/81
f 163/77/90 153/78/82 151/73/112
f 100/80/65 160/75/114 150/68/81
f 163/77/90 101/81/42 153/78/82
f 104/23/47 116/27/94 115/32/94
f 120/30/96 109/21/92 104/23/47
f 108/24/93 109/21/92 120/30/96
f 114/34/41 113/26/43 108/24/93
f 114/34/41 51/35/42 113/26/43
f 108/24/93 112/25/43 111/20/91
f 111/20/91 109/21/92 108/24/93
f 104/23/47 109/21/92 110/22/91
f 107/17/46 105/18/47 104/23/47
f 117/28/95 53/37/45 106/19/46
f 117/28/95 107/17/46 118/84/116
f 107/17/46 121/31/97 118/84/116
f 121/31/97 111/20/91 122/85/117
f 111/20/91 123/33/87 122/85/117
f 135/55/88 130/46/100 140/86/106
f 130/46/100 141/51/106 140/86/106
f 141/51/106 128/45/101 138/87/118
f 128/45/101 137/48/103 138/87/118
f 136/54/68 127/47/102 78/60/44
f 133/42/99 127/47/102 136/54/68
f 142/52/107 132/44/99 133/42/99
f 129/39/98 132/44/99 142/52/107
f 134/49/104 124/41/63 129/39/98
f 134/49/104 75/57/62 124/41/63
f 130/46/100 126/56/67 127/47/102
f 133/42/99 131/43/100 130/46/100
f 128/45/101 131/43/100 132/44/99
f 129/39/98 125/40/64 128/45/101
f 158/67/84 148/74/113 102/82/83
f 146/66/110 148/74/113 158/67/84
f 156/64/110 147/71/111 146/66/110
f 145/63/80 147/71/111 156/64/110
f 154/61/108 144/69/80 145/63/80
f 154/61/108 99/79/62 144/69/80
f 163/77/90 151/73/112 161/88/115
f 151/73/112 162/76/115 161/88/115
f 162/76/115 149/72/81 159/89/114
f 149/72/81 160/75/114 159/89/114
f 151/73/112 153/78/82 148/74/113
f 146/66/110 152/70/112 151/73/112
f 149/72/81 152/70/112 147/71/111
f 145/63/80 150/68/81 149/72/81
f 39/25/34 52/36/44 113/26/43
f 113/26/43 52/36/44 112/25/43
f 58/47/53 78/60/44 126/56/67
f 126/56/67 78/60/44 127/47/102
f 83/74/74 102/82/83 153/78/82
f 153/78/82 102/82/83 148/74/113
f 79/69/70 85/68/75 150/68/81
f 55/41/49 56/40/49 125/40/64
f 105/18/47 33/19/29 164/83/119
f 32/18/30 103/83/119 33/19/29
f 33/19/29 103/83/119 164/83/119
f 165/90/120 166/91/120 179/92/121
f 179/92/121 166/91/120 167/93/122
f 168/94/123 169/95/123 170/96/123
f 170/96/123 169/95/123 173/97/124
f 171/98/125 172/99/126 166/91/120
f 166/91/120 172/99/126 167/93/122
f 174/100/127 170/96/123 178/101/128
f 178/101/128 170/96/123 173/97/124
f 170/96/123 175/102/129 168/94/123
f 168/94/123 175/102/129 176/103/130
f 174/100/127 177/104/131 170/96/123
f 170/96/123 177/104/131 175/102/129
f 169/95/123 179/92/121 173/97/124
f 173/97/124 179/92/121 167/93/122
f 173/97/124 167/93/122 178/101/128
f 178/101/128 167/93/122 172/99/126
f 179/92/121 169/95/123 194/92/132
f 194/92/132 169/95/123 184/95/133
f 169/95/123 168/94/123 184/95/133
f 184/95/133 168/94/123 183/94/133
f 168/94/123 176/103/130 183/94/133
f 183/94/133 176/103/130 191/103/134
f 192/104/135 177/104/131 189/100/136
f 189/100/136 177/104/131 174/100/127
f 174/100/127 178/101/128 189/100/136
f 189/100/136 178/101/128 193/101/137
f 178/101/128 172/99/126 193/101/137
f 193/101/137 172/99/126 187/99/138
f 172/99/126 171/98/125 187/99/138
f 187/99/138 171/98/125 186/98/139
f 180/90/140 165/90/120 194/92/132
f 194/92/132 165/90/120 179/92/121
f 180/90/140 194/92/132 181/91/141
f 181/91/141 194/92/132 182/93/142
f 188/97/143 184/95/133 185/96/133
f 185/96/133 184/95/133 183/94/133
f 182/93/142 187/99/138 181/91/141
f 181/91/141 187/99/138 186/98/139
f 189/100/136 193/101/137 185/96/133
f 185/96/133 193/101/137 188/97/143
f 191/103/134 190/102/144 183/94/133
f 183/94/133 190/102/144 185/96/133
f 190/102/144 192/104/135 185/96/133
f 185/96/133 192/104/135 189/100/136
f 184/95/133 188/97/143 194/92/132
f 194/92/132 188/97/143 182/93/142
f 187/99/138 182/93/142 193/101/137
f 193/101/137 182/93/142 188/97/143
f 195/105/145 196/106/146 197/107/146
f 198/108/145 195/105/145 197/107/146
f 196/106/146 199/109/147 200/110/148
f 197/107/146 196/106/146 200/110/148
f 201/105/149 195/105/145 204/108/150
f 204/108/150 195/105/145 198/108/145
f 198/108/145 197/107/146 204/108/150
f 204/108/150 197/107/146 203/107/151
f 197/107/146 200/110/148 203/107/151
f 203/107/151 200/110/148 206/110/152
f 200/110/148 199/109/147 206/110/152
f 206/110/152 199/109/147 205/109/153
f 201/105/149 203/107/151 202/106/154
f 204/108/150 203/107/151 201/105/149
f 202/106/154 206/110/152 205/109/153
f 203/107/151 206/110/152 202/106/154
f 207/111/155 208/112/156 210/113/157
f 210/113/157 208/112/156 209/114/158
f 211/115/159 207/111/155 212/116/160
f 212/116/160 207/111/155 210/113/157
f 213/117/161 211/115/159 214/118/162
f 214/118/162 211/115/159 212/116/160
f 215/119/163 213/117/161 216/120/164
f 216/120/164 213/117/161 214/118/162
f 217/121/165 215/119/163 218/122/166
f 218/122/166 215/119/163 216/120/164
f 219/123/167 217/121/165 220/124/168
f 220/124/168 217/121/165 218/122/166
f 221/125/169 219/123/167 222/126/170
f 222/126/170 219/123/167 220/124/168
f 223/127/171 221/125/169 224/128/172
f 224/128/172 221/125/169 222/126/170
f 225/129/173 223/127/171 226/130/174
f 226/130/174 223/127/171 224/128/172
f 227/131/175 225/129/173 228/132/176
f 228/132/176 225/129/173 226/130/174
f 229/133/177 227/131/175 230/134/178
f 230/134/178 227/131/175 228/132/176
f 231/135/179 229/133/177 232/136/180
f 232/136/180 229/133/177 230/134/178
f 233/137/181 231/135/179 234/138/182
f 234/138/182 231/135/179 232/136/180
f 235/139/183 233/137/181 236/140/184
f 236/140/184 233/137/181 234/138/182
f 237/141/185 235/139/183 238/142/186
f 238/142/186 235/139/183 236/140/184
f 239/143/187 237/141/185 240/144/188
f 240/144/188 237/141/185 238/142/186
f 241/145/189 239/143/187 242/146/190
f 242/146/190 239/143/187 240/144/188
f 243/147/191 241/145/189 244/148/192
f 244/148/192 241/145/189 242/146/190
f 245/149/193 243/147/191 246/150/194
f 246/150/194 243/147/191 244/148/192
f 208/112/156 245/149/193 209/114/158
f 209/114/158 245/149/193 246/150/194
f 210/113/157 209/114/158 248/151/195
f 248/151/195 209/114/158 247/152/195
f 212/116/160 210/113/157 249/153/196
f 249/153/196 210/113/157 248/151/195
f 214/118/162 212/116/160 250/154/197
f 250/154/197 212/116/160 249/153/196
f 216/120/164 214/118/162 251/155/198
f 251/155/198 214/118/162 250/154/197
f 218/122/166 216/120/164 252/156/199
f 252/156/199 216/120/164 251/155/198
f 220/124/168 218/122/166 253/157/200
f 253/157/200 218/122/166 252/156/199
f 222/126/170 220/124/168 254/158/201
f 254/158/201 220/124/168 253/157/200
f 224/128/172 222/126/170 255/159/202
f 255/159/202 222/126/170 254/158/201
f 226/130/174 224/128/172 256/160/203
f 256/160/203 224/128/172 255/159/202
f 228/132/176 226/130/174 257/161/204
f 257/161/204 226/130/174 256/160/203
f 230/134/178 228/132/176 258/162/205
f 258/162/205 228/132/176 257/161/204
f 232/136/180 230/134/178 259/163/206
f 259/163/206 230/134/178 258/162/205
f 234/138/182 232/136/180 260/164/207
f 260/164/207 232/136/180 259/163/206
f 236/140/184 234/138/182 261/165/208
f 261/165/208 234/138/182 260/164/207
f 238/142/186 236/140/184 262/166/209
f 262/166/209 236/140/184 261/165/208
f 240/144/188 238/142/186 263/167/210
f 263/167/210 238/142/186 262/166/209
f 242/146/190 240/144/188 264/168/211
f 264/168/211 240/144/188 263/167/210
f 244/148/192 242/146/190 265/169/212
f 265/169/212 242/146/190 264/168/211
f 246/150/194 244/148/192 266/170/213
f 266/170/213 244/148/192 265/169/212
f 209/114/158 246/150/194 247/152/195
f 247/152/195 246/150/194 266/170/213
f 248/151/195 247/152/195 268/171/214
f 268/171/214 247/152/195 267/172/214
f 249/153/196 248/151/195 269/173/215
f 269/173/215 248/151/195 268/171/214
f 250/154/197 249/153/196 270/174/216
f 270/174/216 249/153/196 269/173/215
f 251/155/198 250/154/197 271/175/217
f 271/175/217 250/154/197 270/174/216
f 252/156/199 251/155/198 272/176/218
f 272/176/218 251/155/198 271/175/217
f 253/157/200 252/156/199 273/177/219
f 273/177/219 252/156/199 272/176/218
f 254/158/201 253/157/200 274/178/220
f 274/178/220 253/157/200 273/177/219
f 255/159/202 254/158/201 275/179/221
f 275/179/221 254/158/201 274/178/220
f 256/160/203 255/159/202 276/180/222
f 276/180/222 255/159/202 275/179/221
f 257/161/204 256/160/203 277/181/223
f 277/181/223 256/160/203 276/180/222
f 258/162/205 257/161/204 278/182/224
f 278/182/224 257/161/204 277/181/223
f 259/163/206 258/162/205 279/183/225
f 279/183/225 258/162/205 278/182/224
f 260/164/207 259/163/206 280/184/226
f 280/184/226 259/163/206 279/183/225
f 261/165/208 260/164/207 281/185/227
f 281/185/227 260/164/207 280/184/226
f 262/166/209 261/165/208 282/186/228
f 282/186/228 261/165/208 281/185/227
f 263/167/210 262/166/209 283/187/229
f 283/187/229 262/166/209 282/186/228
f 264/168/211 263/167/210 284/188/230
f 284/188/230 263/167/210 283/187/229
f 265/169/212 264/168/211 285/189/231
f 285/189/231 264/168/211 284/188/230
f 266/170/213 265/169/212 286/190/232
f 286/190/232 265/169/212 285/189/231
f 247/152/195 266/170/213 267/172/214
f 267/172/214 266/170/213 286/190/232
f 268/171/214 267/172/214 288/191/233
f 288/191/233 267/172/214 287/192/234
f 269/173/215 268/171/214 289/193/235
f 289/193/235 268/171/214 288/191/233
f 270/174/216 269/173/215 290/194/236
f 290/194/236 269/173/215 289/193/235
f 271/175/217 270/174/216 291/195/237
f 291/195/237 270/174/216 290/194/236
f 272/176/218 271/175/217 292/196/238
f 292/196/238 271/175/217 291/195/237
f 273/177/219 272/176/218 293/197/239
f 293/197/239 272/176/218 292/196/238
f 274/178/220 273/177/219 294/198/240
f 294/198/240 273/177/219 293/197/239
f 275/179/221 274/178/220 295/199/241
f 295/199/241 274/178/220 294/198/240
f 276/180/222 275/179/221 296/200/242
f 296/200/242 275/179/221 295/199/241
f 277/181/223 276/180/222 297/201/243
f 297/201/243 276/180/222 296/200/242
f 278/182/224 277/181/223 298/202/244
f 298/202/244 277/181/223 297/201/243
f 279/183/225 278/182/224 299/203/245
f 299/203/245 278/182/224 298/202/244
f 280/184/226 279/183/225 300/204/246
f 300/204/246 279/183/225 299/203/245
f 281/185/227 280/184/226 301/205/247
f 301/205/247 280/184/226 300/204/246
f 282/186/228 281/185/227 302/206/248
f 302/206/248 281/185/227 301/205/247
f 283/187/229 282/186/228 303/207/249
f 303/207/249 282/186/228 302/206/248
f 284/188/230 283/187/229 304/208/250
f 304/208/250 283/187/229 303/207/249
f 285/189/231 284/188/230 305/209/251
f 305/209/251 284/188/230 304/208/250
f 286/190/232 285/189/231 306/210/252
f 306/210/252 285/189/231 305/209/251
f 267/172/214 286/190/232 287/192/234
f 287/192/234 286/190/232 306/210/252
f 288/191/233 287/192/234 308/211/253
f 308/211/253 287/192/234 307/212/253
f 289/193/235 288/191/233 309/213/254
f 309/213/254 288/191/233 308/211/253
f 290/194/236 289/193/235 310/214/255
f 310/214/255 289/193/235 309/213/254
f 291/195/237 290/194/236 311/215/256
f 311/215/256 290/194/236 310/214/255
f 292/196/238 291/195/237 312/216/257
f 312/216/257 291/195/237 311/215/256
f 293/197/239 292/196/238 313/217/258
f 313/217/258 292/196/238 312/216/257
f 294/198/240 293/197/239 314/218/259
f 314/218/259 293/197/239 313/217/258
f 295/199/241 294/198/240 315/219/260
f 315/219/260 294/198/240 314/218/259
f 296/200/242 295/199/241 316/220/261
f 316/220/261 295/199/241 315/219/260
f 297/201/243 296/200/242 317/221/262
f 317/221/262 296/200/242 316/220/261
f 298/202/244 297/201/243 318/222/263
f 318/222/263 297/201/243 317/221/262
f 299/203/245 298/202/244 319/223/264
f 319/223/264 298/202/244 318/222/263
f 300/204/246 299/203/245 320/224/265
f 320/224/265 299/203/245 319/223/264
f 301/205/247 300/204/246 321/225/266
f 321/225/266 300/204/246 320/224/265
f 302/206/248 301/205/247 322/226/267
f 322/226/267 301/205/247 321/225/266
f 303/207/249 302/206/248 323/227/268
f 323/227/268 302/206/248 322/226/267
f 304/208/250 303/207/249 324/228/269
f 324/228/269 303/207/249 323/227/268
f 305/209/251 304/208/250 325/229/270
f 325/229/270 304/208/250 324/228/269
f 306/210/252 305/209/251 326/230/271
f 326/230/271 305/209/251 325/229/270
f 287/192/234 306/210/252 307/212/253
f 307/212/253 306/210/252 326/230/271
f 308/211/253 307/212/253 328/231/272
f 328/231/272 307/212/253 327/232/272
f 309/213/254 308/211/253 329/233/273
f 329/233/273 308/211/253 328/231/272
f 310/214/255 309/213/254 330/234/274
f 330/234/274 309/213/254 329/233/273
f 311/215/256 310/214/255 331/235/275
f 331/235/275 310/214/255 330/234/274
f 312/216/257 311/215/256 332/236/276
f 332/236/276 311/215/256 331/235/275
f 313/217/258 312/216/257 333/237/277
f 333/237/277 312/216/257 332/236/276
f 314/218/259 313/217/258 334/238/278
f 334/238/278 313/217/258 333/237/277
f 315/219/260 314/218/259 335/239/279
f 335/239/279 314/218/259 334/238/278
f 316/220/261 315/219/260 336/240/280
f 336/240/280 315/219/260 335/239/279
f 317/221/262 316/220/261 337/241/281
f 337/241/281 316/220/261 336/240/280
f 318/222/263 317/221/262 338/242/282
f 338/242/282 317/221/262 337/241/281
f 319/223/264 318/222/263 339/243/283
f 339/243/283 318/222/263 338/242/282
f 320/224/265 319/223/264 340/244/255
f 340/244/255 319/223/264 339/243/283
f 321/225/266 320/224/265 341/245/284
f 341/245/284 320/224/265 340/244/255
f 322/226/267 321/225/266 342/246/285
f 342/246/285 321/225/266 341/245/284
f 323/227/268 322/226/267 343/247/286
f 343/247/286 322/226/267 342/246/285
f 324/228/269 323/227/268 344/248/287
f 344/248/287 323/227/268 343/247/286
f 325/229/270 324/228/269 345/249/288
f 345/249/288 324/228/269 344/248/287
f 326/230/271 325/229/270 346/250/289
f 346/250/289 325/229/270 345/249/288
f 307/212/253 326/230/271 327/232/272
f 327/232/272 326/230/271 346/250/289
f 328/231/272 327/232/272 348/251/290
f 348/251/290 327/232/272 347/252/291
f 329/233/273 328/231/272 349/253/292
f 349/253/292 328/231/272 348/251/290
f 330/234/274 329/233/273 350/254/293
f 350/254/293 329/233/273 349/253/292
f 331/235/275 330/234/274 351/255/294
f 351/255/294 330/234/274 350/254/293
f 332/236/276 331/235/275 352/256/295
f 352/256/295 331/235/275 351/255/294
f 333/237/277 332/236/276 353/257/249
f 353/257/249 332/236/276 352/256/295
f 334/238/278 333/237/277 354/258/296
f 354/258/296 333/237/277 353/257/249
f 335/239/279 334/238/278 355/259/297
f 355/259/297 334/238/278 354/258/296
f 336/240/280 335/239/279 356/260/252
f 356/260/252 335/239/279 355/259/297
f 337/241/281 336/240/280 357/261/298
f 357/261/298 336/240/280 356/260/252
f 338/242/282 337/241/281 358/262/233
f 358/262/233 337/241/281 357/261/298
f 339/243/283 338/242/282 359/263/235
f 359/263/235 338/242/282 358/262/233
f 340/244/255 339/243/283 360/264/299
f 360/264/299 339/243/283 359/263/235
f 341/245/284 340/244/255 361/265/300
f 361/265/300 340/244/255 360/264/299
f 342/246/285 341/245/284 362/266/301
f 362/266/301 341/245/284 361/265/300
f 343/247/286 342/246/285 363/267/302
f 363/267/302 342/246/285 362/266/301
f 344/248/287 343/247/286 364/268/303
f 364/268/303 343/247/286 363/267/302
f 345/249/288 344/248/287 365/269/304
f 365/269/304 344/248/287 364/268/303
f 346/250/289 345/249/288 366/270/242
f 366/270/242 345/249/288 365/269/304
f 327/232/272 346/250/289 347/252/291
f 347/252/291 346/250/289 366/270/242
f 348/251/290 347/252/291 368/271/305
f 368/271/305 347/252/291 367/272/224
f 349/253/292 348/251/290 369/273/225
f 369/273/225 348/251/290 368/271/305
f 350/254/293 349/253/292 370/274/306
f 370/274/306 349/253/292 369/273/225
f 351/255/294 350/254/293 371/275/307
f 371/275/307 350/254/293 370/274/306
f 352/256/295 351/255/294 372/276/228
f 372/276/228 351/255/294 371/275/307
f 353/257/249 352/256/295 373/277/229
f 373/277/229 352/256/295 372/276/228
f 354/258/296 353/257/249 374/278/230
f 374/278/230 353/257/249 373/277/229
f 355/259/297 354/258/296 375/279/231
f 375/279/231 354/258/296 374/278/230
f 356/260/252 355/259/297 376/280/232
f 376/280/232 355/259/297 375/279/231
f 357/261/298 356/260/252 377/281/308
f 377/281/308 356/260/252 376/280/232
f 358/262/233 357/261/298 378/282/214
f 378/282/214 357/261/298 377/281/308
f 359/263/235 358/262/233 379/283/215
f 379/283/215 358/262/233 378/282/214
f 360/264/299 359/263/235 380/284/216
f 380/284/216 359/263/235 379/283/215
f 361/265/300 360/264/299 381/285/217
f 381/285/217 360/264/299 380/284/216
f 362/266/301 361/265/300 382/286/218
f 382/286/218 361/265/300 381/285/217
f 363/267/302 362/266/301 383/287/219
f 383/287/219 362/266/301 382/286/218
f 364/268/303 363/267/302 384/288/220
f 384/288/220 363/267/302 383/287/219
f 365/269/304 364/268/303 385/289/221
f 385/289/221 364/268/303 384/288/220
f 366/270/242 365/269/304 386/290/222
f 386/290/222 365/269/304 385/289/221
f 347/252/291 366/270/242 367/272/224
f 367/272/224 366/270/242 386/290/222
f 368/271/305 367/272/224 388/291/309
f 388/291/309 367/272/224 387/292/310
f 369/273/225 368/271/305 389/293/311
f 389/293/311 368/271/305 388/291/309
f 370/274/306 369/273/225 390/294/312
f 390/294/312 369/273/225 389/293/311
f 371/275/307 370/274/306 391/295/313
f 391/295/313 370/274/306 390/294/312
f 372/276/228 371/275/307 392/296/314
f 392/296/314 371/275/307 391/295/313
f 373/277/229 372/276/228 393/297/315
f 393/297/315 372/276/228 392/296/314
f 374/278/230 373/277/229 394/298/316
f 394/298/316 373/277/229 393/297/315
f 375/279/231 374/278/230 395/299/317
f 395/299/317 374/278/230 394/298/316
f 376/280/232 375/279/231 396/300/318
f 396/300/318 375/279/231 395/299/317
f 377/281/308 376/280/232 397/301/319
f 397/301/319 376/280/232 396/300/318
f 378/282/214 377/281/308 398/302/320
f 398/302/320 377/281/308 397/301/319
f 379/283/215 378/282/214 399/303/321
f 399/303/321 378/282/214 398/302/320
f 380/284/216 379/283/215 400/304/322
f 400/304/322 379/283/215 399/303/321
f 381/285/217 380/284/216 401/305/323
f 401/305/323 380/284/216 400/304/322
f 382/286/218 381/285/217 402/306/324
f 402/306/324 381/285/217 401/305/323
f 383/287/219 382/286/218 403/307/325
f 403/307/325 382/286/218 402/306/324
f 384/288/220 383/287/219 404/308/326
f 404/308/326 383/287/219 403/307/325
f 385/289/221 384/288/220 405/309/327
f 405/309/327 384/288/220 404/308/326
f 386/290/222 385/289/221 406/310/328
f 406/310/328 385/289/221 405/309/327
f 367/272/224 386/290/222 387/292/310
f 387/292/310 386/290/222 406/310/328
f 388/291/309 387/292/310 408/311/177
f 408/311/177 387/292/310 407/312/329
f 389/293/311 388/291/309 409/313/179
f 409/313/179 388/291/309 408/311/177
f 390/294/312 389/293/311 410/314/181
f 410/314/181 389/293/311 409/313/179
f 391/295/313 390/294/312 411/315/183
f 411/315/183 390/294/312 410/314/181
f 392/296/314 391/295/313 412/316/185
f 412/316/185 391/295/313 411/315/183
f 393/297/315 392/296/314 413/317/187
f 413/317/187 392/296/314 412/316/185
f 394/298/316 393/297/315 414/318/189
f 414/318/189 393/297/315 413/317/187
f 395/299/317 394/298/316 415/319/191
f 415/319/191 394/298/316 414/318/189
f 396/300/318 395/299/317 416/320/193
f 416/320/193 395/299/317 415/319/191
f 397/301/319 396/300/318 417/321/330
f 417/321/330 396/300/318 416/320/193
f 398/302/320 397/301/319 418/322/155
f 418/322/155 397/301/319 417/321/330
f 399/303/321 398/302/320 419/323/159
f 419/323/159 398/302/320 418/322/155
f 400/304/322 399/303/321 420/324/161
f 420/324/161 399/303/321 419/323/159
f 401/305/323 400/304/322 421/325/163
f 421/325/163 400/304/322 420/324/161
f 402/306/324 401/305/323 422/326/165
f 422/326/165 401/305/323 421/325/163
f 403/307/325 402/306/324 423/327/167
f 423/327/167 402/306/324 422/326/165
f 404/308/326 403/307/325 424/328/331
f 424/328/331 403/307/325 423/327/167
f 405/309/327 404/308/326 425/329/171
f 425/329/171 404/308/326 424/328/331
f 406/310/328 405/309/327 426/330/173
f 426/330/173 405/309/327 425/329/171
f 387/292/310 406/310/328 407/312/329
f 407/312/329 406/310/328 426/330/173
f 207/111/155 428/113/332 208/112/156
f 208/112/156 428/113/332 427/114/332
f 211/115/159 429/116/333 207/111/155
f 207/111/155 429/116/333 428/113/332
f 213/117/161 430/118/334 211/115/159
f 211/115/159 430/118/334 429/116/333
f 215/119/163 431/120/335 213/117/161
f 213/117/161 431/120/335 430/118/334
f 217/121/165 432/122/336 215/119/163
f 215/119/163 432/122/336 431/120/335
f 219/123/167 433/124/337 217/121/165
f 217/121/165 433/124/337 432/122/336
f 221/125/169 434/126/338 219/123/167
f 219/123/167 434/126/338 433/124/337
f 223/127/171 435/128/339 221/125/169
f 221/125/169 435/128/339 434/126/338
f 225/129/173 436/130/340 223/127/171
f 223/127/171 436/130/340 435/128/339
f 227/131/175 437/132/341 225/129/173
f 225/129/173 437/132/341 436/130/340
f 229/133/177 438/134/342 227/131/175
f 227/131/175 438/134/342 437/132/341
f 231/135/179 439/136/343 229/133/177
f 229/133/177 439/136/343 438/134/342
f 233/137/181 440/138/344 231/135/179
f 231/135/179 440/138/344 439/136/343
f 235/139/183 441/140/345 233/137/181
f 233/137/181 441/140/345 440/138/344
f 237/141/185 442/142/346 235/139/183
f 235/139/183 442/142/346 441/140/345
f 239/143/187 443/144/347 237/141/185
f 237/141/185 443/144/347 442/142/346
f 241/145/189 444/146/348 239/143/187
f 239/143/187 444/146/348 443/144/347
f 243/147/191 445/148/349 241/145/189
f 241/145/189 445/148/349 444/146/348
f 245/149/193 446/150/350 243/147/191
f 243/147/191 446/150/350 445/148/349
f 208/112/156 427/114/332 245/149/193
f 245/149/193 427/114/332 446/150/350
f 428/113/332 448/151/351 427/114/332
f 427/114/332 448/151/351 447/152/351
f 429/116/333 449/153/352 428/113/332
f 428/113/332 449/153/352 448/151/351
f 430/118/334 450/154/353 429/116/333
f 429/116/333 450/154/353 449/153/352
f 431/120/335 451/155/354 430/118/334
f 430/118/334 451/155/354 450/154/353
f 432/122/336 452/156/355 431/120/335
f 431/120/335 452/156/355 451/155/354
f 433/124/337 453/157/356 432/122/336
f 432/122/336 453/157/356 452/156/355
f 434/126/338 454/158/357 433/124/337
f 433/124/337 454/158/357 453/157/356
f 435/128/339 455/159/358 434/126/338
f 434/126/338 455/159/358 454/158/357
f 436/130/340 456/160/359 435/128/339
f 435/128/339 456/160/359 455/159/358
f 437/132/341 457/161/360 436/130/340
f 436/130/340 457/161/360 456/160/359
f 438/134/342 458/162/361 437/132/341
f 437/132/341 458/162/361 457/161/360
f 439/136/343 459/163/362 438/134/342
f 438/134/342 459/163/362 458/162/361
f 440/138/344 460/164/363 439/136/343
f 439/136/343 460/164/363 459/163/362
f 441/140/345 461/165/364 440/138/344
f 440/138/344 461/165/364 460/164/363
f 442/142/346 462/166/365 441/140/345
f 441/140/345 462/166/365 461/165/364
f 443/144/347 463/167/366 442/142/346
f 442/142/346 463/167/366 462/166/365
f 444/146/348 464/168/367 443/144/347
f 443/144/347 464/168/367 463/167/366
f 445/148/349 465/169/368 444/146/348
f 444/146/348 465/169/368 464/168/367
f 446/150/350 466/170/369 445/148/349
f 445/148/349 466/170/369 465/169/368
f 427/114/332 447/152/351 446/150/350
f 446/150/350 447/152/351 466/170/369
f 448/151/351 468/171/370 447/152/351
f 447/152/351 468/171/370 467/172/370
f 449/153/352 469/173/371 448/151/351
f 448/151/351 469/173/371 468/171/370
f 450/154/353 470/174/372 449/153/352
f 449/153/352 470/174/372 469/173/371
f 451/155/354 471/175/373 450/154/353
f 450/154/353 471/175/373 470/174/372
f 452/156/355 472/176/374 451/155/354
f 451/155/354 472/176/374 471/175/373
f 453/157/356 473/177/375 452/156/355
f 452/156/355 473/177/375 472/176/374
f 454/158/357 474/178/376 453/157/356
f 453/157/356 474/178/376 473/177/375
f 455/159/358 475/179/377 454/158/357
f 454/158/357 475/179/377 474/178/376
f 456/160/359 476/180/378 455/159/358
f 455/159/358 476/180/378 475/179/377
f 457/161/360 477/181/379 456/160/359
f 456/160/359 477/181/379 476/180/378
f 458/162/361 478/182/380 457/161/360
f 457/161/360 478/182/380 477/181/379
f 459/163/362 479/183/381 458/162/361
f 458/162/361 479/183/381 478/182/380
f 460/164/363 480/184/382 459/163/362
f 459/163/362 480/184/382 479/183/381
f 461/165/364 481/185/383 460/164/363
f 460/164/363 481/185/383 480/184/382
f 462/166/365 482/186/384 461/165/364
f 461/165/364 482/186/384 481/185/383
f 463/167/366 483/187/385 462/166/365
f 462/166/365 483/187/385 482/186/384
f 464/168/367 484/188/386 463/167/366
f 463/167/366 484/188/386 483/187/385
f 465/169/368 485/189/387 464/168/367
f 464/168/367 485/189/387 484/188/386
f 466/170/369 486/190/388 465/169/368
f 465/169/368 486/190/388 485/189/387
f 447/152/351 467/172/370 466/170/369
f 466/170/369 467/172/370 486/190/388
f 468/171/370 488/191/389 467/172/370
f 467/172/370 488/191/389 487/192/389
f 469/173/371 489/193/390 468/171/370
f 468/171/370 489/193/390 488/191/389
f 470/174/372 490/194/391 469/173/371
f 469/173/371 490/194/391 489/193/390
f 471/175/373 491/195/392 470/174/372
f 470/174/372 491/195/392 490/194/391
f 472/176/374 492/196/393 471/175/373
f 471/175/373 492/196/393 491/195/392
f 473/177/375 493/197/394 472/176/374
f 472/176/374 493/197/394 492/196/393
f 474/178/376 494/198/395 473/177/375
f 473/177/375 494/198/395 493/197/394
f 475/179/377 495/199/396 474/178/376
f 474/178/376 495/199/396 494/198/395
f 476/180/378 496/200/397 475/179/377
f 475/179/377 496/200/397 495/199/396
f 477/181/379 497/201/398 476/180/378
f 476/180/378 497/201/398 496/200/397
f 478/182/380 498/202/399 477/181/379
f 477/181/379 498/202/399 497/201/398
f 479/183/381 499/203/400 478/182/380
f 478/182/380 499/203/400 498/202/399
f 480/184/382 500/204/401 479/183/381
f 479/183/381 500/204/401 499/203/400
f 481/185/383 501/205/402 480/184/382
f 480/184/382 501/205/402 500/204/401
f 482/186/384 502/206/403 481/185/383
f 481/185/383 502/206/403 501/205/402
f 483/187/385 503/207/404 482/186/384
f 482/186/384 503/207/404 502/206/403
f 484/188/386 504/208/405 483/187/385
f 483/187/385 504/208/405 503/207/404
f 485/189/387 505/209/406 484/188/386
f 484/188/386 505/209/406 504/208/405
f 486/190/388 506/210/407 485/189/387
f 485/189/387 506/210/407 505/209/406
f 467/172/370 487/192/389 486/190/388
f 486/190/388 487/192/389 506/210/407
f 488/191/389 508/211/408 487/192/389
f 487/192/389 508/211/408 507/212/408
f 489/193/390 509/213/409 488/191/389
f 488/191/389 509/213/409 508/211/408
f 490/194/391 510/214/410 489/193/390
f 489/193/390 510/214/410 509/213/409
f 491/195/392 511/215/411 490/194/391
f 490/194/391 511/215/411 510/214/410
f 492/196/393 512/216/412 491/195/392
f 491/195/392 512/216/412 511/215/411
f 493/197/394 513/217/413 492/196/393
f 492/196/393 513/217/413 512/216/412
f 494/198/395 514/218/414 493/197/394
f 493/197/394 514/218/414 513/217/413
f 495/199/396 515/219/415 494/198/395
f 494/198/395 515/219/415 514/218/414
f 496/200/397 516/220/416 495/199/396
f 495/199/396 516/220/416 515/219/415
f 497/201/398 517/221/417 496/200/397
f 496/200/397 517/221/417 516/220/416
f 498/202/399 518/222/418 497/201/398
f 497/201/398 518/222/418 517/221/417
f 499/203/400 519/223/419 498/202/399
f 498/202/399 519/223/419 518/222/418
f 500/204/401 520/224/420 499/203/400
f 499/203/400 520/224/420 519/223/419
f 501/205/402 521/225/421 500/204/401
f 500/204/401 521/225/421 520/224/420
f 502/206/403 522/226/422 501/205/402
f 501/205/402 522/226/422 521/225/421
f 503/207/404 523/227/423 502/206/403
f 502/206/403 523/227/423 522/226/422
f 504/208/405 524/228/424 503/207/404
f 503/207/404 524/228/424 523/227/423
f 505/209/406 525/229/425 504/208/405
f 504/208/405 525/229/425 524/228/424
f 506/210/407 526/230/426 505/209/406
f 505/209/406 526/230/426 525/229/425
f 487/192/389 507/212/408 506/210/407
f 506/210/407 507/212/408 526/230/426
f 508/211/408 528/231/427 507/212/408
f 507/212/408 528/231/427 527/232/427
f 509/213/409 529/233/428 508/211/408
f 508/211/408 529/233/428 528/231/427
f 510/214/410 530/234/429 509/213/409
f 509/213/409 530/234/429 529/233/428
f 511/215/411 531/235/430 510/214/410
f 510/214/410 531/235/430 530/234/429
f 512/216/412 532/236/431 511/215/411
f 511/215/411 532/236/431 531/235/430
f 513/217/413 533/237/432 512/216/412
f 512/216/412 533/237/432 532/236/431
f 514/218/414 534/238/424 513/217/413
f 513/217/413 534/238/424 533/237/432
f 515/219/415 535/239/433 514/218/414
f 514/218/414 535/239/433 534/238/424
f 516/220/416 536/240/434 515/219/415
f 515/219/415 536/240/434 535/239/433
f 517/221/417 537/241/435 516/220/416
f 516/220/416 537/241/435 536/240/434
f 518/222/418 538/242/436 517/221/417
f 517/221/417 538/242/436 537/241/435
f 519/223/419 539/243/437 518/222/418
f 518/222/418 539/243/437 538/242/436
f 520/224/420 540/244/410 519/223/419
f 519/223/419 540/244/410 539/243/437
f 521/225/421 541/245/438 520/224/420
f 520/224/420 541/245/438 540/244/410
f 522/226/422 542/246/412 521/225/421
f 521/225/421 542/246/412 541/245/438
f 523/227/423 543/247/439 522/226/422
f 522/226/422 543/247/439 542/246/412
f 524/228/424 544/248/440 523/227/423
f 523/227/423 544/248/440 543/247/439
f 525/229/425 545/249/441 524/228/424
f 524/228/424 545/249/441 544/248/440
f 526/230/426 546/250/442 525/229/425
f 525/229/425 546/250/442 545/249/441
f 507/212/408 527/232/427 526/230/426
f 526/230/426 527/232/427 546/250/442
f 528/231/427 548/251/443 527/232/427
f 527/232/427 548/251/443 547/252/444
f 529/233/428 549/253/445 528/231/427
f 528/231/427 549/253/445 548/251/443
f 530/234/429 550/254/446 529/233/428
f 529/233/428 550/254/446 549/253/445
f 531/235/430 551/255/447 530/234/429
f 530/234/429 551/255/447 550/254/446
f 532/236/431 552/256/448 531/235/430
f 531/235/430 552/256/448 551/255/447
f 533/237/432 553/257/449 532/236/431
f 532/236/431 553/257/449 552/256/448
f 534/238/424 554/258/450 533/237/432
f 533/237/432 554/258/450 553/257/449
f 535/239/433 555/259/451 534/238/424
f 534/238/424 555/259/451 554/258/450
f 536/240/434 556/260/407 535/239/433
f 535/239/433 556/260/407 555/259/451
f 537/241/435 557/261/452 536/240/434
f 536/240/434 557/261/452 556/260/407
f 538/242/436 558/262/453 537/241/435
f 537/241/435 558/262/453 557/261/452
f 539/243/437 559/263/454 538/242/436
f 538/242/436 559/263/454 558/262/453
f 540/244/410 560/264/455 539/243/437
f 539/243/437 560/264/455 559/263/454
f 541/245/438 561/265/456 540/244/410
f 540/244/410 561/265/456 560/264/455
f 542/246/412 562/266/457 541/245/438
f 541/245/438 562/266/457 561/265/456
f 543/247/439 563/267/458 542/246/412
f 542/246/412 563/267/458 562/266/457
f 544/248/440 564/268/459 543/247/439
f 543/247/439 564/268/459 563/267/458
f 545/249/441 565/269/460 544/248/440
f 544/248/440 565/269/460 564/268/459
f 546/250/442 566/270/397 545/249/441
f 545/249/441 566/270/397 565/269/460
f 527/232/427 547/252/444 546/250/442
f 546/250/442 547/252/444 566/270/397
f 548/251/443 568/271/380 547/252/444
f 547/252/444 568/271/380 567/272/380
f 549/253/445 569/273/381 548/251/443
f 548/251/443 569/273/381 568/271/380
f 550/254/446 570/274/461 549/253/445
f 549/253/445 570/274/461 569/273/381
f 551/255/447 571/275/383 550/254/446
f 550/254/446 571/275/383 570/274/461
f 552/256/448 572/276/384 551/255/447
f 551/255/447 572/276/384 571/275/383
f 553/257/449 573/277/385 552/256/448
f 552/256/448 573/277/385 572/276/384
f 554/258/450 574/278/386 553/257/449
f 553/257/449 574/278/386 573/277/385
f 555/259/451 575/279/387 554/258/450
f 554/258/450 575/279/387 574/278/386
f 556/260/407 576/280/388 555/259/451
f 555/259/451 576/280/388 575/279/387
f 557/261/452 577/281/462 556/260/407
f 556/260/407 577/281/462 576/280/388
f 558/262/453 578/282/370 557/261/452
f 557/261/452 578/282/370 577/281/462
f 559/263/454 579/283/371 558/262/453
f 558/262/453 579/283/371 578/282/370
f 560/264/455 580/284/372 559/263/454
f 559/263/454 580/284/372 579/283/371
f 561/265/456 581/285/373 560/264/455
f 560/264/455 581/285/373 580/284/372
f 562/266/457 582/286/374 561/265/456
f 561/265/456 582/286/374 581/285/373
f 563/267/458 583/287/375 562/266/457
f 562/266/457 583/287/375 582/286/374
f 564/268/459 584/288/376 563/267/458
f 563/267/458 584/288/376 583/287/375
f 565/269/460 585/289/377 564/268/459
f 564/268/459 585/289/377 584/288/376
f 566/270/397 586/290/378 565/269/460
f 565/269/460 586/290/378 585/289/377
f 547/252/444 567/272/380 566/270/397
f 566/270/397 567/272/380 586/290/378
f 568/271/380 588/291/463 567/272/380
f 567/272/380 588/291/463 587/292/464
f 569/273/381 589/293/465 568/271/380
f 568/271/380 589/293/465 588/291/463
f 570/274/461 590/294/466 569/273/381
f 569/273/381 590/294/466 589/293/465
f 571/275/383 591/295/467 570/274/461
f 570/274/461 591/295/467 590/294/466
f 572/276/384 592/296/468 571/275/383
f 571/275/383 592/296/468 591/295/467
f 573/277/385 593/297/469 572/276/384
f 572/276/384 593/297/469 592/296/468
f 574/278/386 594/298/470 573/277/385
f 573/277/385 594/298/470 593/297/469
f 575/279/387 595/299/471 574/278/386
f 574/278/386 595/299/471 594/298/470
f 576/280/388 596/300/472 575/279/387
f 575/279/387 596/300/472 595/299/471
f 577/281/462 597/301/473 576/280/388
f 576/280/388 597/301/473 596/300/472
f 578/282/370 598/302/474 577/281/462
f 577/281/462 598/302/474 597/301/473
f 579/283/371 599/303/475 578/282/370
f 578/282/370 599/303/475 598/302/474
f 580/284/372 600/304/476 579/283/371
f 579/283/371 600/304/476 599/303/475
f 581/285/373 601/305/477 580/284/372
f 580/284/372 601/305/477 600/304/476
f 582/286/374 602/306/478 581/285/373
f 581/285/373 602/306/478 601/305/477
f 583/287/375 603/307/479 582/286/374
f 582/286/374 603/307/479 602/306/478
f 584/288/376 604/308/480 583/287/375
f 583/287/375 604/308/480 603/307/479
f 585/289/377 605/309/481 584/288/376
f 584/288/376 605/309/481 604/308/480
f 586/290/378 606/310/482 585/289/377
f 585/289/377 606/310/482 605/309/481
f 567/272/380 587/292/464 586/290/378
f 586/290/378 587/292/464 606/310/482
f 588/291/463 408/311/177 587/292/464
f 587/292/464 408/311/177 407/312/329
f 589/293/465 409/313/179 588/291/463
f 588/291/463 409/313/179 408/311/177
f 590/294/466 410/314/181 589/293/465
f 589/293/465 410/314/181 409/313/179
f 591/295/467 411/315/183 590/294/466
f 590/294/466 411/315/183 410/314/181
f 592/296/468 412/316/185 591/295/467
f 591/295/467 412/316/185 411/315/183
f 593/297/469 413/317/187 592/296/468
f 592/296/468 413/317/187 412/316/185
f 594/298/470 414/318/189 593/297/469
f 593/297/469 414/318/189 413/317/187
f 595/299/471 415/319/191 594/298/470
f 594/298/470 415/319/191 414/318/189
f 596/300/472 416/320/193 595/299/471
f 595/299/471 416/320/193 415/319/191
f 597/301/473 417/321/330 596/300/472
f 596/300/472 417/321/330 416/320/193
f 598/302/474 418/322/155 597/301/473
f 597/301/473 418/322/155 417/321/330
f 599/303/475 419/323/159 598/302/474
f 598/302/474 419/323/159 418/322/155
f 600/304/476 420/324/161 599/303/475
f 599/303/475 420/324/161 419/323/159
f 601/305/477 421/325/163 600/304/476
f 600/304/476 421/325/163 420/324/161
f 602/306/478 422/326/165 601/305/477
f 601/305/477 422/326/165 421/325/163
f 603/307/479 423/327/167 602/306/478
f 602/306/478 423/327/167 422/326/165
f 604/308/480 424/328/331 603/307/479
f 603/307/479 424/328/331 423/327/167
f 605/309/481 425/329/171 604/308/480
f 604/308/480 425/329/171 424/328/331
f 606/310/482 426/330/173 605/309/481
f 605/309/481 426/330/173 425/329/171
f 587/292/464 407/312/329 606/310/482
f 606/310/482 407/312/329 426/330/173
f 607/331/483 608/332/484 610/333/483
f 610/333/483 608/332/484 609/334/485
f 608/332/484 607/331/483 612/335/485
f 612/335/485 607/331/483 611/336/485
f 610/333/483 609/334/485 614/337/485
f 614/337/485 609/334/485 613/338/485
f 611/336/485 607/331/483 616/339/483
f 616/339/483 607/331/483 615/340/483
f 612/335/485 617/341/486 608/332/484
f 608/332/484 617/341/486 618/342/487
f 610/333/483 614/337/485 620/343/485
f 620/343/485 614/337/485 619/344/483
f 613/338/485 609/334/485 622/345/488
f 622/345/488 609/334/485 621/346/489
f 616/339/483 615/340/483 624/347/483
f 624/347/483 615/340/483 623/348/490
f 617/341/486 625/349/491 618/342/487
f 618/342/487 625/349/491 626/350/492
f 619/344/483 627/351/483 620/343/485
f 620/343/485 627/351/483 628/352/493
f 622/345/488 621/346/489 630/353/494
f 630/353/494 621/346/489 629/354/495
f 627/351/483 619/344/483 630/353/494
f 630/353/494 619/344/483 622/345/488
f 624/347/483 625/349/491 616/339/483
f 616/339/483 625/349/491 617/341/486
f 631/355/496 632/356/497 621/346/489
f 621/346/489 632/356/497 629/354/495
f 623/348/490 615/340/483 634/357/498
f 634/357/498 615/340/483 633/358/499
f 626/350/492 632/356/497 618/342/487
f 618/342/487 632/356/497 631/355/496
f 633/358/499 620/343/485 634/357/498
f 634/357/498 620/343/485 628/352/493
f 607/331/483 610/333/483 635/331/500
f 635/331/500 610/333/483 638/333/500
f 609/334/485 608/332/484 637/334/501
f 637/334/501 608/332/484 636/332/502
f 612/335/485 611/336/485 640/335/503
f 640/335/503 611/336/485 639/336/503
f 614/337/485 613/338/485 642/337/504
f 642/337/504 613/338/485 641/338/504
f 615/340/483 607/331/483 643/340/505
f 643/340/505 607/331/483 635/331/500
f 611/336/485 616/339/483 639/336/503
f 639/336/503 616/339/483 644/339/506
f 608/332/484 618/342/487 636/332/502
f 636/332/502 618/342/487 646/342/507
f 617/341/486 612/335/485 645/341/508
f 645/341/508 612/335/485 640/335/503
f 610/333/483 620/343/485 638/333/500
f 638/333/500 620/343/485 648/343/509
f 619/344/483 614/337/485 647/344/510
f 647/344/510 614/337/485 642/337/504
f 621/346/489 609/334/485 649/346/506
f 649/346/506 609/334/485 637/334/501
f 613/338/485 622/345/488 641/338/504
f 641/338/504 622/345/488 650/345/511
f 624/347/483 623/348/490 652/347/512
f 652/347/512 623/348/490 651/348/513
f 626/350/492 625/349/491 654/350/514
f 654/350/514 625/349/491 653/349/515
f 628/352/493 627/351/483 656/352/516
f 656/352/516 627/351/483 655/351/517
f 630/353/494 629/354/495 658/353/518
f 658/353/518 629/354/495 657/354/518
f 622/345/488 619/344/483 650/345/511
f 650/345/511 619/344/483 647/344/510
f 627/351/483 630/353/494 655/351/517
f 655/351/517 630/353/494 658/353/518
f 625/349/491 624/347/483 653/349/515
f 653/349/515 624/347/483 652/347/512
f 616/339/483 617/341/486 644/339/506
f 644/339/506 617/341/486 645/341/508
f 632/356/497 626/350/492 660/356/519
f 660/356/519 626/350/492 654/350/514
f 618/342/487 631/355/496 646/342/507
f 646/342/507 631/355/496 659/355/520
f 633/358/499 615/340/483 661/358/502
f 661/358/502 615/340/483 643/340/505
f 623/348/490 634/357/498 651/348/513
f 651/348/513 634/357/498 662/357/521
f 631/355/496 621/346/489 659/355/520
f 659/355/520 621/346/489 649/346/506
f 629/354/495 632/356/497 657/354/518
f 657/354/518 632/356/497 660/356/519
f 620/343/485 633/358/499 648/343/509
f 648/343/509 633/358/499 661/358/502
f 634/357/498 628/352/493 662/357/521
f 662/357/521 628/352/493 656/352/516
f 635/331/500 638/333/500 636/332/502
f 636/332/502 638/333/500 637/334/501
f 636/332/502 640/335/503 635/331/500
f 635/331/500 640/335/503 639/336/503
f 638/333/500 642/337/504 637/334/501
f 637/334/501 642/337/504 641/338/504
f 639/336/503 644/339/506 635/331/500
f 635/331/500 644/339/506 643/340/505
f 646/342/507 645/341/508 636/332/502
f 636/332/502 645/341/508 640/335/503
f 638/333/500 648/343/509 642/337/504
f 642/337/504 648/343/509 647/344/510
f 641/338/504 650/345/511 637/334/501
f 637/334/501 650/345/511 649/346/506
f 644/339/506 652/347/512 643/340/505
f 643/340/505 652/347/512 651/348/513
f 654/350/514 653/349/515 646/342/507
f 646/342/507 653/349/515 645/341/508
f 656/352/516 655/351/517 648/343/509
f 648/343/509 655/351/517 647/344/510
f 650/345/511 658/353/518 649/346/506
f 649/346/506 658/353/518 657/354/518
f 655/351/517 658/353/518 647/344/510
f 647/344/510 658/353/518 650/345/511
f 645/341/508 653/349/515 644/339/506
f 644/339/506 653/349/515 652/347/512
f 659/355/520 649/346/506 660/356/519
f 660/356/519 649/346/506 657/354/518
f 651/348/513 662/357/521 643/340/505
f 643/340/505 662/357/521 661/358/502
f 659/355/520 660/356/519 646/342/507
f 646/342/507 660/356/519 654/350/514
f 656/352/516 648/343/509 662/357/521
f 662/357/521 648/343/509 661/358/502
f 23/5/17 22/2/6 21/4/28
f 1/4/2 5/5/4 17/7/7
f 2/3/2 1/4/2 6/9/9
o blade_damaged
v -170.619598 -6.312376 0.709531
v -170.960495 3.235994 -0.000000
v -109.823303 -2.464008 0.709531
v -37.991348 2.082922 0.709531
v -38.468540 11.778320 -0.000001
v -110.225197 6.829048 -0.000001
v -170.619598 -6.312376 0.000000
v -109.823303 -2.464008 0.000000
v -37.991348 2.082922 -0.000000
v -170.907730 1.787353 0.491042
v -110.165375 5.455682 0.491042
v -38.394386 10.284702 0.491041
v -170.619598 -6.312376 -0.709531
v -109.823303 -2.464008 -0.709531
v -37.991348 2.082922 -0.709531
v -170.907730 1.787353 -0.491042
v -110.165375 5.455682 -0.491042
v -38.394386 10.284702 -0.491043
v 11.940010 6.262079 2.898130
v 12.929210 3.832885 2.251482
v 15.462660 4.001043 2.251482
v 14.549200 6.208936 2.852674
v 9.490932 12.124430 3.107812
v 10.503500 9.684148 3.620347
v 12.991090 9.839867 3.620347
v 12.047420 12.073090 3.152351
v 10.852240 14.937670 2.251170
v 8.391169 14.823670 2.251170
v 8.401344 14.603980 2.081547
v 11.935460 6.332645 2.554582
v 12.914060 4.042308 2.081548
v 15.447500 4.210465 2.081548
v 14.544650 6.279501 2.509126
v 9.495255 12.043760 2.766594
v 10.503510 9.684026 3.277133
v 12.991090 9.839745 3.277133
v 12.051740 11.992420 2.811134
v 10.862410 14.717980 2.081547
v 8.391169 14.823670 0.221313
v 10.852240 14.937670 0.221313
v 15.447500 4.210465 0.221314
v 12.914060 4.042308 0.221314
v 3.354936 3.217169 2.237302
v 0.059262 2.998422 2.237302
v -4.099708 14.224400 2.235212
v -1.288777 14.354600 2.235212
v -1.252189 6.537401 3.095628
v 2.001381 6.471130 3.038945
v -3.437028 12.376470 2.850467
v -2.131222 8.893223 3.588057
v 0.901652 9.083076 3.588057
v -0.461344 12.316710 2.902311
v 3.342336 3.406982 2.081549
v -4.090489 14.025370 2.081548
v -1.279559 14.155570 2.081548
v 0.046664 3.188230 2.081549
v -1.256309 6.601328 2.784401
v 1.997262 6.535061 2.727720
v -3.433110 12.303390 2.541353
v -2.131216 8.893112 3.277135
v 0.901659 9.082965 3.277135
v -0.457426 12.243630 2.593196
v 3.342336 3.406982 0.221314
v 0.046664 3.188230 0.221314
v -4.099708 14.224400 0.221313
v -1.288777 14.354600 0.221313
v -7.685615 2.436438 2.276445
v -9.108788 6.681375 3.310735
v -11.087190 12.548440 2.794886
v -9.687201 8.420256 3.666198
v -11.517140 13.930960 2.273831
v -11.319520 6.726401 3.349248
v -9.756233 2.299000 2.276445
v -13.401240 12.594910 2.754570
v -11.861990 8.284118 3.666198
v -13.797980 13.825310 2.273831
v -7.701379 2.673950 2.081549
v -9.113943 6.761365 2.921292
v -9.687193 8.420119 3.277135
v -11.082290 12.457000 2.408086
v -11.505600 13.681920 2.081548
v -11.324680 6.806396 2.959805
v -9.771997 2.536514 2.081549
v -13.396340 12.503470 2.367770
v -11.861980 8.283981 3.277135
v -13.786450 13.576270 2.081548
v -7.701379 2.673950 0.221314
v -9.771997 2.536512 0.221314
v -13.797980 13.825310 0.221313
v -11.517140 13.930960 0.221313
v 12.929209 3.832886 1.593118
v 11.940010 6.262079 -2.455503
v 12.929210 3.832885 -1.808854
v 15.462660 4.001043 -1.808854
v 14.549200 6.208936 -2.410048
v 9.490932 12.124430 -2.665186
v 10.503500 9.684148 -3.177721
v 12.991090 9.839867 -3.177721
v 12.047420 12.073090 -2.709725
v 10.852240 14.937670 -1.808544
v 8.391169 14.823670 -1.808544
v 8.401344 14.603980 -1.638921
v 11.935460 6.332645 -2.111954
v 12.914060 4.042308 -1.638920
v 15.447500 4.210465 -1.638920
v 14.544650 6.279501 -2.066499
v 9.495255 12.043760 -2.323968
v 10.503510 9.684026 -2.834507
v 12.991090 9.839745 -2.834507
v 12.051740 11.992420 -2.368508
v 10.862410 14.717980 -1.638921
v 3.354936 3.217170 -1.794674
v 0.059262 2.998423 -1.794674
v -4.099708 14.224400 -1.792586
v -1.288777 14.354600 -1.792586
v -1.252189 6.537401 -2.653001
v 2.001381 6.471130 -2.596318
v -3.437028 12.376470 -2.407841
v -2.131222 8.893223 -3.145431
v 0.901652 9.083076 -3.145431
v -0.461344 12.316710 -2.459685
v 3.342336 3.406982 -1.638921
v -4.090489 14.025370 -1.638922
v -1.279559 14.155570 -1.638922
v 0.046664 3.188230 -1.638921
v -1.256309 6.601328 -2.341774
v 1.997262 6.535061 -2.285093
v -3.433110 12.303390 -2.098727
v -2.131216 8.893112 -2.834509
v 0.901659 9.082965 -2.834509
v -0.457426 12.243630 -2.150570
v -7.685615 2.436438 -1.833817
v -9.108788 6.681374 -2.868108
v -11.087190 12.548440 -2.352260
v -9.687201 8.420256 -3.223572
v -11.517140 13.930960 -1.831205
v -11.319520 6.726401 -2.906621
v -9.756233 2.299000 -1.833817
v -13.401240 12.594910 -2.311944
v -11.861990 8.284118 -3.223572
v -13.797980 13.825310 -1.831205
v -7.701379 2.673950 -1.638921
v -9.113943 6.761365 -2.478664
v -9.687193 8.420119 -2.834509
v -11.082290 12.457000 -1.965460
v -11.505600 13.681920 -1.638922
v -11.324680 6.806396 -2.517179
v -9.771997 2.536513 -1.638921
v -13.396340 12.503470 -1.925144
v -11.861980 8.283981 -2.834509
v -13.786450 13.576270 -1.638922
v 12.929209 3.832885 -1.150490
v 44.599522 5.070319 2.136297
v 44.267319 11.322000 3.363329
v 23.269730 10.483170 3.277134
v -33.937019 0.146997 2.392210
v -19.212280 1.909909 2.081549
v -34.270500 6.966272 3.766232
v 44.016338 17.397310 2.136296
v 22.866110 15.273970 2.081548
v -19.326981 7.816684 3.277136
v -34.598190 13.466410 2.392209
v -36.995670 6.795683 3.766232
v -36.664379 0.011627 2.392210
v -37.325569 13.331030 2.392209
v -19.433741 13.314690 2.081548
v 23.751760 4.761663 2.081548
v 44.599522 5.070319 -1.693667
v 44.267319 11.322000 -2.920701
v 23.269730 10.483170 -2.834506
v -33.937019 0.146997 -1.949580
v -19.212280 1.909909 -1.638919
v -34.270500 6.966271 -3.323602
v 44.016338 17.397310 -1.693668
v 22.866110 15.273970 -1.638920
v -19.326981 7.816684 -2.834507
v -34.598190 13.466410 -1.949581
v -36.995670 6.795682 -3.323602
v -36.664379 0.011627 -1.949580
v -37.325569 13.331030 -1.949581
v -19.433741 13.314690 -1.638920
v 23.751760 4.761663 -1.638919
v -35.964710 0.986987 1.123777
v -36.366611 6.543700 1.104807
v -49.267399 5.999171 1.104807
v -48.869419 0.484845 1.123777
v -36.791351 12.215760 0.515164
v -49.696041 11.713640 0.515164
v -35.964710 0.986987 -1.139075
v -36.366611 6.543700 -1.120106
v -49.267399 5.999171 -1.120106
v -48.869419 0.484845 -1.139075
v -36.791351 12.215760 -0.530464
v -49.696041 11.713640 -0.530464
v 48.407181 13.954560 -0.000001
v 49.255650 14.386870 -0.000001
v 49.209599 14.528540 0.940532
v 48.319611 14.075070 0.940532
v 47.733810 13.281210 -0.000001
v 47.613319 13.368770 0.940532
v 47.301510 12.432740 -0.000001
v 47.159840 12.478780 0.940532
v 47.152550 11.492210 -0.000001
v 47.003578 11.492210 0.940532
v 47.301510 10.551680 -0.000001
v 47.159840 10.505640 0.940532
v 47.733810 9.703211 -0.000001
v 47.613319 9.615649 0.940532
v 48.407181 9.029865 -0.000001
v 48.319611 8.909348 0.940532
v 49.255650 8.597548 -0.000001
v 49.209599 8.455874 0.940532
v 50.196171 8.448585 -0.000001
v 50.196171 8.299616 0.940532
v 51.136688 8.597548 -0.000001
v 51.182739 8.455874 0.940532
v 51.985168 9.029865 -0.000001
v 52.072731 8.909348 0.940532
v 52.658508 9.703211 -0.000001
v 52.779018 9.615649 0.940532
v 53.090832 10.551680 -0.000001
v 53.232510 10.505650 0.940532
v 53.239799 11.492210 -0.000001
v 53.388760 11.492210 0.940532
v 53.090832 12.432740 -0.000001
v 53.232510 12.478770 0.940532
v 52.658508 13.281210 -0.000001
v 52.779018 13.368770 0.940532
v 51.985168 13.954560 -0.000001
v 52.072731 14.075070 0.940532
v 51.136688 14.386870 -0.000001
v 51.182739 14.528540 0.940532
v 50.196171 14.535840 -0.000001
v 50.196171 14.684810 0.940532
v 49.076012 14.939700 1.789000
v 48.065510 14.424820 1.789000
v 47.263561 13.622880 1.789000
v 46.748692 12.612370 1.789000
v 46.571251 11.492210 1.789000
v 46.748692 10.372050 1.789000
v 47.263561 9.361544 1.789000
v 48.065510 8.559598 1.789000
v 49.076012 8.044722 1.789000
v 50.196171 7.867304 1.789000
v 51.316330 8.044722 1.789000
v 52.326839 8.559598 1.789000
v 53.128780 9.361544 1.789000
v 53.643650 10.372050 1.789000
v 53.821091 11.492210 1.789000
v 53.643650 12.612370 1.789000
v 53.128780 13.622880 1.789000
v 52.326839 14.424820 1.789000
v 51.316330 14.939700 1.789000
v 50.196171 15.117120 1.789000
v 48.867931 15.580100 2.462345
v 47.669720 14.969570 2.462345
v 46.718800 14.018670 2.462345
v 46.108292 12.820450 2.462345
v 45.897911 11.492210 2.462345
v 46.108292 10.163970 2.462345
v 46.718800 8.965756 2.462345
v 47.669720 8.014852 2.462345
v 48.867931 7.404328 2.462346
v 50.196171 7.193958 2.462346
v 51.524410 7.404328 2.462346
v 52.722618 8.014852 2.462345
v 53.673538 8.965756 2.462345
v 54.284050 10.163980 2.462345
v 54.494431 11.492210 2.462345
v 54.284050 12.820440 2.462345
v 53.673538 14.018660 2.462345
v 52.722618 14.969570 2.462345
v 51.524410 15.580090 2.462345
v 50.196171 15.790460 2.462345
v 48.605740 16.387030 2.894662
v 47.171009 15.656000 2.894662
v 46.032391 14.517370 2.894662
v 45.301338 13.082640 2.894662
v 45.049438 11.492210 2.894662
v 45.301338 9.901786 2.894662
v 46.032391 8.467044 2.894662
v 47.171009 7.328426 2.894663
v 48.605740 6.597385 2.894663
v 50.196171 6.345491 2.894663
v 51.786598 6.597385 2.894663
v 53.221340 7.328426 2.894663
v 54.359951 8.467044 2.894662
v 55.091000 9.901786 2.894662
v 55.342899 11.492210 2.894662
v 55.091000 13.082640 2.894662
v 54.359951 14.517370 2.894662
v 53.221340 15.656000 2.894662
v 51.786598 16.387030 2.894662
v 50.196171 16.638929 2.894662
v 48.315109 17.281540 3.043626
v 46.618179 16.416901 3.043626
v 45.271481 15.070210 3.043626
v 44.406841 13.373270 3.043626
v 44.108921 11.492210 3.043626
v 44.406841 9.611145 3.043626
v 45.271481 7.914213 3.043626
v 46.618179 6.567520 3.043627
v 48.315109 5.702891 3.043627
v 50.196171 5.404959 3.043627
v 52.077240 5.702891 3.043627
v 53.774158 6.567520 3.043627
v 55.120869 7.914213 3.043626
v 55.985500 9.611145 3.043626
v 56.283421 11.492210 3.043626
v 55.985500 13.373270 3.043626
v 55.120869 15.070200 3.043626
v 53.774158 16.416901 3.043626
v 52.077240 17.281530 3.043626
v 50.196171 17.579460 3.043626
v 48.024471 18.176029 2.894662
v 46.065338 17.177820 2.894662
v 44.510571 15.623040 2.894662
v 43.512348 13.663920 2.894662
v 43.168369 11.492210 2.894662
v 43.512348 9.320502 2.894662
v 44.510571 7.361379 2.894663
v 46.065338 5.806611 2.894663
v 48.024471 4.808388 2.894663
v 50.196171 4.464426 2.894663
v 52.367870 4.808388 2.894663
v 54.327000 5.806611 2.894663
v 55.881771 7.361379 2.894663
v 56.879990 9.320502 2.894662
v 57.223969 11.492210 2.894662
v 56.879990 13.663920 2.894662
v 55.881771 15.623040 2.894662
v 54.327000 17.177811 2.894662
v 52.367870 18.176029 2.894662
v 50.196171 18.520000 2.894662
v 47.762280 18.982969 2.462345
v 45.566620 17.864241 2.462345
v 43.824139 16.121759 2.462345
v 42.705421 13.926110 2.462345
v 42.319920 11.492210 2.462345
v 42.705421 9.058315 2.462345
v 43.824162 6.862666 2.462346
v 45.566620 5.120191 2.462346
v 47.762280 4.001451 2.462346
v 50.196171 3.615955 2.462346
v 52.630058 4.001451 2.462346
v 54.825722 5.120191 2.462346
v 56.568180 6.862666 2.462346
v 57.686920 9.058315 2.462345
v 58.072430 11.492210 2.462345
v 57.686920 13.926110 2.462345
v 56.568180 16.121759 2.462345
v 54.825722 17.864241 2.462345
v 52.630058 18.982969 2.462345
v 50.196171 19.368469 2.462345
v 47.554199 19.623369 1.788999
v 45.170841 18.408979 1.788999
v 43.279400 16.517540 1.788999
v 42.065022 14.134180 1.788999
v 41.646561 11.492210 1.788999
v 42.065022 8.850239 1.788999
v 43.279400 6.466878 1.789000
v 45.170841 4.575444 1.789000
v 47.554199 3.361056 1.789000
v 50.196171 2.942619 1.789000
v 52.838139 3.361056 1.789000
v 55.221500 4.575444 1.789000
v 57.112949 6.466883 1.789000
v 58.327320 8.850239 1.788999
v 58.745781 11.492210 1.788999
v 58.327320 14.134180 1.788999
v 57.112949 16.517540 1.788999
v 55.221500 18.408979 1.788999
v 52.838139 19.623360 1.788999
v 50.196171 20.041809 1.788998
v 47.420609 20.034531 0.940531
v 44.916729 18.758739 0.940532
v 42.929642 16.771650 0.940532
v 41.653851 14.267780 0.940532
v 41.214249 11.492210 0.940532
v 41.653851 8.716647 0.940532
v 42.929642 6.212768 0.940533
v 44.916729 4.225697 0.940533
v 47.420609 2.949905 0.940533
v 50.196171 2.510291 0.940533
v 52.971729 2.949905 0.940533
v 55.475609 4.225697 0.940533
v 57.462700 6.212768 0.940533
v 58.738491 8.716647 0.940532
v 59.178089 11.492210 0.940532
v 58.738491 14.267780 0.940532
v 57.462700 16.771650 0.940532
v 55.475609 18.758739 0.940532
v 52.971729 20.034510 0.940531
v 50.196171 20.474131 0.940531
v 47.374561 20.176201 -0.000002
v 44.829159 18.879250 -0.000001
v 42.809132 16.859209 -0.000001
v 41.512180 14.313810 -0.000001
v 41.065289 11.492210 -0.000001
v 41.512180 8.670609 -0.000001
v 42.809132 6.125211 -0.000000
v 44.829159 4.105172 -0.000000
v 47.374580 2.808223 -0.000000
v 50.196171 2.361325 -0.000000
v 53.017761 2.808223 -0.000000
v 55.563179 4.105172 -0.000000
v 57.583210 6.125211 -0.000000
v 58.880161 8.670609 -0.000001
v 59.327049 11.492210 -0.000001
v 58.880161 14.313810 -0.000001
v 57.583210 16.859200 -0.000001
v 55.563179 18.879250 -0.000001
v 53.017761 20.176201 -0.000002
v 50.196171 20.623091 -0.000002
v 49.209599 14.528540 -0.940534
v 48.319611 14.075070 -0.940534
v 47.613319 13.368770 -0.940534
v 47.159840 12.478780 -0.940534
v 47.003578 11.492210 -0.940534
v 47.159840 10.505640 -0.940534
v 47.613319 9.615649 -0.940534
v 48.319611 8.909348 -0.940534
v 49.209599 8.455874 -0.940534
v 50.196171 8.299616 -0.940534
v 51.182739 8.455874 -0.940534
v 52.072731 8.909348 -0.940534
v 52.779018 9.615649 -0.940534
v 53.232510 10.505650 -0.940534
v 53.388760 11.492210 -0.940534
v 53.232510 12.478770 -0.940534
v 52.779018 13.368770 -0.940534
v 52.072731 14.075070 -0.940534
v 51.182739 14.528540 -0.940534
v 50.196171 14.684810 -0.940534
v 49.076012 14.939700 -1.789002
v 48.065510 14.424820 -1.789002
v 47.263561 13.622880 -1.789002
v 46.748692 12.612370 -1.789002
v 46.571251 11.492210 -1.789002
v 46.748692 10.372050 -1.789002
v 47.263561 9.361544 -1.789002
v 48.065510 8.559598 -1.789002
v 49.076012 8.044722 -1.789002
v 50.196171 7.867304 -1.789002
v 51.316330 8.044722 -1.789002
v 52.326839 8.559598 -1.789002
v 53.128780 9.361544 -1.789002
v 53.643650 10.372050 -1.789002
v 53.821091 11.492210 -1.789002
v 53.643650 12.612370 -1.789002
v 53.128780 13.622880 -1.789002
v 52.326839 14.424820 -1.789002
v 51.316330 14.939700 -1.789002
v 50.196171 15.117120 -1.789002
v 48.867931 15.580100 -2.462347
v 47.669720 14.969570 -2.462347
v 46.718800 14.018670 -2.462347
v 46.108292 12.820450 -2.462347
v 45.897911 11.492210 -2.462347
v 46.108292 10.163970 -2.462347
v 46.718800 8.965756 -2.462347
v 47.669720 8.014852 -2.462347
v 48.867931 7.404328 -2.462347
v 50.196171 7.193958 -2.462347
v 51.524410 7.404328 -2.462347
v 52.722618 8.014852 -2.462347
v 53.673538 8.965756 -2.462347
v 54.284050 10.163980 -2.462347
v 54.494431 11.492210 -2.462347
v 54.284050 12.820440 -2.462347
v 53.673538 14.018660 -2.462347
v 52.722618 14.969570 -2.462347
v 51.524410 15.580090 -2.462347
v 50.196171 15.790460 -2.462347
v 48.605740 16.387030 -2.894664
v 47.171009 15.656000 -2.894664
v 46.032391 14.517370 -2.894664
v 45.301338 13.082640 -2.894664
v 45.049438 11.492210 -2.894664
v 45.301338 9.901786 -2.894664
v 46.032391 8.467044 -2.894664
v 47.171009 7.328426 -2.894664
v 48.605740 6.597385 -2.894664
v 50.196171 6.345491 -2.894664
v 51.786598 6.597385 -2.894664
v 53.221340 7.328426 -2.894664
v 54.359951 8.467044 -2.894664
v 55.091000 9.901786 -2.894664
v 55.342899 11.492210 -2.894664
v 55.091000 13.082640 -2.894664
v 54.359951 14.517370 -2.894664
v 53.221340 15.656000 -2.894664
v 51.786598 16.387030 -2.894664
v 50.196171 16.638929 -2.894664
v 48.315109 17.281540 -3.043628
v 46.618179 16.416901 -3.043628
v 45.271481 15.070210 -3.043628
v 44.406841 13.373270 -3.043628
v 44.108921 11.492210 -3.043628
v 44.406841 9.611145 -3.043628
v 45.271481 7.914213 -3.043628
v 46.618179 6.567520 -3.043628
v 48.315109 5.702891 -3.043628
v 50.196171 5.404959 -3.043628
v 52.077240 5.702891 -3.043628
v 53.774158 6.567520 -3.043628
v 55.120869 7.914213 -3.043628
v 55.985500 9.611145 -3.043628
v 56.283421 11.492210 -3.043628
v 55.985500 13.373270 -3.043628
v 55.120869 15.070200 -3.043628
v 53.774158 16.416901 -3.043628
v 52.077240 17.281530 -3.043628
v 50.196171 17.579460 -3.043628
v 48.024471 18.176029 -2.894665
v 46.065338 17.177820 -2.894664
v 44.510571 15.623040 -2.894664
v 43.512348 13.663920 -2.894664
v 43.168369 11.492210 -2.894664
v 43.512348 9.320502 -2.894664
v 44.510571 7.361379 -2.894664
v 46.065338 5.806611 -2.894664
v 48.024471 4.808388 -2.894664
v 50.196171 4.464426 -2.894663
v 52.367870 4.808388 -2.894664
v 54.327000 5.806611 -2.894664
v 55.881771 7.361379 -2.894664
v 56.879990 9.320502 -2.894664
v 57.223969 11.492210 -2.894664
v 56.879990 13.663920 -2.894664
v 55.881771 15.623040 -2.894664
v 54.327000 17.177811 -2.894664
v 52.367870 18.176029 -2.894665
v 50.196171 18.520000 -2.894665
v 47.762280 18.982969 -2.462348
v 45.566620 17.864241 -2.462348
v 43.824139 16.121759 -2.462347
v 42.705421 13.926110 -2.462347
v 42.319920 11.492210 -2.462347
v 42.705421 9.058315 -2.462347
v 43.824162 6.862666 -2.462347
v 45.566620 5.120191 -2.462347
v 47.762280 4.001451 -2.462346
v 50.196171 3.615955 -2.462346
v 52.630058 4.001451 -2.462346
v 54.825722 5.120191 -2.462347
v 56.568180 6.862666 -2.462347
v 57.686920 9.058315 -2.462347
v 58.072430 11.492210 -2.462347
v 57.686920 13.926110 -2.462347
v 56.568180 16.121759 -2.462347
v 54.825722 17.864241 -2.462348
v 52.630058 18.982969 -2.462348
v 50.196171 19.368469 -2.462348
v 47.554199 19.623369 -1.789001
v 45.170841 18.408979 -1.789001
v 43.279400 16.517540 -1.789001
v 42.065022 14.134180 -1.789001
v 41.646561 11.492210 -1.789001
v 42.065022 8.850239 -1.789001
v 43.279400 6.466878 -1.789001
v 45.170841 4.575444 -1.789000
v 47.554199 3.361056 -1.789000
v 50.196171 2.942619 -1.789000
v 52.838139 3.361056 -1.789000
v 55.221500 4.575444 -1.789000
v 57.112949 6.466883 -1.789001
v 58.327320 8.850239 -1.789001
v 58.745781 11.492210 -1.789001
v 58.327320 14.134180 -1.789001
v 57.112949 16.517540 -1.789001
v 55.221500 18.408979 -1.789001
v 52.838139 19.623360 -1.789001
v 50.196171 20.041809 -1.789002
v 47.420609 20.034531 -0.940534
v 44.916729 18.758739 -0.940534
v 42.929642 16.771650 -0.940534
v 41.653851 14.267780 -0.940534
v 41.214249 11.492210 -0.940534
v 41.653851 8.716647 -0.940534
v 42.929642 6.212768 -0.940533
v 44.916729 4.225697 -0.940533
v 47.420609 2.949905 -0.940533
v 50.196171 2.510291 -0.940533
v 52.971729 2.949905 -0.940533
v 55.475609 4.225697 -0.940533
v 57.462700 6.212768 -0.940533
v 58.738491 8.716647 -0.940534
v 59.178089 11.492210 -0.940534
v 58.738491 14.267780 -0.940534
v 57.462700 16.771650 -0.940534
v 55.475609 18.758739 -0.940534
v 52.971729 20.034510 -0.940534
v 50.196171 20.474131 -0.940535
v -38.896370 -1.002096 2.474992
v -39.334290 14.159370 2.474991
v -39.334301 14.159360 -2.474992
v -38.896370 -1.002096 -2.474993
v -38.967819 1.471367 4.949487
v -39.262852 11.685900 4.949486
v -39.262852 11.685900 -4.949488
v -38.967819 1.471367 -4.949487
v -38.811192 -3.951179 5.425303
v -38.882641 -1.477714 7.899798
v -39.103031 14.452111 8.005047
v -39.425190 17.306610 5.623554
v -38.882641 -1.477716 -7.899798
v -38.811192 -3.951180 -5.425303
v -39.425190 17.306610 -5.623557
v -39.103031 14.452109 -8.005049
v -38.781200 -6.101707 6.463823
v -38.852650 -2.515805 9.912541
v -39.131771 15.447431 9.950787
v -39.452011 19.412870 6.552568
v -38.852650 -2.515807 -9.912541
v -38.781200 -6.101707 -6.463822
v -39.452011 19.412870 -6.552571
v -39.131771 15.447429 -9.950788
v -39.425190 17.114290 -0.000001
v -39.452011 19.605200 -0.000001
v -38.811192 -3.951179 0.000000
v -38.781200 -6.101707 0.000000
v -37.280270 -1.002096 2.474992
v -36.842350 14.159370 2.474991
v -36.842339 14.159360 -2.474992
v -37.280270 -1.002096 -2.474993
v -37.208820 1.471367 4.949487
v -36.913792 11.685900 4.949486
v -36.913792 11.685900 -4.949488
v -37.208820 1.471367 -4.949487
v -37.365452 -3.951179 5.425303
v -37.293999 -1.477714 7.899798
v -37.073608 14.452111 8.005047
v -36.751450 17.306610 5.623554
v -37.293999 -1.477716 -7.899798
v -37.365452 -3.951180 -5.425303
v -36.751450 17.306610 -5.623557
v -37.073608 14.452109 -8.005049
v -37.395439 -6.101707 6.463823
v -37.323990 -2.515805 9.912541
v -37.044868 15.447431 9.950787
v -36.724628 19.412870 6.552568
v -37.323990 -2.515807 -9.912541
v -37.395439 -6.101707 -6.463822
v -36.724628 19.412870 -6.552571
v -37.044868 15.447429 -9.950788
v -36.751450 17.114290 -0.000001
v -36.724628 19.605200 -0.000001
v -37.365452 -3.951179 0.000000
v -37.395439 -6.101707 0.000000
vn 0.0014 -0.0219 0.9998
vn 0.0014 -0.0220 0.9998
vn -0.0047 0.0757 0.9971
vn -0.0050 0.0737 0.9973
vn -0.0045 0.0728 0.9973
vn 0.0632 -0.9980 -0.0000
vn -0.0068 0.0985 0.9951
vn -0.0057 0.0906 0.9959
vn -0.0057 0.0935 0.9956
vn 0.0017 -0.0219 -0.9998
vn 0.0014 -0.0219 -0.9998
vn 0.0014 -0.0220 -0.9998
vn -0.0048 0.0757 -0.9971
vn -0.0068 0.0985 -0.9951
vn -0.0050 0.0737 -0.9973
vn -0.0058 0.0906 -0.9959
vn -0.0057 0.0935 -0.9956
vn -0.0045 0.0728 -0.9973
vn 0.0142 -0.2544 0.9670
vn 0.0143 -0.2544 0.9670
vn -0.0128 0.2001 0.9797
vn -0.0128 0.2002 0.9797
vn -0.0127 0.2003 0.9797
vn -0.0122 0.2966 0.9549
vn -0.9244 -0.3487 -0.1547
vn 0.9220 0.3537 0.1575
vn -0.9239 -0.3806 0.0391
vn 0.9212 0.3870 -0.0398
vn 0.9230 0.3426 -0.1752
vn -0.9261 -0.3360 0.1713
vn -0.9261 -0.3360 -0.1713
vn -0.9989 -0.0463 -0.0000
vn -0.0122 0.2966 -0.9549
vn -0.0463 0.9989 -0.0000
vn 0.9974 0.0722 -0.0000
vn 0.0142 -0.2544 -0.9670
vn 0.0143 -0.2544 -0.9670
vn -0.9974 -0.0721 -0.0000
vn 0.0138 -0.2322 0.9726
vn -0.0129 0.2024 0.9792
vn -0.0128 0.2024 0.9792
vn 0.0139 -0.2322 0.9726
vn -0.0124 0.3091 0.9509
vn -0.9367 -0.3206 -0.1407
vn 0.9217 0.3536 0.1592
vn 0.9217 0.3537 0.1591
vn -0.9372 -0.3470 0.0350
vn 0.9224 0.3842 -0.0395
vn 0.9263 0.3357 -0.1711
vn -0.9411 -0.3024 0.1511
vn -0.0123 0.3091 0.9510
vn 0.9978 0.0662 -0.0000
vn 0.0138 -0.2322 -0.9726
vn 0.0139 -0.2322 -0.9726
vn -0.9978 -0.0662 -0.0000
vn -0.9989 -0.0463 -0.0001
vn -0.0123 0.3090 -0.9510
vn 0.9263 0.3357 0.1711
vn 0.9475 0.2941 0.1259
vn 0.9474 0.2941 0.1259
vn 0.9474 0.2942 0.1259
vn 0.9477 0.3177 -0.0315
vn 0.9476 0.3178 -0.0316
vn 0.9540 0.2695 -0.1314
vn 0.0138 -0.2316 0.9727
vn -0.9421 -0.3076 -0.1334
vn -0.9425 -0.3325 0.0333
vn -0.9505 -0.2790 0.1371
vn -0.0127 0.3544 0.9350
vn 0.9475 0.2941 -0.1258
vn 0.0138 -0.2316 -0.9727
vn -0.0127 0.3544 -0.9350
vn -0.0463 0.9989 0.0001
vn 0.9540 0.2695 0.1314
vn -0.9974 -0.0722 -0.0000
vn 0.9212 0.3870 -0.0399
vn 0.9230 0.3426 0.1752
vn -0.9411 -0.3024 -0.1511
vn -0.9367 -0.3207 -0.1407
vn -0.9505 -0.2790 -0.1371
vn -0.0128 0.2002 -0.9797
vn -0.0127 0.2002 -0.9797
vn -0.0127 0.2003 -0.9797
vn -0.9244 -0.3487 0.1547
vn 0.9220 0.3536 -0.1575
vn -0.9239 -0.3806 -0.0391
vn 0.9212 0.3870 0.0398
vn 0.0138 -0.2323 -0.9726
vn -0.0129 0.2024 -0.9792
vn -0.0128 0.2024 -0.9792
vn 0.0139 -0.2323 -0.9725
vn -0.0123 0.3091 -0.9510
vn -0.9367 -0.3206 0.1407
vn 0.9217 0.3536 -0.1592
vn 0.9217 0.3537 -0.1591
vn -0.9372 -0.3470 -0.0350
vn 0.9224 0.3842 0.0395
vn 0.9475 0.2941 -0.1259
vn 0.9474 0.2941 -0.1259
vn 0.9477 0.3177 0.0315
vn 0.9477 0.3176 0.0315
vn -0.0128 0.2025 -0.9792
vn 0.9540 0.2694 0.1314
vn -0.9421 -0.3076 0.1334
vn -0.9425 -0.3325 -0.0333
vn 0.9220 0.3537 -0.1575
vn 0.9212 0.3870 0.0399
vn -0.9367 -0.3207 0.1407
vn 0.0662 -0.9978 -0.0000
vn 0.0006 -0.1925 0.9813
vn 0.0003 -0.1979 0.9802
vn 0.0042 -0.2061 0.9785
vn 0.0440 -0.1952 0.9798
vn 0.0202 0.2067 0.9782
vn -0.0125 0.1974 0.9802
vn -0.0279 0.2524 0.9672
vn 0.0282 0.2080 0.9777
vn 0.0224 0.2543 0.9669
vn 0.0123 -0.1969 0.9804
vn 0.0096 -0.1980 0.9802
vn -0.0101 0.2063 0.9784
vn 0.0003 -0.1979 -0.9802
vn 0.0440 -0.1952 -0.9798
vn 0.0105 -0.1980 -0.9802
vn -0.0100 0.2063 -0.9784
vn 0.0199 0.2077 -0.9780
vn 0.0224 0.2543 -0.9669
vn -0.0279 0.2524 -0.9672
vn -0.0125 0.1974 -0.9802
vn 0.0007 -0.1925 -0.9813
vn -0.0000 -0.1926 -0.9813
vn 0.0042 -0.2061 -0.9785
vn 0.0203 0.2067 -0.9782
vn 0.0123 -0.1969 -0.9804
vn -0.0001 0.0035 1.0000
vn -0.0001 0.0034 1.0000
vn -0.0044 0.1030 0.9947
vn -0.0040 0.1031 0.9947
vn 0.0389 -0.9992 0.0001
vn 0.0389 -0.9992 -0.0000
vn -0.9974 -0.0720 -0.0000
vn -0.9972 -0.0749 -0.0000
vn -0.0389 0.9992 0.0001
vn -0.0001 0.0034 -1.0000
vn 0.4486 -0.8803 0.1545
vn 0.4485 -0.8803 0.1545
vn 0.4486 -0.8803 0.1546
vn 0.4485 -0.8803 0.1546
vn 0.6986 -0.6986 0.1545
vn 0.6986 -0.6986 0.1546
vn 0.8803 -0.4485 0.1545
vn 0.8803 -0.4485 0.1546
vn 0.9758 -0.1545 0.1545
vn 0.9758 -0.1545 0.1546
vn 0.9758 0.1546 0.1545
vn 0.9758 0.1546 0.1546
vn 0.8803 0.4486 0.1545
vn 0.8803 0.4486 0.1546
vn 0.6986 0.6987 0.1545
vn 0.6986 0.6986 0.1546
vn 0.4485 0.8803 0.1545
vn 0.4485 0.8803 0.1546
vn 0.1545 0.9758 0.1545
vn 0.1545 0.9758 0.1546
vn -0.1546 0.9758 0.1545
vn -0.1546 0.9758 0.1546
vn -0.4486 0.8803 0.1545
vn -0.4485 0.8803 0.1546
vn -0.6986 0.6986 0.1545
vn -0.6986 0.6986 0.1546
vn -0.8803 0.4485 0.1545
vn -0.8803 0.4485 0.1546
vn -0.9758 0.1545 0.1545
vn -0.9758 0.1545 0.1546
vn -0.9758 -0.1546 0.1545
vn -0.9758 -0.1546 0.1546
vn -0.8803 -0.4486 0.1545
vn -0.8803 -0.4486 0.1546
vn -0.6986 -0.6986 0.1545
vn -0.6986 -0.6986 0.1546
vn -0.4485 -0.8803 0.1545
vn -0.4485 -0.8803 0.1546
vn -0.1545 -0.9758 0.1545
vn -0.1546 -0.9758 0.1546
vn 0.4055 -0.7959 0.4496
vn 0.6316 -0.6316 0.4496
vn 0.7959 -0.4055 0.4496
vn 0.8822 -0.1397 0.4496
vn 0.8822 0.1398 0.4496
vn 0.7959 0.4055 0.4496
vn 0.6316 0.6316 0.4496
vn 0.4055 0.7959 0.4496
vn 0.1397 0.8822 0.4496
vn -0.1397 0.8822 0.4496
vn -0.4055 0.7959 0.4496
vn -0.6316 0.6316 0.4496
vn -0.7959 0.4055 0.4496
vn -0.8822 0.1397 0.4496
vn -0.8822 -0.1398 0.4496
vn -0.7959 -0.4055 0.4496
vn -0.6316 -0.6316 0.4496
vn -0.4055 -0.7959 0.4496
vn -0.1397 -0.8822 0.4496
vn 0.3230 -0.6339 0.7027
vn 0.5031 -0.5031 0.7027
vn 0.6339 -0.3230 0.7027
vn 0.7027 -0.1113 0.7027
vn 0.7027 0.1113 0.7027
vn 0.6339 0.3230 0.7027
vn 0.5031 0.5031 0.7027
vn 0.3230 0.6339 0.7027
vn 0.1113 0.7027 0.7027
vn -0.1113 0.7027 0.7027
vn -0.3230 0.6339 0.7027
vn -0.5031 0.5031 0.7027
vn -0.6339 0.3230 0.7027
vn -0.7027 0.1113 0.7028
vn -0.7027 -0.1113 0.7027
vn -0.6339 -0.3230 0.7027
vn -0.5031 -0.5031 0.7027
vn -0.3230 -0.6339 0.7027
vn -0.1113 -0.7027 0.7027
vn 0.2082 -0.4085 0.8887
vn 0.2081 -0.4085 0.8887
vn 0.3242 -0.3242 0.8887
vn 0.4085 -0.2081 0.8887
vn 0.4528 -0.0717 0.8887
vn 0.4528 0.0717 0.8887
vn 0.4085 0.2081 0.8887
vn 0.3241 0.3242 0.8887
vn 0.2081 0.4085 0.8887
vn 0.0717 0.4528 0.8887
vn -0.0717 0.4528 0.8887
vn -0.2082 0.4085 0.8887
vn -0.3242 0.3241 0.8887
vn -0.4085 0.2081 0.8887
vn -0.4528 0.0717 0.8887
vn -0.4528 -0.0717 0.8887
vn -0.4085 -0.2082 0.8887
vn -0.3241 -0.3242 0.8887
vn -0.2081 -0.4085 0.8887
vn -0.0717 -0.4528 0.8887
vn 0.0718 -0.1410 0.9874
vn 0.1119 -0.1119 0.9874
vn 0.1411 -0.0719 0.9874
vn 0.1563 -0.0248 0.9874
vn 0.1563 0.0247 0.9874
vn 0.1410 0.0719 0.9874
vn 0.1119 0.1119 0.9874
vn 0.0719 0.1410 0.9874
vn 0.0248 0.1563 0.9874
vn -0.0247 0.1563 0.9874
vn -0.0719 0.1410 0.9874
vn -0.1119 0.1119 0.9874
vn -0.1410 0.0719 0.9874
vn -0.1563 0.0248 0.9874
vn -0.1563 -0.0247 0.9874
vn -0.1410 -0.0719 0.9874
vn -0.1120 -0.1119 0.9874
vn -0.0719 -0.1410 0.9874
vn -0.0248 -0.1563 0.9874
vn -0.0719 0.1411 0.9874
vn -0.1120 0.1120 0.9874
vn -0.1411 0.0719 0.9874
vn -0.1564 0.0248 0.9874
vn -0.1564 -0.0248 0.9874
vn -0.1411 -0.0719 0.9874
vn -0.1120 -0.1120 0.9874
vn -0.0719 -0.1411 0.9874
vn -0.0247 -0.1564 0.9874
vn 0.0248 -0.1564 0.9874
vn 0.0719 -0.1411 0.9874
vn 0.1120 -0.1120 0.9874
vn 0.1564 -0.0248 0.9874
vn 0.1564 0.0248 0.9874
vn 0.1411 0.0719 0.9874
vn 0.1120 0.1120 0.9874
vn 0.0719 0.1411 0.9874
vn 0.0248 0.1564 0.9874
vn -0.2081 0.4085 0.8887
vn -0.2081 0.4086 0.8887
vn -0.3242 0.3242 0.8887
vn -0.4086 0.2081 0.8887
vn -0.4529 0.0717 0.8887
vn -0.4529 -0.0718 0.8887
vn -0.3242 -0.3242 0.8887
vn -0.2081 -0.4086 0.8887
vn 0.0718 -0.4529 0.8887
vn 0.4086 -0.2081 0.8887
vn 0.4529 -0.0717 0.8887
vn 0.4529 0.0718 0.8887
vn 0.4085 0.2082 0.8887
vn 0.3242 0.3242 0.8887
vn 0.2081 0.4086 0.8887
vn -0.3230 0.6340 0.7027
vn -0.6340 0.3230 0.7027
vn -0.7027 0.1113 0.7027
vn 0.1113 -0.7027 0.7027
vn -0.4056 0.7959 0.4495
vn -0.4055 0.7959 0.4495
vn -0.6317 0.6316 0.4495
vn -0.7959 0.4055 0.4495
vn -0.8823 0.1397 0.4495
vn -0.8823 -0.1398 0.4495
vn -0.7959 -0.4056 0.4495
vn -0.6316 -0.6317 0.4495
vn -0.4055 -0.7959 0.4495
vn -0.1397 -0.8823 0.4495
vn 0.1398 -0.8823 0.4495
vn 0.4056 -0.7959 0.4495
vn 0.6317 -0.6316 0.4495
vn 0.7959 -0.4055 0.4495
vn 0.8823 -0.1397 0.4495
vn 0.8823 0.1397 0.4495
vn 0.7959 0.4055 0.4495
vn 0.6316 0.6317 0.4495
vn 0.4055 0.7959 0.4495
vn 0.1397 0.8823 0.4495
vn -0.4485 0.8803 0.1545
vn 0.1546 -0.9758 0.1545
vn 0.6986 0.6986 0.1545
vn 0.4485 -0.8803 -0.1546
vn 0.6986 -0.6986 -0.1546
vn 0.8803 -0.4485 -0.1546
vn 0.9758 -0.1545 -0.1546
vn 0.9758 0.1546 -0.1546
vn 0.8803 0.4485 -0.1546
vn 0.6986 0.6986 -0.1546
vn 0.4485 0.8803 -0.1546
vn 0.1545 0.9758 -0.1546
vn -0.1546 0.9758 -0.1546
vn -0.4485 0.8803 -0.1546
vn -0.6986 0.6986 -0.1546
vn -0.8803 0.4485 -0.1546
vn -0.9758 0.1545 -0.1546
vn -0.9758 -0.1546 -0.1546
vn -0.8803 -0.4485 -0.1546
vn -0.6986 -0.6986 -0.1546
vn -0.4485 -0.8803 -0.1546
vn -0.1545 -0.9758 -0.1546
vn 0.4055 -0.7959 -0.4496
vn 0.6316 -0.6316 -0.4496
vn 0.7959 -0.4055 -0.4496
vn 0.8823 -0.1397 -0.4496
vn 0.8822 0.1398 -0.4496
vn 0.7959 0.4055 -0.4496
vn 0.6316 0.6316 -0.4496
vn 0.4055 0.7959 -0.4496
vn 0.1397 0.8823 -0.4496
vn -0.1398 0.8822 -0.4496
vn -0.4055 0.7959 -0.4496
vn -0.6316 0.6316 -0.4496
vn -0.7959 0.4055 -0.4496
vn -0.8822 0.1397 -0.4496
vn -0.8822 -0.1398 -0.4496
vn -0.7959 -0.4055 -0.4496
vn -0.6316 -0.6316 -0.4496
vn -0.4055 -0.7959 -0.4496
vn -0.1397 -0.8823 -0.4496
vn 0.3230 -0.6339 -0.7027
vn 0.5031 -0.5031 -0.7027
vn 0.6339 -0.3230 -0.7027
vn 0.7027 -0.1113 -0.7027
vn 0.7027 0.1113 -0.7027
vn 0.6339 0.3230 -0.7027
vn 0.5031 0.5031 -0.7027
vn 0.3230 0.6339 -0.7027
vn 0.1113 0.7027 -0.7027
vn -0.1113 0.7027 -0.7027
vn -0.3230 0.6339 -0.7027
vn -0.5031 0.5031 -0.7027
vn -0.6339 0.3230 -0.7027
vn -0.7027 0.1113 -0.7027
vn -0.7027 -0.1113 -0.7027
vn -0.6339 -0.3230 -0.7027
vn -0.5031 -0.5031 -0.7027
vn -0.3230 -0.6339 -0.7027
vn -0.1113 -0.7027 -0.7027
vn 0.2081 -0.4085 -0.8887
vn 0.3242 -0.3241 -0.8887
vn 0.4085 -0.2081 -0.8887
vn 0.4528 -0.0717 -0.8887
vn 0.4528 0.0717 -0.8887
vn 0.4085 0.2081 -0.8887
vn 0.3241 0.3242 -0.8887
vn 0.2081 0.4085 -0.8887
vn 0.0717 0.4528 -0.8887
vn -0.0717 0.4528 -0.8887
vn -0.2081 0.4085 -0.8887
vn -0.3242 0.3241 -0.8887
vn -0.4085 0.2081 -0.8887
vn -0.4528 0.0717 -0.8887
vn -0.4528 -0.0717 -0.8887
vn -0.4085 -0.2081 -0.8887
vn -0.3241 -0.3242 -0.8887
vn -0.2081 -0.4085 -0.8887
vn -0.0717 -0.4528 -0.8887
vn 0.0719 -0.1410 -0.9874
vn 0.1119 -0.1119 -0.9874
vn 0.1411 -0.0719 -0.9874
vn 0.1563 -0.0248 -0.9874
vn 0.1564 0.0248 -0.9874
vn 0.1410 0.0719 -0.9874
vn 0.1119 0.1119 -0.9874
vn 0.0718 0.1410 -0.9874
vn 0.0247 0.1563 -0.9874
vn -0.0248 0.1563 -0.9874
vn -0.0719 0.1410 -0.9874
vn -0.1119 0.1119 -0.9874
vn -0.1410 0.0718 -0.9874
vn -0.1563 0.0247 -0.9874
vn -0.1563 -0.0248 -0.9874
vn -0.1410 -0.0719 -0.9874
vn -0.1119 -0.1120 -0.9874
vn -0.0718 -0.1410 -0.9874
vn -0.0247 -0.1563 -0.9874
vn -0.0719 0.1411 -0.9874
vn -0.1120 0.1120 -0.9874
vn -0.1411 0.0719 -0.9874
vn -0.1564 0.0247 -0.9874
vn -0.1564 -0.0248 -0.9874
vn -0.1411 -0.0719 -0.9874
vn -0.0719 -0.1411 -0.9874
vn -0.0247 -0.1564 -0.9874
vn 0.0248 -0.1564 -0.9874
vn 0.0719 -0.1411 -0.9874
vn 0.1120 -0.1120 -0.9874
vn 0.1564 -0.0247 -0.9874
vn 0.1411 0.0719 -0.9874
vn 0.1120 0.1120 -0.9874
vn 0.0719 0.1411 -0.9874
vn 0.0247 0.1564 -0.9874
vn -0.2082 0.4085 -0.8887
vn -0.2081 0.4086 -0.8887
vn -0.3242 0.3242 -0.8887
vn -0.4086 0.2081 -0.8887
vn -0.4529 0.0717 -0.8887
vn -0.4529 -0.0718 -0.8887
vn -0.4085 -0.2082 -0.8887
vn -0.3242 -0.3242 -0.8887
vn -0.2081 -0.4086 -0.8887
vn 0.0718 -0.4529 -0.8887
vn 0.2082 -0.4085 -0.8887
vn 0.3242 -0.3242 -0.8887
vn 0.4086 -0.2081 -0.8887
vn 0.4529 -0.0717 -0.8887
vn 0.4529 0.0718 -0.8887
vn 0.4085 0.2082 -0.8887
vn 0.3242 0.3242 -0.8887
vn 0.2081 0.4086 -0.8887
vn -0.6340 0.3230 -0.7027
vn 0.1113 -0.7027 -0.7027
vn -0.4056 0.7959 -0.4495
vn -0.4055 0.7959 -0.4495
vn -0.6317 0.6316 -0.4495
vn -0.7959 0.4055 -0.4495
vn -0.8823 0.1397 -0.4495
vn -0.8823 -0.1398 -0.4495
vn -0.7959 -0.4056 -0.4495
vn -0.6316 -0.6317 -0.4495
vn -0.4055 -0.7959 -0.4495
vn -0.1397 -0.8823 -0.4495
vn 0.1398 -0.8823 -0.4495
vn 0.4056 -0.7959 -0.4495
vn 0.6317 -0.6316 -0.4495
vn 0.7959 -0.4055 -0.4495
vn 0.8823 -0.1397 -0.4495
vn 0.8823 0.1398 -0.4495
vn 0.7959 0.4055 -0.4495
vn 0.6316 0.6317 -0.4495
vn 0.4055 0.7959 -0.4495
vn 0.1397 0.8823 -0.4495
vn -0.9996 -0.0288 -0.0000
vn -0.9996 -0.0289 0.0001
vn -0.9996 -0.0289 -0.0000
vn -0.9991 0.0123 0.0411
vn -0.9962 -0.0744 0.0456
vn -0.9991 0.0123 -0.0411
vn -0.9962 -0.0744 -0.0456
vn -0.9999 -0.0159 -0.0041
vn -0.9957 -0.0874 0.0300
vn -0.9981 -0.0349 0.0501
vn -0.9999 -0.0159 0.0041
vn -0.9957 -0.0873 -0.0299
vn -0.9980 -0.0358 -0.0522
vn -0.9999 -0.0107 -0.0000
vn -0.9999 -0.0108 -0.0004
vn -0.9999 -0.0139 -0.0000
vn -0.9999 -0.0140 -0.0000
vn -0.0000 -1.0000 -0.0000
vn -0.0000 1.0000 0.0001
vn -0.0000 1.0000 -0.0000
vn -0.0000 -0.0000 1.0000
vn -0.0000 -0.0000 -1.0000
vn -0.0001 -0.7072 -0.7070
vn -0.0000 0.7073 0.7069
vn -0.0001 0.7072 -0.7070
vn -0.0000 -0.7413 0.6711
vn -0.0000 -0.7072 0.7070
vn -0.0001 0.7073 -0.7069
vn -0.0001 -0.7414 -0.6711
vn -0.0000 -0.6932 0.7207
vn -0.0001 -0.6932 0.7208
vn -0.0001 0.6507 0.7593
vn -0.0000 0.6507 0.7593
vn -0.0000 -0.6931 -0.7208
vn -0.0000 -0.6932 -0.7207
vn -0.0001 0.6507 -0.7593
vn -0.0000 0.9996 0.0293
vn -0.0000 -0.9994 0.0341
vn -0.0001 -1.0000 -0.0000
vt 0.128734 0.596241
vt 0.126915 0.789310
vt 0.107360 0.596476
vt 0.104898 0.789455
vt 0.130273 0.432834
vt 0.108334 0.433213
vt 0.103633 0.596516
vt 0.100849 0.789474
vt 0.104408 0.433283
vt 0.261008 0.252640
vt 0.265429 0.247084
vt 0.266014 0.252979
vt 0.246225 0.252664
vt 0.250175 0.247337
vt 0.251933 0.252655
vt 0.258982 0.247322
vt 0.244090 0.247376
vt 0.238550 0.252883
vt 0.237820 0.247060
vt 0.265407 0.246570
vt 0.266029 0.253430
vt 0.244097 0.246570
vt 0.250199 0.246570
vt 0.251959 0.253430
vt 0.258990 0.246570
vt 0.238594 0.253430
vt 0.237841 0.246570
vt 0.233804 0.247101
vt 0.233804 0.252968
vt 0.270116 0.253430
vt 0.270116 0.246570
vt 0.258756 0.214505
vt 0.265590 0.207645
vt 0.266286 0.214836
vt 0.243905 0.214498
vt 0.250315 0.207925
vt 0.252243 0.214516
vt 0.256298 0.207895
vt 0.241771 0.207971
vt 0.238350 0.214683
vt 0.265515 0.207216
vt 0.266247 0.215219
vt 0.258749 0.215219
vt 0.250295 0.207216
vt 0.252222 0.215219
vt 0.243899 0.215219
vt 0.238338 0.215219
vt 0.237588 0.207216
vt 0.237624 0.207676
vt 0.270370 0.215219
vt 0.270370 0.207216
vt 0.233550 0.207720
vt 0.233550 0.214770
vt 0.266335 0.174243
vt 0.256356 0.174243
vt 0.256457 0.173355
vt 0.252101 0.174243
vt 0.241815 0.174243
vt 0.241829 0.173417
vt 0.238093 0.174243
vt 0.265914 0.168477
vt 0.266455 0.173667
vt 0.250965 0.168722
vt 0.252175 0.173389
vt 0.254806 0.168728
vt 0.240393 0.168702
vt 0.238184 0.173638
vt 0.265778 0.167862
vt 0.250900 0.167862
vt 0.237541 0.167862
vt 0.237656 0.168408
vt 0.270455 0.174243
vt 0.270455 0.167862
vt 0.233465 0.168435
vt 0.233465 0.173728
vt 0.266949 0.247057
vt 0.261006 0.253430
vt 0.246219 0.253430
vt 0.241776 0.207216
vt 0.256297 0.207216
vt 0.240387 0.167862
vt 0.254795 0.167862
vt 0.209730 0.315848
vt 0.195508 0.315848
vt 0.209314 0.266409
vt 0.194608 0.265960
vt 0.209599 0.129334
vt 0.209557 0.164442
vt 0.195420 0.129627
vt 0.195267 0.165012
vt 0.181702 0.315848
vt 0.182149 0.265836
vt 0.181858 0.129404
vt 0.181899 0.165324
vt 0.195464 0.123004
vt 0.209592 0.123004
vt 0.181887 0.123004
vt 0.201128 0.456143
vt 0.178963 0.456564
vt 0.176731 0.405216
vt 0.197891 0.405946
vt 0.155904 0.455927
vt 0.154745 0.406090
vt 0.259881 0.428341
vt 0.261194 0.429197
vt 0.258251 0.430199
vt 0.260220 0.431469
vt 0.258898 0.427118
vt 0.256771 0.428383
vt 0.258332 0.425651
vt 0.255922 0.426200
vt 0.258251 0.424084
vt 0.255789 0.423860
vt 0.258659 0.422569
vt 0.256386 0.421595
vt 0.259517 0.421255
vt 0.257655 0.419625
vt 0.260737 0.420263
vt 0.259468 0.418141
vt 0.262201 0.419700
vt 0.261651 0.417291
vt 0.263767 0.419619
vt 0.263990 0.417158
vt 0.265280 0.420028
vt 0.266255 0.417756
vt 0.266597 0.420883
vt 0.268225 0.419024
vt 0.267581 0.422103
vt 0.269706 0.420839
vt 0.268140 0.423569
vt 0.270552 0.423024
vt 0.268216 0.425138
vt 0.270682 0.425363
vt 0.267813 0.426659
vt 0.270087 0.427629
vt 0.266959 0.427976
vt 0.268821 0.429601
vt 0.265740 0.428962
vt 0.267007 0.431085
vt 0.264275 0.429522
vt 0.264824 0.431933
vt 0.262708 0.429605
vt 0.262485 0.432066
vt 0.256685 0.431992
vt 0.259285 0.433658
vt 0.254726 0.429605
vt 0.253601 0.426731
vt 0.253418 0.423648
vt 0.254196 0.420660
vt 0.255860 0.418059
vt 0.258245 0.416099
vt 0.261120 0.414971
vt 0.264202 0.414787
vt 0.267190 0.415567
vt 0.269791 0.417231
vt 0.271749 0.419618
vt 0.272873 0.422494
vt 0.273055 0.425576
vt 0.272277 0.428564
vt 0.270615 0.431166
vt 0.268230 0.433127
vt 0.265355 0.434254
vt 0.262273 0.434437
vt 0.255097 0.433805
vt 0.258335 0.435872
vt 0.252656 0.430839
vt 0.251251 0.427264
vt 0.251018 0.423429
vt 0.251982 0.419711
vt 0.254047 0.416472
vt 0.257012 0.414029
vt 0.260586 0.412622
vt 0.264421 0.412388
vt 0.268140 0.413352
vt 0.271378 0.415419
vt 0.273819 0.418385
vt 0.275224 0.421960
vt 0.275455 0.425795
vt 0.274492 0.429513
vt 0.272428 0.432753
vt 0.269463 0.435196
vt 0.265889 0.436603
vt 0.262054 0.436836
vt 0.253469 0.435653
vt 0.257358 0.438132
vt 0.250537 0.432093
vt 0.248847 0.427802
vt 0.248566 0.423199
vt 0.249721 0.418734
vt 0.252199 0.414844
vt 0.255757 0.411910
vt 0.260048 0.410219
vt 0.264651 0.409937
vt 0.269116 0.411092
vt 0.273006 0.413571
vt 0.275939 0.417130
vt 0.277627 0.421422
vt 0.277908 0.426025
vt 0.276754 0.430490
vt 0.274276 0.434381
vt 0.270718 0.437315
vt 0.266427 0.439006
vt 0.261824 0.439287
vt 0.251810 0.437530
vt 0.256361 0.440429
vt 0.248379 0.433366
vt 0.246402 0.428345
vt 0.246073 0.422960
vt 0.247423 0.417736
vt 0.250322 0.413185
vt 0.254485 0.409752
vt 0.259504 0.407774
vt 0.264890 0.407444
vt 0.270114 0.408795
vt 0.274664 0.411694
vt 0.278096 0.415858
vt 0.280073 0.420879
vt 0.280402 0.426264
vt 0.279051 0.431488
vt 0.276153 0.436039
vt 0.271990 0.439472
vt 0.266970 0.441450
vt 0.261585 0.441780
vt 0.250133 0.439427
vt 0.255352 0.442752
vt 0.246197 0.434652
vt 0.243930 0.428895
vt 0.243551 0.422718
vt 0.245100 0.416727
vt 0.248424 0.411508
vt 0.253198 0.407571
vt 0.258955 0.405302
vt 0.265132 0.404923
vt 0.271123 0.406472
vt 0.276342 0.409797
vt 0.280277 0.414572
vt 0.282545 0.420329
vt 0.282923 0.426506
vt 0.281374 0.432496
vt 0.278051 0.437716
vt 0.273277 0.441653
vt 0.267520 0.443922
vt 0.261343 0.444301
vt 0.248445 0.441342
vt 0.254339 0.445095
vt 0.244000 0.435952
vt 0.241438 0.429452
vt 0.241009 0.422478
vt 0.242757 0.415714
vt 0.246509 0.409820
vt 0.251898 0.405374
vt 0.258398 0.402810
vt 0.265371 0.402381
vt 0.272136 0.404129
vt 0.278030 0.407882
vt 0.282475 0.413272
vt 0.285037 0.419772
vt 0.285465 0.426746
vt 0.283718 0.433510
vt 0.279966 0.439404
vt 0.274577 0.443851
vt 0.268077 0.446414
vt 0.261103 0.446843
vt 0.246748 0.443274
vt 0.253322 0.447457
vt 0.241789 0.437265
vt 0.238929 0.430018
vt 0.238449 0.422241
vt 0.240395 0.414697
vt 0.244576 0.408123
vt 0.250585 0.403163
vt 0.257832 0.400302
vt 0.265609 0.399821
vt 0.273153 0.401767
vt 0.279727 0.405950
vt 0.284686 0.411959
vt 0.287545 0.419207
vt 0.288026 0.426983
vt 0.286080 0.434527
vt 0.281898 0.441101
vt 0.275890 0.446061
vt 0.268643 0.448922
vt 0.260866 0.449403
vt 0.245041 0.445223
vt 0.252300 0.449838
vt 0.239563 0.438590
vt 0.236403 0.430590
vt 0.235869 0.422005
vt 0.238014 0.413675
vt 0.242628 0.406416
vt 0.249259 0.400937
vt 0.257259 0.397776
vt 0.265844 0.397241
vt 0.274175 0.399386
vt 0.281434 0.404001
vt 0.286912 0.410634
vt 0.290072 0.418634
vt 0.290605 0.427219
vt 0.288460 0.435548
vt 0.283847 0.442808
vt 0.277216 0.448287
vt 0.269216 0.451449
vt 0.260631 0.451983
vt 0.243318 0.447188
vt 0.251269 0.452239
vt 0.237318 0.439927
vt 0.233854 0.431167
vt 0.233267 0.421766
vt 0.235613 0.412644
vt 0.240663 0.404693
vt 0.247922 0.398692
vt 0.256682 0.395227
vt 0.266083 0.394639
vt 0.275206 0.396985
vt 0.283157 0.402036
vt 0.289157 0.409297
vt 0.292620 0.418057
vt 0.293207 0.427458
vt 0.290861 0.436579
vt 0.285812 0.444530
vt 0.278553 0.450532
vt 0.269793 0.453997
vt 0.260392 0.454585
vt 0.225287 0.520149
vt 0.227524 0.606221
vt 0.197621 0.520921
vt 0.199819 0.606855
vt 0.240828 0.592444
vt 0.239034 0.533467
vt 0.184396 0.534812
vt 0.186065 0.593685
vt 0.256125 0.517531
vt 0.240908 0.502492
vt 0.258819 0.606523
vt 0.245413 0.624496
vt 0.180262 0.504208
vt 0.166698 0.520572
vt 0.168431 0.608924
vt 0.183329 0.625754
vt 0.267247 0.511473
vt 0.248269 0.491153
vt 0.269923 0.612207
vt 0.252180 0.635288
vt 0.155167 0.515012
vt 0.172296 0.493582
vt 0.157715 0.614972
vt 0.176885 0.636931
vt 0.214688 0.632459
vt 0.214774 0.645918
vt 0.209804 0.483307
vt 0.210139 0.494954
s 1
usemtl initialShadingGroup.007
f 665/359/522 666/360/523 673/361/524
f 673/361/524 666/360/523 674/362/525
f 663/363/523 665/359/522 672/364/526
f 672/364/526 665/359/522 673/361/524
f 671/360/527 666/360/523 670/359/527
f 670/359/527 666/360/523 665/359/522
f 665/359/522 663/363/523 670/359/527
f 670/359/527 663/363/523 669/363/527
f 673/361/524 674/362/525 668/365/528
f 668/365/528 674/362/525 667/366/529
f 672/364/526 673/361/524 664/367/530
f 664/367/530 673/361/524 668/365/528
f 671/360/527 670/359/527 677/360/531
f 670/359/527 676/359/532 677/360/531
f 676/359/532 670/359/527 675/363/533
f 670/359/527 669/363/527 675/363/533
f 679/361/534 668/365/535 680/362/536
f 680/362/536 668/365/535 667/366/537
f 668/365/535 679/361/534 664/367/538
f 664/367/538 679/361/534 678/364/539
f 675/363/533 678/364/539 676/359/532
f 676/359/532 678/364/539 679/361/534
f 676/359/532 679/361/534 677/360/531
f 677/360/531 679/361/534 680/362/536
f 684/368/540 682/369/541 683/370/540
f 688/371/542 686/372/543 687/373/543
f 681/374/541 684/368/540 687/373/543
f 685/375/544 689/376/545 690/377/545
f 681/374/541 693/378/546 682/369/541
f 694/379/547 684/368/540 683/370/540
f 685/375/544 696/380/548 697/381/548
f 698/382/549 688/371/542 687/373/543
f 684/368/540 698/382/549 687/373/543
f 697/381/548 692/383/546 681/374/541
f 688/371/542 700/384/550 689/376/545
f 691/385/551 696/380/548 685/375/544
f 764/385/552 691/385/551 701/386/553
f 690/377/545 689/376/545 701/386/553
f 701/386/553 689/376/545 763/377/554
f 700/384/550 702/387/555 689/376/545
f 703/388/556 683/370/540 756/370/557
f 683/370/540 755/369/558 756/370/557
f 704/389/559 682/369/541 693/378/546
f 710/390/560 706/391/560 705/392/560
f 714/393/561 712/394/562 713/395/561
f 709/396/563 710/390/560 713/395/561
f 711/397/562 714/393/561 708/398/564
f 709/396/563 718/399/565 706/391/560
f 715/400/566 720/401/567 710/390/560
f 711/397/562 722/402/568 712/394/562
f 723/403/569 724/404/569 714/393/561
f 710/390/560 720/401/567 723/403/569
f 722/402/568 709/396/563 712/394/562
f 714/393/561 724/404/569 717/405/570
f 716/406/571 711/397/562 707/407/572
f 725/408/573 705/392/560 774/392/574
f 705/392/560 775/391/575 774/392/574
f 726/409/576 706/391/560 718/399/565
f 716/406/571 707/407/572 727/410/577
f 707/407/572 708/398/564 727/410/577
f 727/410/577 708/398/564 776/407/578
f 728/411/555 717/405/570 786/405/579
f 739/412/580 740/413/581 730/414/582
f 741/415/583 742/416/583 731/417/584
f 730/414/582 740/413/581 741/415/583
f 731/417/584 742/416/583 743/418/585
f 730/414/582 735/419/586 729/420/581
f 731/417/584 737/421/562 732/422/583
f 734/423/586 730/414/582 732/422/583
f 736/424/562 731/417/584 733/425/585
f 734/423/586 745/426/587 735/419/586
f 736/424/562 747/427/588 737/421/562
f 747/427/588 734/423/586 737/421/562
f 748/428/589 736/424/562 738/429/590
f 749/430/573 729/420/581 794/420/591
f 729/420/581 800/419/592 794/420/591
f 750/431/576 735/419/586 745/426/587
f 748/428/589 738/429/590 751/432/553
f 738/429/590 733/425/585 751/432/553
f 751/432/553 733/425/585 803/429/593
f 752/433/594 743/418/585 808/418/595
f 682/369/541 704/389/559 753/434/596
f 755/369/558 814/434/559 704/389/559
f 753/434/596 704/389/559 814/434/559
f 681/374/541 692/383/546 693/378/546
f 697/381/548 681/374/541 686/372/543
f 685/375/544 697/381/548 686/372/543
f 691/385/551 685/375/544 690/377/545
f 691/385/551 690/377/545 701/386/553
f 685/375/544 688/371/542 689/376/545
f 688/371/542 685/375/544 686/372/543
f 681/374/541 687/373/543 686/372/543
f 684/368/540 681/374/541 682/369/541
f 694/379/547 683/370/540 703/388/556
f 694/379/547 695/435/547 684/368/540
f 684/368/540 695/435/547 698/382/549
f 698/382/549 699/436/597 688/371/542
f 688/371/542 699/436/597 700/384/550
f 702/387/555 700/384/550 773/384/598
f 785/406/599 716/406/571 727/410/577
f 716/406/571 721/437/568 711/397/562
f 711/397/562 721/437/568 722/402/568
f 722/402/568 719/438/600 709/396/563
f 709/396/563 719/438/600 718/399/565
f 706/391/560 726/409/576 775/391/575
f 717/405/570 728/411/555 708/398/564
f 714/393/561 717/405/570 708/398/564
f 723/403/569 714/393/561 713/395/561
f 710/390/560 723/403/569 713/395/561
f 715/400/566 710/390/560 705/392/560
f 715/400/566 705/392/560 725/408/573
f 711/397/562 708/398/564 707/407/572
f 714/393/561 711/397/562 712/394/562
f 709/396/563 713/395/561 712/394/562
f 710/390/560 709/396/563 706/391/560
f 743/418/585 752/433/594 733/425/585
f 731/417/584 743/418/585 733/425/585
f 741/415/583 731/417/584 732/422/583
f 730/414/582 741/415/583 732/422/583
f 739/412/580 730/414/582 729/420/581
f 739/412/580 729/420/581 749/430/573
f 813/428/601 748/428/589 751/432/553
f 748/428/589 746/439/588 736/424/562
f 736/424/562 746/439/588 747/427/588
f 747/427/588 744/440/587 734/423/586
f 734/423/586 744/440/587 745/426/587
f 735/419/586 750/431/576 800/419/592
f 736/424/562 733/425/585 738/429/590
f 731/417/584 736/424/562 737/421/562
f 734/423/586 732/422/583 737/421/562
f 730/414/582 734/423/586 735/419/586
f 757/368/557 756/370/557 755/369/558
f 761/371/602 760/373/602 759/372/603
f 754/374/558 760/373/602 757/368/557
f 758/375/604 763/377/554 762/376/554
f 754/374/558 755/369/558 766/378/605
f 767/379/606 756/370/557 757/368/557
f 758/375/604 770/381/607 769/380/607
f 771/382/608 760/373/602 761/371/602
f 757/368/557 760/373/602 771/382/608
f 770/381/607 754/374/558 765/383/605
f 761/371/602 762/376/554 773/384/598
f 764/385/552 758/375/604 769/380/607
f 773/384/598 762/376/554 702/387/555
f 704/389/559 766/378/605 755/369/558
f 779/390/609 774/392/574 775/391/575
f 783/393/610 782/395/610 781/394/611
f 778/396/612 782/395/610 779/390/609
f 780/397/611 777/398/613 783/393/610
f 778/396/612 775/391/575 787/399/614
f 784/400/615 779/390/609 789/401/616
f 780/397/611 781/394/611 791/402/617
f 792/403/618 783/393/610 793/404/618
f 779/390/609 792/403/618 789/401/616
f 791/402/617 781/394/611 778/396/612
f 783/393/610 786/405/579 793/404/618
f 785/406/599 776/407/578 780/397/611
f 726/409/576 787/399/614 775/391/575
f 785/406/599 727/410/577 776/407/578
f 804/412/619 795/414/591 805/413/620
f 806/415/621 796/417/621 807/416/621
f 795/414/591 806/415/621 805/413/620
f 796/417/621 808/418/595 807/416/621
f 795/414/591 794/420/591 800/419/592
f 796/417/621 797/422/622 802/421/623
f 799/423/592 797/422/622 795/414/591
f 801/424/623 798/425/624 796/417/621
f 799/423/592 800/419/592 810/426/625
f 801/424/623 802/421/623 812/427/626
f 812/427/626 802/421/623 799/423/592
f 813/428/601 803/429/593 801/424/623
f 750/431/576 810/426/625 800/419/592
f 813/428/601 751/432/553 803/429/593
f 754/374/558 766/378/605 765/383/605
f 770/381/607 759/372/603 754/374/558
f 758/375/604 759/372/603 770/381/607
f 764/385/552 763/377/554 758/375/604
f 764/385/552 701/386/553 763/377/554
f 758/375/604 762/376/554 761/371/602
f 761/371/602 759/372/603 758/375/604
f 754/374/558 759/372/603 760/373/602
f 757/368/557 755/369/558 754/374/558
f 767/379/606 703/388/556 756/370/557
f 767/379/606 757/368/557 768/435/627
f 757/368/557 771/382/608 768/435/627
f 771/382/608 761/371/602 772/436/628
f 761/371/602 773/384/598 772/436/628
f 785/406/599 780/397/611 790/437/617
f 780/397/611 791/402/617 790/437/617
f 791/402/617 778/396/612 788/438/629
f 778/396/612 787/399/614 788/438/629
f 786/405/579 777/398/613 728/411/555
f 783/393/610 777/398/613 786/405/579
f 792/403/618 782/395/610 783/393/610
f 779/390/609 782/395/610 792/403/618
f 784/400/615 774/392/574 779/390/609
f 784/400/615 725/408/573 774/392/574
f 780/397/611 776/407/578 777/398/613
f 783/393/610 781/394/611 780/397/611
f 778/396/612 781/394/611 782/395/610
f 779/390/609 775/391/575 778/396/612
f 808/418/595 798/425/624 752/433/594
f 796/417/621 798/425/624 808/418/595
f 806/415/621 797/422/622 796/417/621
f 795/414/591 797/422/622 806/415/621
f 804/412/619 794/420/591 795/414/591
f 804/412/619 749/430/573 794/420/591
f 813/428/601 801/424/623 811/439/626
f 801/424/623 812/427/626 811/439/626
f 812/427/626 799/423/592 809/440/625
f 799/423/592 810/426/625 809/440/625
f 801/424/623 803/429/593 798/425/624
f 796/417/621 802/421/623 801/424/623
f 799/423/592 802/421/623 797/422/622
f 795/414/591 800/419/592 799/423/592
f 689/376/545 702/387/555 763/377/554
f 763/377/554 702/387/555 762/376/554
f 708/398/564 728/411/555 776/407/578
f 776/407/578 728/411/555 777/398/613
f 733/425/585 752/433/594 803/429/593
f 803/429/593 752/433/594 798/425/624
f 729/420/581 735/419/586 800/419/592
f 705/392/560 706/391/560 775/391/575
f 755/369/558 683/370/540 814/434/630
f 682/369/541 753/434/630 683/370/540
f 683/370/540 753/434/630 814/434/630
f 815/441/631 816/442/631 829/443/632
f 829/443/632 816/442/631 817/444/633
f 818/445/634 819/446/634 820/447/634
f 820/447/634 819/446/634 823/448/635
f 821/449/636 822/450/637 816/442/631
f 816/442/631 822/450/637 817/444/633
f 824/451/638 820/447/634 828/452/639
f 828/452/639 820/447/634 823/448/635
f 820/447/634 825/453/640 818/445/634
f 818/445/634 825/453/640 826/454/641
f 824/451/638 827/455/642 820/447/634
f 820/447/634 827/455/642 825/453/640
f 819/446/634 829/443/632 823/448/635
f 823/448/635 829/443/632 817/444/633
f 823/448/635 817/444/633 828/452/639
f 828/452/639 817/444/633 822/450/637
f 829/443/632 819/446/634 844/443/643
f 844/443/643 819/446/634 834/446/644
f 819/446/634 818/445/634 834/446/644
f 834/446/644 818/445/634 833/445/644
f 818/445/634 826/454/641 833/445/644
f 833/445/644 826/454/641 841/454/645
f 842/455/646 827/455/642 839/451/647
f 839/451/647 827/455/642 824/451/638
f 824/451/638 828/452/639 839/451/647
f 839/451/647 828/452/639 843/452/648
f 828/452/639 822/450/637 843/452/648
f 843/452/648 822/450/637 837/450/649
f 822/450/637 821/449/636 837/450/649
f 837/450/649 821/449/636 836/449/650
f 830/441/651 815/441/631 844/443/643
f 844/443/643 815/441/631 829/443/632
f 830/441/651 844/443/643 831/442/652
f 831/442/652 844/443/643 832/444/653
f 838/448/654 834/446/644 835/447/644
f 835/447/644 834/446/644 833/445/644
f 832/444/653 837/450/649 831/442/652
f 831/442/652 837/450/649 836/449/650
f 839/451/647 843/452/648 835/447/644
f 835/447/644 843/452/648 838/448/654
f 841/454/645 840/453/655 833/445/644
f 833/445/644 840/453/655 835/447/644
f 840/453/655 842/455/646 835/447/644
f 835/447/644 842/455/646 839/451/647
f 834/446/644 838/448/654 844/443/643
f 844/443/643 838/448/654 832/444/653
f 837/450/649 832/444/653 843/452/648
f 843/452/648 832/444/653 838/448/654
f 845/456/656 846/457/657 847/458/657
f 848/459/656 845/456/656 847/458/657
f 846/457/657 849/460/658 850/461/659
f 847/458/657 846/457/657 850/461/659
f 851/456/660 845/456/656 854/459/661
f 854/459/661 845/456/656 848/459/656
f 848/459/656 847/458/657 854/459/661
f 854/459/661 847/458/657 853/458/662
f 847/458/657 850/461/659 853/458/662
f 853/458/662 850/461/659 856/461/663
f 850/461/659 849/460/658 856/461/663
f 856/461/663 849/460/658 855/460/664
f 851/456/660 853/458/662 852/457/665
f 854/459/661 853/458/662 851/456/660
f 852/457/665 856/461/663 855/460/664
f 853/458/662 856/461/663 852/457/665
f 857/462/666 858/463/667 860/464/668
f 860/464/668 858/463/667 859/465/669
f 861/466/670 857/462/666 862/467/671
f 862/467/671 857/462/666 860/464/668
f 863/468/672 861/466/670 864/469/673
f 864/469/673 861/466/670 862/467/671
f 865/470/674 863/468/672 866/471/675
f 866/471/675 863/468/672 864/469/673
f 867/472/676 865/470/674 868/473/677
f 868/473/677 865/470/674 866/471/675
f 869/474/678 867/472/676 870/475/679
f 870/475/679 867/472/676 868/473/677
f 871/476/680 869/474/678 872/477/681
f 872/477/681 869/474/678 870/475/679
f 873/478/682 871/476/680 874/479/683
f 874/479/683 871/476/680 872/477/681
f 875/480/684 873/478/682 876/481/685
f 876/481/685 873/478/682 874/479/683
f 877/482/686 875/480/684 878/483/687
f 878/483/687 875/480/684 876/481/685
f 879/484/688 877/482/686 880/485/689
f 880/485/689 877/482/686 878/483/687
f 881/486/690 879/484/688 882/487/691
f 882/487/691 879/484/688 880/485/689
f 883/488/692 881/486/690 884/489/693
f 884/489/693 881/486/690 882/487/691
f 885/490/694 883/488/692 886/491/695
f 886/491/695 883/488/692 884/489/693
f 887/492/696 885/490/694 888/493/697
f 888/493/697 885/490/694 886/491/695
f 889/494/698 887/492/696 890/495/699
f 890/495/699 887/492/696 888/493/697
f 891/496/700 889/494/698 892/497/701
f 892/497/701 889/494/698 890/495/699
f 893/498/702 891/496/700 894/499/703
f 894/499/703 891/496/700 892/497/701
f 895/500/704 893/498/702 896/501/705
f 896/501/705 893/498/702 894/499/703
f 858/463/667 895/500/704 859/465/669
f 859/465/669 895/500/704 896/501/705
f 860/464/668 859/465/669 898/502/706
f 898/502/706 859/465/669 897/503/706
f 862/467/671 860/464/668 899/504/707
f 899/504/707 860/464/668 898/502/706
f 864/469/673 862/467/671 900/505/708
f 900/505/708 862/467/671 899/504/707
f 866/471/675 864/469/673 901/506/709
f 901/506/709 864/469/673 900/505/708
f 868/473/677 866/471/675 902/507/710
f 902/507/710 866/471/675 901/506/709
f 870/475/679 868/473/677 903/508/711
f 903/508/711 868/473/677 902/507/710
f 872/477/681 870/475/679 904/509/712
f 904/509/712 870/475/679 903/508/711
f 874/479/683 872/477/681 905/510/713
f 905/510/713 872/477/681 904/509/712
f 876/481/685 874/479/683 906/511/714
f 906/511/714 874/479/683 905/510/713
f 878/483/687 876/481/685 907/512/715
f 907/512/715 876/481/685 906/511/714
f 880/485/689 878/483/687 908/513/716
f 908/513/716 878/483/687 907/512/715
f 882/487/691 880/485/689 909/514/717
f 909/514/717 880/485/689 908/513/716
f 884/489/693 882/487/691 910/515/718
f 910/515/718 882/487/691 909/514/717
f 886/491/695 884/489/693 911/516/719
f 911/516/719 884/489/693 910/515/718
f 888/493/697 886/491/695 912/517/720
f 912/517/720 886/491/695 911/516/719
f 890/495/699 888/493/697 913/518/721
f 913/518/721 888/493/697 912/517/720
f 892/497/701 890/495/699 914/519/722
f 914/519/722 890/495/699 913/518/721
f 894/499/703 892/497/701 915/520/723
f 915/520/723 892/497/701 914/519/722
f 896/501/705 894/499/703 916/521/724
f 916/521/724 894/499/703 915/520/723
f 859/465/669 896/501/705 897/503/706
f 897/503/706 896/501/705 916/521/724
f 898/502/706 897/503/706 918/522/725
f 918/522/725 897/503/706 917/523/725
f 899/504/707 898/502/706 919/524/726
f 919/524/726 898/502/706 918/522/725
f 900/505/708 899/504/707 920/525/727
f 920/525/727 899/504/707 919/524/726
f 901/506/709 900/505/708 921/526/728
f 921/526/728 900/505/708 920/525/727
f 902/507/710 901/506/709 922/527/729
f 922/527/729 901/506/709 921/526/728
f 903/508/711 902/507/710 923/528/730
f 923/528/730 902/507/710 922/527/729
f 904/509/712 903/508/711 924/529/731
f 924/529/731 903/508/711 923/528/730
f 905/510/713 904/509/712 925/530/732
f 925/530/732 904/509/712 924/529/731
f 906/511/714 905/510/713 926/531/733
f 926/531/733 905/510/713 925/530/732
f 907/512/715 906/511/714 927/532/734
f 927/532/734 906/511/714 926/531/733
f 908/513/716 907/512/715 928/533/735
f 928/533/735 907/512/715 927/532/734
f 909/514/717 908/513/716 929/534/736
f 929/534/736 908/513/716 928/533/735
f 910/515/718 909/514/717 930/535/737
f 930/535/737 909/514/717 929/534/736
f 911/516/719 910/515/718 931/536/738
f 931/536/738 910/515/718 930/535/737
f 912/517/720 911/516/719 932/537/739
f 932/537/739 911/516/719 931/536/738
f 913/518/721 912/517/720 933/538/740
f 933/538/740 912/517/720 932/537/739
f 914/519/722 913/518/721 934/539/741
f 934/539/741 913/518/721 933/538/740
f 915/520/723 914/519/722 935/540/742
f 935/540/742 914/519/722 934/539/741
f 916/521/724 915/520/723 936/541/743
f 936/541/743 915/520/723 935/540/742
f 897/503/706 916/521/724 917/523/725
f 917/523/725 916/521/724 936/541/743
f 918/522/725 917/523/725 938/542/744
f 938/542/744 917/523/725 937/543/745
f 919/524/726 918/522/725 939/544/746
f 939/544/746 918/522/725 938/542/744
f 920/525/727 919/524/726 940/545/747
f 940/545/747 919/524/726 939/544/746
f 921/526/728 920/525/727 941/546/748
f 941/546/748 920/525/727 940/545/747
f 922/527/729 921/526/728 942/547/749
f 942/547/749 921/526/728 941/546/748
f 923/528/730 922/527/729 943/548/750
f 943/548/750 922/527/729 942/547/749
f 924/529/731 923/528/730 944/549/751
f 944/549/751 923/528/730 943/548/750
f 925/530/732 924/529/731 945/550/752
f 945/550/752 924/529/731 944/549/751
f 926/531/733 925/530/732 946/551/753
f 946/551/753 925/530/732 945/550/752
f 927/532/734 926/531/733 947/552/754
f 947/552/754 926/531/733 946/551/753
f 928/533/735 927/532/734 948/553/755
f 948/553/755 927/532/734 947/552/754
f 929/534/736 928/533/735 949/554/756
f 949/554/756 928/533/735 948/553/755
f 930/535/737 929/534/736 950/555/757
f 950/555/757 929/534/736 949/554/756
f 931/536/738 930/535/737 951/556/758
f 951/556/758 930/535/737 950/555/757
f 932/537/739 931/536/738 952/557/759
f 952/557/759 931/536/738 951/556/758
f 933/538/740 932/537/739 953/558/760
f 953/558/760 932/537/739 952/557/759
f 934/539/741 933/538/740 954/559/761
f 954/559/761 933/538/740 953/558/760
f 935/540/742 934/539/741 955/560/762
f 955/560/762 934/539/741 954/559/761
f 936/541/743 935/540/742 956/561/763
f 956/561/763 935/540/742 955/560/762
f 917/523/725 936/541/743 937/543/745
f 937/543/745 936/541/743 956/561/763
f 938/542/744 937/543/745 958/562/764
f 958/562/764 937/543/745 957/563/764
f 939/544/746 938/542/744 959/564/765
f 959/564/765 938/542/744 958/562/764
f 940/545/747 939/544/746 960/565/766
f 960/565/766 939/544/746 959/564/765
f 941/546/748 940/545/747 961/566/767
f 961/566/767 940/545/747 960/565/766
f 942/547/749 941/546/748 962/567/768
f 962/567/768 941/546/748 961/566/767
f 943/548/750 942/547/749 963/568/769
f 963/568/769 942/547/749 962/567/768
f 944/549/751 943/548/750 964/569/770
f 964/569/770 943/548/750 963/568/769
f 945/550/752 944/549/751 965/570/771
f 965/570/771 944/549/751 964/569/770
f 946/551/753 945/550/752 966/571/772
f 966/571/772 945/550/752 965/570/771
f 947/552/754 946/551/753 967/572/773
f 967/572/773 946/551/753 966/571/772
f 948/553/755 947/552/754 968/573/774
f 968/573/774 947/552/754 967/572/773
f 949/554/756 948/553/755 969/574/775
f 969/574/775 948/553/755 968/573/774
f 950/555/757 949/554/756 970/575/776
f 970/575/776 949/554/756 969/574/775
f 951/556/758 950/555/757 971/576/777
f 971/576/777 950/555/757 970/575/776
f 952/557/759 951/556/758 972/577/778
f 972/577/778 951/556/758 971/576/777
f 953/558/760 952/557/759 973/578/779
f 973/578/779 952/557/759 972/577/778
f 954/559/761 953/558/760 974/579/780
f 974/579/780 953/558/760 973/578/779
f 955/560/762 954/559/761 975/580/781
f 975/580/781 954/559/761 974/579/780
f 956/561/763 955/560/762 976/581/782
f 976/581/782 955/560/762 975/580/781
f 937/543/745 956/561/763 957/563/764
f 957/563/764 956/561/763 976/581/782
f 958/562/764 957/563/764 978/582/783
f 978/582/783 957/563/764 977/583/783
f 959/564/765 958/562/764 979/584/784
f 979/584/784 958/562/764 978/582/783
f 960/565/766 959/564/765 980/585/785
f 980/585/785 959/564/765 979/584/784
f 961/566/767 960/565/766 981/586/786
f 981/586/786 960/565/766 980/585/785
f 962/567/768 961/566/767 982/587/787
f 982/587/787 961/566/767 981/586/786
f 963/568/769 962/567/768 983/588/788
f 983/588/788 962/567/768 982/587/787
f 964/569/770 963/568/769 984/589/789
f 984/589/789 963/568/769 983/588/788
f 965/570/771 964/569/770 985/590/790
f 985/590/790 964/569/770 984/589/789
f 966/571/772 965/570/771 986/591/791
f 986/591/791 965/570/771 985/590/790
f 967/572/773 966/571/772 987/592/792
f 987/592/792 966/571/772 986/591/791
f 968/573/774 967/572/773 988/593/793
f 988/593/793 967/572/773 987/592/792
f 969/574/775 968/573/774 989/594/794
f 989/594/794 968/573/774 988/593/793
f 970/575/776 969/574/775 990/595/766
f 990/595/766 969/574/775 989/594/794
f 971/576/777 970/575/776 991/596/795
f 991/596/795 970/575/776 990/595/766
f 972/577/778 971/576/777 992/597/796
f 992/597/796 971/576/777 991/596/795
f 973/578/779 972/577/778 993/598/797
f 993/598/797 972/577/778 992/597/796
f 974/579/780 973/578/779 994/599/798
f 994/599/798 973/578/779 993/598/797
f 975/580/781 974/579/780 995/600/799
f 995/600/799 974/579/780 994/599/798
f 976/581/782 975/580/781 996/601/800
f 996/601/800 975/580/781 995/600/799
f 957/563/764 976/581/782 977/583/783
f 977/583/783 976/581/782 996/601/800
f 978/582/783 977/583/783 998/602/801
f 998/602/801 977/583/783 997/603/802
f 979/584/784 978/582/783 999/604/803
f 999/604/803 978/582/783 998/602/801
f 980/585/785 979/584/784 1000/605/804
f 1000/605/804 979/584/784 999/604/803
f 981/586/786 980/585/785 1001/606/805
f 1001/606/805 980/585/785 1000/605/804
f 982/587/787 981/586/786 1002/607/806
f 1002/607/806 981/586/786 1001/606/805
f 983/588/788 982/587/787 1003/608/760
f 1003/608/760 982/587/787 1002/607/806
f 984/589/789 983/588/788 1004/609/807
f 1004/609/807 983/588/788 1003/608/760
f 985/590/790 984/589/789 1005/610/808
f 1005/610/808 984/589/789 1004/609/807
f 986/591/791 985/590/790 1006/611/763
f 1006/611/763 985/590/790 1005/610/808
f 987/592/792 986/591/791 1007/612/809
f 1007/612/809 986/591/791 1006/611/763
f 988/593/793 987/592/792 1008/613/744
f 1008/613/744 987/592/792 1007/612/809
f 989/594/794 988/593/793 1009/614/746
f 1009/614/746 988/593/793 1008/613/744
f 990/595/766 989/594/794 1010/615/810
f 1010/615/810 989/594/794 1009/614/746
f 991/596/795 990/595/766 1011/616/811
f 1011/616/811 990/595/766 1010/615/810
f 992/597/796 991/596/795 1012/617/812
f 1012/617/812 991/596/795 1011/616/811
f 993/598/797 992/597/796 1013/618/813
f 1013/618/813 992/597/796 1012/617/812
f 994/599/798 993/598/797 1014/619/814
f 1014/619/814 993/598/797 1013/618/813
f 995/600/799 994/599/798 1015/620/815
f 1015/620/815 994/599/798 1014/619/814
f 996/601/800 995/600/799 1016/621/753
f 1016/621/753 995/600/799 1015/620/815
f 977/583/783 996/601/800 997/603/802
f 997/603/802 996/601/800 1016/621/753
f 998/602/801 997/603/802 1018/622/816
f 1018/622/816 997/603/802 1017/623/735
f 999/604/803 998/602/801 1019/624/736
f 1019/624/736 998/602/801 1018/622/816
f 1000/605/804 999/604/803 1020/625/817
f 1020/625/817 999/604/803 1019/624/736
f 1001/606/805 1000/605/804 1021/626/818
f 1021/626/818 1000/605/804 1020/625/817
f 1002/607/806 1001/606/805 1022/627/739
f 1022/627/739 1001/606/805 1021/626/818
f 1003/608/760 1002/607/806 1023/628/740
f 1023/628/740 1002/607/806 1022/627/739
f 1004/609/807 1003/608/760 1024/629/741
f 1024/629/741 1003/608/760 1023/628/740
f 1005/610/808 1004/609/807 1025/630/742
f 1025/630/742 1004/609/807 1024/629/741
f 1006/611/763 1005/610/808 1026/631/743
f 1026/631/743 1005/610/808 1025/630/742
f 1007/612/809 1006/611/763 1027/632/819
f 1027/632/819 1006/611/763 1026/631/743
f 1008/613/744 1007/612/809 1028/633/725
f 1028/633/725 1007/612/809 1027/632/819
f 1009/614/746 1008/613/744 1029/634/726
f 1029/634/726 1008/613/744 1028/633/725
f 1010/615/810 1009/614/746 1030/635/727
f 1030/635/727 1009/614/746 1029/634/726
f 1011/616/811 1010/615/810 1031/636/728
f 1031/636/728 1010/615/810 1030/635/727
f 1012/617/812 1011/616/811 1032/637/729
f 1032/637/729 1011/616/811 1031/636/728
f 1013/618/813 1012/617/812 1033/638/730
f 1033/638/730 1012/617/812 1032/637/729
f 1014/619/814 1013/618/813 1034/639/731
f 1034/639/731 1013/618/813 1033/638/730
f 1015/620/815 1014/619/814 1035/640/732
f 1035/640/732 1014/619/814 1034/639/731
f 1016/621/753 1015/620/815 1036/641/733
f 1036/641/733 1015/620/815 1035/640/732
f 997/603/802 1016/621/753 1017/623/735
f 1017/623/735 1016/621/753 1036/641/733
f 1018/622/816 1017/623/735 1038/642/820
f 1038/642/820 1017/623/735 1037/643/821
f 1019/624/736 1018/622/816 1039/644/822
f 1039/644/822 1018/622/816 1038/642/820
f 1020/625/817 1019/624/736 1040/645/823
f 1040/645/823 1019/624/736 1039/644/822
f 1021/626/818 1020/625/817 1041/646/824
f 1041/646/824 1020/625/817 1040/645/823
f 1022/627/739 1021/626/818 1042/647/825
f 1042/647/825 1021/626/818 1041/646/824
f 1023/628/740 1022/627/739 1043/648/826
f 1043/648/826 1022/627/739 1042/647/825
f 1024/629/741 1023/628/740 1044/649/827
f 1044/649/827 1023/628/740 1043/648/826
f 1025/630/742 1024/629/741 1045/650/828
f 1045/650/828 1024/629/741 1044/649/827
f 1026/631/743 1025/630/742 1046/651/829
f 1046/651/829 1025/630/742 1045/650/828
f 1027/632/819 1026/631/743 1047/652/830
f 1047/652/830 1026/631/743 1046/651/829
f 1028/633/725 1027/632/819 1048/653/831
f 1048/653/831 1027/632/819 1047/652/830
f 1029/634/726 1028/633/725 1049/654/832
f 1049/654/832 1028/633/725 1048/653/831
f 1030/635/727 1029/634/726 1050/655/833
f 1050/655/833 1029/634/726 1049/654/832
f 1031/636/728 1030/635/727 1051/656/834
f 1051/656/834 1030/635/727 1050/655/833
f 1032/637/729 1031/636/728 1052/657/835
f 1052/657/835 1031/636/728 1051/656/834
f 1033/638/730 1032/637/729 1053/658/836
f 1053/658/836 1032/637/729 1052/657/835
f 1034/639/731 1033/638/730 1054/659/837
f 1054/659/837 1033/638/730 1053/658/836
f 1035/640/732 1034/639/731 1055/660/838
f 1055/660/838 1034/639/731 1054/659/837
f 1036/641/733 1035/640/732 1056/661/839
f 1056/661/839 1035/640/732 1055/660/838
f 1017/623/735 1036/641/733 1037/643/821
f 1037/643/821 1036/641/733 1056/661/839
f 1038/642/820 1037/643/821 1058/662/688
f 1058/662/688 1037/643/821 1057/663/840
f 1039/644/822 1038/642/820 1059/664/690
f 1059/664/690 1038/642/820 1058/662/688
f 1040/645/823 1039/644/822 1060/665/692
f 1060/665/692 1039/644/822 1059/664/690
f 1041/646/824 1040/645/823 1061/666/694
f 1061/666/694 1040/645/823 1060/665/692
f 1042/647/825 1041/646/824 1062/667/696
f 1062/667/696 1041/646/824 1061/666/694
f 1043/648/826 1042/647/825 1063/668/698
f 1063/668/698 1042/647/825 1062/667/696
f 1044/649/827 1043/648/826 1064/669/700
f 1064/669/700 1043/648/826 1063/668/698
f 1045/650/828 1044/649/827 1065/670/702
f 1065/670/702 1044/649/827 1064/669/700
f 1046/651/829 1045/650/828 1066/671/704
f 1066/671/704 1045/650/828 1065/670/702
f 1047/652/830 1046/651/829 1067/672/841
f 1067/672/841 1046/651/829 1066/671/704
f 1048/653/831 1047/652/830 1068/673/666
f 1068/673/666 1047/652/830 1067/672/841
f 1049/654/832 1048/653/831 1069/674/670
f 1069/674/670 1048/653/831 1068/673/666
f 1050/655/833 1049/654/832 1070/675/672
f 1070/675/672 1049/654/832 1069/674/670
f 1051/656/834 1050/655/833 1071/676/674
f 1071/676/674 1050/655/833 1070/675/672
f 1052/657/835 1051/656/834 1072/677/676
f 1072/677/676 1051/656/834 1071/676/674
f 1053/658/836 1052/657/835 1073/678/678
f 1073/678/678 1052/657/835 1072/677/676
f 1054/659/837 1053/658/836 1074/679/842
f 1074/679/842 1053/658/836 1073/678/678
f 1055/660/838 1054/659/837 1075/680/682
f 1075/680/682 1054/659/837 1074/679/842
f 1056/661/839 1055/660/838 1076/681/684
f 1076/681/684 1055/660/838 1075/680/682
f 1037/643/821 1056/661/839 1057/663/840
f 1057/663/840 1056/661/839 1076/681/684
f 857/462/666 1078/464/843 858/463/667
f 858/463/667 1078/464/843 1077/465/843
f 861/466/670 1079/467/844 857/462/666
f 857/462/666 1079/467/844 1078/464/843
f 863/468/672 1080/469/845 861/466/670
f 861/466/670 1080/469/845 1079/467/844
f 865/470/674 1081/471/846 863/468/672
f 863/468/672 1081/471/846 1080/469/845
f 867/472/676 1082/473/847 865/470/674
f 865/470/674 1082/473/847 1081/471/846
f 869/474/678 1083/475/848 867/472/676
f 867/472/676 1083/475/848 1082/473/847
f 871/476/680 1084/477/849 869/474/678
f 869/474/678 1084/477/849 1083/475/848
f 873/478/682 1085/479/850 871/476/680
f 871/476/680 1085/479/850 1084/477/849
f 875/480/684 1086/481/851 873/478/682
f 873/478/682 1086/481/851 1085/479/850
f 877/482/686 1087/483/852 875/480/684
f 875/480/684 1087/483/852 1086/481/851
f 879/484/688 1088/485/853 877/482/686
f 877/482/686 1088/485/853 1087/483/852
f 881/486/690 1089/487/854 879/484/688
f 879/484/688 1089/487/854 1088/485/853
f 883/488/692 1090/489/855 881/486/690
f 881/486/690 1090/489/855 1089/487/854
f 885/490/694 1091/491/856 883/488/692
f 883/488/692 1091/491/856 1090/489/855
f 887/492/696 1092/493/857 885/490/694
f 885/490/694 1092/493/857 1091/491/856
f 889/494/698 1093/495/858 887/492/696
f 887/492/696 1093/495/858 1092/493/857
f 891/496/700 1094/497/859 889/494/698
f 889/494/698 1094/497/859 1093/495/858
f 893/498/702 1095/499/860 891/496/700
f 891/496/700 1095/499/860 1094/497/859
f 895/500/704 1096/501/861 893/498/702
f 893/498/702 1096/501/861 1095/499/860
f 858/463/667 1077/465/843 895/500/704
f 895/500/704 1077/465/843 1096/501/861
f 1078/464/843 1098/502/862 1077/465/843
f 1077/465/843 1098/502/862 1097/503/862
f 1079/467/844 1099/504/863 1078/464/843
f 1078/464/843 1099/504/863 1098/502/862
f 1080/469/845 1100/505/864 1079/467/844
f 1079/467/844 1100/505/864 1099/504/863
f 1081/471/846 1101/506/865 1080/469/845
f 1080/469/845 1101/506/865 1100/505/864
f 1082/473/847 1102/507/866 1081/471/846
f 1081/471/846 1102/507/866 1101/506/865
f 1083/475/848 1103/508/867 1082/473/847
f 1082/473/847 1103/508/867 1102/507/866
f 1084/477/849 1104/509/868 1083/475/848
f 1083/475/848 1104/509/868 1103/508/867
f 1085/479/850 1105/510/869 1084/477/849
f 1084/477/849 1105/510/869 1104/509/868
f 1086/481/851 1106/511/870 1085/479/850
f 1085/479/850 1106/511/870 1105/510/869
f 1087/483/852 1107/512/871 1086/481/851
f 1086/481/851 1107/512/871 1106/511/870
f 1088/485/853 1108/513/872 1087/483/852
f 1087/483/852 1108/513/872 1107/512/871
f 1089/487/854 1109/514/873 1088/485/853
f 1088/485/853 1109/514/873 1108/513/872
f 1090/489/855 1110/515/874 1089/487/854
f 1089/487/854 1110/515/874 1109/514/873
f 1091/491/856 1111/516/875 1090/489/855
f 1090/489/855 1111/516/875 1110/515/874
f 1092/493/857 1112/517/876 1091/491/856
f 1091/491/856 1112/517/876 1111/516/875
f 1093/495/858 1113/518/877 1092/493/857
f 1092/493/857 1113/518/877 1112/517/876
f 1094/497/859 1114/519/878 1093/495/858
f 1093/495/858 1114/519/878 1113/518/877
f 1095/499/860 1115/520/879 1094/497/859
f 1094/497/859 1115/520/879 1114/519/878
f 1096/501/861 1116/521/880 1095/499/860
f 1095/499/860 1116/521/880 1115/520/879
f 1077/465/843 1097/503/862 1096/501/861
f 1096/501/861 1097/503/862 1116/521/880
f 1098/502/862 1118/522/881 1097/503/862
f 1097/503/862 1118/522/881 1117/523/881
f 1099/504/863 1119/524/882 1098/502/862
f 1098/502/862 1119/524/882 1118/522/881
f 1100/505/864 1120/525/883 1099/504/863
f 1099/504/863 1120/525/883 1119/524/882
f 1101/506/865 1121/526/884 1100/505/864
f 1100/505/864 1121/526/884 1120/525/883
f 1102/507/866 1122/527/885 1101/506/865
f 1101/506/865 1122/527/885 1121/526/884
f 1103/508/867 1123/528/886 1102/507/866
f 1102/507/866 1123/528/886 1122/527/885
f 1104/509/868 1124/529/887 1103/508/867
f 1103/508/867 1124/529/887 1123/528/886
f 1105/510/869 1125/530/888 1104/509/868
f 1104/509/868 1125/530/888 1124/529/887
f 1106/511/870 1126/531/889 1105/510/869
f 1105/510/869 1126/531/889 1125/530/888
f 1107/512/871 1127/532/890 1106/511/870
f 1106/511/870 1127/532/890 1126/531/889
f 1108/513/872 1128/533/891 1107/512/871
f 1107/512/871 1128/533/891 1127/532/890
f 1109/514/873 1129/534/892 1108/513/872
f 1108/513/872 1129/534/892 1128/533/891
f 1110/515/874 1130/535/893 1109/514/873
f 1109/514/873 1130/535/893 1129/534/892
f 1111/516/875 1131/536/894 1110/515/874
f 1110/515/874 1131/536/894 1130/535/893
f 1112/517/876 1132/537/895 1111/516/875
f 1111/516/875 1132/537/895 1131/536/894
f 1113/518/877 1133/538/896 1112/517/876
f 1112/517/876 1133/538/896 1132/537/895
f 1114/519/878 1134/539/897 1113/518/877
f 1113/518/877 1134/539/897 1133/538/896
f 1115/520/879 1135/540/898 1114/519/878
f 1114/519/878 1135/540/898 1134/539/897
f 1116/521/880 1136/541/899 1115/520/879
f 1115/520/879 1136/541/899 1135/540/898
f 1097/503/862 1117/523/881 1116/521/880
f 1116/521/880 1117/523/881 1136/541/899
f 1118/522/881 1138/542/900 1117/523/881
f 1117/523/881 1138/542/900 1137/543/900
f 1119/524/882 1139/544/901 1118/522/881
f 1118/522/881 1139/544/901 1138/542/900
f 1120/525/883 1140/545/902 1119/524/882
f 1119/524/882 1140/545/902 1139/544/901
f 1121/526/884 1141/546/903 1120/525/883
f 1120/525/883 1141/546/903 1140/545/902
f 1122/527/885 1142/547/904 1121/526/884
f 1121/526/884 1142/547/904 1141/546/903
f 1123/528/886 1143/548/905 1122/527/885
f 1122/527/885 1143/548/905 1142/547/904
f 1124/529/887 1144/549/906 1123/528/886
f 1123/528/886 1144/549/906 1143/548/905
f 1125/530/888 1145/550/907 1124/529/887
f 1124/529/887 1145/550/907 1144/549/906
f 1126/531/889 1146/551/908 1125/530/888
f 1125/530/888 1146/551/908 1145/550/907
f 1127/532/890 1147/552/909 1126/531/889
f 1126/531/889 1147/552/909 1146/551/908
f 1128/533/891 1148/553/910 1127/532/890
f 1127/532/890 1148/553/910 1147/552/909
f 1129/534/892 1149/554/911 1128/533/891
f 1128/533/891 1149/554/911 1148/553/910
f 1130/535/893 1150/555/912 1129/534/892
f 1129/534/892 1150/555/912 1149/554/911
f 1131/536/894 1151/556/913 1130/535/893
f 1130/535/893 1151/556/913 1150/555/912
f 1132/537/895 1152/557/914 1131/536/894
f 1131/536/894 1152/557/914 1151/556/913
f 1133/538/896 1153/558/915 1132/537/895
f 1132/537/895 1153/558/915 1152/557/914
f 1134/539/897 1154/559/916 1133/538/896
f 1133/538/896 1154/559/916 1153/558/915
f 1135/540/898 1155/560/917 1134/539/897
f 1134/539/897 1155/560/917 1154/559/916
f 1136/541/899 1156/561/918 1135/540/898
f 1135/540/898 1156/561/918 1155/560/917
f 1117/523/881 1137/543/900 1136/541/899
f 1136/541/899 1137/543/900 1156/561/918
f 1138/542/900 1158/562/919 1137/543/900
f 1137/543/900 1158/562/919 1157/563/919
f 1139/544/901 1159/564/920 1138/542/900
f 1138/542/900 1159/564/920 1158/562/919
f 1140/545/902 1160/565/921 1139/544/901
f 1139/544/901 1160/565/921 1159/564/920
f 1141/546/903 1161/566/922 1140/545/902
f 1140/545/902 1161/566/922 1160/565/921
f 1142/547/904 1162/567/923 1141/546/903
f 1141/546/903 1162/567/923 1161/566/922
f 1143/548/905 1163/568/924 1142/547/904
f 1142/547/904 1163/568/924 1162/567/923
f 1144/549/906 1164/569/925 1143/548/905
f 1143/548/905 1164/569/925 1163/568/924
f 1145/550/907 1165/570/926 1144/549/906
f 1144/549/906 1165/570/926 1164/569/925
f 1146/551/908 1166/571/927 1145/550/907
f 1145/550/907 1166/571/927 1165/570/926
f 1147/552/909 1167/572/928 1146/551/908
f 1146/551/908 1167/572/928 1166/571/927
f 1148/553/910 1168/573/929 1147/552/909
f 1147/552/909 1168/573/929 1167/572/928
f 1149/554/911 1169/574/930 1148/553/910
f 1148/553/910 1169/574/930 1168/573/929
f 1150/555/912 1170/575/931 1149/554/911
f 1149/554/911 1170/575/931 1169/574/930
f 1151/556/913 1171/576/932 1150/555/912
f 1150/555/912 1171/576/932 1170/575/931
f 1152/557/914 1172/577/933 1151/556/913
f 1151/556/913 1172/577/933 1171/576/932
f 1153/558/915 1173/578/934 1152/557/914
f 1152/557/914 1173/578/934 1172/577/933
f 1154/559/916 1174/579/935 1153/558/915
f 1153/558/915 1174/579/935 1173/578/934
f 1155/560/917 1175/580/936 1154/559/916
f 1154/559/916 1175/580/936 1174/579/935
f 1156/561/918 1176/581/937 1155/560/917
f 1155/560/917 1176/581/937 1175/580/936
f 1137/543/900 1157/563/919 1156/561/918
f 1156/561/918 1157/563/919 1176/581/937
f 1158/562/919 1178/582/938 1157/563/919
f 1157/563/919 1178/582/938 1177/583/938
f 1159/564/920 1179/584/939 1158/562/919
f 1158/562/919 1179/584/939 1178/582/938
f 1160/565/921 1180/585/940 1159/564/920
f 1159/564/920 1180/585/940 1179/584/939
f 1161/566/922 1181/586/941 1160/565/921
f 1160/565/921 1181/586/941 1180/585/940
f 1162/567/923 1182/587/942 1161/566/922
f 1161/566/922 1182/587/942 1181/586/941
f 1163/568/924 1183/588/943 1162/567/923
f 1162/567/923 1183/588/943 1182/587/942
f 1164/569/925 1184/589/935 1163/568/924
f 1163/568/924 1184/589/935 1183/588/943
f 1165/570/926 1185/590/944 1164/569/925
f 1164/569/925 1185/590/944 1184/589/935
f 1166/571/927 1186/591/945 1165/570/926
f 1165/570/926 1186/591/945 1185/590/944
f 1167/572/928 1187/592/946 1166/571/927
f 1166/571/927 1187/592/946 1186/591/945
f 1168/573/929 1188/593/947 1167/572/928
f 1167/572/928 1188/593/947 1187/592/946
f 1169/574/930 1189/594/948 1168/573/929
f 1168/573/929 1189/594/948 1188/593/947
f 1170/575/931 1190/595/921 1169/574/930
f 1169/574/930 1190/595/921 1189/594/948
f 1171/576/932 1191/596/949 1170/575/931
f 1170/575/931 1191/596/949 1190/595/921
f 1172/577/933 1192/597/923 1171/576/932
f 1171/576/932 1192/597/923 1191/596/949
f 1173/578/934 1193/598/950 1172/577/933
f 1172/577/933 1193/598/950 1192/597/923
f 1174/579/935 1194/599/951 1173/578/934
f 1173/578/934 1194/599/951 1193/598/950
f 1175/580/936 1195/600/952 1174/579/935
f 1174/579/935 1195/600/952 1194/599/951
f 1176/581/937 1196/601/953 1175/580/936
f 1175/580/936 1196/601/953 1195/600/952
f 1157/563/919 1177/583/938 1176/581/937
f 1176/581/937 1177/583/938 1196/601/953
f 1178/582/938 1198/602/954 1177/583/938
f 1177/583/938 1198/602/954 1197/603/955
f 1179/584/939 1199/604/956 1178/582/938
f 1178/582/938 1199/604/956 1198/602/954
f 1180/585/940 1200/605/957 1179/584/939
f 1179/584/939 1200/605/957 1199/604/956
f 1181/586/941 1201/606/958 1180/585/940
f 1180/585/940 1201/606/958 1200/605/957
f 1182/587/942 1202/607/959 1181/586/941
f 1181/586/941 1202/607/959 1201/606/958
f 1183/588/943 1203/608/960 1182/587/942
f 1182/587/942 1203/608/960 1202/607/959
f 1184/589/935 1204/609/961 1183/588/943
f 1183/588/943 1204/609/961 1203/608/960
f 1185/590/944 1205/610/962 1184/589/935
f 1184/589/935 1205/610/962 1204/609/961
f 1186/591/945 1206/611/918 1185/590/944
f 1185/590/944 1206/611/918 1205/610/962
f 1187/592/946 1207/612/963 1186/591/945
f 1186/591/945 1207/612/963 1206/611/918
f 1188/593/947 1208/613/964 1187/592/946
f 1187/592/946 1208/613/964 1207/612/963
f 1189/594/948 1209/614/965 1188/593/947
f 1188/593/947 1209/614/965 1208/613/964
f 1190/595/921 1210/615/966 1189/594/948
f 1189/594/948 1210/615/966 1209/614/965
f 1191/596/949 1211/616/967 1190/595/921
f 1190/595/921 1211/616/967 1210/615/966
f 1192/597/923 1212/617/968 1191/596/949
f 1191/596/949 1212/617/968 1211/616/967
f 1193/598/950 1213/618/969 1192/597/923
f 1192/597/923 1213/618/969 1212/617/968
f 1194/599/951 1214/619/970 1193/598/950
f 1193/598/950 1214/619/970 1213/618/969
f 1195/600/952 1215/620/971 1194/599/951
f 1194/599/951 1215/620/971 1214/619/970
f 1196/601/953 1216/621/908 1195/600/952
f 1195/600/952 1216/621/908 1215/620/971
f 1177/583/938 1197/603/955 1196/601/953
f 1196/601/953 1197/603/955 1216/621/908
f 1198/602/954 1218/622/891 1197/603/955
f 1197/603/955 1218/622/891 1217/623/891
f 1199/604/956 1219/624/892 1198/602/954
f 1198/602/954 1219/624/892 1218/622/891
f 1200/605/957 1220/625/972 1199/604/956
f 1199/604/956 1220/625/972 1219/624/892
f 1201/606/958 1221/626/894 1200/605/957
f 1200/605/957 1221/626/894 1220/625/972
f 1202/607/959 1222/627/895 1201/606/958
f 1201/606/958 1222/627/895 1221/626/894
f 1203/608/960 1223/628/896 1202/607/959
f 1202/607/959 1223/628/896 1222/627/895
f 1204/609/961 1224/629/897 1203/608/960
f 1203/608/960 1224/629/897 1223/628/896
f 1205/610/962 1225/630/898 1204/609/961
f 1204/609/961 1225/630/898 1224/629/897
f 1206/611/918 1226/631/899 1205/610/962
f 1205/610/962 1226/631/899 1225/630/898
f 1207/612/963 1227/632/973 1206/611/918
f 1206/611/918 1227/632/973 1226/631/899
f 1208/613/964 1228/633/881 1207/612/963
f 1207/612/963 1228/633/881 1227/632/973
f 1209/614/965 1229/634/882 1208/613/964
f 1208/613/964 1229/634/882 1228/633/881
f 1210/615/966 1230/635/883 1209/614/965
f 1209/614/965 1230/635/883 1229/634/882
f 1211/616/967 1231/636/884 1210/615/966
f 1210/615/966 1231/636/884 1230/635/883
f 1212/617/968 1232/637/885 1211/616/967
f 1211/616/967 1232/637/885 1231/636/884
f 1213/618/969 1233/638/886 1212/617/968
f 1212/617/968 1233/638/886 1232/637/885
f 1214/619/970 1234/639/887 1213/618/969
f 1213/618/969 1234/639/887 1233/638/886
f 1215/620/971 1235/640/888 1214/619/970
f 1214/619/970 1235/640/888 1234/639/887
f 1216/621/908 1236/641/889 1215/620/971
f 1215/620/971 1236/641/889 1235/640/888
f 1197/603/955 1217/623/891 1216/621/908
f 1216/621/908 1217/623/891 1236/641/889
f 1218/622/891 1238/642/974 1217/623/891
f 1217/623/891 1238/642/974 1237/643/975
f 1219/624/892 1239/644/976 1218/622/891
f 1218/622/891 1239/644/976 1238/642/974
f 1220/625/972 1240/645/977 1219/624/892
f 1219/624/892 1240/645/977 1239/644/976
f 1221/626/894 1241/646/978 1220/625/972
f 1220/625/972 1241/646/978 1240/645/977
f 1222/627/895 1242/647/979 1221/626/894
f 1221/626/894 1242/647/979 1241/646/978
f 1223/628/896 1243/648/980 1222/627/895
f 1222/627/895 1243/648/980 1242/647/979
f 1224/629/897 1244/649/981 1223/628/896
f 1223/628/896 1244/649/981 1243/648/980
f 1225/630/898 1245/650/982 1224/629/897
f 1224/629/897 1245/650/982 1244/649/981
f 1226/631/899 1246/651/983 1225/630/898
f 1225/630/898 1246/651/983 1245/650/982
f 1227/632/973 1247/652/984 1226/631/899
f 1226/631/899 1247/652/984 1246/651/983
f 1228/633/881 1248/653/985 1227/632/973
f 1227/632/973 1248/653/985 1247/652/984
f 1229/634/882 1249/654/986 1228/633/881
f 1228/633/881 1249/654/986 1248/653/985
f 1230/635/883 1250/655/987 1229/634/882
f 1229/634/882 1250/655/987 1249/654/986
f 1231/636/884 1251/656/988 1230/635/883
f 1230/635/883 1251/656/988 1250/655/987
f 1232/637/885 1252/657/989 1231/636/884
f 1231/636/884 1252/657/989 1251/656/988
f 1233/638/886 1253/658/990 1232/637/885
f 1232/637/885 1253/658/990 1252/657/989
f 1234/639/887 1254/659/991 1233/638/886
f 1233/638/886 1254/659/991 1253/658/990
f 1235/640/888 1255/660/992 1234/639/887
f 1234/639/887 1255/660/992 1254/659/991
f 1236/641/889 1256/661/993 1235/640/888
f 1235/640/888 1256/661/993 1255/660/992
f 1217/623/891 1237/643/975 1236/641/889
f 1236/641/889 1237/643/975 1256/661/993
f 1238/642/974 1058/662/688 1237/643/975
f 1237/643/975 1058/662/688 1057/663/840
f 1239/644/976 1059/664/690 1238/642/974
f 1238/642/974 1059/664/690 1058/662/688
f 1240/645/977 1060/665/692 1239/644/976
f 1239/644/976 1060/665/692 1059/664/690
f 1241/646/978 1061/666/694 1240/645/977
f 1240/645/977 1061/666/694 1060/665/692
f 1242/647/979 1062/667/696 1241/646/978
f 1241/646/978 1062/667/696 1061/666/694
f 1243/648/980 1063/668/698 1242/647/979
f 1242/647/979 1063/668/698 1062/667/696
f 1244/649/981 1064/669/700 1243/648/980
f 1243/648/980 1064/669/700 1063/668/698
f 1245/650/982 1065/670/702 1244/649/981
f 1244/649/981 1065/670/702 1064/669/700
f 1246/651/983 1066/671/704 1245/650/982
f 1245/650/982 1066/671/704 1065/670/702
f 1247/652/984 1067/672/841 1246/651/983
f 1246/651/983 1067/672/841 1066/671/704
f 1248/653/985 1068/673/666 1247/652/984
f 1247/652/984 1068/673/666 1067/672/841
f 1249/654/986 1069/674/670 1248/653/985
f 1248/653/985 1069/674/670 1068/673/666
f 1250/655/987 1070/675/672 1249/654/986
f 1249/654/986 1070/675/672 1069/674/670
f 1251/656/988 1071/676/674 1250/655/987
f 1250/655/987 1071/676/674 1070/675/672
f 1252/657/989 1072/677/676 1251/656/988
f 1251/656/988 1072/677/676 1071/676/674
f 1253/658/990 1073/678/678 1252/657/989
f 1252/657/989 1073/678/678 1072/677/676
f 1254/659/991 1074/679/842 1253/658/990
f 1253/658/990 1074/679/842 1073/678/678
f 1255/660/992 1075/680/682 1254/659/991
f 1254/659/991 1075/680/682 1074/679/842
f 1256/661/993 1076/681/684 1255/660/992
f 1255/660/992 1076/681/684 1075/680/682
f 1237/643/975 1057/663/840 1256/661/993
f 1256/661/993 1057/663/840 1076/681/684
f 1257/682/994 1258/683/995 1260/684/994
f 1260/684/994 1258/683/995 1259/685/996
f 1258/683/995 1257/682/994 1262/686/996
f 1262/686/996 1257/682/994 1261/687/996
f 1260/684/994 1259/685/996 1264/688/996
f 1264/688/996 1259/685/996 1263/689/996
f 1261/687/996 1257/682/994 1266/690/994
f 1266/690/994 1257/682/994 1265/691/994
f 1262/686/996 1267/692/997 1258/683/995
f 1258/683/995 1267/692/997 1268/693/998
f 1260/684/994 1264/688/996 1270/694/996
f 1270/694/996 1264/688/996 1269/695/994
f 1263/689/996 1259/685/996 1272/696/999
f 1272/696/999 1259/685/996 1271/697/1000
f 1266/690/994 1265/691/994 1274/698/994
f 1274/698/994 1265/691/994 1273/699/1001
f 1267/692/997 1275/700/1002 1268/693/998
f 1268/693/998 1275/700/1002 1276/701/1003
f 1269/695/994 1277/702/994 1270/694/996
f 1270/694/996 1277/702/994 1278/703/1004
f 1272/696/999 1271/697/1000 1280/704/1005
f 1280/704/1005 1271/697/1000 1279/705/1006
f 1277/702/994 1269/695/994 1280/704/1005
f 1280/704/1005 1269/695/994 1272/696/999
f 1274/698/994 1275/700/1002 1266/690/994
f 1266/690/994 1275/700/1002 1267/692/997
f 1281/706/1007 1282/707/1008 1271/697/1000
f 1271/697/1000 1282/707/1008 1279/705/1006
f 1273/699/1001 1265/691/994 1284/708/1009
f 1284/708/1009 1265/691/994 1283/709/1010
f 1276/701/1003 1282/707/1008 1268/693/998
f 1268/693/998 1282/707/1008 1281/706/1007
f 1283/709/1010 1270/694/996 1284/708/1009
f 1284/708/1009 1270/694/996 1278/703/1004
f 1257/682/994 1260/684/994 1285/682/1011
f 1285/682/1011 1260/684/994 1288/684/1011
f 1259/685/996 1258/683/995 1287/685/1012
f 1287/685/1012 1258/683/995 1286/683/1013
f 1262/686/996 1261/687/996 1290/686/1014
f 1290/686/1014 1261/687/996 1289/687/1014
f 1264/688/996 1263/689/996 1292/688/1015
f 1292/688/1015 1263/689/996 1291/689/1015
f 1265/691/994 1257/682/994 1293/691/1016
f 1293/691/1016 1257/682/994 1285/682/1011
f 1261/687/996 1266/690/994 1289/687/1014
f 1289/687/1014 1266/690/994 1294/690/1017
f 1258/683/995 1268/693/998 1286/683/1013
f 1286/683/1013 1268/693/998 1296/693/1018
f 1267/692/997 1262/686/996 1295/692/1019
f 1295/692/1019 1262/686/996 1290/686/1014
f 1260/684/994 1270/694/996 1288/684/1011
f 1288/684/1011 1270/694/996 1298/694/1020
f 1269/695/994 1264/688/996 1297/695/1021
f 1297/695/1021 1264/688/996 1292/688/1015
f 1271/697/1000 1259/685/996 1299/697/1017
f 1299/697/1017 1259/685/996 1287/685/1012
f 1263/689/996 1272/696/999 1291/689/1015
f 1291/689/1015 1272/696/999 1300/696/1022
f 1274/698/994 1273/699/1001 1302/698/1023
f 1302/698/1023 1273/699/1001 1301/699/1024
f 1276/701/1003 1275/700/1002 1304/701/1025
f 1304/701/1025 1275/700/1002 1303/700/1026
f 1278/703/1004 1277/702/994 1306/703/1027
f 1306/703/1027 1277/702/994 1305/702/1028
f 1280/704/1005 1279/705/1006 1308/704/1029
f 1308/704/1029 1279/705/1006 1307/705/1029
f 1272/696/999 1269/695/994 1300/696/1022
f 1300/696/1022 1269/695/994 1297/695/1021
f 1277/702/994 1280/704/1005 1305/702/1028
f 1305/702/1028 1280/704/1005 1308/704/1029
f 1275/700/1002 1274/698/994 1303/700/1026
f 1303/700/1026 1274/698/994 1302/698/1023
f 1266/690/994 1267/692/997 1294/690/1017
f 1294/690/1017 1267/692/997 1295/692/1019
f 1282/707/1008 1276/701/1003 1310/707/1030
f 1310/707/1030 1276/701/1003 1304/701/1025
f 1268/693/998 1281/706/1007 1296/693/1018
f 1296/693/1018 1281/706/1007 1309/706/1031
f 1283/709/1010 1265/691/994 1311/709/1013
f 1311/709/1013 1265/691/994 1293/691/1016
f 1273/699/1001 1284/708/1009 1301/699/1024
f 1301/699/1024 1284/708/1009 1312/708/1032
f 1281/706/1007 1271/697/1000 1309/706/1031
f 1309/706/1031 1271/697/1000 1299/697/1017
f 1279/705/1006 1282/707/1008 1307/705/1029
f 1307/705/1029 1282/707/1008 1310/707/1030
f 1270/694/996 1283/709/1010 1298/694/1020
f 1298/694/1020 1283/709/1010 1311/709/1013
f 1284/708/1009 1278/703/1004 1312/708/1032
f 1312/708/1032 1278/703/1004 1306/703/1027
f 1285/682/1011 1288/684/1011 1286/683/1013
f 1286/683/1013 1288/684/1011 1287/685/1012
f 1286/683/1013 1290/686/1014 1285/682/1011
f 1285/682/1011 1290/686/1014 1289/687/1014
f 1288/684/1011 1292/688/1015 1287/685/1012
f 1287/685/1012 1292/688/1015 1291/689/1015
f 1289/687/1014 1294/690/1017 1285/682/1011
f 1285/682/1011 1294/690/1017 1293/691/1016
f 1296/693/1018 1295/692/1019 1286/683/1013
f 1286/683/1013 1295/692/1019 1290/686/1014
f 1288/684/1011 1298/694/1020 1292/688/1015
f 1292/688/1015 1298/694/1020 1297/695/1021
f 1291/689/1015 1300/696/1022 1287/685/1012
f 1287/685/1012 1300/696/1022 1299/697/1017
f 1294/690/1017 1302/698/1023 1293/691/1016
f 1293/691/1016 1302/698/1023 1301/699/1024
f 1304/701/1025 1303/700/1026 1296/693/1018
f 1296/693/1018 1303/700/1026 1295/692/1019
f 1306/703/1027 1305/702/1028 1298/694/1020
f 1298/694/1020 1305/702/1028 1297/695/1021
f 1300/696/1022 1308/704/1029 1299/697/1017
f 1299/697/1017 1308/704/1029 1307/705/1029
f 1305/702/1028 1308/704/1029 1297/695/1021
f 1297/695/1021 1308/704/1029 1300/696/1022
f 1295/692/1019 1303/700/1026 1294/690/1017
f 1294/690/1017 1303/700/1026 1302/698/1023
f 1309/706/1031 1299/697/1017 1310/707/1030
f 1310/707/1030 1299/697/1017 1307/705/1029
f 1301/699/1024 1312/708/1032 1293/691/1016
f 1293/691/1016 1312/708/1032 1311/709/1013
f 1309/706/1031 1310/707/1030 1296/693/1018
f 1296/693/1018 1310/707/1030 1304/701/1025
f 1306/703/1027 1298/694/1020 1312/708/1032
f 1312/708/1032 1298/694/1020 1311/709/1013
o blade_fragment
v -284.079712 -8.508294 0.812682
v -285.198090 -3.848448 0.000000
v -287.931000 -13.738110 0.709532
v -293.900787 -14.115980 0.000001
v -227.389999 -9.905877 0.709532
v -227.664902 -0.226525 0.000000
v -227.389999 -9.905877 0.000001
v -227.620926 -1.713467 0.491042
v -284.079712 -8.508294 -0.812680
v -287.931000 -13.738110 -0.709530
v -227.389999 -9.905877 -0.709530
v -227.620926 -1.713467 -0.491042
v -170.619598 -6.312376 0.709531
v -170.907730 1.787353 0.491042
v -170.619598 -6.312376 0.000000
v -170.960495 3.235994 -0.000000
v -170.619598 -6.312376 -0.709531
v -170.907730 1.787353 -0.491042
vn -0.1239 0.1050 0.9867
vn -0.0661 0.0680 0.9955
vn -0.0644 0.0385 0.9972
vn 0.0014 -0.0219 0.9998
vn 0.0632 -0.9980 -0.0000
vn -0.0643 0.0385 -0.9972
vn -0.0021 0.0727 0.9973
vn -0.0046 0.0752 0.9972
vn -0.0058 0.0911 0.9958
vn -0.0057 0.0935 0.9956
vn -0.0618 0.0400 -0.9973
vn 0.0015 -0.0219 -0.9998
vn 0.0014 -0.0219 -0.9998
vn -0.0057 0.0935 -0.9956
vn -0.0046 0.0752 -0.9972
vn -0.0058 0.0911 -0.9958
vn -0.0021 0.0727 -0.9973
vn -0.0661 0.0680 -0.9955
vt 0.134084 0.101583
vt 0.133243 0.117527
vt 0.107206 0.126139
vt 0.120724 0.130467
vt 0.131710 0.280248
vt 0.130273 0.432834
vt 0.109447 0.280769
vt 0.108334 0.433213
vt 0.105420 0.280867
vt 0.104408 0.433283
s 1
usemtl initialShadingGroup.007
f 1316/710/1033 1315/711/1033 1314/712/1033
f 1314/712/1034 1315/711/1035 1313/713/1034
f 1313/713/1034 1315/711/1035 1317/714/1036
f 1317/714/1036 1315/711/1035 1319/714/1037
f 1319/714/1037 1315/711/1035 1322/711/1038
f 1317/714/1036 1325/715/1036 1320/716/1039
f 1320/716/1039 1325/715/1036 1326/717/1040
f 1325/715/1036 1317/714/1036 1327/715/1037
f 1327/715/1037 1317/714/1036 1319/714/1037
f 1320/716/1039 1326/717/1040 1318/718/1041
f 1318/718/1041 1326/717/1040 1328/719/1042
f 1315/711/1035 1316/710/1043 1322/711/1038
f 1320/716/1039 1318/718/1041 1313/713/1034
f 1323/714/1044 1319/714/1037 1322/711/1038
f 1329/715/1045 1327/715/1037 1323/714/1044
f 1327/715/1037 1319/714/1037 1323/714/1044
f 1328/719/1046 1330/717/1047 1318/718/1048
f 1318/718/1048 1330/717/1047 1324/716/1049
f 1314/712/1050 1318/718/1048 1321/713/1050
f 1321/713/1050 1318/718/1048 1324/716/1049
f 1316/710/1043 1314/712/1050 1322/711/1038
f 1322/711/1038 1314/712/1050 1321/713/1050
f 1323/714/1044 1324/716/1049 1329/715/1045
f 1329/715/1045 1324/716/1049 1330/717/1047
f 1323/714/1044 1321/713/1050 1324/716/1049
f 1323/714/1044 1322/711/1038 1321/713/1050
f 1313/713/1034 1317/714/1036 1320/716/1039
f 1314/712/1034 1313/713/1034 1318/718/1041
o sheath
v -301.626190 -10.086940 3.638801
v -301.235596 -16.454981 2.357801
v -231.517303 -12.090720 2.357801
v -302.014313 -3.698694 2.357800
v -231.907898 -5.722681 3.638800
v -232.299393 0.665320 2.357800
v -174.798904 -8.540247 2.357801
v -175.174103 -2.171228 3.638800
v -175.552704 4.217581 2.357800
v -114.058601 -4.738001 2.357800
v -114.415001 1.632178 3.638800
v -114.778702 8.021949 2.357799
v -39.133480 -0.047815 2.357800
v -39.444160 6.325233 3.638801
v -39.770061 12.717370 2.357799
v -40.238972 -0.634942 2.924493
v -40.581619 6.128057 4.864572
v -95.945702 2.662358 4.864572
v -95.985710 1.236764 4.641196
v -40.938221 12.908970 2.924585
v -95.692574 9.481437 2.924585
v -95.904480 4.111331 4.637424
v -96.197929 -4.137878 2.924493
v -40.297600 0.301705 2.155713
v -40.581650 6.128521 3.326920
v -95.945747 2.662821 3.326919
v -96.004997 1.544878 3.103637
v -95.633972 8.545254 2.155712
v -95.885246 3.804146 3.099678
v -40.879608 11.972790 2.155712
v -96.256577 -3.201232 2.155713
v -95.692574 9.910565 -0.000001
v -95.633972 8.974382 -0.000001
v -40.938221 13.338100 -0.000001
v -40.879608 12.401910 -0.000001
v -40.581650 6.128521 -0.000000
v -40.297600 -0.019121 0.000000
v -40.238972 -0.955768 0.000000
v -96.197929 -4.458704 0.000000
v -96.256577 -3.522058 0.000000
v -302.014313 -3.698694 0.000000
v -232.299393 0.665320 -0.000000
v -175.552704 4.217581 -0.000000
v -114.778702 8.021949 -0.000001
v -39.770061 12.717370 -0.000001
v -39.444160 6.325233 -0.000000
v -39.133480 -0.047815 0.000000
v -114.058601 -4.738001 0.000000
v -174.798904 -8.540247 0.000001
v -231.517303 -12.090720 0.000001
v -301.235596 -16.454981 0.000001
v -301.626190 -10.086940 0.000001
v -301.626190 -10.086940 -3.638799
v -301.235596 -16.454981 -2.357799
v -231.517303 -12.090720 -2.357799
v -302.014313 -3.698694 -2.357800
v -231.907898 -5.722682 -3.638799
v -232.299393 0.665320 -2.357800
v -174.798904 -8.540247 -2.357799
v -175.174103 -2.171228 -3.638800
v -175.552704 4.217581 -2.357800
v -114.058601 -4.738001 -2.357800
v -114.415001 1.632178 -3.638800
v -114.778702 8.021949 -2.357801
v -39.133480 -0.047815 -2.357800
v -39.444160 6.325233 -3.638802
v -39.770061 12.717370 -2.357801
v -40.238972 -0.634942 -2.924493
v -40.581619 6.128057 -4.864573
v -95.945702 2.662357 -4.864572
v -95.985710 1.236764 -4.641196
v -40.938221 12.908970 -2.924587
v -95.692574 9.481437 -2.924587
v -95.904480 4.111331 -4.637424
v -96.197929 -4.137878 -2.924493
v -40.297600 0.301705 -2.155713
v -40.581650 6.128520 -3.326921
v -95.945747 2.662821 -3.326919
v -96.004997 1.544878 -3.103637
v -95.633972 8.545254 -2.155714
v -95.885246 3.804146 -3.099678
v -40.879608 11.972790 -2.155714
v -96.256577 -3.201232 -2.155713
vn 0.0123 -0.1965 0.9804
vn -0.0122 0.1959 0.9805
vn -0.0000 -0.0002 1.0000
vn -0.0123 0.1959 0.9806
vn -0.0122 0.1959 0.9806
vn 0.0123 -0.1964 0.9804
vn -0.0122 0.1958 0.9806
vn 0.0122 -0.1964 0.9804
vn 0.0186 -0.2547 0.9668
vn 0.0185 -0.2547 0.9668
vn 0.0186 -0.2548 0.9668
vn -0.0191 0.3044 0.9523
vn -0.0190 0.3045 0.9523
vn -0.0190 0.3046 0.9523
vn 0.0191 -0.3048 0.9522
vn 0.9987 0.0509 -0.0047
vn -0.9993 0.0372 0.0100
vn -0.9982 0.0323 -0.0511
vn 0.9986 0.0527 0.0040
vn -0.9982 0.0322 0.0511
vn -0.9982 -0.0584 0.0100
vn -0.9982 -0.0584 0.0098
vn -0.0619 0.9875 -0.1449
vn 0.9982 0.0584 -0.0099
vn 0.9988 0.0495 -0.0039
vn 0.9989 0.0477 0.0028
vn 0.9982 0.0595 -0.0000
vn 0.0622 -0.9921 -0.1088
vn -0.9982 -0.0594 -0.0075
vn -0.0625 0.9980 -0.0000
vn 0.9987 0.0509 -0.0000
vn 0.9988 0.0487 -0.0000
vn 0.0625 -0.9980 -0.0000
vn -0.9981 -0.0612 -0.0000
vn -0.9981 -0.0613 -0.0000
vn -0.9981 -0.0609 -0.0000
vn 0.0124 -0.1964 -0.9804
vn 0.0123 -0.1965 -0.9804
vn 0.0123 -0.1964 -0.9804
vn -0.0123 0.1959 -0.9806
vn -0.0133 0.1958 -0.9806
vn 0.0116 -0.1965 -0.9804
vn -0.0149 0.1957 -0.9806
vn 0.0110 -0.1965 -0.9804
vn -0.0168 0.1956 -0.9805
vn -0.0123 0.1958 -0.9806
vn 0.0186 -0.2547 -0.9668
vn 0.0185 -0.2548 -0.9668
vn 0.0186 -0.2548 -0.9668
vn -0.0191 0.3045 -0.9523
vn -0.0190 0.3045 -0.9523
vn 0.0191 -0.3049 -0.9522
vn 0.9987 0.0509 0.0047
vn -0.9993 0.0372 -0.0100
vn -0.9982 0.0323 0.0511
vn 0.9986 0.0527 -0.0040
vn -0.9982 0.0322 -0.0511
vt 0.046229 0.124665
vt 0.063360 0.125297
vt 0.060973 0.313139
vt 0.029063 0.124526
vt 0.043396 0.312939
vt 0.025762 0.312692
vt 0.059583 0.466248
vt 0.042029 0.466244
vt 0.024422 0.466235
vt 0.059648 0.630299
vt 0.042071 0.630427
vt 0.024433 0.630607
vt 0.059983 0.832533
vt 0.042844 0.832932
vt 0.025648 0.832779
vt 0.203357 0.879345
vt 0.202846 0.897774
vt 0.052765 0.890501
vt 0.053034 0.894387
vt 0.202805 0.916298
vt 0.054689 0.913540
vt 0.053300 0.898330
vt 0.051985 0.875296
vt 0.206652 0.897742
vt 0.205443 0.880440
vt 0.048519 0.890684
vt 0.048978 0.894655
vt 0.049077 0.898845
vt 0.052030 0.912906
vt 0.204846 0.915310
vt 0.049462 0.875837
vt 0.054281 0.921496
vt 0.051732 0.920213
vt 0.203927 0.923902
vt 0.208203 0.920347
vt 0.215067 0.898135
vt 0.208287 0.875459
vt 0.204563 0.871759
vt 0.051786 0.867428
vt 0.049045 0.868859
vt 0.023061 0.123522
vt 0.019391 0.312595
vt 0.018062 0.466210
vt 0.018061 0.630643
vt 0.019598 0.834002
vt 0.042453 0.842105
vt 0.066047 0.833363
vt 0.066008 0.630305
vt 0.065943 0.466271
vt 0.067332 0.313195
vt 0.069440 0.124157
vt 0.046912 0.115493
s 1
usemtl initialShadingGroup.007
f 1331/720/1051 1332/721/1051 1333/722/1051
f 1334/723/1052 1331/720/1053 1335/724/1054
f 1336/725/1055 1334/723/1052 1335/724/1054
f 1335/724/1054 1333/722/1051 1337/726/1056
f 1338/727/1056 1335/724/1054 1337/726/1056
f 1336/725/1055 1335/724/1054 1338/727/1056
f 1339/728/1057 1336/725/1055 1338/727/1056
f 1338/727/1056 1337/726/1056 1340/729/1056
f 1341/730/1056 1338/727/1056 1340/729/1056
f 1339/728/1057 1338/727/1056 1341/730/1056
f 1342/731/1057 1339/728/1057 1341/730/1056
f 1343/732/1056 1344/733/1058 1341/730/1056
f 1340/729/1056 1343/732/1056 1341/730/1056
f 1345/734/1054 1342/731/1057 1341/730/1056
f 1344/733/1058 1345/734/1054 1341/730/1056
f 1335/724/1054 1331/720/1053 1333/722/1051
f 1346/735/1059 1347/736/1060 1349/737/1061
f 1349/737/1061 1347/736/1060 1348/738/1061
f 1350/739/1062 1351/740/1063 1352/741/1064
f 1350/739/1062 1352/741/1064 1347/736/1060
f 1347/736/1060 1352/741/1064 1348/738/1061
f 1349/737/1061 1353/742/1065 1346/735/1059
f 1355/743/1066 1347/736/1060 1354/744/1066
f 1354/744/1066 1347/736/1060 1346/735/1059
f 1357/745/1067 1349/737/1061 1356/746/1067
f 1356/746/1067 1349/737/1061 1348/738/1061
f 1359/747/1068 1352/741/1064 1358/748/1068
f 1358/748/1068 1352/741/1064 1351/740/1063
f 1355/743/1066 1360/749/1069 1347/736/1060
f 1347/736/1060 1360/749/1069 1350/739/1062
f 1359/747/1068 1356/746/1067 1352/741/1064
f 1352/741/1064 1356/746/1067 1348/738/1061
f 1357/745/1067 1361/750/1070 1349/737/1061
f 1349/737/1061 1361/750/1070 1353/742/1065
f 1351/740/1063 1362/751/1071 1358/748/1068
f 1358/748/1068 1362/751/1071 1363/752/1072
f 1364/753/1073 1362/751/1071 1350/739/1062
f 1350/739/1062 1362/751/1071 1351/740/1063
f 1365/754/1074 1364/753/1073 1360/749/1069
f 1360/749/1069 1364/753/1073 1350/739/1062
f 1355/743/1066 1366/755/1075 1360/749/1069
f 1360/749/1069 1366/755/1075 1365/754/1074
f 1355/743/1066 1354/744/1066 1366/755/1075
f 1366/755/1075 1354/744/1066 1367/756/1076
f 1367/756/1076 1354/744/1066 1368/757/1077
f 1368/757/1077 1354/744/1066 1346/735/1059
f 1369/758/1078 1368/757/1077 1353/742/1065
f 1353/742/1065 1368/757/1077 1346/735/1059
f 1370/759/1079 1369/758/1078 1361/750/1070
f 1361/750/1070 1369/758/1078 1353/742/1065
f 1371/760/1080 1334/723/1052 1372/761/1080
f 1372/761/1080 1334/723/1052 1336/725/1055
f 1373/762/1080 1372/761/1080 1339/728/1057
f 1339/728/1057 1372/761/1080 1336/725/1055
f 1374/763/1080 1373/762/1080 1342/731/1057
f 1342/731/1057 1373/762/1080 1339/728/1057
f 1375/764/1080 1374/763/1080 1345/734/1054
f 1345/734/1054 1374/763/1080 1342/731/1057
f 1344/733/1058 1376/765/1081 1345/734/1054
f 1345/734/1054 1376/765/1081 1375/764/1080
f 1344/733/1058 1343/732/1056 1376/765/1081
f 1376/765/1081 1343/732/1056 1377/766/1082
f 1378/767/1083 1377/766/1082 1340/729/1056
f 1340/729/1056 1377/766/1082 1343/732/1056
f 1337/726/1056 1379/768/1083 1340/729/1056
f 1340/729/1056 1379/768/1083 1378/767/1083
f 1333/722/1083 1380/769/1083 1337/726/1056
f 1337/726/1056 1380/769/1083 1379/768/1083
f 1332/721/1083 1381/770/1083 1333/722/1083
f 1333/722/1083 1381/770/1083 1380/769/1083
f 1381/770/1083 1332/721/1084 1382/771/1085
f 1382/771/1085 1332/721/1084 1331/720/1086
f 1371/760/1080 1382/771/1085 1334/723/1052
f 1334/723/1052 1382/771/1085 1331/720/1086
f 1383/720/1087 1385/722/1088 1384/721/1089
f 1386/723/1090 1387/724/1090 1383/720/1087
f 1388/725/1091 1387/724/1090 1386/723/1090
f 1387/724/1090 1389/726/1089 1385/722/1088
f 1390/727/1092 1389/726/1089 1387/724/1090
f 1388/725/1091 1390/727/1092 1387/724/1090
f 1391/728/1093 1390/727/1092 1388/725/1091
f 1390/727/1092 1392/729/1089 1389/726/1089
f 1393/730/1094 1392/729/1089 1390/727/1092
f 1391/728/1093 1393/730/1094 1390/727/1092
f 1394/731/1095 1393/730/1094 1391/728/1093
f 1395/732/1088 1393/730/1094 1396/733/1089
f 1392/729/1089 1393/730/1094 1395/732/1088
f 1397/734/1096 1393/730/1094 1394/731/1095
f 1396/733/1089 1393/730/1094 1397/734/1096
f 1387/724/1090 1385/722/1088 1383/720/1087
f 1398/735/1097 1401/737/1097 1399/736/1098
f 1399/736/1098 1401/737/1097 1400/738/1099
f 1402/739/1100 1404/741/1101 1403/740/1101
f 1400/738/1099 1404/741/1101 1399/736/1098
f 1399/736/1098 1404/741/1101 1402/739/1100
f 1401/737/1097 1398/735/1097 1405/742/1102
f 1398/735/1097 1399/736/1098 1406/744/1103
f 1406/744/1103 1399/736/1098 1407/743/1103
f 1400/738/1099 1401/737/1097 1408/746/1104
f 1408/746/1104 1401/737/1097 1409/745/1104
f 1403/740/1101 1404/741/1101 1410/748/1105
f 1410/748/1105 1404/741/1101 1411/747/1105
f 1407/743/1103 1399/736/1098 1412/749/1106
f 1412/749/1106 1399/736/1098 1402/739/1100
f 1411/747/1105 1404/741/1101 1408/746/1104
f 1408/746/1104 1404/741/1101 1400/738/1099
f 1409/745/1104 1401/737/1097 1413/750/1107
f 1413/750/1107 1401/737/1097 1405/742/1102
f 1403/740/1101 1410/748/1105 1362/751/1071
f 1362/751/1071 1410/748/1105 1363/752/1072
f 1364/753/1073 1402/739/1100 1362/751/1071
f 1362/751/1071 1402/739/1100 1403/740/1101
f 1402/739/1100 1364/753/1073 1412/749/1106
f 1412/749/1106 1364/753/1073 1365/754/1074
f 1365/754/1074 1366/755/1075 1412/749/1106
f 1412/749/1106 1366/755/1075 1407/743/1103
f 1407/743/1103 1366/755/1075 1406/744/1103
f 1406/744/1103 1366/755/1075 1367/756/1076
f 1398/735/1097 1406/744/1103 1368/757/1077
f 1368/757/1077 1406/744/1103 1367/756/1076
f 1369/758/1078 1405/742/1102 1368/757/1077
f 1368/757/1077 1405/742/1102 1398/735/1097
f 1405/742/1102 1369/758/1078 1413/750/1107
f 1413/750/1107 1369/758/1078 1370/759/1079
f 1371/760/1080 1372/761/1080 1386/723/1090
f 1386/723/1090 1372/761/1080 1388/725/1091
f 1373/762/1080 1391/728/1093 1372/761/1080
f 1372/761/1080 1391/728/1093 1388/725/1091
f 1374/763/1080 1394/731/1095 1373/762/1080
f 1373/762/1080 1394/731/1095 1391/728/1093
f 1375/764/1080 1397/734/1096 1374/763/1080
f 1374/763/1080 1397/734/1096 1394/731/1095
f 1375/764/1080 1376/765/1081 1397/734/1096
f 1397/734/1096 1376/765/1081 1396/733/1089
f 1396/733/1089 1376/765/1081 1395/732/1088
f 1395/732/1088 1376/765/1081 1377/766/1082
f 1378/767/1083 1392/729/1089 1377/766/1082
f 1377/766/1082 1392/729/1089 1395/732/1088
f 1389/726/1089 1392/729/1089 1379/768/1083
f 1379/768/1083 1392/729/1089 1378/767/1083
f 1385/722/1088 1389/726/1089 1380/769/1083
f 1380/769/1083 1389/726/1089 1379/768/1083
f 1384/721/1089 1385/722/1088 1381/770/1083
f 1381/770/1083 1385/722/1088 1380/769/1083
f 1383/720/1087 1384/721/1089 1382/771/1085
f 1382/771/1085 1384/721/1089 1381/770/1083
f 1371/760/1080 1386/723/1090 1382/771/1085
f 1382/771/1085 1386/723/1090 1383/720/1087
o item_blade
v 62.566776 -65.199463 9.367131
v 59.942989 -68.493111 8.845330
v 67.357643 -63.772804 9.300902
v 42.980206 -39.161297 9.300899
v 37.739964 -44.180492 9.160613
v 36.789600 -45.092415 8.845328
v 14.961732 -21.071621 9.160611
v 14.039432 -21.964455 8.845326
v 14.961732 -21.071621 8.530042
v 37.739964 -44.180492 8.530044
v 62.566776 -65.199463 8.323529
v 67.357643 -63.772804 8.389762
v 42.980206 -39.161297 8.389758
v 42.980206 -39.161297 8.845328
v 20.121056 -16.082607 8.845326
v 20.121056 -16.082607 8.389756
v -4.359172 8.632692 8.845325
v -4.359172 8.632692 8.389754
v -33.283024 37.834278 8.389750
v -9.382006 3.727751 8.530040
v -10.252838 2.876957 8.845325
v -38.467129 32.732944 8.530036
v -39.410923 31.803616 8.845321
v -38.467129 32.732944 9.160605
v -33.283024 37.834278 9.300891
v -9.382006 3.727751 9.160609
v -4.359172 8.632692 9.300895
v 20.121056 -16.082607 9.300897
v -33.283024 37.834278 8.845321
v 69.761436 -66.199684 8.845332
v -54.050259 57.521446 10.706132
v -56.755226 55.841507 11.169848
v -54.959019 58.713154 10.676946
v -52.829304 59.418999 10.290936
v -52.959915 59.286575 10.181825
v -55.754627 54.829269 10.949479
v -54.094471 57.477066 10.485547
v -55.754707 54.829189 11.169848
v -56.974419 52.914585 10.840762
v -57.865284 54.081791 10.869361
v -56.755150 55.841579 10.949479
v -59.294708 51.831383 10.290736
v -59.155624 51.967747 10.181825
v -57.814430 54.132118 10.650273
v -59.294708 51.831383 8.987418
v -59.155624 51.967747 7.793012
v -57.814430 54.132118 7.324563
v -57.865284 54.081791 7.105477
v -59.294708 51.831383 7.684102
v -56.974419 52.914585 7.134074
v -58.330887 50.805817 7.684102
v -58.191807 50.942188 7.793012
v -58.330887 50.805817 8.987418
v -58.191807 50.942188 10.181825
v -58.330887 50.805817 10.290736
v -56.923550 52.964920 10.621676
v -56.923550 52.964920 7.353162
v -55.754627 54.829269 7.025357
v -54.094467 57.477066 7.489289
v -55.754707 54.829189 6.804990
v -54.050259 57.521446 7.268706
v -54.959019 58.713154 7.297893
v -56.755226 55.841507 6.804990
v -52.959915 59.286575 7.793012
v -52.829304 59.418999 7.683902
v -53.854485 60.444237 10.290936
v -53.854485 60.444237 7.683902
v -52.829304 59.418999 8.106620
v -52.959915 59.286575 8.987418
v -52.829304 59.418999 9.868218
v -53.985096 60.311821 7.793012
v -53.985096 60.311821 8.987418
v -53.985096 60.311821 10.181825
v -55.003223 58.668789 10.456363
v -55.003223 58.668789 7.518476
v -56.755150 55.841579 7.025357
v -48.967846 55.532604 10.281833
v -50.593037 52.978111 10.796548
v -47.634216 54.198914 10.281833
v -49.086636 55.413094 8.987420
v -48.967846 55.532600 7.693007
v -47.634224 54.198906 7.693007
v -49.086636 55.413094 10.181828
v -50.633095 52.937916 10.596717
v -51.892719 50.921814 10.949483
v -53.455292 48.420856 10.510343
v -51.892792 50.921745 11.149117
v -53.501366 48.375263 10.708816
v -54.526516 46.784447 10.280490
v -52.464413 47.016663 10.675530
v -50.672962 49.687527 11.149117
v -54.400520 46.907990 10.181827
v -54.526516 46.784447 8.987418
v -54.400520 46.907990 7.793012
v -53.501366 48.375263 7.266021
v -54.526516 46.784447 7.694348
v -53.455292 48.420856 7.464496
v -51.892719 50.921818 7.025359
v -50.593037 52.978111 7.178294
v -50.633095 52.937916 7.378123
v -51.892792 50.921745 6.825725
v -50.672962 49.687527 6.825725
v -49.459846 51.492081 7.141900
v -47.753010 54.079395 7.793014
v -50.672882 49.687592 7.025359
v -49.499905 51.451885 7.341729
v -52.464413 47.016663 7.299312
v -52.418339 47.062260 7.497785
v -53.299679 45.736622 7.793014
v -53.299679 45.736622 10.181828
v -53.425686 45.613087 8.987420
v -53.425686 45.613087 7.694350
v -53.425686 45.613087 10.280492
v -52.418339 47.062260 10.477057
v -50.672882 49.687592 10.949483
v -49.459846 51.492081 10.832942
v -49.499905 51.451885 10.633111
v -47.753010 54.079395 10.181828
v -47.753010 54.079395 8.987420
v -49.086636 55.413094 7.793014
v -44.469048 51.093460 10.306966
v -46.713055 47.913303 10.971055
v -43.631157 50.255516 10.306966
v -44.617695 50.943916 8.987420
v -44.469048 51.093460 7.667876
v -43.631157 50.255516 7.667876
v -44.617695 50.943916 10.181828
v -46.763165 47.863014 10.721005
v -47.633842 46.612713 10.949483
v -49.810436 43.512848 10.639844
v -47.633926 46.612633 11.199290
v -49.752785 43.569904 10.391490
v -50.395744 42.646614 10.181828
v -50.553410 42.492027 10.305287
v -50.553410 42.492027 8.987420
v -50.395744 42.646614 7.793014
v -49.810436 43.512848 7.334998
v -50.553410 42.492027 7.669553
v -49.752785 43.569904 7.583352
v -47.633842 46.612713 7.025359
v -46.713055 47.913303 7.003785
v -46.763165 47.863014 7.253837
v -47.633926 46.612633 6.775552
v -46.759212 45.727608 6.775552
v -45.943069 46.903584 6.979056
v -43.779804 50.105980 7.793014
v -46.759136 45.727692 7.025359
v -45.993191 46.853283 7.229108
v -48.946400 42.513386 7.609237
v -49.004047 42.456326 7.360883
v -49.502506 41.696148 7.793014
v -49.660168 41.541565 7.669553
v -49.660168 41.541565 8.987420
v -49.502506 41.696148 10.181828
v -49.660168 41.541565 10.305287
v -49.004047 42.456326 10.613957
v -46.759212 45.727608 11.199290
v -46.759136 45.727692 10.949483
v -48.946400 42.513386 10.365603
v -45.943069 46.903584 10.995784
v -45.993191 46.853283 10.745734
v -43.779804 50.105980 10.181828
v -43.779804 50.105980 8.987420
v -44.617695 50.943916 7.793014
v -65.083069 72.754280 10.216979
v -57.345490 63.672390 10.181827
v -69.025536 68.854759 11.004823
v -65.083069 72.754280 7.757859
v -57.345490 63.672390 7.793012
v -39.959709 46.285679 10.181828
v -43.756680 42.689827 7.025359
v -69.025536 68.854767 6.970016
v -60.889256 60.024441 7.025359
v -39.959709 46.285679 7.793014
v -33.490734 40.798306 7.593547
v -33.490734 40.798306 10.381295
v -37.801582 36.557579 6.711324
v -41.907131 32.510956 7.593547
v -47.290882 39.342831 7.793014
v -36.705509 35.448578 6.711324
v -40.833145 31.379845 7.593547
v -40.833145 31.379845 10.381295
v -37.801582 36.557579 11.263518
v -41.907131 32.510956 10.381295
v -36.705509 35.448578 11.263518
v -32.416756 39.667194 10.381295
v -32.416756 39.667194 7.593547
v -47.290882 39.342831 10.181828
v -63.856571 56.969906 10.181827
v -43.756680 42.689827 10.949483
v -60.889256 60.024441 10.949479
v -72.882744 65.097191 10.216979
v -63.856571 56.969906 7.793012
v -72.882744 65.097191 7.757859
v -33.303528 39.392857 9.566869
v -31.751360 30.471630 9.554690
v -36.769180 35.879425 9.554688
v -28.311834 33.957878 9.566871
v -33.303528 39.392857 8.113952
v -28.311834 33.957878 8.113954
v -31.751360 30.471630 8.126134
v -36.769180 35.879425 8.126132
v -35.309860 26.851639 8.504725
v -35.309860 26.851639 9.176095
v -40.301537 32.286625 9.176095
v -40.301537 32.286625 8.504725
v -72.232925 69.115112 8.845319
v -72.279587 69.003853 9.449210
v -72.820602 69.232826 8.845317
v -71.551910 69.219887 8.845319
v -71.565262 69.113777 9.449210
v -72.279587 69.003853 8.241427
v -71.565262 69.113777 8.241427
v -70.822960 69.446312 8.241427
v -71.603951 68.805809 7.696649
v -70.761139 69.183372 7.696649
v -69.969063 69.776749 7.696649
v -70.664841 68.773834 7.264312
v -69.725639 69.477440 7.264312
v -68.938560 70.368080 7.264312
v -69.418892 69.100281 6.986733
v -68.476448 70.166733 6.986733
v -67.808395 71.352722 6.986733
v -67.964188 69.943527 6.891088
v -67.174049 71.346268 6.891088
v -66.785797 72.753090 6.891088
v -66.539726 71.339806 6.986733
v -66.091469 72.963997 6.986733
v -66.151054 74.433914 6.986733
v -65.465103 73.154251 7.264312
v -65.531891 74.801643 7.264312
v -66.161301 76.114891 7.264312
v -65.040520 75.093460 7.696649
v -65.723740 76.518982 7.696649
v -66.950798 77.442261 7.696649
v -65.442810 76.778442 8.241427
v -66.731918 77.748390 8.241427
v -66.656479 77.853889 8.845319
v -68.419533 78.207016 8.845319
v -68.466187 78.095757 8.241427
v -68.601601 77.772903 7.696649
v -70.462502 77.892654 8.845317
v -70.475845 77.786537 8.241426
v -70.514526 77.478561 7.696647
v -72.585480 76.941574 8.845317
v -72.564171 76.850975 8.241426
v -72.502342 76.588036 7.696647
v -74.580620 75.446892 8.845317
v -74.526772 75.380676 8.241426
v -76.171501 73.519554 8.241426
v -74.370468 75.188515 7.696647
v -76.252625 73.554901 8.845317
v -74.526772 75.380676 9.449208
v -76.171501 73.519554 9.449208
v -77.437843 71.450806 8.845317
v -77.337387 71.449776 9.449208
v -78.020256 69.340569 8.845317
v -77.337387 71.449776 8.241426
v -77.910271 69.373970 8.241426
v -75.936035 73.416954 7.696647
v -77.045807 71.446808 7.696647
v -75.569305 73.257164 7.264310
v -76.591660 71.442177 7.264310
v -77.591118 69.470917 7.696647
v -77.094048 69.621910 7.264310
v -77.518616 67.682693 7.696647
v -77.834106 67.495316 8.241426
v -77.942810 67.430756 8.845317
v -77.213150 65.908325 8.845317
v -77.116348 65.997719 8.241426
v -76.835411 66.257172 7.696647
v -75.827232 65.027756 8.241426
v -75.902641 64.922272 8.845317
v -75.827232 65.027756 9.449208
v -77.116348 65.997719 9.449208
v -74.139618 64.569145 8.845317
v -74.092964 64.680397 9.449208
v -72.096634 64.883507 8.845319
v -74.092964 64.680397 8.241426
v -72.083305 64.989624 8.241427
v -75.608345 65.333893 7.696647
v -73.957558 65.003250 7.696647
v -75.267426 65.810715 7.264310
v -73.746635 65.506104 7.264310
v -72.044617 65.297592 7.696649
v -70.056793 66.188126 7.696649
v -69.994972 65.925171 8.241427
v -71.984360 65.777260 7.264312
v -71.908432 66.381699 6.986733
v -70.153114 66.597656 7.264312
v -73.480881 66.139732 6.986732
v -74.361633 67.077553 6.891086
v -73.186272 66.842133 6.891086
v -74.837830 66.411537 6.986732
v -75.235283 67.734901 6.891086
v -75.846481 67.170456 6.986732
v -76.408073 68.342239 6.986732
v -76.397850 66.661263 7.264310
v -75.721733 68.749870 6.891086
v -75.035378 69.157494 6.986732
v -75.773338 70.023064 6.891086
v -75.079025 70.233971 6.986732
v -74.178505 71.417618 7.264310
v -74.452667 70.424232 7.264310
v -74.750740 71.423439 6.986732
v -73.620575 72.408089 7.264310
v -74.082695 72.609428 6.986732
v -75.385086 71.429901 6.891086
v -74.594948 72.832642 6.891086
v -76.019417 71.436356 6.986732
v -76.467682 69.812172 6.986732
v -77.027245 67.974503 7.264310
v -75.107201 73.055832 6.986732
v -73.480263 74.093948 6.891086
v -73.820297 74.512032 6.986732
v -72.284691 75.662453 6.986732
v -74.127052 74.889191 7.264310
v -72.150185 75.090424 6.891086
v -70.819023 75.054443 6.986732
v -72.015663 74.518372 6.986732
v -70.734863 75.724457 6.891086
v -69.667465 75.231644 6.986733
v -69.372864 75.934021 6.891088
v -70.650711 76.394470 6.986732
v -69.078262 76.636421 6.986733
v -70.574776 76.998886 7.264310
v -72.406036 76.178482 7.264310
v -68.812508 77.270050 7.264312
v -67.721313 76.364624 6.986733
v -67.291725 76.965439 7.264312
v -66.712669 75.605690 6.986733
v -66.837410 74.026291 6.891088
v -67.323853 75.041245 6.891088
v -68.197517 75.698616 6.891088
v -67.523758 73.618660 6.986733
v -67.935051 74.476799 6.986733
v -68.142929 73.250938 7.264312
v -68.486412 73.967613 7.264312
v -68.673721 75.032593 6.986733
v -69.103310 74.431778 7.264312
v -69.444229 73.954971 7.696649
v -69.933243 74.598007 7.264312
v -68.923973 73.563515 7.696649
v -68.949791 72.771751 8.241427
v -69.204910 73.304062 8.241427
v -68.634300 72.959114 7.696649
v -68.922707 72.103989 8.241427
v -68.603569 72.200935 7.696649
v -69.126350 71.366150 8.241427
v -68.834778 71.363174 7.696649
v -68.106476 72.351913 7.264312
v -68.380638 71.358543 7.264312
v -67.480118 72.542191 6.986733
v -69.305305 70.527863 7.696649
v -70.125366 69.968933 8.241427
v -69.540756 70.630463 8.241427
v -69.621887 70.665810 8.845319
v -70.179230 70.035149 8.845319
v -70.844269 69.536911 8.845319
v -70.125366 69.968933 9.449210
v -69.540756 70.630463 9.449210
v -69.126350 71.366150 9.449210
v -69.305305 70.527863 9.993989
v -68.834778 71.363174 9.993989
v -68.603569 72.200935 9.993989
v -68.380638 71.358543 10.426326
v -68.106476 72.351913 10.426326
v -68.142929 73.250938 10.426326
v -67.480118 72.542191 10.703904
v -67.523758 73.618660 10.703904
v -67.935051 74.476799 10.703904
v -66.837410 74.026291 10.799550
v -67.323853 75.041245 10.799550
v -68.197517 75.698616 10.799550
v -66.712669 75.605690 10.703904
v -67.721313 76.364624 10.703904
v -69.078262 76.636421 10.703904
v -67.291725 76.965439 10.426326
v -68.812508 77.270050 10.426326
v -70.574776 76.998886 10.426324
v -68.601601 77.772903 9.993989
v -70.514526 77.478561 9.993987
v -72.502342 76.588036 9.993987
v -70.475845 77.786537 9.449208
v -72.564171 76.850975 9.449208
v -68.466187 78.095757 9.449210
v -66.950798 77.442261 9.993989
v -66.731918 77.748390 9.449210
v -65.442810 76.778442 9.449210
v -65.723740 76.518982 9.993989
v -65.531891 74.801643 10.426326
v -66.161301 76.114891 10.426326
v -65.040520 75.093460 9.993989
v -65.465103 73.154251 10.426326
v -64.968025 73.305237 9.993989
v -64.725044 75.280830 9.449210
v -64.648880 73.402176 9.449210
v -64.616325 75.345398 8.845319
v -65.345993 76.867836 8.845319
v -64.725044 75.280830 8.241427
v -64.648880 73.402176 8.241427
v -64.968025 73.305237 7.696649
v -65.967484 71.333977 7.264312
v -65.513336 71.329353 7.696649
v -66.623093 69.359200 7.696649
v -65.221764 71.326385 8.241427
v -66.989838 69.519005 7.264312
v -68.738846 68.264130 6.986733
v -67.451942 69.720345 6.986733
v -68.432106 67.886971 7.264312
v -70.274452 67.113708 6.986733
v -68.188667 67.587654 7.696649
v -68.032372 67.395485 8.241427
v -66.387642 69.256615 8.241427
v -66.306503 69.221268 8.845319
v -65.121292 71.325348 8.845319
v -65.221764 71.326385 9.449210
v -64.538887 73.435585 8.845319
v -66.387642 69.256615 9.449210
v -68.188667 67.587654 9.993989
v -66.623100 69.359200 9.993989
v -68.032372 67.395485 9.449210
v -70.056793 66.188126 9.993989
v -69.994972 65.925171 9.449210
v -67.978516 67.329269 8.845319
v -69.973663 65.834579 8.845319
v -72.083305 64.989624 9.449210
v -72.044617 65.297592 9.993989
v -73.957558 65.003250 9.993987
v -75.267426 65.810715 10.426324
v -73.746635 65.506104 10.426324
v -75.608345 65.333893 9.993987
v -76.397850 66.661263 10.426324
v -76.835411 66.257172 9.993987
v -77.518616 67.682693 9.993987
v -77.027245 67.974503 10.426324
v -76.408073 68.342239 10.703902
v -77.094048 69.621910 10.426324
v -76.467682 69.812172 10.703902
v -75.385086 71.429901 10.799548
v -75.773338 70.023064 10.799548
v -76.019417 71.436356 10.703902
v -74.594948 72.832642 10.799548
v -75.107201 73.055824 10.703902
v -76.591660 71.442177 10.426324
v -75.569305 73.257164 10.426324
v -77.045807 71.446808 9.993987
v -77.591118 69.470917 9.993987
v -77.910271 69.373970 9.449208
v -77.834106 67.495316 9.449208
v -75.936035 73.416954 9.993987
v -74.127052 74.889191 10.426324
v -74.370468 75.188515 9.993987
v -72.406036 76.178482 10.426324
v -70.650711 76.394470 10.703902
v -72.284691 75.662453 10.703902
v -73.820297 74.512032 10.703902
v -70.734863 75.724457 10.799548
v -72.150185 75.090416 10.799548
v -70.819023 75.054443 10.703902
v -72.015663 74.518372 10.703902
v -73.480263 74.093948 10.799548
v -73.140251 73.675873 10.703902
v -72.833504 73.298714 10.426324
v -74.082695 72.609428 10.703902
v -71.894318 74.002319 10.426324
v -70.955200 73.970360 9.993989
v -71.798004 73.592789 9.993987
v -70.894951 74.450035 10.426326
v -70.144142 74.095154 9.993989
v -69.933243 74.598007 10.426326
v -69.444229 73.954971 9.993989
v -69.103310 74.431778 10.426326
v -69.667465 75.231644 10.703904
v -68.673721 75.032593 10.703904
v -69.372864 75.934021 10.799550
v -68.486412 73.967613 10.426326
v -68.634300 72.959114 9.993989
v -68.923973 73.563515 9.993989
v -69.204910 73.304062 9.449210
v -68.949791 72.771751 9.449210
v -69.032684 72.070580 8.845319
v -68.922707 72.103989 9.449210
v -69.058495 72.707191 8.845319
v -69.301720 73.214661 8.845319
v -69.738533 73.543335 8.845319
v -69.663109 73.648834 9.449210
v -69.663109 73.648834 8.241427
v -70.279564 73.772308 8.241427
v -70.144142 74.095154 7.696649
v -70.955200 73.970360 7.696649
v -70.894951 74.450035 7.264312
v -71.894318 74.002319 7.264310
v -71.798004 73.592789 7.696647
v -72.833504 73.298714 7.264310
v -73.140251 73.675873 6.986732
v -72.590073 72.999405 7.696647
v -72.433777 72.807228 8.241426
v -73.253838 72.248283 7.696647
v -71.736191 73.329842 8.241426
v -71.714890 73.239243 8.845317
v -71.007217 73.556259 8.845319
v -70.993889 73.662392 8.241427
v -70.326218 73.661057 8.845319
v -70.279564 73.772308 9.449210
v -70.993889 73.662392 9.449210
v -71.736191 73.329842 9.449208
v -72.433777 72.807228 9.449208
v -72.590073 72.999405 9.993987
v -73.253845 72.248283 9.993987
v -73.620575 72.408089 10.426324
v -74.178505 71.417618 10.426324
v -74.750740 71.423439 10.703902
v -75.079025 70.233971 10.703902
v -74.452667 70.424232 10.426324
v -75.035378 69.157494 10.703902
v -75.721733 68.749870 10.799548
v -75.235283 67.734901 10.799548
v -75.846481 67.170456 10.703902
v -74.837830 66.411537 10.703902
v -74.361633 67.077553 10.799548
v -73.480881 66.139732 10.703902
v -73.186272 66.842133 10.799548
v -71.908432 66.381699 10.703904
v -71.984360 65.777260 10.426326
v -70.153114 66.597656 10.426326
v -70.274452 67.113708 10.703904
v -68.432106 67.886971 10.426326
v -68.738846 68.264130 10.703904
v -66.989838 69.519005 10.426326
v -67.451942 69.720345 10.703904
v -65.967484 71.333977 10.426326
v -65.513336 71.329353 9.993989
v -66.539726 71.339806 10.703904
v -67.174049 71.346268 10.799550
v -66.091469 72.963997 10.703904
v -67.964188 69.943527 10.799550
v -69.418892 69.100281 10.703904
v -68.476448 70.166733 10.703904
v -69.078880 68.682205 10.799550
v -70.543480 68.257782 10.703904
v -70.408966 67.685745 10.799550
v -71.740120 67.721710 10.703904
v -71.824280 67.051704 10.799550
v -72.891678 67.544518 10.703904
v -73.455841 68.344376 10.426324
v -72.625908 68.178154 10.426326
v -73.885414 67.743561 10.703902
v -74.072731 68.808548 10.426324
v -74.624092 68.299355 10.703902
v -74.416214 69.525223 10.426324
v -73.924835 69.817055 9.993987
v -73.955574 70.575226 9.993987
v -73.636436 70.672173 9.449208
v -73.724365 71.412979 9.993987
v -73.432793 71.410004 9.449208
v -72.937263 72.110359 8.845317
v -73.018394 72.145706 9.449208
v -73.332329 71.408981 8.845317
v -73.526451 70.705574 8.845317
v -73.432793 71.410004 8.241426
v -73.636436 70.672173 8.241426
v -73.609360 70.004417 8.241426
v -73.955574 70.575226 7.696647
v -73.924835 69.817055 7.696647
v -73.635162 69.212646 7.696647
v -74.416214 69.525223 7.264310
v -74.072731 68.808548 7.264310
v -73.455841 68.344376 7.264310
v -74.624092 68.299355 6.986732
v -73.885414 67.743561 6.986732
v -72.891678 67.544518 6.986733
v -72.625908 68.178154 7.264312
v -71.740120 67.721710 6.986733
v -71.824280 67.051704 6.891088
v -70.408966 67.685745 6.891088
v -70.543480 68.257782 6.986733
v -69.078880 68.682205 6.891088
v -71.664200 68.326126 7.264312
v -72.415001 68.681000 7.696649
v -72.896027 69.127327 8.241426
v -73.114906 68.821198 7.696647
v -73.354240 69.472084 8.241426
v -73.500641 70.068970 8.845317
v -73.257431 69.561493 8.845317
v -72.896027 69.127327 9.449208
v -73.354240 69.472084 9.449208
v -73.609360 70.004417 9.449208
v -73.635162 69.212646 9.993987
v -73.114906 68.821198 9.993987
v -72.415001 68.681000 9.993989
v -71.603951 68.805809 9.993989
v -71.664200 68.326126 10.426326
v -70.664841 68.773834 10.426326
v -70.761139 69.183372 9.993989
v -69.725639 69.477440 10.426326
v -69.969063 69.776749 9.993989
v -68.938560 70.368080 10.426326
v -67.808395 71.352722 10.703904
v -66.785797 72.753090 10.799550
v -66.151054 74.433914 10.703904
v -70.822960 69.446312 9.449210
v -73.724365 71.412979 7.696647
v -73.018394 72.145706 8.241426
v -72.379929 72.741020 8.845317
v -69.226799 71.367165 8.845319
v -30.951078 39.283409 10.434447
v -30.951078 39.283409 7.256194
v -40.645229 29.989822 10.434447
v -39.063702 31.505997 12.023255
v -32.532593 37.767239 12.023255
v -30.646971 39.574947 13.917571
v -29.065453 41.091118 12.328765
v -31.535341 40.001789 10.434447
v -29.588131 41.733768 12.328765
v -29.588131 41.733768 8.845323
v -31.221306 40.281120 13.917571
v -30.535873 40.890785 15.209899
v -28.179802 43.011047 12.995572
v -28.179802 43.011047 8.845323
v -27.678810 42.395058 8.845323
v -27.678810 42.395058 4.695073
v -28.179802 43.011047 4.695073
v -29.588131 41.733768 5.361879
v -29.065453 41.091118 8.845323
v -33.168518 38.549137 5.667388
v -29.065453 41.091118 5.361879
v -31.535341 40.001789 7.256194
v -31.221304 40.281120 3.773071
v -30.535872 40.890785 2.480742
v -29.983225 40.211273 2.480742
v -41.555470 29.306839 2.456185
v -42.309937 30.234497 2.456185
v -45.002598 27.997047 4.638090
v -43.624172 29.249165 5.234586
v -41.652752 30.819042 3.705493
v -44.016579 26.784683 4.638090
v -42.657551 28.060650 5.234586
v -44.141560 26.669266 8.845321
v -44.016579 26.784683 13.052550
v -42.657551 28.060650 12.456056
v -42.532578 28.176067 8.845321
v -45.127575 27.881622 8.845321
v -43.499199 29.364578 8.845321
v -45.002598 27.997047 13.052550
v -43.624172 29.249165 12.456056
v -41.546124 31.097527 10.434447
v -41.652752 30.819042 13.985148
v -42.309937 30.234497 15.234456
v -41.555470 29.306839 15.234456
v -29.983225 40.211273 15.209901
v -27.678810 42.395058 12.995572
v -40.919064 29.916939 13.985148
v -39.912945 32.550179 12.023255
v -33.168518 38.549137 12.023255
v -41.546120 31.097538 7.256194
v -40.645214 29.989822 7.256194
v -39.912945 32.550179 5.667387
v -39.063702 31.505997 5.667387
v -40.919064 29.916939 3.705493
v -30.646969 39.574947 3.773071
v -32.532593 37.767239 5.667388
v -65.225807 -66.176697 14.123206
v -27.786840 -33.878777 12.365531
v -61.918221 -69.229515 13.217860
v -68.583092 -63.112419 13.384295
v -31.094429 -30.825951 13.270877
v -65.284134 -66.176704 11.787559
v -61.956013 -69.229515 11.704448
v -65.342453 -66.176697 9.451911
v -61.993805 -69.229515 10.191039
v -68.658684 -63.112427 10.357474
v -68.620895 -63.112427 11.870883
v -34.491146 -27.763405 11.018596
v -34.453358 -27.763409 12.532008
v -6.672377 1.010074 11.838260
v -6.710169 1.010075 10.324851
v -34.528942 -27.763409 9.505187
v -6.747962 1.010074 8.811442
v -3.436424 -2.059010 7.905993
v 26.308901 28.748959 7.163194
v 23.004648 31.825611 8.068458
v 23.042439 31.825611 9.581866
v 59.725986 69.858826 7.151454
v 59.763779 69.858833 8.664863
v 63.070065 66.763023 8.582297
v 63.011738 66.763023 6.246650
v 66.321259 63.669670 6.986756
v 29.640816 25.678799 7.902740
v 66.359047 63.669670 8.500167
v 66.396843 63.669678 10.013576
v 29.678608 25.678799 9.416148
v 29.716396 25.678795 10.929561
v -0.019703 -5.119642 11.672130
v -3.319772 -2.059010 12.577289
v 26.425550 28.748959 11.834487
v -0.057496 -5.119642 10.158717
v -27.824631 -33.878777 10.852118
v -0.095289 -5.119642 8.645308
v -27.862427 -33.878777 9.338710
v -31.211081 -30.825954 8.599582
v 23.080231 31.825607 11.095279
v 63.128384 66.763023 10.917949
v 59.801571 69.858833 10.178271
v 66.118881 62.845741 10.384490
v 36.224033 37.305786 12.233615
v 62.652996 66.122200 11.717101
v 38.723537 34.471687 11.068606
v 65.616425 63.294216 9.903266
v 66.229439 62.682587 8.503402
v 65.739304 63.131058 8.515643
v 38.834087 34.308533 9.187518
v 66.025124 62.845745 6.630179
v 65.547325 63.294216 7.135879
v 38.629784 34.471684 7.314296
v 38.151958 34.920143 7.819995
v 36.075249 37.305786 6.275496
v 62.497044 66.122200 5.472220
v 35.392921 38.049782 6.149066
v 35.417316 38.049992 7.136050
v 35.938667 37.453308 7.266440
v 34.892365 38.659153 7.295108
v 34.706978 38.806232 6.312087
v 59.015102 69.401146 6.805175
v 32.209480 41.637882 7.474566
v 32.711700 41.189640 7.955852
v 32.045780 41.856113 9.357036
v 32.535671 41.407875 9.344802
v 32.780807 41.189640 10.723239
v 34.991737 38.659157 11.274310
v 32.303234 41.637878 11.228992
v 34.855640 38.806236 12.265365
v 59.108860 69.401146 10.559600
v 35.523972 38.049988 11.406974
v 35.548866 38.049778 12.393943
v 36.038162 37.453308 11.250724
v 38.221066 34.920139 10.587382
v 38.343952 34.756989 9.199759
v 59.586426 68.952904 10.053847
v 58.851402 69.619377 8.687648
v 59.341297 69.171135 8.675414
v 59.517319 68.952911 7.286460
v 62.574764 66.122421 8.594665
v 62.521435 66.122421 6.459207
v 62.628094 66.122421 10.730128
v 70.710693 0.567016 0.000000
v -0.000001 71.277710 -0.000010
v -0.000001 56.223221 3.999991
v 55.656197 0.567016 4.000000
v -0.000001 -70.143600 0.000010
v 0.000003 -55.089081 4.000009
v -70.710701 0.567016 0.000000
v -55.656101 0.567016 4.000000
v 70.710693 0.567016 0.000000
v -0.000001 71.277710 -0.000010
v -0.000001 56.223221 -4.000008
v 55.656197 0.567016 -4.000000
v -0.000001 -70.143600 0.000010
v 0.000003 -55.089081 -3.999992
v -70.710701 0.567016 0.000000
v -55.656101 0.567016 -4.000000
vn 0.0156 -0.0824 0.9965
vn 0.0122 -0.0850 0.9963
vn -0.0389 -0.0381 0.9985
vn 0.0425 -0.0941 0.9947
vn 0.0129 0.0126 0.9998
vn -0.0361 -0.0312 0.9989
vn 0.0152 -0.0826 -0.9965
vn -0.0389 -0.0381 -0.9985
vn 0.0119 -0.0849 -0.9963
vn -0.0347 -0.0342 0.9988
vn -0.0398 -0.0391 0.9984
vn -0.0398 -0.0391 -0.9984
vn -0.0347 -0.0342 -0.9988
vn -0.0374 -0.0300 -0.9989
vn 0.0369 -0.0791 -0.9962
vn 0.0131 0.0123 -0.9998
vn 0.7105 0.7037 -0.0000
vn 0.0128 0.0128 -0.9998
vn -0.0353 -0.0350 -0.9988
vn 0.0277 0.0032 -0.9996
vn -0.0349 -0.0325 -0.9989
vn -0.0415 -0.0420 -0.9983
vn -0.0412 -0.0351 -0.9985
vn -0.0415 -0.0420 0.9983
vn -0.0349 -0.0325 0.9989
vn -0.0412 -0.0351 0.9985
vn -0.0353 -0.0349 0.9988
vn 0.0280 0.0029 0.9996
vn 0.0255 -0.0000 0.9997
vn 0.0129 0.0127 0.9998
vn 0.0139 -0.0773 -0.9969
vn 0.0352 -0.1506 0.9880
vn 0.1403 0.1289 0.9817
vn -0.1218 -0.1175 0.9856
vn -0.1041 -0.1228 0.9870
vn 0.1374 0.1312 0.9818
vn 0.1349 0.1419 0.9806
vn 0.8240 -0.5485 -0.1421
vn 0.8239 -0.5501 -0.1362
vn 0.8420 -0.5384 0.0334
vn -0.1116 -0.1088 0.9878
vn -0.1046 -0.1014 0.9893
vn -0.1646 -0.1483 0.9751
vn -0.8445 0.5345 -0.0341
vn -0.8442 0.5347 -0.0390
vn -0.8197 0.5499 -0.1604
vn -0.7179 -0.6961 0.0065
vn -0.8197 0.5499 0.1604
vn -0.1081 -0.0942 -0.9897
vn -0.8442 0.5347 0.0390
vn -0.1628 -0.1620 -0.9733
vn -0.1025 -0.0960 -0.9901
vn -0.1680 -0.1517 -0.9740
vn 0.8181 -0.5538 -0.1552
vn 0.6983 -0.7158 -0.0000
vn 0.8181 -0.5538 0.1552
vn -0.1747 -0.1523 0.9728
vn 0.8416 -0.5387 0.0381
vn 0.8416 -0.5387 -0.0381
vn 0.8420 -0.5384 -0.0334
vn 0.1489 0.1530 -0.9769
vn 0.8239 -0.5501 0.1362
vn -0.1037 -0.1176 -0.9876
vn 0.1359 0.1254 -0.9828
vn 0.1342 0.1421 -0.9807
vn -0.1189 -0.1140 -0.9863
vn 0.8240 -0.5485 0.1422
vn 0.1025 0.1344 0.9856
vn 0.7071 0.7071 -0.0000
vn 0.1465 0.1326 -0.9803
vn 0.7119 -0.7022 -0.0000
vn -0.7119 0.7022 -0.0000
vn -0.8260 0.5450 -0.1437
vn -0.8260 0.5450 0.1437
vn -0.8257 0.5468 0.1388
vn -0.8257 0.5468 -0.1388
vn -0.8445 0.5345 0.0341
vn -0.8259 0.5447 0.1455
vn 0.1244 0.1185 0.9851
vn 0.1807 0.1203 0.9761
vn 0.1228 0.1273 0.9842
vn 0.1326 0.0833 -0.9877
vn -0.7092 0.7050 -0.0000
vn 0.1376 0.1214 -0.9830
vn -0.8256 0.5466 0.1402
vn -0.8434 0.5362 -0.0338
vn -0.8431 0.5364 -0.0386
vn -0.1111 -0.1028 0.9885
vn -0.1199 -0.1154 0.9861
vn -0.8173 0.5546 -0.1563
vn -0.1729 -0.1518 0.9732
vn -0.1009 -0.0929 0.9905
vn -0.1043 -0.1136 0.9880
vn -0.7183 -0.6957 -0.0000
vn -0.8173 0.5546 0.1563
vn -0.1097 -0.0969 -0.9892
vn -0.1598 -0.2315 -0.9596
vn -0.8431 0.5364 0.0386
vn -0.8434 0.5362 0.0338
vn 0.1246 0.1194 -0.9850
vn -0.1164 -0.1112 -0.9870
vn -0.8256 0.5466 -0.1402
vn 0.1275 0.1213 -0.9844
vn -0.1033 -0.1064 -0.9889
vn 0.8138 -0.5667 0.1289
vn 0.8136 -0.5682 0.1232
vn 0.8286 -0.5590 -0.0297
vn -0.1063 -0.1044 -0.9888
vn 0.8283 -0.5592 -0.0339
vn 0.8060 -0.5761 -0.1360
vn 0.8060 -0.5761 0.1360
vn 0.6981 -0.7160 0.0031
vn -0.1798 -0.1580 -0.9709
vn -0.1748 -0.1587 0.9717
vn 0.8283 -0.5593 0.0340
vn 0.8286 -0.5590 0.0297
vn 0.8136 -0.5682 -0.1232
vn 0.1277 0.1220 0.9843
vn 0.8138 -0.5667 -0.1289
vn 0.7092 -0.7050 -0.0000
vn -0.8259 0.5447 -0.1454
vn -0.8041 0.5834 0.1140
vn -0.8039 0.5848 0.1083
vn -0.8103 0.5669 0.1483
vn 0.1225 0.1271 0.9843
vn 0.1288 0.0957 -0.9870
vn -0.8033 0.5850 -0.1119
vn -0.8038 0.5847 0.1096
vn -0.8168 0.5764 -0.0266
vn -0.8161 0.5773 -0.0274
vn -0.8171 0.5759 -0.0279
vn -0.8165 0.5765 -0.0304
vn -0.7933 0.5972 -0.1183
vn -0.7934 0.5978 -0.1151
vn -0.7177 -0.6964 0.0001
vn -0.7933 0.5972 0.1183
vn -0.8179 0.5747 0.0284
vn -0.7753 0.6282 0.0647
vn -0.8165 0.5765 0.0304
vn -0.8168 0.5764 0.0266
vn -0.8043 0.5843 -0.1085
vn -0.8170 0.5759 0.0279
vn -0.8038 0.5847 -0.1096
vn 0.1277 0.1217 -0.9843
vn -0.1040 -0.1140 -0.9880
vn 0.8090 -0.5751 0.1220
vn 0.8088 -0.5764 0.1165
vn 0.8228 -0.5677 -0.0281
vn -0.1053 -0.1043 -0.9890
vn 0.8225 -0.5679 -0.0322
vn -0.2032 -0.1806 -0.9623
vn 0.7974 -0.5909 -0.1222
vn 0.6984 -0.7157 -0.0000
vn 0.7974 -0.5909 0.1222
vn -0.2114 -0.1816 0.9604
vn -0.0980 -0.0912 0.9910
vn -0.1040 -0.1140 0.9880
vn 0.8228 -0.5677 0.0281
vn 0.8225 -0.5679 0.0321
vn 0.8088 -0.5764 -0.1165
vn 0.1292 0.1251 0.9837
vn 0.8090 -0.5751 -0.1220
vn -0.8041 0.5834 -0.1140
vn 0.1222 0.0890 -0.9885
vn 0.1261 0.0836 0.9885
vn 0.1162 0.0944 0.9887
vn 0.1151 0.1005 0.9883
vn 0.1256 0.0830 -0.9886
vn 0.0792 0.1320 0.9881
vn 0.0795 0.1322 -0.9880
vn 0.1156 0.1000 -0.9883
vn -0.1418 -0.0854 -0.9862
vn 0.1203 0.1101 -0.9866
vn 0.0886 0.1240 0.9883
vn 0.0839 0.1358 -0.9872
vn 0.0904 0.1221 -0.9884
vn -0.1792 -0.0927 -0.9794
vn -0.1257 -0.0985 -0.9872
vn -0.1567 -0.0643 -0.9855
vn 0.1064 0.1104 -0.9882
vn -0.1264 -0.0991 0.9870
vn -0.1457 -0.0741 0.9865
vn 0.0819 0.1377 0.9871
vn 0.1064 0.1104 0.9882
vn 0.1170 0.0906 0.9890
vn 0.1160 0.0906 -0.9891
vn -0.1691 -0.1037 0.9801
vn -0.1393 -0.0883 0.9863
vn -0.1298 -0.1439 0.9810
vn 0.1203 0.1100 0.9866
vn -0.1152 -0.0928 0.9890
vn -0.1274 -0.1466 -0.9810
vn -0.1147 -0.0922 -0.9891
vn -0.0023 0.0028 1.0000
vn 0.0144 -0.0123 0.9998
vn 0.0012 -0.0030 1.0000
vn -0.0002 0.0010 1.0000
vn 0.7268 0.6868 -0.0093
vn 0.7365 0.6764 0.0065
vn 0.7066 -0.7076 -0.0001
vn -0.0002 0.0010 -1.0000
vn 0.7088 -0.7053 0.0041
vn -0.0596 -0.0521 0.9969
vn -0.0657 -0.0388 0.9971
vn -0.7365 -0.6764 -0.0091
vn -0.1557 0.9724 0.1739
vn 0.1911 0.9654 0.1776
vn 0.1898 0.9605 0.2036
vn 0.2014 0.9620 0.1846
vn 0.1846 0.9625 -0.1990
vn -0.1520 0.9762 0.1548
vn -0.1557 0.9724 -0.1739
vn -0.4037 0.9010 -0.1592
vn -0.1355 0.8659 -0.4815
vn -0.3687 0.8198 -0.4382
vn -0.2957 0.6638 -0.6869
vn -0.5425 0.7292 -0.4171
vn -0.4486 0.6015 -0.6610
vn -0.5628 0.5018 -0.6568
vn -0.3019 0.4066 -0.8623
vn -0.3820 0.3399 -0.8594
vn -0.1428 0.1264 -0.9816
vn -0.4290 0.2455 -0.8693
vn -0.1587 0.0887 -0.9833
vn -0.1591 0.0433 -0.9863
vn 0.1414 -0.0431 -0.9890
vn 0.1392 -0.0805 -0.9870
vn 0.1284 0.0017 -0.9917
vn 0.4312 -0.1250 -0.8936
vn 0.4013 0.0097 -0.9159
vn 0.6570 0.0198 -0.7536
vn 0.3280 0.1487 -0.9329
vn 0.5522 0.2572 -0.7930
vn 0.3605 0.4744 -0.8031
vn 0.7579 0.3571 -0.5459
vn 0.5023 0.6611 -0.5574
vn 0.1664 0.8354 -0.5238
vn 0.1910 0.9653 0.1780
vn 0.5879 0.7849 0.1956
vn 0.1274 0.6188 -0.7752
vn -0.1347 0.8717 -0.4712
vn -0.1518 0.9762 0.1552
vn -0.1019 0.6763 -0.7295
vn -0.3692 0.8246 -0.4287
vn -0.4054 0.9036 0.1385
vn -0.2953 0.6632 -0.6877
vn -0.5474 0.7323 -0.4051
vn -0.5942 0.7938 0.1298
vn -0.6853 0.6079 -0.4010
vn -0.7436 0.6556 0.1316
vn -0.4466 0.6046 -0.6596
vn -0.5474 0.7324 0.4050
vn -0.6853 0.6079 0.4011
vn -0.8616 0.4903 0.1314
vn -0.7910 0.4481 0.4166
vn -0.9524 0.2683 0.1447
vn -0.7910 0.4518 -0.4125
vn -0.5630 0.5050 -0.6543
vn -0.8595 0.2404 -0.4511
vn -0.6432 0.3696 -0.6705
vn -0.3719 0.3358 -0.8654
vn -0.4190 0.2400 -0.8757
vn -0.6787 0.1913 -0.7091
vn -0.4306 0.1240 -0.8940
vn -0.6548 -0.0224 -0.7555
vn -0.8666 -0.0291 -0.4982
vn -0.7543 -0.3600 -0.5491
vn -0.8853 -0.4242 0.1906
vn -0.9847 -0.0387 0.1698
vn -0.5517 -0.2576 -0.7933
vn -0.1660 -0.8367 -0.5219
vn -0.1942 -0.9647 0.1781
vn -0.1660 -0.8367 0.5219
vn -0.7594 -0.3560 0.5446
vn -0.1950 -0.9651 0.1745
vn -0.1665 -0.8354 0.5239
vn 0.1490 -0.9770 0.1523
vn -0.1719 -0.8363 -0.5207
vn 0.1343 -0.8720 -0.4708
vn -0.1244 -0.6186 -0.7758
vn -0.1309 -0.6194 -0.7741
vn -0.0724 -0.3717 -0.9255
vn -0.0790 -0.3687 -0.9262
vn 0.1025 -0.6760 -0.7297
vn 0.2953 -0.6633 -0.6877
vn 0.3678 -0.8261 -0.4270
vn 0.0590 -0.4206 -0.9053
vn 0.0172 -0.1338 -0.9909
vn 0.1885 -0.4275 -0.8842
vn -0.0270 -0.1143 -0.9931
vn 0.0276 0.1351 -0.9905
vn -0.0224 -0.1168 -0.9929
vn 0.0257 0.1360 -0.9904
vn 0.1157 0.0560 -0.9917
vn -0.1056 -0.0431 -0.9935
vn -0.3270 -0.1493 -0.9331
vn -0.1284 -0.0018 -0.9917
vn 0.1444 0.0066 -0.9895
vn 0.4098 0.0143 -0.9121
vn 0.4407 -0.1250 -0.8889
vn 0.1593 -0.0445 -0.9862
vn 0.6438 -0.3648 -0.6727
vn 0.4290 -0.2454 -0.8693
vn 0.6791 -0.1913 -0.7087
vn 0.5643 -0.5011 -0.6561
vn 0.3802 -0.3411 -0.8597
vn 0.1587 -0.0887 -0.9833
vn -0.1394 0.0821 -0.9868
vn 0.1426 -0.1265 -0.9817
vn -0.1414 0.0431 -0.9890
vn -0.4013 -0.0097 -0.9159
vn -0.1245 0.1110 -0.9860
vn 0.1133 -0.1514 -0.9819
vn -0.0980 0.1313 -0.9865
vn 0.0730 -0.1619 -0.9841
vn -0.2936 0.3971 -0.8695
vn -0.0598 0.1402 -0.9883
vn 0.0640 -0.4324 -0.8994
vn 0.0237 -0.1564 -0.9874
vn 0.1927 -0.4391 -0.8775
vn -0.0791 -0.3809 -0.9212
vn -0.0257 -0.1360 -0.9904
vn -0.0191 0.1337 -0.9908
vn -0.0616 0.4197 -0.9056
vn 0.0270 0.1143 -0.9931
vn -0.1885 0.4275 -0.8841
vn 0.0792 0.3687 -0.9262
vn 0.0689 0.0835 -0.9941
vn 0.2159 0.2745 -0.9370
vn 0.1035 0.0450 -0.9936
vn -0.1445 -0.0065 -0.9895
vn -0.1139 -0.0585 -0.9918
vn -0.4097 -0.0143 -0.9121
vn -0.0731 -0.1025 -0.9920
vn -0.3337 -0.1571 -0.9295
vn -0.6554 -0.0244 -0.7549
vn -0.5494 -0.2614 -0.7936
vn -0.2186 -0.2852 -0.9332
vn -0.3605 -0.4756 -0.8024
vn -0.4917 -0.6582 -0.5701
vn -0.1279 -0.6177 -0.7759
vn -0.7481 -0.3554 -0.5605
vn -0.9816 -0.0441 -0.1858
vn -0.8584 -0.0316 -0.5121
vn -0.8806 -0.4222 -0.2150
vn -0.9520 0.2598 -0.1622
vn -0.8543 0.2395 -0.4614
vn -0.8629 0.4834 -0.1471
vn -0.7863 0.4470 -0.4265
vn -0.6803 0.1887 -0.7082
vn -0.4411 0.1226 -0.8891
vn -0.6425 0.3661 -0.6732
vn -0.6840 0.6041 -0.4089
vn -0.5958 0.7901 -0.1437
vn -0.7434 0.6537 -0.1412
vn -0.7446 0.6539 0.1339
vn -0.5945 0.7936 0.1298
vn -0.4058 0.9034 0.1384
vn -0.5924 0.7919 0.1480
vn -0.7434 0.6537 0.1412
vn -0.8630 0.4834 0.1470
vn -0.7863 0.4470 0.4265
vn -0.6818 0.6053 0.4108
vn -0.8566 0.2354 0.4591
vn -0.6421 0.3665 0.6734
vn -0.6791 0.1914 0.7087
vn -0.4408 0.1240 0.8890
vn -0.6552 -0.0214 0.7551
vn -0.4095 -0.0155 0.9122
vn -0.3330 -0.1587 0.9295
vn -0.1437 -0.0081 0.9896
vn -0.1139 -0.0585 0.9918
vn 0.1056 0.0431 0.9935
vn -0.0753 -0.1006 0.9921
vn 0.0702 0.0828 0.9941
vn 0.0259 0.1146 0.9931
vn 0.0791 0.3687 0.9262
vn 0.2147 0.2750 0.9372
vn -0.0616 0.4197 0.9056
vn 0.1276 0.6188 0.7751
vn -0.1021 0.6762 0.7296
vn -0.1344 0.8719 0.4710
vn -0.2953 0.6633 0.6877
vn -0.3694 0.8244 0.4289
vn 0.1681 0.8357 0.5229
vn 0.3630 0.4738 0.8024
vn 0.4998 0.6617 0.5588
vn 0.5546 0.2558 0.7919
vn 0.7594 0.3560 0.5446
vn 0.4013 0.0096 0.9159
vn 0.6557 0.0213 0.7547
vn 0.3255 0.1504 0.9335
vn 0.4307 -0.1240 0.8940
vn 0.6791 -0.1922 0.7085
vn 0.8653 0.0312 0.5003
vn 0.8606 -0.2441 0.4471
vn 0.9849 0.0380 0.1691
vn 0.8856 0.4237 0.1902
vn 0.8673 0.0280 -0.4970
vn 0.8596 -0.2406 -0.4508
vn 0.6808 -0.1956 -0.7059
vn 0.4199 -0.2434 -0.8743
vn 0.6423 -0.3655 -0.6736
vn 0.3719 -0.3336 -0.8663
vn 0.7910 -0.4507 -0.4137
vn 0.5630 -0.5021 -0.6564
vn 0.0963 -0.1335 -0.9864
vn 0.2943 -0.3954 -0.8701
vn 0.1244 -0.1111 -0.9860
vn 0.0596 -0.1403 -0.9883
vn 0.4473 -0.6024 -0.6611
vn 0.5466 -0.7340 -0.4031
vn 0.6848 -0.6100 -0.3987
vn 0.8625 -0.4878 0.1348
vn 0.7422 -0.6578 0.1284
vn 0.9524 -0.2683 0.1447
vn 0.7909 -0.4483 0.4164
vn 0.6846 -0.6111 0.3974
vn 0.4478 -0.6008 0.6622
vn 0.5471 -0.7329 0.4043
vn 0.5631 -0.5012 0.6570
vn 0.2953 -0.6633 0.6877
vn 0.3685 -0.8253 0.4279
vn 0.5944 -0.7936 0.1301
vn 0.4052 -0.9037 0.1382
vn 0.1342 -0.8720 0.4708
vn 0.1019 -0.6763 0.7295
vn -0.1309 -0.6194 0.7741
vn -0.0717 -0.3725 0.9253
vn -0.1219 -0.6212 0.7741
vn -0.0775 -0.3688 0.9263
vn -0.3287 -0.1482 0.9327
vn -0.5511 -0.2579 0.7936
vn -0.6584 -0.0182 0.7524
vn -0.4013 -0.0096 0.9159
vn -0.1297 0.0001 0.9916
vn -0.1415 0.0434 0.9890
vn -0.4319 0.1263 0.8931
vn 0.1584 -0.0902 0.9832
vn -0.1392 0.0811 0.9869
vn 0.1592 -0.0437 0.9863
vn 0.1419 -0.1277 0.9816
vn -0.1241 0.1126 0.9859
vn -0.4190 0.2399 0.8757
vn -0.3719 0.3358 0.8654
vn -0.6423 0.3655 0.6736
vn -0.6791 0.1923 0.7084
vn -0.8596 0.2406 0.4508
vn -0.8653 -0.0312 0.5003
vn -0.5630 0.5021 0.6564
vn -0.2941 0.3958 0.8700
vn -0.4473 0.6023 0.6612
vn -0.1868 0.4293 0.8837
vn -0.0184 0.1338 0.9908
vn -0.0604 0.1400 0.9883
vn 0.0237 -0.1564 0.9874
vn -0.0968 0.1327 0.9864
vn 0.0709 -0.1621 0.9842
vn 0.0638 -0.4323 0.8995
vn 0.1944 -0.4393 0.8770
vn 0.1127 -0.1517 0.9820
vn 0.2998 -0.4071 0.8628
vn 0.3820 -0.3399 0.8594
vn 0.4454 -0.6020 0.6627
vn 0.2956 -0.6638 0.6870
vn 0.1316 -0.8648 0.4846
vn 0.1026 -0.6767 0.7291
vn 0.3651 -0.8197 0.4412
vn -0.1662 -0.8272 0.5367
vn -0.1260 -0.6192 0.7750
vn -0.4936 -0.6555 0.5716
vn -0.3610 -0.4748 0.8027
vn -0.0778 -0.3818 0.9210
vn -0.2183 -0.2855 0.9332
vn -0.0257 -0.1360 0.9904
vn -0.5494 -0.2614 0.7936
vn -0.8585 -0.0322 0.5118
vn -0.7477 -0.3570 0.5599
vn -0.8806 -0.4222 0.2150
vn -0.9816 -0.0442 0.1857
vn -0.9526 0.2654 0.1487
vn -0.9499 0.2646 0.1666
vn -0.9848 -0.0378 0.1696
vn -0.8853 -0.4240 0.1911
vn -0.5797 -0.7854 0.2170
vn -0.5882 -0.7847 0.1955
vn -0.5797 -0.7854 -0.2170
vn -0.1916 -0.9598 -0.2052
vn -0.1627 -0.8296 -0.5341
vn 0.1316 -0.8648 -0.4846
vn 0.1027 -0.6768 -0.7290
vn 0.2940 -0.6636 -0.6879
vn 0.3646 -0.8197 -0.4417
vn 0.4470 -0.6017 -0.6619
vn 0.3019 -0.4066 -0.8623
vn 0.5464 -0.7282 -0.4136
vn 0.5958 -0.7901 -0.1437
vn 0.6811 -0.6057 -0.4114
vn 0.4046 -0.9007 -0.1581
vn 0.4093 -0.9011 0.1430
vn 0.1522 -0.9761 0.1550
vn 0.1508 -0.9723 -0.1786
vn -0.1843 -0.9656 0.1832
vn -0.1905 -0.9602 0.2043
vn 0.1557 -0.9724 0.1739
vn 0.4078 -0.8999 0.1546
vn 0.5958 -0.7901 0.1437
vn 0.5430 -0.7291 0.4166
vn 0.6842 -0.6040 0.4087
vn 0.5619 -0.5023 0.6573
vn 0.6423 -0.3663 0.6733
vn 0.4290 -0.2455 0.8693
vn 0.4411 -0.1226 0.8891
vn 0.6788 -0.1920 0.7088
vn 0.4095 0.0160 0.9122
vn 0.1437 0.0081 0.9896
vn 0.1151 0.0568 0.9917
vn -0.1056 -0.0431 0.9935
vn -0.0201 -0.1188 0.9927
vn 0.0275 0.1351 0.9905
vn -0.0254 -0.1148 0.9931
vn 0.0269 0.1354 0.9904
vn 0.0191 -0.1338 0.9908
vn 0.0615 -0.4196 0.9056
vn 0.1885 -0.4275 0.8841
vn 0.0604 -0.1400 0.9883
vn 0.2936 -0.3971 0.8696
vn 0.0968 -0.1327 0.9864
vn 0.3719 -0.3338 0.8662
vn 0.1240 -0.1127 0.9859
vn 0.4195 -0.2418 0.8750
vn 0.6423 -0.3655 0.6736
vn 0.1392 -0.0806 0.9870
vn 0.1414 -0.0431 0.9890
vn -0.1584 0.0902 0.9832
vn -0.1429 0.1262 0.9816
vn -0.2998 0.4071 0.8628
vn -0.1133 0.1514 0.9820
vn -0.3815 0.3402 0.8595
vn -0.1927 0.4391 0.8775
vn -0.0729 0.1620 0.9841
vn -0.0639 0.4323 0.8994
vn -0.0249 0.1567 0.9873
vn 0.0791 0.3809 0.9212
vn 0.1187 0.6221 0.7739
vn 0.0739 0.3843 0.9203
vn 0.1279 0.6177 0.7759
vn 0.5495 0.2609 0.7937
vn 0.3339 0.1568 0.9295
vn 0.6554 0.0238 0.7549
vn 0.8585 0.0322 0.5118
vn 0.8563 -0.2360 0.4594
vn 0.9498 -0.2646 0.1666
vn 0.8629 -0.4834 0.1471
vn 0.7891 -0.4443 0.4241
vn 0.7425 -0.6573 0.1290
vn 0.7407 -0.6560 0.1450
vn 0.8624 -0.4879 0.1350
vn 0.8630 -0.4833 -0.1471
vn 0.9526 -0.2652 0.1489
vn 0.9520 -0.2596 -0.1620
vn 0.9808 0.0365 -0.1914
vn 0.8566 -0.2354 -0.4591
vn 0.8593 0.0367 -0.5101
vn 0.7477 0.3570 -0.5598
vn 0.5490 0.2627 -0.7935
vn 0.6554 0.0234 -0.7549
vn 0.1220 0.6219 -0.7735
vn 0.0734 0.3844 -0.9202
vn 0.3330 0.1586 -0.9295
vn 0.0791 0.3808 -0.9212
vn 0.1262 0.6191 -0.7751
vn -0.0641 0.4324 -0.8994
vn -0.0230 0.1562 -0.9875
vn -0.0725 0.1620 -0.9841
vn -0.1927 0.4391 -0.8775
vn -0.1133 0.1514 -0.9820
vn -0.1024 0.6766 -0.7292
vn 0.1656 0.8276 -0.5363
vn 0.1864 0.9601 -0.2086
vn 0.1628 0.8284 -0.5360
vn 0.8809 0.4213 -0.2157
vn 0.9832 0.0448 0.1767
vn 0.8853 0.4240 0.1911
vn 0.1879 0.9600 0.2075
vn 0.8809 0.4213 0.2157
vn 0.1628 0.8284 0.5360
vn 0.9809 0.0376 0.1906
vn 0.7479 0.3561 0.5602
vn 0.1627 0.8296 0.5341
vn -0.1355 0.8659 0.4815
vn -0.1010 0.6760 0.7300
vn -0.2957 0.6638 0.6869
vn -0.3652 0.8197 0.4412
vn -0.4486 0.6015 0.6610
vn -0.5433 0.7290 0.4163
vn -0.5646 0.5009 0.6559
vn -0.4290 0.2455 0.8693
vn -0.1591 0.0433 0.9863
vn 0.1298 -0.0003 0.9915
vn -0.4034 0.9010 0.1595
vn 0.7863 -0.4469 -0.4265
vn 0.7434 -0.6537 -0.1412
vn 0.5972 -0.7907 0.1346
vn -0.8624 0.4878 0.1351
vn 0.6845 -0.7290 -0.0037
vn 0.6829 -0.7305 0.0090
vn 0.7617 0.6471 -0.0344
vn 0.6934 -0.7206 0.0037
vn 0.6774 -0.7355 0.0152
vn 0.6957 -0.7182 0.0115
vn 0.6972 -0.7169 -0.0009
vn 0.6851 -0.7284 -0.0064
vn 0.4251 0.3386 -0.8394
vn -0.4804 -0.4293 0.7648
vn 0.7724 0.6352 -0.0001
vn -0.7685 -0.6398 -0.0000
vn 0.4442 0.3824 0.8102
vn 0.5053 0.3666 0.7812
vn 0.6807 -0.7326 -0.0001
vn 0.6837 -0.7297 0.0062
vn 0.4646 0.3662 -0.8062
vn 0.4652 0.4051 0.7871
vn 0.6827 -0.7307 -0.0002
vn 0.6886 -0.7251 0.0090
vn 0.0108 -0.0019 -0.9999
vn -0.4473 -0.3795 -0.8099
vn 0.7623 0.6459 0.0410
vn 0.4512 0.4295 -0.7823
vn 0.6872 -0.7265 -0.0013
vn 0.7217 -0.6915 -0.0297
vn -0.4259 -0.3406 -0.8382
vn -0.4915 -0.4082 0.7693
vn -0.4209 -0.3962 -0.8160
vn 0.6918 -0.7210 -0.0394
vn 0.4781 0.4092 -0.7772
vn 0.7141 -0.6993 -0.0335
vn 0.6820 -0.7313 0.0005
vn 0.6899 -0.7233 0.0300
vn -0.7648 -0.6432 0.0375
vn 0.7141 -0.6993 0.0333
vn 0.6800 -0.7332 -0.0012
vn 0.7719 0.6343 0.0421
vn -0.4134 -0.3589 0.8369
vn -0.4669 -0.4013 -0.7880
vn -0.7705 -0.6357 -0.0469
vn 0.4997 0.4140 0.7609
vn -0.4697 -0.3396 0.8149
vn 0.7220 -0.6913 0.0293
vn 0.6875 -0.7261 0.0015
vn 0.6856 -0.7278 -0.0127
vn 0.6664 -0.7443 0.0440
vn -0.0143 -0.0242 0.9996
vn 0.0106 -0.0066 0.9999
vn -0.7797 -0.6261 0.0028
vn 0.6923 -0.7216 -0.0065
vn 0.0441 -0.0075 -0.9990
vn 0.6872 -0.7265 -0.0087
vn 0.6642 -0.7468 -0.0335
vn 0.6957 -0.7183 -0.0059
vn 0.6862 -0.7274 -0.0050
vn -0.1437 0.1623 0.9762
vn 0.0668 -0.0477 0.9966
vn 0.1534 -0.1245 0.9803
vn -0.6759 -0.7368 0.0169
vn -0.6756 -0.7370 0.0169
vn -0.1174 0.1255 0.9851
vn 0.1408 -0.1439 -0.9795
vn 0.7178 -0.6961 -0.0180
vn -0.7177 0.6962 0.0126
vn -0.1671 0.1340 -0.9768
vn 0.1323 -0.1662 -0.9772
vn -0.7191 0.6947 0.0180
vn -0.1207 0.1320 0.9839
vn -0.1188 0.1352 0.9837
vn -0.1735 0.1381 -0.9751
vn -0.1705 0.1400 -0.9754
vn -0.1746 0.1401 -0.9746
vn 0.1436 -0.1636 -0.9760
vn 0.1431 -0.1637 -0.9761
vn -0.1762 0.1452 -0.9736
vn -0.7183 0.6955 0.0180
vn 0.6829 0.7303 -0.0170
vn 0.1763 -0.1648 -0.9705
vn 0.1182 -0.1268 -0.9849
vn 0.6831 0.7300 -0.0220
vn 0.1182 -0.1378 -0.9834
vn 0.1727 -0.1410 0.9748
vn 0.1713 -0.1494 0.9738
vn 0.7191 -0.6947 -0.0180
vn 0.1710 -0.1416 0.9751
vn 0.1915 -0.1635 0.9678
vn 0.1927 -0.1627 0.9677
vn 0.1216 -0.1328 -0.9837
vn -0.1920 0.1621 -0.9679
vn 0.1181 -0.1377 -0.9834
vn -0.1213 0.1367 0.9832
vn -0.1248 0.1321 0.9833
vn 0.2040 -0.1566 0.9664
vn 0.1829 -0.1651 0.9692
vn 0.2536 -0.2174 0.9426
vn 0.1855 -0.1314 0.9738
vn 0.2680 -0.2052 0.9413
vn 0.6836 0.7295 -0.0220
vn 0.6718 0.7397 -0.0396
vn 0.6840 0.7294 -0.0120
vn 0.6884 0.7252 -0.0136
vn 0.7220 -0.6808 -0.1231
vn 0.2063 -0.2103 -0.9556
vn 0.1521 -0.1691 -0.9738
vn -0.7618 -0.6466 -0.0404
vn 0.1384 -0.1618 -0.9771
vn 0.1827 -0.1741 -0.9676
vn 0.2020 -0.2295 -0.9521
vn -0.7430 -0.6693 0.0058
vn -0.7400 -0.6725 0.0090
vn -0.2533 0.2042 -0.9456
vn -0.7338 -0.6745 0.0806
vn -0.2332 0.2076 -0.9500
vn -0.2283 0.1987 -0.9531
vn -0.7592 -0.6463 0.0770
vn -0.6710 -0.7290 0.1355
vn -0.6784 -0.7341 0.0297
vn -0.7622 -0.6462 -0.0394
vn -0.7369 -0.6745 -0.0437
vn -0.1836 0.1757 0.9672
vn -0.1848 0.1996 0.9623
vn -0.1431 0.1870 0.9719
vn -0.7423 -0.6693 0.0313
vn 0.2439 -0.2306 0.9420
vn -0.7396 -0.6725 0.0281
vn -0.7588 -0.6467 0.0774
vn -0.6788 -0.7343 0.0075
vn 0.6816 0.7316 -0.0131
vn -0.7304 0.6775 -0.0869
vn 0.6761 0.7363 -0.0295
vn 0.6814 0.7316 -0.0209
vn 0.6835 0.7297 -0.0219
vn 0.6826 0.7307 -0.0111
vn 0.6826 0.7305 -0.0231
vn 0.2487 0.2487 0.9361
vn 0.1519 -0.0216 0.9882
vn 0.2682 -0.0226 0.9631
vn 0.0198 0.0443 0.9988
vn 0.1510 -0.2704 0.9508
vn 0.2435 -0.0395 0.9691
vn -0.0703 -0.1913 0.9790
vn -0.2396 -0.0166 0.9707
vn -0.1519 0.0216 0.9882
vn 0.0064 0.2417 0.9703
vn 0.2396 0.0166 -0.9707
vn 0.0703 0.1913 -0.9790
vn -0.1510 0.2704 -0.9508
vn 0.1625 -0.0320 -0.9862
vn 0.1510 -0.2704 -0.9508
vn -0.0743 -0.1790 -0.9810
vn -0.2396 -0.0166 -0.9707
vn -0.1519 0.0216 -0.9882
vt 0.107206 0.126139
vt 0.120724 0.130467
vt 0.105420 0.280867
vt 0.133243 0.117527
vt 0.131710 0.280248
vt 0.109447 0.280769
vt 0.108334 0.433213
vt 0.104408 0.433283
vt 0.130273 0.432834
vt 0.128734 0.596241
vt 0.107360 0.596476
vt 0.126915 0.789310
vt 0.104898 0.789455
vt 0.103633 0.596516
vt 0.100849 0.789474
vt 0.134084 0.101583
vt 0.258982 0.247322
vt 0.251933 0.252655
vt 0.250175 0.247337
vt 0.261008 0.252640
vt 0.265429 0.247084
vt 0.265407 0.246570
vt 0.258990 0.246570
vt 0.250199 0.246570
vt 0.246225 0.252664
vt 0.244090 0.247376
vt 0.238550 0.252883
vt 0.251959 0.253430
vt 0.246219 0.253430
vt 0.238594 0.253430
vt 0.233804 0.252968
vt 0.237820 0.247060
vt 0.237841 0.246570
vt 0.233804 0.247101
vt 0.244097 0.246570
vt 0.266014 0.252979
vt 0.266949 0.247057
vt 0.270116 0.246570
vt 0.270116 0.253430
vt 0.266029 0.253430
vt 0.261006 0.253430
vt 0.266247 0.215219
vt 0.258756 0.214505
vt 0.266286 0.214836
vt 0.265590 0.207645
vt 0.270370 0.215219
vt 0.258749 0.215219
vt 0.252222 0.215219
vt 0.243899 0.215219
vt 0.243905 0.214498
vt 0.252243 0.214516
vt 0.238338 0.215219
vt 0.238350 0.214683
vt 0.241771 0.207971
vt 0.250315 0.207925
vt 0.233550 0.214770
vt 0.256298 0.207895
vt 0.265515 0.207216
vt 0.256297 0.207216
vt 0.250295 0.207216
vt 0.241776 0.207216
vt 0.237588 0.207216
vt 0.233550 0.207720
vt 0.237624 0.207676
vt 0.270370 0.207216
vt 0.266335 0.174243
vt 0.256457 0.173355
vt 0.266455 0.173667
vt 0.265914 0.168477
vt 0.270455 0.174243
vt 0.256356 0.174243
vt 0.252101 0.174243
vt 0.241829 0.173417
vt 0.252175 0.173389
vt 0.241815 0.174243
vt 0.238093 0.174243
vt 0.238184 0.173638
vt 0.233465 0.173728
vt 0.254806 0.168728
vt 0.250965 0.168722
vt 0.265778 0.167862
vt 0.254795 0.167862
vt 0.250900 0.167862
vt 0.240393 0.168702
vt 0.240387 0.167862
vt 0.237656 0.168408
vt 0.237541 0.167862
vt 0.233465 0.168435
vt 0.270455 0.167862
vt 0.209314 0.266409
vt 0.209730 0.315848
vt 0.195508 0.315848
vt 0.209557 0.164442
vt 0.195267 0.165012
vt 0.194608 0.265960
vt 0.209599 0.129334
vt 0.195420 0.129627
vt 0.181899 0.165324
vt 0.181887 0.123004
vt 0.181858 0.129404
vt 0.195464 0.123004
vt 0.209592 0.123004
vt 0.182149 0.265836
vt 0.181702 0.315848
vt 0.197891 0.405946
vt 0.201128 0.456143
vt 0.176731 0.405216
vt 0.178963 0.456564
vt 0.154745 0.406090
vt 0.155904 0.455927
vt 0.256771 0.428383
vt 0.259881 0.428341
vt 0.258251 0.430199
vt 0.261194 0.429197
vt 0.258898 0.427118
vt 0.255922 0.426200
vt 0.254726 0.429605
vt 0.253601 0.426731
vt 0.251251 0.427264
vt 0.253418 0.423648
vt 0.251018 0.423429
vt 0.251982 0.419711
vt 0.248566 0.423199
vt 0.249721 0.418734
vt 0.247423 0.417736
vt 0.252199 0.414844
vt 0.250322 0.413185
vt 0.254485 0.409752
vt 0.253198 0.407571
vt 0.248424 0.411508
vt 0.258955 0.405302
vt 0.251898 0.405374
vt 0.258398 0.402810
vt 0.257832 0.400302
vt 0.265371 0.402381
vt 0.265609 0.399821
vt 0.273153 0.401767
vt 0.265844 0.397241
vt 0.274175 0.399386
vt 0.281434 0.404001
vt 0.283157 0.402036
vt 0.275206 0.396985
vt 0.279727 0.405950
vt 0.286912 0.410634
vt 0.289157 0.409297
vt 0.284686 0.411959
vt 0.290072 0.418634
vt 0.292620 0.418057
vt 0.287545 0.419207
vt 0.290605 0.427219
vt 0.293207 0.427458
vt 0.288460 0.435548
vt 0.290861 0.436579
vt 0.288026 0.426983
vt 0.285812 0.444530
vt 0.283847 0.442808
vt 0.278553 0.450532
vt 0.286080 0.434527
vt 0.277216 0.448287
vt 0.281898 0.441101
vt 0.283718 0.433510
vt 0.279966 0.439404
vt 0.275890 0.446061
vt 0.274577 0.443851
vt 0.268643 0.448922
vt 0.269216 0.451449
vt 0.260631 0.451983
vt 0.260392 0.454585
vt 0.269793 0.453997
vt 0.260866 0.449403
vt 0.252300 0.449838
vt 0.251269 0.452239
vt 0.243318 0.447188
vt 0.245041 0.445223
vt 0.237318 0.439927
vt 0.239563 0.438590
vt 0.253322 0.447457
vt 0.246748 0.443274
vt 0.254339 0.445095
vt 0.248445 0.441342
vt 0.241789 0.437265
vt 0.238929 0.430018
vt 0.236403 0.430590
vt 0.244000 0.435952
vt 0.246197 0.434652
vt 0.241438 0.429452
vt 0.250133 0.439427
vt 0.256361 0.440429
vt 0.255352 0.442752
vt 0.251810 0.437530
vt 0.261585 0.441780
vt 0.261343 0.444301
vt 0.261103 0.446843
vt 0.267520 0.443922
vt 0.266970 0.441450
vt 0.266427 0.439006
vt 0.270718 0.437315
vt 0.271990 0.439472
vt 0.272428 0.432753
vt 0.274276 0.434381
vt 0.269463 0.435196
vt 0.274492 0.429513
vt 0.276754 0.430490
vt 0.276153 0.436039
vt 0.278051 0.437716
vt 0.279051 0.431488
vt 0.273277 0.441653
vt 0.268077 0.446414
vt 0.281374 0.432496
vt 0.280402 0.426264
vt 0.282923 0.426506
vt 0.280073 0.420879
vt 0.285465 0.426746
vt 0.282545 0.420329
vt 0.275939 0.417130
vt 0.278096 0.415858
vt 0.277627 0.421422
vt 0.273006 0.413571
vt 0.274664 0.411694
vt 0.280277 0.414572
vt 0.282475 0.413272
vt 0.276342 0.409797
vt 0.285037 0.419772
vt 0.278030 0.407882
vt 0.271123 0.406472
vt 0.272136 0.404129
vt 0.265132 0.404923
vt 0.259504 0.407774
vt 0.264890 0.407444
vt 0.260048 0.410219
vt 0.270114 0.408795
vt 0.264651 0.409937
vt 0.260586 0.412622
vt 0.264421 0.412388
vt 0.269116 0.411092
vt 0.268140 0.413352
vt 0.267190 0.415567
vt 0.271378 0.415419
vt 0.264202 0.414787
vt 0.261651 0.417291
vt 0.261120 0.414971
vt 0.263990 0.417158
vt 0.259468 0.418141
vt 0.258245 0.416099
vt 0.257655 0.419625
vt 0.255860 0.418059
vt 0.257012 0.414029
vt 0.255757 0.411910
vt 0.254047 0.416472
vt 0.254196 0.420660
vt 0.255789 0.423860
vt 0.256386 0.421595
vt 0.258659 0.422569
vt 0.258251 0.424084
vt 0.258332 0.425651
vt 0.250585 0.403163
vt 0.257259 0.397776
vt 0.249259 0.400937
vt 0.256682 0.395227
vt 0.266083 0.394639
vt 0.246509 0.409820
vt 0.244576 0.408123
vt 0.242757 0.415714
vt 0.242628 0.406416
vt 0.240395 0.414697
vt 0.243551 0.422718
vt 0.241009 0.422478
vt 0.245100 0.416727
vt 0.243930 0.428895
vt 0.238449 0.422241
vt 0.235869 0.422005
vt 0.238014 0.413675
vt 0.240663 0.404693
vt 0.235613 0.412644
vt 0.247922 0.398692
vt 0.233267 0.421766
vt 0.233854 0.431167
vt 0.277908 0.426025
vt 0.275455 0.425795
vt 0.275224 0.421960
vt 0.271749 0.419618
vt 0.273819 0.418385
vt 0.272873 0.422494
vt 0.269791 0.417231
vt 0.260737 0.420263
vt 0.262201 0.419700
vt 0.263767 0.419619
vt 0.266255 0.417756
vt 0.265280 0.420028
vt 0.268225 0.419024
vt 0.273055 0.425576
vt 0.270682 0.425363
vt 0.272277 0.428564
vt 0.270552 0.423024
vt 0.268140 0.423569
vt 0.267581 0.422103
vt 0.269706 0.420839
vt 0.266597 0.420883
vt 0.246073 0.422960
vt 0.248847 0.427802
vt 0.246402 0.428345
vt 0.250537 0.432093
vt 0.248379 0.433366
vt 0.253469 0.435653
vt 0.258335 0.435872
vt 0.257358 0.438132
vt 0.255097 0.433805
vt 0.262054 0.436836
vt 0.261824 0.439287
vt 0.265889 0.436603
vt 0.265355 0.434254
vt 0.268230 0.433127
vt 0.267007 0.431085
vt 0.268821 0.429601
vt 0.270615 0.431166
vt 0.267813 0.426659
vt 0.270087 0.427629
vt 0.266959 0.427976
vt 0.265740 0.428962
vt 0.264824 0.431933
vt 0.262273 0.434437
vt 0.252656 0.430839
vt 0.256685 0.431992
vt 0.260220 0.431469
vt 0.259285 0.433658
vt 0.262485 0.432066
vt 0.264275 0.429522
vt 0.262708 0.429605
vt 0.268216 0.425138
vt 0.259517 0.421255
vt 0.225287 0.520149
vt 0.197621 0.520921
vt 0.227524 0.606221
vt 0.240828 0.592444
vt 0.239034 0.533467
vt 0.256125 0.517531
vt 0.240908 0.502492
vt 0.209804 0.483307
vt 0.210139 0.494954
vt 0.267247 0.511473
vt 0.248269 0.491153
vt 0.172296 0.493582
vt 0.180262 0.504208
vt 0.184396 0.534812
vt 0.166698 0.520572
vt 0.155167 0.515012
vt 0.157715 0.614972
vt 0.183329 0.625754
vt 0.176885 0.636931
vt 0.168431 0.608924
vt 0.214774 0.645918
vt 0.252180 0.635288
vt 0.245413 0.624496
vt 0.214688 0.632459
vt 0.258819 0.606523
vt 0.269923 0.612207
vt 0.199819 0.606855
vt 0.186065 0.593685
vt 0.043396 0.312939
vt 0.046229 0.124665
vt 0.060973 0.313139
vt 0.063360 0.125297
vt 0.046912 0.115493
vt 0.029063 0.124526
vt 0.069440 0.124157
vt 0.023061 0.123522
vt 0.019391 0.312595
vt 0.025762 0.312692
vt 0.024422 0.466235
vt 0.018062 0.466210
vt 0.024433 0.630607
vt 0.042071 0.630427
vt 0.042029 0.466244
vt 0.018061 0.630643
vt 0.025648 0.832779
vt 0.019598 0.834002
vt 0.042453 0.842105
vt 0.042844 0.832932
vt 0.059983 0.832533
vt 0.066047 0.833363
vt 0.059648 0.630299
vt 0.066008 0.630305
vt 0.059583 0.466248
vt 0.065943 0.466271
vt 0.067332 0.313195
vt 0.052765 0.890501
vt 0.051985 0.875296
vt 0.203357 0.879345
vt 0.202846 0.897774
vt 0.205443 0.880440
vt 0.204563 0.871759
vt 0.208287 0.875459
vt 0.051786 0.867428
vt 0.049462 0.875837
vt 0.053034 0.894387
vt 0.048978 0.894655
vt 0.048519 0.890684
vt 0.053300 0.898330
vt 0.049077 0.898845
vt 0.202805 0.916298
vt 0.054689 0.913540
vt 0.052030 0.912906
vt 0.054281 0.921496
vt 0.051732 0.920213
vt 0.049045 0.868859
vt 0.204846 0.915310
vt 0.203927 0.923902
vt 0.208203 0.920347
vt 0.215067 0.898135
vt 0.206652 0.897742
vt 0.581791 0.773294
vt 0.390294 0.966117
vt 0.390264 0.923540
vt 0.539213 0.773325
vt 0.388967 0.581798
vt 0.388998 0.624375
vt 0.197471 0.774621
vt 0.240049 0.774590
s 1
usemtl initialShadingGroup.007
f 1415/772/1108 1414/773/1109 1419/774/1110
f 1415/772/1108 1416/775/1111 1414/773/1109
f 1414/773/1109 1416/775/1111 1417/776/1112
f 1414/773/1109 1417/776/1112 1418/777/1113
f 1418/777/1113 1419/774/1110 1414/773/1109
f 1415/772/1114 1419/774/1115 1424/773/1116
f 1418/777/1113 1420/778/1117 1419/774/1110
f 1419/774/1110 1420/778/1117 1421/779/1118
f 1421/779/1119 1422/778/1120 1419/774/1115
f 1419/774/1115 1422/778/1120 1423/777/1121
f 1424/773/1116 1419/774/1115 1423/777/1121
f 1425/775/1122 1415/772/1114 1424/773/1116
f 1426/776/1123 1424/773/1116 1423/777/1121
f 1426/776/1123 1425/775/1122 1424/773/1116
f 1428/780/1124 1427/776/1124 1426/776/1123
f 1426/776/1123 1427/776/1124 1425/775/1122
f 1429/780/1125 1428/780/1124 1426/776/1123
f 1426/776/1123 1423/777/1121 1429/780/1125
f 1430/781/1124 1428/780/1124 1429/780/1125
f 1431/781/1125 1430/781/1124 1429/780/1125
f 1429/780/1125 1422/778/1120 1431/781/1125
f 1429/780/1125 1423/777/1121 1422/778/1120
f 1431/781/1125 1433/782/1126 1432/783/1127
f 1430/781/1124 1431/781/1125 1432/783/1127
f 1431/781/1125 1422/778/1120 1433/782/1126
f 1432/783/1127 1433/782/1126 1435/784/1128
f 1434/785/1129 1433/782/1126 1421/779/1119
f 1433/782/1126 1434/785/1129 1435/784/1128
f 1421/779/1119 1433/782/1126 1422/778/1120
f 1435/784/1128 1434/785/1129 1436/786/1130
f 1434/785/1131 1437/784/1132 1436/786/1133
f 1439/782/1134 1438/783/1135 1437/784/1132
f 1439/782/1134 1437/784/1132 1434/785/1131
f 1420/778/1117 1440/781/1136 1439/782/1134
f 1440/781/1136 1438/783/1135 1439/782/1134
f 1420/778/1117 1439/782/1134 1421/779/1118
f 1421/779/1118 1439/782/1134 1434/785/1131
f 1430/781/1124 1438/783/1135 1440/781/1136
f 1441/780/1137 1440/781/1136 1420/778/1117
f 1440/781/1136 1441/780/1137 1430/781/1124
f 1441/780/1137 1417/776/1112 1428/780/1124
f 1417/776/1112 1441/780/1137 1418/777/1113
f 1418/777/1113 1441/780/1137 1420/778/1117
f 1430/781/1124 1441/780/1137 1428/780/1124
f 1442/783/1124 1438/783/1135 1430/781/1124
f 1442/783/1124 1430/781/1124 1432/783/1127
f 1428/780/1124 1417/776/1112 1427/776/1124
f 1427/776/1124 1416/775/1111 1425/775/1122
f 1417/776/1112 1416/775/1111 1427/776/1124
f 1443/787/1138 1415/772/1114 1425/775/1122
f 1416/775/1111 1443/787/1138 1425/775/1122
f 1443/787/1139 1416/775/1139 1415/772/1139
f 1444/788/1140 1445/789/1141 1451/790/1142
f 1444/788/1140 1446/791/1143 1445/789/1141
f 1446/791/1143 1444/788/1140 1447/792/1144
f 1444/788/1140 1448/793/1145 1447/792/1144
f 1444/788/1140 1450/794/1146 1448/793/1145
f 1449/795/1147 1444/788/1140 1451/790/1142
f 1449/795/1147 1450/794/1146 1444/788/1140
f 1453/796/1148 1452/797/1149 1451/790/1142
f 1452/797/1149 1449/795/1147 1451/790/1142
f 1453/796/1148 1451/790/1142 1445/789/1141
f 1452/797/1149 1453/796/1148 1455/798/1150
f 1454/799/1151 1453/796/1148 1445/789/1141
f 1454/799/1151 1457/800/1152 1453/796/1148
f 1453/796/1148 1456/801/1153 1455/798/1150
f 1453/796/1148 1457/800/1152 1456/801/1153
f 1458/802/1154 1456/801/1153 1459/801/1155
f 1456/801/1153 1458/802/1154 1455/798/1150
f 1461/796/1156 1459/801/1155 1460/800/1157
f 1459/801/1155 1462/798/1158 1458/802/1154
f 1461/796/1156 1462/798/1158 1459/801/1155
f 1463/797/1159 1462/798/1158 1461/796/1156
f 1463/797/1159 1464/803/1160 1462/798/1158
f 1464/803/1160 1458/802/1154 1462/798/1158
f 1465/804/1161 1466/805/1162 1464/803/1160
f 1465/804/1161 1464/803/1160 1463/797/1159
f 1466/805/1162 1455/798/1150 1464/803/1160
f 1455/798/1150 1458/802/1154 1464/803/1160
f 1467/804/1163 1468/803/1164 1466/805/1162
f 1465/804/1161 1467/804/1163 1466/805/1162
f 1468/803/1164 1455/798/1150 1466/805/1162
f 1467/804/1163 1452/797/1149 1468/803/1164
f 1452/797/1149 1455/798/1150 1468/803/1164
f 1467/804/1163 1469/806/1165 1452/797/1149
f 1452/797/1149 1469/806/1165 1449/795/1147
f 1465/804/1161 1463/797/1159 1470/806/1166
f 1463/797/1159 1471/795/1167 1470/806/1166
f 1471/795/1167 1474/788/1168 1472/794/1169
f 1463/797/1159 1473/790/1170 1471/795/1167
f 1471/795/1167 1473/790/1170 1474/788/1168
f 1475/791/1171 1478/792/1172 1474/788/1168
f 1474/788/1168 1476/789/1173 1475/791/1171
f 1474/788/1168 1473/790/1170 1476/789/1173
f 1474/788/1168 1477/793/1174 1472/794/1169
f 1474/788/1168 1478/792/1172 1477/793/1174
f 1478/792/1172 1479/807/1175 1481/808/1176
f 1479/807/1175 1478/792/1172 1480/807/1177
f 1475/791/1171 1480/807/1177 1478/792/1172
f 1478/792/1172 1481/808/1178 1482/809/1178
f 1482/809/1178 1477/793/1174 1478/792/1172
f 1482/809/1178 1447/792/1144 1448/793/1145
f 1483/808/1178 1482/809/1178 1481/808/1178
f 1447/792/1144 1482/809/1178 1483/808/1178
f 1479/807/1175 1483/808/1176 1481/808/1176
f 1447/792/1144 1483/808/1176 1479/807/1175
f 1485/810/1179 1479/807/1175 1480/807/1177
f 1484/811/1180 1480/807/1177 1475/791/1171
f 1484/811/1180 1485/810/1179 1480/807/1177
f 1486/811/1181 1479/807/1175 1485/810/1179
f 1486/811/1181 1446/791/1143 1479/807/1175
f 1486/811/1181 1487/812/1182 1446/791/1143
f 1446/791/1143 1487/812/1182 1454/799/1151
f 1484/811/1180 1475/791/1171 1488/812/1183
f 1475/791/1171 1489/799/1184 1488/812/1183
f 1489/799/1184 1461/796/1156 1460/800/1157
f 1475/791/1171 1476/789/1173 1489/799/1184
f 1489/799/1184 1476/789/1173 1461/796/1156
f 1446/791/1143 1447/792/1144 1479/807/1175
f 1461/796/1156 1476/789/1173 1473/790/1170
f 1461/796/1156 1473/790/1170 1463/797/1159
f 1446/791/1143 1454/799/1151 1445/789/1141
f 1496/813/1185 1491/814/1186 1490/815/1187
f 1491/814/1186 1492/816/1188 1490/815/1187
f 1490/815/1187 1492/816/1188 1495/816/1189
f 1496/813/1185 1490/815/1187 1493/817/1190
f 1493/817/1190 1490/815/1187 1494/815/1191
f 1490/815/1187 1495/816/1189 1494/815/1191
f 1496/813/1185 1497/818/1192 1491/814/1186
f 1491/814/1186 1497/818/1192 1498/819/1193
f 1498/819/1193 1499/820/1194 1501/821/1195
f 1491/814/1186 1498/819/1193 1500/822/1196
f 1498/819/1193 1501/821/1195 1500/822/1196
f 1501/821/1195 1505/823/1197 1502/824/1198
f 1503/825/1199 1501/821/1195 1502/824/1198
f 1501/821/1195 1503/825/1199 1504/826/1200
f 1501/821/1195 1504/826/1200 1500/822/1196
f 1501/821/1195 1499/820/1194 1505/823/1197
f 1505/823/1197 1506/827/1201 1502/824/1198
f 1506/827/1201 1505/823/1197 1507/823/1202
f 1508/821/1203 1509/824/1204 1507/823/1202
f 1508/821/1203 1507/823/1202 1510/820/1205
f 1507/823/1202 1509/824/1204 1506/827/1201
f 1511/819/1206 1508/821/1203 1510/820/1205
f 1512/814/1207 1514/822/1208 1511/819/1206
f 1512/814/1207 1511/819/1206 1513/818/1209
f 1511/819/1206 1514/822/1208 1508/821/1203
f 1516/828/1210 1514/822/1208 1512/814/1207
f 1516/828/1210 1515/826/1211 1514/822/1208
f 1508/821/1203 1514/822/1208 1515/826/1211
f 1512/814/1207 1495/816/1189 1516/828/1210
f 1516/828/1210 1495/816/1189 1517/829/1212
f 1516/828/1210 1517/829/1212 1519/830/1213
f 1518/831/1214 1516/828/1210 1519/830/1213
f 1518/831/1214 1515/826/1211 1516/828/1210
f 1520/825/1215 1518/831/1214 1521/832/1216
f 1520/825/1215 1515/826/1211 1518/831/1214
f 1522/833/1217 1520/825/1215 1521/832/1216
f 1522/833/1217 1523/833/1218 1524/834/1219
f 1522/833/1217 1525/835/1220 1520/825/1215
f 1522/833/1217 1524/834/1219 1525/835/1220
f 1502/824/1198 1506/827/1201 1525/835/1220
f 1524/834/1219 1502/824/1198 1525/835/1220
f 1520/825/1215 1525/835/1220 1509/824/1204
f 1525/835/1220 1506/827/1201 1509/824/1204
f 1526/835/1221 1502/824/1198 1524/834/1219
f 1523/833/1218 1526/835/1221 1524/834/1219
f 1523/833/1218 1503/825/1199 1526/835/1221
f 1503/825/1199 1502/824/1198 1526/835/1221
f 1523/833/1218 1527/832/1222 1503/825/1199
f 1503/825/1199 1527/832/1222 1528/831/1223
f 1528/831/1223 1530/830/1224 1529/828/1225
f 1528/831/1223 1529/828/1225 1504/826/1200
f 1503/825/1199 1528/831/1223 1504/826/1200
f 1529/828/1225 1530/830/1224 1531/829/1226
f 1529/828/1225 1531/829/1226 1492/816/1188
f 1532/836/1227 1492/816/1188 1531/829/1226
f 1532/836/1227 1517/829/1212 1495/816/1189
f 1492/816/1188 1532/836/1227 1495/816/1189
f 1529/828/1225 1500/822/1196 1504/826/1200
f 1529/828/1225 1491/814/1186 1500/822/1196
f 1491/814/1186 1529/828/1225 1492/816/1188
f 1508/821/1203 1515/826/1211 1520/825/1215
f 1520/825/1215 1509/824/1204 1508/821/1203
f 1533/813/1228 1512/814/1207 1513/818/1209
f 1533/813/1228 1494/815/1191 1512/814/1207
f 1533/813/1228 1493/817/1190 1494/815/1191
f 1512/814/1207 1494/815/1191 1495/816/1189
f 1540/837/1229 1535/838/1230 1534/839/1231
f 1535/838/1230 1536/840/1232 1534/839/1231
f 1534/839/1231 1536/840/1232 1539/840/1233
f 1540/837/1229 1534/839/1231 1537/841/1190
f 1537/841/1190 1534/839/1231 1538/839/1234
f 1534/839/1231 1539/840/1233 1538/839/1234
f 1540/837/1229 1541/842/1235 1535/838/1230
f 1535/838/1230 1541/842/1235 1542/843/1236
f 1542/843/1236 1543/844/1237 1544/845/1238
f 1542/843/1236 1545/846/1239 1543/844/1237
f 1535/838/1230 1542/843/1236 1544/845/1238
f 1543/844/1237 1545/846/1239 1546/847/1240
f 1543/844/1237 1546/847/1240 1547/848/1241
f 1546/847/1240 1548/849/1242 1547/848/1241
f 1548/849/1242 1546/847/1240 1549/847/1243
f 1550/844/1244 1551/848/1245 1549/847/1243
f 1550/844/1244 1549/847/1243 1552/846/1246
f 1549/847/1243 1551/848/1245 1548/849/1242
f 1553/843/1247 1550/844/1244 1552/846/1246
f 1554/838/1248 1556/845/1249 1553/843/1247
f 1554/838/1248 1553/843/1247 1555/842/1250
f 1553/843/1247 1556/845/1249 1550/844/1244
f 1558/850/1251 1556/845/1249 1554/838/1248
f 1550/844/1244 1556/845/1249 1557/851/1252
f 1558/850/1251 1557/851/1252 1556/845/1249
f 1554/838/1248 1539/840/1233 1558/850/1251
f 1558/850/1251 1559/852/1253 1561/853/1254
f 1558/850/1251 1539/840/1233 1559/852/1253
f 1560/854/1255 1558/850/1251 1561/853/1254
f 1560/854/1255 1557/851/1252 1558/850/1251
f 1563/855/1256 1560/854/1255 1562/856/1257
f 1563/855/1256 1557/851/1252 1560/854/1255
f 1550/844/1244 1557/851/1252 1563/855/1256
f 1563/855/1256 1551/848/1245 1550/844/1244
f 1563/855/1256 1565/857/1258 1551/848/1245
f 1564/858/1259 1563/855/1256 1562/856/1257
f 1564/858/1259 1565/857/1258 1563/855/1256
f 1564/858/1259 1566/859/1260 1565/857/1258
f 1547/848/1241 1548/849/1242 1565/857/1258
f 1566/859/1260 1547/848/1241 1565/857/1258
f 1565/857/1258 1548/849/1242 1551/848/1245
f 1564/858/1259 1567/858/1261 1566/859/1260
f 1567/858/1261 1568/857/1262 1566/859/1260
f 1568/857/1262 1547/848/1241 1566/859/1260
f 1569/855/1263 1547/848/1241 1568/857/1262
f 1567/858/1261 1569/855/1263 1568/857/1262
f 1543/844/1237 1569/855/1263 1570/851/1264
f 1569/855/1263 1543/844/1237 1547/848/1241
f 1569/855/1263 1571/854/1265 1570/851/1264
f 1569/855/1263 1572/856/1266 1571/854/1265
f 1567/858/1261 1572/856/1266 1569/855/1263
f 1571/854/1265 1574/853/1267 1573/850/1268
f 1571/854/1265 1573/850/1268 1570/851/1264
f 1573/850/1268 1574/853/1267 1575/852/1269
f 1573/850/1268 1575/852/1269 1536/840/1232
f 1576/860/1227 1536/840/1232 1575/852/1269
f 1576/860/1227 1559/852/1253 1539/840/1233
f 1536/840/1232 1576/860/1227 1539/840/1233
f 1573/850/1268 1544/845/1238 1570/851/1264
f 1573/850/1268 1535/838/1230 1544/845/1238
f 1535/838/1230 1573/850/1268 1536/840/1232
f 1543/844/1237 1570/851/1264 1544/845/1238
f 1577/837/1270 1554/838/1248 1555/842/1250
f 1577/837/1270 1538/839/1234 1554/838/1248
f 1577/837/1270 1537/841/1190 1538/839/1234
f 1554/838/1248 1538/839/1234 1539/840/1233
f 1582/861/1271 1578/862/1272 1579/861/1273
f 1578/862/1272 1580/863/1274 1579/861/1273
f 1581/862/1275 1578/862/1272 1582/861/1271
f 1582/861/1271 1583/864/1276 1587/864/1277
f 1579/861/1273 1583/864/1276 1582/861/1271
f 1581/862/1275 1582/861/1271 1585/863/1278
f 1582/861/1271 1584/865/1279 1586/866/1280
f 1587/864/1277 1584/865/1279 1582/861/1271
f 1585/863/1278 1582/861/1271 1586/866/1280
f 1583/864/1276 1589/867/1281 1587/864/1277
f 1590/868/1282 1587/864/1277 1588/867/1283
f 1587/864/1277 1589/867/1281 1588/867/1283
f 1584/865/1279 1587/864/1277 1590/868/1282
f 1590/868/1282 1592/869/1284 1584/865/1279
f 1590/868/1282 1594/870/1285 1591/871/1286
f 1591/871/1286 1592/869/1284 1590/868/1282
f 1593/872/1287 1594/870/1285 1590/868/1282
f 1588/867/1283 1593/872/1287 1590/868/1282
f 1594/870/1285 1595/870/1288 1591/871/1286
f 1591/871/1286 1595/870/1288 1597/871/1289
f 1596/868/1290 1595/870/1288 1598/872/1291
f 1597/871/1289 1595/870/1288 1596/868/1290
f 1596/868/1290 1598/872/1291 1589/867/1281
f 1589/867/1281 1598/872/1291 1599/873/1292
f 1589/867/1281 1599/873/1292 1588/867/1283
f 1588/867/1283 1599/873/1292 1600/873/1293
f 1600/873/1293 1593/872/1287 1588/867/1283
f 1597/871/1289 1596/868/1290 1601/869/1294
f 1597/871/1289 1601/869/1294 1591/871/1286
f 1601/869/1294 1596/868/1290 1603/865/1295
f 1591/871/1286 1601/869/1294 1592/869/1284
f 1601/869/1294 1602/874/1296 1592/869/1284
f 1601/869/1294 1604/866/1297 1602/874/1296
f 1603/865/1295 1604/866/1297 1601/869/1294
f 1580/863/1274 1602/874/1296 1604/866/1297
f 1579/861/1273 1580/863/1274 1604/866/1297
f 1603/865/1295 1579/861/1273 1604/866/1297
f 1583/864/1276 1579/861/1273 1603/865/1295
f 1596/868/1290 1583/864/1276 1603/865/1295
f 1602/874/1296 1605/875/1298 1606/874/1299
f 1605/875/1298 1602/874/1296 1580/863/1274
f 1592/869/1284 1602/874/1296 1606/874/1299
f 1585/863/1278 1606/874/1299 1607/875/1300
f 1606/874/1299 1605/875/1298 1607/875/1300
f 1606/874/1299 1586/866/1280 1592/869/1284
f 1586/866/1280 1606/874/1299 1585/863/1278
f 1589/867/1281 1583/864/1276 1596/868/1290
f 1592/869/1284 1586/866/1280 1584/865/1279
f 1611/876/1301 1608/877/1302 1609/878/1303
f 1608/877/1302 1610/879/1304 1609/878/1303
f 1613/876/1305 1608/877/1302 1611/876/1301
f 1612/877/1306 1608/877/1302 1613/876/1305
f 1613/876/1305 1614/878/1307 1612/877/1306
f 1613/876/1305 1609/878/1303 1614/878/1307
f 1611/876/1301 1609/878/1303 1613/876/1305
f 1612/877/1306 1614/878/1307 1615/879/1308
f 1614/878/1307 1616/880/1309 1615/879/1308
f 1614/878/1307 1617/880/1310 1616/880/1309
f 1609/878/1303 1617/880/1310 1614/878/1307
f 1609/878/1303 1610/879/1304 1617/880/1310
f 1610/879/1304 1618/881/1311 1617/880/1310
f 1617/880/1310 1618/881/1311 1616/880/1309
f 1616/880/1309 1618/881/1311 1619/881/1312
f 1615/879/1308 1616/880/1309 1619/881/1312
f 1624/882/1313 1620/883/1314 1621/884/1315
f 1620/883/1314 1622/885/1316 1621/884/1315
f 1620/883/1314 1625/884/1317 1622/885/1316
f 1623/886/1318 1626/882/1319 1620/883/1314
f 1623/886/1318 1620/883/1314 1624/882/1313
f 1620/883/1314 1626/882/1319 1625/884/1317
f 1623/886/1318 1627/887/1320 1626/882/1319
f 1626/882/1319 1628/888/1321 1625/884/1317
f 1627/887/1320 1629/889/1322 1626/882/1319
f 1626/882/1319 1629/889/1322 1628/888/1321
f 1629/889/1322 1631/890/1323 1628/888/1321
f 1630/891/1324 1632/892/1325 1629/889/1322
f 1627/887/1320 1630/891/1324 1629/889/1322
f 1629/889/1322 1632/892/1325 1631/890/1323
f 1630/891/1324 1633/893/1326 1632/892/1325
f 1632/892/1325 1634/894/1327 1631/890/1323
f 1633/893/1326 1635/895/1328 1632/892/1325
f 1632/892/1325 1635/895/1328 1634/894/1327
f 1635/895/1328 1637/896/1329 1634/894/1327
f 1636/897/1330 1638/898/1331 1635/895/1328
f 1633/893/1326 1636/897/1330 1635/895/1328
f 1635/895/1328 1638/898/1331 1637/896/1329
f 1639/899/1332 1641/900/1333 1638/898/1331
f 1636/897/1330 1639/899/1332 1638/898/1331
f 1638/898/1331 1641/900/1333 1640/901/1334
f 1638/898/1331 1640/901/1334 1637/896/1329
f 1639/899/1332 1642/902/1335 1641/900/1333
f 1641/900/1333 1643/903/1336 1640/901/1334
f 1642/902/1335 1644/904/1337 1641/900/1333
f 1641/900/1333 1644/904/1337 1643/903/1336
f 1644/904/1337 1646/905/1338 1643/903/1336
f 1645/906/1339 1647/907/1340 1644/904/1337
f 1642/902/1335 1645/906/1339 1644/904/1337
f 1644/904/1337 1647/907/1340 1646/905/1338
f 1645/906/1339 1648/908/1341 1647/907/1340
f 1647/907/1340 1649/909/1342 1646/905/1338
f 1648/908/1341 1650/910/1343 1647/907/1340
f 1647/907/1340 1650/910/1343 1649/909/1342
f 1648/908/1341 1653/911/1344 1650/910/1343
f 1650/910/1343 1652/912/1345 1651/913/1346
f 1650/910/1343 1651/913/1346 1649/909/1342
f 1653/911/1344 1652/912/1345 1650/910/1343
f 1654/914/1347 1653/911/1344 1648/908/1341
f 1654/914/1347 1656/915/1348 1653/911/1344
f 1653/911/1344 1655/916/1349 1652/912/1345
f 1656/915/1348 1655/916/1349 1653/911/1344
f 1657/917/1350 1656/915/1348 1654/914/1347
f 1657/917/1350 1659/918/1351 1656/915/1348
f 1656/915/1348 1658/919/1352 1655/916/1349
f 1659/918/1351 1658/919/1352 1656/915/1348
f 1660/920/1353 1659/918/1351 1657/917/1350
f 1660/920/1353 1662/921/1354 1659/918/1351
f 1659/918/1351 1661/922/1355 1658/919/1352
f 1662/921/1354 1661/922/1355 1659/918/1351
f 1663/923/1356 1665/924/1357 1662/921/1354
f 1664/925/1358 1663/923/1356 1662/921/1354
f 1664/925/1358 1662/921/1354 1660/920/1353
f 1662/921/1354 1665/924/1357 1661/922/1355
f 1665/924/1357 1666/921/1359 1661/922/1355
f 1667/923/1360 1666/921/1359 1665/924/1357
f 1668/926/1361 1667/923/1360 1665/924/1357
f 1663/923/1356 1668/926/1361 1665/924/1357
f 1669/927/1362 1667/923/1360 1668/926/1361
f 1670/928/1363 1669/927/1362 1668/926/1361
f 1671/927/1364 1670/928/1363 1668/926/1361
f 1671/927/1364 1668/926/1361 1663/923/1356
f 1673/929/1365 1671/927/1364 1663/923/1356
f 1672/930/1366 1670/928/1363 1671/927/1364
f 1674/931/1367 1672/930/1366 1671/927/1364
f 1674/931/1367 1671/927/1364 1673/929/1365
f 1675/932/1368 1674/931/1367 1673/929/1365
f 1676/933/1369 1674/931/1367 1675/932/1368
f 1676/933/1369 1677/934/1370 1674/931/1367
f 1677/934/1370 1672/930/1366 1674/931/1367
f 1678/935/1371 1677/934/1370 1676/933/1369
f 1678/935/1371 1679/936/1372 1677/934/1370
f 1679/936/1372 1680/937/1373 1677/934/1370
f 1677/934/1370 1680/937/1373 1672/930/1366
f 1679/936/1372 1683/938/1374 1680/937/1373
f 1680/937/1373 1682/939/1375 1681/940/1376
f 1680/937/1373 1681/940/1376 1672/930/1366
f 1683/938/1374 1682/939/1375 1680/937/1373
f 1684/941/1377 1683/938/1374 1679/936/1372
f 1684/941/1377 1685/942/1378 1683/938/1374
f 1683/938/1374 1686/943/1379 1682/939/1375
f 1685/942/1378 1686/943/1379 1683/938/1374
f 1687/942/1380 1688/938/1381 1686/943/1379
f 1689/944/1382 1687/942/1380 1686/943/1379
f 1686/943/1379 1688/938/1381 1682/939/1375
f 1685/942/1378 1689/944/1382 1686/943/1379
f 1690/945/1383 1687/942/1380 1689/944/1382
f 1691/946/1384 1690/945/1383 1689/944/1382
f 1692/945/1385 1691/946/1384 1689/944/1382
f 1692/945/1385 1689/944/1382 1685/942/1378
f 1693/947/1386 1691/946/1384 1692/945/1385
f 1694/948/1387 1692/945/1385 1685/942/1378
f 1695/949/1388 1693/947/1386 1692/945/1385
f 1695/949/1388 1692/945/1385 1694/948/1387
f 1696/950/1389 1695/949/1388 1694/948/1387
f 1697/951/1390 1695/949/1388 1696/950/1389
f 1697/951/1390 1698/952/1391 1695/949/1388
f 1698/952/1391 1693/947/1386 1695/949/1388
f 1699/953/1392 1700/954/1393 1698/952/1391
f 1701/955/1394 1699/953/1392 1698/952/1391
f 1698/952/1391 1700/954/1393 1693/947/1386
f 1701/955/1394 1698/952/1391 1697/951/1390
f 1702/956/1395 1703/957/1396 1701/955/1394
f 1702/956/1395 1701/955/1394 1704/958/1397
f 1704/958/1397 1701/955/1394 1697/951/1390
f 1703/957/1396 1699/953/1392 1701/955/1394
f 1705/959/1398 1704/958/1397 1707/960/1399
f 1706/961/1400 1704/958/1397 1705/959/1398
f 1706/961/1400 1702/956/1395 1704/958/1397
f 1704/958/1397 1697/951/1390 1707/960/1399
f 1705/959/1398 1707/960/1399 1708/962/1401
f 1708/962/1401 1707/960/1399 1709/963/1402
f 1707/960/1399 1696/950/1389 1709/963/1402
f 1707/960/1399 1697/951/1390 1696/950/1389
f 1709/963/1402 1711/964/1403 1710/965/1404
f 1712/966/1405 1709/963/1402 1710/965/1404
f 1709/963/1402 1696/950/1389 1711/964/1403
f 1708/962/1401 1709/963/1402 1712/966/1405
f 1713/967/1406 1708/962/1401 1712/966/1405
f 1713/967/1406 1712/966/1405 1715/968/1407
f 1712/966/1405 1710/965/1404 1714/969/1408
f 1715/968/1407 1712/966/1405 1714/969/1408
f 1716/970/1409 1715/968/1407 1718/971/1410
f 1717/972/1411 1715/968/1407 1716/970/1409
f 1717/972/1411 1713/967/1406 1715/968/1407
f 1715/968/1407 1714/969/1408 1718/971/1410
f 1719/973/1412 1718/971/1410 1720/974/1413
f 1716/970/1409 1718/971/1410 1719/973/1412
f 1718/971/1410 1721/975/1414 1720/974/1413
f 1718/971/1410 1714/969/1408 1721/975/1414
f 1721/975/1414 1723/976/1415 1722/977/1416
f 1720/974/1413 1721/975/1414 1722/977/1416
f 1714/969/1408 1724/978/1417 1721/975/1414
f 1721/975/1414 1724/978/1417 1723/976/1415
f 1714/969/1408 1710/965/1404 1724/978/1417
f 1724/978/1417 1678/935/1371 1723/976/1415
f 1710/965/1404 1725/979/1418 1724/978/1417
f 1724/978/1417 1725/979/1418 1678/935/1371
f 1710/965/1404 1711/964/1403 1725/979/1418
f 1725/979/1418 1679/936/1372 1678/935/1371
f 1711/964/1403 1684/941/1377 1725/979/1418
f 1725/979/1418 1684/941/1377 1679/936/1372
f 1722/977/1416 1723/976/1415 1726/980/1419
f 1723/976/1415 1676/933/1369 1726/980/1419
f 1723/976/1415 1678/935/1371 1676/933/1369
f 1727/981/1420 1726/980/1419 1728/982/1421
f 1722/977/1416 1726/980/1419 1727/981/1420
f 1726/980/1419 1675/932/1368 1728/982/1421
f 1726/980/1419 1676/933/1369 1675/932/1368
f 1727/981/1420 1728/982/1421 1731/983/1422
f 1728/982/1421 1730/984/1423 1729/985/1424
f 1731/983/1422 1728/982/1421 1729/985/1424
f 1728/982/1421 1675/932/1368 1730/984/1423
f 1732/986/1425 1731/983/1422 1734/987/1426
f 1733/988/1427 1731/983/1422 1732/986/1425
f 1733/988/1427 1727/981/1420 1731/983/1422
f 1731/983/1422 1729/985/1424 1734/987/1426
f 1735/989/1428 1734/987/1426 1736/990/1429
f 1732/986/1425 1734/987/1426 1735/989/1428
f 1734/987/1426 1737/991/1430 1736/990/1429
f 1734/987/1426 1729/985/1424 1737/991/1430
f 1737/991/1430 1739/992/1431 1738/993/1432
f 1736/990/1429 1737/991/1430 1738/993/1432
f 1729/985/1424 1740/994/1433 1737/991/1430
f 1737/991/1430 1740/994/1433 1739/992/1431
f 1729/985/1424 1730/984/1423 1740/994/1433
f 1740/994/1433 1660/920/1353 1739/992/1431
f 1730/984/1423 1664/925/1358 1740/994/1433
f 1740/994/1433 1664/925/1358 1660/920/1353
f 1738/993/1432 1739/992/1431 1741/995/1434
f 1739/992/1431 1657/917/1350 1741/995/1434
f 1739/992/1431 1660/920/1353 1657/917/1350
f 1742/996/1435 1741/995/1434 1743/997/1436
f 1738/993/1432 1741/995/1434 1742/996/1435
f 1741/995/1434 1654/914/1347 1743/997/1436
f 1741/995/1434 1657/917/1350 1654/914/1347
f 1742/996/1435 1743/997/1436 1744/998/1437
f 1743/997/1436 1648/908/1341 1645/906/1339
f 1744/998/1437 1743/997/1436 1645/906/1339
f 1743/997/1436 1654/914/1347 1648/908/1341
f 1745/999/1438 1744/998/1437 1642/902/1335
f 1746/1000/1439 1744/998/1437 1745/999/1438
f 1746/1000/1439 1742/996/1435 1744/998/1437
f 1744/998/1437 1645/906/1339 1642/902/1335
f 1748/1001/1440 1746/1000/1439 1745/999/1438
f 1747/1002/1441 1742/996/1435 1746/1000/1439
f 1749/1003/1442 1747/1002/1441 1746/1000/1439
f 1749/1003/1442 1746/1000/1439 1748/1001/1440
f 1750/1004/1443 1749/1003/1442 1748/1001/1440
f 1751/1005/1444 1749/1003/1442 1750/1004/1443
f 1751/1005/1444 1752/1006/1445 1749/1003/1442
f 1752/1006/1445 1747/1002/1441 1749/1003/1442
f 1735/989/1428 1736/990/1429 1752/1006/1445
f 1753/1007/1446 1735/989/1428 1752/1006/1445
f 1752/1006/1445 1736/990/1429 1747/1002/1441
f 1753/1007/1446 1752/1006/1445 1751/1005/1444
f 1754/1008/1447 1755/1009/1448 1753/1007/1446
f 1754/1008/1447 1753/1007/1446 1756/1010/1449
f 1756/1010/1449 1753/1007/1446 1751/1005/1444
f 1755/1009/1448 1735/989/1428 1753/1007/1446
f 1757/1011/1450 1756/1010/1449 1759/1012/1451
f 1758/1013/1452 1756/1010/1449 1757/1011/1450
f 1758/1013/1452 1754/1008/1447 1756/1010/1449
f 1756/1010/1449 1751/1005/1444 1759/1012/1451
f 1760/1014/1453 1759/1012/1451 1761/1015/1454
f 1757/1011/1450 1759/1012/1451 1760/1014/1453
f 1759/1012/1451 1750/1004/1443 1761/1015/1454
f 1759/1012/1451 1751/1005/1444 1750/1004/1443
f 1762/1016/1455 1761/1015/1454 1763/1017/1456
f 1760/1014/1453 1761/1015/1454 1762/1016/1455
f 1761/1015/1454 1764/1018/1457 1763/1017/1456
f 1761/1015/1454 1750/1004/1443 1764/1018/1457
f 1764/1018/1457 1766/1019/1458 1765/1020/1459
f 1763/1017/1456 1764/1018/1457 1765/1020/1459
f 1750/1004/1443 1748/1001/1440 1764/1018/1457
f 1764/1018/1457 1748/1001/1440 1766/1019/1458
f 1765/1020/1459 1766/1019/1458 1636/897/1330
f 1766/1019/1458 1639/899/1332 1636/897/1330
f 1748/1001/1440 1745/999/1438 1766/1019/1458
f 1766/1019/1458 1745/999/1438 1639/899/1332
f 1765/1020/1459 1636/897/1330 1633/893/1326
f 1767/1021/1460 1765/1020/1459 1633/893/1326
f 1763/1017/1456 1765/1020/1459 1767/1021/1460
f 1767/1021/1460 1633/893/1326 1630/891/1324
f 1768/1022/1461 1767/1021/1460 1630/891/1324
f 1769/1023/1462 1763/1017/1456 1767/1021/1460
f 1769/1023/1462 1767/1021/1460 1768/1022/1461
f 1770/1024/1463 1762/1016/1455 1769/1023/1462
f 1770/1024/1463 1769/1023/1462 1771/1025/1464
f 1771/1025/1464 1769/1023/1462 1768/1022/1461
f 1762/1016/1455 1763/1017/1456 1769/1023/1462
f 1771/1025/1464 1768/1022/1461 1772/1026/1465
f 1771/1025/1464 1772/1026/1465 1773/1022/1466
f 1774/1023/1467 1771/1025/1464 1773/1022/1466
f 1770/1024/1463 1771/1025/1464 1774/1023/1467
f 1775/1016/1468 1770/1024/1463 1774/1023/1467
f 1775/1016/1468 1774/1023/1467 1777/1017/1469
f 1777/1017/1469 1774/1023/1467 1776/1021/1470
f 1774/1023/1467 1773/1022/1466 1776/1021/1470
f 1778/1015/1471 1775/1016/1468 1777/1017/1469
f 1777/1017/1469 1776/1021/1470 1779/1020/1472
f 1778/1015/1471 1777/1017/1469 1780/1018/1473
f 1780/1018/1473 1777/1017/1469 1779/1020/1472
f 1780/1018/1473 1779/1020/1472 1782/1019/1474
f 1781/1004/1475 1780/1018/1473 1783/1001/1476
f 1781/1004/1475 1778/1015/1471 1780/1018/1473
f 1783/1001/1476 1780/1018/1473 1782/1019/1474
f 1784/1003/1477 1781/1004/1475 1783/1001/1476
f 1783/1001/1476 1782/1019/1474 1785/999/1478
f 1784/1003/1477 1783/1001/1476 1786/1000/1479
f 1786/1000/1479 1783/1001/1476 1785/999/1478
f 1786/1000/1479 1785/999/1478 1788/998/1480
f 1787/1002/1481 1786/1000/1479 1789/996/1482
f 1787/1002/1481 1784/1003/1477 1786/1000/1479
f 1789/996/1482 1786/1000/1479 1788/998/1480
f 1790/993/1483 1789/996/1482 1792/995/1484
f 1790/993/1483 1787/1002/1481 1789/996/1482
f 1792/995/1484 1789/996/1482 1791/997/1485
f 1789/996/1482 1788/998/1480 1791/997/1485
f 1793/992/1486 1790/993/1483 1792/995/1484
f 1792/995/1484 1791/997/1485 1794/914/1487
f 1793/992/1486 1792/995/1484 1795/917/1488
f 1795/917/1488 1792/995/1484 1794/914/1487
f 1795/917/1488 1794/914/1487 1797/915/1489
f 1796/920/1490 1795/917/1488 1798/918/1491
f 1796/920/1490 1793/992/1486 1795/917/1488
f 1798/918/1491 1795/917/1488 1797/915/1489
f 1666/921/1359 1796/920/1490 1798/918/1491
f 1798/918/1491 1797/915/1489 1658/919/1352
f 1666/921/1359 1798/918/1491 1661/922/1355
f 1661/922/1355 1798/918/1491 1658/919/1352
f 1797/915/1489 1794/914/1487 1799/911/1492
f 1797/915/1489 1799/911/1492 1655/916/1349
f 1658/919/1352 1797/915/1489 1655/916/1349
f 1799/911/1492 1800/908/1493 1801/910/1494
f 1794/914/1487 1800/908/1493 1799/911/1492
f 1799/911/1492 1801/910/1494 1652/912/1345
f 1655/916/1349 1799/911/1492 1652/912/1345
f 1800/908/1493 1803/907/1495 1801/910/1494
f 1801/910/1494 1802/909/1496 1651/913/1346
f 1801/910/1494 1803/907/1495 1802/909/1496
f 1652/912/1345 1801/910/1494 1651/913/1346
f 1803/907/1495 1804/904/1497 1806/905/1498
f 1805/906/1499 1804/904/1497 1803/907/1495
f 1800/908/1493 1805/906/1499 1803/907/1495
f 1803/907/1495 1806/905/1498 1802/909/1496
f 1806/905/1498 1807/903/1500 1808/1027/1501
f 1804/904/1497 1807/903/1500 1806/905/1498
f 1806/905/1498 1808/1027/1501 1809/1028/1502
f 1802/909/1496 1806/905/1498 1809/1028/1502
f 1809/1028/1502 1810/1029/1503 1811/1030/1504
f 1809/1028/1502 1808/1027/1501 1810/1029/1503
f 1802/909/1496 1809/1028/1502 1812/1031/1505
f 1812/1031/1505 1809/1028/1502 1811/1030/1504
f 1651/913/1346 1802/909/1496 1812/1031/1505
f 1813/1028/1506 1812/1031/1505 1811/1030/1504
f 1649/909/1342 1651/913/1346 1812/1031/1505
f 1649/909/1342 1812/1031/1505 1813/1028/1506
f 1813/1028/1506 1811/1030/1504 1814/1029/1507
f 1815/1027/1508 1813/1028/1506 1814/1029/1507
f 1646/905/1338 1649/909/1342 1813/1028/1506
f 1646/905/1338 1813/1028/1506 1815/1027/1508
f 1816/1032/1509 1815/1027/1508 1817/1033/1510
f 1643/903/1336 1815/1027/1508 1816/1032/1509
f 1643/903/1336 1646/905/1338 1815/1027/1508
f 1815/1027/1508 1814/1029/1507 1817/1033/1510
f 1816/1032/1509 1817/1033/1510 1820/1034/1511
f 1817/1033/1510 1819/1035/1512 1818/1036/1513
f 1820/1034/1511 1817/1033/1510 1818/1036/1513
f 1817/1033/1510 1814/1029/1507 1819/1035/1512
f 1821/1037/1514 1820/1034/1511 1823/1038/1515
f 1822/1039/1516 1820/1034/1511 1821/1037/1514
f 1822/1039/1516 1816/1032/1509 1820/1034/1511
f 1820/1034/1511 1818/1036/1513 1823/1038/1515
f 1824/1040/1517 1823/1038/1515 1703/957/1396
f 1821/1037/1514 1823/1038/1515 1824/1040/1517
f 1823/1038/1515 1825/1041/1518 1703/957/1396
f 1823/1038/1515 1818/1036/1513 1825/1041/1518
f 1825/1041/1518 1826/1042/1519 1699/953/1392
f 1703/957/1396 1825/1041/1518 1699/953/1392
f 1818/1036/1513 1827/1043/1520 1825/1041/1518
f 1825/1041/1518 1827/1043/1520 1826/1042/1519
f 1818/1036/1513 1819/1035/1512 1827/1043/1520
f 1827/1043/1520 1829/1044/1521 1828/1045/1522
f 1827/1043/1520 1828/1045/1522 1826/1042/1519
f 1819/1035/1512 1829/1044/1521 1827/1043/1520
f 1831/1046/1523 1830/1035/1524 1829/1044/1521
f 1830/1035/1524 1832/1043/1525 1829/1044/1521
f 1829/1044/1521 1832/1043/1525 1828/1045/1522
f 1819/1035/1512 1831/1046/1523 1829/1044/1521
f 1832/1043/1525 1833/1041/1526 1835/1042/1527
f 1834/1036/1528 1833/1041/1526 1832/1043/1525
f 1830/1035/1524 1834/1036/1528 1832/1043/1525
f 1832/1043/1525 1835/1042/1527 1828/1045/1522
f 1835/1042/1527 1836/953/1529 1837/954/1530
f 1833/1041/1526 1836/953/1529 1835/1042/1527
f 1835/1042/1527 1837/954/1530 1838/1047/1531
f 1828/1045/1522 1835/1042/1527 1838/1047/1531
f 1700/954/1393 1838/1047/1531 1839/1048/1532
f 1838/1047/1531 1837/954/1530 1839/1048/1532
f 1826/1042/1519 1828/1045/1522 1838/1047/1531
f 1826/1042/1519 1838/1047/1531 1700/954/1393
f 1693/947/1386 1839/1048/1532 1691/946/1384
f 1839/1048/1532 1840/947/1533 1691/946/1384
f 1700/954/1393 1839/1048/1532 1693/947/1386
f 1837/954/1530 1840/947/1533 1839/1048/1532
f 1837/954/1530 1841/952/1534 1840/947/1533
f 1841/952/1534 1842/949/1535 1840/947/1533
f 1840/947/1533 1690/945/1383 1691/946/1384
f 1840/947/1533 1842/949/1535 1690/945/1383
f 1842/949/1535 1843/950/1536 1845/948/1537
f 1844/951/1538 1843/950/1536 1842/949/1535
f 1841/952/1534 1844/951/1538 1842/949/1535
f 1842/949/1535 1845/948/1537 1690/945/1383
f 1843/950/1536 1846/964/1539 1845/948/1537
f 1845/948/1537 1846/964/1539 1847/941/1540
f 1845/948/1537 1847/941/1540 1687/942/1380
f 1690/945/1383 1845/948/1537 1687/942/1380
f 1847/941/1540 1848/936/1541 1688/938/1381
f 1847/941/1540 1849/979/1542 1848/936/1541
f 1687/942/1380 1847/941/1540 1688/938/1381
f 1846/964/1539 1849/979/1542 1847/941/1540
f 1846/964/1539 1850/965/1543 1849/979/1542
f 1850/965/1543 1852/978/1544 1849/979/1542
f 1849/979/1542 1851/935/1545 1848/936/1541
f 1849/979/1542 1852/978/1544 1851/935/1545
f 1852/978/1544 1853/975/1546 1855/976/1547
f 1854/969/1548 1853/975/1546 1852/978/1544
f 1850/965/1543 1854/969/1548 1852/978/1544
f 1852/978/1544 1855/976/1547 1851/935/1545
f 1855/976/1547 1856/977/1549 1857/980/1550
f 1853/975/1546 1856/977/1549 1855/976/1547
f 1855/976/1547 1857/980/1550 1858/933/1551
f 1851/935/1545 1855/976/1547 1858/933/1551
f 1858/933/1551 1859/932/1552 1860/931/1553
f 1858/933/1551 1857/980/1550 1859/932/1552
f 1851/935/1545 1858/933/1551 1861/934/1554
f 1861/934/1554 1858/933/1551 1860/931/1553
f 1848/936/1541 1851/935/1545 1861/934/1554
f 1861/934/1554 1860/931/1553 1862/930/1555
f 1848/936/1541 1861/934/1554 1863/937/1556
f 1863/937/1556 1861/934/1554 1862/930/1555
f 1688/938/1381 1848/936/1541 1863/937/1556
f 1863/937/1556 1862/930/1555 1681/940/1376
f 1688/938/1381 1863/937/1556 1682/939/1375
f 1682/939/1375 1863/937/1556 1681/940/1376
f 1862/930/1555 1669/927/1362 1670/928/1363
f 1862/930/1555 1860/931/1553 1669/927/1362
f 1681/940/1376 1862/930/1555 1670/928/1363
f 1860/931/1553 1859/932/1552 1864/929/1557
f 1860/931/1553 1864/929/1557 1669/927/1362
f 1864/929/1557 1865/984/1558 1866/925/1559
f 1859/932/1552 1865/984/1558 1864/929/1557
f 1864/929/1557 1866/925/1559 1667/923/1360
f 1669/927/1362 1864/929/1557 1667/923/1360
f 1865/984/1558 1867/994/1560 1866/925/1559
f 1866/925/1559 1796/920/1490 1666/921/1359
f 1866/925/1559 1867/994/1560 1796/920/1490
f 1667/923/1360 1866/925/1559 1666/921/1359
f 1867/994/1560 1868/991/1561 1793/992/1486
f 1869/985/1562 1868/991/1561 1867/994/1560
f 1865/984/1558 1869/985/1562 1867/994/1560
f 1867/994/1560 1793/992/1486 1796/920/1490
f 1869/985/1562 1871/987/1563 1868/991/1561
f 1870/982/1564 1869/985/1562 1865/984/1558
f 1870/982/1564 1872/983/1565 1869/985/1562
f 1872/983/1565 1871/987/1563 1869/985/1562
f 1872/983/1565 1873/986/1566 1871/987/1563
f 1874/988/1567 1873/986/1566 1872/983/1565
f 1875/981/1568 1874/988/1567 1872/983/1565
f 1875/981/1568 1872/983/1565 1870/982/1564
f 1856/977/1549 1875/981/1568 1857/980/1550
f 1856/977/1549 1876/1049/1569 1875/981/1568
f 1857/980/1550 1875/981/1568 1870/982/1564
f 1876/1049/1569 1874/988/1567 1875/981/1568
f 1878/974/1570 1877/1050/1571 1876/1049/1569
f 1877/1050/1571 1879/1051/1572 1876/1049/1569
f 1876/1049/1569 1879/1051/1572 1874/988/1567
f 1878/974/1570 1876/1049/1569 1856/977/1549
f 1879/1051/1572 1880/1052/1573 1882/1053/1574
f 1881/1054/1575 1880/1052/1573 1879/1051/1572
f 1877/1050/1571 1881/1054/1575 1879/1051/1572
f 1879/1051/1572 1882/1053/1574 1874/988/1567
f 1882/1053/1574 1883/1055/1576 1884/1009/1577
f 1880/1052/1573 1883/1055/1576 1882/1053/1574
f 1882/1053/1574 1884/1009/1577 1873/986/1566
f 1874/988/1567 1882/1053/1574 1873/986/1566
f 1884/1009/1577 1885/1008/1578 1886/1007/1579
f 1883/1055/1576 1885/1008/1578 1884/1009/1577
f 1884/1009/1577 1886/1007/1579 1887/989/1580
f 1873/986/1566 1884/1009/1577 1887/989/1580
f 1887/989/1580 1888/1006/1581 1889/990/1582
f 1887/989/1580 1886/1007/1579 1888/1006/1581
f 1873/986/1566 1887/989/1580 1871/987/1563
f 1871/987/1563 1887/989/1580 1889/990/1582
f 1889/990/1582 1888/1006/1581 1787/1002/1481
f 1889/990/1582 1787/1002/1481 1790/993/1483
f 1871/987/1563 1889/990/1582 1868/991/1561
f 1868/991/1561 1889/990/1582 1790/993/1483
f 1888/1006/1581 1784/1003/1477 1787/1002/1481
f 1888/1006/1581 1890/1005/1583 1784/1003/1477
f 1886/1007/1579 1890/1005/1583 1888/1006/1581
f 1890/1005/1583 1781/1004/1475 1784/1003/1477
f 1890/1005/1583 1891/1012/1584 1781/1004/1475
f 1886/1007/1579 1892/1010/1585 1890/1005/1583
f 1892/1010/1585 1891/1012/1584 1890/1005/1583
f 1885/1008/1578 1893/1013/1586 1892/1010/1585
f 1893/1013/1586 1894/1011/1587 1892/1010/1585
f 1892/1010/1585 1894/1011/1587 1891/1012/1584
f 1885/1008/1578 1892/1010/1585 1886/1007/1579
f 1894/1011/1587 1895/1056/1588 1896/1014/1589
f 1897/1057/1590 1895/1056/1588 1894/1011/1587
f 1894/1011/1587 1896/1014/1589 1891/1012/1584
f 1893/1013/1586 1897/1057/1590 1894/1011/1587
f 1897/1057/1590 1757/1011/1450 1895/1056/1588
f 1898/1058/1591 1758/1013/1452 1897/1057/1590
f 1898/1058/1591 1897/1057/1590 1893/1013/1586
f 1897/1057/1590 1758/1013/1452 1757/1011/1450
f 1900/1059/1592 1898/1058/1591 1893/1013/1586
f 1899/1060/1593 1901/1059/1594 1898/1058/1591
f 1899/1060/1593 1898/1058/1591 1900/1059/1592
f 1898/1058/1591 1901/1059/1594 1758/1013/1452
f 1899/1060/1593 1902/1061/1595 1901/1059/1594
f 1901/1059/1594 1754/1008/1447 1758/1013/1452
f 1902/1061/1595 1903/1055/1596 1901/1059/1594
f 1901/1059/1594 1903/1055/1596 1754/1008/1447
f 1903/1055/1596 1755/1009/1448 1754/1008/1447
f 1904/1052/1597 1905/1053/1598 1903/1055/1596
f 1902/1061/1595 1904/1052/1597 1903/1055/1596
f 1903/1055/1596 1905/1053/1598 1755/1009/1448
f 1904/1052/1597 1906/1051/1599 1905/1053/1598
f 1905/1053/1598 1732/986/1425 1755/1009/1448
f 1906/1051/1599 1733/988/1427 1905/1053/1598
f 1905/1053/1598 1733/988/1427 1732/986/1425
f 1907/1054/1600 1906/1051/1599 1904/1052/1597
f 1907/1054/1600 1908/1050/1601 1906/1051/1599
f 1908/1050/1601 1909/1049/1602 1906/1051/1599
f 1906/1051/1599 1909/1049/1602 1733/988/1427
f 1908/1050/1601 1720/974/1413 1909/1049/1602
f 1909/1049/1602 1727/981/1420 1733/988/1427
f 1720/974/1413 1722/977/1416 1909/1049/1602
f 1909/1049/1602 1722/977/1416 1727/981/1420
f 1719/973/1412 1720/974/1413 1908/1050/1601
f 1910/1062/1603 1719/973/1412 1908/1050/1601
f 1910/1062/1603 1908/1050/1601 1907/1054/1600
f 1911/1063/1604 1912/1064/1605 1910/1062/1603
f 1911/1063/1604 1910/1062/1603 1913/1065/1606
f 1913/1065/1606 1910/1062/1603 1907/1054/1600
f 1912/1064/1605 1719/973/1412 1910/1062/1603
f 1914/1066/1607 1911/1063/1604 1913/1065/1606
f 1914/1066/1607 1913/1065/1606 1915/1067/1608
f 1915/1067/1608 1913/1065/1606 1916/1068/1609
f 1913/1065/1606 1907/1054/1600 1916/1068/1609
f 1917/1069/1610 1916/1068/1609 1902/1061/1595
f 1915/1067/1608 1916/1068/1609 1917/1069/1610
f 1916/1068/1609 1904/1052/1597 1902/1061/1595
f 1916/1068/1609 1907/1054/1600 1904/1052/1597
f 1917/1069/1610 1902/1061/1595 1899/1060/1593
f 1917/1069/1610 1899/1060/1593 1918/1061/1611
f 1919/1068/1612 1917/1069/1610 1918/1061/1611
f 1915/1067/1608 1917/1069/1610 1919/1068/1612
f 1919/1068/1612 1918/1061/1611 1880/1052/1573
f 1920/1065/1613 1915/1067/1608 1919/1068/1612
f 1920/1065/1613 1919/1068/1612 1881/1054/1575
f 1881/1054/1575 1919/1068/1612 1880/1052/1573
f 1921/1063/1614 1914/1066/1607 1920/1065/1613
f 1914/1066/1607 1915/1067/1608 1920/1065/1613
f 1921/1063/1614 1920/1065/1613 1922/1062/1615
f 1922/1062/1615 1920/1065/1613 1881/1054/1575
f 1923/1064/1616 1921/1063/1614 1922/1062/1615
f 1922/1062/1615 1881/1054/1575 1877/1050/1571
f 1923/1064/1616 1922/1062/1615 1924/973/1617
f 1924/973/1617 1922/1062/1615 1877/1050/1571
f 1924/973/1617 1877/1050/1571 1878/974/1570
f 1925/970/1618 1924/973/1617 1926/971/1619
f 1925/970/1618 1923/1064/1616 1924/973/1617
f 1926/971/1619 1924/973/1617 1878/974/1570
f 1927/968/1620 1925/970/1618 1926/971/1619
f 1926/971/1619 1878/974/1570 1853/975/1546
f 1927/968/1620 1926/971/1619 1854/969/1548
f 1854/969/1548 1926/971/1619 1853/975/1546
f 1928/972/1621 1925/970/1618 1927/968/1620
f 1929/967/1622 1928/972/1621 1927/968/1620
f 1929/967/1622 1927/968/1620 1930/966/1623
f 1930/966/1623 1927/968/1620 1854/969/1548
f 1931/962/1624 1929/967/1622 1930/966/1623
f 1930/966/1623 1854/969/1548 1850/965/1543
f 1931/962/1624 1930/966/1623 1932/963/1625
f 1932/963/1625 1930/966/1623 1850/965/1543
f 1932/963/1625 1850/965/1543 1846/964/1539
f 1843/950/1536 1932/963/1625 1846/964/1539
f 1933/960/1626 1932/963/1625 1843/950/1536
f 1933/960/1626 1931/962/1624 1932/963/1625
f 1934/959/1627 1931/962/1624 1933/960/1626
f 1935/958/1628 1934/959/1627 1933/960/1626
f 1935/958/1628 1933/960/1626 1844/951/1538
f 1844/951/1538 1933/960/1626 1843/950/1536
f 1936/961/1629 1934/959/1627 1935/958/1628
f 1937/956/1630 1936/961/1629 1935/958/1628
f 1937/956/1630 1935/958/1628 1938/955/1631
f 1938/955/1631 1935/958/1628 1844/951/1538
f 1939/957/1632 1937/956/1630 1938/955/1631
f 1938/955/1631 1844/951/1538 1841/952/1534
f 1939/957/1632 1938/955/1631 1836/953/1529
f 1836/953/1529 1938/955/1631 1841/952/1534
f 1940/1040/1633 1937/956/1630 1939/957/1632
f 1941/1038/1634 1940/1040/1633 1939/957/1632
f 1941/1038/1634 1939/957/1632 1833/1041/1526
f 1833/1041/1526 1939/957/1632 1836/953/1529
f 1942/1037/1635 1940/1040/1633 1941/1038/1634
f 1943/1034/1636 1942/1037/1635 1941/1038/1634
f 1943/1034/1636 1941/1038/1634 1834/1036/1528
f 1834/1036/1528 1941/1038/1634 1833/1041/1526
f 1944/1039/1637 1942/1037/1635 1943/1034/1636
f 1945/1032/1638 1944/1039/1637 1943/1034/1636
f 1945/1032/1638 1943/1034/1636 1946/1033/1639
f 1946/1033/1639 1943/1034/1636 1834/1036/1528
f 1808/1027/1501 1945/1032/1638 1946/1033/1639
f 1946/1033/1639 1834/1036/1528 1830/1035/1524
f 1808/1027/1501 1946/1033/1639 1810/1029/1503
f 1810/1029/1503 1946/1033/1639 1830/1035/1524
f 1807/903/1500 1945/1032/1638 1808/1027/1501
f 1807/903/1500 1947/901/1640 1945/1032/1638
f 1947/901/1640 1944/1039/1637 1945/1032/1638
f 1949/900/1641 1948/898/1642 1947/901/1640
f 1948/898/1642 1950/896/1643 1947/901/1640
f 1947/901/1640 1950/896/1643 1944/1039/1637
f 1949/900/1641 1947/901/1640 1807/903/1500
f 1950/896/1643 1951/894/1644 1953/1070/1645
f 1952/895/1646 1951/894/1644 1950/896/1643
f 1948/898/1642 1952/895/1646 1950/896/1643
f 1950/896/1643 1953/1070/1645 1944/1039/1637
f 1953/1070/1645 1954/1071/1647 1955/1072/1648
f 1951/894/1644 1954/1071/1647 1953/1070/1645
f 1953/1070/1645 1955/1072/1648 1942/1037/1635
f 1944/1039/1637 1953/1070/1645 1942/1037/1635
f 1955/1072/1648 1956/1073/1649 1957/1074/1650
f 1954/1071/1647 1956/1073/1649 1955/1072/1648
f 1955/1072/1648 1957/1074/1650 1940/1040/1633
f 1942/1037/1635 1955/1072/1648 1940/1040/1633
f 1956/1073/1649 1958/1075/1651 1957/1074/1650
f 1957/1074/1650 1936/961/1629 1937/956/1630
f 1957/1074/1650 1958/1075/1651 1936/961/1629
f 1940/1040/1633 1957/1074/1650 1937/956/1630
f 1958/1075/1651 1959/1076/1652 1961/1077/1653
f 1960/1078/1654 1959/1076/1652 1958/1075/1651
f 1956/1073/1649 1960/1078/1654 1958/1075/1651
f 1958/1075/1651 1961/1077/1653 1936/961/1629
f 1959/1076/1652 1962/1079/1655 1961/1077/1653
f 1961/1077/1653 1962/1079/1655 1963/1080/1656
f 1961/1077/1653 1963/1080/1656 1934/959/1627
f 1936/961/1629 1961/1077/1653 1934/959/1627
f 1963/1080/1656 1929/967/1622 1931/962/1624
f 1963/1080/1656 1964/1081/1657 1929/967/1622
f 1934/959/1627 1963/1080/1656 1931/962/1624
f 1962/1079/1655 1964/1081/1657 1963/1080/1656
f 1962/1079/1655 1965/1082/1658 1964/1081/1657
f 1965/1082/1658 1966/1083/1659 1964/1081/1657
f 1964/1081/1657 1928/972/1621 1929/967/1622
f 1964/1081/1657 1966/1083/1659 1928/972/1621
f 1965/1082/1658 1967/1084/1660 1966/1083/1659
f 1967/1084/1660 1969/1085/1661 1966/1083/1659
f 1966/1083/1659 1968/1086/1662 1928/972/1621
f 1966/1083/1659 1969/1085/1661 1968/1086/1662
f 1969/1085/1661 1970/1087/1663 1971/1088/1664
f 1972/1089/1665 1970/1087/1663 1969/1085/1661
f 1969/1085/1661 1971/1088/1664 1968/1086/1662
f 1967/1084/1660 1972/1089/1665 1969/1085/1661
f 1972/1089/1665 1974/1085/1666 1970/1087/1663
f 1973/1090/1667 1975/1084/1668 1972/1089/1665
f 1973/1090/1667 1972/1089/1665 1967/1084/1660
f 1972/1089/1665 1975/1084/1668 1974/1085/1666
f 1973/1090/1667 1976/1091/1669 1975/1084/1668
f 1975/1084/1668 1977/1083/1670 1974/1085/1666
f 1976/1091/1669 1978/1082/1671 1975/1084/1668
f 1975/1084/1668 1978/1082/1671 1977/1083/1670
f 1979/1092/1672 1981/1079/1673 1978/1082/1671
f 1976/1091/1669 1979/1092/1672 1978/1082/1671
f 1978/1082/1671 1981/1079/1673 1980/1081/1674
f 1978/1082/1671 1980/1081/1674 1977/1083/1670
f 1979/1092/1672 1982/1076/1675 1981/1079/1673
f 1982/1076/1675 1984/1077/1676 1981/1079/1673
f 1981/1079/1673 1983/1080/1677 1980/1081/1674
f 1981/1079/1673 1984/1077/1676 1983/1080/1677
f 1982/1076/1675 1985/1075/1678 1984/1077/1676
f 1985/1075/1678 1706/961/1400 1984/1077/1676
f 1984/1077/1676 1705/959/1398 1983/1080/1677
f 1984/1077/1676 1706/961/1400 1705/959/1398
f 1986/1078/1679 1985/1075/1678 1982/1076/1675
f 1986/1078/1679 1987/1073/1680 1985/1075/1678
f 1987/1073/1680 1988/1074/1681 1985/1075/1678
f 1985/1075/1678 1988/1074/1681 1706/961/1400
f 1987/1073/1680 1989/1072/1682 1988/1074/1681
f 1988/1074/1681 1702/956/1395 1706/961/1400
f 1989/1072/1682 1824/1040/1517 1988/1074/1681
f 1988/1074/1681 1824/1040/1517 1702/956/1395
f 1990/1071/1683 1989/1072/1682 1987/1073/1680
f 1990/1071/1683 1991/1070/1684 1989/1072/1682
f 1991/1070/1684 1821/1037/1514 1989/1072/1682
f 1989/1072/1682 1821/1037/1514 1824/1040/1517
f 1634/894/1327 1991/1070/1684 1990/1071/1683
f 1634/894/1327 1637/896/1329 1991/1070/1684
f 1637/896/1329 1822/1039/1516 1991/1070/1684
f 1991/1070/1684 1822/1039/1516 1821/1037/1514
f 1992/1093/1685 1990/1071/1683 1987/1073/1680
f 1631/890/1323 1634/894/1327 1990/1071/1683
f 1631/890/1323 1990/1071/1683 1992/1093/1685
f 1628/888/1321 1631/890/1323 1992/1093/1685
f 1628/888/1321 1992/1093/1685 1993/1094/1686
f 1992/1093/1685 1987/1073/1680 1986/1078/1679
f 1993/1094/1686 1992/1093/1685 1986/1078/1679
f 1994/1095/1687 1993/1094/1686 1995/1096/1688
f 1625/884/1317 1993/1094/1686 1994/1095/1687
f 1625/884/1317 1628/888/1321 1993/1094/1686
f 1993/1094/1686 1986/1078/1679 1995/1096/1688
f 1994/1095/1687 1995/1096/1688 1996/1097/1689
f 1996/1097/1689 1995/1096/1688 1979/1092/1672
f 1995/1096/1688 1982/1076/1675 1979/1092/1672
f 1995/1096/1688 1986/1078/1679 1982/1076/1675
f 1997/1098/1690 1996/1097/1689 1976/1091/1669
f 1998/1099/1691 1996/1097/1689 1997/1098/1690
f 1998/1099/1691 1994/1095/1687 1996/1097/1689
f 1996/1097/1689 1979/1092/1672 1976/1091/1669
f 1999/1095/1692 1998/1099/1691 2000/1097/1693
f 1622/885/1316 1998/1099/1691 1999/1095/1692
f 1998/1099/1691 1997/1098/1690 2000/1097/1693
f 1622/885/1316 1994/1095/1687 1998/1099/1691
f 1999/1095/1692 2000/1097/1693 2003/1096/1694
f 2000/1097/1693 1997/1098/1690 2001/1091/1695
f 2000/1097/1693 2001/1091/1695 2002/1092/1696
f 2003/1096/1694 2000/1097/1693 2002/1092/1696
f 2004/1094/1697 1999/1095/1692 2003/1096/1694
f 2004/1094/1697 2003/1096/1694 1960/1078/1654
f 2003/1096/1694 2002/1092/1696 1959/1076/1652
f 1960/1078/1654 2003/1096/1694 1959/1076/1652
f 1621/884/1315 1999/1095/1692 2004/1094/1697
f 2005/888/1698 1621/884/1315 2004/1094/1697
f 2005/888/1698 2004/1094/1697 2006/1093/1699
f 2006/1093/1699 2004/1094/1697 1960/1078/1654
f 2007/890/1700 2005/888/1698 2006/1093/1699
f 2006/1093/1699 1960/1078/1654 1956/1073/1649
f 2007/890/1700 2006/1093/1699 1954/1071/1647
f 1954/1071/1647 2006/1093/1699 1956/1073/1649
f 2008/889/1701 2005/888/1698 2007/890/1700
f 2009/892/1702 2008/889/1701 2007/890/1700
f 2009/892/1702 2007/890/1700 1951/894/1644
f 1951/894/1644 2007/890/1700 1954/1071/1647
f 2010/891/1703 2008/889/1701 2009/892/1702
f 2011/893/1704 2010/891/1703 2009/892/1702
f 2011/893/1704 2009/892/1702 1952/895/1646
f 1952/895/1646 2009/892/1702 1951/894/1644
f 1776/1021/1470 2010/891/1703 2011/893/1704
f 1779/1020/1472 1776/1021/1470 2011/893/1704
f 1779/1020/1472 2011/893/1704 2012/897/1705
f 2012/897/1705 2011/893/1704 1952/895/1646
f 1782/1019/1474 1779/1020/1472 2012/897/1705
f 2012/897/1705 1952/895/1646 1948/898/1642
f 1782/1019/1474 2012/897/1705 2013/899/1706
f 2013/899/1706 2012/897/1705 1948/898/1642
f 2013/899/1706 1948/898/1642 1949/900/1641
f 1785/999/1478 2013/899/1706 2014/902/1707
f 1785/999/1478 1782/1019/1474 2013/899/1706
f 2014/902/1707 2013/899/1706 1949/900/1641
f 1788/998/1480 1785/999/1478 2014/902/1707
f 2014/902/1707 1949/900/1641 1804/904/1497
f 1788/998/1480 2014/902/1707 1805/906/1499
f 1805/906/1499 2014/902/1707 1804/904/1497
f 2010/891/1703 2015/887/1708 2008/889/1701
f 1776/1021/1470 1773/1022/1466 2010/891/1703
f 1773/1022/1466 2015/887/1708 2010/891/1703
f 2015/887/1708 1623/886/1318 1624/882/1313
f 1772/1026/1465 1623/886/1318 2015/887/1708
f 2015/887/1708 1624/882/1313 2008/889/1701
f 1773/1022/1466 1772/1026/1465 2015/887/1708
f 2008/889/1701 1624/882/1313 2005/888/1698
f 1624/882/1313 1621/884/1315 2005/888/1698
f 2002/1092/1696 1965/1082/1658 1962/1079/1655
f 2002/1092/1696 2001/1091/1695 1965/1082/1658
f 1959/1076/1652 2002/1092/1696 1962/1079/1655
f 2001/1091/1695 1973/1090/1667 1967/1084/1660
f 1997/1098/1690 1973/1090/1667 2001/1091/1695
f 2001/1091/1695 1967/1084/1660 1965/1082/1658
f 1621/884/1315 1622/885/1316 1999/1095/1692
f 1997/1098/1690 1976/1091/1669 1973/1090/1667
f 1622/885/1316 1625/884/1317 1994/1095/1687
f 1983/1080/1677 1708/962/1401 1713/967/1406
f 1980/1081/1674 1983/1080/1677 1713/967/1406
f 1983/1080/1677 1705/959/1398 1708/962/1401
f 1980/1081/1674 1713/967/1406 1717/972/1411
f 1977/1083/1670 1980/1081/1674 1717/972/1411
f 1974/1085/1666 1977/1083/1670 2016/1086/1709
f 1977/1083/1670 1717/972/1411 2016/1086/1709
f 2017/1088/1710 2016/1086/1709 1912/1064/1605
f 1974/1085/1666 2016/1086/1709 2017/1088/1710
f 2016/1086/1709 1716/970/1409 1912/1064/1605
f 2016/1086/1709 1717/972/1411 1716/970/1409
f 2017/1088/1710 1912/1064/1605 1911/1063/1604
f 2018/1100/1711 2017/1088/1710 1911/1063/1604
f 1970/1087/1663 1974/1085/1666 2017/1088/1710
f 1970/1087/1663 2017/1088/1710 2018/1100/1711
f 2018/1100/1711 1911/1063/1604 1914/1066/1607
f 2018/1100/1711 1914/1066/1607 1921/1063/1614
f 1971/1088/1664 2018/1100/1711 1921/1063/1614
f 1970/1087/1663 2018/1100/1711 1971/1088/1664
f 1971/1088/1664 1921/1063/1614 1923/1064/1616
f 1968/1086/1662 1971/1088/1664 1923/1064/1616
f 1968/1086/1662 1923/1064/1616 1925/970/1618
f 1928/972/1621 1968/1086/1662 1925/970/1618
f 1804/904/1497 1949/900/1641 1807/903/1500
f 1918/1061/1611 1899/1060/1593 1900/1059/1592
f 1918/1061/1611 1900/1059/1592 1883/1055/1576
f 1880/1052/1573 1918/1061/1611 1883/1055/1576
f 1912/1064/1605 1716/970/1409 1719/973/1412
f 1900/1059/1592 1893/1013/1586 1885/1008/1578
f 1883/1055/1576 1900/1059/1592 1885/1008/1578
f 1896/1014/1589 2019/1101/1712 1775/1016/1468
f 1895/1056/1588 2019/1101/1712 1896/1014/1589
f 1896/1014/1589 1775/1016/1468 1778/1015/1471
f 1891/1012/1584 1896/1014/1589 1778/1015/1471
f 2019/1101/1712 1762/1016/1455 1770/1024/1463
f 2019/1101/1712 1770/1024/1463 1775/1016/1468
f 1895/1056/1588 1760/1014/1453 2019/1101/1712
f 2019/1101/1712 1760/1014/1453 1762/1016/1455
f 1895/1056/1588 1757/1011/1450 1760/1014/1453
f 1891/1012/1584 1778/1015/1471 1781/1004/1475
f 1853/975/1546 1878/974/1570 1856/977/1549
f 1857/980/1550 1870/982/1564 1859/932/1552
f 1859/932/1552 1870/982/1564 1865/984/1558
f 1868/991/1561 1790/993/1483 1793/992/1486
f 1836/953/1529 1841/952/1534 1837/954/1530
f 1810/1029/1503 1830/1035/1524 1831/1046/1523
f 1811/1030/1504 1810/1029/1503 1831/1046/1523
f 1814/1029/1507 1811/1030/1504 1831/1046/1523
f 1814/1029/1507 1831/1046/1523 1819/1035/1512
f 1699/953/1392 1826/1042/1519 1700/954/1393
f 1824/1040/1517 1703/957/1396 1702/956/1395
f 1640/901/1334 1816/1032/1509 1822/1039/1516
f 1637/896/1329 1640/901/1334 1822/1039/1516
f 1640/901/1334 1643/903/1336 1816/1032/1509
f 1791/997/1485 1805/906/1499 1800/908/1493
f 1791/997/1485 1788/998/1480 1805/906/1499
f 1794/914/1487 1791/997/1485 1800/908/1493
f 1772/1026/1465 1627/887/1320 1623/886/1318
f 1772/1026/1465 1768/1022/1461 1627/887/1320
f 1768/1022/1461 1630/891/1324 1627/887/1320
f 1755/1009/1448 1732/986/1425 1735/989/1428
f 1736/990/1429 1738/993/1432 1747/1002/1441
f 1747/1002/1441 1738/993/1432 1742/996/1435
f 1745/999/1438 1642/902/1335 1639/899/1332
f 1675/932/1368 1673/929/1365 1730/984/1423
f 1730/984/1423 1673/929/1365 1664/925/1358
f 1696/950/1389 1694/948/1387 1711/964/1403
f 1711/964/1403 1694/948/1387 1684/941/1377
f 1694/948/1387 1685/942/1378 1684/941/1377
f 1672/930/1366 1681/940/1376 1670/928/1363
f 1673/929/1365 1663/923/1356 1664/925/1358
f 2020/1102/1713 2021/1103/1714 2027/1102/1715
f 2020/1102/1713 2022/1104/1716 2021/1103/1714
f 2022/1104/1716 2020/1102/1713 2023/1105/1717
f 2023/1105/1717 2020/1102/1713 2024/1106/1718
f 2024/1106/1718 2020/1102/1713 2025/1107/1719
f 2025/1107/1719 2020/1102/1713 2026/1108/1720
f 2026/1108/1720 2020/1102/1713 2028/1108/1721
f 2028/1108/1721 2020/1102/1713 2027/1102/1715
f 2027/1102/1715 2030/1107/1722 2028/1108/1721
f 2028/1108/1721 2033/1109/1723 2029/1110/1724
f 2029/1110/1724 2026/1108/1720 2028/1108/1721
f 2030/1107/1722 2031/1111/1725 2028/1108/1721
f 2028/1108/1721 2031/1111/1725 2032/1112/1726
f 2032/1112/1726 2033/1109/1723 2028/1108/1721
f 2034/1109/1727 2035/1113/1728 2033/1109/1723
f 2032/1112/1726 2034/1109/1727 2033/1109/1723
f 2033/1109/1723 2035/1113/1728 2036/1113/1729
f 2033/1109/1723 2037/1114/1730 2029/1110/1724
f 2036/1113/1729 2037/1114/1730 2033/1109/1723
f 2037/1114/1730 2038/1110/1731 2029/1110/1724
f 2040/1114/1732 2038/1110/1731 2037/1114/1730
f 2039/1115/1733 2037/1114/1730 2042/1116/1734
f 2041/1103/1735 2037/1114/1730 2039/1115/1733
f 2041/1103/1735 2040/1114/1732 2037/1114/1730
f 2037/1114/1730 2043/1117/1736 2042/1116/1734
f 2036/1113/1729 2043/1117/1736 2037/1114/1730
f 2044/1117/1737 2045/1118/1738 2043/1117/1736
f 2036/1113/1729 2044/1117/1737 2043/1117/1736
f 2043/1117/1736 2045/1118/1738 2046/1118/1739
f 2043/1117/1736 2046/1118/1739 2042/1116/1734
f 2048/1119/1740 2046/1118/1739 2047/1120/1741
f 2046/1118/1739 2050/1120/1742 2047/1120/1741
f 2049/1121/1743 2046/1118/1739 2048/1119/1740
f 2042/1116/1734 2046/1118/1739 2049/1121/1743
f 2045/1118/1738 2050/1120/1742 2046/1118/1739
f 2045/1118/1738 2051/1119/1744 2050/1120/1742
f 2051/1119/1744 2052/1122/1745 2050/1120/1742
f 2050/1120/1742 2052/1122/1745 2047/1120/1741
f 2052/1122/1745 2053/1123/1746 2056/1122/1747
f 2053/1123/1746 2052/1122/1745 2054/1124/1748
f 2054/1124/1748 2052/1122/1745 2055/1125/1749
f 2055/1125/1749 2052/1122/1745 2051/1119/1744
f 2047/1120/1741 2052/1122/1745 2056/1122/1747
f 2056/1122/1747 2048/1119/1740 2047/1120/1741
f 2057/1125/1750 2048/1119/1740 2056/1122/1747
f 2056/1122/1747 2053/1123/1746 2058/1123/1751
f 2057/1125/1750 2056/1122/1747 2059/1124/1752
f 2059/1124/1752 2056/1122/1747 2058/1123/1751
f 2054/1124/1748 2055/1125/1749 2059/1124/1752
f 2060/1104/1753 2054/1124/1748 2059/1124/1752
f 2059/1124/1752 2061/1126/1754 2060/1104/1753
f 2059/1124/1752 2062/1127/1755 2061/1126/1754
f 2059/1124/1752 2055/1125/1749 2057/1125/1750
f 2058/1123/1751 2062/1127/1755 2059/1124/1752
f 2063/1127/1756 2064/1111/1757 2062/1127/1755
f 2058/1123/1751 2063/1127/1756 2062/1127/1755
f 2030/1107/1722 2062/1127/1755 2031/1111/1725
f 2062/1127/1755 2064/1111/1757 2031/1111/1725
f 2061/1126/1754 2062/1127/1755 2030/1107/1722
f 2064/1111/1757 2026/1108/1720 2065/1112/1758
f 2025/1107/1719 2026/1108/1720 2064/1111/1757
f 2064/1111/1757 2065/1112/1758 2031/1111/1725
f 2064/1111/1757 2063/1127/1756 2025/1107/1719
f 2065/1112/1758 2026/1108/1720 2034/1109/1727
f 2065/1112/1758 2034/1109/1727 2032/1112/1726
f 2031/1111/1725 2065/1112/1758 2032/1112/1726
f 2025/1107/1719 2063/1127/1756 2066/1126/1759
f 2066/1126/1759 2063/1127/1756 2054/1124/1748
f 2053/1123/1746 2063/1127/1756 2058/1123/1751
f 2054/1124/1748 2063/1127/1756 2053/1123/1746
f 2022/1104/1716 2066/1126/1759 2054/1124/1748
f 2030/1107/1722 2066/1126/1759 2061/1126/1754
f 2066/1126/1759 2023/1105/1717 2061/1126/1754
f 2025/1107/1719 2066/1126/1759 2030/1107/1722
f 2023/1105/1717 2066/1126/1759 2022/1104/1716
f 2061/1126/1754 2023/1105/1717 2067/1105/1760
f 2060/1104/1753 2061/1126/1754 2067/1105/1760
f 2067/1105/1760 2024/1106/1718 2068/1106/1761
f 2023/1105/1717 2024/1106/1718 2067/1105/1760
f 2027/1102/1715 2067/1105/1760 2068/1106/1761
f 2060/1104/1753 2067/1105/1760 2027/1102/1715
f 2024/1106/1718 2025/1107/1719 2068/1106/1761
f 2068/1106/1761 2030/1107/1722 2027/1102/1715
f 2068/1106/1761 2025/1107/1719 2030/1107/1722
f 2022/1104/1716 2054/1124/1748 2060/1104/1753
f 2027/1102/1715 2041/1103/1735 2060/1104/1753
f 2060/1104/1753 2041/1103/1735 2069/1128/1762
f 2069/1128/1762 2022/1104/1716 2060/1104/1753
f 2048/1119/1740 2070/1128/1763 2069/1128/1762
f 2070/1128/1763 2022/1104/1716 2069/1128/1762
f 2069/1128/1762 2049/1121/1743 2048/1119/1740
f 2041/1103/1735 2039/1115/1733 2069/1128/1762
f 2069/1128/1762 2039/1115/1733 2071/1129/1764
f 2071/1129/1764 2049/1121/1743 2069/1128/1762
f 2039/1115/1733 2072/1129/1765 2071/1129/1764
f 2071/1129/1764 2073/1121/1766 2049/1121/1743
f 2072/1129/1765 2073/1121/1766 2071/1129/1764
f 2073/1121/1766 2070/1128/1763 2051/1119/1744
f 2072/1129/1765 2070/1128/1763 2073/1121/1766
f 2073/1121/1766 2074/1116/1767 2049/1121/1743
f 2045/1118/1738 2074/1116/1767 2073/1121/1766
f 2073/1121/1766 2051/1119/1744 2045/1118/1738
f 2074/1116/1767 2044/1117/1737 2040/1114/1732
f 2040/1114/1732 2075/1115/1768 2074/1116/1767
f 2044/1117/1737 2074/1116/1767 2045/1118/1738
f 2049/1121/1743 2074/1116/1767 2042/1116/1734
f 2074/1116/1767 2075/1115/1768 2042/1116/1734
f 2075/1115/1768 2070/1128/1763 2072/1129/1765
f 2021/1103/1714 2070/1128/1763 2075/1115/1768
f 2021/1103/1714 2075/1115/1768 2040/1114/1732
f 2075/1115/1768 2072/1129/1765 2039/1115/1733
f 2042/1116/1734 2075/1115/1768 2039/1115/1733
f 2021/1103/1714 2022/1104/1716 2070/1128/1763
f 2051/1119/1744 2070/1128/1763 2048/1119/1740
f 2057/1125/1750 2051/1119/1744 2048/1119/1740
f 2055/1125/1749 2051/1119/1744 2057/1125/1750
f 2035/1113/1728 2044/1117/1737 2036/1113/1729
f 2040/1114/1732 2044/1117/1737 2035/1113/1728
f 2021/1103/1714 2040/1114/1732 2041/1103/1735
f 2027/1102/1715 2021/1103/1714 2041/1103/1735
f 2034/1109/1727 2040/1114/1732 2035/1113/1728
f 2038/1110/1731 2040/1114/1732 2034/1109/1727
f 2034/1109/1727 2026/1108/1720 2038/1110/1731
f 2038/1110/1731 2026/1108/1720 2029/1110/1724
f 2080/1130/1769 2076/1131/1770 2077/1132/1771
f 2076/1131/1771 2078/1133/1771 2077/1132/1771
f 2081/1134/1772 2078/1133/1773 2076/1131/1772
f 2079/1135/1774 2081/1134/1772 2076/1131/1772
f 2079/1135/1774 2076/1131/1770 2080/1130/1769
f 2081/1134/1772 2084/1133/1775 2082/1136/1776
f 2082/1136/1776 2078/1133/1773 2081/1134/1772
f 2086/1137/1777 2081/1134/1772 2079/1135/1774
f 2081/1134/1772 2085/1135/1778 2083/1131/1779
f 2083/1131/1779 2084/1133/1775 2081/1134/1772
f 2086/1137/1777 2085/1135/1778 2081/1134/1772
f 2086/1137/1777 2079/1135/1774 2087/1138/1780
f 2086/1137/1777 2087/1138/1780 2085/1135/1778
f 2087/1138/1780 2079/1135/1774 2088/1139/1781
f 2089/1140/1782 2087/1138/1780 2088/1139/1781
f 2090/1141/1780 2087/1138/1780 2089/1140/1782
f 2090/1141/1780 2092/1140/1783 2087/1138/1780
f 2085/1135/1778 2087/1138/1780 2091/1139/1784
f 2087/1138/1780 2092/1140/1783 2091/1139/1784
f 2090/1141/1780 2095/1142/1785 2092/1140/1783
f 2092/1140/1783 2094/1143/1786 2093/1144/1787
f 2092/1140/1783 2093/1144/1787 2091/1139/1784
f 2095/1142/1785 2094/1143/1786 2092/1140/1783
f 2096/1145/1780 2095/1142/1785 2090/1141/1780
f 2096/1145/1780 2097/1146/1788 2095/1142/1785
f 2097/1146/1788 2094/1143/1786 2095/1142/1785
f 2098/1147/1789 2097/1146/1788 2096/1145/1780
f 2098/1147/1789 2099/1148/1790 2097/1146/1788
f 2097/1146/1788 2099/1148/1790 2100/1149/1791
f 2100/1149/1791 2094/1143/1786 2097/1146/1788
f 2100/1149/1791 2099/1148/1790 2101/1150/1792
f 2101/1150/1792 2094/1143/1786 2100/1149/1791
f 2103/1151/1793 2102/1152/1794 2101/1150/1792
f 2102/1152/1794 2094/1143/1786 2101/1150/1792
f 2101/1150/1792 2099/1148/1790 2103/1151/1793
f 2106/1152/1795 2103/1151/1793 2104/1150/1796
f 2099/1148/1790 2104/1150/1796 2103/1151/1793
f 2105/1153/1797 2102/1152/1794 2103/1151/1793
f 2105/1153/1797 2103/1151/1793 2106/1152/1795
f 2107/1154/1798 2110/1155/1797 2106/1152/1795
f 2108/1144/1799 2107/1154/1798 2106/1152/1795
f 2109/1143/1800 2108/1144/1799 2106/1152/1795
f 2106/1152/1795 2104/1150/1796 2109/1143/1800
f 2106/1152/1795 2110/1155/1797 2105/1153/1797
f 2107/1154/1798 2111/1156/1797 2110/1155/1797
f 2110/1155/1797 2102/1152/1794 2105/1153/1797
f 2111/1156/1797 2112/1154/1801 2110/1155/1797
f 2112/1154/1801 2102/1152/1794 2110/1155/1797
f 2093/1144/1787 2102/1152/1794 2112/1154/1801
f 2093/1144/1787 2112/1154/1801 2114/1130/1802
f 2113/1132/1803 2112/1154/1801 2111/1156/1797
f 2114/1130/1802 2112/1154/1801 2113/1132/1803
f 2114/1130/1802 2113/1132/1803 2083/1131/1779
f 2085/1135/1778 2114/1130/1802 2083/1131/1779
f 2091/1139/1784 2114/1130/1802 2085/1135/1778
f 2091/1139/1784 2093/1144/1787 2114/1130/1802
f 2082/1136/1776 2113/1132/1803 2111/1156/1797
f 2084/1133/1775 2113/1132/1803 2082/1136/1776
f 2083/1131/1779 2113/1132/1803 2084/1133/1775
f 2077/1132/1797 2082/1136/1776 2111/1156/1797
f 2077/1132/1797 2111/1156/1797 2107/1154/1798
f 2117/1146/1804 2115/1142/1805 2109/1143/1800
f 2115/1142/1805 2089/1140/1782 2109/1143/1800
f 2104/1150/1796 2116/1149/1806 2109/1143/1800
f 2116/1149/1806 2117/1146/1804 2109/1143/1800
f 2089/1140/1782 2108/1144/1799 2109/1143/1800
f 2117/1146/1804 2096/1145/1780 2115/1142/1805
f 2116/1149/1806 2099/1148/1790 2117/1146/1804
f 2117/1146/1804 2099/1148/1790 2098/1147/1789
f 2098/1147/1789 2096/1145/1780 2117/1146/1804
f 2116/1149/1806 2104/1150/1796 2099/1148/1790
f 2096/1145/1780 2090/1141/1780 2115/1142/1805
f 2115/1142/1805 2090/1141/1780 2089/1140/1782
f 2088/1139/1781 2080/1130/1769 2108/1144/1799
f 2108/1144/1799 2080/1130/1769 2107/1154/1798
f 2089/1140/1782 2088/1139/1781 2108/1144/1799
f 2080/1130/1769 2077/1132/1771 2107/1154/1798
f 2094/1143/1786 2102/1152/1794 2093/1144/1787
f 2088/1139/1781 2079/1135/1774 2080/1130/1769
f 2078/1133/1797 2082/1136/1776 2077/1132/1797
f 2119/1157/1807 2121/1158/1808 2118/1159/1809
f 2118/1159/1809 2120/1160/1810 2119/1157/1807
f 2122/1161/1811 2120/1160/1810 2118/1159/1809
f 2121/1158/1808 2123/1162/1812 2118/1159/1809
f 2123/1162/1812 2122/1161/1811 2118/1159/1809
f 2123/1162/1812 2127/1161/1813 2124/1163/1814
f 2124/1163/1814 2122/1161/1811 2123/1162/1812
f 2125/1164/1815 2128/1158/1816 2123/1162/1812
f 2125/1164/1815 2123/1162/1812 2121/1158/1808
f 2123/1162/1812 2128/1158/1816 2126/1159/1817
f 2126/1159/1817 2127/1161/1813 2123/1162/1812
f 2128/1158/1816 2125/1164/1815 2129/1165/1818
f 2129/1165/1818 2130/1157/1819 2128/1158/1816
f 2130/1157/1819 2126/1159/1817 2128/1158/1816
f 2126/1159/1817 2130/1157/1819 2131/1160/1820
f 2131/1160/1820 2130/1157/1819 2132/1166/1821
f 2132/1166/1821 2130/1157/1819 2133/1167/1822
f 2133/1167/1822 2130/1157/1819 2134/1168/1823
f 2134/1168/1823 2130/1157/1819 2129/1165/1818
f 2133/1167/1822 2136/1169/1824 2132/1166/1821
f 2135/1170/1825 2136/1169/1824 2133/1167/1822
f 2131/1160/1820 2136/1169/1824 2137/1171/1826
f 2132/1166/1821 2136/1169/1824 2131/1160/1820
f 2137/1171/1826 2136/1169/1824 2138/1172/1827
f 2138/1172/1827 2136/1169/1824 2139/1173/1828
f 2139/1173/1828 2136/1169/1824 2135/1170/1825
f 2140/1174/1829 2139/1173/1828 2141/1175/1830
f 2138/1172/1827 2139/1173/1828 2140/1174/1829
f 2142/1173/1831 2140/1174/1829 2141/1175/1830
f 2143/1170/1832 2145/1169/1833 2142/1173/1831
f 2144/1172/1834 2140/1174/1829 2142/1173/1831
f 2142/1173/1831 2145/1169/1833 2144/1172/1834
f 2146/1171/1835 2145/1169/1833 2120/1160/1810
f 2146/1171/1835 2144/1172/1834 2145/1169/1833
f 2143/1170/1832 2147/1167/1836 2145/1169/1833
f 2145/1169/1833 2147/1167/1836 2148/1166/1837
f 2120/1160/1810 2145/1169/1833 2148/1166/1837
f 2119/1157/1807 2120/1160/1810 2148/1166/1837
f 2147/1167/1836 2119/1157/1807 2148/1166/1837
f 2149/1168/1838 2119/1157/1807 2147/1167/1836
f 2149/1168/1838 2150/1165/1839 2119/1157/1807
f 2119/1157/1807 2150/1165/1839 2121/1158/1808
f 2150/1165/1839 2125/1164/1815 2121/1158/1808
f 2151/1176/1840 2125/1164/1815 2150/1165/1839
f 2129/1165/1818 2125/1164/1815 2151/1176/1840
f 2146/1171/1835 2140/1174/1829 2144/1172/1834
f 2152/1177/1841 2153/1178/1842 2146/1171/1835
f 2120/1160/1810 2152/1177/1841 2146/1171/1835
f 2153/1178/1842 2140/1174/1829 2146/1171/1835
f 2154/1179/1843 2153/1178/1842 2152/1177/1841
f 2153/1178/1842 2137/1171/1826 2140/1174/1829
f 2155/1177/1844 2153/1178/1842 2154/1179/1843
f 2137/1171/1826 2153/1178/1842 2155/1177/1844
f 2154/1179/1843 2156/1180/1845 2155/1177/1844
f 2155/1177/1844 2156/1180/1845 2157/1181/1846
f 2157/1181/1846 2131/1160/1820 2155/1177/1844
f 2155/1177/1844 2131/1160/1820 2137/1171/1826
f 2157/1181/1846 2156/1180/1845 2127/1161/1813
f 2127/1161/1813 2131/1160/1820 2157/1181/1846
f 2152/1177/1841 2156/1180/1845 2154/1179/1843
f 2127/1161/1813 2156/1180/1845 2124/1163/1814
f 2156/1180/1845 2122/1161/1811 2124/1163/1814
f 2158/1181/1847 2156/1180/1845 2152/1177/1841
f 2158/1181/1847 2122/1161/1811 2156/1180/1845
f 2158/1181/1847 2120/1160/1810 2122/1161/1811
f 2158/1181/1847 2152/1177/1841 2120/1160/1810
f 2140/1174/1829 2137/1171/1826 2138/1172/1827
f 2126/1159/1817 2131/1160/1820 2127/1161/1813
f 2159/1182/1848 2160/1183/1848 2161/1184/1848
f 2162/1185/1849 2159/1182/1850 2161/1184/1851
f 2163/1186/1852 2159/1182/1853 2162/1185/1849
f 2164/1187/1854 2163/1186/1852 2162/1185/1849
f 2165/1188/1855 2163/1186/1852 2164/1187/1854
f 2166/1189/1856 2165/1188/1855 2164/1187/1854
f 2160/1183/1857 2165/1188/1855 2166/1189/1856
f 2161/1184/1851 2160/1183/1857 2166/1189/1856
f 2166/1189/1856 2164/1187/1854 2162/1185/1849
f 2161/1184/1851 2166/1189/1856 2162/1185/1849
f 2167/1182/1858 2169/1184/1859 2168/1183/1860
f 2170/1185/1861 2169/1184/1859 2167/1182/1858
f 2171/1186/1862 2170/1185/1861 2167/1182/1858
f 2172/1187/1863 2170/1185/1861 2171/1186/1862
f 2173/1188/1864 2172/1187/1863 2171/1186/1862
f 2168/1183/1860 2174/1189/1865 2173/1188/1864
f 2174/1189/1865 2172/1187/1863 2173/1188/1864
f 2169/1184/1859 2174/1189/1865 2168/1183/1860
f 2169/1184/1859 2170/1185/1861 2174/1189/1865
f 2174/1189/1865 2170/1185/1861 2172/1187/1863
o item_bladens
v 62.566776 -65.199463 9.367131
v 59.942989 -68.493111 8.845330
v 67.357643 -63.772804 9.300902
v 42.980206 -39.161297 9.300899
v 37.739964 -44.180492 9.160613
v 36.789600 -45.092415 8.845328
v 14.961732 -21.071621 9.160611
v 14.039432 -21.964455 8.845326
v 14.961732 -21.071621 8.530042
v 37.739964 -44.180492 8.530044
v 62.566776 -65.199463 8.323529
v 67.357643 -63.772804 8.389762
v 42.980206 -39.161297 8.389758
v 42.980206 -39.161297 8.845328
v 20.121056 -16.082607 8.845326
v 20.121056 -16.082607 8.389756
v -4.359172 8.632692 8.845325
v -4.359172 8.632692 8.389754
v -33.283024 37.834278 8.389750
v -9.382006 3.727751 8.530040
v -10.252838 2.876957 8.845325
v -38.467129 32.732944 8.530036
v -39.410923 31.803616 8.845321
v -38.467129 32.732944 9.160605
v -33.283024 37.834278 9.300891
v -9.382006 3.727751 9.160609
v -4.359172 8.632692 9.300895
v 20.121056 -16.082607 9.300897
v -33.283024 37.834278 8.845321
v 69.761436 -66.199684 8.845332
v -54.050259 57.521446 10.706132
v -56.755226 55.841507 11.169848
v -54.959019 58.713154 10.676946
v -52.829304 59.418999 10.290936
v -52.959915 59.286575 10.181825
v -55.754627 54.829269 10.949479
v -54.094471 57.477066 10.485547
v -55.754707 54.829189 11.169848
v -56.974419 52.914585 10.840762
v -57.865284 54.081791 10.869361
v -56.755150 55.841579 10.949479
v -59.294708 51.831383 10.290736
v -59.155624 51.967747 10.181825
v -57.814430 54.132118 10.650273
v -59.294708 51.831383 8.987418
v -59.155624 51.967747 7.793012
v -57.814430 54.132118 7.324563
v -57.865284 54.081791 7.105477
v -59.294708 51.831383 7.684102
v -56.974419 52.914585 7.134074
v -58.330887 50.805817 7.684102
v -58.191807 50.942188 7.793012
v -58.330887 50.805817 8.987418
v -58.191807 50.942188 10.181825
v -58.330887 50.805817 10.290736
v -56.923550 52.964920 10.621676
v -56.923550 52.964920 7.353162
v -55.754627 54.829269 7.025357
v -54.094467 57.477066 7.489289
v -55.754707 54.829189 6.804990
v -54.050259 57.521446 7.268706
v -54.959019 58.713154 7.297893
v -56.755226 55.841507 6.804990
v -52.959915 59.286575 7.793012
v -52.829304 59.418999 7.683902
v -53.854485 60.444237 10.290936
v -53.854485 60.444237 7.683902
v -52.829304 59.418999 8.106620
v -52.959915 59.286575 8.987418
v -52.829304 59.418999 9.868218
v -53.985096 60.311821 7.793012
v -53.985096 60.311821 8.987418
v -53.985096 60.311821 10.181825
v -55.003223 58.668789 10.456363
v -55.003223 58.668789 7.518476
v -56.755150 55.841579 7.025357
v -48.967846 55.532604 10.281833
v -50.593037 52.978111 10.796548
v -47.634216 54.198914 10.281833
v -49.086636 55.413094 8.987420
v -48.967846 55.532600 7.693007
v -47.634224 54.198906 7.693007
v -49.086636 55.413094 10.181828
v -50.633095 52.937916 10.596717
v -51.892719 50.921814 10.949483
v -53.455292 48.420856 10.510343
v -51.892792 50.921745 11.149117
v -53.501366 48.375263 10.708816
v -54.526516 46.784447 10.280490
v -52.464413 47.016663 10.675530
v -50.672962 49.687527 11.149117
v -54.400520 46.907990 10.181827
v -54.526516 46.784447 8.987418
v -54.400520 46.907990 7.793012
v -53.501366 48.375263 7.266021
v -54.526516 46.784447 7.694348
v -53.455292 48.420856 7.464496
v -51.892719 50.921818 7.025359
v -50.593037 52.978111 7.178294
v -50.633095 52.937916 7.378123
v -51.892792 50.921745 6.825725
v -50.672962 49.687527 6.825725
v -49.459846 51.492081 7.141900
v -47.753010 54.079395 7.793014
v -50.672882 49.687592 7.025359
v -49.499905 51.451885 7.341729
v -52.464413 47.016663 7.299312
v -52.418339 47.062260 7.497785
v -53.299679 45.736622 7.793014
v -53.299679 45.736622 10.181828
v -53.425686 45.613087 8.987420
v -53.425686 45.613087 7.694350
v -53.425686 45.613087 10.280492
v -52.418339 47.062260 10.477057
v -50.672882 49.687592 10.949483
v -49.459846 51.492081 10.832942
v -49.499905 51.451885 10.633111
v -47.753010 54.079395 10.181828
v -47.753010 54.079395 8.987420
v -49.086636 55.413094 7.793014
v -44.469048 51.093460 10.306966
v -46.713055 47.913303 10.971055
v -43.631157 50.255516 10.306966
v -44.617695 50.943916 8.987420
v -44.469048 51.093460 7.667876
v -43.631157 50.255516 7.667876
v -44.617695 50.943916 10.181828
v -46.763165 47.863014 10.721005
v -47.633842 46.612713 10.949483
v -49.810436 43.512848 10.639844
v -47.633926 46.612633 11.199290
v -49.752785 43.569904 10.391490
v -50.395744 42.646614 10.181828
v -50.553410 42.492027 10.305287
v -50.553410 42.492027 8.987420
v -50.395744 42.646614 7.793014
v -49.810436 43.512848 7.334998
v -50.553410 42.492027 7.669553
v -49.752785 43.569904 7.583352
v -47.633842 46.612713 7.025359
v -46.713055 47.913303 7.003785
v -46.763165 47.863014 7.253837
v -47.633926 46.612633 6.775552
v -46.759212 45.727608 6.775552
v -45.943069 46.903584 6.979056
v -43.779804 50.105980 7.793014
v -46.759136 45.727692 7.025359
v -45.993191 46.853283 7.229108
v -48.946400 42.513386 7.609237
v -49.004047 42.456326 7.360883
v -49.502506 41.696148 7.793014
v -49.660168 41.541565 7.669553
v -49.660168 41.541565 8.987420
v -49.502506 41.696148 10.181828
v -49.660168 41.541565 10.305287
v -49.004047 42.456326 10.613957
v -46.759212 45.727608 11.199290
v -46.759136 45.727692 10.949483
v -48.946400 42.513386 10.365603
v -45.943069 46.903584 10.995784
v -45.993191 46.853283 10.745734
v -43.779804 50.105980 10.181828
v -43.779804 50.105980 8.987420
v -44.617695 50.943916 7.793014
v -65.083069 72.754280 10.216979
v -57.345490 63.672390 10.181827
v -69.025536 68.854759 11.004823
v -65.083069 72.754280 7.757859
v -57.345490 63.672390 7.793012
v -39.959709 46.285679 10.181828
v -43.756680 42.689827 7.025359
v -69.025536 68.854767 6.970016
v -60.889256 60.024441 7.025359
v -39.959709 46.285679 7.793014
v -33.490734 40.798306 7.593547
v -33.490734 40.798306 10.381295
v -37.801582 36.557579 6.711324
v -41.907131 32.510956 7.593547
v -47.290882 39.342831 7.793014
v -36.705509 35.448578 6.711324
v -40.833145 31.379845 7.593547
v -40.833145 31.379845 10.381295
v -37.801582 36.557579 11.263518
v -41.907131 32.510956 10.381295
v -36.705509 35.448578 11.263518
v -32.416756 39.667194 10.381295
v -32.416756 39.667194 7.593547
v -47.290882 39.342831 10.181828
v -63.856571 56.969906 10.181827
v -43.756680 42.689827 10.949483
v -60.889256 60.024441 10.949479
v -72.882744 65.097191 10.216979
v -63.856571 56.969906 7.793012
v -72.882744 65.097191 7.757859
v -33.303528 39.392857 9.566869
v -31.751360 30.471630 9.554690
v -36.769180 35.879425 9.554688
v -28.311834 33.957878 9.566871
v -33.303528 39.392857 8.113952
v -28.311834 33.957878 8.113954
v -31.751360 30.471630 8.126134
v -36.769180 35.879425 8.126132
v -35.309860 26.851639 8.504725
v -35.309860 26.851639 9.176095
v -40.301537 32.286625 9.176095
v -40.301537 32.286625 8.504725
v -72.232925 69.115112 8.845319
v -72.279587 69.003853 9.449210
v -72.820602 69.232826 8.845317
v -71.551910 69.219887 8.845319
v -71.565262 69.113777 9.449210
v -72.279587 69.003853 8.241427
v -71.565262 69.113777 8.241427
v -70.822960 69.446312 8.241427
v -71.603951 68.805809 7.696649
v -70.761139 69.183372 7.696649
v -69.969063 69.776749 7.696649
v -70.664841 68.773834 7.264312
v -69.725639 69.477440 7.264312
v -68.938560 70.368080 7.264312
v -69.418892 69.100281 6.986733
v -68.476448 70.166733 6.986733
v -67.808395 71.352722 6.986733
v -67.964188 69.943527 6.891088
v -67.174049 71.346268 6.891088
v -66.785797 72.753090 6.891088
v -66.539726 71.339806 6.986733
v -66.091469 72.963997 6.986733
v -66.151054 74.433914 6.986733
v -65.465103 73.154251 7.264312
v -65.531891 74.801643 7.264312
v -66.161301 76.114891 7.264312
v -65.040520 75.093460 7.696649
v -65.723740 76.518982 7.696649
v -66.950798 77.442261 7.696649
v -65.442810 76.778442 8.241427
v -66.731918 77.748390 8.241427
v -66.656479 77.853889 8.845319
v -68.419533 78.207016 8.845319
v -68.466187 78.095757 8.241427
v -68.601601 77.772903 7.696649
v -70.462502 77.892654 8.845317
v -70.475845 77.786537 8.241426
v -70.514526 77.478561 7.696647
v -72.585480 76.941574 8.845317
v -72.564171 76.850975 8.241426
v -72.502342 76.588036 7.696647
v -74.580620 75.446892 8.845317
v -74.526772 75.380676 8.241426
v -76.171501 73.519554 8.241426
v -74.370468 75.188515 7.696647
v -76.252625 73.554901 8.845317
v -74.526772 75.380676 9.449208
v -76.171501 73.519554 9.449208
v -77.437843 71.450806 8.845317
v -77.337387 71.449776 9.449208
v -78.020256 69.340569 8.845317
v -77.337387 71.449776 8.241426
v -77.910271 69.373970 8.241426
v -75.936035 73.416954 7.696647
v -77.045807 71.446808 7.696647
v -75.569305 73.257164 7.264310
v -76.591660 71.442177 7.264310
v -77.591118 69.470917 7.696647
v -77.094048 69.621910 7.264310
v -77.518616 67.682693 7.696647
v -77.834106 67.495316 8.241426
v -77.942810 67.430756 8.845317
v -77.213150 65.908325 8.845317
v -77.116348 65.997719 8.241426
v -76.835411 66.257172 7.696647
v -75.827232 65.027756 8.241426
v -75.902641 64.922272 8.845317
v -75.827232 65.027756 9.449208
v -77.116348 65.997719 9.449208
v -74.139618 64.569145 8.845317
v -74.092964 64.680397 9.449208
v -72.096634 64.883507 8.845319
v -74.092964 64.680397 8.241426
v -72.083305 64.989624 8.241427
v -75.608345 65.333893 7.696647
v -73.957558 65.003250 7.696647
v -75.267426 65.810715 7.264310
v -73.746635 65.506104 7.264310
v -72.044617 65.297592 7.696649
v -70.056793 66.188126 7.696649
v -69.994972 65.925171 8.241427
v -71.984360 65.777260 7.264312
v -71.908432 66.381699 6.986733
v -70.153114 66.597656 7.264312
v -73.480881 66.139732 6.986732
v -74.361633 67.077553 6.891086
v -73.186272 66.842133 6.891086
v -74.837830 66.411537 6.986732
v -75.235283 67.734901 6.891086
v -75.846481 67.170456 6.986732
v -76.408073 68.342239 6.986732
v -76.397850 66.661263 7.264310
v -75.721733 68.749870 6.891086
v -75.035378 69.157494 6.986732
v -75.773338 70.023064 6.891086
v -75.079025 70.233971 6.986732
v -74.178505 71.417618 7.264310
v -74.452667 70.424232 7.264310
v -74.750740 71.423439 6.986732
v -73.620575 72.408089 7.264310
v -74.082695 72.609428 6.986732
v -75.385086 71.429901 6.891086
v -74.594948 72.832642 6.891086
v -76.019417 71.436356 6.986732
v -76.467682 69.812172 6.986732
v -77.027245 67.974503 7.264310
v -75.107201 73.055832 6.986732
v -73.480263 74.093948 6.891086
v -73.820297 74.512032 6.986732
v -72.284691 75.662453 6.986732
v -74.127052 74.889191 7.264310
v -72.150185 75.090424 6.891086
v -70.819023 75.054443 6.986732
v -72.015663 74.518372 6.986732
v -70.734863 75.724457 6.891086
v -69.667465 75.231644 6.986733
v -69.372864 75.934021 6.891088
v -70.650711 76.394470 6.986732
v -69.078262 76.636421 6.986733
v -70.574776 76.998886 7.264310
v -72.406036 76.178482 7.264310
v -68.812508 77.270050 7.264312
v -67.721313 76.364624 6.986733
v -67.291725 76.965439 7.264312
v -66.712669 75.605690 6.986733
v -66.837410 74.026291 6.891088
v -67.323853 75.041245 6.891088
v -68.197517 75.698616 6.891088
v -67.523758 73.618660 6.986733
v -67.935051 74.476799 6.986733
v -68.142929 73.250938 7.264312
v -68.486412 73.967613 7.264312
v -68.673721 75.032593 6.986733
v -69.103310 74.431778 7.264312
v -69.444229 73.954971 7.696649
v -69.933243 74.598007 7.264312
v -68.923973 73.563515 7.696649
v -68.949791 72.771751 8.241427
v -69.204910 73.304062 8.241427
v -68.634300 72.959114 7.696649
v -68.922707 72.103989 8.241427
v -68.603569 72.200935 7.696649
v -69.126350 71.366150 8.241427
v -68.834778 71.363174 7.696649
v -68.106476 72.351913 7.264312
v -68.380638 71.358543 7.264312
v -67.480118 72.542191 6.986733
v -69.305305 70.527863 7.696649
v -70.125366 69.968933 8.241427
v -69.540756 70.630463 8.241427
v -69.621887 70.665810 8.845319
v -70.179230 70.035149 8.845319
v -70.844269 69.536911 8.845319
v -70.125366 69.968933 9.449210
v -69.540756 70.630463 9.449210
v -69.126350 71.366150 9.449210
v -69.305305 70.527863 9.993989
v -68.834778 71.363174 9.993989
v -68.603569 72.200935 9.993989
v -68.380638 71.358543 10.426326
v -68.106476 72.351913 10.426326
v -68.142929 73.250938 10.426326
v -67.480118 72.542191 10.703904
v -67.523758 73.618660 10.703904
v -67.935051 74.476799 10.703904
v -66.837410 74.026291 10.799550
v -67.323853 75.041245 10.799550
v -68.197517 75.698616 10.799550
v -66.712669 75.605690 10.703904
v -67.721313 76.364624 10.703904
v -69.078262 76.636421 10.703904
v -67.291725 76.965439 10.426326
v -68.812508 77.270050 10.426326
v -70.574776 76.998886 10.426324
v -68.601601 77.772903 9.993989
v -70.514526 77.478561 9.993987
v -72.502342 76.588036 9.993987
v -70.475845 77.786537 9.449208
v -72.564171 76.850975 9.449208
v -68.466187 78.095757 9.449210
v -66.950798 77.442261 9.993989
v -66.731918 77.748390 9.449210
v -65.442810 76.778442 9.449210
v -65.723740 76.518982 9.993989
v -65.531891 74.801643 10.426326
v -66.161301 76.114891 10.426326
v -65.040520 75.093460 9.993989
v -65.465103 73.154251 10.426326
v -64.968025 73.305237 9.993989
v -64.725044 75.280830 9.449210
v -64.648880 73.402176 9.449210
v -64.616325 75.345398 8.845319
v -65.345993 76.867836 8.845319
v -64.725044 75.280830 8.241427
v -64.648880 73.402176 8.241427
v -64.968025 73.305237 7.696649
v -65.967484 71.333977 7.264312
v -65.513336 71.329353 7.696649
v -66.623093 69.359200 7.696649
v -65.221764 71.326385 8.241427
v -66.989838 69.519005 7.264312
v -68.738846 68.264130 6.986733
v -67.451942 69.720345 6.986733
v -68.432106 67.886971 7.264312
v -70.274452 67.113708 6.986733
v -68.188667 67.587654 7.696649
v -68.032372 67.395485 8.241427
v -66.387642 69.256615 8.241427
v -66.306503 69.221268 8.845319
v -65.121292 71.325348 8.845319
v -65.221764 71.326385 9.449210
v -64.538887 73.435585 8.845319
v -66.387642 69.256615 9.449210
v -68.188667 67.587654 9.993989
v -66.623100 69.359200 9.993989
v -68.032372 67.395485 9.449210
v -70.056793 66.188126 9.993989
v -69.994972 65.925171 9.449210
v -67.978516 67.329269 8.845319
v -69.973663 65.834579 8.845319
v -72.083305 64.989624 9.449210
v -72.044617 65.297592 9.993989
v -73.957558 65.003250 9.993987
v -75.267426 65.810715 10.426324
v -73.746635 65.506104 10.426324
v -75.608345 65.333893 9.993987
v -76.397850 66.661263 10.426324
v -76.835411 66.257172 9.993987
v -77.518616 67.682693 9.993987
v -77.027245 67.974503 10.426324
v -76.408073 68.342239 10.703902
v -77.094048 69.621910 10.426324
v -76.467682 69.812172 10.703902
v -75.385086 71.429901 10.799548
v -75.773338 70.023064 10.799548
v -76.019417 71.436356 10.703902
v -74.594948 72.832642 10.799548
v -75.107201 73.055824 10.703902
v -76.591660 71.442177 10.426324
v -75.569305 73.257164 10.426324
v -77.045807 71.446808 9.993987
v -77.591118 69.470917 9.993987
v -77.910271 69.373970 9.449208
v -77.834106 67.495316 9.449208
v -75.936035 73.416954 9.993987
v -74.127052 74.889191 10.426324
v -74.370468 75.188515 9.993987
v -72.406036 76.178482 10.426324
v -70.650711 76.394470 10.703902
v -72.284691 75.662453 10.703902
v -73.820297 74.512032 10.703902
v -70.734863 75.724457 10.799548
v -72.150185 75.090416 10.799548
v -70.819023 75.054443 10.703902
v -72.015663 74.518372 10.703902
v -73.480263 74.093948 10.799548
v -73.140251 73.675873 10.703902
v -72.833504 73.298714 10.426324
v -74.082695 72.609428 10.703902
v -71.894318 74.002319 10.426324
v -70.955200 73.970360 9.993989
v -71.798004 73.592789 9.993987
v -70.894951 74.450035 10.426326
v -70.144142 74.095154 9.993989
v -69.933243 74.598007 10.426326
v -69.444229 73.954971 9.993989
v -69.103310 74.431778 10.426326
v -69.667465 75.231644 10.703904
v -68.673721 75.032593 10.703904
v -69.372864 75.934021 10.799550
v -68.486412 73.967613 10.426326
v -68.634300 72.959114 9.993989
v -68.923973 73.563515 9.993989
v -69.204910 73.304062 9.449210
v -68.949791 72.771751 9.449210
v -69.032684 72.070580 8.845319
v -68.922707 72.103989 9.449210
v -69.058495 72.707191 8.845319
v -69.301720 73.214661 8.845319
v -69.738533 73.543335 8.845319
v -69.663109 73.648834 9.449210
v -69.663109 73.648834 8.241427
v -70.279564 73.772308 8.241427
v -70.144142 74.095154 7.696649
v -70.955200 73.970360 7.696649
v -70.894951 74.450035 7.264312
v -71.894318 74.002319 7.264310
v -71.798004 73.592789 7.696647
v -72.833504 73.298714 7.264310
v -73.140251 73.675873 6.986732
v -72.590073 72.999405 7.696647
v -72.433777 72.807228 8.241426
v -73.253838 72.248283 7.696647
v -71.736191 73.329842 8.241426
v -71.714890 73.239243 8.845317
v -71.007217 73.556259 8.845319
v -70.993889 73.662392 8.241427
v -70.326218 73.661057 8.845319
v -70.279564 73.772308 9.449210
v -70.993889 73.662392 9.449210
v -71.736191 73.329842 9.449208
v -72.433777 72.807228 9.449208
v -72.590073 72.999405 9.993987
v -73.253845 72.248283 9.993987
v -73.620575 72.408089 10.426324
v -74.178505 71.417618 10.426324
v -74.750740 71.423439 10.703902
v -75.079025 70.233971 10.703902
v -74.452667 70.424232 10.426324
v -75.035378 69.157494 10.703902
v -75.721733 68.749870 10.799548
v -75.235283 67.734901 10.799548
v -75.846481 67.170456 10.703902
v -74.837830 66.411537 10.703902
v -74.361633 67.077553 10.799548
v -73.480881 66.139732 10.703902
v -73.186272 66.842133 10.799548
v -71.908432 66.381699 10.703904
v -71.984360 65.777260 10.426326
v -70.153114 66.597656 10.426326
v -70.274452 67.113708 10.703904
v -68.432106 67.886971 10.426326
v -68.738846 68.264130 10.703904
v -66.989838 69.519005 10.426326
v -67.451942 69.720345 10.703904
v -65.967484 71.333977 10.426326
v -65.513336 71.329353 9.993989
v -66.539726 71.339806 10.703904
v -67.174049 71.346268 10.799550
v -66.091469 72.963997 10.703904
v -67.964188 69.943527 10.799550
v -69.418892 69.100281 10.703904
v -68.476448 70.166733 10.703904
v -69.078880 68.682205 10.799550
v -70.543480 68.257782 10.703904
v -70.408966 67.685745 10.799550
v -71.740120 67.721710 10.703904
v -71.824280 67.051704 10.799550
v -72.891678 67.544518 10.703904
v -73.455841 68.344376 10.426324
v -72.625908 68.178154 10.426326
v -73.885414 67.743561 10.703902
v -74.072731 68.808548 10.426324
v -74.624092 68.299355 10.703902
v -74.416214 69.525223 10.426324
v -73.924835 69.817055 9.993987
v -73.955574 70.575226 9.993987
v -73.636436 70.672173 9.449208
v -73.724365 71.412979 9.993987
v -73.432793 71.410004 9.449208
v -72.937263 72.110359 8.845317
v -73.018394 72.145706 9.449208
v -73.332329 71.408981 8.845317
v -73.526451 70.705574 8.845317
v -73.432793 71.410004 8.241426
v -73.636436 70.672173 8.241426
v -73.609360 70.004417 8.241426
v -73.955574 70.575226 7.696647
v -73.924835 69.817055 7.696647
v -73.635162 69.212646 7.696647
v -74.416214 69.525223 7.264310
v -74.072731 68.808548 7.264310
v -73.455841 68.344376 7.264310
v -74.624092 68.299355 6.986732
v -73.885414 67.743561 6.986732
v -72.891678 67.544518 6.986733
v -72.625908 68.178154 7.264312
v -71.740120 67.721710 6.986733
v -71.824280 67.051704 6.891088
v -70.408966 67.685745 6.891088
v -70.543480 68.257782 6.986733
v -69.078880 68.682205 6.891088
v -71.664200 68.326126 7.264312
v -72.415001 68.681000 7.696649
v -72.896027 69.127327 8.241426
v -73.114906 68.821198 7.696647
v -73.354240 69.472084 8.241426
v -73.500641 70.068970 8.845317
v -73.257431 69.561493 8.845317
v -72.896027 69.127327 9.449208
v -73.354240 69.472084 9.449208
v -73.609360 70.004417 9.449208
v -73.635162 69.212646 9.993987
v -73.114906 68.821198 9.993987
v -72.415001 68.681000 9.993989
v -71.603951 68.805809 9.993989
v -71.664200 68.326126 10.426326
v -70.664841 68.773834 10.426326
v -70.761139 69.183372 9.993989
v -69.725639 69.477440 10.426326
v -69.969063 69.776749 9.993989
v -68.938560 70.368080 10.426326
v -67.808395 71.352722 10.703904
v -66.785797 72.753090 10.799550
v -66.151054 74.433914 10.703904
v -70.822960 69.446312 9.449210
v -73.724365 71.412979 7.696647
v -73.018394 72.145706 8.241426
v -72.379929 72.741020 8.845317
v -69.226799 71.367165 8.845319
v -30.951078 39.283409 10.434447
v -30.951078 39.283409 7.256194
v -40.645229 29.989822 10.434447
v -39.063702 31.505997 12.023255
v -32.532593 37.767239 12.023255
v -30.646971 39.574947 13.917571
v -29.065453 41.091118 12.328765
v -31.535341 40.001789 10.434447
v -29.588131 41.733768 12.328765
v -29.588131 41.733768 8.845323
v -31.221306 40.281120 13.917571
v -30.535873 40.890785 15.209899
v -28.179802 43.011047 12.995572
v -28.179802 43.011047 8.845323
v -27.678810 42.395058 8.845323
v -27.678810 42.395058 4.695073
v -28.179802 43.011047 4.695073
v -29.588131 41.733768 5.361879
v -29.065453 41.091118 8.845323
v -33.168518 38.549137 5.667388
v -29.065453 41.091118 5.361879
v -31.535341 40.001789 7.256194
v -31.221304 40.281120 3.773071
v -30.535872 40.890785 2.480742
v -29.983225 40.211273 2.480742
v -41.555470 29.306839 2.456185
v -42.309937 30.234497 2.456185
v -45.002598 27.997047 4.638090
v -43.624172 29.249165 5.234586
v -41.652752 30.819042 3.705493
v -44.016579 26.784683 4.638090
v -42.657551 28.060650 5.234586
v -44.141560 26.669266 8.845321
v -44.016579 26.784683 13.052550
v -42.657551 28.060650 12.456056
v -42.532578 28.176067 8.845321
v -45.127575 27.881622 8.845321
v -43.499199 29.364578 8.845321
v -45.002598 27.997047 13.052550
v -43.624172 29.249165 12.456056
v -41.546124 31.097527 10.434447
v -41.652752 30.819042 13.985148
v -42.309937 30.234497 15.234456
v -41.555470 29.306839 15.234456
v -29.983225 40.211273 15.209901
v -27.678810 42.395058 12.995572
v -40.919064 29.916939 13.985148
v -39.912945 32.550179 12.023255
v -33.168518 38.549137 12.023255
v -41.546120 31.097538 7.256194
v -40.645214 29.989822 7.256194
v -39.912945 32.550179 5.667387
v -39.063702 31.505997 5.667387
v -40.919064 29.916939 3.705493
v -30.646969 39.574947 3.773071
v -32.532593 37.767239 5.667388
v 70.710693 0.567016 0.000000
v -0.000001 71.277710 -0.000010
v -0.000001 56.223221 3.999991
v 55.656197 0.567016 4.000000
v -0.000001 -70.143600 0.000010
v 0.000003 -55.089081 4.000009
v -70.710701 0.567016 0.000000
v -55.656101 0.567016 4.000000
v 70.710693 0.567016 0.000000
v -0.000001 71.277710 -0.000010
v -0.000001 56.223221 -4.000008
v 55.656197 0.567016 -4.000000
v -0.000001 -70.143600 0.000010
v 0.000003 -55.089081 -3.999992
v -70.710701 0.567016 0.000000
v -55.656101 0.567016 -4.000000
vn 0.0156 -0.0824 0.9965
vn 0.0122 -0.0850 0.9963
vn -0.0389 -0.0381 0.9985
vn 0.0425 -0.0941 0.9947
vn 0.0129 0.0126 0.9998
vn -0.0361 -0.0312 0.9989
vn 0.0152 -0.0826 -0.9965
vn -0.0389 -0.0381 -0.9985
vn 0.0119 -0.0849 -0.9963
vn -0.0347 -0.0342 0.9988
vn -0.0398 -0.0391 0.9984
vn -0.0398 -0.0391 -0.9984
vn -0.0347 -0.0342 -0.9988
vn -0.0374 -0.0300 -0.9989
vn 0.0369 -0.0791 -0.9962
vn 0.0131 0.0123 -0.9998
vn 0.7105 0.7037 -0.0000
vn 0.0128 0.0128 -0.9998
vn -0.0353 -0.0350 -0.9988
vn 0.0277 0.0032 -0.9996
vn -0.0349 -0.0325 -0.9989
vn -0.0415 -0.0420 -0.9983
vn -0.0412 -0.0351 -0.9985
vn -0.0415 -0.0420 0.9983
vn -0.0349 -0.0325 0.9989
vn -0.0412 -0.0351 0.9985
vn -0.0353 -0.0349 0.9988
vn 0.0280 0.0029 0.9996
vn 0.0255 -0.0000 0.9997
vn 0.0129 0.0127 0.9998
vn 0.0139 -0.0773 -0.9969
vn 0.0352 -0.1506 0.9880
vn 0.1403 0.1289 0.9817
vn -0.1218 -0.1175 0.9856
vn -0.1041 -0.1228 0.9870
vn 0.1374 0.1312 0.9818
vn 0.1349 0.1419 0.9806
vn 0.8240 -0.5485 -0.1421
vn 0.8239 -0.5501 -0.1362
vn 0.8420 -0.5384 0.0334
vn -0.1116 -0.1088 0.9878
vn -0.1046 -0.1014 0.9893
vn -0.1646 -0.1483 0.9751
vn -0.8445 0.5345 -0.0341
vn -0.8442 0.5347 -0.0390
vn -0.8197 0.5499 -0.1604
vn -0.7179 -0.6961 0.0065
vn -0.8197 0.5499 0.1604
vn -0.1081 -0.0942 -0.9897
vn -0.8442 0.5347 0.0390
vn -0.1628 -0.1620 -0.9733
vn -0.1025 -0.0960 -0.9901
vn -0.1680 -0.1517 -0.9740
vn 0.8181 -0.5538 -0.1552
vn 0.6983 -0.7158 -0.0000
vn 0.8181 -0.5538 0.1552
vn -0.1747 -0.1523 0.9728
vn 0.8416 -0.5387 0.0381
vn 0.8416 -0.5387 -0.0381
vn 0.8420 -0.5384 -0.0334
vn 0.1489 0.1530 -0.9769
vn 0.8239 -0.5501 0.1362
vn -0.1037 -0.1176 -0.9876
vn 0.1359 0.1254 -0.9828
vn 0.1342 0.1421 -0.9807
vn -0.1189 -0.1140 -0.9863
vn 0.8240 -0.5485 0.1422
vn 0.1025 0.1344 0.9856
vn 0.7071 0.7071 -0.0000
vn 0.1465 0.1326 -0.9803
vn 0.7119 -0.7022 -0.0000
vn -0.7119 0.7022 -0.0000
vn -0.8260 0.5450 -0.1437
vn -0.8260 0.5450 0.1437
vn -0.8257 0.5468 0.1388
vn -0.8257 0.5468 -0.1388
vn -0.8445 0.5345 0.0341
vn -0.8259 0.5447 0.1455
vn 0.1244 0.1185 0.9851
vn 0.1807 0.1203 0.9761
vn 0.1228 0.1273 0.9842
vn 0.1326 0.0833 -0.9877
vn -0.7092 0.7050 -0.0000
vn 0.1376 0.1214 -0.9830
vn -0.8256 0.5466 0.1402
vn -0.8434 0.5362 -0.0338
vn -0.8431 0.5364 -0.0386
vn -0.1111 -0.1028 0.9885
vn -0.1199 -0.1154 0.9861
vn -0.8173 0.5546 -0.1563
vn -0.1729 -0.1518 0.9732
vn -0.1009 -0.0929 0.9905
vn -0.1043 -0.1136 0.9880
vn -0.7183 -0.6957 -0.0000
vn -0.8173 0.5546 0.1563
vn -0.1097 -0.0969 -0.9892
vn -0.1598 -0.2315 -0.9596
vn -0.8431 0.5364 0.0386
vn -0.8434 0.5362 0.0338
vn 0.1246 0.1194 -0.9850
vn -0.1164 -0.1112 -0.9870
vn -0.8256 0.5466 -0.1402
vn 0.1275 0.1213 -0.9844
vn -0.1033 -0.1064 -0.9889
vn 0.8138 -0.5667 0.1289
vn 0.8136 -0.5682 0.1232
vn 0.8286 -0.5590 -0.0297
vn -0.1063 -0.1044 -0.9888
vn 0.8283 -0.5592 -0.0339
vn 0.8060 -0.5761 -0.1360
vn 0.8060 -0.5761 0.1360
vn 0.6981 -0.7160 0.0031
vn -0.1798 -0.1580 -0.9709
vn -0.1748 -0.1587 0.9717
vn 0.8283 -0.5593 0.0340
vn 0.8286 -0.5590 0.0297
vn 0.8136 -0.5682 -0.1232
vn 0.1277 0.1220 0.9843
vn 0.8138 -0.5667 -0.1289
vn 0.7092 -0.7050 -0.0000
vn -0.8259 0.5447 -0.1454
vn -0.8041 0.5834 0.1140
vn -0.8039 0.5848 0.1083
vn -0.8103 0.5669 0.1483
vn 0.1225 0.1271 0.9843
vn 0.1288 0.0957 -0.9870
vn -0.8033 0.5850 -0.1119
vn -0.8038 0.5847 0.1096
vn -0.8168 0.5764 -0.0266
vn -0.8161 0.5773 -0.0274
vn -0.8171 0.5759 -0.0279
vn -0.8165 0.5765 -0.0304
vn -0.7933 0.5972 -0.1183
vn -0.7934 0.5978 -0.1151
vn -0.7177 -0.6964 0.0001
vn -0.7933 0.5972 0.1183
vn -0.8179 0.5747 0.0284
vn -0.7753 0.6282 0.0647
vn -0.8165 0.5765 0.0304
vn -0.8168 0.5764 0.0266
vn -0.8043 0.5843 -0.1085
vn -0.8170 0.5759 0.0279
vn -0.8038 0.5847 -0.1096
vn 0.1277 0.1217 -0.9843
vn -0.1040 -0.1140 -0.9880
vn 0.8090 -0.5751 0.1220
vn 0.8088 -0.5764 0.1165
vn 0.8228 -0.5677 -0.0281
vn -0.1053 -0.1043 -0.9890
vn 0.8225 -0.5679 -0.0322
vn -0.2032 -0.1806 -0.9623
vn 0.7974 -0.5909 -0.1222
vn 0.6984 -0.7157 -0.0000
vn 0.7974 -0.5909 0.1222
vn -0.2114 -0.1816 0.9604
vn -0.0980 -0.0912 0.9910
vn -0.1040 -0.1140 0.9880
vn 0.8228 -0.5677 0.0281
vn 0.8225 -0.5679 0.0321
vn 0.8088 -0.5764 -0.1165
vn 0.1292 0.1251 0.9837
vn 0.8090 -0.5751 -0.1220
vn -0.8041 0.5834 -0.1140
vn 0.1222 0.0890 -0.9885
vn 0.1261 0.0836 0.9885
vn 0.1162 0.0944 0.9887
vn 0.1151 0.1005 0.9883
vn 0.1256 0.0830 -0.9886
vn 0.0792 0.1320 0.9881
vn 0.0795 0.1322 -0.9880
vn 0.1156 0.1000 -0.9883
vn -0.1418 -0.0854 -0.9862
vn 0.1203 0.1101 -0.9866
vn 0.0886 0.1240 0.9883
vn 0.0839 0.1358 -0.9872
vn 0.0904 0.1221 -0.9884
vn -0.1792 -0.0927 -0.9794
vn -0.1257 -0.0985 -0.9872
vn -0.1567 -0.0643 -0.9855
vn 0.1064 0.1104 -0.9882
vn -0.1264 -0.0991 0.9870
vn -0.1457 -0.0741 0.9865
vn 0.0819 0.1377 0.9871
vn 0.1064 0.1104 0.9882
vn 0.1170 0.0906 0.9890
vn 0.1160 0.0906 -0.9891
vn -0.1691 -0.1037 0.9801
vn -0.1393 -0.0883 0.9863
vn -0.1298 -0.1439 0.9810
vn 0.1203 0.1100 0.9866
vn -0.1152 -0.0928 0.9890
vn -0.1274 -0.1466 -0.9810
vn -0.1147 -0.0922 -0.9891
vn -0.0023 0.0028 1.0000
vn 0.0144 -0.0123 0.9998
vn 0.0012 -0.0030 1.0000
vn -0.0002 0.0010 1.0000
vn 0.7268 0.6868 -0.0093
vn 0.7365 0.6764 0.0065
vn 0.7066 -0.7076 -0.0001
vn -0.0002 0.0010 -1.0000
vn 0.7088 -0.7053 0.0041
vn -0.0596 -0.0521 0.9969
vn -0.0657 -0.0388 0.9971
vn -0.7365 -0.6764 -0.0091
vn -0.1557 0.9724 0.1739
vn 0.1911 0.9654 0.1776
vn 0.1898 0.9605 0.2036
vn 0.2014 0.9620 0.1846
vn 0.1846 0.9625 -0.1990
vn -0.1520 0.9762 0.1548
vn -0.1557 0.9724 -0.1739
vn -0.4037 0.9010 -0.1592
vn -0.1355 0.8659 -0.4815
vn -0.3687 0.8198 -0.4382
vn -0.2957 0.6638 -0.6869
vn -0.5425 0.7292 -0.4171
vn -0.4486 0.6015 -0.6610
vn -0.5628 0.5018 -0.6568
vn -0.3019 0.4066 -0.8623
vn -0.3820 0.3399 -0.8594
vn -0.1428 0.1264 -0.9816
vn -0.4290 0.2455 -0.8693
vn -0.1587 0.0887 -0.9833
vn -0.1591 0.0433 -0.9863
vn 0.1414 -0.0431 -0.9890
vn 0.1392 -0.0805 -0.9870
vn 0.1284 0.0017 -0.9917
vn 0.4312 -0.1250 -0.8936
vn 0.4013 0.0097 -0.9159
vn 0.6570 0.0198 -0.7536
vn 0.3280 0.1487 -0.9329
vn 0.5522 0.2572 -0.7930
vn 0.3605 0.4744 -0.8031
vn 0.7579 0.3571 -0.5459
vn 0.5023 0.6611 -0.5574
vn 0.1664 0.8354 -0.5238
vn 0.1910 0.9653 0.1780
vn 0.5879 0.7849 0.1956
vn 0.1274 0.6188 -0.7752
vn -0.1347 0.8717 -0.4712
vn -0.1518 0.9762 0.1552
vn -0.1019 0.6763 -0.7295
vn -0.3692 0.8246 -0.4287
vn -0.4054 0.9036 0.1385
vn -0.2953 0.6632 -0.6877
vn -0.5474 0.7323 -0.4051
vn -0.5942 0.7938 0.1298
vn -0.6853 0.6079 -0.4010
vn -0.7436 0.6556 0.1316
vn -0.4466 0.6046 -0.6596
vn -0.5474 0.7324 0.4050
vn -0.6853 0.6079 0.4011
vn -0.8616 0.4903 0.1314
vn -0.7910 0.4481 0.4166
vn -0.9524 0.2683 0.1447
vn -0.7910 0.4518 -0.4125
vn -0.5630 0.5050 -0.6543
vn -0.8595 0.2404 -0.4511
vn -0.6432 0.3696 -0.6705
vn -0.3719 0.3358 -0.8654
vn -0.4190 0.2400 -0.8757
vn -0.6787 0.1913 -0.7091
vn -0.4306 0.1240 -0.8940
vn -0.6548 -0.0224 -0.7555
vn -0.8666 -0.0291 -0.4982
vn -0.7543 -0.3600 -0.5491
vn -0.8853 -0.4242 0.1906
vn -0.9847 -0.0387 0.1698
vn -0.5517 -0.2576 -0.7933
vn -0.1660 -0.8367 -0.5219
vn -0.1942 -0.9647 0.1781
vn -0.1660 -0.8367 0.5219
vn -0.7594 -0.3560 0.5446
vn -0.1950 -0.9651 0.1745
vn -0.1665 -0.8354 0.5239
vn 0.1490 -0.9770 0.1523
vn -0.1719 -0.8363 -0.5207
vn 0.1343 -0.8720 -0.4708
vn -0.1244 -0.6186 -0.7758
vn -0.1309 -0.6194 -0.7741
vn -0.0724 -0.3717 -0.9255
vn -0.0790 -0.3687 -0.9262
vn 0.1025 -0.6760 -0.7297
vn 0.2953 -0.6633 -0.6877
vn 0.3678 -0.8261 -0.4270
vn 0.0590 -0.4206 -0.9053
vn 0.0172 -0.1338 -0.9909
vn 0.1885 -0.4275 -0.8842
vn -0.0270 -0.1143 -0.9931
vn 0.0276 0.1351 -0.9905
vn -0.0224 -0.1168 -0.9929
vn 0.0257 0.1360 -0.9904
vn 0.1157 0.0560 -0.9917
vn -0.1056 -0.0431 -0.9935
vn -0.3270 -0.1493 -0.9331
vn -0.1284 -0.0018 -0.9917
vn 0.1444 0.0066 -0.9895
vn 0.4098 0.0143 -0.9121
vn 0.4407 -0.1250 -0.8889
vn 0.1593 -0.0445 -0.9862
vn 0.6438 -0.3648 -0.6727
vn 0.4290 -0.2454 -0.8693
vn 0.6791 -0.1913 -0.7087
vn 0.5643 -0.5011 -0.6561
vn 0.3802 -0.3411 -0.8597
vn 0.1587 -0.0887 -0.9833
vn -0.1394 0.0821 -0.9868
vn 0.1426 -0.1265 -0.9817
vn -0.1414 0.0431 -0.9890
vn -0.4013 -0.0097 -0.9159
vn -0.1245 0.1110 -0.9860
vn 0.1133 -0.1514 -0.9819
vn -0.0980 0.1313 -0.9865
vn 0.0730 -0.1619 -0.9841
vn -0.2936 0.3971 -0.8695
vn -0.0598 0.1402 -0.9883
vn 0.0640 -0.4324 -0.8994
vn 0.0237 -0.1564 -0.9874
vn 0.1927 -0.4391 -0.8775
vn -0.0791 -0.3809 -0.9212
vn -0.0257 -0.1360 -0.9904
vn -0.0191 0.1337 -0.9908
vn -0.0616 0.4197 -0.9056
vn 0.0270 0.1143 -0.9931
vn -0.1885 0.4275 -0.8841
vn 0.0792 0.3687 -0.9262
vn 0.0689 0.0835 -0.9941
vn 0.2159 0.2745 -0.9370
vn 0.1035 0.0450 -0.9936
vn -0.1445 -0.0065 -0.9895
vn -0.1139 -0.0585 -0.9918
vn -0.4097 -0.0143 -0.9121
vn -0.0731 -0.1025 -0.9920
vn -0.3337 -0.1571 -0.9295
vn -0.6554 -0.0244 -0.7549
vn -0.5494 -0.2614 -0.7936
vn -0.2186 -0.2852 -0.9332
vn -0.3605 -0.4756 -0.8024
vn -0.4917 -0.6582 -0.5701
vn -0.1279 -0.6177 -0.7759
vn -0.7481 -0.3554 -0.5605
vn -0.9816 -0.0441 -0.1858
vn -0.8584 -0.0316 -0.5121
vn -0.8806 -0.4222 -0.2150
vn -0.9520 0.2598 -0.1622
vn -0.8543 0.2395 -0.4614
vn -0.8629 0.4834 -0.1471
vn -0.7863 0.4470 -0.4265
vn -0.6803 0.1887 -0.7082
vn -0.4411 0.1226 -0.8891
vn -0.6425 0.3661 -0.6732
vn -0.6840 0.6041 -0.4089
vn -0.5958 0.7901 -0.1437
vn -0.7434 0.6537 -0.1412
vn -0.7446 0.6539 0.1339
vn -0.5945 0.7936 0.1298
vn -0.4058 0.9034 0.1384
vn -0.5924 0.7919 0.1480
vn -0.7434 0.6537 0.1412
vn -0.8630 0.4834 0.1470
vn -0.7863 0.4470 0.4265
vn -0.6818 0.6053 0.4108
vn -0.8566 0.2354 0.4591
vn -0.6421 0.3665 0.6734
vn -0.6791 0.1914 0.7087
vn -0.4408 0.1240 0.8890
vn -0.6552 -0.0214 0.7551
vn -0.4095 -0.0155 0.9122
vn -0.3330 -0.1587 0.9295
vn -0.1437 -0.0081 0.9896
vn -0.1139 -0.0585 0.9918
vn 0.1056 0.0431 0.9935
vn -0.0753 -0.1006 0.9921
vn 0.0702 0.0828 0.9941
vn 0.0259 0.1146 0.9931
vn 0.0791 0.3687 0.9262
vn 0.2147 0.2750 0.9372
vn -0.0616 0.4197 0.9056
vn 0.1276 0.6188 0.7751
vn -0.1021 0.6762 0.7296
vn -0.1344 0.8719 0.4710
vn -0.2953 0.6633 0.6877
vn -0.3694 0.8244 0.4289
vn 0.1681 0.8357 0.5229
vn 0.3630 0.4738 0.8024
vn 0.4998 0.6617 0.5588
vn 0.5546 0.2558 0.7919
vn 0.7594 0.3560 0.5446
vn 0.4013 0.0096 0.9159
vn 0.6557 0.0213 0.7547
vn 0.3255 0.1504 0.9335
vn 0.4307 -0.1240 0.8940
vn 0.6791 -0.1922 0.7085
vn 0.8653 0.0312 0.5003
vn 0.8606 -0.2441 0.4471
vn 0.9849 0.0380 0.1691
vn 0.8856 0.4237 0.1902
vn 0.8673 0.0280 -0.4970
vn 0.8596 -0.2406 -0.4508
vn 0.6808 -0.1956 -0.7059
vn 0.4199 -0.2434 -0.8743
vn 0.6423 -0.3655 -0.6736
vn 0.3719 -0.3336 -0.8663
vn 0.7910 -0.4507 -0.4137
vn 0.5630 -0.5021 -0.6564
vn 0.0963 -0.1335 -0.9864
vn 0.2943 -0.3954 -0.8701
vn 0.1244 -0.1111 -0.9860
vn 0.0596 -0.1403 -0.9883
vn 0.4473 -0.6024 -0.6611
vn 0.5466 -0.7340 -0.4031
vn 0.6848 -0.6100 -0.3987
vn 0.8625 -0.4878 0.1348
vn 0.7422 -0.6578 0.1284
vn 0.9524 -0.2683 0.1447
vn 0.7909 -0.4483 0.4164
vn 0.6846 -0.6111 0.3974
vn 0.4478 -0.6008 0.6622
vn 0.5471 -0.7329 0.4043
vn 0.5631 -0.5012 0.6570
vn 0.2953 -0.6633 0.6877
vn 0.3685 -0.8253 0.4279
vn 0.5944 -0.7936 0.1301
vn 0.4052 -0.9037 0.1382
vn 0.1342 -0.8720 0.4708
vn 0.1019 -0.6763 0.7295
vn -0.1309 -0.6194 0.7741
vn -0.0717 -0.3725 0.9253
vn -0.1219 -0.6212 0.7741
vn -0.0775 -0.3688 0.9263
vn -0.3287 -0.1482 0.9327
vn -0.5511 -0.2579 0.7936
vn -0.6584 -0.0182 0.7524
vn -0.4013 -0.0096 0.9159
vn -0.1297 0.0001 0.9916
vn -0.1415 0.0434 0.9890
vn -0.4319 0.1263 0.8931
vn 0.1584 -0.0902 0.9832
vn -0.1392 0.0811 0.9869
vn 0.1592 -0.0437 0.9863
vn 0.1419 -0.1277 0.9816
vn -0.1241 0.1126 0.9859
vn -0.4190 0.2399 0.8757
vn -0.3719 0.3358 0.8654
vn -0.6423 0.3655 0.6736
vn -0.6791 0.1923 0.7084
vn -0.8596 0.2406 0.4508
vn -0.8653 -0.0312 0.5003
vn -0.5630 0.5021 0.6564
vn -0.2941 0.3958 0.8700
vn -0.4473 0.6023 0.6612
vn -0.1868 0.4293 0.8837
vn -0.0184 0.1338 0.9908
vn -0.0604 0.1400 0.9883
vn 0.0237 -0.1564 0.9874
vn -0.0968 0.1327 0.9864
vn 0.0709 -0.1621 0.9842
vn 0.0638 -0.4323 0.8995
vn 0.1944 -0.4393 0.8770
vn 0.1127 -0.1517 0.9820
vn 0.2998 -0.4071 0.8628
vn 0.3820 -0.3399 0.8594
vn 0.4454 -0.6020 0.6627
vn 0.2956 -0.6638 0.6870
vn 0.1316 -0.8648 0.4846
vn 0.1026 -0.6767 0.7291
vn 0.3651 -0.8197 0.4412
vn -0.1662 -0.8272 0.5367
vn -0.1260 -0.6192 0.7750
vn -0.4936 -0.6555 0.5716
vn -0.3610 -0.4748 0.8027
vn -0.0778 -0.3818 0.9210
vn -0.2183 -0.2855 0.9332
vn -0.0257 -0.1360 0.9904
vn -0.5494 -0.2614 0.7936
vn -0.8585 -0.0322 0.5118
vn -0.7477 -0.3570 0.5599
vn -0.8806 -0.4222 0.2150
vn -0.9816 -0.0442 0.1857
vn -0.9526 0.2654 0.1487
vn -0.9499 0.2646 0.1666
vn -0.9848 -0.0378 0.1696
vn -0.8853 -0.4240 0.1911
vn -0.5797 -0.7854 0.2170
vn -0.5882 -0.7847 0.1955
vn -0.5797 -0.7854 -0.2170
vn -0.1916 -0.9598 -0.2052
vn -0.1627 -0.8296 -0.5341
vn 0.1316 -0.8648 -0.4846
vn 0.1027 -0.6768 -0.7290
vn 0.2940 -0.6636 -0.6879
vn 0.3646 -0.8197 -0.4417
vn 0.4470 -0.6017 -0.6619
vn 0.3019 -0.4066 -0.8623
vn 0.5464 -0.7282 -0.4136
vn 0.5958 -0.7901 -0.1437
vn 0.6811 -0.6057 -0.4114
vn 0.4046 -0.9007 -0.1581
vn 0.4093 -0.9011 0.1430
vn 0.1522 -0.9761 0.1550
vn 0.1508 -0.9723 -0.1786
vn -0.1843 -0.9656 0.1832
vn -0.1905 -0.9602 0.2043
vn 0.1557 -0.9724 0.1739
vn 0.4078 -0.8999 0.1546
vn 0.5958 -0.7901 0.1437
vn 0.5430 -0.7291 0.4166
vn 0.6842 -0.6040 0.4087
vn 0.5619 -0.5023 0.6573
vn 0.6423 -0.3663 0.6733
vn 0.4290 -0.2455 0.8693
vn 0.4411 -0.1226 0.8891
vn 0.6788 -0.1920 0.7088
vn 0.4095 0.0160 0.9122
vn 0.1437 0.0081 0.9896
vn 0.1151 0.0568 0.9917
vn -0.1056 -0.0431 0.9935
vn -0.0201 -0.1188 0.9927
vn 0.0275 0.1351 0.9905
vn -0.0254 -0.1148 0.9931
vn 0.0269 0.1354 0.9904
vn 0.0191 -0.1338 0.9908
vn 0.0615 -0.4196 0.9056
vn 0.1885 -0.4275 0.8841
vn 0.0604 -0.1400 0.9883
vn 0.2936 -0.3971 0.8696
vn 0.0968 -0.1327 0.9864
vn 0.3719 -0.3338 0.8662
vn 0.1240 -0.1127 0.9859
vn 0.4195 -0.2418 0.8750
vn 0.6423 -0.3655 0.6736
vn 0.1392 -0.0806 0.9870
vn 0.1414 -0.0431 0.9890
vn -0.1584 0.0902 0.9832
vn -0.1429 0.1262 0.9816
vn -0.2998 0.4071 0.8628
vn -0.1133 0.1514 0.9820
vn -0.3815 0.3402 0.8595
vn -0.1927 0.4391 0.8775
vn -0.0729 0.1620 0.9841
vn -0.0639 0.4323 0.8994
vn -0.0249 0.1567 0.9873
vn 0.0791 0.3809 0.9212
vn 0.1187 0.6221 0.7739
vn 0.0739 0.3843 0.9203
vn 0.1279 0.6177 0.7759
vn 0.5495 0.2609 0.7937
vn 0.3339 0.1568 0.9295
vn 0.6554 0.0238 0.7549
vn 0.8585 0.0322 0.5118
vn 0.8563 -0.2360 0.4594
vn 0.9498 -0.2646 0.1666
vn 0.8629 -0.4834 0.1471
vn 0.7891 -0.4443 0.4241
vn 0.7425 -0.6573 0.1290
vn 0.7407 -0.6560 0.1450
vn 0.8624 -0.4879 0.1350
vn 0.8630 -0.4833 -0.1471
vn 0.9526 -0.2652 0.1489
vn 0.9520 -0.2596 -0.1620
vn 0.9808 0.0365 -0.1914
vn 0.8566 -0.2354 -0.4591
vn 0.8593 0.0367 -0.5101
vn 0.7477 0.3570 -0.5598
vn 0.5490 0.2627 -0.7935
vn 0.6554 0.0234 -0.7549
vn 0.1220 0.6219 -0.7735
vn 0.0734 0.3844 -0.9202
vn 0.3330 0.1586 -0.9295
vn 0.0791 0.3808 -0.9212
vn 0.1262 0.6191 -0.7751
vn -0.0641 0.4324 -0.8994
vn -0.0230 0.1562 -0.9875
vn -0.0725 0.1620 -0.9841
vn -0.1927 0.4391 -0.8775
vn -0.1133 0.1514 -0.9820
vn -0.1024 0.6766 -0.7292
vn 0.1656 0.8276 -0.5363
vn 0.1864 0.9601 -0.2086
vn 0.1628 0.8284 -0.5360
vn 0.8809 0.4213 -0.2157
vn 0.9832 0.0448 0.1767
vn 0.8853 0.4240 0.1911
vn 0.1879 0.9600 0.2075
vn 0.8809 0.4213 0.2157
vn 0.1628 0.8284 0.5360
vn 0.9809 0.0376 0.1906
vn 0.7479 0.3561 0.5602
vn 0.1627 0.8296 0.5341
vn -0.1355 0.8659 0.4815
vn -0.1010 0.6760 0.7300
vn -0.2957 0.6638 0.6869
vn -0.3652 0.8197 0.4412
vn -0.4486 0.6015 0.6610
vn -0.5433 0.7290 0.4163
vn -0.5646 0.5009 0.6559
vn -0.4290 0.2455 0.8693
vn -0.1591 0.0433 0.9863
vn 0.1298 -0.0003 0.9915
vn -0.4034 0.9010 0.1595
vn 0.7863 -0.4469 -0.4265
vn 0.7434 -0.6537 -0.1412
vn 0.5972 -0.7907 0.1346
vn -0.8624 0.4878 0.1351
vn 0.6845 -0.7290 -0.0037
vn 0.6829 -0.7305 0.0090
vn 0.7617 0.6471 -0.0344
vn 0.6934 -0.7206 0.0037
vn 0.6774 -0.7355 0.0152
vn 0.6957 -0.7182 0.0115
vn 0.6972 -0.7169 -0.0009
vn 0.6851 -0.7284 -0.0064
vn 0.4251 0.3386 -0.8394
vn -0.4804 -0.4293 0.7648
vn 0.7724 0.6352 -0.0001
vn -0.7685 -0.6398 -0.0000
vn 0.4442 0.3824 0.8102
vn 0.5053 0.3666 0.7812
vn 0.6807 -0.7326 -0.0001
vn 0.6837 -0.7297 0.0062
vn 0.4646 0.3662 -0.8062
vn 0.4652 0.4051 0.7871
vn 0.6827 -0.7307 -0.0002
vn 0.6886 -0.7251 0.0090
vn 0.0108 -0.0019 -0.9999
vn -0.4473 -0.3795 -0.8099
vn 0.7623 0.6459 0.0410
vn 0.4512 0.4295 -0.7823
vn 0.6872 -0.7265 -0.0013
vn 0.7217 -0.6915 -0.0297
vn -0.4259 -0.3406 -0.8382
vn -0.4915 -0.4082 0.7693
vn -0.4209 -0.3962 -0.8160
vn 0.6918 -0.7210 -0.0394
vn 0.4781 0.4092 -0.7772
vn 0.7141 -0.6993 -0.0335
vn 0.6820 -0.7313 0.0005
vn 0.6899 -0.7233 0.0300
vn -0.7648 -0.6432 0.0375
vn 0.7141 -0.6993 0.0333
vn 0.6800 -0.7332 -0.0012
vn 0.7719 0.6343 0.0421
vn -0.4134 -0.3589 0.8369
vn -0.4669 -0.4013 -0.7880
vn -0.7705 -0.6357 -0.0469
vn 0.4997 0.4140 0.7609
vn -0.4697 -0.3396 0.8149
vn 0.7220 -0.6913 0.0293
vn 0.6875 -0.7261 0.0015
vn 0.6856 -0.7278 -0.0127
vn 0.6664 -0.7443 0.0440
vn -0.0143 -0.0242 0.9996
vn 0.0106 -0.0066 0.9999
vn -0.7797 -0.6261 0.0028
vn 0.6923 -0.7216 -0.0065
vn 0.0441 -0.0075 -0.9990
vn 0.6872 -0.7265 -0.0087
vn 0.6642 -0.7468 -0.0335
vn 0.6957 -0.7183 -0.0059
vn 0.6862 -0.7274 -0.0050
vn 0.2487 0.2487 0.9361
vn 0.1519 -0.0216 0.9882
vn 0.2682 -0.0226 0.9631
vn 0.0198 0.0443 0.9988
vn 0.1510 -0.2704 0.9508
vn 0.2435 -0.0395 0.9691
vn -0.0703 -0.1913 0.9790
vn -0.2396 -0.0166 0.9707
vn -0.1519 0.0216 0.9882
vn 0.0064 0.2417 0.9703
vn 0.2396 0.0166 -0.9707
vn 0.0703 0.1913 -0.9790
vn -0.1510 0.2704 -0.9508
vn 0.1625 -0.0320 -0.9862
vn 0.1510 -0.2704 -0.9508
vn -0.0743 -0.1790 -0.9810
vn -0.2396 -0.0166 -0.9707
vn -0.1519 0.0216 -0.9882
vt 0.107206 0.126139
vt 0.120724 0.130467
vt 0.105420 0.280867
vt 0.133243 0.117527
vt 0.131710 0.280248
vt 0.109447 0.280769
vt 0.108334 0.433213
vt 0.104408 0.433283
vt 0.130273 0.432834
vt 0.128734 0.596241
vt 0.107360 0.596476
vt 0.126915 0.789310
vt 0.104898 0.789455
vt 0.103633 0.596516
vt 0.100849 0.789474
vt 0.134084 0.101583
vt 0.258982 0.247322
vt 0.251933 0.252655
vt 0.250175 0.247337
vt 0.261008 0.252640
vt 0.265429 0.247084
vt 0.265407 0.246570
vt 0.258990 0.246570
vt 0.250199 0.246570
vt 0.246225 0.252664
vt 0.244090 0.247376
vt 0.238550 0.252883
vt 0.251959 0.253430
vt 0.246219 0.253430
vt 0.238594 0.253430
vt 0.233804 0.252968
vt 0.237820 0.247060
vt 0.237841 0.246570
vt 0.233804 0.247101
vt 0.244097 0.246570
vt 0.266014 0.252979
vt 0.266949 0.247057
vt 0.270116 0.246570
vt 0.270116 0.253430
vt 0.266029 0.253430
vt 0.261006 0.253430
vt 0.266247 0.215219
vt 0.258756 0.214505
vt 0.266286 0.214836
vt 0.265590 0.207645
vt 0.270370 0.215219
vt 0.258749 0.215219
vt 0.252222 0.215219
vt 0.243899 0.215219
vt 0.243905 0.214498
vt 0.252243 0.214516
vt 0.238338 0.215219
vt 0.238350 0.214683
vt 0.241771 0.207971
vt 0.250315 0.207925
vt 0.233550 0.214770
vt 0.256298 0.207895
vt 0.265515 0.207216
vt 0.256297 0.207216
vt 0.250295 0.207216
vt 0.241776 0.207216
vt 0.237588 0.207216
vt 0.233550 0.207720
vt 0.237624 0.207676
vt 0.270370 0.207216
vt 0.266335 0.174243
vt 0.256457 0.173355
vt 0.266455 0.173667
vt 0.265914 0.168477
vt 0.270455 0.174243
vt 0.256356 0.174243
vt 0.252101 0.174243
vt 0.241829 0.173417
vt 0.252175 0.173389
vt 0.241815 0.174243
vt 0.238093 0.174243
vt 0.238184 0.173638
vt 0.233465 0.173728
vt 0.254806 0.168728
vt 0.250965 0.168722
vt 0.265778 0.167862
vt 0.254795 0.167862
vt 0.250900 0.167862
vt 0.240393 0.168702
vt 0.240387 0.167862
vt 0.237656 0.168408
vt 0.237541 0.167862
vt 0.233465 0.168435
vt 0.270455 0.167862
vt 0.209314 0.266409
vt 0.209730 0.315848
vt 0.195508 0.315848
vt 0.209557 0.164442
vt 0.195267 0.165012
vt 0.194608 0.265960
vt 0.209599 0.129334
vt 0.195420 0.129627
vt 0.181899 0.165324
vt 0.181887 0.123004
vt 0.181858 0.129404
vt 0.195464 0.123004
vt 0.209592 0.123004
vt 0.182149 0.265836
vt 0.181702 0.315848
vt 0.197891 0.405946
vt 0.201128 0.456143
vt 0.176731 0.405216
vt 0.178963 0.456564
vt 0.154745 0.406090
vt 0.155904 0.455927
vt 0.256771 0.428383
vt 0.259881 0.428341
vt 0.258251 0.430199
vt 0.261194 0.429197
vt 0.258898 0.427118
vt 0.255922 0.426200
vt 0.254726 0.429605
vt 0.253601 0.426731
vt 0.251251 0.427264
vt 0.253418 0.423648
vt 0.251018 0.423429
vt 0.251982 0.419711
vt 0.248566 0.423199
vt 0.249721 0.418734
vt 0.247423 0.417736
vt 0.252199 0.414844
vt 0.250322 0.413185
vt 0.254485 0.409752
vt 0.253198 0.407571
vt 0.248424 0.411508
vt 0.258955 0.405302
vt 0.251898 0.405374
vt 0.258398 0.402810
vt 0.257832 0.400302
vt 0.265371 0.402381
vt 0.265609 0.399821
vt 0.273153 0.401767
vt 0.265844 0.397241
vt 0.274175 0.399386
vt 0.281434 0.404001
vt 0.283157 0.402036
vt 0.275206 0.396985
vt 0.279727 0.405950
vt 0.286912 0.410634
vt 0.289157 0.409297
vt 0.284686 0.411959
vt 0.290072 0.418634
vt 0.292620 0.418057
vt 0.287545 0.419207
vt 0.290605 0.427219
vt 0.293207 0.427458
vt 0.288460 0.435548
vt 0.290861 0.436579
vt 0.288026 0.426983
vt 0.285812 0.444530
vt 0.283847 0.442808
vt 0.278553 0.450532
vt 0.286080 0.434527
vt 0.277216 0.448287
vt 0.281898 0.441101
vt 0.283718 0.433510
vt 0.279966 0.439404
vt 0.275890 0.446061
vt 0.274577 0.443851
vt 0.268643 0.448922
vt 0.269216 0.451449
vt 0.260631 0.451983
vt 0.260392 0.454585
vt 0.269793 0.453997
vt 0.260866 0.449403
vt 0.252300 0.449838
vt 0.251269 0.452239
vt 0.243318 0.447188
vt 0.245041 0.445223
vt 0.237318 0.439927
vt 0.239563 0.438590
vt 0.253322 0.447457
vt 0.246748 0.443274
vt 0.254339 0.445095
vt 0.248445 0.441342
vt 0.241789 0.437265
vt 0.238929 0.430018
vt 0.236403 0.430590
vt 0.244000 0.435952
vt 0.246197 0.434652
vt 0.241438 0.429452
vt 0.250133 0.439427
vt 0.256361 0.440429
vt 0.255352 0.442752
vt 0.251810 0.437530
vt 0.261585 0.441780
vt 0.261343 0.444301
vt 0.261103 0.446843
vt 0.267520 0.443922
vt 0.266970 0.441450
vt 0.266427 0.439006
vt 0.270718 0.437315
vt 0.271990 0.439472
vt 0.272428 0.432753
vt 0.274276 0.434381
vt 0.269463 0.435196
vt 0.274492 0.429513
vt 0.276754 0.430490
vt 0.276153 0.436039
vt 0.278051 0.437716
vt 0.279051 0.431488
vt 0.273277 0.441653
vt 0.268077 0.446414
vt 0.281374 0.432496
vt 0.280402 0.426264
vt 0.282923 0.426506
vt 0.280073 0.420879
vt 0.285465 0.426746
vt 0.282545 0.420329
vt 0.275939 0.417130
vt 0.278096 0.415858
vt 0.277627 0.421422
vt 0.273006 0.413571
vt 0.274664 0.411694
vt 0.280277 0.414572
vt 0.282475 0.413272
vt 0.276342 0.409797
vt 0.285037 0.419772
vt 0.278030 0.407882
vt 0.271123 0.406472
vt 0.272136 0.404129
vt 0.265132 0.404923
vt 0.259504 0.407774
vt 0.264890 0.407444
vt 0.260048 0.410219
vt 0.270114 0.408795
vt 0.264651 0.409937
vt 0.260586 0.412622
vt 0.264421 0.412388
vt 0.269116 0.411092
vt 0.268140 0.413352
vt 0.267190 0.415567
vt 0.271378 0.415419
vt 0.264202 0.414787
vt 0.261651 0.417291
vt 0.261120 0.414971
vt 0.263990 0.417158
vt 0.259468 0.418141
vt 0.258245 0.416099
vt 0.257655 0.419625
vt 0.255860 0.418059
vt 0.257012 0.414029
vt 0.255757 0.411910
vt 0.254047 0.416472
vt 0.254196 0.420660
vt 0.255789 0.423860
vt 0.256386 0.421595
vt 0.258659 0.422569
vt 0.258251 0.424084
vt 0.258332 0.425651
vt 0.250585 0.403163
vt 0.257259 0.397776
vt 0.249259 0.400937
vt 0.256682 0.395227
vt 0.266083 0.394639
vt 0.246509 0.409820
vt 0.244576 0.408123
vt 0.242757 0.415714
vt 0.242628 0.406416
vt 0.240395 0.414697
vt 0.243551 0.422718
vt 0.241009 0.422478
vt 0.245100 0.416727
vt 0.243930 0.428895
vt 0.238449 0.422241
vt 0.235869 0.422005
vt 0.238014 0.413675
vt 0.240663 0.404693
vt 0.235613 0.412644
vt 0.247922 0.398692
vt 0.233267 0.421766
vt 0.233854 0.431167
vt 0.277908 0.426025
vt 0.275455 0.425795
vt 0.275224 0.421960
vt 0.271749 0.419618
vt 0.273819 0.418385
vt 0.272873 0.422494
vt 0.269791 0.417231
vt 0.260737 0.420263
vt 0.262201 0.419700
vt 0.263767 0.419619
vt 0.266255 0.417756
vt 0.265280 0.420028
vt 0.268225 0.419024
vt 0.273055 0.425576
vt 0.270682 0.425363
vt 0.272277 0.428564
vt 0.270552 0.423024
vt 0.268140 0.423569
vt 0.267581 0.422103
vt 0.269706 0.420839
vt 0.266597 0.420883
vt 0.246073 0.422960
vt 0.248847 0.427802
vt 0.246402 0.428345
vt 0.250537 0.432093
vt 0.248379 0.433366
vt 0.253469 0.435653
vt 0.258335 0.435872
vt 0.257358 0.438132
vt 0.255097 0.433805
vt 0.262054 0.436836
vt 0.261824 0.439287
vt 0.265889 0.436603
vt 0.265355 0.434254
vt 0.268230 0.433127
vt 0.267007 0.431085
vt 0.268821 0.429601
vt 0.270615 0.431166
vt 0.267813 0.426659
vt 0.270087 0.427629
vt 0.266959 0.427976
vt 0.265740 0.428962
vt 0.264824 0.431933
vt 0.262273 0.434437
vt 0.252656 0.430839
vt 0.256685 0.431992
vt 0.260220 0.431469
vt 0.259285 0.433658
vt 0.262485 0.432066
vt 0.264275 0.429522
vt 0.262708 0.429605
vt 0.268216 0.425138
vt 0.259517 0.421255
vt 0.225287 0.520149
vt 0.197621 0.520921
vt 0.227524 0.606221
vt 0.240828 0.592444
vt 0.239034 0.533467
vt 0.256125 0.517531
vt 0.240908 0.502492
vt 0.209804 0.483307
vt 0.210139 0.494954
vt 0.267247 0.511473
vt 0.248269 0.491153
vt 0.172296 0.493582
vt 0.180262 0.504208
vt 0.184396 0.534812
vt 0.166698 0.520572
vt 0.155167 0.515012
vt 0.157715 0.614972
vt 0.183329 0.625754
vt 0.176885 0.636931
vt 0.168431 0.608924
vt 0.214774 0.645918
vt 0.252180 0.635288
vt 0.245413 0.624496
vt 0.214688 0.632459
vt 0.258819 0.606523
vt 0.269923 0.612207
vt 0.199819 0.606855
vt 0.186065 0.593685
vt 0.581791 0.773294
vt 0.390294 0.966117
vt 0.390264 0.923540
vt 0.539213 0.773325
vt 0.388967 0.581798
vt 0.388998 0.624375
vt 0.197471 0.774621
vt 0.240049 0.774590
s 1
usemtl initialShadingGroup.008
f 2176/1190/1866 2175/1191/1867 2180/1192/1868
f 2176/1190/1866 2177/1193/1869 2175/1191/1867
f 2175/1191/1867 2177/1193/1869 2178/1194/1870
f 2175/1191/1867 2178/1194/1870 2179/1195/1871
f 2179/1195/1871 2180/1192/1868 2175/1191/1867
f 2176/1190/1872 2180/1192/1873 2185/1191/1874
f 2179/1195/1871 2181/1196/1875 2180/1192/1868
f 2180/1192/1868 2181/1196/1875 2182/1197/1876
f 2182/1197/1877 2183/1196/1878 2180/1192/1873
f 2180/1192/1873 2183/1196/1878 2184/1195/1879
f 2185/1191/1874 2180/1192/1873 2184/1195/1879
f 2186/1193/1880 2176/1190/1872 2185/1191/1874
f 2187/1194/1881 2185/1191/1874 2184/1195/1879
f 2187/1194/1881 2186/1193/1880 2185/1191/1874
f 2189/1198/1882 2188/1194/1882 2187/1194/1881
f 2187/1194/1881 2188/1194/1882 2186/1193/1880
f 2190/1198/1883 2189/1198/1882 2187/1194/1881
f 2187/1194/1881 2184/1195/1879 2190/1198/1883
f 2191/1199/1882 2189/1198/1882 2190/1198/1883
f 2192/1199/1883 2191/1199/1882 2190/1198/1883
f 2190/1198/1883 2183/1196/1878 2192/1199/1883
f 2190/1198/1883 2184/1195/1879 2183/1196/1878
f 2192/1199/1883 2194/1200/1884 2193/1201/1885
f 2191/1199/1882 2192/1199/1883 2193/1201/1885
f 2192/1199/1883 2183/1196/1878 2194/1200/1884
f 2193/1201/1885 2194/1200/1884 2196/1202/1886
f 2195/1203/1887 2194/1200/1884 2182/1197/1877
f 2194/1200/1884 2195/1203/1887 2196/1202/1886
f 2182/1197/1877 2194/1200/1884 2183/1196/1878
f 2196/1202/1886 2195/1203/1887 2197/1204/1888
f 2195/1203/1889 2198/1202/1890 2197/1204/1891
f 2200/1200/1892 2199/1201/1893 2198/1202/1890
f 2200/1200/1892 2198/1202/1890 2195/1203/1889
f 2181/1196/1875 2201/1199/1894 2200/1200/1892
f 2201/1199/1894 2199/1201/1893 2200/1200/1892
f 2181/1196/1875 2200/1200/1892 2182/1197/1876
f 2182/1197/1876 2200/1200/1892 2195/1203/1889
f 2191/1199/1882 2199/1201/1893 2201/1199/1894
f 2202/1198/1895 2201/1199/1894 2181/1196/1875
f 2201/1199/1894 2202/1198/1895 2191/1199/1882
f 2202/1198/1895 2178/1194/1870 2189/1198/1882
f 2178/1194/1870 2202/1198/1895 2179/1195/1871
f 2179/1195/1871 2202/1198/1895 2181/1196/1875
f 2191/1199/1882 2202/1198/1895 2189/1198/1882
f 2203/1201/1882 2199/1201/1893 2191/1199/1882
f 2203/1201/1882 2191/1199/1882 2193/1201/1885
f 2189/1198/1882 2178/1194/1870 2188/1194/1882
f 2188/1194/1882 2177/1193/1869 2186/1193/1880
f 2178/1194/1870 2177/1193/1869 2188/1194/1882
f 2204/1205/1896 2176/1190/1872 2186/1193/1880
f 2177/1193/1869 2204/1205/1896 2186/1193/1880
f 2204/1205/1897 2177/1193/1897 2176/1190/1897
f 2205/1206/1898 2206/1207/1899 2212/1208/1900
f 2205/1206/1898 2207/1209/1901 2206/1207/1899
f 2207/1209/1901 2205/1206/1898 2208/1210/1902
f 2205/1206/1898 2209/1211/1903 2208/1210/1902
f 2205/1206/1898 2211/1212/1904 2209/1211/1903
f 2210/1213/1905 2205/1206/1898 2212/1208/1900
f 2210/1213/1905 2211/1212/1904 2205/1206/1898
f 2214/1214/1906 2213/1215/1907 2212/1208/1900
f 2213/1215/1907 2210/1213/1905 2212/1208/1900
f 2214/1214/1906 2212/1208/1900 2206/1207/1899
f 2213/1215/1907 2214/1214/1906 2216/1216/1908
f 2215/1217/1909 2214/1214/1906 2206/1207/1899
f 2215/1217/1909 2218/1218/1910 2214/1214/1906
f 2214/1214/1906 2217/1219/1911 2216/1216/1908
f 2214/1214/1906 2218/1218/1910 2217/1219/1911
f 2219/1220/1912 2217/1219/1911 2220/1219/1913
f 2217/1219/1911 2219/1220/1912 2216/1216/1908
f 2222/1214/1914 2220/1219/1913 2221/1218/1915
f 2220/1219/1913 2223/1216/1916 2219/1220/1912
f 2222/1214/1914 2223/1216/1916 2220/1219/1913
f 2224/1215/1917 2223/1216/1916 2222/1214/1914
f 2224/1215/1917 2225/1221/1918 2223/1216/1916
f 2225/1221/1918 2219/1220/1912 2223/1216/1916
f 2226/1222/1919 2227/1223/1920 2225/1221/1918
f 2226/1222/1919 2225/1221/1918 2224/1215/1917
f 2227/1223/1920 2216/1216/1908 2225/1221/1918
f 2216/1216/1908 2219/1220/1912 2225/1221/1918
f 2228/1222/1921 2229/1221/1922 2227/1223/1920
f 2226/1222/1919 2228/1222/1921 2227/1223/1920
f 2229/1221/1922 2216/1216/1908 2227/1223/1920
f 2228/1222/1921 2213/1215/1907 2229/1221/1922
f 2213/1215/1907 2216/1216/1908 2229/1221/1922
f 2228/1222/1921 2230/1224/1923 2213/1215/1907
f 2213/1215/1907 2230/1224/1923 2210/1213/1905
f 2226/1222/1919 2224/1215/1917 2231/1224/1924
f 2224/1215/1917 2232/1213/1925 2231/1224/1924
f 2232/1213/1925 2235/1206/1926 2233/1212/1927
f 2224/1215/1917 2234/1208/1928 2232/1213/1925
f 2232/1213/1925 2234/1208/1928 2235/1206/1926
f 2236/1209/1929 2239/1210/1930 2235/1206/1926
f 2235/1206/1926 2237/1207/1931 2236/1209/1929
f 2235/1206/1926 2234/1208/1928 2237/1207/1931
f 2235/1206/1926 2238/1211/1932 2233/1212/1927
f 2235/1206/1926 2239/1210/1930 2238/1211/1932
f 2239/1210/1930 2240/1225/1933 2242/1226/1934
f 2240/1225/1933 2239/1210/1930 2241/1225/1935
f 2236/1209/1929 2241/1225/1935 2239/1210/1930
f 2239/1210/1930 2242/1226/1936 2243/1227/1936
f 2243/1227/1936 2238/1211/1932 2239/1210/1930
f 2243/1227/1936 2208/1210/1902 2209/1211/1903
f 2244/1226/1936 2243/1227/1936 2242/1226/1936
f 2208/1210/1902 2243/1227/1936 2244/1226/1936
f 2240/1225/1933 2244/1226/1934 2242/1226/1934
f 2208/1210/1902 2244/1226/1934 2240/1225/1933
f 2246/1228/1937 2240/1225/1933 2241/1225/1935
f 2245/1229/1938 2241/1225/1935 2236/1209/1929
f 2245/1229/1938 2246/1228/1937 2241/1225/1935
f 2247/1229/1939 2240/1225/1933 2246/1228/1937
f 2247/1229/1939 2207/1209/1901 2240/1225/1933
f 2247/1229/1939 2248/1230/1940 2207/1209/1901
f 2207/1209/1901 2248/1230/1940 2215/1217/1909
f 2245/1229/1938 2236/1209/1929 2249/1230/1941
f 2236/1209/1929 2250/1217/1942 2249/1230/1941
f 2250/1217/1942 2222/1214/1914 2221/1218/1915
f 2236/1209/1929 2237/1207/1931 2250/1217/1942
f 2250/1217/1942 2237/1207/1931 2222/1214/1914
f 2207/1209/1901 2208/1210/1902 2240/1225/1933
f 2222/1214/1914 2237/1207/1931 2234/1208/1928
f 2222/1214/1914 2234/1208/1928 2224/1215/1917
f 2207/1209/1901 2215/1217/1909 2206/1207/1899
f 2257/1231/1943 2252/1232/1944 2251/1233/1945
f 2252/1232/1944 2253/1234/1946 2251/1233/1945
f 2251/1233/1945 2253/1234/1946 2256/1234/1947
f 2257/1231/1943 2251/1233/1945 2254/1235/1948
f 2254/1235/1948 2251/1233/1945 2255/1233/1949
f 2251/1233/1945 2256/1234/1947 2255/1233/1949
f 2257/1231/1943 2258/1236/1950 2252/1232/1944
f 2252/1232/1944 2258/1236/1950 2259/1237/1951
f 2259/1237/1951 2260/1238/1952 2262/1239/1953
f 2252/1232/1944 2259/1237/1951 2261/1240/1954
f 2259/1237/1951 2262/1239/1953 2261/1240/1954
f 2262/1239/1953 2266/1241/1955 2263/1242/1956
f 2264/1243/1957 2262/1239/1953 2263/1242/1956
f 2262/1239/1953 2264/1243/1957 2265/1244/1958
f 2262/1239/1953 2265/1244/1958 2261/1240/1954
f 2262/1239/1953 2260/1238/1952 2266/1241/1955
f 2266/1241/1955 2267/1245/1959 2263/1242/1956
f 2267/1245/1959 2266/1241/1955 2268/1241/1960
f 2269/1239/1961 2270/1242/1962 2268/1241/1960
f 2269/1239/1961 2268/1241/1960 2271/1238/1963
f 2268/1241/1960 2270/1242/1962 2267/1245/1959
f 2272/1237/1964 2269/1239/1961 2271/1238/1963
f 2273/1232/1965 2275/1240/1966 2272/1237/1964
f 2273/1232/1965 2272/1237/1964 2274/1236/1967
f 2272/1237/1964 2275/1240/1966 2269/1239/1961
f 2277/1246/1968 2275/1240/1966 2273/1232/1965
f 2277/1246/1968 2276/1244/1969 2275/1240/1966
f 2269/1239/1961 2275/1240/1966 2276/1244/1969
f 2273/1232/1965 2256/1234/1947 2277/1246/1968
f 2277/1246/1968 2256/1234/1947 2278/1247/1970
f 2277/1246/1968 2278/1247/1970 2280/1248/1971
f 2279/1249/1972 2277/1246/1968 2280/1248/1971
f 2279/1249/1972 2276/1244/1969 2277/1246/1968
f 2281/1243/1973 2279/1249/1972 2282/1250/1974
f 2281/1243/1973 2276/1244/1969 2279/1249/1972
f 2283/1251/1975 2281/1243/1973 2282/1250/1974
f 2283/1251/1975 2284/1251/1976 2285/1252/1977
f 2283/1251/1975 2286/1253/1978 2281/1243/1973
f 2283/1251/1975 2285/1252/1977 2286/1253/1978
f 2263/1242/1956 2267/1245/1959 2286/1253/1978
f 2285/1252/1977 2263/1242/1956 2286/1253/1978
f 2281/1243/1973 2286/1253/1978 2270/1242/1962
f 2286/1253/1978 2267/1245/1959 2270/1242/1962
f 2287/1253/1979 2263/1242/1956 2285/1252/1977
f 2284/1251/1976 2287/1253/1979 2285/1252/1977
f 2284/1251/1976 2264/1243/1957 2287/1253/1979
f 2264/1243/1957 2263/1242/1956 2287/1253/1979
f 2284/1251/1976 2288/1250/1980 2264/1243/1957
f 2264/1243/1957 2288/1250/1980 2289/1249/1981
f 2289/1249/1981 2291/1248/1982 2290/1246/1983
f 2289/1249/1981 2290/1246/1983 2265/1244/1958
f 2264/1243/1957 2289/1249/1981 2265/1244/1958
f 2290/1246/1983 2291/1248/1982 2292/1247/1984
f 2290/1246/1983 2292/1247/1984 2253/1234/1946
f 2293/1254/1985 2253/1234/1946 2292/1247/1984
f 2293/1254/1985 2278/1247/1970 2256/1234/1947
f 2253/1234/1946 2293/1254/1985 2256/1234/1947
f 2290/1246/1983 2261/1240/1954 2265/1244/1958
f 2290/1246/1983 2252/1232/1944 2261/1240/1954
f 2252/1232/1944 2290/1246/1983 2253/1234/1946
f 2269/1239/1961 2276/1244/1969 2281/1243/1973
f 2281/1243/1973 2270/1242/1962 2269/1239/1961
f 2294/1231/1986 2273/1232/1965 2274/1236/1967
f 2294/1231/1986 2255/1233/1949 2273/1232/1965
f 2294/1231/1986 2254/1235/1948 2255/1233/1949
f 2273/1232/1965 2255/1233/1949 2256/1234/1947
f 2301/1255/1987 2296/1256/1988 2295/1257/1989
f 2296/1256/1988 2297/1258/1990 2295/1257/1989
f 2295/1257/1989 2297/1258/1990 2300/1258/1991
f 2301/1255/1987 2295/1257/1989 2298/1259/1948
f 2298/1259/1948 2295/1257/1989 2299/1257/1992
f 2295/1257/1989 2300/1258/1991 2299/1257/1992
f 2301/1255/1987 2302/1260/1993 2296/1256/1988
f 2296/1256/1988 2302/1260/1993 2303/1261/1994
f 2303/1261/1994 2304/1262/1995 2305/1263/1996
f 2303/1261/1994 2306/1264/1997 2304/1262/1995
f 2296/1256/1988 2303/1261/1994 2305/1263/1996
f 2304/1262/1995 2306/1264/1997 2307/1265/1998
f 2304/1262/1995 2307/1265/1998 2308/1266/1999
f 2307/1265/1998 2309/1267/2000 2308/1266/1999
f 2309/1267/2000 2307/1265/1998 2310/1265/2001
f 2311/1262/2002 2312/1266/2003 2310/1265/2001
f 2311/1262/2002 2310/1265/2001 2313/1264/2004
f 2310/1265/2001 2312/1266/2003 2309/1267/2000
f 2314/1261/2005 2311/1262/2002 2313/1264/2004
f 2315/1256/2006 2317/1263/2007 2314/1261/2005
f 2315/1256/2006 2314/1261/2005 2316/1260/2008
f 2314/1261/2005 2317/1263/2007 2311/1262/2002
f 2319/1268/2009 2317/1263/2007 2315/1256/2006
f 2311/1262/2002 2317/1263/2007 2318/1269/2010
f 2319/1268/2009 2318/1269/2010 2317/1263/2007
f 2315/1256/2006 2300/1258/1991 2319/1268/2009
f 2319/1268/2009 2320/1270/2011 2322/1271/2012
f 2319/1268/2009 2300/1258/1991 2320/1270/2011
f 2321/1272/2013 2319/1268/2009 2322/1271/2012
f 2321/1272/2013 2318/1269/2010 2319/1268/2009
f 2324/1273/2014 2321/1272/2013 2323/1274/2015
f 2324/1273/2014 2318/1269/2010 2321/1272/2013
f 2311/1262/2002 2318/1269/2010 2324/1273/2014
f 2324/1273/2014 2312/1266/2003 2311/1262/2002
f 2324/1273/2014 2326/1275/2016 2312/1266/2003
f 2325/1276/2017 2324/1273/2014 2323/1274/2015
f 2325/1276/2017 2326/1275/2016 2324/1273/2014
f 2325/1276/2017 2327/1277/2018 2326/1275/2016
f 2308/1266/1999 2309/1267/2000 2326/1275/2016
f 2327/1277/2018 2308/1266/1999 2326/1275/2016
f 2326/1275/2016 2309/1267/2000 2312/1266/2003
f 2325/1276/2017 2328/1276/2019 2327/1277/2018
f 2328/1276/2019 2329/1275/2020 2327/1277/2018
f 2329/1275/2020 2308/1266/1999 2327/1277/2018
f 2330/1273/2021 2308/1266/1999 2329/1275/2020
f 2328/1276/2019 2330/1273/2021 2329/1275/2020
f 2304/1262/1995 2330/1273/2021 2331/1269/2022
f 2330/1273/2021 2304/1262/1995 2308/1266/1999
f 2330/1273/2021 2332/1272/2023 2331/1269/2022
f 2330/1273/2021 2333/1274/2024 2332/1272/2023
f 2328/1276/2019 2333/1274/2024 2330/1273/2021
f 2332/1272/2023 2335/1271/2025 2334/1268/2026
f 2332/1272/2023 2334/1268/2026 2331/1269/2022
f 2334/1268/2026 2335/1271/2025 2336/1270/2027
f 2334/1268/2026 2336/1270/2027 2297/1258/1990
f 2337/1278/1985 2297/1258/1990 2336/1270/2027
f 2337/1278/1985 2320/1270/2011 2300/1258/1991
f 2297/1258/1990 2337/1278/1985 2300/1258/1991
f 2334/1268/2026 2305/1263/1996 2331/1269/2022
f 2334/1268/2026 2296/1256/1988 2305/1263/1996
f 2296/1256/1988 2334/1268/2026 2297/1258/1990
f 2304/1262/1995 2331/1269/2022 2305/1263/1996
f 2338/1255/2028 2315/1256/2006 2316/1260/2008
f 2338/1255/2028 2299/1257/1992 2315/1256/2006
f 2338/1255/2028 2298/1259/1948 2299/1257/1992
f 2315/1256/2006 2299/1257/1992 2300/1258/1991
f 2343/1279/2029 2339/1280/2030 2340/1279/2031
f 2339/1280/2030 2341/1281/2032 2340/1279/2031
f 2342/1280/2033 2339/1280/2030 2343/1279/2029
f 2343/1279/2029 2344/1282/2034 2348/1282/2035
f 2340/1279/2031 2344/1282/2034 2343/1279/2029
f 2342/1280/2033 2343/1279/2029 2346/1281/2036
f 2343/1279/2029 2345/1283/2037 2347/1284/2038
f 2348/1282/2035 2345/1283/2037 2343/1279/2029
f 2346/1281/2036 2343/1279/2029 2347/1284/2038
f 2344/1282/2034 2350/1285/2039 2348/1282/2035
f 2351/1286/2040 2348/1282/2035 2349/1285/2041
f 2348/1282/2035 2350/1285/2039 2349/1285/2041
f 2345/1283/2037 2348/1282/2035 2351/1286/2040
f 2351/1286/2040 2353/1287/2042 2345/1283/2037
f 2351/1286/2040 2355/1288/2043 2352/1289/2044
f 2352/1289/2044 2353/1287/2042 2351/1286/2040
f 2354/1290/2045 2355/1288/2043 2351/1286/2040
f 2349/1285/2041 2354/1290/2045 2351/1286/2040
f 2355/1288/2043 2356/1288/2046 2352/1289/2044
f 2352/1289/2044 2356/1288/2046 2358/1289/2047
f 2357/1286/2048 2356/1288/2046 2359/1290/2049
f 2358/1289/2047 2356/1288/2046 2357/1286/2048
f 2357/1286/2048 2359/1290/2049 2350/1285/2039
f 2350/1285/2039 2359/1290/2049 2360/1291/2050
f 2350/1285/2039 2360/1291/2050 2349/1285/2041
f 2349/1285/2041 2360/1291/2050 2361/1291/2051
f 2361/1291/2051 2354/1290/2045 2349/1285/2041
f 2358/1289/2047 2357/1286/2048 2362/1287/2052
f 2358/1289/2047 2362/1287/2052 2352/1289/2044
f 2362/1287/2052 2357/1286/2048 2364/1283/2053
f 2352/1289/2044 2362/1287/2052 2353/1287/2042
f 2362/1287/2052 2363/1292/2054 2353/1287/2042
f 2362/1287/2052 2365/1284/2055 2363/1292/2054
f 2364/1283/2053 2365/1284/2055 2362/1287/2052
f 2341/1281/2032 2363/1292/2054 2365/1284/2055
f 2340/1279/2031 2341/1281/2032 2365/1284/2055
f 2364/1283/2053 2340/1279/2031 2365/1284/2055
f 2344/1282/2034 2340/1279/2031 2364/1283/2053
f 2357/1286/2048 2344/1282/2034 2364/1283/2053
f 2363/1292/2054 2366/1293/2056 2367/1292/2057
f 2366/1293/2056 2363/1292/2054 2341/1281/2032
f 2353/1287/2042 2363/1292/2054 2367/1292/2057
f 2346/1281/2036 2367/1292/2057 2368/1293/2058
f 2367/1292/2057 2366/1293/2056 2368/1293/2058
f 2367/1292/2057 2347/1284/2038 2353/1287/2042
f 2347/1284/2038 2367/1292/2057 2346/1281/2036
f 2350/1285/2039 2344/1282/2034 2357/1286/2048
f 2353/1287/2042 2347/1284/2038 2345/1283/2037
f 2372/1294/2059 2369/1295/2060 2370/1296/2061
f 2369/1295/2060 2371/1297/2062 2370/1296/2061
f 2374/1294/2063 2369/1295/2060 2372/1294/2059
f 2373/1295/2064 2369/1295/2060 2374/1294/2063
f 2374/1294/2063 2375/1296/2065 2373/1295/2064
f 2374/1294/2063 2370/1296/2061 2375/1296/2065
f 2372/1294/2059 2370/1296/2061 2374/1294/2063
f 2373/1295/2064 2375/1296/2065 2376/1297/2066
f 2375/1296/2065 2377/1298/2067 2376/1297/2066
f 2375/1296/2065 2378/1298/2068 2377/1298/2067
f 2370/1296/2061 2378/1298/2068 2375/1296/2065
f 2370/1296/2061 2371/1297/2062 2378/1298/2068
f 2371/1297/2062 2379/1299/2069 2378/1298/2068
f 2378/1298/2068 2379/1299/2069 2377/1298/2067
f 2377/1298/2067 2379/1299/2069 2380/1299/2070
f 2376/1297/2066 2377/1298/2067 2380/1299/2070
f 2385/1300/2071 2381/1301/2072 2382/1302/2073
f 2381/1301/2072 2383/1303/2074 2382/1302/2073
f 2381/1301/2072 2386/1302/2075 2383/1303/2074
f 2384/1304/2076 2387/1300/2077 2381/1301/2072
f 2384/1304/2076 2381/1301/2072 2385/1300/2071
f 2381/1301/2072 2387/1300/2077 2386/1302/2075
f 2384/1304/2076 2388/1305/2078 2387/1300/2077
f 2387/1300/2077 2389/1306/2079 2386/1302/2075
f 2388/1305/2078 2390/1307/2080 2387/1300/2077
f 2387/1300/2077 2390/1307/2080 2389/1306/2079
f 2390/1307/2080 2392/1308/2081 2389/1306/2079
f 2391/1309/2082 2393/1310/2083 2390/1307/2080
f 2388/1305/2078 2391/1309/2082 2390/1307/2080
f 2390/1307/2080 2393/1310/2083 2392/1308/2081
f 2391/1309/2082 2394/1311/2084 2393/1310/2083
f 2393/1310/2083 2395/1312/2085 2392/1308/2081
f 2394/1311/2084 2396/1313/2086 2393/1310/2083
f 2393/1310/2083 2396/1313/2086 2395/1312/2085
f 2396/1313/2086 2398/1314/2087 2395/1312/2085
f 2397/1315/2088 2399/1316/2089 2396/1313/2086
f 2394/1311/2084 2397/1315/2088 2396/1313/2086
f 2396/1313/2086 2399/1316/2089 2398/1314/2087
f 2400/1317/2090 2402/1318/2091 2399/1316/2089
f 2397/1315/2088 2400/1317/2090 2399/1316/2089
f 2399/1316/2089 2402/1318/2091 2401/1319/2092
f 2399/1316/2089 2401/1319/2092 2398/1314/2087
f 2400/1317/2090 2403/1320/2093 2402/1318/2091
f 2402/1318/2091 2404/1321/2094 2401/1319/2092
f 2403/1320/2093 2405/1322/2095 2402/1318/2091
f 2402/1318/2091 2405/1322/2095 2404/1321/2094
f 2405/1322/2095 2407/1323/2096 2404/1321/2094
f 2406/1324/2097 2408/1325/2098 2405/1322/2095
f 2403/1320/2093 2406/1324/2097 2405/1322/2095
f 2405/1322/2095 2408/1325/2098 2407/1323/2096
f 2406/1324/2097 2409/1326/2099 2408/1325/2098
f 2408/1325/2098 2410/1327/2100 2407/1323/2096
f 2409/1326/2099 2411/1328/2101 2408/1325/2098
f 2408/1325/2098 2411/1328/2101 2410/1327/2100
f 2409/1326/2099 2414/1329/2102 2411/1328/2101
f 2411/1328/2101 2413/1330/2103 2412/1331/2104
f 2411/1328/2101 2412/1331/2104 2410/1327/2100
f 2414/1329/2102 2413/1330/2103 2411/1328/2101
f 2415/1332/2105 2414/1329/2102 2409/1326/2099
f 2415/1332/2105 2417/1333/2106 2414/1329/2102
f 2414/1329/2102 2416/1334/2107 2413/1330/2103
f 2417/1333/2106 2416/1334/2107 2414/1329/2102
f 2418/1335/2108 2417/1333/2106 2415/1332/2105
f 2418/1335/2108 2420/1336/2109 2417/1333/2106
f 2417/1333/2106 2419/1337/2110 2416/1334/2107
f 2420/1336/2109 2419/1337/2110 2417/1333/2106
f 2421/1338/2111 2420/1336/2109 2418/1335/2108
f 2421/1338/2111 2423/1339/2112 2420/1336/2109
f 2420/1336/2109 2422/1340/2113 2419/1337/2110
f 2423/1339/2112 2422/1340/2113 2420/1336/2109
f 2424/1341/2114 2426/1342/2115 2423/1339/2112
f 2425/1343/2116 2424/1341/2114 2423/1339/2112
f 2425/1343/2116 2423/1339/2112 2421/1338/2111
f 2423/1339/2112 2426/1342/2115 2422/1340/2113
f 2426/1342/2115 2427/1339/2117 2422/1340/2113
f 2428/1341/2118 2427/1339/2117 2426/1342/2115
f 2429/1344/2119 2428/1341/2118 2426/1342/2115
f 2424/1341/2114 2429/1344/2119 2426/1342/2115
f 2430/1345/2120 2428/1341/2118 2429/1344/2119
f 2431/1346/2121 2430/1345/2120 2429/1344/2119
f 2432/1345/2122 2431/1346/2121 2429/1344/2119
f 2432/1345/2122 2429/1344/2119 2424/1341/2114
f 2434/1347/2123 2432/1345/2122 2424/1341/2114
f 2433/1348/2124 2431/1346/2121 2432/1345/2122
f 2435/1349/2125 2433/1348/2124 2432/1345/2122
f 2435/1349/2125 2432/1345/2122 2434/1347/2123
f 2436/1350/2126 2435/1349/2125 2434/1347/2123
f 2437/1351/2127 2435/1349/2125 2436/1350/2126
f 2437/1351/2127 2438/1352/2128 2435/1349/2125
f 2438/1352/2128 2433/1348/2124 2435/1349/2125
f 2439/1353/2129 2438/1352/2128 2437/1351/2127
f 2439/1353/2129 2440/1354/2130 2438/1352/2128
f 2440/1354/2130 2441/1355/2131 2438/1352/2128
f 2438/1352/2128 2441/1355/2131 2433/1348/2124
f 2440/1354/2130 2444/1356/2132 2441/1355/2131
f 2441/1355/2131 2443/1357/2133 2442/1358/2134
f 2441/1355/2131 2442/1358/2134 2433/1348/2124
f 2444/1356/2132 2443/1357/2133 2441/1355/2131
f 2445/1359/2135 2444/1356/2132 2440/1354/2130
f 2445/1359/2135 2446/1360/2136 2444/1356/2132
f 2444/1356/2132 2447/1361/2137 2443/1357/2133
f 2446/1360/2136 2447/1361/2137 2444/1356/2132
f 2448/1360/2138 2449/1356/2139 2447/1361/2137
f 2450/1362/2140 2448/1360/2138 2447/1361/2137
f 2447/1361/2137 2449/1356/2139 2443/1357/2133
f 2446/1360/2136 2450/1362/2140 2447/1361/2137
f 2451/1363/2141 2448/1360/2138 2450/1362/2140
f 2452/1364/2142 2451/1363/2141 2450/1362/2140
f 2453/1363/2143 2452/1364/2142 2450/1362/2140
f 2453/1363/2143 2450/1362/2140 2446/1360/2136
f 2454/1365/2144 2452/1364/2142 2453/1363/2143
f 2455/1366/2145 2453/1363/2143 2446/1360/2136
f 2456/1367/2146 2454/1365/2144 2453/1363/2143
f 2456/1367/2146 2453/1363/2143 2455/1366/2145
f 2457/1368/2147 2456/1367/2146 2455/1366/2145
f 2458/1369/2148 2456/1367/2146 2457/1368/2147
f 2458/1369/2148 2459/1370/2149 2456/1367/2146
f 2459/1370/2149 2454/1365/2144 2456/1367/2146
f 2460/1371/2150 2461/1372/2151 2459/1370/2149
f 2462/1373/2152 2460/1371/2150 2459/1370/2149
f 2459/1370/2149 2461/1372/2151 2454/1365/2144
f 2462/1373/2152 2459/1370/2149 2458/1369/2148
f 2463/1374/2153 2464/1375/2154 2462/1373/2152
f 2463/1374/2153 2462/1373/2152 2465/1376/2155
f 2465/1376/2155 2462/1373/2152 2458/1369/2148
f 2464/1375/2154 2460/1371/2150 2462/1373/2152
f 2466/1377/2156 2465/1376/2155 2468/1378/2157
f 2467/1379/2158 2465/1376/2155 2466/1377/2156
f 2467/1379/2158 2463/1374/2153 2465/1376/2155
f 2465/1376/2155 2458/1369/2148 2468/1378/2157
f 2466/1377/2156 2468/1378/2157 2469/1380/2159
f 2469/1380/2159 2468/1378/2157 2470/1381/2160
f 2468/1378/2157 2457/1368/2147 2470/1381/2160
f 2468/1378/2157 2458/1369/2148 2457/1368/2147
f 2470/1381/2160 2472/1382/2161 2471/1383/2162
f 2473/1384/2163 2470/1381/2160 2471/1383/2162
f 2470/1381/2160 2457/1368/2147 2472/1382/2161
f 2469/1380/2159 2470/1381/2160 2473/1384/2163
f 2474/1385/2164 2469/1380/2159 2473/1384/2163
f 2474/1385/2164 2473/1384/2163 2476/1386/2165
f 2473/1384/2163 2471/1383/2162 2475/1387/2166
f 2476/1386/2165 2473/1384/2163 2475/1387/2166
f 2477/1388/2167 2476/1386/2165 2479/1389/2168
f 2478/1390/2169 2476/1386/2165 2477/1388/2167
f 2478/1390/2169 2474/1385/2164 2476/1386/2165
f 2476/1386/2165 2475/1387/2166 2479/1389/2168
f 2480/1391/2170 2479/1389/2168 2481/1392/2171
f 2477/1388/2167 2479/1389/2168 2480/1391/2170
f 2479/1389/2168 2482/1393/2172 2481/1392/2171
f 2479/1389/2168 2475/1387/2166 2482/1393/2172
f 2482/1393/2172 2484/1394/2173 2483/1395/2174
f 2481/1392/2171 2482/1393/2172 2483/1395/2174
f 2475/1387/2166 2485/1396/2175 2482/1393/2172
f 2482/1393/2172 2485/1396/2175 2484/1394/2173
f 2475/1387/2166 2471/1383/2162 2485/1396/2175
f 2485/1396/2175 2439/1353/2129 2484/1394/2173
f 2471/1383/2162 2486/1397/2176 2485/1396/2175
f 2485/1396/2175 2486/1397/2176 2439/1353/2129
f 2471/1383/2162 2472/1382/2161 2486/1397/2176
f 2486/1397/2176 2440/1354/2130 2439/1353/2129
f 2472/1382/2161 2445/1359/2135 2486/1397/2176
f 2486/1397/2176 2445/1359/2135 2440/1354/2130
f 2483/1395/2174 2484/1394/2173 2487/1398/2177
f 2484/1394/2173 2437/1351/2127 2487/1398/2177
f 2484/1394/2173 2439/1353/2129 2437/1351/2127
f 2488/1399/2178 2487/1398/2177 2489/1400/2179
f 2483/1395/2174 2487/1398/2177 2488/1399/2178
f 2487/1398/2177 2436/1350/2126 2489/1400/2179
f 2487/1398/2177 2437/1351/2127 2436/1350/2126
f 2488/1399/2178 2489/1400/2179 2492/1401/2180
f 2489/1400/2179 2491/1402/2181 2490/1403/2182
f 2492/1401/2180 2489/1400/2179 2490/1403/2182
f 2489/1400/2179 2436/1350/2126 2491/1402/2181
f 2493/1404/2183 2492/1401/2180 2495/1405/2184
f 2494/1406/2185 2492/1401/2180 2493/1404/2183
f 2494/1406/2185 2488/1399/2178 2492/1401/2180
f 2492/1401/2180 2490/1403/2182 2495/1405/2184
f 2496/1407/2186 2495/1405/2184 2497/1408/2187
f 2493/1404/2183 2495/1405/2184 2496/1407/2186
f 2495/1405/2184 2498/1409/2188 2497/1408/2187
f 2495/1405/2184 2490/1403/2182 2498/1409/2188
f 2498/1409/2188 2500/1410/2189 2499/1411/2190
f 2497/1408/2187 2498/1409/2188 2499/1411/2190
f 2490/1403/2182 2501/1412/2191 2498/1409/2188
f 2498/1409/2188 2501/1412/2191 2500/1410/2189
f 2490/1403/2182 2491/1402/2181 2501/1412/2191
f 2501/1412/2191 2421/1338/2111 2500/1410/2189
f 2491/1402/2181 2425/1343/2116 2501/1412/2191
f 2501/1412/2191 2425/1343/2116 2421/1338/2111
f 2499/1411/2190 2500/1410/2189 2502/1413/2192
f 2500/1410/2189 2418/1335/2108 2502/1413/2192
f 2500/1410/2189 2421/1338/2111 2418/1335/2108
f 2503/1414/2193 2502/1413/2192 2504/1415/2194
f 2499/1411/2190 2502/1413/2192 2503/1414/2193
f 2502/1413/2192 2415/1332/2105 2504/1415/2194
f 2502/1413/2192 2418/1335/2108 2415/1332/2105
f 2503/1414/2193 2504/1415/2194 2505/1416/2195
f 2504/1415/2194 2409/1326/2099 2406/1324/2097
f 2505/1416/2195 2504/1415/2194 2406/1324/2097
f 2504/1415/2194 2415/1332/2105 2409/1326/2099
f 2506/1417/2196 2505/1416/2195 2403/1320/2093
f 2507/1418/2197 2505/1416/2195 2506/1417/2196
f 2507/1418/2197 2503/1414/2193 2505/1416/2195
f 2505/1416/2195 2406/1324/2097 2403/1320/2093
f 2509/1419/2198 2507/1418/2197 2506/1417/2196
f 2508/1420/2199 2503/1414/2193 2507/1418/2197
f 2510/1421/2200 2508/1420/2199 2507/1418/2197
f 2510/1421/2200 2507/1418/2197 2509/1419/2198
f 2511/1422/2201 2510/1421/2200 2509/1419/2198
f 2512/1423/2202 2510/1421/2200 2511/1422/2201
f 2512/1423/2202 2513/1424/2203 2510/1421/2200
f 2513/1424/2203 2508/1420/2199 2510/1421/2200
f 2496/1407/2186 2497/1408/2187 2513/1424/2203
f 2514/1425/2204 2496/1407/2186 2513/1424/2203
f 2513/1424/2203 2497/1408/2187 2508/1420/2199
f 2514/1425/2204 2513/1424/2203 2512/1423/2202
f 2515/1426/2205 2516/1427/2206 2514/1425/2204
f 2515/1426/2205 2514/1425/2204 2517/1428/2207
f 2517/1428/2207 2514/1425/2204 2512/1423/2202
f 2516/1427/2206 2496/1407/2186 2514/1425/2204
f 2518/1429/2208 2517/1428/2207 2520/1430/2209
f 2519/1431/2210 2517/1428/2207 2518/1429/2208
f 2519/1431/2210 2515/1426/2205 2517/1428/2207
f 2517/1428/2207 2512/1423/2202 2520/1430/2209
f 2521/1432/2211 2520/1430/2209 2522/1433/2212
f 2518/1429/2208 2520/1430/2209 2521/1432/2211
f 2520/1430/2209 2511/1422/2201 2522/1433/2212
f 2520/1430/2209 2512/1423/2202 2511/1422/2201
f 2523/1434/2213 2522/1433/2212 2524/1435/2214
f 2521/1432/2211 2522/1433/2212 2523/1434/2213
f 2522/1433/2212 2525/1436/2215 2524/1435/2214
f 2522/1433/2212 2511/1422/2201 2525/1436/2215
f 2525/1436/2215 2527/1437/2216 2526/1438/2217
f 2524/1435/2214 2525/1436/2215 2526/1438/2217
f 2511/1422/2201 2509/1419/2198 2525/1436/2215
f 2525/1436/2215 2509/1419/2198 2527/1437/2216
f 2526/1438/2217 2527/1437/2216 2397/1315/2088
f 2527/1437/2216 2400/1317/2090 2397/1315/2088
f 2509/1419/2198 2506/1417/2196 2527/1437/2216
f 2527/1437/2216 2506/1417/2196 2400/1317/2090
f 2526/1438/2217 2397/1315/2088 2394/1311/2084
f 2528/1439/2218 2526/1438/2217 2394/1311/2084
f 2524/1435/2214 2526/1438/2217 2528/1439/2218
f 2528/1439/2218 2394/1311/2084 2391/1309/2082
f 2529/1440/2219 2528/1439/2218 2391/1309/2082
f 2530/1441/2220 2524/1435/2214 2528/1439/2218
f 2530/1441/2220 2528/1439/2218 2529/1440/2219
f 2531/1442/2221 2523/1434/2213 2530/1441/2220
f 2531/1442/2221 2530/1441/2220 2532/1443/2222
f 2532/1443/2222 2530/1441/2220 2529/1440/2219
f 2523/1434/2213 2524/1435/2214 2530/1441/2220
f 2532/1443/2222 2529/1440/2219 2533/1444/2223
f 2532/1443/2222 2533/1444/2223 2534/1440/2224
f 2535/1441/2225 2532/1443/2222 2534/1440/2224
f 2531/1442/2221 2532/1443/2222 2535/1441/2225
f 2536/1434/2226 2531/1442/2221 2535/1441/2225
f 2536/1434/2226 2535/1441/2225 2538/1435/2227
f 2538/1435/2227 2535/1441/2225 2537/1439/2228
f 2535/1441/2225 2534/1440/2224 2537/1439/2228
f 2539/1433/2229 2536/1434/2226 2538/1435/2227
f 2538/1435/2227 2537/1439/2228 2540/1438/2230
f 2539/1433/2229 2538/1435/2227 2541/1436/2231
f 2541/1436/2231 2538/1435/2227 2540/1438/2230
f 2541/1436/2231 2540/1438/2230 2543/1437/2232
f 2542/1422/2233 2541/1436/2231 2544/1419/2234
f 2542/1422/2233 2539/1433/2229 2541/1436/2231
f 2544/1419/2234 2541/1436/2231 2543/1437/2232
f 2545/1421/2235 2542/1422/2233 2544/1419/2234
f 2544/1419/2234 2543/1437/2232 2546/1417/2236
f 2545/1421/2235 2544/1419/2234 2547/1418/2237
f 2547/1418/2237 2544/1419/2234 2546/1417/2236
f 2547/1418/2237 2546/1417/2236 2549/1416/2238
f 2548/1420/2239 2547/1418/2237 2550/1414/2240
f 2548/1420/2239 2545/1421/2235 2547/1418/2237
f 2550/1414/2240 2547/1418/2237 2549/1416/2238
f 2551/1411/2241 2550/1414/2240 2553/1413/2242
f 2551/1411/2241 2548/1420/2239 2550/1414/2240
f 2553/1413/2242 2550/1414/2240 2552/1415/2243
f 2550/1414/2240 2549/1416/2238 2552/1415/2243
f 2554/1410/2244 2551/1411/2241 2553/1413/2242
f 2553/1413/2242 2552/1415/2243 2555/1332/2245
f 2554/1410/2244 2553/1413/2242 2556/1335/2246
f 2556/1335/2246 2553/1413/2242 2555/1332/2245
f 2556/1335/2246 2555/1332/2245 2558/1333/2247
f 2557/1338/2248 2556/1335/2246 2559/1336/2249
f 2557/1338/2248 2554/1410/2244 2556/1335/2246
f 2559/1336/2249 2556/1335/2246 2558/1333/2247
f 2427/1339/2117 2557/1338/2248 2559/1336/2249
f 2559/1336/2249 2558/1333/2247 2419/1337/2110
f 2427/1339/2117 2559/1336/2249 2422/1340/2113
f 2422/1340/2113 2559/1336/2249 2419/1337/2110
f 2558/1333/2247 2555/1332/2245 2560/1329/2250
f 2558/1333/2247 2560/1329/2250 2416/1334/2107
f 2419/1337/2110 2558/1333/2247 2416/1334/2107
f 2560/1329/2250 2561/1326/2251 2562/1328/2252
f 2555/1332/2245 2561/1326/2251 2560/1329/2250
f 2560/1329/2250 2562/1328/2252 2413/1330/2103
f 2416/1334/2107 2560/1329/2250 2413/1330/2103
f 2561/1326/2251 2564/1325/2253 2562/1328/2252
f 2562/1328/2252 2563/1327/2254 2412/1331/2104
f 2562/1328/2252 2564/1325/2253 2563/1327/2254
f 2413/1330/2103 2562/1328/2252 2412/1331/2104
f 2564/1325/2253 2565/1322/2255 2567/1323/2256
f 2566/1324/2257 2565/1322/2255 2564/1325/2253
f 2561/1326/2251 2566/1324/2257 2564/1325/2253
f 2564/1325/2253 2567/1323/2256 2563/1327/2254
f 2567/1323/2256 2568/1321/2258 2569/1445/2259
f 2565/1322/2255 2568/1321/2258 2567/1323/2256
f 2567/1323/2256 2569/1445/2259 2570/1446/2260
f 2563/1327/2254 2567/1323/2256 2570/1446/2260
f 2570/1446/2260 2571/1447/2261 2572/1448/2262
f 2570/1446/2260 2569/1445/2259 2571/1447/2261
f 2563/1327/2254 2570/1446/2260 2573/1449/2263
f 2573/1449/2263 2570/1446/2260 2572/1448/2262
f 2412/1331/2104 2563/1327/2254 2573/1449/2263
f 2574/1446/2264 2573/1449/2263 2572/1448/2262
f 2410/1327/2100 2412/1331/2104 2573/1449/2263
f 2410/1327/2100 2573/1449/2263 2574/1446/2264
f 2574/1446/2264 2572/1448/2262 2575/1447/2265
f 2576/1445/2266 2574/1446/2264 2575/1447/2265
f 2407/1323/2096 2410/1327/2100 2574/1446/2264
f 2407/1323/2096 2574/1446/2264 2576/1445/2266
f 2577/1450/2267 2576/1445/2266 2578/1451/2268
f 2404/1321/2094 2576/1445/2266 2577/1450/2267
f 2404/1321/2094 2407/1323/2096 2576/1445/2266
f 2576/1445/2266 2575/1447/2265 2578/1451/2268
f 2577/1450/2267 2578/1451/2268 2581/1452/2269
f 2578/1451/2268 2580/1453/2270 2579/1454/2271
f 2581/1452/2269 2578/1451/2268 2579/1454/2271
f 2578/1451/2268 2575/1447/2265 2580/1453/2270
f 2582/1455/2272 2581/1452/2269 2584/1456/2273
f 2583/1457/2274 2581/1452/2269 2582/1455/2272
f 2583/1457/2274 2577/1450/2267 2581/1452/2269
f 2581/1452/2269 2579/1454/2271 2584/1456/2273
f 2585/1458/2275 2584/1456/2273 2464/1375/2154
f 2582/1455/2272 2584/1456/2273 2585/1458/2275
f 2584/1456/2273 2586/1459/2276 2464/1375/2154
f 2584/1456/2273 2579/1454/2271 2586/1459/2276
f 2586/1459/2276 2587/1460/2277 2460/1371/2150
f 2464/1375/2154 2586/1459/2276 2460/1371/2150
f 2579/1454/2271 2588/1461/2278 2586/1459/2276
f 2586/1459/2276 2588/1461/2278 2587/1460/2277
f 2579/1454/2271 2580/1453/2270 2588/1461/2278
f 2588/1461/2278 2590/1462/2279 2589/1463/2280
f 2588/1461/2278 2589/1463/2280 2587/1460/2277
f 2580/1453/2270 2590/1462/2279 2588/1461/2278
f 2592/1464/2281 2591/1453/2282 2590/1462/2279
f 2591/1453/2282 2593/1461/2283 2590/1462/2279
f 2590/1462/2279 2593/1461/2283 2589/1463/2280
f 2580/1453/2270 2592/1464/2281 2590/1462/2279
f 2593/1461/2283 2594/1459/2284 2596/1460/2285
f 2595/1454/2286 2594/1459/2284 2593/1461/2283
f 2591/1453/2282 2595/1454/2286 2593/1461/2283
f 2593/1461/2283 2596/1460/2285 2589/1463/2280
f 2596/1460/2285 2597/1371/2287 2598/1372/2288
f 2594/1459/2284 2597/1371/2287 2596/1460/2285
f 2596/1460/2285 2598/1372/2288 2599/1465/2289
f 2589/1463/2280 2596/1460/2285 2599/1465/2289
f 2461/1372/2151 2599/1465/2289 2600/1466/2290
f 2599/1465/2289 2598/1372/2288 2600/1466/2290
f 2587/1460/2277 2589/1463/2280 2599/1465/2289
f 2587/1460/2277 2599/1465/2289 2461/1372/2151
f 2454/1365/2144 2600/1466/2290 2452/1364/2142
f 2600/1466/2290 2601/1365/2291 2452/1364/2142
f 2461/1372/2151 2600/1466/2290 2454/1365/2144
f 2598/1372/2288 2601/1365/2291 2600/1466/2290
f 2598/1372/2288 2602/1370/2292 2601/1365/2291
f 2602/1370/2292 2603/1367/2293 2601/1365/2291
f 2601/1365/2291 2451/1363/2141 2452/1364/2142
f 2601/1365/2291 2603/1367/2293 2451/1363/2141
f 2603/1367/2293 2604/1368/2294 2606/1366/2295
f 2605/1369/2296 2604/1368/2294 2603/1367/2293
f 2602/1370/2292 2605/1369/2296 2603/1367/2293
f 2603/1367/2293 2606/1366/2295 2451/1363/2141
f 2604/1368/2294 2607/1382/2297 2606/1366/2295
f 2606/1366/2295 2607/1382/2297 2608/1359/2298
f 2606/1366/2295 2608/1359/2298 2448/1360/2138
f 2451/1363/2141 2606/1366/2295 2448/1360/2138
f 2608/1359/2298 2609/1354/2299 2449/1356/2139
f 2608/1359/2298 2610/1397/2300 2609/1354/2299
f 2448/1360/2138 2608/1359/2298 2449/1356/2139
f 2607/1382/2297 2610/1397/2300 2608/1359/2298
f 2607/1382/2297 2611/1383/2301 2610/1397/2300
f 2611/1383/2301 2613/1396/2302 2610/1397/2300
f 2610/1397/2300 2612/1353/2303 2609/1354/2299
f 2610/1397/2300 2613/1396/2302 2612/1353/2303
f 2613/1396/2302 2614/1393/2304 2616/1394/2305
f 2615/1387/2306 2614/1393/2304 2613/1396/2302
f 2611/1383/2301 2615/1387/2306 2613/1396/2302
f 2613/1396/2302 2616/1394/2305 2612/1353/2303
f 2616/1394/2305 2617/1395/2307 2618/1398/2308
f 2614/1393/2304 2617/1395/2307 2616/1394/2305
f 2616/1394/2305 2618/1398/2308 2619/1351/2309
f 2612/1353/2303 2616/1394/2305 2619/1351/2309
f 2619/1351/2309 2620/1350/2310 2621/1349/2311
f 2619/1351/2309 2618/1398/2308 2620/1350/2310
f 2612/1353/2303 2619/1351/2309 2622/1352/2312
f 2622/1352/2312 2619/1351/2309 2621/1349/2311
f 2609/1354/2299 2612/1353/2303 2622/1352/2312
f 2622/1352/2312 2621/1349/2311 2623/1348/2313
f 2609/1354/2299 2622/1352/2312 2624/1355/2314
f 2624/1355/2314 2622/1352/2312 2623/1348/2313
f 2449/1356/2139 2609/1354/2299 2624/1355/2314
f 2624/1355/2314 2623/1348/2313 2442/1358/2134
f 2449/1356/2139 2624/1355/2314 2443/1357/2133
f 2443/1357/2133 2624/1355/2314 2442/1358/2134
f 2623/1348/2313 2430/1345/2120 2431/1346/2121
f 2623/1348/2313 2621/1349/2311 2430/1345/2120
f 2442/1358/2134 2623/1348/2313 2431/1346/2121
f 2621/1349/2311 2620/1350/2310 2625/1347/2315
f 2621/1349/2311 2625/1347/2315 2430/1345/2120
f 2625/1347/2315 2626/1402/2316 2627/1343/2317
f 2620/1350/2310 2626/1402/2316 2625/1347/2315
f 2625/1347/2315 2627/1343/2317 2428/1341/2118
f 2430/1345/2120 2625/1347/2315 2428/1341/2118
f 2626/1402/2316 2628/1412/2318 2627/1343/2317
f 2627/1343/2317 2557/1338/2248 2427/1339/2117
f 2627/1343/2317 2628/1412/2318 2557/1338/2248
f 2428/1341/2118 2627/1343/2317 2427/1339/2117
f 2628/1412/2318 2629/1409/2319 2554/1410/2244
f 2630/1403/2320 2629/1409/2319 2628/1412/2318
f 2626/1402/2316 2630/1403/2320 2628/1412/2318
f 2628/1412/2318 2554/1410/2244 2557/1338/2248
f 2630/1403/2320 2632/1405/2321 2629/1409/2319
f 2631/1400/2322 2630/1403/2320 2626/1402/2316
f 2631/1400/2322 2633/1401/2323 2630/1403/2320
f 2633/1401/2323 2632/1405/2321 2630/1403/2320
f 2633/1401/2323 2634/1404/2324 2632/1405/2321
f 2635/1406/2325 2634/1404/2324 2633/1401/2323
f 2636/1399/2326 2635/1406/2325 2633/1401/2323
f 2636/1399/2326 2633/1401/2323 2631/1400/2322
f 2617/1395/2307 2636/1399/2326 2618/1398/2308
f 2617/1395/2307 2637/1467/2327 2636/1399/2326
f 2618/1398/2308 2636/1399/2326 2631/1400/2322
f 2637/1467/2327 2635/1406/2325 2636/1399/2326
f 2639/1392/2328 2638/1468/2329 2637/1467/2327
f 2638/1468/2329 2640/1469/2330 2637/1467/2327
f 2637/1467/2327 2640/1469/2330 2635/1406/2325
f 2639/1392/2328 2637/1467/2327 2617/1395/2307
f 2640/1469/2330 2641/1470/2331 2643/1471/2332
f 2642/1472/2333 2641/1470/2331 2640/1469/2330
f 2638/1468/2329 2642/1472/2333 2640/1469/2330
f 2640/1469/2330 2643/1471/2332 2635/1406/2325
f 2643/1471/2332 2644/1473/2334 2645/1427/2335
f 2641/1470/2331 2644/1473/2334 2643/1471/2332
f 2643/1471/2332 2645/1427/2335 2634/1404/2324
f 2635/1406/2325 2643/1471/2332 2634/1404/2324
f 2645/1427/2335 2646/1426/2336 2647/1425/2337
f 2644/1473/2334 2646/1426/2336 2645/1427/2335
f 2645/1427/2335 2647/1425/2337 2648/1407/2338
f 2634/1404/2324 2645/1427/2335 2648/1407/2338
f 2648/1407/2338 2649/1424/2339 2650/1408/2340
f 2648/1407/2338 2647/1425/2337 2649/1424/2339
f 2634/1404/2324 2648/1407/2338 2632/1405/2321
f 2632/1405/2321 2648/1407/2338 2650/1408/2340
f 2650/1408/2340 2649/1424/2339 2548/1420/2239
f 2650/1408/2340 2548/1420/2239 2551/1411/2241
f 2632/1405/2321 2650/1408/2340 2629/1409/2319
f 2629/1409/2319 2650/1408/2340 2551/1411/2241
f 2649/1424/2339 2545/1421/2235 2548/1420/2239
f 2649/1424/2339 2651/1423/2341 2545/1421/2235
f 2647/1425/2337 2651/1423/2341 2649/1424/2339
f 2651/1423/2341 2542/1422/2233 2545/1421/2235
f 2651/1423/2341 2652/1430/2342 2542/1422/2233
f 2647/1425/2337 2653/1428/2343 2651/1423/2341
f 2653/1428/2343 2652/1430/2342 2651/1423/2341
f 2646/1426/2336 2654/1431/2344 2653/1428/2343
f 2654/1431/2344 2655/1429/2345 2653/1428/2343
f 2653/1428/2343 2655/1429/2345 2652/1430/2342
f 2646/1426/2336 2653/1428/2343 2647/1425/2337
f 2655/1429/2345 2656/1474/2346 2657/1432/2347
f 2658/1475/2348 2656/1474/2346 2655/1429/2345
f 2655/1429/2345 2657/1432/2347 2652/1430/2342
f 2654/1431/2344 2658/1475/2348 2655/1429/2345
f 2658/1475/2348 2518/1429/2208 2656/1474/2346
f 2659/1476/2349 2519/1431/2210 2658/1475/2348
f 2659/1476/2349 2658/1475/2348 2654/1431/2344
f 2658/1475/2348 2519/1431/2210 2518/1429/2208
f 2661/1477/2350 2659/1476/2349 2654/1431/2344
f 2660/1478/2351 2662/1477/2352 2659/1476/2349
f 2660/1478/2351 2659/1476/2349 2661/1477/2350
f 2659/1476/2349 2662/1477/2352 2519/1431/2210
f 2660/1478/2351 2663/1479/2353 2662/1477/2352
f 2662/1477/2352 2515/1426/2205 2519/1431/2210
f 2663/1479/2353 2664/1473/2354 2662/1477/2352
f 2662/1477/2352 2664/1473/2354 2515/1426/2205
f 2664/1473/2354 2516/1427/2206 2515/1426/2205
f 2665/1470/2355 2666/1471/2356 2664/1473/2354
f 2663/1479/2353 2665/1470/2355 2664/1473/2354
f 2664/1473/2354 2666/1471/2356 2516/1427/2206
f 2665/1470/2355 2667/1469/2357 2666/1471/2356
f 2666/1471/2356 2493/1404/2183 2516/1427/2206
f 2667/1469/2357 2494/1406/2185 2666/1471/2356
f 2666/1471/2356 2494/1406/2185 2493/1404/2183
f 2668/1472/2358 2667/1469/2357 2665/1470/2355
f 2668/1472/2358 2669/1468/2359 2667/1469/2357
f 2669/1468/2359 2670/1467/2360 2667/1469/2357
f 2667/1469/2357 2670/1467/2360 2494/1406/2185
f 2669/1468/2359 2481/1392/2171 2670/1467/2360
f 2670/1467/2360 2488/1399/2178 2494/1406/2185
f 2481/1392/2171 2483/1395/2174 2670/1467/2360
f 2670/1467/2360 2483/1395/2174 2488/1399/2178
f 2480/1391/2170 2481/1392/2171 2669/1468/2359
f 2671/1480/2361 2480/1391/2170 2669/1468/2359
f 2671/1480/2361 2669/1468/2359 2668/1472/2358
f 2672/1481/2362 2673/1482/2363 2671/1480/2361
f 2672/1481/2362 2671/1480/2361 2674/1483/2364
f 2674/1483/2364 2671/1480/2361 2668/1472/2358
f 2673/1482/2363 2480/1391/2170 2671/1480/2361
f 2675/1484/2365 2672/1481/2362 2674/1483/2364
f 2675/1484/2365 2674/1483/2364 2676/1485/2366
f 2676/1485/2366 2674/1483/2364 2677/1486/2367
f 2674/1483/2364 2668/1472/2358 2677/1486/2367
f 2678/1487/2368 2677/1486/2367 2663/1479/2353
f 2676/1485/2366 2677/1486/2367 2678/1487/2368
f 2677/1486/2367 2665/1470/2355 2663/1479/2353
f 2677/1486/2367 2668/1472/2358 2665/1470/2355
f 2678/1487/2368 2663/1479/2353 2660/1478/2351
f 2678/1487/2368 2660/1478/2351 2679/1479/2369
f 2680/1486/2370 2678/1487/2368 2679/1479/2369
f 2676/1485/2366 2678/1487/2368 2680/1486/2370
f 2680/1486/2370 2679/1479/2369 2641/1470/2331
f 2681/1483/2371 2676/1485/2366 2680/1486/2370
f 2681/1483/2371 2680/1486/2370 2642/1472/2333
f 2642/1472/2333 2680/1486/2370 2641/1470/2331
f 2682/1481/2372 2675/1484/2365 2681/1483/2371
f 2675/1484/2365 2676/1485/2366 2681/1483/2371
f 2682/1481/2372 2681/1483/2371 2683/1480/2373
f 2683/1480/2373 2681/1483/2371 2642/1472/2333
f 2684/1482/2374 2682/1481/2372 2683/1480/2373
f 2683/1480/2373 2642/1472/2333 2638/1468/2329
f 2684/1482/2374 2683/1480/2373 2685/1391/2375
f 2685/1391/2375 2683/1480/2373 2638/1468/2329
f 2685/1391/2375 2638/1468/2329 2639/1392/2328
f 2686/1388/2376 2685/1391/2375 2687/1389/2377
f 2686/1388/2376 2684/1482/2374 2685/1391/2375
f 2687/1389/2377 2685/1391/2375 2639/1392/2328
f 2688/1386/2378 2686/1388/2376 2687/1389/2377
f 2687/1389/2377 2639/1392/2328 2614/1393/2304
f 2688/1386/2378 2687/1389/2377 2615/1387/2306
f 2615/1387/2306 2687/1389/2377 2614/1393/2304
f 2689/1390/2379 2686/1388/2376 2688/1386/2378
f 2690/1385/2380 2689/1390/2379 2688/1386/2378
f 2690/1385/2380 2688/1386/2378 2691/1384/2381
f 2691/1384/2381 2688/1386/2378 2615/1387/2306
f 2692/1380/2382 2690/1385/2380 2691/1384/2381
f 2691/1384/2381 2615/1387/2306 2611/1383/2301
f 2692/1380/2382 2691/1384/2381 2693/1381/2383
f 2693/1381/2383 2691/1384/2381 2611/1383/2301
f 2693/1381/2383 2611/1383/2301 2607/1382/2297
f 2604/1368/2294 2693/1381/2383 2607/1382/2297
f 2694/1378/2384 2693/1381/2383 2604/1368/2294
f 2694/1378/2384 2692/1380/2382 2693/1381/2383
f 2695/1377/2385 2692/1380/2382 2694/1378/2384
f 2696/1376/2386 2695/1377/2385 2694/1378/2384
f 2696/1376/2386 2694/1378/2384 2605/1369/2296
f 2605/1369/2296 2694/1378/2384 2604/1368/2294
f 2697/1379/2387 2695/1377/2385 2696/1376/2386
f 2698/1374/2388 2697/1379/2387 2696/1376/2386
f 2698/1374/2388 2696/1376/2386 2699/1373/2389
f 2699/1373/2389 2696/1376/2386 2605/1369/2296
f 2700/1375/2390 2698/1374/2388 2699/1373/2389
f 2699/1373/2389 2605/1369/2296 2602/1370/2292
f 2700/1375/2390 2699/1373/2389 2597/1371/2287
f 2597/1371/2287 2699/1373/2389 2602/1370/2292
f 2701/1458/2391 2698/1374/2388 2700/1375/2390
f 2702/1456/2392 2701/1458/2391 2700/1375/2390
f 2702/1456/2392 2700/1375/2390 2594/1459/2284
f 2594/1459/2284 2700/1375/2390 2597/1371/2287
f 2703/1455/2393 2701/1458/2391 2702/1456/2392
f 2704/1452/2394 2703/1455/2393 2702/1456/2392
f 2704/1452/2394 2702/1456/2392 2595/1454/2286
f 2595/1454/2286 2702/1456/2392 2594/1459/2284
f 2705/1457/2395 2703/1455/2393 2704/1452/2394
f 2706/1450/2396 2705/1457/2395 2704/1452/2394
f 2706/1450/2396 2704/1452/2394 2707/1451/2397
f 2707/1451/2397 2704/1452/2394 2595/1454/2286
f 2569/1445/2259 2706/1450/2396 2707/1451/2397
f 2707/1451/2397 2595/1454/2286 2591/1453/2282
f 2569/1445/2259 2707/1451/2397 2571/1447/2261
f 2571/1447/2261 2707/1451/2397 2591/1453/2282
f 2568/1321/2258 2706/1450/2396 2569/1445/2259
f 2568/1321/2258 2708/1319/2398 2706/1450/2396
f 2708/1319/2398 2705/1457/2395 2706/1450/2396
f 2710/1318/2399 2709/1316/2400 2708/1319/2398
f 2709/1316/2400 2711/1314/2401 2708/1319/2398
f 2708/1319/2398 2711/1314/2401 2705/1457/2395
f 2710/1318/2399 2708/1319/2398 2568/1321/2258
f 2711/1314/2401 2712/1312/2402 2714/1488/2403
f 2713/1313/2404 2712/1312/2402 2711/1314/2401
f 2709/1316/2400 2713/1313/2404 2711/1314/2401
f 2711/1314/2401 2714/1488/2403 2705/1457/2395
f 2714/1488/2403 2715/1489/2405 2716/1490/2406
f 2712/1312/2402 2715/1489/2405 2714/1488/2403
f 2714/1488/2403 2716/1490/2406 2703/1455/2393
f 2705/1457/2395 2714/1488/2403 2703/1455/2393
f 2716/1490/2406 2717/1491/2407 2718/1492/2408
f 2715/1489/2405 2717/1491/2407 2716/1490/2406
f 2716/1490/2406 2718/1492/2408 2701/1458/2391
f 2703/1455/2393 2716/1490/2406 2701/1458/2391
f 2717/1491/2407 2719/1493/2409 2718/1492/2408
f 2718/1492/2408 2697/1379/2387 2698/1374/2388
f 2718/1492/2408 2719/1493/2409 2697/1379/2387
f 2701/1458/2391 2718/1492/2408 2698/1374/2388
f 2719/1493/2409 2720/1494/2410 2722/1495/2411
f 2721/1496/2412 2720/1494/2410 2719/1493/2409
f 2717/1491/2407 2721/1496/2412 2719/1493/2409
f 2719/1493/2409 2722/1495/2411 2697/1379/2387
f 2720/1494/2410 2723/1497/2413 2722/1495/2411
f 2722/1495/2411 2723/1497/2413 2724/1498/2414
f 2722/1495/2411 2724/1498/2414 2695/1377/2385
f 2697/1379/2387 2722/1495/2411 2695/1377/2385
f 2724/1498/2414 2690/1385/2380 2692/1380/2382
f 2724/1498/2414 2725/1499/2415 2690/1385/2380
f 2695/1377/2385 2724/1498/2414 2692/1380/2382
f 2723/1497/2413 2725/1499/2415 2724/1498/2414
f 2723/1497/2413 2726/1500/2416 2725/1499/2415
f 2726/1500/2416 2727/1501/2417 2725/1499/2415
f 2725/1499/2415 2689/1390/2379 2690/1385/2380
f 2725/1499/2415 2727/1501/2417 2689/1390/2379
f 2726/1500/2416 2728/1502/2418 2727/1501/2417
f 2728/1502/2418 2730/1503/2419 2727/1501/2417
f 2727/1501/2417 2729/1504/2420 2689/1390/2379
f 2727/1501/2417 2730/1503/2419 2729/1504/2420
f 2730/1503/2419 2731/1505/2421 2732/1506/2422
f 2733/1507/2423 2731/1505/2421 2730/1503/2419
f 2730/1503/2419 2732/1506/2422 2729/1504/2420
f 2728/1502/2418 2733/1507/2423 2730/1503/2419
f 2733/1507/2423 2735/1503/2424 2731/1505/2421
f 2734/1508/2425 2736/1502/2426 2733/1507/2423
f 2734/1508/2425 2733/1507/2423 2728/1502/2418
f 2733/1507/2423 2736/1502/2426 2735/1503/2424
f 2734/1508/2425 2737/1509/2427 2736/1502/2426
f 2736/1502/2426 2738/1501/2428 2735/1503/2424
f 2737/1509/2427 2739/1500/2429 2736/1502/2426
f 2736/1502/2426 2739/1500/2429 2738/1501/2428
f 2740/1510/2430 2742/1497/2431 2739/1500/2429
f 2737/1509/2427 2740/1510/2430 2739/1500/2429
f 2739/1500/2429 2742/1497/2431 2741/1499/2432
f 2739/1500/2429 2741/1499/2432 2738/1501/2428
f 2740/1510/2430 2743/1494/2433 2742/1497/2431
f 2743/1494/2433 2745/1495/2434 2742/1497/2431
f 2742/1497/2431 2744/1498/2435 2741/1499/2432
f 2742/1497/2431 2745/1495/2434 2744/1498/2435
f 2743/1494/2433 2746/1493/2436 2745/1495/2434
f 2746/1493/2436 2467/1379/2158 2745/1495/2434
f 2745/1495/2434 2466/1377/2156 2744/1498/2435
f 2745/1495/2434 2467/1379/2158 2466/1377/2156
f 2747/1496/2437 2746/1493/2436 2743/1494/2433
f 2747/1496/2437 2748/1491/2438 2746/1493/2436
f 2748/1491/2438 2749/1492/2439 2746/1493/2436
f 2746/1493/2436 2749/1492/2439 2467/1379/2158
f 2748/1491/2438 2750/1490/2440 2749/1492/2439
f 2749/1492/2439 2463/1374/2153 2467/1379/2158
f 2750/1490/2440 2585/1458/2275 2749/1492/2439
f 2749/1492/2439 2585/1458/2275 2463/1374/2153
f 2751/1489/2441 2750/1490/2440 2748/1491/2438
f 2751/1489/2441 2752/1488/2442 2750/1490/2440
f 2752/1488/2442 2582/1455/2272 2750/1490/2440
f 2750/1490/2440 2582/1455/2272 2585/1458/2275
f 2395/1312/2085 2752/1488/2442 2751/1489/2441
f 2395/1312/2085 2398/1314/2087 2752/1488/2442
f 2398/1314/2087 2583/1457/2274 2752/1488/2442
f 2752/1488/2442 2583/1457/2274 2582/1455/2272
f 2753/1511/2443 2751/1489/2441 2748/1491/2438
f 2392/1308/2081 2395/1312/2085 2751/1489/2441
f 2392/1308/2081 2751/1489/2441 2753/1511/2443
f 2389/1306/2079 2392/1308/2081 2753/1511/2443
f 2389/1306/2079 2753/1511/2443 2754/1512/2444
f 2753/1511/2443 2748/1491/2438 2747/1496/2437
f 2754/1512/2444 2753/1511/2443 2747/1496/2437
f 2755/1513/2445 2754/1512/2444 2756/1514/2446
f 2386/1302/2075 2754/1512/2444 2755/1513/2445
f 2386/1302/2075 2389/1306/2079 2754/1512/2444
f 2754/1512/2444 2747/1496/2437 2756/1514/2446
f 2755/1513/2445 2756/1514/2446 2757/1515/2447
f 2757/1515/2447 2756/1514/2446 2740/1510/2430
f 2756/1514/2446 2743/1494/2433 2740/1510/2430
f 2756/1514/2446 2747/1496/2437 2743/1494/2433
f 2758/1516/2448 2757/1515/2447 2737/1509/2427
f 2759/1517/2449 2757/1515/2447 2758/1516/2448
f 2759/1517/2449 2755/1513/2445 2757/1515/2447
f 2757/1515/2447 2740/1510/2430 2737/1509/2427
f 2760/1513/2450 2759/1517/2449 2761/1515/2451
f 2383/1303/2074 2759/1517/2449 2760/1513/2450
f 2759/1517/2449 2758/1516/2448 2761/1515/2451
f 2383/1303/2074 2755/1513/2445 2759/1517/2449
f 2760/1513/2450 2761/1515/2451 2764/1514/2452
f 2761/1515/2451 2758/1516/2448 2762/1509/2453
f 2761/1515/2451 2762/1509/2453 2763/1510/2454
f 2764/1514/2452 2761/1515/2451 2763/1510/2454
f 2765/1512/2455 2760/1513/2450 2764/1514/2452
f 2765/1512/2455 2764/1514/2452 2721/1496/2412
f 2764/1514/2452 2763/1510/2454 2720/1494/2410
f 2721/1496/2412 2764/1514/2452 2720/1494/2410
f 2382/1302/2073 2760/1513/2450 2765/1512/2455
f 2766/1306/2456 2382/1302/2073 2765/1512/2455
f 2766/1306/2456 2765/1512/2455 2767/1511/2457
f 2767/1511/2457 2765/1512/2455 2721/1496/2412
f 2768/1308/2458 2766/1306/2456 2767/1511/2457
f 2767/1511/2457 2721/1496/2412 2717/1491/2407
f 2768/1308/2458 2767/1511/2457 2715/1489/2405
f 2715/1489/2405 2767/1511/2457 2717/1491/2407
f 2769/1307/2459 2766/1306/2456 2768/1308/2458
f 2770/1310/2460 2769/1307/2459 2768/1308/2458
f 2770/1310/2460 2768/1308/2458 2712/1312/2402
f 2712/1312/2402 2768/1308/2458 2715/1489/2405
f 2771/1309/2461 2769/1307/2459 2770/1310/2460
f 2772/1311/2462 2771/1309/2461 2770/1310/2460
f 2772/1311/2462 2770/1310/2460 2713/1313/2404
f 2713/1313/2404 2770/1310/2460 2712/1312/2402
f 2537/1439/2228 2771/1309/2461 2772/1311/2462
f 2540/1438/2230 2537/1439/2228 2772/1311/2462
f 2540/1438/2230 2772/1311/2462 2773/1315/2463
f 2773/1315/2463 2772/1311/2462 2713/1313/2404
f 2543/1437/2232 2540/1438/2230 2773/1315/2463
f 2773/1315/2463 2713/1313/2404 2709/1316/2400
f 2543/1437/2232 2773/1315/2463 2774/1317/2464
f 2774/1317/2464 2773/1315/2463 2709/1316/2400
f 2774/1317/2464 2709/1316/2400 2710/1318/2399
f 2546/1417/2236 2774/1317/2464 2775/1320/2465
f 2546/1417/2236 2543/1437/2232 2774/1317/2464
f 2775/1320/2465 2774/1317/2464 2710/1318/2399
f 2549/1416/2238 2546/1417/2236 2775/1320/2465
f 2775/1320/2465 2710/1318/2399 2565/1322/2255
f 2549/1416/2238 2775/1320/2465 2566/1324/2257
f 2566/1324/2257 2775/1320/2465 2565/1322/2255
f 2771/1309/2461 2776/1305/2466 2769/1307/2459
f 2537/1439/2228 2534/1440/2224 2771/1309/2461
f 2534/1440/2224 2776/1305/2466 2771/1309/2461
f 2776/1305/2466 2384/1304/2076 2385/1300/2071
f 2533/1444/2223 2384/1304/2076 2776/1305/2466
f 2776/1305/2466 2385/1300/2071 2769/1307/2459
f 2534/1440/2224 2533/1444/2223 2776/1305/2466
f 2769/1307/2459 2385/1300/2071 2766/1306/2456
f 2385/1300/2071 2382/1302/2073 2766/1306/2456
f 2763/1510/2454 2726/1500/2416 2723/1497/2413
f 2763/1510/2454 2762/1509/2453 2726/1500/2416
f 2720/1494/2410 2763/1510/2454 2723/1497/2413
f 2762/1509/2453 2734/1508/2425 2728/1502/2418
f 2758/1516/2448 2734/1508/2425 2762/1509/2453
f 2762/1509/2453 2728/1502/2418 2726/1500/2416
f 2382/1302/2073 2383/1303/2074 2760/1513/2450
f 2758/1516/2448 2737/1509/2427 2734/1508/2425
f 2383/1303/2074 2386/1302/2075 2755/1513/2445
f 2744/1498/2435 2469/1380/2159 2474/1385/2164
f 2741/1499/2432 2744/1498/2435 2474/1385/2164
f 2744/1498/2435 2466/1377/2156 2469/1380/2159
f 2741/1499/2432 2474/1385/2164 2478/1390/2169
f 2738/1501/2428 2741/1499/2432 2478/1390/2169
f 2735/1503/2424 2738/1501/2428 2777/1504/2467
f 2738/1501/2428 2478/1390/2169 2777/1504/2467
f 2778/1506/2468 2777/1504/2467 2673/1482/2363
f 2735/1503/2424 2777/1504/2467 2778/1506/2468
f 2777/1504/2467 2477/1388/2167 2673/1482/2363
f 2777/1504/2467 2478/1390/2169 2477/1388/2167
f 2778/1506/2468 2673/1482/2363 2672/1481/2362
f 2779/1518/2469 2778/1506/2468 2672/1481/2362
f 2731/1505/2421 2735/1503/2424 2778/1506/2468
f 2731/1505/2421 2778/1506/2468 2779/1518/2469
f 2779/1518/2469 2672/1481/2362 2675/1484/2365
f 2779/1518/2469 2675/1484/2365 2682/1481/2372
f 2732/1506/2422 2779/1518/2469 2682/1481/2372
f 2731/1505/2421 2779/1518/2469 2732/1506/2422
f 2732/1506/2422 2682/1481/2372 2684/1482/2374
f 2729/1504/2420 2732/1506/2422 2684/1482/2374
f 2729/1504/2420 2684/1482/2374 2686/1388/2376
f 2689/1390/2379 2729/1504/2420 2686/1388/2376
f 2565/1322/2255 2710/1318/2399 2568/1321/2258
f 2679/1479/2369 2660/1478/2351 2661/1477/2350
f 2679/1479/2369 2661/1477/2350 2644/1473/2334
f 2641/1470/2331 2679/1479/2369 2644/1473/2334
f 2673/1482/2363 2477/1388/2167 2480/1391/2170
f 2661/1477/2350 2654/1431/2344 2646/1426/2336
f 2644/1473/2334 2661/1477/2350 2646/1426/2336
f 2657/1432/2347 2780/1519/2470 2536/1434/2226
f 2656/1474/2346 2780/1519/2470 2657/1432/2347
f 2657/1432/2347 2536/1434/2226 2539/1433/2229
f 2652/1430/2342 2657/1432/2347 2539/1433/2229
f 2780/1519/2470 2523/1434/2213 2531/1442/2221
f 2780/1519/2470 2531/1442/2221 2536/1434/2226
f 2656/1474/2346 2521/1432/2211 2780/1519/2470
f 2780/1519/2470 2521/1432/2211 2523/1434/2213
f 2656/1474/2346 2518/1429/2208 2521/1432/2211
f 2652/1430/2342 2539/1433/2229 2542/1422/2233
f 2614/1393/2304 2639/1392/2328 2617/1395/2307
f 2618/1398/2308 2631/1400/2322 2620/1350/2310
f 2620/1350/2310 2631/1400/2322 2626/1402/2316
f 2629/1409/2319 2551/1411/2241 2554/1410/2244
f 2597/1371/2287 2602/1370/2292 2598/1372/2288
f 2571/1447/2261 2591/1453/2282 2592/1464/2281
f 2572/1448/2262 2571/1447/2261 2592/1464/2281
f 2575/1447/2265 2572/1448/2262 2592/1464/2281
f 2575/1447/2265 2592/1464/2281 2580/1453/2270
f 2460/1371/2150 2587/1460/2277 2461/1372/2151
f 2585/1458/2275 2464/1375/2154 2463/1374/2153
f 2401/1319/2092 2577/1450/2267 2583/1457/2274
f 2398/1314/2087 2401/1319/2092 2583/1457/2274
f 2401/1319/2092 2404/1321/2094 2577/1450/2267
f 2552/1415/2243 2566/1324/2257 2561/1326/2251
f 2552/1415/2243 2549/1416/2238 2566/1324/2257
f 2555/1332/2245 2552/1415/2243 2561/1326/2251
f 2533/1444/2223 2388/1305/2078 2384/1304/2076
f 2533/1444/2223 2529/1440/2219 2388/1305/2078
f 2529/1440/2219 2391/1309/2082 2388/1305/2078
f 2516/1427/2206 2493/1404/2183 2496/1407/2186
f 2497/1408/2187 2499/1411/2190 2508/1420/2199
f 2508/1420/2199 2499/1411/2190 2503/1414/2193
f 2506/1417/2196 2403/1320/2093 2400/1317/2090
f 2436/1350/2126 2434/1347/2123 2491/1402/2181
f 2491/1402/2181 2434/1347/2123 2425/1343/2116
f 2457/1368/2147 2455/1366/2145 2472/1382/2161
f 2472/1382/2161 2455/1366/2145 2445/1359/2135
f 2455/1366/2145 2446/1360/2136 2445/1359/2135
f 2433/1348/2124 2442/1358/2134 2431/1346/2121
f 2434/1347/2123 2424/1341/2114 2425/1343/2116
f 2781/1520/2471 2782/1521/2472 2788/1520/2473
f 2781/1520/2471 2783/1522/2474 2782/1521/2472
f 2783/1522/2474 2781/1520/2471 2784/1523/2475
f 2784/1523/2475 2781/1520/2471 2785/1524/2476
f 2785/1524/2476 2781/1520/2471 2786/1525/2477
f 2786/1525/2477 2781/1520/2471 2787/1526/2478
f 2787/1526/2478 2781/1520/2471 2789/1526/2479
f 2789/1526/2479 2781/1520/2471 2788/1520/2473
f 2788/1520/2473 2791/1525/2480 2789/1526/2479
f 2789/1526/2479 2794/1527/2481 2790/1528/2482
f 2790/1528/2482 2787/1526/2478 2789/1526/2479
f 2791/1525/2480 2792/1529/2483 2789/1526/2479
f 2789/1526/2479 2792/1529/2483 2793/1530/2484
f 2793/1530/2484 2794/1527/2481 2789/1526/2479
f 2795/1527/2485 2796/1531/2486 2794/1527/2481
f 2793/1530/2484 2795/1527/2485 2794/1527/2481
f 2794/1527/2481 2796/1531/2486 2797/1531/2487
f 2794/1527/2481 2798/1532/2488 2790/1528/2482
f 2797/1531/2487 2798/1532/2488 2794/1527/2481
f 2798/1532/2488 2799/1528/2489 2790/1528/2482
f 2801/1532/2490 2799/1528/2489 2798/1532/2488
f 2800/1533/2491 2798/1532/2488 2803/1534/2492
f 2802/1521/2493 2798/1532/2488 2800/1533/2491
f 2802/1521/2493 2801/1532/2490 2798/1532/2488
f 2798/1532/2488 2804/1535/2494 2803/1534/2492
f 2797/1531/2487 2804/1535/2494 2798/1532/2488
f 2805/1535/2495 2806/1536/2496 2804/1535/2494
f 2797/1531/2487 2805/1535/2495 2804/1535/2494
f 2804/1535/2494 2806/1536/2496 2807/1536/2497
f 2804/1535/2494 2807/1536/2497 2803/1534/2492
f 2809/1537/2498 2807/1536/2497 2808/1538/2499
f 2807/1536/2497 2811/1538/2500 2808/1538/2499
f 2810/1539/2501 2807/1536/2497 2809/1537/2498
f 2803/1534/2492 2807/1536/2497 2810/1539/2501
f 2806/1536/2496 2811/1538/2500 2807/1536/2497
f 2806/1536/2496 2812/1537/2502 2811/1538/2500
f 2812/1537/2502 2813/1540/2503 2811/1538/2500
f 2811/1538/2500 2813/1540/2503 2808/1538/2499
f 2813/1540/2503 2814/1541/2504 2817/1540/2505
f 2814/1541/2504 2813/1540/2503 2815/1542/2506
f 2815/1542/2506 2813/1540/2503 2816/1543/2507
f 2816/1543/2507 2813/1540/2503 2812/1537/2502
f 2808/1538/2499 2813/1540/2503 2817/1540/2505
f 2817/1540/2505 2809/1537/2498 2808/1538/2499
f 2818/1543/2508 2809/1537/2498 2817/1540/2505
f 2817/1540/2505 2814/1541/2504 2819/1541/2509
f 2818/1543/2508 2817/1540/2505 2820/1542/2510
f 2820/1542/2510 2817/1540/2505 2819/1541/2509
f 2815/1542/2506 2816/1543/2507 2820/1542/2510
f 2821/1522/2511 2815/1542/2506 2820/1542/2510
f 2820/1542/2510 2822/1544/2512 2821/1522/2511
f 2820/1542/2510 2823/1545/2513 2822/1544/2512
f 2820/1542/2510 2816/1543/2507 2818/1543/2508
f 2819/1541/2509 2823/1545/2513 2820/1542/2510
f 2824/1545/2514 2825/1529/2515 2823/1545/2513
f 2819/1541/2509 2824/1545/2514 2823/1545/2513
f 2791/1525/2480 2823/1545/2513 2792/1529/2483
f 2823/1545/2513 2825/1529/2515 2792/1529/2483
f 2822/1544/2512 2823/1545/2513 2791/1525/2480
f 2825/1529/2515 2787/1526/2478 2826/1530/2516
f 2786/1525/2477 2787/1526/2478 2825/1529/2515
f 2825/1529/2515 2826/1530/2516 2792/1529/2483
f 2825/1529/2515 2824/1545/2514 2786/1525/2477
f 2826/1530/2516 2787/1526/2478 2795/1527/2485
f 2826/1530/2516 2795/1527/2485 2793/1530/2484
f 2792/1529/2483 2826/1530/2516 2793/1530/2484
f 2786/1525/2477 2824/1545/2514 2827/1544/2517
f 2827/1544/2517 2824/1545/2514 2815/1542/2506
f 2814/1541/2504 2824/1545/2514 2819/1541/2509
f 2815/1542/2506 2824/1545/2514 2814/1541/2504
f 2783/1522/2474 2827/1544/2517 2815/1542/2506
f 2791/1525/2480 2827/1544/2517 2822/1544/2512
f 2827/1544/2517 2784/1523/2475 2822/1544/2512
f 2786/1525/2477 2827/1544/2517 2791/1525/2480
f 2784/1523/2475 2827/1544/2517 2783/1522/2474
f 2822/1544/2512 2784/1523/2475 2828/1523/2518
f 2821/1522/2511 2822/1544/2512 2828/1523/2518
f 2828/1523/2518 2785/1524/2476 2829/1524/2519
f 2784/1523/2475 2785/1524/2476 2828/1523/2518
f 2788/1520/2473 2828/1523/2518 2829/1524/2519
f 2821/1522/2511 2828/1523/2518 2788/1520/2473
f 2785/1524/2476 2786/1525/2477 2829/1524/2519
f 2829/1524/2519 2791/1525/2480 2788/1520/2473
f 2829/1524/2519 2786/1525/2477 2791/1525/2480
f 2783/1522/2474 2815/1542/2506 2821/1522/2511
f 2788/1520/2473 2802/1521/2493 2821/1522/2511
f 2821/1522/2511 2802/1521/2493 2830/1546/2520
f 2830/1546/2520 2783/1522/2474 2821/1522/2511
f 2809/1537/2498 2831/1546/2521 2830/1546/2520
f 2831/1546/2521 2783/1522/2474 2830/1546/2520
f 2830/1546/2520 2810/1539/2501 2809/1537/2498
f 2802/1521/2493 2800/1533/2491 2830/1546/2520
f 2830/1546/2520 2800/1533/2491 2832/1547/2522
f 2832/1547/2522 2810/1539/2501 2830/1546/2520
f 2800/1533/2491 2833/1547/2523 2832/1547/2522
f 2832/1547/2522 2834/1539/2524 2810/1539/2501
f 2833/1547/2523 2834/1539/2524 2832/1547/2522
f 2834/1539/2524 2831/1546/2521 2812/1537/2502
f 2833/1547/2523 2831/1546/2521 2834/1539/2524
f 2834/1539/2524 2835/1534/2525 2810/1539/2501
f 2806/1536/2496 2835/1534/2525 2834/1539/2524
f 2834/1539/2524 2812/1537/2502 2806/1536/2496
f 2835/1534/2525 2805/1535/2495 2801/1532/2490
f 2801/1532/2490 2836/1533/2526 2835/1534/2525
f 2805/1535/2495 2835/1534/2525 2806/1536/2496
f 2810/1539/2501 2835/1534/2525 2803/1534/2492
f 2835/1534/2525 2836/1533/2526 2803/1534/2492
f 2836/1533/2526 2831/1546/2521 2833/1547/2523
f 2782/1521/2472 2831/1546/2521 2836/1533/2526
f 2782/1521/2472 2836/1533/2526 2801/1532/2490
f 2836/1533/2526 2833/1547/2523 2800/1533/2491
f 2803/1534/2492 2836/1533/2526 2800/1533/2491
f 2782/1521/2472 2783/1522/2474 2831/1546/2521
f 2812/1537/2502 2831/1546/2521 2809/1537/2498
f 2818/1543/2508 2812/1537/2502 2809/1537/2498
f 2816/1543/2507 2812/1537/2502 2818/1543/2508
f 2796/1531/2486 2805/1535/2495 2797/1531/2487
f 2801/1532/2490 2805/1535/2495 2796/1531/2486
f 2782/1521/2472 2801/1532/2490 2802/1521/2493
f 2788/1520/2473 2782/1521/2472 2802/1521/2493
f 2795/1527/2485 2801/1532/2490 2796/1531/2486
f 2799/1528/2489 2801/1532/2490 2795/1527/2485
f 2795/1527/2485 2787/1526/2478 2799/1528/2489
f 2799/1528/2489 2787/1526/2478 2790/1528/2482
f 2837/1548/2527 2838/1549/2527 2839/1550/2527
f 2840/1551/2528 2837/1548/2529 2839/1550/2530
f 2841/1552/2531 2837/1548/2532 2840/1551/2528
f 2842/1553/2533 2841/1552/2531 2840/1551/2528
f 2843/1554/2534 2841/1552/2531 2842/1553/2533
f 2844/1555/2535 2843/1554/2534 2842/1553/2533
f 2838/1549/2536 2843/1554/2534 2844/1555/2535
f 2839/1550/2530 2838/1549/2536 2844/1555/2535
f 2844/1555/2535 2842/1553/2533 2840/1551/2528
f 2839/1550/2530 2844/1555/2535 2840/1551/2528
f 2845/1548/2537 2847/1550/2538 2846/1549/2539
f 2848/1551/2540 2847/1550/2538 2845/1548/2537
f 2849/1552/2541 2848/1551/2540 2845/1548/2537
f 2850/1553/2542 2848/1551/2540 2849/1552/2541
f 2851/1554/2543 2850/1553/2542 2849/1552/2541
f 2846/1549/2539 2852/1555/2544 2851/1554/2543
f 2852/1555/2544 2850/1553/2542 2851/1554/2543
f 2847/1550/2538 2852/1555/2544 2846/1549/2539
f 2847/1550/2538 2848/1551/2540 2852/1555/2544
f 2852/1555/2544 2848/1551/2540 2850/1553/2542
o item_damaged
v 70.710701 0.567014 -0.000000
v 0.000001 56.223221 3.999992
v 0.000001 71.277710 -0.000010
v 55.656200 0.567014 4.000000
v -0.000001 -70.143593 0.000010
v 0.000002 -55.089081 4.000008
v -70.710701 0.567014 -0.000000
v -55.656101 0.567014 4.000000
v 70.710701 0.567014 -0.000000
v 0.000001 71.277710 -0.000010
v 0.000001 56.223221 -4.000008
v 55.656200 0.567014 -4.000000
v -0.000001 -70.143593 0.000010
v 0.000002 -55.089081 -3.999992
v -70.710701 0.567014 -0.000000
v -55.656101 0.567014 -4.000000
v -51.577908 -35.028736 15.262561
v -54.616428 -33.403637 14.449880
v -52.026169 -40.489429 15.159413
v -56.359074 -44.937485 14.449883
v -8.085263 4.619454 15.159410
v -12.849236 9.453792 14.449878
v -8.085263 4.619454 14.449879
v -12.116067 8.712388 14.940919
v -51.577908 -35.028736 13.637198
v -52.026169 -40.489429 13.740350
v -8.085263 4.619454 13.740347
v -12.116067 8.712388 13.958837
v 33.118954 46.918846 15.159405
v 29.088537 50.922867 14.940914
v 33.118954 46.918846 14.449873
v 28.366766 51.638107 14.449873
v 33.118954 46.918846 13.740341
v 29.088537 50.922867 13.958832
v -42.223175 -62.852730 15.159413
v -45.826614 -59.138054 14.940923
v -15.062490 -35.006729 15.159411
v -15.062490 -35.006729 14.449880
v -42.223175 -62.852730 14.449882
v -42.223175 -62.852730 13.740350
v -15.062490 -35.006729 13.740348
v -45.826614 -59.138054 13.958840
v -18.614422 -31.400454 13.958838
v -46.471672 -58.474213 14.449882
v -18.614422 -31.400454 14.940920
v -19.230606 -30.775301 14.449879
v 12.652347 2.283679 14.449877
v 13.326793 1.607679 14.940918
v 13.326793 1.607679 13.958836
v 17.028355 -2.106166 13.740345
v 17.028355 -2.106166 14.449877
v 17.028355 -2.106166 15.159409
v 38.899178 21.246082 17.348005
v 37.865833 23.391277 18.070223
v 40.158272 22.337704 17.302549
v 40.407661 20.518429 16.701357
v 40.310848 20.611179 16.531424
v 36.753815 22.252686 17.727009
v 38.866817 21.277569 17.004457
v 36.753757 22.252739 18.070223
v 35.229450 22.975643 17.557688
v 36.462799 24.045567 17.602226
v 37.865883 23.391220 17.727009
v 34.670353 24.891354 16.701046
v 34.769211 24.791603 16.531424
v 36.499378 24.009182 17.261009
v 34.670353 24.891354 14.671188
v 34.769211 24.791603 12.810955
v 36.462799 24.045565 11.740150
v 34.670353 24.891354 12.641333
v 36.499378 24.009180 12.081367
v 37.865883 23.391218 11.615368
v 40.158272 22.337702 12.039827
v 37.865833 23.391275 11.272156
v 40.125908 22.369192 12.383375
v 41.439323 21.775242 12.810955
v 41.439323 21.775242 14.671188
v 41.536144 21.682499 12.641022
v 41.536144 21.682499 16.701357
v 40.407661 20.518429 12.641022
v 40.310848 20.611179 14.671188
v 38.899178 21.246080 11.994371
v 40.407661 20.518429 13.299385
v 40.310848 20.611179 12.810955
v 38.866817 21.277567 12.337921
v 36.753815 22.252684 11.615368
v 35.229450 22.975641 11.784691
v 36.753757 22.252737 11.272156
v 35.266029 22.939268 12.125908
v 33.651844 23.684185 12.810955
v 33.552990 23.783928 14.671188
v 33.651844 23.684185 16.531424
v 33.552990 23.783928 12.641333
v 33.552990 23.783928 16.701046
v 35.266029 22.939270 17.216469
v 40.407661 20.518429 16.042994
v 41.439323 21.775242 16.531424
v 40.125908 22.369194 16.959002
v 36.134506 16.128628 16.687178
v 34.100346 17.091137 17.488821
v 34.666504 14.614337 16.687178
v 36.047291 16.213177 14.671189
v 36.134506 16.128628 12.655202
v 34.666504 14.614337 12.655202
v 36.047291 16.213177 16.531424
v 34.071033 17.119663 17.177595
v 32.461319 17.858025 17.727011
v 32.461266 17.858074 18.037933
v 30.431339 18.806908 17.352186
v 30.464478 18.773956 17.043072
v 29.256550 19.328022 16.531424
v 29.166992 19.418385 14.671188
v 29.256550 19.328022 12.810953
v 29.166992 19.418385 16.685087
v 27.890781 18.153534 16.685087
v 28.995754 17.561550 17.300343
v 27.890781 18.153534 14.671189
v 27.890781 18.153534 12.657290
v 27.980339 18.063171 12.810954
v 28.995754 17.561548 12.042035
v 29.166992 19.418385 12.657290
v 30.431339 18.806906 11.990191
v 31.105423 16.469957 11.304446
v 32.461266 17.858072 11.304446
v 32.461319 17.858023 11.615369
v 30.464478 18.773954 12.299306
v 34.071033 17.119661 12.164784
v 34.100346 17.091135 11.853559
v 32.530304 15.729918 11.796876
v 36.047291 16.213177 12.810954
v 34.579292 14.698882 12.810954
v 31.105473 16.469908 11.615369
v 32.500988 15.758449 12.108102
v 29.028889 17.528597 12.351150
v 34.579292 14.698882 14.671189
v 34.579292 14.698882 16.531424
v 32.530304 15.729918 17.545504
v 32.500988 15.758449 17.234276
v 31.105473 16.469910 17.727011
v 31.105423 16.469959 18.037933
v 29.028889 17.528599 16.991228
v 27.980339 18.063171 16.531424
v 31.237194 11.033025 16.726322
v 28.745884 12.435302 17.760612
v 30.314873 10.081620 16.726322
v 31.128063 11.138822 14.671189
v 31.237194 11.033025 12.616059
v 30.314873 10.081620 12.616059
v 31.128063 11.138822 16.531425
v 28.709206 12.471000 17.371168
v 27.727581 13.011619 17.727011
v 25.338631 14.327327 16.857962
v 25.297169 14.368556 17.244762
v 27.727520 13.011683 18.116074
v 26.755283 12.016305 18.116076
v 27.679073 11.510385 17.799126
v 30.205742 10.187419 16.531425
v 26.755344 12.016244 17.727013
v 27.642387 11.546079 17.409683
v 24.180782 13.400100 17.204445
v 24.222240 13.358871 16.817646
v 23.578205 13.700233 16.531424
v 23.466148 13.813304 16.723707
v 23.466148 13.813304 14.671189
v 23.578205 13.700233 12.810954
v 24.180782 13.400100 12.137933
v 23.466148 13.813304 12.618672
v 24.222240 13.358871 12.524734
v 26.755344 12.016244 11.615369
v 27.679073 11.510385 11.543256
v 27.642387 11.546079 11.932698
v 26.755283 12.016305 11.226304
v 27.727520 13.011683 11.226304
v 25.297169 14.368556 12.097617
v 27.727581 13.011619 11.615369
v 25.338631 14.327327 12.484416
v 24.613750 14.726562 12.810954
v 24.501682 14.839625 12.618672
v 24.501682 14.839625 14.671189
v 24.501682 14.839625 16.723707
v 24.613750 14.726562 16.531424
v 28.709206 12.471000 11.971211
v 28.745884 12.435302 11.581769
v 31.128063 11.138822 12.810954
v 30.205742 10.187417 12.810954
v 30.205742 10.187417 14.671189
v 54.884762 34.660538 16.586172
v 45.138306 25.590874 16.531424
v 52.051456 37.480659 17.813206
v 54.884762 34.660538 12.756207
v 45.138306 25.590874 12.810955
v 23.418125 8.599595 11.615369
v 52.051456 37.480659 11.529174
v 42.460938 28.095644 11.615370
v 26.000736 5.849807 12.810957
v 26.000736 5.849807 16.531425
v 19.778095 -1.288125 16.842087
v 16.701248 1.800401 18.216108
v 23.418125 8.599595 17.727013
v 21.014240 11.159089 16.531425
v 42.460938 28.095646 17.727009
v 40.219093 30.192974 16.531424
v 49.332130 40.251976 16.586170
v 21.014240 11.159089 12.810956
v 40.219093 30.192974 12.810955
v 49.332130 40.251976 12.756207
v 13.763736 4.740184 12.500298
v 16.701248 1.800401 11.126274
v 19.778095 -1.288125 12.500298
v 15.482961 0.553120 11.126274
v 12.529332 3.508641 12.500298
v 12.529332 3.508641 16.842087
v 13.763736 4.740184 16.842087
v 15.482961 0.553121 18.216108
v 18.543701 -2.519654 16.842087
v 18.543701 -2.519654 12.500298
v 18.457752 -1.758010 15.573654
v 10.009017 -5.076935 15.554684
v 15.888888 0.702974 15.554684
v 12.557881 -7.519512 15.573655
v 18.457752 -1.758010 13.310802
v 12.557881 -7.519512 13.310803
v 10.009017 -5.076935 13.329771
v 7.359962 -2.552648 13.919415
v 7.359962 -2.552647 14.965042
v 15.888888 0.702973 13.329771
v 13.259833 3.208840 13.919415
v 13.259833 3.208841 14.965042
v 52.886295 40.500053 14.449874
v 52.793217 40.519669 15.390407
v 53.103291 41.068062 14.449874
v 52.855434 39.892769 14.449874
v 52.760860 39.882683 15.390407
v 52.793217 40.519669 13.509341
v 52.760860 39.882683 13.509341
v 52.926922 39.266869 13.509341
v 52.486362 39.853386 12.660872
v 52.674923 39.154182 12.660872
v 53.070301 38.547455 12.660872
v 52.282413 38.978676 11.987529
v 52.751247 38.259247 11.987529
v 53.419453 37.719917 11.987529
v 52.349201 37.896080 11.555211
v 53.149303 37.250290 11.555211
v 54.109821 36.883354 11.555211
v 52.849865 36.729706 11.406247
v 53.985897 36.295708 11.406247
v 55.200443 36.234016 11.406247
v 53.861973 35.708061 11.555211
v 55.264172 35.636826 11.555211
v 56.619762 36.002388 11.555211
v 55.321667 35.098106 11.987529
v 56.840916 35.507805 11.987529
v 58.159199 36.366913 11.987529
v 57.016422 35.115295 12.660874
v 58.447407 36.047859 12.660874
v 59.520176 37.376961 12.660874
v 58.632450 35.843002 13.509341
v 59.759464 37.239326 13.509341
v 60.399837 38.915573 13.509341
v 59.841915 37.191887 14.449874
v 60.492916 38.895950 14.449874
v 59.759464 37.239326 15.390407
v 60.399837 38.915573 15.390407
v 60.585461 40.717758 14.449874
v 60.110516 42.479012 14.449874
v 60.490887 40.707664 13.509341
v 60.490887 40.707664 15.390407
v 60.216389 40.678375 16.238873
v 60.023678 42.440186 15.390407
v 60.129719 38.972534 16.238873
v 59.147472 37.591347 16.912220
v 59.709026 39.061256 16.912218
v 59.520176 37.376961 16.238874
v 58.159199 36.366913 16.912220
v 58.447407 36.047859 16.238874
v 56.840916 35.507805 16.912220
v 57.016422 35.115295 16.238874
v 58.632450 35.843002 15.390407
v 57.129101 34.863297 15.390407
v 58.696209 35.772415 14.449874
v 57.167934 34.776459 14.449874
v 57.129101 34.863297 13.509341
v 55.367298 34.670578 12.660874
v 55.396580 34.396088 13.509341
v 53.661465 34.757240 12.660874
v 55.406681 34.301498 14.449874
v 53.604496 34.487122 13.509341
v 52.065891 35.366783 12.660874
v 53.584873 34.394051 14.449874
v 51.928242 35.127495 13.509341
v 50.736774 36.439552 12.660874
v 51.880817 35.045036 14.449874
v 50.531929 36.254517 13.509341
v 50.461342 36.190750 14.449874
v 49.552208 37.757858 13.509341
v 49.804226 37.870544 12.660874
v 49.787029 39.565292 11.987529
v 50.196732 38.046059 11.987529
v 49.359505 39.519669 12.660874
v 49.866867 41.136787 11.987529
v 49.446163 41.225502 12.660874
v 49.085011 39.490372 13.509341
v 49.176048 41.282471 13.509341
v 48.990425 39.480286 14.449874
v 49.465378 37.719032 14.449874
v 49.085011 39.490372 15.390407
v 49.552208 37.757858 15.390407
v 50.531929 36.254517 15.390407
v 49.359505 39.519669 16.238873
v 49.804226 37.870544 16.238874
v 49.787029 39.565292 16.912218
v 50.196732 38.046059 16.912218
v 50.736774 36.439552 16.238874
v 52.065891 35.366783 16.238874
v 51.928242 35.127495 15.390407
v 51.055836 36.727768 16.912220
v 51.457867 37.090927 17.344538
v 52.280285 35.739487 16.912220
v 50.691311 38.267212 17.344536
v 50.922932 39.686531 17.493500
v 51.239567 38.512360 17.493500
v 50.325760 39.622795 17.344536
v 50.984631 40.901070 17.493500
v 50.396984 41.024994 17.344536
v 51.418621 42.037102 17.493500
v 50.898045 42.336555 17.344536
v 49.866867 41.136787 16.912218
v 50.428413 42.606689 16.912218
v 49.446163 41.225502 16.238873
v 50.055706 42.821075 16.238873
v 49.176048 41.282471 15.390407
v 49.816414 42.958717 15.390407
v 49.082973 41.302086 14.449874
v 49.733963 43.006142 14.449874
v 49.816414 42.958717 13.509341
v 50.943439 44.355042 13.509340
v 50.055706 42.821075 12.660874
v 51.128483 44.150192 12.660874
v 52.734974 44.690231 11.987528
v 51.416691 43.831131 11.987529
v 52.559467 45.082748 12.660873
v 54.254223 45.099937 11.987528
v 54.208591 45.527458 12.660873
v 52.446789 45.334747 13.509340
v 54.179295 45.801964 13.509340
v 52.407955 45.421585 14.449873
v 50.879681 44.425621 14.449873
v 52.446789 45.334747 15.390406
v 50.943439 44.355042 15.390406
v 52.559467 45.082748 16.238873
v 51.128483 44.150192 16.238873
v 52.734974 44.690231 16.912218
v 51.416691 43.831131 16.912218
v 52.956135 44.195648 17.344536
v 51.779858 43.429092 17.344536
v 53.201290 43.647392 17.493500
v 52.182438 42.983421 17.493500
v 53.446438 43.099144 17.344536
v 52.585011 42.537758 17.344536
v 53.667599 42.604561 16.912218
v 52.948177 42.135719 16.912218
v 51.939213 41.737648 17.344536
v 52.408840 41.467522 16.912218
v 51.572277 40.777153 17.344536
v 52.102406 40.665352 16.912218
v 51.520123 39.750259 17.344536
v 52.058826 39.807755 16.912218
v 51.787815 38.757507 17.344536
v 52.282413 38.978676 16.912218
v 52.349201 37.896080 17.344536
v 51.903545 37.493515 17.493502
v 52.849865 36.729706 17.493502
v 52.550411 36.209114 17.344538
v 53.861973 35.708061 17.344538
v 53.750187 35.177948 16.912220
v 55.321667 35.098106 16.912220
v 53.661465 34.757240 16.238874
v 55.367298 34.670578 16.238874
v 55.396580 34.396088 15.390407
v 53.604496 34.487122 15.390407
v 55.264172 35.636826 17.344538
v 56.619762 36.002388 17.344538
v 53.985897 36.295708 17.493502
v 55.200443 36.234016 17.493502
v 54.109821 36.883354 17.344538
v 55.136707 36.831192 17.344538
v 56.374599 36.550652 17.493502
v 57.393459 37.214622 17.493502
v 57.796024 36.768959 17.344538
v 56.129452 37.098892 17.344538
v 55.908298 37.593483 16.912220
v 56.990879 37.660286 17.344538
v 55.079205 37.369911 16.912220
v 54.310337 37.834183 16.238876
v 55.033588 37.797440 16.238876
v 54.221615 37.413467 16.912220
v 53.633846 38.092621 16.238874
v 53.419453 37.719917 16.912220
v 53.070301 38.547455 16.238874
v 52.751247 38.259247 16.912218
v 53.149303 37.250290 17.344538
v 52.674923 39.154182 16.238874
v 52.926922 39.266869 15.390407
v 52.486362 39.853386 16.238874
v 52.523113 40.576637 16.238874
v 52.781544 41.253128 16.238874
v 53.020832 41.115479 15.390407
v 53.485188 41.541222 14.449874
v 53.421421 41.611809 15.390407
v 53.994610 41.873199 14.449874
v 53.955791 41.960037 15.390407
v 53.236385 41.816658 16.238874
v 53.843105 42.212044 16.238874
v 54.542309 42.400604 16.238874
v 54.571606 42.126114 15.390407
v 55.188969 42.000671 14.449874
v 55.208591 42.093742 15.390407
v 54.581699 42.031525 14.449874
v 54.571606 42.126114 13.509341
v 53.955791 41.960037 13.509341
v 53.421421 41.611809 13.509341
v 53.843105 42.212044 12.660872
v 53.236385 41.816658 12.660872
v 52.781544 41.253128 12.660872
v 52.948177 42.135719 11.987529
v 52.408840 41.467522 11.987529
v 52.102406 40.665352 11.987529
v 51.572277 40.777153 11.555211
v 51.939213 41.737648 11.555211
v 52.585011 42.537758 11.555211
v 50.984631 40.901070 11.406247
v 51.418621 42.037102 11.406247
v 52.182438 42.983421 11.406247
v 50.396984 41.024994 11.555211
v 50.898045 42.336555 11.555211
v 51.779858 43.429092 11.555211
v 50.428413 42.606689 11.987529
v 53.201290 43.647392 11.406247
v 52.956135 44.195648 11.555211
v 54.375446 43.964027 11.406247
v 54.311718 44.561211 11.555210
v 55.590000 43.902328 11.406247
v 55.713917 44.489975 11.555210
v 57.025471 43.988922 11.555211
v 55.825703 45.020096 11.987528
v 56.726032 43.468338 11.406247
v 57.226688 42.301956 11.555211
v 56.426579 42.947754 11.555211
v 57.672344 42.704529 11.406247
v 57.788074 41.440529 11.555211
v 58.336323 41.685684 11.406247
v 58.118023 43.107109 11.555211
v 58.884579 41.930824 11.555211
v 58.520054 43.470276 11.987529
v 57.295605 44.458557 11.987528
v 57.509998 44.831253 12.660873
v 55.914433 45.440811 12.660873
v 55.971394 45.710922 13.509340
v 55.991024 45.803986 14.449873
v 54.169216 45.896545 14.449873
v 57.647640 45.070549 13.509340
v 58.839115 43.758484 12.660874
v 57.695072 45.153008 14.449873
v 59.043964 43.943527 13.509341
v 59.771671 42.327499 12.660874
v 59.114544 44.007286 14.449874
v 60.023678 42.440186 13.509341
v 60.216389 40.678375 12.660874
v 59.709026 39.061256 11.987529
v 59.788845 40.632736 11.987529
v 60.129719 38.972534 12.660874
v 59.147472 37.591347 11.987529
v 57.796024 36.768959 11.555211
v 58.677845 37.861488 11.555211
v 57.393459 37.214622 11.406247
v 58.157269 38.160942 11.406247
v 59.178905 39.173042 11.555211
v 58.591251 39.296974 11.406247
v 59.250134 40.575249 11.555211
v 59.379154 42.151978 11.987529
v 58.652958 40.511520 11.406247
v 58.055782 40.447777 11.555211
v 58.003613 39.420898 11.555211
v 57.167049 38.730530 11.987529
v 57.473484 39.532684 11.987529
v 57.636677 38.460388 11.555211
v 56.627712 38.062325 11.987529
v 56.990879 37.660286 11.555211
v 55.908298 37.593483 11.987529
v 56.129452 37.098892 11.555211
v 55.136707 36.831192 11.555211
v 56.374599 36.550652 11.406247
v 55.079205 37.369911 11.987529
v 54.310337 37.834183 12.660872
v 55.033588 37.797440 12.660872
v 54.221615 37.413467 11.987529
v 53.633846 38.092621 12.660872
v 53.275166 38.732506 13.509341
v 53.771481 38.331909 13.509341
v 53.345745 38.796272 14.449874
v 54.367298 38.104294 13.509341
v 53.818905 38.414360 14.449874
v 53.771481 38.331909 15.390407
v 54.386921 38.197357 14.449874
v 54.367298 38.104294 15.390407
v 55.004284 38.071930 15.390407
v 54.994198 38.166519 14.449874
v 55.620098 38.237991 15.390407
v 55.732784 37.985992 16.238874
v 56.339504 38.381386 16.238874
v 56.627712 38.062325 16.912218
v 57.167049 38.730530 16.912218
v 57.636677 38.460388 17.344536
v 58.003613 39.420898 17.344536
v 58.157269 38.160942 17.493500
v 58.591251 39.296974 17.493500
v 58.652958 40.511520 17.493500
v 59.178905 39.173042 17.344536
v 59.250134 40.575249 17.344536
v 58.884579 41.930824 17.344536
v 59.788845 40.632736 16.912218
v 59.379154 42.151978 16.912218
v 58.520054 43.470276 16.912218
v 59.771671 42.327499 16.238873
v 58.839115 43.758484 16.238873
v 57.509998 44.831253 16.238873
v 59.043964 43.943527 15.390407
v 57.647640 45.070549 15.390406
v 55.971394 45.710922 15.390406
v 54.179295 45.801964 15.390406
v 55.914433 45.440811 16.238873
v 55.825703 45.020096 16.912218
v 54.208591 45.527458 16.238873
v 57.295605 44.458557 16.912218
v 58.118023 43.107109 17.344536
v 57.025471 43.988922 17.344536
v 55.713917 44.489975 17.344536
v 57.672344 42.704529 17.493500
v 56.726032 43.468338 17.493500
v 57.226688 42.301956 17.344536
v 56.426579 42.947754 17.344536
v 55.590000 43.902328 17.493500
v 54.375446 43.964027 17.493500
v 54.311718 44.561211 17.344536
v 55.466076 43.314682 17.344536
v 55.354282 42.784569 16.912218
v 54.439182 43.366852 17.344536
v 56.156437 42.478111 16.912218
v 56.505589 41.650589 16.238874
v 55.942051 42.105415 16.238874
v 56.824650 41.938797 16.912218
v 56.900967 41.043854 16.238874
v 57.293476 41.219368 16.912218
v 57.089527 40.344658 16.238874
v 57.517063 40.390289 16.912218
v 57.788074 41.440529 17.344536
v 58.055782 40.447777 17.344536
v 58.336323 41.685684 17.493500
v 57.473484 39.532684 16.912218
v 56.794346 38.944916 16.238874
v 57.052784 39.621407 16.238874
v 56.555058 39.082550 15.390407
v 56.782673 39.678368 15.390407
v 56.472599 39.129967 14.449874
v 56.689602 39.697998 14.449874
v 56.815029 40.315353 15.390407
v 56.720448 40.305260 14.449874
v 56.648968 40.931183 15.390407
v 56.562130 40.892349 14.449874
v 56.300732 41.465538 15.390407
v 56.230145 41.401772 14.449874
v 55.804424 41.866127 15.390407
v 55.756985 41.783676 14.449874
v 55.265553 42.363861 16.238874
v 54.496677 42.828133 16.912218
v 55.804424 41.866127 13.509341
v 55.208591 42.093742 13.509341
v 55.265553 42.363861 12.660872
v 54.542309 42.400604 12.660872
v 54.496677 42.828133 11.987529
v 53.667599 42.604561 11.987529
v 53.446438 43.099144 11.555211
v 54.439182 43.366852 11.555211
v 55.354282 42.784569 11.987529
v 55.466076 43.314682 11.555211
v 56.156437 42.478111 11.987529
v 56.505589 41.650589 12.660872
v 55.942051 42.105415 12.660872
v 56.824650 41.938797 11.987529
v 56.900967 41.043854 12.660872
v 57.293476 41.219368 11.987529
v 57.089527 40.344658 12.660872
v 57.517063 40.390289 11.987529
v 57.052784 39.621407 12.660872
v 56.555058 39.082550 13.509341
v 56.782673 39.678368 13.509341
v 56.794346 38.944916 12.660872
v 56.154461 38.586235 13.509341
v 56.339504 38.381386 12.660872
v 55.620098 38.237991 13.509341
v 55.732784 37.985992 12.660872
v 55.004284 38.071930 13.509341
v 55.581280 38.324837 14.449874
v 56.090702 38.656822 14.449874
v 56.154461 38.586235 15.390407
v 56.815029 40.315353 13.509341
v 56.648968 40.931183 13.509341
v 56.300732 41.465538 13.509341
v 54.254223 45.099937 16.912218
v 58.677845 37.861488 17.344538
v 53.275166 38.732506 15.390407
v 53.013760 39.305695 14.449874
v 50.325760 39.622795 11.555211
v 50.922932 39.686531 11.406247
v 50.691311 38.267212 11.555211
v 51.239567 38.512360 11.406247
v 51.457867 37.090927 11.555211
v 51.055836 36.727768 11.987529
v 52.280285 35.739487 11.987529
v 52.550411 36.209114 11.555211
v 53.750187 35.177948 11.987529
v 51.903545 37.493515 11.406247
v 51.787815 38.757507 11.555211
v 52.058826 39.807755 11.987529
v 51.520123 39.750259 11.555211
v 52.523113 40.576637 12.660872
v 53.020832 41.115479 13.509341
v 17.919991 -3.955353 16.924870
v 17.919991 -3.955354 11.974884
v 11.222962 3.041356 16.924870
v 12.315526 1.899900 19.399363
v 16.827423 -2.813902 19.399363
v 18.130070 -4.174844 22.349676
v 19.222637 -5.316295 19.875181
v 18.685768 -3.263617 16.924870
v 19.907692 -4.697480 19.875181
v 19.907692 -4.697480 14.449877
v 18.882839 -3.494862 22.349676
v 19.312958 -3.999590 24.362417
v 20.813965 -5.729328 20.913698
v 20.813965 -5.729328 14.449877
v 20.157333 -6.322470 7.986054
v 20.813965 -5.729329 7.986054
v 19.907692 -4.697481 9.024574
v 20.157333 -6.322470 14.449878
v 19.222637 -5.316296 9.024574
v 20.157333 -6.322469 20.913698
v 19.222637 -5.316296 14.449877
v 18.588612 -4.653899 24.362417
v 10.767602 3.738380 24.400663
v 11.756465 4.631630 24.400663
v 10.210891 6.647699 21.002447
v 12.168870 4.147705 22.454924
v 11.099719 5.638181 20.073431
v 12.403750 4.107976 16.924870
v 11.182038 5.547051 14.449877
v 10.128568 6.738832 14.449876
v 9.915103 4.402616 14.449877
v 9.832788 4.493745 20.073431
v 11.207242 3.279056 22.454924
v 8.918538 5.480304 21.002447
v 8.836217 5.571437 14.449877
v 9.832788 4.493744 8.826323
v 8.918538 5.480303 7.897306
v 10.210891 6.647698 7.897306
v 11.756465 4.631629 4.499090
v 11.099719 5.638180 8.826323
v 12.403760 4.107976 11.974886
v 11.222962 3.041347 11.974886
v 12.168870 4.147704 6.444829
v 18.130070 -4.174845 6.550080
v 11.207242 3.279055 6.444829
v 18.882839 -3.494863 6.550080
v 13.428613 2.905360 9.500389
v 12.315526 1.899899 9.500389
v 17.660915 -2.061002 9.500389
v 16.827423 -2.813903 9.500389
v 18.685768 -3.263618 11.974884
v 19.312958 -3.999592 4.537337
v 18.588612 -4.653901 4.537337
v 10.767602 3.738379 4.499090
v 13.428613 2.905361 19.399363
v 17.660915 -2.061001 19.399363
vn 0.1532 -0.0511 0.9869
vn 0.2567 -0.0253 0.9662
vn 0.0093 0.0824 0.9966
vn 0.2487 0.2487 0.9361
vn 0.0853 -0.2559 0.9629
vn 0.2567 -0.0255 0.9661
vn -0.2559 -0.0853 0.9629
vn -0.0640 -0.1919 0.9793
vn -0.1532 0.0511 0.9869
vn 0.0253 0.2567 0.9662
vn 0.2559 0.0853 -0.9629
vn 0.0640 0.1919 -0.9793
vn -0.0853 0.2559 -0.9629
vn 0.1532 -0.0511 -0.9869
vn 0.0853 -0.2559 -0.9629
vn -0.2559 -0.0853 -0.9629
vn -0.0640 -0.1919 -0.9793
vn -0.1532 0.0511 -0.9869
vn -0.1902 0.0287 0.9813
vn -0.1551 0.0318 0.9874
vn 0.0773 0.0561 0.9954
vn -0.1072 0.0362 0.9936
vn 0.0025 -0.0217 0.9998
vn 0.7163 -0.6978 -0.0000
vn -0.0862 -0.0077 -0.9962
vn 0.0055 -0.0287 0.9996
vn -0.0952 0.0988 0.9905
vn -0.0984 0.0987 0.9902
vn -0.1511 0.1477 0.9774
vn -0.1515 0.1535 0.9765
vn -0.0160 -0.0101 -0.9998
vn 0.0121 -0.0117 -0.9999
vn 0.0054 -0.0289 -0.9996
vn -0.1515 0.1535 -0.9765
vn -0.0984 0.0987 -0.9902
vn -0.1511 0.1477 -0.9774
vn -0.0952 0.0988 -0.9905
vn -0.1501 0.0301 -0.9882
vn -0.1072 0.0362 -0.9936
vn 0.0091 -0.0086 0.9999
vn 0.0089 -0.0093 0.9999
vn -0.1124 0.1101 0.9876
vn 0.7159 -0.6982 -0.0000
vn 0.0091 -0.0086 -0.9999
vn 0.0092 -0.0089 -0.9999
vn -0.1123 0.1100 -0.9876
vn -0.1178 0.1148 -0.9864
vn -0.1799 0.1769 -0.9677
vn -0.1178 0.1148 0.9864
vn -0.1799 0.1769 0.9676
vn -0.1885 0.1831 0.9648
vn -0.1885 0.1831 -0.9648
vn -0.1842 0.1804 -0.9662
vn -0.1139 0.1099 -0.9874
vn -0.1766 0.1714 -0.9692
vn -0.1139 0.1099 0.9874
vn -0.1766 0.1714 0.9692
vn 0.0092 -0.0089 0.9999
vn 0.2707 -0.2257 0.9358
vn -0.1425 0.0898 0.9857
vn -0.0908 0.1739 0.9806
vn 0.2685 -0.2427 0.9322
vn 0.1966 -0.2484 0.9485
vn -0.4668 -0.8787 -0.0996
vn -0.4618 -0.8777 -0.1275
vn -0.4308 -0.9016 0.0389
vn -0.2295 0.1801 0.9565
vn -0.2358 0.2103 0.9488
vn -0.2723 0.2912 0.9171
vn 0.4240 0.9048 -0.0397
vn 0.4207 0.9071 -0.0121
vn 0.4710 0.8744 -0.1165
vn -0.6916 0.7222 -0.0000
vn 0.4710 0.8744 0.1166
vn -0.2244 0.2871 -0.9313
vn -0.2724 0.1981 -0.9416
vn 0.4206 0.9071 0.0121
vn 0.4240 0.9048 0.0397
vn 0.2515 -0.2350 -0.9389
vn 0.4569 0.8800 -0.1296
vn -0.1634 0.1086 -0.9806
vn 0.4650 0.8783 -0.1112
vn 0.2514 -0.2085 -0.9452
vn 0.6917 0.7222 -0.0000
vn 0.2454 -0.1705 0.9543
vn 0.1967 -0.2524 -0.9474
vn -0.6918 -0.7221 -0.0000
vn -0.4668 -0.8787 0.0997
vn 0.2615 -0.2212 -0.9395
vn 0.7180 -0.6960 -0.0000
vn -0.4619 -0.8777 0.1276
vn -0.4308 -0.9016 -0.0389
vn -0.2357 0.2102 -0.9488
vn -0.1205 0.1837 -0.9756
vn -0.4270 -0.9042 -0.0119
vn -0.4837 -0.8662 -0.1253
vn -0.7223 -0.6916 -0.0000
vn -0.2562 -0.0807 -0.9632
vn -0.4837 -0.8662 0.1253
vn -0.2495 -0.0809 0.9650
vn -0.4270 -0.9042 0.0119
vn -0.6918 -0.7220 -0.0000
vn 0.4650 0.8783 0.1112
vn 0.4569 0.8800 0.1296
vn 0.4655 0.8781 0.1107
vn 0.2584 -0.2252 0.9394
vn 0.2038 0.1315 0.9702
vn 0.2187 -0.2252 0.9495
vn 0.3918 -0.2299 -0.8909
vn 0.6960 0.7180 -0.0000
vn 0.2199 -0.1317 -0.9666
vn 0.4570 0.8796 0.1322
vn 0.4268 0.9035 -0.0395
vn -0.1235 0.0753 0.9895
vn -0.2428 0.1875 0.9518
vn 0.4235 0.9058 -0.0124
vn 0.4772 0.8713 -0.1147
vn -0.6925 0.7214 -0.0000
vn 0.0877 0.3487 0.9331
vn 0.4772 0.8713 0.1147
vn -0.2904 0.2468 0.9245
vn -0.2949 0.2617 0.9190
vn -0.7214 -0.6925 -0.0000
vn -0.2912 0.2135 -0.9325
vn -0.5141 -0.8504 -0.1117
vn -0.2648 0.2327 -0.9358
vn -0.2449 0.2962 -0.9232
vn -0.2327 0.1835 -0.9551
vn -0.1791 0.2025 -0.9628
vn -0.1442 0.0928 -0.9852
vn 0.4268 0.9035 0.0395
vn 0.4235 0.9058 0.0124
vn 0.2301 -0.2122 -0.9498
vn 0.4570 0.8796 -0.1322
vn 0.4654 0.8781 -0.1107
vn 0.2456 -0.2091 -0.9465
vn -0.4940 -0.8649 0.0890
vn -0.4889 -0.8644 0.1169
vn -0.4631 -0.8856 -0.0350
vn -0.4598 -0.8880 -0.0111
vn -0.6960 -0.7180 -0.0000
vn -0.4940 -0.8649 -0.0890
vn 0.1058 -0.1498 0.9830
vn -0.4890 -0.8644 -0.1169
vn -0.4631 -0.8856 0.0350
vn -0.1211 0.1848 0.9753
vn -0.4598 -0.8880 0.0111
vn -0.5141 -0.8504 0.1117
vn 0.5199 0.8498 0.0869
vn 0.5157 0.8480 0.1223
vn 0.6746 0.7235 -0.1464
vn 0.2175 -0.2251 0.9498
vn 0.3202 -0.2282 -0.9195
vn 0.5367 0.8397 -0.0828
vn 0.5136 0.8516 0.1044
vn 0.4903 0.8710 -0.0316
vn 0.4876 0.8730 -0.0099
vn 0.4648 0.8843 -0.0446
vn 0.4530 0.8913 -0.0182
vn 0.2462 -0.2069 0.9469
vn -0.1469 0.1939 0.9700
vn -0.5060 -0.8584 -0.0842
vn -0.5012 -0.8582 -0.1107
vn -0.4765 -0.8785 0.0334
vn -0.0876 0.0853 0.9925
vn -0.4736 -0.8807 0.0105
vn -0.5342 -0.8387 0.1060
vn -0.3031 -0.0361 0.9523
vn -0.7229 -0.6905 0.0236
vn -0.5342 -0.8387 -0.1060
vn -0.3110 -0.0360 -0.9497
vn -0.0876 0.0853 -0.9925
vn -0.4736 -0.8807 -0.0105
vn -0.4765 -0.8785 -0.0334
vn 0.1062 -0.1443 -0.9838
vn -0.5012 -0.8582 0.1108
vn -0.0908 0.1734 -0.9807
vn 0.4720 0.8814 0.0197
vn 0.4842 0.8742 0.0364
vn 0.4903 0.8710 0.0316
vn 0.4876 0.8730 0.0099
vn 0.5373 0.8385 0.0905
vn 0.2509 0.8950 0.3688
vn -0.6906 0.7229 0.0237
vn 0.4906 0.8546 -0.1703
vn 0.5373 0.8385 -0.0905
vn 0.5639 0.8191 -0.1053
vn 0.5136 0.8516 -0.1044
vn 0.5199 0.8498 -0.0869
vn -0.5060 -0.8584 0.0842
vn -0.6961 -0.7180 -0.0000
vn 0.2111 -0.1508 -0.9658
vn 0.1673 -0.1812 0.9691
vn 0.1761 -0.1907 0.9657
vn 0.1281 -0.1496 0.9804
vn 0.1718 -0.1862 -0.9674
vn 0.2281 -0.1369 0.9640
vn 0.1277 -0.1501 -0.9804
vn -0.1223 0.1793 -0.9762
vn 0.1390 -0.1489 -0.9790
vn 0.2065 -0.1552 -0.9661
vn 0.2613 -0.0957 0.9605
vn 0.1748 -0.1111 0.9783
vn -0.1224 0.1792 0.9762
vn 0.1388 -0.1490 0.9790
vn -0.1939 0.2498 0.9487
vn -0.2384 0.2159 0.9469
vn -0.1809 0.1769 0.9675
vn -0.2376 0.2152 -0.9472
vn -0.1964 0.2504 -0.9480
vn -0.1859 0.1813 -0.9657
vn 0.1741 -0.1120 -0.9783
vn -0.1542 0.2127 -0.9649
vn 0.2186 -0.1400 -0.9657
vn 0.1467 -0.1436 -0.9787
vn -0.1929 0.1931 -0.9620
vn -0.1905 0.1908 0.9630
vn -0.1591 0.2179 0.9629
vn 0.1467 -0.1436 0.9787
vn 0.1821 -0.1826 0.9662
vn 0.1855 -0.1851 -0.9650
vn -0.0030 0.0034 1.0000
vn -0.0070 0.0071 1.0000
vn -0.0003 0.0280 0.9996
vn -0.0225 0.0229 0.9995
vn 0.6577 -0.7506 0.0635
vn 0.6987 -0.7155 -0.0006
vn -0.6924 -0.7215 -0.0002
vn -0.6931 -0.7208 0.0091
vn -0.0225 0.0229 -0.9995
vn -0.0914 0.0749 0.9930
vn -0.6985 0.7153 0.0227
vn -0.0953 0.0957 0.9908
vn 0.9937 -0.0763 0.0824
vn 0.9239 -0.3509 0.1527
vn 0.9332 -0.3556 0.0518
vn 0.9372 -0.3289 0.1159
vn 0.9215 -0.3796 -0.0824
vn 0.9871 -0.0483 0.1527
vn 0.9937 -0.0763 -0.0824
vn 0.9628 0.2662 -0.0468
vn 0.9524 -0.0626 -0.2984
vn 0.9251 0.2348 -0.2984
vn 0.7969 0.5391 -0.2726
vn 0.8059 0.2194 -0.5499
vn 0.6987 0.4577 -0.5499
vn 0.5097 0.6710 -0.5384
vn 0.4772 0.3231 -0.8173
vn 0.3540 0.4547 -0.8173
vn 0.0978 0.1196 -0.9880
vn 0.1893 0.5464 -0.8158
vn 0.0560 0.1440 -0.9880
vn 0.0091 0.1542 -0.9880
vn -0.0868 -0.2848 -0.9547
vn 0.0054 -0.2977 -0.9547
vn -0.0012 -0.6273 -0.7788
vn 0.0979 -0.2810 -0.9547
vn 0.1927 -0.5970 -0.7788
vn 0.3650 -0.5124 -0.7773
vn 0.4739 -0.6711 -0.5701
vn 0.2329 -0.7931 -0.5628
vn 0.6536 -0.5088 -0.5602
vn 0.5306 -0.7627 -0.3698
vn 0.7403 -0.5614 -0.3697
vn 0.7592 -0.6385 0.1260
vn 0.8765 -0.3261 -0.3541
vn 0.9194 -0.3727 0.1260
vn 0.7328 -0.5811 0.3540
vn 0.8764 -0.3287 0.3519
vn 0.9843 -0.0217 0.1750
vn 0.9268 -0.0100 -0.3755
vn 0.9537 0.2594 0.1525
vn 0.9344 -0.0394 0.3540
vn 0.8894 0.2690 0.3697
vn 0.8263 -0.0236 0.5628
vn 0.7778 -0.2483 0.5774
vn 0.5055 -0.3745 0.7773
vn 0.6557 -0.5006 0.5652
vn 0.5968 -0.2038 0.7761
vn 0.3650 -0.5124 0.7773
vn 0.4689 -0.6787 0.5652
vn 0.1889 -0.6001 0.7773
vn 0.2362 -0.7904 0.5652
vn 0.5174 -0.7791 0.3541
vn 0.2769 -0.8845 0.3755
vn 0.5414 -0.8268 0.1525
vn 0.2594 -0.9537 0.1525
vn 0.2769 -0.8845 -0.3755
vn 0.0041 -0.8165 -0.5774
vn -0.0393 -0.9344 -0.3540
vn -0.2484 -0.7778 -0.5774
vn -0.3262 -0.8765 -0.3540
vn -0.0480 -0.9871 0.1525
vn -0.4766 -0.6630 -0.5774
vn -0.5811 -0.7328 -0.3540
vn -0.3507 -0.9240 0.1525
vn -0.6581 -0.4833 -0.5774
vn -0.7791 -0.5174 -0.3540
vn -0.6191 -0.7704 0.1525
vn -0.7904 -0.2362 -0.5652
vn -0.8268 -0.5414 0.1525
vn -0.8994 -0.2534 -0.3562
vn -0.6218 -0.0149 -0.7830
vn -0.8263 0.0236 -0.5628
vn -0.6001 -0.1889 -0.7773
vn -0.5960 0.1780 -0.7830
vn -0.7786 0.2778 -0.5628
vn -0.9289 0.0190 -0.3697
vn -0.9895 0.0704 0.1260
vn -0.8766 0.3236 -0.3562
vn -0.9628 -0.2389 0.1260
vn -0.9344 0.0393 0.3540
vn -0.9022 -0.2493 0.3519
vn -0.8263 0.0236 0.5628
vn -0.7811 -0.5159 0.3519
vn -0.7931 -0.2329 0.5628
vn -0.6291 0.0058 0.7773
vn -0.6026 -0.1859 0.7761
vn -0.6711 -0.4739 0.5701
vn -0.5088 -0.6536 0.5602
vn -0.5811 -0.7328 0.3541
vn -0.5124 -0.3651 0.7773
vn -0.3697 -0.5068 0.7788
vn -0.2370 -0.1799 0.9547
vn -0.2761 -0.1063 0.9552
vn 0.1542 -0.0090 0.9880
vn -0.2971 -0.0078 0.9548
vn 0.1495 0.0390 0.9880
vn 0.1439 -0.0563 0.9880
vn -0.2850 0.0844 0.9548
vn 0.1447 -0.0540 0.9880
vn -0.2706 0.1246 0.9546
vn -0.5965 0.2000 0.7773
vn -0.5938 0.2345 0.7697
vn -0.7786 0.2778 0.5627
vn -0.7685 0.3092 0.5602
vn -0.8765 0.3262 0.3541
vn -0.8883 0.3218 0.3278
vn -0.9240 0.3507 0.1525
vn -0.9225 0.3547 0.1525
vn -0.8883 0.3218 -0.3277
vn -0.7858 0.2942 -0.5441
vn -0.5190 0.7770 -0.3562
vn -0.4833 0.6581 -0.5773
vn -0.2063 0.5868 -0.7830
vn -0.2329 0.7931 -0.5628
vn -0.3650 0.5124 -0.7773
vn -0.0149 0.6218 -0.7830
vn 0.0236 0.8263 -0.5627
vn -0.2690 0.8894 -0.3697
vn -0.2389 0.9628 0.1260
vn 0.0369 0.9337 -0.3562
vn -0.5247 0.8419 0.1260
vn -0.2513 0.9008 0.3540
vn -0.5159 0.7811 0.3519
vn -0.4666 0.6824 0.5627
vn -0.2329 0.7931 0.5628
vn -0.1889 0.6001 0.7773
vn -0.3630 0.5157 0.7761
vn -0.1799 0.2370 0.9547
vn -0.0979 0.2810 0.9547
vn 0.0390 -0.1495 0.9880
vn 0.0833 -0.1301 0.9880
vn 0.3308 -0.4744 0.8158
vn 0.1680 -0.5534 0.8158
vn 0.2393 -0.8068 0.5402
vn 0.4807 -0.6921 0.5384
vn 0.5320 -0.2313 0.8145
vn 0.7788 -0.3158 0.5420
vn 0.5419 -0.1961 0.8173
vn 0.7957 -0.2774 0.5384
vn 0.5760 -0.0191 0.8173
vn 0.8425 -0.0180 0.5384
vn 0.5537 0.1598 0.8173
vn 0.8068 0.2433 0.5384
vn 0.4772 0.3231 0.8173
vn 0.1301 0.0833 0.9880
vn 0.0978 0.1196 0.9880
vn -0.1698 -0.2443 0.9547
vn -0.0876 -0.2847 0.9546
vn -0.2000 -0.5965 0.7773
vn -0.0012 -0.6273 0.7788
vn -0.2778 -0.7785 0.5628
vn -0.0236 -0.8263 0.5628
vn -0.0393 -0.9344 0.3540
vn -0.3236 -0.8766 0.3562
vn 0.0047 -0.2978 0.9546
vn 0.0563 0.1439 0.9880
vn 0.0965 -0.2818 0.9546
vn 0.0091 0.1542 0.9880
vn 0.1893 0.5464 0.8158
vn 0.0098 0.5786 0.8156
vn -0.0393 0.1494 0.9880
vn -0.0833 0.1301 0.9880
vn 0.1799 -0.2370 0.9547
vn -0.1680 0.5534 0.8158
vn -0.3231 0.4772 0.8173
vn -0.2393 0.8068 0.5402
vn 0.0358 0.8362 0.5473
vn 0.3317 0.9022 0.2758
vn 0.2839 0.7910 0.5420
vn 0.0323 0.9616 0.2726
vn 0.5942 0.7555 0.2758
vn 0.5144 0.6646 0.5420
vn 0.7986 0.5349 0.2758
vn 0.6946 0.4731 0.5420
vn 0.3489 0.4612 0.8158
vn 0.9251 0.2353 0.2979
vn 0.9594 -0.0409 0.2790
vn 0.9628 0.2661 0.0468
vn 0.8868 -0.3534 0.2979
vn 0.8871 -0.3831 0.2575
vn 0.9318 -0.3597 0.0493
vn 0.5685 -0.8022 0.1822
vn 0.5460 -0.8362 0.0518
vn 0.2591 -0.9537 0.1527
vn 0.2609 -0.9640 0.0517
vn 0.5350 -0.7986 0.2758
vn 0.2576 -0.9251 0.2790
vn -0.0773 -0.9935 0.0838
vn -0.0621 -0.9526 0.2979
vn -0.3509 -0.9239 0.1527
vn -0.3556 -0.9332 0.0517
vn -0.0482 -0.9871 0.1527
vn -0.0763 -0.9937 -0.0824
vn 0.2345 -0.9686 -0.0824
vn 0.5506 -0.8335 -0.0468
vn 0.2348 -0.9251 -0.2984
vn 0.5092 -0.8073 -0.2984
vn 0.8942 -0.3500 -0.2790
vn 0.7755 -0.3401 -0.5319
vn 0.4577 -0.6987 -0.5499
vn 0.7934 -0.2807 -0.5402
vn 0.5418 -0.1962 -0.8173
vn 0.5320 -0.2313 -0.8145
vn 0.3308 -0.4744 -0.8158
vn 0.1440 -0.0560 -0.9880
vn 0.1448 -0.0537 -0.9880
vn -0.2848 0.0868 -0.9547
vn -0.2691 0.1265 -0.9548
vn 0.0833 -0.1301 -0.9880
vn -0.1799 0.2370 -0.9547
vn -0.5815 0.2452 -0.7757
vn 0.0388 -0.1495 -0.9880
vn -0.0979 0.2810 -0.9547
vn -0.0093 -0.1543 -0.9880
vn -0.0062 0.2975 -0.9547
vn -0.0565 -0.1438 -0.9880
vn 0.0860 0.2848 -0.9547
vn -0.0980 -0.1194 -0.9880
vn 0.1949 0.5962 -0.7788
vn 0.1683 0.2449 -0.9548
vn -0.4751 -0.3289 -0.8162
vn -0.1301 -0.0833 -0.9880
vn -0.3489 -0.4612 -0.8158
vn -0.5535 -0.1660 -0.8162
vn -0.1495 -0.0390 -0.9880
vn 0.2376 0.1793 -0.9547
vn 0.5082 0.3678 -0.7788
vn 0.2802 0.0992 -0.9548
vn 0.3697 0.5068 -0.7788
vn 0.4918 0.6581 -0.5701
vn 0.2644 0.7779 -0.5701
vn 0.3052 0.8776 -0.3698
vn 0.0703 0.9895 0.1260
vn 0.5811 0.7328 -0.3540
vn 0.3507 0.9240 0.1524
vn 0.6581 0.4833 -0.5774
vn 0.7791 0.5174 -0.3540
vn 0.6191 0.7704 0.1525
vn 0.7752 0.2563 -0.5774
vn 0.9008 0.2513 -0.3540
vn 0.8268 0.5414 0.1525
vn 0.8165 0.0041 -0.5774
vn 0.6218 0.0149 -0.7830
vn 0.7783 -0.2735 -0.5652
vn 0.5960 -0.1780 -0.7830
vn 0.5118 -0.3535 -0.7830
vn 0.1865 -0.2297 -0.9552
vn 0.2483 -0.1609 -0.9552
vn -0.0832 0.1303 -0.9880
vn -0.1195 0.0980 -0.9880
vn 0.2847 -0.0876 -0.9546
vn -0.1439 0.0563 -0.9880
vn 0.2978 0.0047 -0.9546
vn 0.5970 0.1927 -0.7788
vn -0.1542 0.0093 -0.9880
vn -0.5777 0.0131 -0.8162
vn -0.5456 0.1905 -0.8161
vn -0.6555 0.5204 -0.5473
vn -0.4612 0.3489 -0.8158
vn -0.7934 0.2807 -0.5402
vn -0.4626 0.6975 -0.5473
vn -0.3308 0.4744 -0.8158
vn -0.2244 0.8063 -0.5473
vn -0.1680 0.5534 -0.8158
vn 0.0255 0.8400 -0.5420
vn -0.0393 0.1494 -0.9880
vn 0.0126 0.5778 -0.8161
vn 0.3534 0.8868 -0.2979
vn 0.2807 0.7934 -0.5402
vn 0.0366 0.9605 -0.2758
vn 0.6101 0.7342 -0.2979
vn 0.8492 0.5215 -0.0838
vn 0.6465 0.7583 -0.0838
vn 0.8467 0.5193 0.1159
vn 0.6192 0.7702 0.1527
vn 0.3531 0.9343 -0.0492
vn 0.6246 0.7794 0.0493
vn 0.3796 0.9215 0.0824
vn 0.3509 0.9239 0.1527
vn 0.0762 0.9937 0.0824
vn 0.0482 0.9871 0.1527
vn -0.2345 0.9686 0.0824
vn -0.2620 0.9248 0.2758
vn -0.5391 0.7969 0.2726
vn -0.4769 0.6934 0.5402
vn -0.6710 0.5097 0.5384
vn -0.4612 0.3489 0.8158
vn -0.5419 0.1961 0.8173
vn -0.1194 0.0980 0.9880
vn -0.1439 0.0563 0.9880
vn 0.2848 -0.0860 0.9547
vn -0.1542 0.0091 0.9880
vn 0.2975 0.0062 0.9547
vn 0.2818 0.0965 0.9546
vn 0.6001 0.1889 0.7773
vn 0.6277 -0.0022 0.7785
vn 0.5082 0.3678 0.7788
vn 0.7931 0.2329 0.5628
vn 0.6823 0.4666 0.5628
vn 0.7791 0.5174 0.3540
vn 0.5088 0.6536 0.5602
vn 0.5811 0.7328 0.3540
vn 0.3052 0.8776 0.3698
vn 0.0417 0.9351 0.3519
vn 0.2778 0.7785 0.5628
vn 0.0110 0.8215 0.5700
vn 0.2000 0.5965 0.7773
vn 0.3535 0.5118 0.7830
vn 0.2370 0.1799 0.9547
vn 0.1713 0.2437 0.9546
vn -0.1301 -0.0833 0.9880
vn 0.0876 0.2847 0.9546
vn -0.0980 -0.1195 0.9880
vn -0.4744 -0.3308 0.8158
vn -0.3480 -0.4623 0.8156
vn -0.0560 -0.1440 0.9880
vn -0.0091 -0.1543 0.9880
vn -0.0062 0.2975 0.9547
vn -0.1893 -0.5465 0.8158
vn -0.0191 -0.5760 0.8173
vn -0.2807 -0.7934 0.5402
vn -0.5204 -0.6555 0.5473
vn -0.7986 -0.5349 0.2758
vn -0.6946 -0.4731 0.5420
vn -0.5913 -0.7590 0.2726
vn -0.9248 -0.2620 0.2758
vn -0.8068 -0.2353 0.5420
vn -0.9605 0.0366 0.2758
vn -0.8400 0.0255 0.5420
vn -0.5534 -0.1680 0.8158
vn -0.5777 0.0131 0.8162
vn -0.1495 -0.0390 0.9880
vn -0.7934 0.2807 0.5402
vn -0.7555 0.5942 0.2758
vn -0.9022 0.3317 0.2758
vn -0.7794 0.6246 0.0493
vn -0.9353 0.3507 0.0468
vn -0.7702 0.6192 0.1527
vn -0.9239 0.3509 0.1527
vn -0.9937 0.0763 0.0824
vn -0.9871 0.0482 0.1527
vn -0.9686 -0.2345 0.0824
vn -0.9537 -0.2592 0.1527
vn -0.8487 -0.5224 0.0824
vn -0.6458 -0.7591 0.0824
vn -0.8269 -0.5412 0.1527
vn -0.6192 -0.7702 0.1527
vn -0.3316 -0.9022 0.2758
vn -0.0218 -0.8413 0.5402
vn -0.6458 -0.7591 -0.0824
vn -0.3796 -0.9215 -0.0824
vn -0.0626 -0.9524 -0.2984
vn -0.3316 -0.9022 -0.2758
vn -0.0404 -0.8343 -0.5499
vn 0.2194 -0.8059 -0.5499
vn 0.1598 -0.5537 -0.8173
vn -0.0112 -0.5782 -0.8158
vn -0.2924 -0.7842 -0.5473
vn -0.1893 -0.5464 -0.8158
vn -0.5144 -0.6646 -0.5420
vn -0.8071 -0.5097 -0.2979
vn -0.6934 -0.4769 -0.5402
vn -0.5942 -0.7556 -0.2758
vn -0.9251 -0.2353 -0.2979
vn -0.8068 -0.2393 -0.5402
vn -0.9526 0.0621 -0.2979
vn -0.8413 0.0218 -0.5402
vn -0.8998 0.3353 -0.2790
vn -0.7583 0.6465 -0.0838
vn -0.7556 0.5942 -0.2758
vn -0.9343 0.3531 -0.0493
vn -0.5214 0.8492 -0.0838
vn -0.5350 0.7986 -0.2758
vn -0.2335 0.9687 -0.0838
vn -0.2620 0.9248 -0.2758
vn 0.0497 0.9974 -0.0517
vn -0.2322 0.9657 0.1159
vn -0.5224 0.8487 0.0824
vn -0.5412 0.8269 0.1527
vn -0.9979 0.0445 -0.0468
vn -0.9628 -0.2661 -0.0468
vn -0.8348 -0.5483 -0.0493
vn 0.0059 0.6291 0.7773
vn 0.2449 -0.1683 0.9548
vn 0.8362 0.5460 0.0517
vn 0.9537 0.2592 0.1527
vn -0.2979 -0.0047 -0.9546
vn 0.1542 -0.0090 -0.9880
vn -0.2818 -0.0965 -0.9546
vn 0.1495 0.0391 -0.9880
vn -0.2382 -0.1789 -0.9546
vn -0.5082 -0.3678 -0.7788
vn -0.3783 -0.5046 -0.7761
vn -0.1698 -0.2443 -0.9547
vn -0.2038 -0.5968 -0.7761
vn 0.1302 0.0831 -0.9880
vn 0.5534 0.1666 -0.8161
vn 0.8362 -0.0358 -0.5473
vn 0.5782 -0.0112 -0.8158
vn 0.8868 -0.3534 -0.2979
vn 0.9188 -0.3941 -0.0215
vn -0.6792 -0.7328 0.0423
vn -0.6685 -0.7405 -0.0698
vn 0.6337 -0.7667 0.1029
vn -0.7484 -0.6605 -0.0602
vn -0.5788 -0.8083 -0.1082
vn -0.7444 -0.6644 -0.0666
vn -0.7724 -0.6350 -0.0129
vn -0.6628 -0.7482 0.0315
vn 0.5542 -0.5884 -0.5887
vn -0.3049 0.4749 0.8255
vn 0.6802 -0.7330 -0.0001
vn -0.6664 0.7456 -0.0000
vn 0.4859 -0.5923 0.6428
vn 0.5496 -0.2901 0.7834
vn -0.7234 -0.6904 -0.0002
vn -0.7268 -0.6869 0.0035
vn 0.5504 -0.5091 -0.6617
vn 0.4706 -0.5278 0.7070
vn -0.7223 -0.6880 -0.0697
vn -0.7362 -0.6768 -0.0000
vn -0.7153 -0.6969 -0.0520
vn -0.7540 -0.6563 0.0279
vn -0.7459 -0.6659 -0.0141
vn -0.5274 0.5270 0.6664
vn 0.5677 -0.6288 0.5314
vn -0.4894 0.5869 0.6451
vn -0.5349 0.6336 -0.5590
vn -0.6698 0.7196 0.1833
vn -0.7078 -0.7013 0.0844
vn 0.6799 -0.7325 0.0338
vn -0.6541 0.7554 -0.0383
vn -0.7306 -0.6828 -0.0001
vn -0.7258 -0.6833 -0.0795
vn -0.7964 -0.5481 -0.2557
vn -0.7444 -0.6643 0.0678
vn -0.7335 -0.6758 -0.0727
vn -0.7948 -0.5497 0.2573
vn -0.4612 0.5815 -0.6702
vn -0.5272 0.5978 -0.6040
vn -0.4213 0.4252 0.8010
vn -0.7384 -0.6670 0.0994
vn -0.7110 0.7017 -0.0452
vn 0.4759 -0.3788 -0.7938
vn -0.7633 -0.6453 0.0327
vn -0.4378 0.5580 -0.7049
vn -0.7153 -0.6984 0.0242
vn 0.1556 -0.1116 -0.9815
vn -0.7710 -0.6366 0.0136
vn 0.0299 0.0704 -0.9971
vn -0.7448 -0.6641 0.0656
vn 0.5830 -0.7904 0.1882
vn 0.2903 -0.4907 -0.8216
vn -0.6867 -0.7266 0.0200
vn -0.7170 -0.6971 -0.0016
vn 0.1047 -0.0402 0.9937
vn 0.0449 0.0737 0.9963
vt 0.539213 0.773325
vt 0.581791 0.773294
vt 0.390264 0.923540
vt 0.390294 0.966117
vt 0.388967 0.581798
vt 0.197471 0.774621
vt 0.388998 0.624375
vt 0.240049 0.774590
vt 0.134084 0.101583
vt 0.133243 0.117527
vt 0.107206 0.126139
vt 0.120724 0.130467
vt 0.131710 0.280248
vt 0.130273 0.432834
vt 0.109447 0.280769
vt 0.108334 0.433213
vt 0.105420 0.280867
vt 0.104408 0.433283
vt 0.128734 0.596241
vt 0.107360 0.596476
vt 0.103633 0.596516
vt 0.104898 0.789455
vt 0.100849 0.789474
vt 0.126915 0.789310
vt 0.258982 0.247322
vt 0.251933 0.252655
vt 0.250175 0.247337
vt 0.261008 0.252640
vt 0.265429 0.247084
vt 0.265407 0.246570
vt 0.258990 0.246570
vt 0.250199 0.246570
vt 0.246225 0.252664
vt 0.244090 0.247376
vt 0.238550 0.252883
vt 0.251959 0.253430
vt 0.246219 0.253430
vt 0.238594 0.253430
vt 0.233804 0.252968
vt 0.261006 0.253430
vt 0.266029 0.253430
vt 0.266014 0.252979
vt 0.270116 0.253430
vt 0.270116 0.246570
vt 0.266949 0.247057
vt 0.244097 0.246570
vt 0.237841 0.246570
vt 0.233804 0.247101
vt 0.237820 0.247060
vt 0.266247 0.215219
vt 0.258756 0.214505
vt 0.266286 0.214836
vt 0.265590 0.207645
vt 0.270370 0.215219
vt 0.258749 0.215219
vt 0.252222 0.215219
vt 0.252243 0.214516
vt 0.243905 0.214498
vt 0.243899 0.215219
vt 0.238338 0.215219
vt 0.233550 0.214770
vt 0.238350 0.214683
vt 0.241771 0.207971
vt 0.237624 0.207676
vt 0.233550 0.207720
vt 0.237588 0.207216
vt 0.250315 0.207925
vt 0.256298 0.207895
vt 0.265515 0.207216
vt 0.256297 0.207216
vt 0.250295 0.207216
vt 0.241776 0.207216
vt 0.270370 0.207216
vt 0.266335 0.174243
vt 0.256457 0.173355
vt 0.266455 0.173667
vt 0.265914 0.168477
vt 0.270455 0.174243
vt 0.256356 0.174243
vt 0.252101 0.174243
vt 0.241815 0.174243
vt 0.241829 0.173417
vt 0.252175 0.173389
vt 0.254806 0.168728
vt 0.250965 0.168722
vt 0.265778 0.167862
vt 0.254795 0.167862
vt 0.250900 0.167862
vt 0.240393 0.168702
vt 0.240387 0.167862
vt 0.237541 0.167862
vt 0.237656 0.168408
vt 0.233465 0.168435
vt 0.238093 0.174243
vt 0.238184 0.173638
vt 0.233465 0.173728
vt 0.270455 0.167862
vt 0.209314 0.266409
vt 0.209730 0.315848
vt 0.195508 0.315848
vt 0.209557 0.164442
vt 0.195267 0.165012
vt 0.194608 0.265960
vt 0.209599 0.129334
vt 0.195420 0.129627
vt 0.181899 0.165324
vt 0.182149 0.265836
vt 0.181702 0.315848
vt 0.181858 0.129404
vt 0.195464 0.123004
vt 0.181887 0.123004
vt 0.209592 0.123004
vt 0.197891 0.405946
vt 0.201128 0.456143
vt 0.176731 0.405216
vt 0.178963 0.456564
vt 0.154745 0.406090
vt 0.155904 0.455927
vt 0.256771 0.428383
vt 0.259881 0.428341
vt 0.258251 0.430199
vt 0.261194 0.429197
vt 0.258898 0.427118
vt 0.255922 0.426200
vt 0.254726 0.429605
vt 0.253601 0.426731
vt 0.253418 0.423648
vt 0.251251 0.427264
vt 0.251018 0.423429
vt 0.251982 0.419711
vt 0.248566 0.423199
vt 0.249721 0.418734
vt 0.247423 0.417736
vt 0.252199 0.414844
vt 0.250322 0.413185
vt 0.254485 0.409752
vt 0.248424 0.411508
vt 0.253198 0.407571
vt 0.251898 0.405374
vt 0.258955 0.405302
vt 0.258398 0.402810
vt 0.265371 0.402381
vt 0.265609 0.399821
vt 0.257832 0.400302
vt 0.273153 0.401767
vt 0.265844 0.397241
vt 0.274175 0.399386
vt 0.275206 0.396985
vt 0.281434 0.404001
vt 0.283157 0.402036
vt 0.289157 0.409297
vt 0.286912 0.410634
vt 0.292620 0.418057
vt 0.290072 0.418634
vt 0.284686 0.411959
vt 0.279727 0.405950
vt 0.272136 0.404129
vt 0.278030 0.407882
vt 0.257259 0.397776
vt 0.266083 0.394639
vt 0.256682 0.395227
vt 0.250585 0.403163
vt 0.249259 0.400937
vt 0.244576 0.408123
vt 0.242628 0.406416
vt 0.247922 0.398692
vt 0.240395 0.414697
vt 0.238014 0.413675
vt 0.240663 0.404693
vt 0.238449 0.422241
vt 0.235869 0.422005
vt 0.235613 0.412644
vt 0.238929 0.430018
vt 0.233267 0.421766
vt 0.236403 0.430590
vt 0.244000 0.435952
vt 0.241789 0.437265
vt 0.241438 0.429452
vt 0.248445 0.441342
vt 0.246748 0.443274
vt 0.239563 0.438590
vt 0.237318 0.439927
vt 0.245041 0.445223
vt 0.233854 0.431167
vt 0.241009 0.422478
vt 0.242757 0.415714
vt 0.243551 0.422718
vt 0.243930 0.428895
vt 0.248379 0.433366
vt 0.246197 0.434652
vt 0.246402 0.428345
vt 0.251810 0.437530
vt 0.250133 0.439427
vt 0.256361 0.440429
vt 0.255352 0.442752
vt 0.254339 0.445095
vt 0.253322 0.447457
vt 0.252300 0.449838
vt 0.243318 0.447188
vt 0.251269 0.452239
vt 0.260631 0.451983
vt 0.260866 0.449403
vt 0.268077 0.446414
vt 0.268643 0.448922
vt 0.261103 0.446843
vt 0.274577 0.443851
vt 0.275890 0.446061
vt 0.269216 0.451449
vt 0.269793 0.453997
vt 0.277216 0.448287
vt 0.260392 0.454585
vt 0.261343 0.444301
vt 0.267520 0.443922
vt 0.266970 0.441450
vt 0.261585 0.441780
vt 0.261824 0.439287
vt 0.266427 0.439006
vt 0.265889 0.436603
vt 0.262054 0.436836
vt 0.257358 0.438132
vt 0.258335 0.435872
vt 0.253469 0.435653
vt 0.255097 0.433805
vt 0.250537 0.432093
vt 0.252656 0.430839
vt 0.248847 0.427802
vt 0.246073 0.422960
vt 0.245100 0.416727
vt 0.246509 0.409820
vt 0.255757 0.411910
vt 0.259504 0.407774
vt 0.264890 0.407444
vt 0.265132 0.404923
vt 0.260048 0.410219
vt 0.264651 0.409937
vt 0.260586 0.412622
vt 0.257012 0.414029
vt 0.255860 0.418059
vt 0.254047 0.416472
vt 0.258245 0.416099
vt 0.254196 0.420660
vt 0.256685 0.431992
vt 0.259285 0.433658
vt 0.260220 0.431469
vt 0.262708 0.429605
vt 0.262485 0.432066
vt 0.264275 0.429522
vt 0.264824 0.431933
vt 0.262273 0.434437
vt 0.265355 0.434254
vt 0.267007 0.431085
vt 0.268230 0.433127
vt 0.266959 0.427976
vt 0.268821 0.429601
vt 0.265740 0.428962
vt 0.271990 0.439472
vt 0.273277 0.441653
vt 0.276153 0.436039
vt 0.278051 0.437716
vt 0.279051 0.431488
vt 0.279966 0.439404
vt 0.281374 0.432496
vt 0.277908 0.426025
vt 0.280402 0.426264
vt 0.276754 0.430490
vt 0.277627 0.421422
vt 0.280073 0.420879
vt 0.282923 0.426506
vt 0.285465 0.426746
vt 0.282545 0.420329
vt 0.283718 0.433510
vt 0.286080 0.434527
vt 0.281898 0.441101
vt 0.283847 0.442808
vt 0.278553 0.450532
vt 0.288460 0.435548
vt 0.285812 0.444530
vt 0.288026 0.426983
vt 0.290605 0.427219
vt 0.290861 0.436579
vt 0.287545 0.419207
vt 0.293207 0.427458
vt 0.282475 0.413272
vt 0.271123 0.406472
vt 0.270114 0.408795
vt 0.276342 0.409797
vt 0.274664 0.411694
vt 0.280277 0.414572
vt 0.285037 0.419772
vt 0.278096 0.415858
vt 0.275939 0.417130
vt 0.273006 0.413571
vt 0.268140 0.413352
vt 0.269116 0.411092
vt 0.271378 0.415419
vt 0.264421 0.412388
vt 0.255789 0.423860
vt 0.256386 0.421595
vt 0.258251 0.424084
vt 0.258659 0.422569
vt 0.257655 0.419625
vt 0.259517 0.421255
vt 0.259468 0.418141
vt 0.260737 0.420263
vt 0.261651 0.417291
vt 0.261120 0.414971
vt 0.264202 0.414787
vt 0.274276 0.434381
vt 0.270718 0.437315
vt 0.272428 0.432753
vt 0.274492 0.429513
vt 0.273055 0.425576
vt 0.275455 0.425795
vt 0.272277 0.428564
vt 0.272873 0.422494
vt 0.275224 0.421960
vt 0.271749 0.419618
vt 0.273819 0.418385
vt 0.267190 0.415567
vt 0.269791 0.417231
vt 0.266255 0.417756
vt 0.268225 0.419024
vt 0.265280 0.420028
vt 0.266597 0.420883
vt 0.269706 0.420839
vt 0.267581 0.422103
vt 0.270552 0.423024
vt 0.268140 0.423569
vt 0.270682 0.425363
vt 0.270087 0.427629
vt 0.268216 0.425138
vt 0.267813 0.426659
vt 0.270615 0.431166
vt 0.269463 0.435196
vt 0.263990 0.417158
vt 0.262201 0.419700
vt 0.263767 0.419619
vt 0.258332 0.425651
vt 0.225287 0.520149
vt 0.197621 0.520921
vt 0.227524 0.606221
vt 0.240828 0.592444
vt 0.239034 0.533467
vt 0.256125 0.517531
vt 0.240908 0.502492
vt 0.209804 0.483307
vt 0.210139 0.494954
vt 0.267247 0.511473
vt 0.248269 0.491153
vt 0.172296 0.493582
vt 0.180262 0.504208
vt 0.269923 0.612207
vt 0.258819 0.606523
vt 0.252180 0.635288
vt 0.245413 0.624496
vt 0.214688 0.632459
vt 0.214774 0.645918
vt 0.183329 0.625754
vt 0.176885 0.636931
vt 0.157715 0.614972
vt 0.199819 0.606855
vt 0.168431 0.608924
vt 0.166698 0.520572
vt 0.186065 0.593685
vt 0.184396 0.534812
vt 0.155167 0.515012
s 1
usemtl initialShadingGroup.007
f 2856/1556/2545 2853/1557/2546 2854/1558/2547
f 2853/1557/2548 2855/1559/2548 2854/1558/2548
f 2857/1560/2549 2853/1557/2550 2856/1556/2545
f 2859/1561/2551 2857/1560/2549 2858/1562/2552
f 2858/1562/2552 2857/1560/2549 2856/1556/2545
f 2860/1563/2553 2859/1561/2551 2858/1562/2552
f 2855/1559/2554 2859/1561/2551 2860/1563/2553
f 2860/1563/2553 2858/1562/2552 2856/1556/2545
f 2854/1558/2547 2855/1559/2554 2860/1563/2553
f 2854/1558/2547 2860/1563/2553 2856/1556/2545
f 2861/1557/2555 2863/1558/2556 2862/1559/2557
f 2864/1556/2558 2863/1558/2556 2861/1557/2555
f 2865/1560/2559 2864/1556/2558 2861/1557/2555
f 2867/1561/2560 2866/1562/2561 2865/1560/2559
f 2866/1562/2561 2864/1556/2558 2865/1560/2559
f 2868/1563/2562 2866/1562/2561 2867/1561/2560
f 2862/1559/2557 2868/1563/2562 2867/1561/2560
f 2868/1563/2562 2864/1556/2558 2866/1562/2561
f 2863/1558/2556 2868/1563/2562 2862/1559/2557
f 2863/1558/2556 2864/1556/2558 2868/1563/2562
f 2872/1564/2563 2871/1565/2563 2870/1566/2563
f 2870/1566/2564 2871/1565/2565 2869/1567/2566
f 2869/1567/2566 2871/1565/2565 2873/1568/2567
f 2873/1568/2567 2871/1565/2565 2875/1568/2568
f 2875/1568/2568 2871/1565/2565 2878/1565/2569
f 2873/1568/2567 2881/1569/2570 2876/1570/2571
f 2876/1570/2571 2881/1569/2570 2882/1571/2572
f 2881/1569/2570 2873/1568/2567 2883/1569/2568
f 2883/1569/2568 2873/1568/2567 2875/1568/2568
f 2876/1570/2571 2882/1571/2572 2874/1572/2573
f 2874/1572/2573 2882/1571/2572 2884/1573/2574
f 2871/1565/2565 2872/1564/2575 2878/1565/2569
f 2876/1570/2571 2874/1572/2573 2869/1567/2566
f 2879/1568/2576 2875/1568/2568 2878/1565/2569
f 2885/1569/2577 2883/1569/2568 2879/1568/2576
f 2883/1569/2568 2875/1568/2568 2879/1568/2576
f 2884/1573/2578 2886/1571/2579 2874/1572/2580
f 2874/1572/2580 2886/1571/2579 2880/1570/2581
f 2870/1566/2582 2874/1572/2580 2877/1567/2583
f 2877/1567/2583 2874/1572/2580 2880/1570/2581
f 2872/1564/2575 2870/1566/2582 2878/1565/2569
f 2878/1565/2569 2870/1566/2582 2877/1567/2583
f 2879/1568/2576 2880/1570/2581 2885/1569/2577
f 2885/1569/2577 2880/1570/2581 2886/1571/2579
f 2879/1568/2576 2877/1567/2583 2880/1570/2581
f 2879/1568/2576 2878/1565/2569 2877/1567/2583
f 2869/1567/2566 2873/1568/2567 2876/1570/2571
f 2870/1566/2564 2869/1567/2566 2874/1572/2573
f 2887/1569/2584 2889/1574/2585 2888/1571/2586
f 2889/1574/2585 2887/1569/2584 2890/1574/2587
f 2890/1574/2587 2887/1569/2584 2891/1569/2587
f 2890/1574/2587 2891/1569/2587 2892/1569/2588
f 2893/1574/2589 2890/1574/2587 2892/1569/2588
f 2892/1569/2588 2894/1571/2590 2893/1574/2589
f 2893/1574/2589 2894/1571/2590 2895/1575/2591
f 2896/1573/2592 2895/1575/2591 2894/1571/2590
f 2888/1571/2586 2897/1575/2593 2896/1573/2594
f 2896/1573/2594 2897/1575/2593 2898/1576/2595
f 2898/1576/2596 2895/1575/2591 2896/1573/2597
f 2901/1577/2598 2898/1576/2596 2899/1578/2599
f 2898/1576/2595 2900/1577/2600 2899/1578/2601
f 2897/1575/2593 2900/1577/2600 2898/1576/2595
f 2895/1575/2591 2898/1576/2596 2901/1577/2598
f 2902/1579/2589 2895/1575/2591 2901/1577/2598
f 2893/1574/2589 2895/1575/2591 2902/1579/2589
f 2890/1574/2587 2893/1574/2589 2902/1579/2589
f 2903/1579/2587 2890/1574/2587 2902/1579/2589
f 2903/1579/2587 2904/1579/2602 2890/1574/2587
f 2890/1574/2587 2904/1579/2602 2889/1574/2585
f 2889/1574/2585 2904/1579/2602 2897/1575/2593
f 2897/1575/2593 2904/1579/2602 2900/1577/2600
f 2888/1571/2586 2889/1574/2585 2897/1575/2593
f 2905/1580/2603 2906/1581/2604 2912/1582/2605
f 2905/1580/2603 2907/1583/2606 2906/1581/2604
f 2907/1583/2606 2905/1580/2603 2908/1584/2607
f 2905/1580/2603 2909/1585/2608 2908/1584/2607
f 2905/1580/2603 2911/1586/2609 2909/1585/2608
f 2910/1587/2610 2905/1580/2603 2912/1582/2605
f 2910/1587/2610 2911/1586/2609 2905/1580/2603
f 2914/1588/2611 2913/1589/2612 2912/1582/2605
f 2913/1589/2612 2910/1587/2610 2912/1582/2605
f 2914/1588/2611 2912/1582/2605 2906/1581/2604
f 2913/1589/2612 2914/1588/2611 2916/1590/2613
f 2915/1591/2614 2914/1588/2611 2906/1581/2604
f 2915/1591/2614 2918/1592/2615 2914/1588/2611
f 2914/1588/2611 2917/1593/2616 2916/1590/2613
f 2914/1588/2611 2918/1592/2615 2917/1593/2616
f 2917/1593/2616 2919/1594/2617 2916/1590/2613
f 2919/1594/2617 2917/1593/2616 2920/1593/2618
f 2920/1593/2618 2922/1590/2619 2919/1594/2617
f 2921/1588/2620 2920/1593/2618 2923/1592/2621
f 2921/1588/2620 2922/1590/2619 2920/1593/2618
f 2924/1591/2622 2921/1588/2620 2923/1592/2621
f 2925/1583/2623 2924/1591/2622 2927/1595/2624
f 2925/1583/2623 2926/1581/2625 2924/1591/2622
f 2924/1591/2622 2926/1581/2625 2921/1588/2620
f 2928/1596/2626 2925/1583/2623 2927/1595/2624
f 2928/1596/2626 2930/1597/2627 2925/1583/2623
f 2928/1596/2626 2929/1598/2628 2930/1597/2627
f 2929/1598/2628 2931/1597/2629 2930/1597/2627
f 2931/1597/2629 2932/1584/2630 2930/1597/2627
f 2925/1583/2623 2930/1597/2627 2932/1584/2630
f 2933/1599/2631 2936/1585/2632 2932/1584/2630
f 2932/1584/2630 2935/1600/2631 2933/1599/2631
f 2925/1583/2623 2932/1584/2630 2934/1580/2633
f 2934/1580/2633 2932/1584/2630 2936/1585/2632
f 2932/1584/2630 2931/1597/2629 2935/1600/2634
f 2934/1580/2633 2936/1585/2632 2937/1586/2635
f 2938/1587/2636 2934/1580/2633 2937/1586/2635
f 2939/1589/2637 2940/1582/2638 2938/1587/2636
f 2939/1589/2637 2938/1587/2636 2941/1601/2639
f 2938/1587/2636 2940/1582/2638 2934/1580/2633
f 2942/1602/2640 2939/1589/2637 2941/1601/2639
f 2942/1602/2640 2943/1603/2641 2945/1604/2642
f 2942/1602/2640 2944/1602/2643 2943/1603/2641
f 2942/1602/2640 2945/1604/2642 2939/1589/2637
f 2943/1603/2641 2916/1590/2613 2945/1604/2642
f 2939/1589/2637 2945/1604/2642 2922/1590/2619
f 2945/1604/2642 2919/1594/2617 2922/1590/2619
f 2916/1590/2613 2919/1594/2617 2945/1604/2642
f 2944/1602/2643 2913/1589/2612 2946/1604/2644
f 2944/1602/2643 2947/1601/2645 2913/1589/2612
f 2944/1602/2643 2946/1604/2644 2943/1603/2641
f 2913/1589/2612 2947/1601/2645 2910/1587/2610
f 2913/1589/2612 2916/1590/2613 2946/1604/2644
f 2946/1604/2644 2916/1590/2613 2943/1603/2641
f 2921/1588/2620 2940/1582/2638 2939/1589/2637
f 2921/1588/2620 2926/1581/2625 2940/1582/2638
f 2934/1580/2633 2940/1582/2638 2926/1581/2625
f 2939/1589/2637 2922/1590/2619 2921/1588/2620
f 2948/1600/2646 2933/1599/2631 2935/1600/2631
f 2931/1597/2629 2948/1600/2634 2935/1600/2634
f 2908/1584/2607 2933/1599/2631 2948/1600/2646
f 2908/1584/2607 2948/1600/2634 2931/1597/2629
f 2934/1580/2633 2926/1581/2625 2925/1583/2623
f 2933/1599/2631 2908/1584/2607 2909/1585/2608
f 2907/1583/2606 2908/1584/2607 2931/1597/2629
f 2949/1596/2647 2907/1583/2606 2931/1597/2629
f 2949/1596/2647 2931/1597/2629 2929/1598/2628
f 2949/1596/2647 2950/1595/2648 2907/1583/2606
f 2907/1583/2606 2950/1595/2648 2915/1591/2614
f 2907/1583/2606 2915/1591/2614 2906/1581/2604
f 2957/1605/2649 2952/1606/2650 2951/1607/2651
f 2952/1606/2650 2953/1608/2652 2951/1607/2651
f 2951/1607/2651 2953/1608/2652 2956/1608/2653
f 2957/1605/2649 2951/1607/2651 2954/1609/2654
f 2954/1609/2654 2951/1607/2651 2955/1607/2655
f 2951/1607/2651 2956/1608/2653 2955/1607/2655
f 2957/1605/2649 2958/1610/2656 2952/1606/2650
f 2952/1606/2650 2958/1610/2656 2959/1611/2657
f 2952/1606/2650 2959/1611/2657 2960/1612/2658
f 2959/1611/2657 2961/1613/2659 2960/1612/2658
f 2959/1611/2657 2962/1614/2660 2961/1613/2659
f 2961/1613/2659 2962/1614/2660 2963/1615/2661
f 2963/1615/2661 2964/1616/2662 2966/1617/2663
f 2964/1616/2662 2963/1615/2661 2965/1615/2664
f 2961/1613/2659 2963/1615/2661 2966/1617/2663
f 2968/1618/2665 2966/1617/2663 2967/1619/2666
f 2967/1619/2666 2966/1617/2663 2969/1620/2667
f 2968/1618/2665 2961/1613/2659 2966/1617/2663
f 2969/1620/2667 2966/1617/2663 2970/1619/2668
f 2966/1617/2663 2964/1616/2662 2970/1619/2668
f 2971/1621/2669 2969/1620/2667 2970/1619/2668
f 2971/1621/2669 2970/1619/2668 2972/1618/2670
f 2972/1618/2670 2970/1619/2668 2973/1617/2671
f 2970/1619/2668 2964/1616/2662 2973/1617/2671
f 2965/1615/2664 2973/1617/2671 2964/1616/2662
f 2972/1618/2670 2973/1617/2671 2974/1613/2672
f 2974/1613/2672 2973/1617/2671 2965/1615/2664
f 2974/1613/2672 2975/1622/2673 2972/1618/2670
f 2974/1613/2672 2976/1612/2674 2975/1622/2673
f 2977/1611/2675 2976/1612/2674 2974/1613/2672
f 2977/1611/2675 2974/1613/2672 2978/1614/2676
f 2974/1613/2672 2965/1615/2664 2978/1614/2676
f 2980/1606/2677 2977/1611/2675 2979/1610/2678
f 2980/1606/2677 2976/1612/2674 2977/1611/2675
f 2982/1605/2679 2955/1607/2655 2980/1606/2677
f 2980/1606/2677 2955/1607/2655 2956/1608/2653
f 2980/1606/2677 2956/1608/2653 2981/1623/2680
f 2981/1623/2680 2976/1612/2674 2980/1606/2677
f 2982/1605/2679 2980/1606/2677 2979/1610/2678
f 2982/1605/2679 2954/1609/2654 2955/1607/2655
f 2981/1623/2680 2956/1608/2653 2983/1624/2681
f 2981/1623/2680 2975/1622/2673 2976/1612/2674
f 2981/1623/2680 2983/1624/2681 2985/1625/2682
f 2984/1626/2683 2981/1623/2680 2985/1625/2682
f 2984/1626/2683 2975/1622/2673 2981/1623/2680
f 2972/1618/2670 2975/1622/2673 2984/1626/2683
f 2972/1618/2670 2984/1626/2683 2986/1627/2684
f 2971/1621/2669 2972/1618/2670 2986/1627/2684
f 2987/1628/2685 2983/1624/2681 2956/1608/2653
f 2987/1628/2685 2953/1608/2652 2988/1624/2686
f 2953/1608/2652 2987/1628/2685 2956/1608/2653
f 2989/1623/2687 2990/1625/2688 2988/1624/2686
f 2989/1623/2687 2988/1624/2686 2953/1608/2652
f 2991/1626/2689 2990/1625/2688 2989/1623/2687
f 2991/1626/2689 2989/1623/2687 2992/1622/2690
f 2968/1618/2665 2993/1627/2691 2991/1626/2689
f 2968/1618/2665 2991/1626/2689 2992/1622/2690
f 2994/1621/2692 2993/1627/2691 2968/1618/2665
f 2994/1621/2692 2968/1618/2665 2967/1619/2666
f 2994/1621/2692 2967/1619/2666 2969/1620/2667
f 2971/1621/2669 2994/1621/2692 2969/1620/2667
f 2989/1623/2687 2960/1612/2658 2992/1622/2690
f 2961/1613/2659 2968/1618/2665 2992/1622/2690
f 2961/1613/2659 2992/1622/2690 2960/1612/2658
f 2989/1623/2687 2952/1606/2650 2960/1612/2658
f 2952/1606/2650 2989/1623/2687 2953/1608/2652
f 3001/1629/2693 2996/1630/2694 2995/1631/2695
f 2996/1630/2694 2997/1632/2696 2995/1631/2695
f 2995/1631/2695 2997/1632/2696 3000/1632/2697
f 3001/1629/2693 2995/1631/2695 2998/1633/2654
f 2998/1633/2654 2995/1631/2695 2999/1631/2698
f 2995/1631/2695 3000/1632/2697 2999/1631/2698
f 3001/1629/2693 3002/1634/2699 2996/1630/2694
f 2996/1630/2694 3002/1634/2699 3003/1635/2700
f 3003/1635/2700 3004/1636/2701 3005/1637/2702
f 2996/1630/2694 3003/1635/2700 3006/1638/2703
f 3003/1635/2700 3005/1637/2702 3006/1638/2703
f 3008/1639/2704 2996/1630/2694 3006/1638/2703
f 3005/1637/2702 3007/1640/2705 3006/1638/2703
f 3008/1639/2704 3006/1638/2703 3007/1640/2705
f 2996/1630/2694 3008/1639/2704 2997/1632/2696
f 3008/1639/2704 3009/1641/2706 2997/1632/2696
f 3008/1639/2704 3011/1642/2707 3009/1641/2706
f 3010/1643/2708 3011/1642/2707 3008/1639/2704
f 3010/1643/2708 3008/1639/2704 3007/1640/2705
f 3012/1644/2709 3013/1645/2710 3010/1643/2708
f 3012/1644/2709 3010/1643/2708 3007/1640/2705
f 3014/1646/2711 3013/1645/2710 3012/1644/2709
f 3014/1646/2711 3012/1644/2709 3015/1647/2712
f 3014/1646/2711 3015/1647/2712 3016/1648/2713
f 3017/1646/2714 3014/1646/2711 3016/1648/2713
f 3017/1646/2714 3016/1648/2713 3019/1647/2715
f 3017/1646/2714 3018/1644/2716 3020/1645/2717
f 3017/1646/2714 3019/1647/2715 3018/1644/2716
f 3018/1644/2716 3021/1643/2718 3020/1645/2717
f 3021/1643/2718 3022/1639/2719 3023/1642/2720
f 3021/1643/2718 3024/1640/2721 3022/1639/2719
f 3018/1644/2716 3024/1640/2721 3021/1643/2718
f 3022/1639/2719 3024/1640/2721 3025/1638/2722
f 3026/1637/2723 3025/1638/2722 3024/1640/2721
f 3026/1637/2723 3024/1640/2721 3018/1644/2716
f 3027/1635/2724 3025/1638/2722 3026/1637/2723
f 3027/1635/2724 3026/1637/2723 3028/1636/2725
f 3026/1637/2723 3029/1649/2726 3028/1636/2725
f 3026/1637/2723 3030/1650/2727 3029/1649/2726
f 3018/1644/2716 3030/1650/2727 3026/1637/2723
f 3018/1644/2716 3019/1647/2715 3030/1650/2727
f 3029/1649/2726 3030/1650/2727 3031/1651/2728
f 3019/1647/2715 3031/1651/2728 3030/1650/2727
f 3032/1650/2729 3031/1651/2728 3019/1647/2715
f 3033/1649/2730 3031/1651/2728 3032/1650/2729
f 3031/1651/2728 3033/1649/2730 3029/1649/2726
f 3005/1637/2702 3033/1649/2730 3032/1650/2729
f 3005/1637/2702 3004/1636/2701 3033/1649/2730
f 3012/1644/2709 3032/1650/2729 3015/1647/2712
f 3012/1644/2709 3005/1637/2702 3032/1650/2729
f 3015/1647/2712 3032/1650/2729 3016/1648/2713
f 3016/1648/2713 3032/1650/2729 3019/1647/2715
f 3035/1630/2731 3027/1635/2724 3034/1634/2732
f 3035/1630/2731 3025/1638/2722 3027/1635/2724
f 3036/1629/2733 2999/1631/2698 3035/1630/2731
f 3035/1630/2731 2999/1631/2698 3000/1632/2697
f 3036/1629/2733 3035/1630/2731 3034/1634/2732
f 3035/1630/2731 3000/1632/2697 3022/1639/2719
f 3022/1639/2719 3025/1638/2722 3035/1630/2731
f 3036/1629/2733 2998/1633/2654 2999/1631/2698
f 3022/1639/2719 3037/1641/2734 3023/1642/2720
f 3038/1652/2735 3037/1641/2734 3000/1632/2697
f 3022/1639/2719 3000/1632/2697 3037/1641/2734
f 2997/1632/2696 3038/1652/2735 3000/1632/2697
f 3038/1652/2735 2997/1632/2696 3009/1641/2706
f 3005/1637/2702 3012/1644/2709 3007/1640/2705
f 3043/1653/2736 3039/1654/2737 3040/1653/2738
f 3039/1654/2737 3041/1655/2739 3040/1653/2738
f 3042/1654/2740 3039/1654/2737 3043/1653/2736
f 3040/1653/2738 3048/1656/2741 3043/1653/2736
f 3042/1654/2740 3043/1653/2736 3045/1655/2742
f 3043/1653/2736 3044/1657/2743 3046/1658/2744
f 3047/1656/2745 3044/1657/2743 3043/1653/2736
f 3045/1655/2742 3043/1653/2736 3046/1658/2744
f 3043/1653/2736 3048/1656/2741 3047/1656/2745
f 3048/1656/2741 3049/1659/2746 3047/1656/2745
f 3049/1659/2746 3048/1656/2741 3050/1660/2747
f 3050/1660/2747 3048/1656/2741 3051/1657/2748
f 3048/1656/2741 3040/1653/2738 3051/1657/2748
f 3051/1657/2748 3053/1658/2749 3052/1661/2750
f 3052/1661/2750 3050/1660/2747 3051/1657/2748
f 3051/1657/2748 3040/1653/2738 3053/1658/2749
f 3041/1655/2739 3054/1662/2751 3053/1658/2749
f 3040/1653/2738 3041/1655/2739 3053/1658/2749
f 3052/1661/2750 3053/1658/2749 3054/1662/2751
f 3054/1662/2751 3055/1663/2752 3057/1662/2753
f 3055/1663/2752 3054/1662/2751 3041/1655/2739
f 3052/1661/2750 3054/1662/2751 3056/1661/2754
f 3056/1661/2754 3054/1662/2751 3057/1662/2753
f 3057/1662/2753 3046/1658/2744 3056/1661/2754
f 3057/1662/2753 3055/1663/2752 3058/1663/2755
f 3045/1655/2742 3057/1662/2753 3058/1663/2755
f 3046/1658/2744 3057/1662/2753 3045/1655/2742
f 3056/1661/2754 3046/1658/2744 3044/1657/2743
f 3060/1660/2756 3056/1661/2754 3044/1657/2743
f 3059/1664/2757 3056/1661/2754 3060/1660/2756
f 3059/1664/2757 3052/1661/2750 3056/1661/2754
f 3061/1659/2758 3062/1665/2759 3060/1660/2756
f 3060/1660/2756 3047/1656/2745 3061/1659/2758
f 3044/1657/2743 3047/1656/2745 3060/1660/2756
f 3060/1660/2756 3063/1666/2760 3059/1664/2757
f 3062/1665/2759 3063/1666/2760 3060/1660/2756
f 3063/1666/2760 3064/1666/2761 3059/1664/2757
f 3059/1664/2757 3064/1666/2761 3065/1664/2762
f 3065/1664/2762 3064/1666/2761 3050/1660/2747
f 3050/1660/2747 3064/1666/2761 3066/1665/2763
f 3049/1659/2746 3066/1665/2763 3067/1667/2764
f 3050/1660/2747 3066/1665/2763 3049/1659/2746
f 3049/1659/2746 3067/1667/2764 3061/1659/2758
f 3061/1659/2758 3067/1667/2764 3068/1667/2765
f 3068/1667/2765 3062/1665/2759 3061/1659/2758
f 3065/1664/2762 3052/1661/2750 3059/1664/2757
f 3065/1664/2762 3050/1660/2747 3052/1661/2750
f 3047/1656/2745 3049/1659/2746 3061/1659/2758
f 3072/1668/2766 3069/1669/2767 3070/1670/2768
f 3069/1669/2767 3071/1671/2769 3070/1670/2768
f 3074/1668/2770 3069/1669/2767 3072/1668/2766
f 3073/1669/2771 3069/1669/2767 3074/1668/2770
f 3074/1668/2770 3075/1670/2772 3073/1669/2771
f 3074/1668/2770 3070/1670/2768 3075/1670/2772
f 3072/1668/2766 3070/1670/2768 3074/1668/2770
f 3075/1670/2772 3076/1672/2773 3078/1671/2774
f 3075/1670/2772 3077/1672/2775 3076/1672/2773
f 3070/1670/2768 3077/1672/2775 3075/1670/2772
f 3073/1669/2771 3075/1670/2772 3078/1671/2774
f 3078/1671/2774 3076/1672/2773 3079/1673/2776
f 3076/1672/2773 3080/1673/2777 3079/1673/2776
f 3071/1671/2769 3080/1673/2777 3077/1672/2775
f 3077/1672/2775 3080/1673/2777 3076/1672/2773
f 3070/1670/2768 3071/1671/2769 3077/1672/2775
f 3085/1674/2778 3081/1675/2779 3082/1676/2780
f 3081/1675/2779 3083/1677/2781 3082/1676/2780
f 3081/1675/2779 3086/1676/2782 3083/1677/2781
f 3084/1678/2783 3087/1674/2784 3081/1675/2779
f 3084/1678/2783 3081/1675/2779 3085/1674/2778
f 3081/1675/2779 3087/1674/2784 3086/1676/2782
f 3084/1678/2783 3088/1679/2785 3087/1674/2784
f 3087/1674/2784 3089/1680/2786 3086/1676/2782
f 3088/1679/2785 3090/1681/2787 3087/1674/2784
f 3087/1674/2784 3090/1681/2787 3089/1680/2786
f 3088/1679/2785 3091/1682/2788 3090/1681/2787
f 3090/1681/2787 3092/1683/2789 3089/1680/2786
f 3091/1682/2788 3093/1684/2790 3090/1681/2787
f 3090/1681/2787 3093/1684/2790 3092/1683/2789
f 3091/1682/2788 3094/1685/2791 3093/1684/2790
f 3093/1684/2790 3095/1686/2792 3092/1683/2789
f 3094/1685/2791 3096/1687/2793 3093/1684/2790
f 3093/1684/2790 3096/1687/2793 3095/1686/2792
f 3096/1687/2793 3098/1688/2794 3095/1686/2792
f 3097/1689/2795 3099/1690/2796 3096/1687/2793
f 3094/1685/2791 3097/1689/2795 3096/1687/2793
f 3096/1687/2793 3099/1690/2796 3098/1688/2794
f 3097/1689/2795 3100/1691/2797 3099/1690/2796
f 3099/1690/2796 3101/1692/2798 3098/1688/2794
f 3100/1691/2797 3102/1693/2799 3099/1690/2796
f 3099/1690/2796 3102/1693/2799 3101/1692/2798
f 3102/1693/2799 3104/1694/2800 3101/1692/2798
f 3103/1695/2801 3105/1696/2802 3102/1693/2799
f 3100/1691/2797 3103/1695/2801 3102/1693/2799
f 3102/1693/2799 3105/1696/2802 3104/1694/2800
f 3106/1697/2803 3108/1698/2804 3105/1696/2802
f 3103/1695/2801 3106/1697/2803 3105/1696/2802
f 3105/1696/2802 3108/1698/2804 3107/1699/2805
f 3105/1696/2802 3107/1699/2805 3104/1694/2800
f 3106/1697/2803 3109/1700/2806 3108/1698/2804
f 3108/1698/2804 3110/1701/2807 3107/1699/2805
f 3109/1700/2806 3111/1702/2808 3108/1698/2804
f 3108/1698/2804 3111/1702/2808 3110/1701/2807
f 3111/1702/2808 3113/1703/2809 3110/1701/2807
f 3112/1704/2810 3114/1705/2811 3111/1702/2808
f 3109/1700/2806 3112/1704/2810 3111/1702/2808
f 3111/1702/2808 3114/1705/2811 3113/1703/2809
f 3114/1705/2811 3115/1702/2812 3113/1703/2809
f 3116/1704/2813 3115/1702/2812 3114/1705/2811
f 3117/1706/2814 3116/1704/2813 3114/1705/2811
f 3112/1704/2810 3117/1706/2814 3114/1705/2811
f 3119/1707/2815 3118/1708/2816 3117/1706/2814
f 3118/1708/2816 3120/1707/2817 3117/1706/2814
f 3119/1707/2815 3117/1706/2814 3112/1704/2810
f 3120/1707/2817 3116/1704/2813 3117/1706/2814
f 3122/1709/2818 3121/1710/2819 3120/1707/2817
f 3121/1710/2819 3123/1711/2820 3120/1707/2817
f 3120/1707/2817 3123/1711/2820 3116/1704/2813
f 3122/1709/2818 3120/1707/2817 3118/1708/2816
f 3123/1711/2820 3124/1712/2821 3126/1700/2822
f 3125/1713/2823 3124/1712/2821 3123/1711/2820
f 3121/1710/2819 3125/1713/2823 3123/1711/2820
f 3123/1711/2820 3126/1700/2822 3116/1704/2813
f 3126/1700/2822 3127/1697/2824 3128/1698/2825
f 3124/1712/2821 3127/1697/2824 3126/1700/2822
f 3126/1700/2822 3128/1698/2825 3115/1702/2812
f 3116/1704/2813 3126/1700/2822 3115/1702/2812
f 3128/1698/2825 3129/1696/2826 3130/1699/2827
f 3127/1697/2824 3129/1696/2826 3128/1698/2825
f 3128/1698/2825 3130/1699/2827 3131/1701/2828
f 3115/1702/2812 3128/1698/2825 3131/1701/2828
f 3131/1701/2828 3132/1714/2829 3133/1715/2830
f 3131/1701/2828 3130/1699/2827 3132/1714/2829
f 3115/1702/2812 3131/1701/2828 3113/1703/2809
f 3113/1703/2809 3131/1701/2828 3133/1715/2830
f 3133/1715/2830 3132/1714/2829 3134/1716/2831
f 3135/1714/2832 3133/1715/2830 3134/1716/2831
f 3110/1701/2807 3113/1703/2809 3133/1715/2830
f 3110/1701/2807 3133/1715/2830 3135/1714/2832
f 3107/1699/2805 3110/1701/2807 3135/1714/2832
f 3136/1717/2833 3135/1714/2832 3137/1718/2834
f 3107/1699/2805 3135/1714/2832 3136/1717/2833
f 3135/1714/2832 3134/1716/2831 3137/1718/2834
f 3138/1719/2835 3137/1718/2834 3140/1720/2836
f 3136/1717/2833 3137/1718/2834 3138/1719/2835
f 3137/1718/2834 3134/1716/2831 3139/1721/2837
f 3137/1718/2834 3139/1721/2837 3140/1720/2836
f 3141/1722/2838 3140/1720/2836 3143/1723/2839
f 3138/1719/2835 3140/1720/2836 3141/1722/2838
f 3140/1720/2836 3139/1721/2837 3142/1724/2840
f 3140/1720/2836 3142/1724/2840 3143/1723/2839
f 3144/1725/2841 3143/1723/2839 3146/1726/2842
f 3141/1722/2838 3143/1723/2839 3144/1725/2841
f 3143/1723/2839 3142/1724/2840 3145/1727/2843
f 3143/1723/2839 3145/1727/2843 3146/1726/2842
f 3144/1725/2841 3146/1726/2842 3149/1728/2844
f 3146/1726/2842 3145/1727/2843 3147/1729/2845
f 3146/1726/2842 3147/1729/2845 3148/1730/2846
f 3149/1728/2844 3146/1726/2842 3148/1730/2846
f 3150/1731/2847 3149/1728/2844 3152/1732/2848
f 3151/1733/2849 3149/1728/2844 3150/1731/2847
f 3151/1733/2849 3144/1725/2841 3149/1728/2844
f 3149/1728/2844 3148/1730/2846 3152/1732/2848
f 3153/1734/2850 3152/1732/2848 3154/1735/2851
f 3150/1731/2847 3152/1732/2848 3153/1734/2850
f 3152/1732/2848 3155/1736/2852 3154/1735/2851
f 3152/1732/2848 3148/1730/2846 3155/1736/2852
f 3155/1736/2852 3157/1737/2853 3156/1738/2854
f 3154/1735/2851 3155/1736/2852 3156/1738/2854
f 3148/1730/2846 3158/1739/2855 3155/1736/2852
f 3155/1736/2852 3158/1739/2855 3157/1737/2853
f 3158/1739/2855 3159/1736/2856 3157/1737/2853
f 3160/1730/2857 3159/1736/2856 3158/1739/2855
f 3147/1729/2845 3160/1730/2857 3158/1739/2855
f 3148/1730/2846 3147/1729/2845 3158/1739/2855
f 3160/1730/2857 3162/1732/2858 3159/1736/2856
f 3161/1726/2859 3160/1730/2857 3147/1729/2845
f 3161/1726/2859 3163/1728/2860 3160/1730/2857
f 3163/1728/2860 3162/1732/2858 3160/1730/2857
f 3163/1728/2860 3164/1731/2861 3162/1732/2858
f 3165/1733/2862 3164/1731/2861 3163/1728/2860
f 3166/1725/2863 3165/1733/2862 3163/1728/2860
f 3166/1725/2863 3163/1728/2860 3161/1726/2859
f 3167/1722/2864 3166/1725/2863 3168/1723/2865
f 3167/1722/2864 3169/1740/2866 3166/1725/2863
f 3168/1723/2865 3166/1725/2863 3161/1726/2859
f 3169/1740/2866 3165/1733/2862 3166/1725/2863
f 3171/1741/2867 3170/1742/2868 3169/1740/2866
f 3170/1742/2868 3172/1743/2869 3169/1740/2866
f 3169/1740/2866 3172/1743/2869 3165/1733/2862
f 3171/1741/2867 3169/1740/2866 3167/1722/2864
f 3172/1743/2869 3173/1744/2870 3175/1745/2871
f 3174/1746/2872 3173/1744/2870 3172/1743/2869
f 3170/1742/2868 3174/1746/2872 3172/1743/2869
f 3172/1743/2869 3175/1745/2871 3165/1733/2862
f 3175/1745/2871 3176/1747/2873 3177/1748/2874
f 3173/1744/2870 3176/1747/2873 3175/1745/2871
f 3175/1745/2871 3177/1748/2874 3164/1731/2861
f 3165/1733/2862 3175/1745/2871 3164/1731/2861
f 3177/1748/2874 3178/1749/2875 3179/1750/2876
f 3176/1747/2873 3178/1749/2875 3177/1748/2874
f 3177/1748/2874 3179/1750/2876 3180/1734/2877
f 3164/1731/2861 3177/1748/2874 3180/1734/2877
f 3180/1734/2877 3181/1751/2878 3182/1735/2879
f 3180/1734/2877 3179/1750/2876 3181/1751/2878
f 3164/1731/2861 3180/1734/2877 3162/1732/2858
f 3162/1732/2858 3180/1734/2877 3182/1735/2879
f 3182/1735/2879 3181/1751/2878 3183/1752/2880
f 3182/1735/2879 3183/1752/2880 3184/1738/2881
f 3162/1732/2858 3182/1735/2879 3159/1736/2856
f 3159/1736/2856 3182/1735/2879 3184/1738/2881
f 3184/1738/2881 3185/1753/2882 3186/1754/2883
f 3184/1738/2881 3183/1752/2880 3185/1753/2882
f 3159/1736/2856 3184/1738/2881 3157/1737/2853
f 3157/1737/2853 3184/1738/2881 3186/1754/2883
f 3186/1754/2883 3185/1753/2882 3187/1755/2884
f 3188/1753/2885 3186/1754/2883 3187/1755/2884
f 3156/1738/2854 3157/1737/2853 3186/1754/2883
f 3156/1738/2854 3186/1754/2883 3188/1753/2885
f 3190/1752/2886 3156/1738/2854 3188/1753/2885
f 3188/1753/2885 3187/1755/2884 3189/1756/2887
f 3191/1757/2888 3188/1753/2885 3189/1756/2887
f 3190/1752/2886 3188/1753/2885 3191/1757/2888
f 3192/1758/2889 3191/1757/2888 3194/1759/2890
f 3193/1760/2891 3191/1757/2888 3192/1758/2889
f 3193/1760/2891 3190/1752/2886 3191/1757/2888
f 3191/1757/2888 3189/1756/2887 3194/1759/2890
f 3195/1761/2892 3194/1759/2890 3196/1762/2893
f 3192/1758/2889 3194/1759/2890 3195/1761/2892
f 3194/1759/2890 3197/1763/2894 3196/1762/2893
f 3194/1759/2890 3189/1756/2887 3197/1763/2894
f 3197/1763/2894 3199/1764/2895 3198/1765/2896
f 3196/1762/2893 3197/1763/2894 3198/1765/2896
f 3189/1756/2887 3200/1766/2897 3197/1763/2894
f 3197/1763/2894 3200/1766/2897 3199/1764/2895
f 3200/1766/2897 3201/1763/2898 3199/1764/2895
f 3202/1756/2899 3201/1763/2898 3200/1766/2897
f 3187/1755/2884 3202/1756/2899 3200/1766/2897
f 3189/1756/2887 3187/1755/2884 3200/1766/2897
f 3185/1753/2882 3202/1756/2899 3187/1755/2884
f 3185/1753/2882 3204/1757/2900 3202/1756/2899
f 3202/1756/2899 3203/1759/2901 3201/1763/2898
f 3204/1757/2900 3203/1759/2901 3202/1756/2899
f 3204/1757/2900 3205/1758/2902 3203/1759/2901
f 3206/1760/2903 3205/1758/2902 3204/1757/2900
f 3183/1752/2880 3206/1760/2903 3204/1757/2900
f 3183/1752/2880 3204/1757/2900 3185/1753/2882
f 3181/1751/2878 3206/1760/2903 3183/1752/2880
f 3181/1751/2878 3208/1767/2904 3206/1760/2903
f 3206/1760/2903 3207/1768/2905 3205/1758/2902
f 3208/1767/2904 3207/1768/2905 3206/1760/2903
f 3208/1767/2904 3209/1769/2906 3207/1768/2905
f 3210/1770/2907 3209/1769/2906 3208/1767/2904
f 3179/1750/2876 3210/1770/2907 3208/1767/2904
f 3179/1750/2876 3208/1767/2904 3181/1751/2878
f 3178/1749/2875 3210/1770/2907 3179/1750/2876
f 3178/1749/2875 3212/1771/2908 3210/1770/2907
f 3210/1770/2907 3211/1772/2909 3209/1769/2906
f 3212/1771/2908 3211/1772/2909 3210/1770/2907
f 3212/1771/2908 3213/1773/2910 3211/1772/2909
f 3214/1774/2911 3213/1773/2910 3212/1771/2908
f 3215/1775/2912 3214/1774/2911 3212/1771/2908
f 3215/1775/2912 3212/1771/2908 3178/1749/2875
f 3216/1776/2913 3214/1774/2911 3215/1775/2912
f 3217/1777/2914 3216/1776/2913 3215/1775/2912
f 3217/1777/2914 3215/1775/2912 3176/1747/2873
f 3176/1747/2873 3215/1775/2912 3178/1749/2875
f 3218/1778/2915 3216/1776/2913 3217/1777/2914
f 3219/1779/2916 3218/1778/2915 3217/1777/2914
f 3219/1779/2916 3217/1777/2914 3173/1744/2870
f 3173/1744/2870 3217/1777/2914 3176/1747/2873
f 3220/1780/2917 3218/1778/2915 3219/1779/2916
f 3221/1781/2918 3220/1780/2917 3219/1779/2916
f 3221/1781/2918 3219/1779/2916 3174/1746/2872
f 3174/1746/2872 3219/1779/2916 3173/1744/2870
f 3222/1683/2919 3220/1780/2917 3221/1781/2918
f 3223/1686/2920 3222/1683/2919 3221/1781/2918
f 3223/1686/2920 3221/1781/2918 3224/1782/2921
f 3224/1782/2921 3221/1781/2918 3174/1746/2872
f 3225/1688/2922 3223/1686/2920 3224/1782/2921
f 3224/1782/2921 3174/1746/2872 3170/1742/2868
f 3225/1688/2922 3224/1782/2921 3226/1783/2923
f 3226/1783/2923 3224/1782/2921 3170/1742/2868
f 3226/1783/2923 3170/1742/2868 3171/1741/2867
f 3227/1692/2924 3226/1783/2923 3228/1784/2925
f 3227/1692/2924 3225/1688/2922 3226/1783/2923
f 3228/1784/2925 3226/1783/2923 3171/1741/2867
f 3229/1694/2926 3227/1692/2924 3228/1784/2925
f 3228/1784/2925 3171/1741/2867 3230/1719/2927
f 3229/1694/2926 3228/1784/2925 3231/1717/2928
f 3231/1717/2928 3228/1784/2925 3230/1719/2927
f 3231/1717/2928 3230/1719/2927 3232/1718/2929
f 3130/1699/2827 3231/1717/2928 3132/1714/2829
f 3130/1699/2827 3229/1694/2926 3231/1717/2928
f 3132/1714/2829 3231/1717/2928 3232/1718/2929
f 3232/1718/2929 3230/1719/2927 3233/1720/2930
f 3232/1718/2929 3233/1720/2930 3139/1721/2837
f 3132/1714/2829 3232/1718/2929 3134/1716/2831
f 3134/1716/2831 3232/1718/2929 3139/1721/2837
f 3233/1720/2930 3167/1722/2864 3168/1723/2865
f 3230/1719/2927 3167/1722/2864 3233/1720/2930
f 3233/1720/2930 3168/1723/2865 3142/1724/2840
f 3139/1721/2837 3233/1720/2930 3142/1724/2840
f 3230/1719/2927 3171/1741/2867 3167/1722/2864
f 3234/1693/2931 3227/1692/2924 3229/1694/2926
f 3129/1696/2826 3234/1693/2931 3229/1694/2926
f 3129/1696/2826 3229/1694/2926 3130/1699/2827
f 3234/1693/2931 3236/1690/2932 3227/1692/2924
f 3235/1695/2933 3234/1693/2931 3129/1696/2826
f 3235/1695/2933 3237/1691/2934 3234/1693/2931
f 3237/1691/2934 3236/1690/2932 3234/1693/2931
f 3237/1691/2934 3238/1689/2935 3236/1690/2932
f 3239/1785/2936 3238/1689/2935 3237/1691/2934
f 3240/1786/2937 3239/1785/2936 3237/1691/2934
f 3240/1786/2937 3237/1691/2934 3235/1695/2933
f 3241/1787/2938 3240/1786/2937 3242/1788/2939
f 3241/1787/2938 3243/1789/2940 3240/1786/2937
f 3242/1788/2939 3240/1786/2937 3235/1695/2933
f 3243/1789/2940 3239/1785/2936 3240/1786/2937
f 3245/1790/2941 3244/1791/2942 3243/1789/2940
f 3244/1791/2942 3246/1792/2943 3243/1789/2940
f 3243/1789/2940 3246/1792/2943 3239/1785/2936
f 3245/1790/2941 3243/1789/2940 3241/1787/2938
f 3246/1792/2943 3247/1793/2944 3249/1794/2945
f 3248/1795/2946 3247/1793/2944 3246/1792/2943
f 3244/1791/2942 3248/1795/2946 3246/1792/2943
f 3246/1792/2943 3249/1794/2945 3239/1785/2936
f 3249/1794/2945 3250/1796/2947 3251/1685/2948
f 3247/1793/2944 3250/1796/2947 3249/1794/2945
f 3249/1794/2945 3251/1685/2948 3238/1689/2935
f 3239/1785/2936 3249/1794/2945 3238/1689/2935
f 3251/1685/2948 3252/1682/2949 3253/1684/2950
f 3250/1796/2947 3252/1682/2949 3251/1685/2948
f 3251/1685/2948 3253/1684/2950 3254/1687/2951
f 3238/1689/2935 3251/1685/2948 3254/1687/2951
f 3254/1687/2951 3223/1686/2920 3225/1688/2922
f 3254/1687/2951 3253/1684/2950 3223/1686/2920
f 3238/1689/2935 3254/1687/2951 3236/1690/2932
f 3236/1690/2932 3254/1687/2951 3225/1688/2922
f 3252/1682/2949 3255/1681/2952 3253/1684/2950
f 3253/1684/2950 3222/1683/2919 3223/1686/2920
f 3253/1684/2950 3255/1681/2952 3222/1683/2919
f 3255/1681/2952 3085/1674/2778 3257/1680/2953
f 3256/1679/2954 3085/1674/2778 3255/1681/2952
f 3252/1682/2949 3256/1679/2954 3255/1681/2952
f 3255/1681/2952 3257/1680/2953 3222/1683/2919
f 3085/1674/2778 3082/1676/2780 3257/1680/2953
f 3257/1680/2953 3258/1797/2955 3220/1780/2917
f 3257/1680/2953 3082/1676/2780 3258/1797/2955
f 3222/1683/2919 3257/1680/2953 3220/1780/2917
f 3258/1797/2955 3259/1798/2956 3218/1778/2915
f 3258/1797/2955 3260/1799/2957 3259/1798/2956
f 3220/1780/2917 3258/1797/2955 3218/1778/2915
f 3082/1676/2780 3260/1799/2957 3258/1797/2955
f 3083/1677/2781 3261/1800/2958 3260/1799/2957
f 3082/1676/2780 3083/1677/2781 3260/1799/2957
f 3260/1799/2957 3261/1800/2958 3262/1801/2959
f 3260/1799/2957 3262/1801/2959 3259/1798/2956
f 3262/1801/2959 3263/1802/2960 3264/1803/2961
f 3261/1800/2958 3263/1802/2960 3262/1801/2959
f 3262/1801/2959 3264/1803/2961 3265/1804/2962
f 3259/1798/2956 3262/1801/2959 3265/1804/2962
f 3265/1804/2962 3264/1803/2961 3266/1805/2963
f 3259/1798/2956 3265/1804/2962 3216/1776/2913
f 3265/1804/2962 3266/1805/2963 3214/1774/2911
f 3216/1776/2913 3265/1804/2962 3214/1774/2911
f 3264/1803/2961 3268/1806/2964 3266/1805/2963
f 3266/1805/2963 3267/1807/2965 3213/1773/2910
f 3266/1805/2963 3268/1806/2964 3267/1807/2965
f 3214/1774/2911 3266/1805/2963 3213/1773/2910
f 3268/1806/2964 3269/1808/2966 3270/1809/2967
f 3271/1810/2968 3269/1808/2966 3268/1806/2964
f 3268/1806/2964 3270/1809/2967 3267/1807/2965
f 3264/1803/2961 3271/1810/2968 3268/1806/2964
f 3271/1810/2968 3272/1806/2969 3269/1808/2966
f 3263/1802/2960 3273/1803/2970 3271/1810/2968
f 3263/1802/2960 3271/1810/2968 3264/1803/2961
f 3271/1810/2968 3273/1803/2970 3272/1806/2969
f 3263/1802/2960 3274/1801/2971 3273/1803/2970
f 3273/1803/2970 3275/1805/2972 3272/1806/2969
f 3274/1801/2971 3276/1804/2973 3273/1803/2970
f 3273/1803/2970 3276/1804/2973 3275/1805/2972
f 3274/1801/2971 3277/1798/2974 3276/1804/2973
f 3277/1798/2974 3279/1776/2975 3276/1804/2973
f 3276/1804/2973 3278/1774/2976 3275/1805/2972
f 3276/1804/2973 3279/1776/2975 3278/1774/2976
f 3280/1778/2977 3281/1777/2978 3279/1776/2975
f 3277/1798/2974 3280/1778/2977 3279/1776/2975
f 3279/1776/2975 3282/1775/2979 3278/1774/2976
f 3279/1776/2975 3281/1777/2978 3282/1775/2979
f 3278/1774/2976 3282/1775/2979 3283/1771/2980
f 3281/1777/2978 3284/1747/2981 3282/1775/2979
f 3282/1775/2979 3285/1749/2982 3283/1771/2980
f 3282/1775/2979 3284/1747/2981 3285/1749/2982
f 3284/1747/2981 3287/1748/2983 3285/1749/2982
f 3285/1749/2982 3288/1750/2984 3286/1770/2985
f 3283/1771/2980 3285/1749/2982 3286/1770/2985
f 3285/1749/2982 3287/1748/2983 3288/1750/2984
f 3286/1770/2985 3288/1750/2984 3289/1767/2986
f 3287/1748/2983 3153/1734/2850 3288/1750/2984
f 3288/1750/2984 3290/1751/2987 3289/1767/2986
f 3288/1750/2984 3153/1734/2850 3290/1751/2987
f 3153/1734/2850 3154/1735/2851 3290/1751/2987
f 3290/1751/2987 3190/1752/2886 3193/1760/2891
f 3289/1767/2986 3290/1751/2987 3193/1760/2891
f 3290/1751/2987 3154/1735/2851 3190/1752/2886
f 3291/1769/2988 3289/1767/2986 3292/1768/2989
f 3286/1770/2985 3289/1767/2986 3291/1769/2988
f 3289/1767/2986 3193/1760/2891 3292/1768/2989
f 3293/1811/2990 3292/1768/2989 3294/1812/2991
f 3291/1769/2988 3292/1768/2989 3293/1811/2990
f 3292/1768/2989 3192/1758/2889 3294/1812/2991
f 3292/1768/2989 3193/1760/2891 3192/1758/2889
f 3295/1813/2992 3294/1812/2991 3296/1814/2993
f 3293/1811/2990 3294/1812/2991 3295/1813/2992
f 3294/1812/2991 3195/1761/2892 3296/1814/2993
f 3294/1812/2991 3192/1758/2889 3195/1761/2892
f 3295/1813/2992 3296/1814/2993 3299/1815/2994
f 3296/1814/2993 3298/1816/2995 3297/1817/2996
f 3299/1815/2994 3296/1814/2993 3297/1817/2996
f 3296/1814/2993 3195/1761/2892 3298/1816/2995
f 3300/1818/2997 3299/1815/2994 3302/1819/2998
f 3301/1820/2999 3299/1815/2994 3300/1818/2997
f 3301/1820/2999 3295/1813/2992 3299/1815/2994
f 3299/1815/2994 3297/1817/2996 3302/1819/2998
f 3303/1821/3000 3302/1819/2998 3304/1822/3001
f 3300/1818/2997 3302/1819/2998 3303/1821/3000
f 3302/1819/2998 3305/1823/3002 3304/1822/3001
f 3302/1819/2998 3297/1817/2996 3305/1823/3002
f 3305/1823/3002 3307/1824/3003 3306/1825/3004
f 3304/1822/3001 3305/1823/3002 3306/1825/3004
f 3297/1817/2996 3308/1826/3005 3305/1823/3002
f 3305/1823/3002 3308/1826/3005 3307/1824/3003
f 3297/1817/2996 3298/1816/2995 3308/1826/3005
f 3308/1826/3005 3309/1827/3006 3307/1824/3003
f 3298/1816/2995 3310/1828/3007 3308/1826/3005
f 3308/1826/3005 3310/1828/3007 3309/1827/3006
f 3298/1816/2995 3196/1762/2893 3310/1828/3007
f 3310/1828/3007 3311/1829/3008 3309/1827/3006
f 3196/1762/2893 3198/1765/2896 3310/1828/3007
f 3310/1828/3007 3198/1765/2896 3311/1829/3008
f 3198/1765/2896 3313/1830/3009 3311/1829/3008
f 3309/1827/3006 3311/1829/3008 3314/1831/3010
f 3311/1829/3008 3313/1830/3009 3312/1832/3011
f 3311/1829/3008 3312/1832/3011 3314/1831/3010
f 3315/1833/3012 3314/1831/3010 3317/1834/3013
f 3309/1827/3006 3314/1831/3010 3315/1833/3012
f 3314/1831/3010 3312/1832/3011 3316/1835/3014
f 3314/1831/3010 3316/1835/3014 3317/1834/3013
f 3318/1836/3015 3317/1834/3013 3320/1709/3016
f 3315/1833/3012 3317/1834/3013 3318/1836/3015
f 3317/1834/3013 3316/1835/3014 3319/1837/3017
f 3317/1834/3013 3319/1837/3017 3320/1709/3016
f 3321/1710/3018 3320/1709/3016 3119/1707/2815
f 3318/1836/3015 3320/1709/3016 3321/1710/3018
f 3320/1709/3016 3319/1837/3017 3118/1708/2816
f 3320/1709/3016 3118/1708/2816 3119/1707/2815
f 3323/1838/3019 3318/1836/3015 3321/1710/3018
f 3321/1710/3018 3119/1707/2815 3324/1711/3020
f 3322/1713/3021 3321/1710/3018 3324/1711/3020
f 3323/1838/3019 3321/1710/3018 3322/1713/3021
f 3325/1712/3022 3324/1711/3020 3109/1700/2806
f 3322/1713/3021 3324/1711/3020 3325/1712/3022
f 3324/1711/3020 3112/1704/2810 3109/1700/2806
f 3324/1711/3020 3119/1707/2815 3112/1704/2810
f 3325/1712/3022 3109/1700/2806 3106/1697/2803
f 3326/1788/3023 3325/1712/3022 3106/1697/2803
f 3327/1839/3024 3322/1713/3021 3325/1712/3022
f 3327/1839/3024 3325/1712/3022 3326/1788/3023
f 3328/1787/3025 3327/1839/3024 3326/1788/3023
f 3329/1840/3026 3327/1839/3024 3328/1787/3025
f 3329/1840/3026 3330/1841/3027 3327/1839/3024
f 3330/1841/3027 3322/1713/3021 3327/1839/3024
f 3331/1842/3028 3330/1841/3027 3329/1840/3026
f 3331/1842/3028 3332/1843/3029 3330/1841/3027
f 3332/1843/3029 3323/1838/3019 3330/1841/3027
f 3330/1841/3027 3323/1838/3019 3322/1713/3021
f 3306/1825/3004 3333/1844/3030 3332/1843/3029
f 3334/1845/3031 3306/1825/3004 3332/1843/3029
f 3332/1843/3029 3333/1844/3030 3323/1838/3019
f 3334/1845/3031 3332/1843/3029 3331/1842/3028
f 3335/1846/3032 3304/1822/3001 3334/1845/3031
f 3335/1846/3032 3334/1845/3031 3336/1847/3033
f 3336/1847/3033 3334/1845/3031 3331/1842/3028
f 3304/1822/3001 3306/1825/3004 3334/1845/3031
f 3337/1848/3034 3336/1847/3033 3339/1849/3035
f 3338/1850/3036 3336/1847/3033 3337/1848/3034
f 3338/1850/3036 3335/1846/3032 3336/1847/3033
f 3336/1847/3033 3331/1842/3028 3339/1849/3035
f 3340/1851/3037 3339/1849/3035 3341/1790/3038
f 3337/1848/3034 3339/1849/3035 3340/1851/3037
f 3339/1849/3035 3329/1840/3026 3341/1790/3038
f 3339/1849/3035 3331/1842/3028 3329/1840/3026
f 3342/1791/3039 3341/1790/3038 3343/1789/3040
f 3340/1851/3037 3341/1790/3038 3342/1791/3039
f 3341/1790/3038 3328/1787/3025 3343/1789/3040
f 3341/1790/3038 3329/1840/3026 3328/1787/3025
f 3342/1791/3039 3343/1789/3040 3346/1792/3041
f 3343/1789/3040 3345/1786/3042 3344/1785/3043
f 3346/1792/3041 3343/1789/3040 3344/1785/3043
f 3343/1789/3040 3328/1787/3025 3345/1786/3042
f 3347/1793/3044 3346/1792/3041 3349/1794/3045
f 3348/1795/3046 3346/1792/3041 3347/1793/3044
f 3348/1795/3046 3342/1791/3039 3346/1792/3041
f 3346/1792/3041 3344/1785/3043 3349/1794/3045
f 3350/1796/3047 3349/1794/3045 3094/1685/2791
f 3347/1793/3044 3349/1794/3045 3350/1796/3047
f 3349/1794/3045 3097/1689/2795 3094/1685/2791
f 3349/1794/3045 3344/1785/3043 3097/1689/2795
f 3350/1796/3047 3094/1685/2791 3091/1682/2788
f 3351/1852/3048 3350/1796/3047 3091/1682/2788
f 3352/1853/3049 3347/1793/3044 3350/1796/3047
f 3352/1853/3049 3350/1796/3047 3351/1852/3048
f 3353/1854/3050 3352/1853/3049 3351/1852/3048
f 3355/1855/3051 3352/1853/3049 3353/1854/3050
f 3354/1856/3052 3347/1793/3044 3352/1853/3049
f 3355/1855/3051 3354/1856/3052 3352/1853/3049
f 3355/1855/3051 3353/1854/3050 3356/1853/3053
f 3358/1856/3054 3355/1855/3051 3356/1853/3053
f 3357/1857/3055 3354/1856/3052 3355/1855/3051
f 3357/1857/3055 3355/1855/3051 3358/1856/3054
f 3359/1858/3056 3357/1857/3055 3358/1856/3054
f 3359/1858/3056 3358/1856/3054 3248/1795/2946
f 3248/1795/2946 3358/1856/3054 3247/1793/2944
f 3358/1856/3054 3356/1853/3053 3247/1793/2944
f 3360/1859/3057 3357/1857/3055 3359/1858/3056
f 3361/1860/3058 3360/1859/3057 3359/1858/3056
f 3361/1860/3058 3359/1858/3056 3362/1861/3059
f 3362/1861/3059 3359/1858/3056 3248/1795/2946
f 3362/1861/3059 3248/1795/2946 3244/1791/2942
f 3363/1862/3060 3362/1861/3059 3364/1851/3061
f 3363/1862/3060 3361/1860/3058 3362/1861/3059
f 3364/1851/3061 3362/1861/3059 3244/1791/2942
f 3364/1851/3061 3244/1791/2942 3245/1790/2941
f 3365/1848/3062 3364/1851/3061 3366/1849/3063
f 3365/1848/3062 3363/1862/3060 3364/1851/3061
f 3366/1849/3063 3364/1851/3061 3245/1790/2941
f 3367/1847/3064 3365/1848/3062 3366/1849/3063
f 3366/1849/3063 3245/1790/2941 3368/1840/3065
f 3367/1847/3064 3366/1849/3063 3369/1842/3066
f 3369/1842/3066 3366/1849/3063 3368/1840/3065
f 3369/1842/3066 3368/1840/3065 3371/1841/3067
f 3370/1845/3068 3369/1842/3066 3372/1843/3069
f 3370/1845/3068 3367/1847/3064 3369/1842/3066
f 3372/1843/3069 3369/1842/3066 3371/1841/3067
f 3373/1825/3070 3372/1843/3069 3375/1844/3071
f 3373/1825/3070 3370/1845/3068 3372/1843/3069
f 3375/1844/3071 3372/1843/3069 3374/1838/3072
f 3372/1843/3069 3371/1841/3067 3374/1838/3072
f 3376/1824/3073 3373/1825/3070 3375/1844/3071
f 3375/1844/3071 3374/1838/3072 3377/1836/3074
f 3376/1824/3073 3375/1844/3071 3378/1833/3075
f 3378/1833/3075 3375/1844/3071 3377/1836/3074
f 3378/1833/3075 3377/1836/3074 3380/1834/3076
f 3379/1827/3077 3378/1833/3075 3381/1831/3078
f 3379/1827/3077 3376/1824/3073 3378/1833/3075
f 3381/1831/3078 3378/1833/3075 3380/1834/3076
f 3382/1829/3079 3379/1827/3077 3381/1831/3078
f 3381/1831/3078 3380/1834/3076 3316/1835/3014
f 3382/1829/3079 3381/1831/3078 3312/1832/3011
f 3312/1832/3011 3381/1831/3078 3316/1835/3014
f 3383/1765/3080 3382/1829/3079 3313/1830/3009
f 3383/1765/3080 3384/1828/3081 3382/1829/3079
f 3313/1830/3009 3382/1829/3079 3312/1832/3011
f 3384/1828/3081 3379/1827/3077 3382/1829/3079
f 3386/1762/3082 3385/1816/3083 3384/1828/3081
f 3385/1816/3083 3387/1826/3084 3384/1828/3081
f 3384/1828/3081 3387/1826/3084 3379/1827/3077
f 3386/1762/3082 3384/1828/3081 3383/1765/3080
f 3387/1826/3084 3388/1823/3085 3376/1824/3073
f 3389/1817/3086 3388/1823/3085 3387/1826/3084
f 3385/1816/3083 3389/1817/3086 3387/1826/3084
f 3387/1826/3084 3376/1824/3073 3379/1827/3077
f 3389/1817/3086 3391/1819/3087 3388/1823/3085
f 3390/1814/3088 3389/1817/3086 3385/1816/3083
f 3390/1814/3088 3392/1815/3089 3389/1817/3086
f 3392/1815/3089 3391/1819/3087 3389/1817/3086
f 3392/1815/3089 3393/1818/3090 3391/1819/3087
f 3394/1820/3091 3393/1818/3090 3392/1815/3089
f 3395/1813/3092 3394/1820/3091 3392/1815/3089
f 3395/1813/3092 3392/1815/3089 3390/1814/3088
f 3396/1811/3093 3395/1813/3092 3397/1812/3094
f 3396/1811/3093 3398/1863/3095 3395/1813/3092
f 3397/1812/3094 3395/1813/3092 3390/1814/3088
f 3398/1863/3095 3394/1820/3091 3395/1813/3092
f 3400/1864/3096 3399/1865/3097 3398/1863/3095
f 3399/1865/3097 3401/1866/3098 3398/1863/3095
f 3398/1863/3095 3401/1866/3098 3394/1820/3091
f 3400/1864/3096 3398/1863/3095 3396/1811/3093
f 3401/1866/3098 3402/1867/3099 3404/1868/3100
f 3403/1869/3101 3402/1867/3099 3401/1866/3098
f 3399/1865/3097 3403/1869/3101 3401/1866/3098
f 3401/1866/3098 3404/1868/3100 3394/1820/3091
f 3404/1868/3100 3405/1870/3102 3406/1871/3103
f 3402/1867/3099 3405/1870/3102 3404/1868/3100
f 3404/1868/3100 3406/1871/3103 3393/1818/3090
f 3394/1820/3091 3404/1868/3100 3393/1818/3090
f 3406/1871/3103 3407/1872/3104 3408/1873/3105
f 3405/1870/3102 3407/1872/3104 3406/1871/3103
f 3406/1871/3103 3408/1873/3105 3409/1821/3106
f 3393/1818/3090 3406/1871/3103 3409/1821/3106
f 3409/1821/3106 3410/1846/3107 3411/1822/3108
f 3409/1821/3106 3408/1873/3105 3410/1846/3107
f 3393/1818/3090 3409/1821/3106 3391/1819/3087
f 3391/1819/3087 3409/1821/3106 3411/1822/3108
f 3411/1822/3108 3410/1846/3107 3370/1845/3068
f 3411/1822/3108 3370/1845/3068 3373/1825/3070
f 3391/1819/3087 3411/1822/3108 3388/1823/3085
f 3388/1823/3085 3411/1822/3108 3373/1825/3070
f 3410/1846/3107 3367/1847/3064 3370/1845/3068
f 3410/1846/3107 3412/1850/3109 3367/1847/3064
f 3408/1873/3105 3412/1850/3109 3410/1846/3107
f 3412/1850/3109 3365/1848/3062 3367/1847/3064
f 3412/1850/3109 3413/1874/3110 3365/1848/3062
f 3408/1873/3105 3414/1875/3111 3412/1850/3109
f 3414/1875/3111 3413/1874/3110 3412/1850/3109
f 3414/1875/3111 3415/1876/3112 3413/1874/3110
f 3416/1877/3113 3415/1876/3112 3414/1875/3111
f 3407/1872/3104 3416/1877/3113 3414/1875/3111
f 3407/1872/3104 3414/1875/3111 3408/1873/3105
f 3416/1877/3113 3417/1878/3114 3415/1876/3112
f 3418/1879/3115 3417/1878/3114 3416/1877/3113
f 3419/1880/3116 3418/1879/3115 3416/1877/3113
f 3419/1880/3116 3416/1877/3113 3407/1872/3104
f 3420/1881/3117 3418/1879/3115 3419/1880/3116
f 3421/1882/3118 3420/1881/3117 3419/1880/3116
f 3421/1882/3118 3419/1880/3116 3405/1870/3102
f 3405/1870/3102 3419/1880/3116 3407/1872/3104
f 3422/1883/3119 3420/1881/3117 3421/1882/3118
f 3423/1884/3120 3422/1883/3119 3421/1882/3118
f 3423/1884/3120 3421/1882/3118 3402/1867/3099
f 3402/1867/3099 3421/1882/3118 3405/1870/3102
f 3425/1885/3121 3424/1886/3122 3423/1884/3120
f 3424/1886/3122 3422/1883/3119 3423/1884/3120
f 3425/1885/3121 3423/1884/3120 3403/1869/3101
f 3403/1869/3101 3423/1884/3120 3402/1867/3099
f 3426/1887/3123 3424/1886/3122 3425/1885/3121
f 3270/1809/2967 3426/1887/3123 3425/1885/3121
f 3270/1809/2967 3425/1885/3121 3427/1888/3124
f 3427/1888/3124 3425/1885/3121 3403/1869/3101
f 3427/1888/3124 3403/1869/3101 3399/1865/3097
f 3267/1807/2965 3427/1888/3124 3428/1889/3125
f 3267/1807/2965 3270/1809/2967 3427/1888/3124
f 3428/1889/3125 3427/1888/3124 3399/1865/3097
f 3428/1889/3125 3399/1865/3097 3400/1864/3096
f 3213/1773/2910 3428/1889/3125 3211/1772/2909
f 3213/1773/2910 3267/1807/2965 3428/1889/3125
f 3211/1772/2909 3428/1889/3125 3400/1864/3096
f 3426/1887/3123 3429/1885/3126 3424/1886/3122
f 3269/1808/2966 3430/1809/3127 3426/1887/3123
f 3269/1808/2966 3426/1887/3123 3270/1809/2967
f 3426/1887/3123 3430/1809/3127 3429/1885/3126
f 3272/1806/2969 3432/1807/3128 3430/1809/3127
f 3269/1808/2966 3272/1806/2969 3430/1809/3127
f 3430/1809/3127 3432/1807/3128 3431/1888/3129
f 3430/1809/3127 3431/1888/3129 3429/1885/3126
f 3272/1806/2969 3275/1805/2972 3432/1807/3128
f 3432/1807/3128 3433/1889/3130 3431/1888/3129
f 3275/1805/2972 3434/1773/3131 3432/1807/3128
f 3432/1807/3128 3434/1773/3131 3433/1889/3130
f 3434/1773/3131 3435/1772/3132 3433/1889/3130
f 3278/1774/2976 3283/1771/2980 3434/1773/3131
f 3275/1805/2972 3278/1774/2976 3434/1773/3131
f 3434/1773/3131 3283/1771/2980 3435/1772/3132
f 3433/1889/3130 3435/1772/3132 3436/1864/3133
f 3435/1772/3132 3291/1769/2988 3436/1864/3133
f 3283/1771/2980 3286/1770/2985 3435/1772/3132
f 3435/1772/3132 3286/1770/2985 3291/1769/2988
f 3437/1865/3134 3436/1864/3133 3438/1863/3135
f 3433/1889/3130 3436/1864/3133 3437/1865/3134
f 3436/1864/3133 3293/1811/2990 3438/1863/3135
f 3436/1864/3133 3291/1769/2988 3293/1811/2990
f 3437/1865/3134 3438/1863/3135 3439/1866/3136
f 3438/1863/3135 3295/1813/2992 3301/1820/2999
f 3439/1866/3136 3438/1863/3135 3301/1820/2999
f 3438/1863/3135 3293/1811/2990 3295/1813/2992
f 3440/1867/3137 3439/1866/3136 3442/1868/3138
f 3441/1869/3139 3439/1866/3136 3440/1867/3137
f 3441/1869/3139 3437/1865/3134 3439/1866/3136
f 3439/1866/3136 3301/1820/2999 3442/1868/3138
f 3443/1870/3140 3442/1868/3138 3444/1871/3141
f 3440/1867/3137 3442/1868/3138 3443/1870/3140
f 3442/1868/3138 3300/1818/2997 3444/1871/3141
f 3442/1868/3138 3301/1820/2999 3300/1818/2997
f 3445/1872/3142 3444/1871/3141 3446/1873/3143
f 3443/1870/3140 3444/1871/3141 3445/1872/3142
f 3444/1871/3141 3303/1821/3000 3446/1873/3143
f 3444/1871/3141 3300/1818/2997 3303/1821/3000
f 3445/1872/3142 3446/1873/3143 3447/1875/3144
f 3446/1873/3143 3335/1846/3032 3338/1850/3036
f 3447/1875/3144 3446/1873/3143 3338/1850/3036
f 3446/1873/3143 3303/1821/3000 3335/1846/3032
f 3448/1876/3145 3447/1875/3144 3450/1874/3146
f 3449/1877/3147 3447/1875/3144 3448/1876/3145
f 3449/1877/3147 3445/1872/3142 3447/1875/3144
f 3447/1875/3144 3338/1850/3036 3450/1874/3146
f 3451/1890/3148 3450/1874/3146 3452/1862/3149
f 3448/1876/3145 3450/1874/3146 3451/1890/3148
f 3450/1874/3146 3337/1848/3034 3452/1862/3149
f 3450/1874/3146 3338/1850/3036 3337/1848/3034
f 3453/1860/3150 3452/1862/3149 3454/1861/3151
f 3451/1890/3148 3452/1862/3149 3453/1860/3150
f 3452/1862/3149 3340/1851/3037 3454/1861/3151
f 3452/1862/3149 3337/1848/3034 3340/1851/3037
f 3453/1860/3150 3454/1861/3151 3455/1858/3152
f 3454/1861/3151 3342/1791/3039 3348/1795/3046
f 3455/1858/3152 3454/1861/3151 3348/1795/3046
f 3454/1861/3151 3340/1851/3037 3342/1791/3039
f 3357/1857/3055 3455/1858/3152 3354/1856/3052
f 3360/1859/3057 3455/1858/3152 3357/1857/3055
f 3360/1859/3057 3453/1860/3150 3455/1858/3152
f 3455/1858/3152 3348/1795/3046 3354/1856/3052
f 3456/1891/3153 3451/1890/3148 3453/1860/3150
f 3456/1891/3153 3453/1860/3150 3360/1859/3057
f 3456/1891/3153 3360/1859/3057 3361/1860/3058
f 3458/1890/3154 3456/1891/3153 3361/1860/3058
f 3457/1892/3155 3451/1890/3148 3456/1891/3153
f 3457/1892/3155 3456/1891/3153 3458/1890/3154
f 3458/1890/3154 3361/1860/3058 3363/1862/3060
f 3415/1876/3112 3457/1892/3155 3458/1890/3154
f 3415/1876/3112 3458/1890/3154 3413/1874/3110
f 3413/1874/3110 3458/1890/3154 3363/1862/3060
f 3417/1878/3114 3448/1876/3145 3457/1892/3155
f 3417/1878/3114 3457/1892/3155 3415/1876/3112
f 3457/1892/3155 3448/1876/3145 3451/1890/3148
f 3417/1878/3114 3449/1877/3147 3448/1876/3145
f 3418/1879/3115 3449/1877/3147 3417/1878/3114
f 3418/1879/3115 3459/1880/3156 3449/1877/3147
f 3459/1880/3156 3445/1872/3142 3449/1877/3147
f 3420/1881/3117 3459/1880/3156 3418/1879/3115
f 3420/1881/3117 3460/1882/3157 3459/1880/3156
f 3460/1882/3157 3443/1870/3140 3459/1880/3156
f 3459/1880/3156 3443/1870/3140 3445/1872/3142
f 3422/1883/3119 3460/1882/3157 3420/1881/3117
f 3461/1884/3158 3440/1867/3137 3460/1882/3157
f 3422/1883/3119 3461/1884/3158 3460/1882/3157
f 3460/1882/3157 3440/1867/3137 3443/1870/3140
f 3424/1886/3122 3429/1885/3126 3461/1884/3158
f 3424/1886/3122 3461/1884/3158 3422/1883/3119
f 3429/1885/3126 3441/1869/3139 3461/1884/3158
f 3461/1884/3158 3441/1869/3139 3440/1867/3137
f 3431/1888/3129 3437/1865/3134 3441/1869/3139
f 3429/1885/3126 3431/1888/3129 3441/1869/3139
f 3431/1888/3129 3433/1889/3130 3437/1865/3134
f 3413/1874/3110 3363/1862/3060 3365/1848/3062
f 3211/1772/2909 3400/1864/3096 3209/1769/2906
f 3209/1769/2906 3400/1864/3096 3396/1811/3093
f 3207/1768/2905 3396/1811/3093 3397/1812/3094
f 3397/1812/3094 3390/1814/3088 3462/1761/3159
f 3207/1768/2905 3397/1812/3094 3205/1758/2902
f 3205/1758/2902 3397/1812/3094 3462/1761/3159
f 3462/1761/3159 3385/1816/3083 3386/1762/3082
f 3462/1761/3159 3390/1814/3088 3385/1816/3083
f 3205/1758/2902 3462/1761/3159 3203/1759/2901
f 3203/1759/2901 3462/1761/3159 3386/1762/3082
f 3209/1769/2906 3396/1811/3093 3207/1768/2905
f 3388/1823/3085 3373/1825/3070 3376/1824/3073
f 3203/1759/2901 3386/1762/3082 3201/1763/2898
f 3201/1763/2898 3386/1762/3082 3383/1765/3080
f 3201/1763/2898 3383/1765/3080 3199/1764/2895
f 3199/1764/2895 3383/1765/3080 3313/1830/3009
f 3380/1834/3076 3377/1836/3074 3122/1709/2818
f 3380/1834/3076 3122/1709/2818 3319/1837/3017
f 3316/1835/3014 3380/1834/3076 3319/1837/3017
f 3377/1836/3074 3121/1710/2819 3122/1709/2818
f 3377/1836/3074 3374/1838/3072 3121/1710/2819
f 3374/1838/3072 3125/1713/2823 3121/1710/2819
f 3374/1838/3072 3371/1841/3067 3125/1713/2823
f 3371/1841/3067 3368/1840/3065 3463/1839/3160
f 3371/1841/3067 3463/1839/3160 3125/1713/2823
f 3463/1839/3160 3241/1787/2938 3242/1788/2939
f 3368/1840/3065 3241/1787/2938 3463/1839/3160
f 3463/1839/3160 3242/1788/2939 3124/1712/2821
f 3125/1713/2823 3463/1839/3160 3124/1712/2821
f 3368/1840/3065 3245/1790/2941 3241/1787/2938
f 3356/1853/3053 3353/1854/3050 3464/1852/3161
f 3356/1853/3053 3464/1852/3161 3250/1796/2947
f 3247/1793/2944 3356/1853/3053 3250/1796/2947
f 3464/1852/3161 3465/1893/3162 3256/1679/2954
f 3353/1854/3050 3465/1893/3162 3464/1852/3161
f 3464/1852/3161 3256/1679/2954 3252/1682/2949
f 3250/1796/2947 3464/1852/3161 3252/1682/2949
f 3465/1893/3162 3088/1679/2785 3084/1678/2783
f 3465/1893/3162 3084/1678/2783 3256/1679/2954
f 3353/1854/3050 3351/1852/3048 3465/1893/3162
f 3465/1893/3162 3351/1852/3048 3088/1679/2785
f 3354/1856/3052 3348/1795/3046 3347/1793/3044
f 3351/1852/3048 3091/1682/2788 3088/1679/2785
f 3328/1787/3025 3326/1788/3023 3345/1786/3042
f 3345/1786/3042 3326/1788/3023 3103/1695/2801
f 3345/1786/3042 3103/1695/2801 3100/1691/2797
f 3344/1785/3043 3345/1786/3042 3100/1691/2797
f 3344/1785/3043 3100/1691/2797 3097/1689/2795
f 3303/1821/3000 3304/1822/3001 3335/1846/3032
f 3306/1825/3004 3307/1824/3003 3333/1844/3030
f 3333/1844/3030 3318/1836/3015 3323/1838/3019
f 3307/1824/3003 3315/1833/3012 3333/1844/3030
f 3333/1844/3030 3315/1833/3012 3318/1836/3015
f 3326/1788/3023 3106/1697/2803 3103/1695/2801
f 3319/1837/3017 3122/1709/2818 3118/1708/2816
f 3307/1824/3003 3309/1827/3006 3315/1833/3012
f 3198/1765/2896 3199/1764/2895 3313/1830/3009
f 3195/1761/2892 3196/1762/2893 3298/1816/2995
f 3284/1747/2981 3466/1745/3163 3287/1748/2983
f 3466/1745/3163 3150/1731/2847 3287/1748/2983
f 3287/1748/2983 3150/1731/2847 3153/1734/2850
f 3467/1744/3164 3466/1745/3163 3284/1747/2981
f 3467/1744/3164 3468/1743/3165 3466/1745/3163
f 3468/1743/3165 3151/1733/2849 3466/1745/3163
f 3466/1745/3163 3151/1733/2849 3150/1731/2847
f 3469/1746/3166 3468/1743/3165 3467/1744/3164
f 3469/1746/3166 3470/1742/3167 3468/1743/3165
f 3470/1742/3167 3471/1740/3168 3468/1743/3165
f 3468/1743/3165 3471/1740/3168 3151/1733/2849
f 3470/1742/3167 3472/1741/3169 3471/1740/3168
f 3471/1740/3168 3144/1725/2841 3151/1733/2849
f 3472/1741/3169 3141/1722/2838 3471/1740/3168
f 3471/1740/3168 3141/1722/2838 3144/1725/2841
f 3473/1783/3170 3472/1741/3169 3470/1742/3167
f 3473/1783/3170 3474/1784/3171 3472/1741/3169
f 3474/1784/3171 3138/1719/2835 3472/1741/3169
f 3472/1741/3169 3138/1719/2835 3141/1722/2838
f 3101/1692/2798 3474/1784/3171 3473/1783/3170
f 3101/1692/2798 3104/1694/2800 3474/1784/3171
f 3104/1694/2800 3136/1717/2833 3474/1784/3171
f 3474/1784/3171 3136/1717/2833 3138/1719/2835
f 3475/1782/3172 3473/1783/3170 3470/1742/3167
f 3098/1688/2794 3101/1692/2798 3473/1783/3170
f 3098/1688/2794 3473/1783/3170 3475/1782/3172
f 3095/1686/2792 3098/1688/2794 3475/1782/3172
f 3095/1686/2792 3475/1782/3172 3476/1781/3173
f 3475/1782/3172 3470/1742/3167 3469/1746/3166
f 3476/1781/3173 3475/1782/3172 3469/1746/3166
f 3477/1780/3174 3476/1781/3173 3478/1779/3175
f 3092/1683/2789 3476/1781/3173 3477/1780/3174
f 3092/1683/2789 3095/1686/2792 3476/1781/3173
f 3476/1781/3173 3469/1746/3166 3478/1779/3175
f 3280/1778/2977 3478/1779/3175 3281/1777/2978
f 3477/1780/3174 3478/1779/3175 3280/1778/2977
f 3478/1779/3175 3467/1744/3164 3281/1777/2978
f 3478/1779/3175 3469/1746/3166 3467/1744/3164
f 3479/1797/3176 3477/1780/3174 3280/1778/2977
f 3089/1680/2786 3092/1683/2789 3477/1780/3174
f 3089/1680/2786 3477/1780/3174 3479/1797/3176
f 3480/1799/3177 3479/1797/3176 3277/1798/2974
f 3086/1676/2782 3479/1797/3176 3480/1799/3177
f 3086/1676/2782 3089/1680/2786 3479/1797/3176
f 3479/1797/3176 3280/1778/2977 3277/1798/2974
f 3083/1677/2781 3086/1676/2782 3480/1799/3177
f 3480/1799/3177 3277/1798/2974 3274/1801/2971
f 3261/1800/2958 3480/1799/3177 3274/1801/2971
f 3083/1677/2781 3480/1799/3177 3261/1800/2958
f 3281/1777/2978 3467/1744/3164 3284/1747/2981
f 3261/1800/2958 3274/1801/2971 3263/1802/2960
f 3218/1778/2915 3259/1798/2956 3216/1776/2913
f 3256/1679/2954 3084/1678/2783 3085/1674/2778
f 3242/1788/2939 3235/1695/2933 3127/1697/2824
f 3124/1712/2821 3242/1788/2939 3127/1697/2824
f 3236/1690/2932 3225/1688/2922 3227/1692/2924
f 3127/1697/2824 3235/1695/2933 3129/1696/2826
f 3154/1735/2851 3156/1738/2854 3190/1752/2886
f 3168/1723/2865 3161/1726/2859 3145/1727/2843
f 3142/1724/2840 3168/1723/2865 3145/1727/2843
f 3145/1727/2843 3161/1726/2859 3147/1729/2845
f 3104/1694/2800 3107/1699/2805 3136/1717/2833
f 3481/1894/3178 3482/1895/3179 3488/1894/3180
f 3481/1894/3178 3483/1896/3181 3482/1895/3179
f 3483/1896/3181 3481/1894/3178 3484/1897/3182
f 3484/1897/3182 3481/1894/3178 3485/1898/3183
f 3485/1898/3183 3481/1894/3178 3486/1899/3184
f 3486/1899/3184 3481/1894/3178 3487/1900/3185
f 3487/1900/3185 3481/1894/3178 3489/1900/3186
f 3489/1900/3186 3481/1894/3178 3488/1894/3180
f 3488/1894/3180 3491/1899/3187 3489/1900/3186
f 3489/1900/3186 3494/1901/3188 3490/1902/3189
f 3490/1902/3189 3487/1900/3185 3489/1900/3186
f 3491/1899/3187 3492/1903/3190 3489/1900/3186
f 3489/1900/3186 3492/1903/3190 3493/1904/3191
f 3493/1904/3191 3494/1901/3188 3489/1900/3186
f 3493/1904/3191 3498/1901/3192 3494/1901/3188
f 3494/1901/3188 3495/1905/3193 3496/1905/3194
f 3498/1901/3192 3495/1905/3193 3494/1901/3188
f 3494/1901/3188 3497/1906/3195 3490/1902/3189
f 3496/1905/3194 3497/1906/3195 3494/1901/3188
f 3498/1901/3192 3499/1906/3196 3495/1905/3193
f 3501/1902/3197 3499/1906/3196 3498/1901/3192
f 3500/1904/3198 3498/1901/3192 3493/1904/3191
f 3500/1904/3198 3487/1900/3185 3498/1901/3192
f 3498/1901/3192 3487/1900/3185 3501/1902/3197
f 3499/1906/3196 3501/1902/3197 3497/1906/3195
f 3501/1902/3197 3487/1900/3185 3490/1902/3189
f 3497/1906/3195 3501/1902/3197 3490/1902/3189
f 3502/1903/3199 3500/1904/3198 3492/1903/3190
f 3502/1903/3199 3487/1900/3185 3500/1904/3198
f 3492/1903/3190 3500/1904/3198 3493/1904/3191
f 3486/1899/3184 3487/1900/3185 3502/1903/3199
f 3502/1903/3199 3503/1907/3200 3486/1899/3184
f 3503/1907/3200 3502/1903/3199 3504/1907/3201
f 3504/1907/3201 3502/1903/3199 3492/1903/3190
f 3491/1899/3187 3504/1907/3201 3492/1903/3190
f 3506/1908/3202 3504/1907/3201 3491/1899/3187
f 3505/1909/3203 3504/1907/3201 3507/1910/3204
f 3505/1909/3203 3503/1907/3200 3504/1907/3201
f 3507/1910/3204 3504/1907/3201 3506/1908/3202
f 3507/1910/3204 3506/1908/3202 3508/1896/3205
f 3508/1896/3205 3512/1910/3206 3507/1910/3204
f 3509/1911/3207 3510/1912/3208 3507/1910/3204
f 3507/1910/3204 3511/1911/3209 3509/1911/3207
f 3507/1910/3204 3510/1912/3208 3505/1909/3203
f 3512/1910/3206 3511/1911/3209 3507/1910/3204
f 3483/1896/3181 3512/1910/3206 3508/1896/3205
f 3483/1896/3181 3513/1908/3210 3512/1910/3206
f 3513/1908/3210 3503/1907/3200 3512/1910/3206
f 3512/1910/3206 3503/1907/3200 3514/1909/3211
f 3514/1909/3211 3515/1912/3212 3512/1910/3206
f 3512/1910/3206 3515/1912/3212 3511/1911/3209
f 3516/1913/3213 3515/1912/3212 3517/1914/3214
f 3511/1911/3209 3515/1912/3212 3516/1913/3213
f 3517/1914/3214 3515/1912/3212 3518/1914/3215
f 3518/1914/3215 3515/1912/3212 3510/1912/3208
f 3515/1912/3212 3514/1909/3211 3510/1912/3208
f 3519/1915/3216 3517/1914/3214 3518/1914/3215
f 3520/1913/3217 3519/1915/3216 3518/1914/3215
f 3510/1912/3208 3520/1913/3217 3518/1914/3215
f 3509/1911/3207 3516/1913/3213 3520/1913/3217
f 3516/1913/3213 3522/1916/3218 3520/1913/3217
f 3521/1916/3219 3523/1917/3220 3520/1913/3217
f 3520/1913/3217 3522/1916/3218 3521/1916/3219
f 3509/1911/3207 3520/1913/3217 3510/1912/3208
f 3523/1917/3220 3519/1915/3216 3520/1913/3217
f 3523/1917/3220 3524/1918/3221 3526/1918/3222
f 3525/1917/3223 3524/1918/3221 3523/1917/3220
f 3527/1919/3224 3523/1917/3220 3521/1916/3219
f 3527/1919/3224 3525/1917/3223 3523/1917/3220
f 3526/1918/3222 3519/1915/3216 3523/1917/3220
f 3528/1919/3225 3525/1917/3223 3527/1919/3224
f 3529/1920/3226 3528/1919/3225 3527/1919/3224
f 3521/1916/3219 3529/1920/3226 3527/1919/3224
f 3530/1920/3227 3528/1919/3225 3529/1920/3226
f 3531/1895/3228 3529/1920/3226 3521/1916/3219
f 3526/1918/3222 3530/1920/3227 3529/1920/3226
f 3531/1895/3228 3497/1906/3195 3529/1920/3226
f 3529/1920/3226 3497/1906/3195 3526/1918/3222
f 3488/1894/3180 3531/1895/3228 3508/1896/3205
f 3488/1894/3180 3482/1895/3179 3531/1895/3228
f 3531/1895/3228 3499/1906/3196 3497/1906/3195
f 3482/1895/3179 3499/1906/3196 3531/1895/3228
f 3508/1896/3205 3531/1895/3228 3521/1916/3219
f 3530/1920/3227 3522/1916/3218 3528/1919/3225
f 3499/1906/3196 3530/1920/3227 3524/1918/3221
f 3482/1895/3179 3530/1920/3227 3499/1906/3196
f 3524/1918/3221 3530/1920/3227 3526/1918/3222
f 3482/1895/3179 3522/1916/3218 3530/1920/3227
f 3528/1919/3225 3522/1916/3218 3525/1917/3223
f 3497/1906/3195 3532/1921/3229 3526/1918/3222
f 3532/1921/3229 3519/1915/3216 3526/1918/3222
f 3533/1921/3230 3534/1915/3231 3532/1921/3229
f 3496/1905/3194 3533/1921/3230 3532/1921/3229
f 3532/1921/3229 3534/1915/3231 3519/1915/3216
f 3496/1905/3194 3532/1921/3229 3497/1906/3195
f 3533/1921/3230 3524/1918/3221 3534/1915/3231
f 3534/1915/3231 3524/1918/3221 3525/1917/3223
f 3534/1915/3231 3516/1913/3213 3517/1914/3214
f 3525/1917/3223 3516/1913/3213 3534/1915/3231
f 3534/1915/3231 3517/1914/3214 3519/1915/3216
f 3524/1918/3221 3533/1921/3230 3499/1906/3196
f 3495/1905/3193 3533/1921/3230 3496/1905/3194
f 3499/1906/3196 3533/1921/3230 3495/1905/3193
f 3525/1917/3223 3522/1916/3218 3516/1913/3213
f 3522/1916/3218 3483/1896/3181 3521/1916/3219
f 3482/1895/3179 3483/1896/3181 3522/1916/3218
f 3521/1916/3219 3483/1896/3181 3508/1896/3205
f 3511/1911/3209 3516/1913/3213 3509/1911/3207
f 3514/1909/3211 3503/1907/3200 3505/1909/3203
f 3510/1912/3208 3514/1909/3211 3505/1909/3203
f 3513/1908/3210 3484/1897/3182 3506/1908/3202
f 3484/1897/3182 3513/1908/3210 3483/1896/3181
f 3486/1899/3184 3513/1908/3210 3491/1899/3187
f 3486/1899/3184 3503/1907/3200 3513/1908/3210
f 3491/1899/3187 3513/1908/3210 3506/1908/3202
f 3508/1896/3205 3535/1897/3232 3488/1894/3180
f 3508/1896/3205 3506/1908/3202 3535/1897/3232
f 3535/1897/3232 3485/1898/3183 3536/1898/3233
f 3484/1897/3182 3485/1898/3183 3535/1897/3232
f 3488/1894/3180 3535/1897/3232 3536/1898/3233
f 3506/1908/3202 3484/1897/3182 3535/1897/3232
f 3485/1898/3183 3486/1899/3184 3536/1898/3233
f 3536/1898/3233 3491/1899/3187 3488/1894/3180
f 3536/1898/3233 3486/1899/3184 3491/1899/3187
