# Blender 5.1.0
# www.blender.org
mtllib phos.mtl
o blade
v -30.360226 16.388723 -0.000001
v -20.612995 21.364351 -0.000002
v -21.063232 21.763479 0.809249
v -29.366682 17.524843 0.386641
v -16.841772 31.637756 -0.000002
v -17.850580 30.515177 0.386640
v -26.692026 26.753481 -0.000002
v -26.241810 26.354368 0.809249
v -21.423752 22.083084 0.410429
v -28.571068 18.434639 0.196104
v -18.658426 29.616241 0.196103
v -25.881283 26.034744 0.410429
v -23.649817 24.056507 1.971238
v -21.063232 21.763479 -0.809253
v -29.366682 17.524843 -0.386644
v -17.850580 30.515177 -0.386645
v -26.241810 26.354368 -0.809253
v -21.423752 22.083084 -0.410435
v -28.571068 18.434639 -0.196108
v -18.658426 29.616241 -0.196109
v -25.881283 26.034744 -0.410435
v -23.649817 24.056507 -1.971244
v -37.511936 19.154625 -0.000001
v -33.518864 29.343845 -0.000002
v -34.120514 29.343845 0.809249
v -37.522125 20.663855 0.386640
v -37.511936 39.533081 -0.000003
v -37.522125 38.023849 0.386639
v -41.642712 29.343845 -0.000002
v -41.041061 29.343845 0.809249
v -34.602314 29.343845 0.410429
v -37.530323 21.872435 0.196103
v -37.530323 36.815266 0.196102
v -40.559261 29.343845 0.410429
v -37.577160 29.343845 1.971238
v -34.120514 29.343845 -0.809253
v -37.522125 20.663855 -0.386645
v -37.522125 38.023849 -0.386646
v -41.041061 29.343845 -0.809253
v -34.602314 29.343845 -0.410435
v -37.530323 21.872435 -0.196109
v -37.530323 36.815266 -0.196110
v -40.559261 29.343845 -0.410435
v -37.577160 29.343845 -1.971244
v -44.215485 16.878569 -0.000001
v -47.385529 27.353098 -0.000002
v -47.858097 26.980705 0.809249
v -45.157597 18.057667 0.386641
v -56.828293 32.884762 -0.000002
v -55.902191 31.693026 0.386640
v -53.766392 22.325018 -0.000002
v -53.293819 22.697395 0.809249
v -48.236519 26.682518 0.410429
v -45.912060 19.001877 0.196104
v -55.160603 30.738688 0.196103
v -52.915394 22.995596 0.410429
v -50.573128 24.841291 1.971238
v -47.858097 26.980705 -0.809253
v -45.157597 18.057667 -0.386644
v -55.902191 31.693026 -0.386645
v -53.293819 22.697395 -0.809253
v -48.236519 26.682518 -0.410435
v -45.912060 19.001877 -0.196108
v -55.160603 30.738688 -0.196109
v -52.915394 22.995596 -0.410435
v -50.573128 24.841291 -1.971244
v -30.360226 -7.997789 0.000001
v -20.612995 -12.973412 0.000001
v -21.063232 -13.372542 0.809252
v -29.366682 -9.133906 0.386643
v -16.841772 -23.246817 0.000002
v -17.850580 -22.124237 0.386644
v -26.692026 -18.362543 0.000001
v -26.241810 -17.963428 0.809252
v -21.423752 -13.692147 0.410432
v -28.571068 -10.043703 0.196106
v -18.658426 -21.225300 0.196107
v -25.881283 -17.643806 0.410432
v -23.649817 -15.665572 1.971241
v -21.063232 -13.372542 -0.809250
v -29.366682 -9.133906 -0.386642
v -17.850580 -22.124237 -0.386641
v -26.241810 -17.963428 -0.809250
v -21.423752 -13.692147 -0.410432
v -28.571068 -10.043703 -0.196106
v -18.658426 -21.225300 -0.196105
v -25.881283 -17.643806 -0.410432
v -23.649817 -15.665572 -1.971241
v -37.511936 -10.763687 0.000001
v -33.518864 -20.952908 0.000002
v -34.120514 -20.952908 0.809253
v -37.522125 -12.272918 0.386643
v -37.511936 -31.142143 0.000002
v -37.522125 -29.632912 0.386644
v -41.642712 -20.952908 0.000002
v -41.041061 -20.952908 0.809253
v -34.602314 -20.952908 0.410433
v -37.530323 -13.481497 0.196106
v -37.530323 -28.424328 0.196107
v -40.559261 -20.952908 0.410433
v -37.577160 -20.952908 1.971242
v -34.120514 -20.952908 -0.809249
v -37.522125 -12.272918 -0.386642
v -37.522125 -29.632912 -0.386641
v -41.041061 -20.952908 -0.809249
v -34.602314 -20.952908 -0.410431
v -37.530323 -13.481497 -0.196106
v -37.530323 -28.424328 -0.196105
v -40.559261 -20.952908 -0.410431
v -37.577160 -20.952908 -1.971240
v -44.215485 -8.487632 0.000001
v -47.385529 -18.962158 0.000001
v -47.858097 -18.589764 0.809252
v -45.157597 -9.666728 0.386643
v -56.828293 -24.493826 0.000002
v -55.902191 -23.302086 0.386644
v -53.766392 -13.934081 0.000001
v -53.293819 -14.306458 0.809252
v -48.236519 -18.291580 0.410432
v -45.912060 -10.610940 0.196106
v -55.160603 -22.347750 0.196107
v -52.915394 -14.604659 0.410432
v -50.573128 -16.450352 1.971241
v -47.858097 -18.589764 -0.809250
v -45.157597 -9.666728 -0.386642
v -55.902191 -23.302086 -0.386641
v -53.293819 -14.306458 -0.809250
v -48.236519 -18.291580 -0.410432
v -45.912060 -10.610940 -0.196106
v -55.160603 -22.347750 -0.196105
v -52.915394 -14.604659 -0.410432
v -50.573128 -16.450352 -1.971241
v -307.272766 5.763633 -0.000000
v -307.272766 4.684897 0.625522
v -286.088593 5.056824 0.801114
v -286.088562 6.312395 -0.000000
v -325.183838 2.508336 -0.000000
v -322.147858 2.508336 0.515784
v -307.272919 2.509036 0.625522
v -286.088562 2.508336 0.801114
v -307.272766 -0.737098 0.000000
v -307.272766 0.468917 0.625522
v -286.088593 -0.737098 0.801114
v -286.088593 -0.737098 0.468287
v -286.088593 -0.737098 0.000000
v -46.081497 7.097110 -0.000001
v -47.030975 9.074231 -0.000001
v -47.030594 5.792333 0.987366
v -46.081512 5.300306 0.543551
v -47.030369 2.508336 0.987366
v -46.081497 2.704594 0.543675
v -47.030392 -0.737098 0.987366
v -46.081512 0.182492 0.543675
v -47.030186 -0.737098 0.577177
v -46.081512 -0.042683 0.361297
v -47.030186 -0.737098 0.000000
v -46.081512 -0.042683 0.000000
v -46.081512 5.356991 -0.000000
v -46.081497 2.704594 -0.000000
v -46.081512 0.182609 -0.000000
v -307.272766 4.684897 -0.625524
v -286.088593 5.056824 -0.801115
v -322.147858 2.508336 -0.515787
v -307.272919 2.509036 -0.625524
v -286.088562 2.508336 -0.801115
v -307.272766 0.468917 -0.625524
v -286.088593 -0.737098 -0.801115
v -286.088593 -0.737098 -0.468290
v -47.030594 5.792333 -0.987368
v -46.081512 5.300306 -0.543552
v -47.030369 2.508336 -0.987368
v -46.081497 2.704594 -0.543676
v -47.030392 -0.737098 -0.987368
v -46.081512 0.182492 -0.543676
v -47.030186 -0.737098 -0.577180
v -46.081512 -0.042683 -0.361298
v -41.462090 8.822537 4.864056
v -43.081581 4.195468 6.566489
v -36.835041 4.195468 8.755307
v -36.835041 10.442007 6.566488
v -41.462090 -0.431584 4.864056
v -36.835041 -2.051069 6.566489
v -32.207970 -0.431584 4.864056
v -30.588505 4.195468 6.566489
v -32.207970 8.822537 4.864056
v -28.506325 4.195468 -0.000000
v -30.588505 10.442006 -0.000001
v -30.588505 -2.051070 0.000000
v -45.163761 4.195468 -0.000000
v -43.081581 -2.051070 0.000000
v -43.081581 10.442006 -0.000001
v -36.835041 -4.133249 0.000000
v -36.835041 12.524186 -0.000001
v -41.462090 8.822537 -4.864058
v -43.081581 4.195467 -6.566493
v -36.835041 4.195467 -8.755309
v -36.835041 10.442005 -6.566493
v -41.462090 -0.431584 -4.864057
v -36.835041 -2.051070 -6.566492
v -32.207970 -0.431584 -4.864057
v -30.588505 4.195467 -6.566493
v -32.207970 8.822537 -4.864058
v 52.773170 6.475888 3.218209
v 55.740204 6.786499 0.917735
v 48.501553 10.478169 1.391517
v 48.074783 8.918966 2.621299
v 43.399014 8.321748 2.621299
v 43.399014 9.849451 1.391517
v 30.086723 7.948221 1.391517
v 30.207565 6.476004 2.621300
v 12.863463 7.804018 1.391517
v 12.828131 6.330802 2.621300
v -10.998693 8.960344 0.701189
v -10.998693 7.476833 2.621300
v -28.082422 4.195468 0.860868
v -22.454531 4.195468 3.218209
v 30.086756 4.195468 3.218209
v 43.399044 5.867342 3.218209
v 12.863486 4.195468 3.218209
v -10.998693 4.195468 3.218209
v 43.399059 4.195468 3.218209
v 49.973892 4.195468 3.218209
v 52.028923 4.195468 0.917736
v -10.998693 8.960344 -0.000001
v -28.082422 4.195468 -0.000000
v 12.863463 7.804018 -0.000001
v 30.086723 7.948221 -0.000001
v 43.399014 9.849451 -0.000001
v 48.501553 10.478169 -0.000001
v 55.740204 6.786499 -0.000001
v 52.028923 4.195468 -0.000000
v 52.773170 1.915065 3.218209
v 48.074783 -0.528014 2.621300
v 48.501553 -2.087233 1.391518
v 55.740204 1.604454 0.917736
v 43.399014 0.069205 2.621300
v 30.207565 1.914949 2.621300
v 30.086723 0.442715 1.391518
v 43.399014 -1.458498 1.391518
v 12.828131 2.060135 2.621300
v 12.863463 0.586935 1.391518
v -10.998693 0.914103 2.621300
v -10.998693 -0.569391 0.701190
v 43.399044 2.523611 3.218209
v -10.998693 -0.569391 0.000000
v 12.863463 0.586935 -0.000000
v 30.086723 0.442715 -0.000000
v 43.399014 -1.458498 0.000000
v 48.501553 -2.087233 0.000000
v 55.740204 1.604454 -0.000000
v 52.773170 6.475887 -3.218211
v 55.740204 6.786499 -0.917738
v 48.501553 10.478169 -1.391521
v 48.074783 8.918966 -2.621302
v 43.399014 8.321748 -2.621302
v 43.399014 9.849451 -1.391521
v 30.086723 7.948221 -1.391521
v 30.207565 6.476004 -2.621301
v 12.863463 7.804018 -1.391521
v 12.828131 6.330802 -2.621301
v -10.998693 8.960344 -0.701193
v -10.998693 7.476833 -2.621301
v -28.082422 4.195468 -0.860871
v -22.454531 4.195467 -3.218211
v 30.086756 4.195467 -3.218211
v 43.399044 5.867342 -3.218211
v 12.863486 4.195467 -3.218211
v -10.998693 4.195467 -3.218211
v 43.399059 4.195467 -3.218211
v 49.973892 4.195467 -3.218211
v 52.028923 4.195468 -0.917737
v 52.773170 1.915065 -3.218211
v 48.074783 -0.528014 -2.621301
v 48.501553 -2.087233 -1.391520
v 55.740204 1.604454 -0.917737
v 43.399014 0.069205 -2.621301
v 30.207565 1.914949 -2.621301
v 30.086723 0.442715 -1.391520
v 43.399014 -1.458498 -1.391520
v 12.828131 2.060135 -2.621301
v 12.863463 0.586935 -1.391520
v -10.998693 0.914103 -2.621301
v -10.998693 -0.569391 -0.701192
v 43.399044 2.523611 -3.218211
v 75.193420 4.195468 -0.000000
v 64.177361 8.628761 -0.000001
v 64.113228 8.175745 1.282124
v 74.003578 4.195468 0.498599
v 64.177361 -0.237825 0.000000
v 64.113228 0.215191 1.282125
v 54.952477 6.747970 -0.000001
v 55.830994 6.487148 1.282125
v 54.952477 1.642966 -0.000000
v 55.830994 1.903805 1.282125
v 51.907318 4.195468 -0.000000
v 53.097160 4.195468 1.196660
v 64.065582 7.838732 1.282124
v 73.118568 4.195468 0.498599
v 64.065582 0.552221 1.282125
v 56.484627 6.293106 1.282125
v 56.484627 2.097847 1.282125
v 53.982349 4.195468 1.196660
v 64.015610 7.485395 0.475132
v 72.190582 4.195468 0.184777
v 64.015610 0.905558 0.475133
v 57.169907 6.089669 0.475133
v 57.169907 2.301285 0.475133
v 54.910156 4.195468 0.475133
v 63.390297 4.195468 2.649470
v 64.113228 8.175745 -1.282128
v 74.003578 4.195468 -0.498600
v 64.113228 0.215191 -1.282127
v 55.830994 6.487148 -1.282127
v 55.830994 1.903805 -1.282127
v 53.097160 4.195468 -1.196663
v 64.065582 7.838732 -1.282128
v 73.118568 4.195468 -0.498600
v 64.065582 0.552221 -1.282127
v 56.484627 6.293106 -1.282127
v 56.484627 2.097847 -1.282127
v 53.982349 4.195468 -1.196663
v 64.015610 7.485395 -0.475136
v 72.190582 4.195468 -0.184778
v 64.015610 0.905558 -0.475135
v 57.169907 6.089669 -0.475135
v 57.169907 2.301285 -0.475135
v 54.910156 4.195468 -0.475135
v 63.390297 4.195468 -2.649471
vn 0.2583 -0.5059 0.8230
vn 0.3157 -0.6501 0.6911
vn 0.6832 -0.2355 0.6912
vn 0.6833 -0.2355 0.6911
vn -0.3089 0.6552 0.6894
vn -0.3089 0.6552 0.6895
vn -0.6875 0.2281 0.6894
vn -0.2863 0.4946 0.8206
vn -0.2864 0.4947 0.8205
vn -0.2863 0.4947 0.8206
vn -0.5254 0.2250 0.8206
vn -0.5255 0.2250 0.8205
vn 0.2811 -0.4995 0.8195
vn 0.2811 -0.4995 0.8194
vn 0.5296 -0.2192 0.8195
vn 0.5296 -0.2192 0.8194
vn 0.2056 -0.4538 0.8671
vn 0.4752 -0.1498 0.8671
vn -0.2009 0.4570 0.8665
vn -0.4778 0.1447 0.8665
vn 0.3157 -0.6501 -0.6912
vn 0.3157 -0.6501 -0.6911
vn 0.6833 -0.2355 -0.6911
vn 0.6833 -0.2355 -0.6912
vn 0.6832 -0.2355 -0.6912
vn -0.3089 0.6552 -0.6894
vn -0.3089 0.6552 -0.6895
vn -0.6875 0.2281 -0.6894
vn -0.2863 0.4947 -0.8205
vn -0.2863 0.4947 -0.8206
vn -0.2864 0.4947 -0.8205
vn -0.5255 0.2250 -0.8205
vn -0.5254 0.2250 -0.8206
vn 0.2811 -0.4995 -0.8195
vn 0.2811 -0.4995 -0.8194
vn 0.5296 -0.2192 -0.8194
vn 0.5296 -0.2192 -0.8195
vn 0.2056 -0.4538 -0.8671
vn 0.4752 -0.1498 -0.8671
vn -0.2009 0.4570 -0.8665
vn -0.4778 0.1447 -0.8665
vn 0.6675 -0.2770 0.6912
vn 0.6675 -0.2771 0.6911
vn 0.6675 -0.2771 0.6912
vn 0.6675 0.2770 0.6912
vn 0.6675 0.2771 0.6912
vn 0.6675 0.2771 0.6911
vn -0.6658 0.2853 0.6894
vn -0.6658 0.2854 0.6894
vn -0.6658 0.2853 0.6895
vn -0.6658 -0.2853 0.6894
vn -0.6658 -0.2854 0.6894
vn -0.5424 0.1802 0.8206
vn -0.5424 0.1802 0.8205
vn -0.5424 -0.1802 0.8206
vn -0.5424 -0.1802 0.8205
vn 0.5417 -0.1873 0.8194
vn 0.5417 -0.1873 0.8195
vn 0.5417 0.1873 0.8194
vn 0.5417 0.1873 0.8195
vn 0.4549 -0.2032 0.8671
vn 0.4549 0.2032 0.8671
vn -0.4535 0.2087 0.8665
vn -0.4535 -0.2087 0.8665
vn 0.6675 -0.2770 -0.6912
vn 0.6675 -0.2771 -0.6912
vn 0.6675 -0.2771 -0.6911
vn 0.6675 0.2771 -0.6911
vn 0.6675 0.2771 -0.6912
vn 0.6675 0.2770 -0.6912
vn -0.6658 0.2854 -0.6894
vn -0.6658 0.2853 -0.6895
vn -0.6658 -0.2854 -0.6894
vn -0.6658 -0.2853 -0.6894
vn -0.5424 0.1802 -0.8206
vn -0.5424 0.1802 -0.8205
vn -0.5424 -0.1802 -0.8205
vn -0.5424 -0.1802 -0.8206
vn 0.5417 -0.1873 -0.8194
vn 0.5417 -0.1873 -0.8195
vn 0.5417 0.1873 -0.8194
vn 0.5417 0.1873 -0.8195
vn 0.4549 -0.2032 -0.8671
vn 0.4549 0.2032 -0.8671
vn -0.4535 0.2087 -0.8665
vn -0.4535 -0.2087 -0.8665
vn 0.6957 0.1955 0.6912
vn 0.6958 0.1955 0.6911
vn 0.3528 0.6307 0.6912
vn 0.3528 0.6308 0.6911
vn -0.6995 -0.1880 0.6894
vn -0.6996 -0.1879 0.6894
vn -0.6995 -0.1879 0.6895
vn -0.3463 -0.6362 0.6894
vn -0.3463 -0.6363 0.6894
vn -0.5376 -0.1942 0.8206
vn -0.5376 -0.1942 0.8205
vn -0.3145 -0.4773 0.8205
vn -0.3145 -0.4773 0.8206
vn 0.5414 0.1882 0.8194
vn 0.3096 0.4824 0.8194
vn 0.3096 0.4824 0.8195
vn 0.4830 0.1220 0.8671
vn 0.2316 0.4411 0.8671
vn -0.4854 -0.1168 0.8665
vn -0.2270 -0.4446 0.8665
vn 0.6957 0.1955 -0.6912
vn 0.6958 0.1955 -0.6911
vn 0.3528 0.6308 -0.6911
vn 0.3528 0.6307 -0.6912
vn -0.6995 -0.1879 -0.6894
vn -0.6995 -0.1879 -0.6895
vn -0.6996 -0.1879 -0.6894
vn -0.6996 -0.1880 -0.6894
vn -0.3463 -0.6362 -0.6894
vn -0.5376 -0.1942 -0.8206
vn -0.5376 -0.1942 -0.8205
vn -0.3145 -0.4773 -0.8205
vn -0.3145 -0.4773 -0.8206
vn 0.5414 0.1882 -0.8195
vn 0.5414 0.1882 -0.8194
vn 0.3096 0.4824 -0.8194
vn 0.3095 0.4824 -0.8195
vn 0.4830 0.1220 -0.8671
vn 0.2316 0.4411 -0.8671
vn -0.4854 -0.1168 -0.8665
vn -0.2270 -0.4446 -0.8665
vn 0.3157 0.6501 0.6912
vn 0.3157 0.6501 0.6911
vn 0.6833 0.2355 0.6911
vn 0.6833 0.2355 0.6912
vn 0.6832 0.2355 0.6912
vn -0.3089 -0.6552 0.6894
vn -0.3089 -0.6552 0.6895
vn -0.6875 -0.2281 0.6894
vn -0.6875 -0.2281 0.6895
vn -0.2863 -0.4946 0.8206
vn -0.2863 -0.4947 0.8206
vn -0.2864 -0.4947 0.8205
vn -0.5255 -0.2250 0.8205
vn -0.5254 -0.2250 0.8206
vn 0.2811 0.4995 0.8195
vn 0.2811 0.4995 0.8194
vn 0.5296 0.2192 0.8194
vn 0.5296 0.2192 0.8195
vn 0.2056 0.4538 0.8671
vn 0.4752 0.1498 0.8671
vn -0.2009 -0.4570 0.8665
vn -0.4778 -0.1447 0.8665
vn 0.3157 0.6501 -0.6912
vn 0.3157 0.6501 -0.6911
vn 0.6832 0.2355 -0.6912
vn 0.6833 0.2355 -0.6911
vn -0.3089 -0.6552 -0.6894
vn -0.3089 -0.6552 -0.6895
vn -0.6875 -0.2281 -0.6894
vn -0.2863 -0.4947 -0.8205
vn -0.2864 -0.4947 -0.8205
vn -0.2863 -0.4947 -0.8206
vn -0.5254 -0.2250 -0.8206
vn -0.5255 -0.2250 -0.8205
vn 0.2811 0.4995 -0.8195
vn 0.2811 0.4995 -0.8194
vn 0.5296 0.2192 -0.8195
vn 0.5296 0.2192 -0.8194
vn 0.2056 0.4538 -0.8671
vn 0.4752 0.1498 -0.8671
vn -0.2009 -0.4570 -0.8665
vn -0.4778 -0.1447 -0.8665
vn -0.6658 -0.2853 0.6895
vn -0.5425 0.1802 0.8205
vn -0.6658 -0.2853 -0.6895
vn -0.6658 0.2853 -0.6894
vn 0.6957 -0.1955 0.6912
vn 0.6958 -0.1955 0.6911
vn 0.3528 -0.6308 0.6911
vn 0.3528 -0.6307 0.6912
vn 0.3528 -0.6308 0.6912
vn -0.6995 0.1879 0.6894
vn -0.6995 0.1879 0.6895
vn -0.6996 0.1879 0.6894
vn -0.6996 0.1880 0.6894
vn -0.3463 0.6362 0.6894
vn -0.5376 0.1942 0.8206
vn -0.5376 0.1942 0.8205
vn -0.3145 0.4773 0.8205
vn -0.3145 0.4773 0.8206
vn -0.3145 0.4772 0.8206
vn 0.5414 -0.1882 0.8194
vn 0.3096 -0.4824 0.8194
vn 0.3095 -0.4824 0.8194
vn 0.4830 -0.1220 0.8671
vn 0.2316 -0.4411 0.8671
vn -0.4854 0.1168 0.8665
vn -0.2270 0.4446 0.8665
vn 0.6957 -0.1955 -0.6912
vn 0.6958 -0.1955 -0.6911
vn 0.3528 -0.6307 -0.6912
vn 0.3528 -0.6308 -0.6911
vn -0.6995 0.1880 -0.6894
vn -0.6996 0.1879 -0.6894
vn -0.6995 0.1879 -0.6895
vn -0.3463 0.6362 -0.6894
vn -0.5376 0.1942 -0.8206
vn -0.5376 0.1942 -0.8205
vn -0.3145 0.4773 -0.8205
vn -0.3145 0.4773 -0.8206
vn 0.5414 -0.1882 -0.8194
vn 0.3096 -0.4824 -0.8195
vn 0.3096 -0.4824 -0.8194
vn 0.4830 -0.1220 -0.8671
vn 0.2316 -0.4411 -0.8671
vn -0.4854 0.1168 -0.8665
vn -0.2270 0.4446 -0.8665
vn -0.0160 0.5016 0.8650
vn -0.0140 0.5369 0.8435
vn -0.0159 0.5035 0.8639
vn -0.0139 0.5378 0.8429
vn -0.0986 0.5789 0.8094
vn -0.0986 0.5788 0.8095
vn -0.0082 -0.0000 1.0000
vn -0.0074 -0.0000 1.0000
vn -0.0078 -0.0000 1.0000
vn -0.0008 -0.0000 1.0000
vn -0.0083 -0.0000 1.0000
vn -0.0918 -0.5526 0.8283
vn -0.0919 -0.5527 0.8283
vn -0.0918 -0.5526 0.8284
vn -0.0296 -0.6218 0.7826
vn -0.0000 -1.0000 -0.0000
vn 0.5140 0.2476 0.8213
vn 0.5142 0.2474 0.8212
vn 0.4236 -0.0000 0.9058
vn 0.4236 -0.0000 0.9059
vn 0.6765 -0.6883 0.2618
vn 0.6765 -0.6884 0.2618
vn 0.6765 -0.6884 0.2617
vn 0.5907 -0.8069 -0.0000
vn -0.0030 0.3667 0.9303
vn -0.0030 0.3668 0.9303
vn 1.0000 -0.0000 -0.0000
vn -0.0139 0.5378 -0.8429
vn -0.0140 0.5365 -0.8438
vn -0.0159 0.5032 -0.8640
vn -0.0160 0.5016 -0.8650
vn -0.0986 0.5788 -0.8095
vn -0.0986 0.5789 -0.8094
vn -0.0082 -0.0000 -1.0000
vn -0.0078 -0.0000 -1.0000
vn -0.0074 -0.0000 -1.0000
vn -0.0083 -0.0000 -1.0000
vn -0.0008 -0.0000 -1.0000
vn -0.0919 -0.5527 -0.8283
vn -0.0918 -0.5526 -0.8283
vn -0.0919 -0.5526 -0.8283
vn -0.0296 -0.6218 -0.7826
vn 0.5140 0.2476 -0.8213
vn 0.5139 0.2477 -0.8213
vn 0.5142 0.2474 -0.8212
vn 0.4236 -0.0000 -0.9059
vn 0.4236 -0.0000 -0.9058
vn 0.6765 -0.6884 -0.2618
vn 0.6765 -0.6883 -0.2618
vn 0.6765 -0.6884 -0.2617
vn -0.0030 0.3667 -0.9303
vn -0.0030 0.3668 -0.9303
vn -0.7338 -0.0000 0.6794
vn -0.0000 -0.0000 1.0000
vn -0.5849 0.5849 0.5620
vn -0.0000 0.7338 0.6794
vn -0.5849 -0.5849 0.5620
vn -0.0000 -0.7338 0.6794
vn 0.5849 -0.5849 0.5620
vn 0.7338 -0.0000 0.6794
vn 0.5849 0.5849 0.5620
vn 0.9346 -0.0000 0.3556
vn 0.6600 0.6600 0.3588
vn 0.6600 -0.6600 0.3588
vn -0.6600 -0.6600 0.3588
vn -0.9346 -0.0000 0.3556
vn -0.6600 0.6600 0.3588
vn -0.0000 -0.9346 0.3556
vn -0.0000 0.9346 0.3557
vn -0.0000 0.7338 -0.6794
vn -0.0000 -0.0000 -1.0000
vn -0.5849 0.5849 -0.5620
vn -0.7338 -0.0000 -0.6794
vn -0.5849 -0.5849 -0.5620
vn -0.0000 -0.7338 -0.6794
vn 0.7338 -0.0000 -0.6794
vn 0.5849 -0.5849 -0.5620
vn 0.5849 0.5849 -0.5620
vn 0.6600 0.6600 -0.3588
vn 0.9346 -0.0000 -0.3556
vn 0.6600 -0.6600 -0.3588
vn -0.9346 -0.0000 -0.3556
vn -0.6600 -0.6600 -0.3588
vn -0.6600 0.6600 -0.3588
vn -0.0000 -0.9346 -0.3556
vn -0.0000 0.9346 -0.3556
vn 0.3334 0.6621 0.6712
vn 0.3333 0.6621 0.6712
vn -0.0810 0.6301 0.7723
vn -0.0890 0.6294 0.7720
vn -0.0859 0.6305 0.7714
vn -0.0054 0.6408 0.7677
vn -0.0054 0.6409 0.7676
vn 0.0253 0.7287 0.6843
vn 0.0253 0.7288 0.6843
vn -0.2116 0.8031 0.5570
vn -0.2117 0.8031 0.5570
vn -0.0325 0.2452 0.9689
vn -0.0325 0.2451 0.9689
vn -0.0325 0.2451 0.9690
vn -0.0011 0.2610 0.9653
vn -0.0000 0.1790 0.9839
vn 0.0052 0.2153 0.9765
vn 0.0052 0.2152 0.9765
vn 0.5138 -0.6866 0.5144
vn 0.5137 -0.6866 0.5144
vn -0.0188 0.2197 0.9754
vn -0.0189 0.2197 0.9754
vn -0.0188 0.2196 0.9754
vn -0.0787 0.6279 0.7743
vn -0.2687 0.9632 -0.0000
vn 0.0484 0.9988 -0.0000
vn -0.0084 1.0000 -0.0000
vn -0.1414 0.9900 -0.0000
vn -0.1223 0.9925 -0.0000
vn 0.4543 0.8908 -0.0000
vn 0.5724 -0.8199 -0.0000
vn 0.3333 -0.6621 0.6712
vn 0.3334 -0.6621 0.6712
vn -0.0890 -0.6294 0.7720
vn -0.0859 -0.6305 0.7714
vn -0.0810 -0.6301 0.7723
vn -0.0054 -0.6408 0.7677
vn -0.0054 -0.6409 0.7676
vn 0.0253 -0.7287 0.6843
vn 0.0253 -0.7288 0.6843
vn 0.0253 -0.7287 0.6844
vn -0.2116 -0.8031 0.5570
vn -0.2117 -0.8031 0.5570
vn -0.0325 -0.2451 0.9689
vn -0.0325 -0.2452 0.9689
vn -0.0325 -0.2451 0.9690
vn -0.0011 -0.2610 0.9653
vn -0.0000 -0.1790 0.9839
vn 0.0052 -0.2152 0.9765
vn 0.0052 -0.2153 0.9765
vn 0.5138 0.6866 0.5144
vn 0.5137 0.6866 0.5144
vn -0.0188 -0.2197 0.9754
vn -0.0189 -0.2197 0.9754
vn -0.0787 -0.6279 0.7743
vn -0.2687 -0.9632 -0.0000
vn 0.0484 -0.9988 -0.0000
vn -0.0084 -1.0000 -0.0000
vn -0.1414 -0.9900 -0.0000
vn -0.1223 -0.9925 -0.0000
vn 0.4543 -0.8908 -0.0000
vn 0.5724 0.8199 -0.0000
vn 0.3333 0.6621 -0.6712
vn 0.3334 0.6621 -0.6712
vn -0.0890 0.6294 -0.7720
vn -0.0859 0.6305 -0.7714
vn -0.0810 0.6301 -0.7723
vn -0.0054 0.6408 -0.7677
vn -0.0054 0.6409 -0.7676
vn 0.0253 0.7287 -0.6843
vn 0.0253 0.7288 -0.6843
vn -0.2116 0.8031 -0.5570
vn -0.2117 0.8031 -0.5570
vn -0.0325 0.2452 -0.9689
vn -0.0325 0.2451 -0.9689
vn -0.0325 0.2451 -0.9690
vn -0.0011 0.2610 -0.9653
vn -0.0000 0.1790 -0.9839
vn 0.0052 0.2152 -0.9765
vn 0.0052 0.2153 -0.9765
vn 0.5138 -0.6866 -0.5144
vn 0.5137 -0.6866 -0.5144
vn -0.0188 0.2197 -0.9754
vn -0.0188 0.2196 -0.9754
vn -0.0189 0.2197 -0.9754
vn -0.0787 0.6279 -0.7743
vn 0.3334 -0.6621 -0.6712
vn 0.3333 -0.6621 -0.6712
vn -0.0810 -0.6301 -0.7723
vn -0.0890 -0.6294 -0.7720
vn -0.0859 -0.6305 -0.7714
vn -0.0054 -0.6408 -0.7677
vn -0.0054 -0.6409 -0.7676
vn 0.0253 -0.7287 -0.6843
vn 0.0253 -0.7287 -0.6844
vn 0.0253 -0.7288 -0.6843
vn -0.2116 -0.8031 -0.5570
vn -0.2117 -0.8031 -0.5570
vn -0.0325 -0.2451 -0.9689
vn -0.0325 -0.2452 -0.9689
vn -0.0325 -0.2451 -0.9690
vn -0.0011 -0.2610 -0.9653
vn -0.0000 -0.1790 -0.9839
vn 0.0052 -0.2153 -0.9765
vn 0.0052 -0.2152 -0.9765
vn 0.5138 0.6866 -0.5144
vn 0.5137 0.6866 -0.5144
vn -0.0188 -0.2197 -0.9754
vn -0.0189 -0.2197 -0.9754
vn -0.0787 -0.6278 -0.7744
vn 0.3473 0.8208 0.4534
vn 0.3474 0.8209 0.4533
vn 0.3473 0.8209 0.4534
vn 0.3473 -0.8208 0.4534
vn 0.3473 -0.8209 0.4533
vn 0.3473 -0.8209 0.4534
vn -0.1894 0.9288 0.3187
vn -0.1894 -0.9288 0.3187
vn -0.5504 0.6473 0.5274
vn -0.5504 0.6473 0.5273
vn -0.5504 -0.6473 0.5274
vn -0.5504 -0.6473 0.5273
vn 0.0389 -0.1076 0.9934
vn 0.0389 0.1076 0.9934
vn -0.0043 -0.0338 0.9994
vn -0.0043 0.0338 0.9994
vn -0.2934 -0.8081 0.5108
vn -0.2934 -0.8081 0.5107
vn -0.2934 0.8081 0.5108
vn -0.2934 0.8081 0.5107
vn 0.1844 -0.9045 0.3846
vn 0.1844 0.9045 0.3846
vn 0.5020 -0.6119 0.6112
vn 0.5020 0.6119 0.6112
vn 0.2328 0.5050 0.8311
vn 0.2328 -0.5050 0.8311
vn -0.1147 0.5628 0.8186
vn -0.1147 -0.5628 0.8186
vn -0.2381 0.2841 0.9288
vn -0.2381 -0.2841 0.9288
vn 0.3473 0.8208 -0.4534
vn 0.3473 0.8209 -0.4533
vn 0.3473 0.8209 -0.4534
vn 0.3473 -0.8209 -0.4534
vn 0.3473 -0.8208 -0.4534
vn 0.3474 -0.8209 -0.4533
vn -0.1894 0.9288 -0.3187
vn -0.1894 -0.9288 -0.3187
vn -0.5504 0.6473 -0.5274
vn -0.5504 0.6473 -0.5273
vn -0.5504 -0.6473 -0.5274
vn -0.5504 -0.6473 -0.5273
vn 0.0389 -0.1076 -0.9934
vn 0.0389 0.1076 -0.9934
vn -0.0043 -0.0338 -0.9994
vn -0.0043 0.0338 -0.9994
vn -0.2934 -0.8081 -0.5108
vn -0.2934 -0.8081 -0.5107
vn -0.2934 0.8081 -0.5107
vn -0.2934 0.8081 -0.5108
vn 0.1844 -0.9045 -0.3846
vn 0.1844 0.9045 -0.3846
vn 0.5020 -0.6119 -0.6112
vn 0.5020 0.6119 -0.6112
vn 0.2328 0.5050 -0.8311
vn 0.2328 -0.5050 -0.8311
vn -0.1147 0.5628 -0.8186
vn -0.1147 -0.5628 -0.8186
vn -0.2381 0.2841 -0.9288
vn -0.2381 -0.2841 -0.9288
vt 0.196164 0.850357
vt 0.224999 0.920288
vt 0.195957 0.861117
vt 0.218822 0.920205
vt 0.194279 0.989412
vt 0.194364 0.978651
vt 0.164635 0.919470
vt 0.170817 0.919554
vt 0.195793 0.869593
vt 0.214850 0.920151
vt 0.194430 0.970174
vt 0.174790 0.919608
vt 0.213131 0.727793
vt 0.232863 0.777406
vt 0.211913 0.777005
vt 0.211249 0.826228
vt 0.190911 0.776604
vt 0.055065 0.988913
vt 0.025634 0.919219
vt 0.055180 0.978153
vt 0.031811 0.919252
vt 0.055820 0.849848
vt 0.055818 0.860609
vt 0.086003 0.919547
vt 0.079821 0.919513
vt 0.055271 0.969676
vt 0.035784 0.919274
vt 0.055818 0.869086
vt 0.075847 0.919492
vt 0.102262 0.825731
vt 0.082050 0.776312
vt 0.103003 0.776510
vt 0.103190 0.727284
vt 0.124007 0.776708
vt 0.122062 0.851913
vt 0.151218 0.921723
vt 0.121904 0.862673
vt 0.145041 0.921665
vt 0.120759 0.990974
vt 0.120803 0.980213
vt 0.090851 0.921157
vt 0.097033 0.921215
vt 0.121779 0.871149
vt 0.141069 0.921628
vt 0.120837 0.971736
vt 0.101006 0.921252
vt 0.155013 0.729347
vt 0.175140 0.778800
vt 0.154188 0.778567
vt 0.153916 0.827792
vt 0.133183 0.778332
vt 0.119506 0.066527
vt 0.116483 0.118388
vt 0.116550 0.066333
vt 0.113020 0.118333
vt 0.127441 0.023108
vt 0.126995 0.030669
vt 0.124880 0.066819
vt 0.122705 0.118481
vt 0.129920 0.067092
vt 0.133166 0.067240
vt 0.130626 0.118600
vt 0.131297 0.118608
vt 0.132239 0.118619
vt 0.101158 0.701939
vt 0.109413 0.701996
vt 0.105932 0.704622
vt 0.110586 0.704496
vt 0.117427 0.702047
vt 0.117068 0.704554
vt 0.123562 0.704417
vt 0.125344 0.702046
vt 0.124259 0.704567
vt 0.126168 0.702066
vt 0.127328 0.702094
vt 0.124674 0.705079
vt 0.110350 0.705559
vt 0.117114 0.705653
vt 0.123808 0.705466
vt 0.510550 0.336038
vt 0.511827 0.375231
vt 0.476321 0.341966
vt 0.472634 0.376508
vt 0.545092 0.339725
vt 0.551020 0.373954
vt 0.547333 0.408496
vt 0.513104 0.414423
vt 0.478562 0.410737
vt 0.514392 0.453961
vt 0.457949 0.432738
vt 0.569334 0.429109
vt 0.565705 0.317724
vt 0.509261 0.296500
vt 0.454320 0.321353
vt 0.590558 0.372665
vt 0.433096 0.377796
vt 0.194055 0.428712
vt 0.181396 0.393660
vt 0.201468 0.414322
vt 0.190429 0.391688
vt 0.184599 0.369455
vt 0.194239 0.304528
vt 0.193767 0.369649
vt 0.203101 0.305230
vt 0.204027 0.220198
vt 0.195146 0.220416
vt 0.197982 0.103894
vt 0.187229 0.103185
vt 0.215556 0.050723
vt 0.215672 0.022410
vt 0.214682 0.304665
vt 0.206300 0.369852
vt 0.214908 0.220347
vt 0.215336 0.104132
vt 0.214446 0.369935
vt 0.214149 0.402932
vt 0.213926 0.420033
vt 0.184419 0.102795
vt 0.215684 0.019736
vt 0.189460 0.220538
vt 0.188575 0.304142
vt 0.178915 0.368795
vt 0.175913 0.394854
vt 0.192070 0.431380
vt 0.213943 0.423869
vt 0.238103 0.392058
vt 0.247119 0.394177
vt 0.226609 0.414590
vt 0.233662 0.429152
vt 0.226259 0.305277
vt 0.235123 0.304609
vt 0.235120 0.369872
vt 0.244287 0.369756
vt 0.225790 0.220246
vt 0.234669 0.220503
vt 0.232691 0.103996
vt 0.243448 0.103350
vt 0.222596 0.369949
vt 0.246262 0.102976
vt 0.240347 0.220649
vt 0.240799 0.304241
vt 0.249976 0.369131
vt 0.252583 0.395451
vt 0.235493 0.431949
vt 0.272783 0.992742
vt 0.242032 0.927342
vt 0.272899 0.985007
vt 0.248826 0.926384
vt 0.305482 0.928294
vt 0.298721 0.927133
vt 0.255664 0.870799
vt 0.260490 0.877716
vt 0.293554 0.871368
vt 0.288522 0.878137
vt 0.274870 0.853688
vt 0.274731 0.862962
vt 0.272977 0.979810
vt 0.250805 0.926122
vt 0.296750 0.926812
vt 0.261443 0.881639
vt 0.287452 0.882029
vt 0.274656 0.867950
vt 0.273067 0.973819
vt 0.255294 0.925727
vt 0.292275 0.926282
vt 0.264655 0.886455
vt 0.284097 0.886747
vt 0.274558 0.874470
vt 0.276845 0.825654
vt 0.252237 0.764509
vt 0.276845 0.759832
vt 0.301451 0.764509
vt 0.262677 0.713307
vt 0.291012 0.713307
vt 0.276845 0.696405
s 1
usemtl initialShadingGroup.013
f 1/1/1 2/2/1 4/3/1
f 4/3/2 2/2/2 3/4/2
f 5/5/3 6/6/3 2/2/4
f 2/2/4 6/6/3 3/4/4
f 5/5/5 7/7/5 6/6/6
f 6/6/6 7/7/5 8/8/5
f 1/1/7 4/3/7 7/7/7
f 7/7/7 4/3/7 8/8/7
f 4/3/8 3/4/9 10/9/10
f 10/9/10 3/4/9 9/10/9
f 6/6/11 11/11/11 3/4/12
f 3/4/12 11/11/11 9/10/12
f 6/6/13 8/8/14 11/11/14
f 11/11/14 8/8/14 12/12/14
f 4/3/15 10/9/16 8/8/16
f 8/8/16 10/9/16 12/12/16
f 10/13/17 9/14/17 13/15/17
f 9/14/18 11/16/18 13/15/18
f 11/16/19 12/17/19 13/15/19
f 12/17/20 10/13/20 13/15/20
f 1/1/21 15/3/21 2/2/21
f 2/2/21 15/3/21 14/4/22
f 14/4/23 16/6/24 2/2/23
f 2/2/23 16/6/24 5/5/25
f 5/5/26 16/6/27 7/7/26
f 7/7/26 16/6/27 17/8/26
f 17/8/28 15/3/28 7/7/28
f 7/7/28 15/3/28 1/1/28
f 15/3/29 19/9/30 14/4/31
f 14/4/31 19/9/30 18/10/31
f 18/10/32 20/11/33 14/4/32
f 14/4/32 20/11/33 16/6/33
f 16/6/34 20/11/35 17/8/35
f 17/8/35 20/11/35 21/12/35
f 21/12/36 19/9/36 17/8/36
f 17/8/36 19/9/36 15/3/37
f 19/13/38 22/15/38 18/14/38
f 18/14/39 22/15/39 20/16/39
f 20/16/40 22/15/40 21/17/40
f 21/17/41 22/15/41 19/13/41
f 23/18/42 24/19/43 26/20/44
f 26/20/44 24/19/43 25/21/43
f 27/22/45 28/23/46 24/19/47
f 24/19/47 28/23/46 25/21/47
f 27/22/48 29/24/49 28/23/50
f 28/23/50 29/24/49 30/25/49
f 23/18/51 26/20/51 29/24/52
f 29/24/52 26/20/51 30/25/52
f 26/20/53 25/21/54 32/26/53
f 32/26/53 25/21/54 31/27/54
f 28/23/55 33/28/55 25/21/56
f 25/21/56 33/28/55 31/27/56
f 28/23/57 30/25/57 33/28/58
f 33/28/58 30/25/57 34/29/57
f 26/20/59 32/26/60 30/25/59
f 30/25/59 32/26/60 34/29/59
f 32/30/61 31/31/61 35/32/61
f 31/31/62 33/33/62 35/32/62
f 33/33/63 34/34/63 35/32/63
f 34/34/64 32/30/64 35/32/64
f 23/18/65 37/20/66 24/19/67
f 24/19/67 37/20/66 36/21/67
f 36/21/68 38/23/69 24/19/68
f 24/19/68 38/23/69 27/22/70
f 27/22/71 38/23/72 29/24/71
f 29/24/71 38/23/72 39/25/71
f 39/25/73 37/20/73 29/24/73
f 29/24/73 37/20/73 23/18/74
f 37/20/75 41/26/75 36/21/76
f 36/21/76 41/26/75 40/27/76
f 40/27/77 42/28/78 36/21/77
f 36/21/77 42/28/78 38/23/78
f 38/23/79 42/28/80 39/25/79
f 39/25/79 42/28/80 43/29/79
f 43/29/81 41/26/82 39/25/81
f 39/25/81 41/26/82 37/20/81
f 41/30/83 44/32/83 40/31/83
f 40/31/84 44/32/84 42/33/84
f 42/33/85 44/32/85 43/34/85
f 43/34/86 44/32/86 41/30/86
f 45/35/87 46/36/88 48/37/87
f 48/37/87 46/36/88 47/38/88
f 49/39/89 50/40/89 46/36/90
f 46/36/90 50/40/89 47/38/90
f 49/39/91 51/41/92 50/40/93
f 50/40/93 51/41/92 52/42/92
f 45/35/94 48/37/94 51/41/95
f 51/41/95 48/37/94 52/42/94
f 48/37/96 47/38/97 54/43/96
f 54/43/96 47/38/97 53/44/97
f 50/40/98 55/45/99 47/38/98
f 47/38/98 55/45/99 53/44/98
f 50/40/100 52/42/100 55/45/100
f 55/45/100 52/42/100 56/46/100
f 48/37/101 54/43/102 52/42/101
f 52/42/101 54/43/102 56/46/101
f 54/47/103 53/48/103 57/49/103
f 53/48/104 55/50/104 57/49/104
f 55/50/105 56/51/105 57/49/105
f 56/51/106 54/47/106 57/49/106
f 45/35/107 59/37/107 46/36/108
f 46/36/108 59/37/107 58/38/108
f 58/38/109 60/40/110 46/36/109
f 46/36/109 60/40/110 49/39/110
f 49/39/111 60/40/112 51/41/113
f 51/41/113 60/40/112 61/42/114
f 61/42/115 59/37/115 51/41/115
f 51/41/115 59/37/115 45/35/115
f 59/37/116 63/43/116 58/38/117
f 58/38/117 63/43/116 62/44/117
f 62/44/118 64/45/119 58/38/118
f 58/38/118 64/45/119 60/40/119
f 60/40/120 64/45/121 61/42/121
f 61/42/121 64/45/121 65/46/121
f 65/46/122 63/43/122 61/42/122
f 61/42/122 63/43/122 59/37/123
f 63/47/124 66/49/124 62/48/124
f 62/48/125 66/49/125 64/50/125
f 64/50/126 66/49/126 65/51/126
f 65/51/127 66/49/127 63/47/127
f 67/1/128 70/3/128 68/2/128
f 68/2/128 70/3/128 69/4/129
f 69/4/130 72/6/131 68/2/130
f 68/2/130 72/6/131 71/5/132
f 71/5/133 72/6/134 73/7/133
f 73/7/133 72/6/134 74/8/133
f 74/8/135 70/3/136 73/7/135
f 73/7/135 70/3/136 67/1/135
f 70/3/137 76/9/138 69/4/139
f 69/4/139 76/9/138 75/10/139
f 75/10/140 77/11/141 69/4/140
f 69/4/140 77/11/141 72/6/141
f 72/6/142 77/11/143 74/8/143
f 74/8/143 77/11/143 78/12/143
f 78/12/144 76/9/144 74/8/144
f 74/8/144 76/9/144 70/3/145
f 76/13/146 79/15/146 75/14/146
f 75/14/147 79/15/147 77/16/147
f 77/16/148 79/15/148 78/17/148
f 78/17/149 79/15/149 76/13/149
f 67/1/150 68/2/150 81/3/150
f 81/3/150 68/2/150 80/4/151
f 71/5/152 82/6/152 68/2/153
f 68/2/153 82/6/152 80/4/153
f 71/5/154 73/7/154 82/6/155
f 82/6/155 73/7/154 83/8/154
f 67/1/156 81/3/156 73/7/156
f 73/7/156 81/3/156 83/8/156
f 81/3/157 80/4/158 85/9/159
f 85/9/159 80/4/158 84/10/158
f 82/6/160 86/11/160 80/4/161
f 80/4/161 86/11/160 84/10/161
f 82/6/162 83/8/163 86/11/163
f 86/11/163 83/8/163 87/12/163
f 81/3/164 85/9/165 83/8/165
f 83/8/165 85/9/165 87/12/165
f 85/13/166 84/14/166 88/15/166
f 84/14/167 86/16/167 88/15/167
f 86/16/168 87/17/168 88/15/168
f 87/17/169 85/13/169 88/15/169
f 89/18/45 92/20/46 90/19/47
f 90/19/47 92/20/46 91/21/47
f 91/21/43 94/23/44 90/19/43
f 90/19/43 94/23/44 93/22/42
f 93/22/52 94/23/170 95/24/52
f 95/24/52 94/23/170 96/25/52
f 96/25/49 92/20/49 95/24/49
f 95/24/49 92/20/49 89/18/48
f 92/20/55 98/26/55 91/21/56
f 91/21/56 98/26/55 97/27/56
f 97/27/54 99/28/53 91/21/171
f 91/21/171 99/28/53 94/23/53
f 94/23/59 99/28/60 96/25/59
f 96/25/59 99/28/60 100/29/59
f 100/29/57 98/26/58 96/25/57
f 96/25/57 98/26/58 92/20/57
f 98/30/62 101/32/62 97/31/62
f 97/31/61 101/32/61 99/33/61
f 99/33/64 101/32/64 100/34/64
f 100/34/63 101/32/63 98/30/63
f 89/18/70 90/19/68 103/20/69
f 103/20/69 90/19/68 102/21/68
f 93/22/65 104/23/66 90/19/67
f 90/19/67 104/23/66 102/21/67
f 93/22/74 95/24/73 104/23/172
f 104/23/172 95/24/73 105/25/73
f 89/18/71 103/20/173 95/24/71
f 95/24/71 103/20/173 105/25/71
f 103/20/78 102/21/77 107/26/78
f 107/26/78 102/21/77 106/27/77
f 104/23/75 108/28/75 102/21/76
f 102/21/76 108/28/75 106/27/76
f 104/23/81 105/25/81 108/28/82
f 108/28/82 105/25/81 109/29/81
f 103/20/79 107/26/80 105/25/79
f 105/25/79 107/26/80 109/29/79
f 107/30/84 106/31/84 110/32/84
f 106/31/83 108/33/83 110/32/83
f 108/33/86 109/34/86 110/32/86
f 109/34/85 107/30/85 110/32/85
f 111/35/174 114/37/174 112/36/175
f 112/36/175 114/37/174 113/38/175
f 113/38/176 116/40/177 112/36/178
f 112/36/178 116/40/177 115/39/177
f 115/39/179 116/40/180 117/41/181
f 117/41/181 116/40/180 118/42/182
f 118/42/183 114/37/183 117/41/183
f 117/41/183 114/37/183 111/35/183
f 114/37/184 120/43/184 113/38/185
f 113/38/185 120/43/184 119/44/185
f 119/44/186 121/45/187 113/38/186
f 113/38/186 121/45/187 116/40/188
f 116/40/189 121/45/189 118/42/189
f 118/42/189 121/45/189 122/46/189
f 122/46/190 120/43/190 118/42/190
f 118/42/190 120/43/190 114/37/191
f 120/47/192 123/49/192 119/48/192
f 119/48/193 123/49/193 121/50/193
f 121/50/194 123/49/194 122/51/194
f 122/51/195 123/49/195 120/47/195
f 111/35/196 112/36/197 125/37/196
f 125/37/196 112/36/197 124/38/197
f 115/39/198 126/40/198 112/36/199
f 112/36/199 126/40/198 124/38/199
f 115/39/200 117/41/201 126/40/202
f 126/40/202 117/41/201 127/42/201
f 111/35/203 125/37/203 117/41/203
f 117/41/203 125/37/203 127/42/203
f 125/37/204 124/38/205 129/43/204
f 129/43/204 124/38/205 128/44/205
f 126/40/206 130/45/207 124/38/206
f 124/38/206 130/45/207 128/44/206
f 126/40/208 127/42/208 130/45/208
f 130/45/208 127/42/208 131/46/208
f 125/37/209 129/43/210 127/42/210
f 127/42/210 129/43/210 131/46/210
f 129/47/211 128/48/211 132/49/211
f 128/48/212 130/50/212 132/49/212
f 130/50/213 131/51/213 132/49/213
f 131/51/214 129/47/214 132/49/214
f 134/52/215 135/53/216 133/54/217
f 133/54/217 135/53/216 136/55/218
f 137/56/219 138/57/219 133/54/220
f 133/54/220 138/57/219 134/52/220
f 134/52/221 138/57/222 139/58/223
f 135/53/224 134/52/221 140/59/225
f 140/59/225 134/52/221 139/58/223
f 142/60/226 138/57/227 141/61/228
f 141/61/228 138/57/227 137/56/227
f 142/60/225 139/58/223 138/57/222
f 143/62/224 140/59/225 142/60/225
f 142/60/225 140/59/225 139/58/223
f 144/63/229 143/62/229 141/61/229
f 141/61/229 143/62/229 142/60/229
f 145/64/230 144/63/230 141/61/230
f 147/65/231 148/66/231 146/67/232
f 146/67/232 148/66/231 149/68/231
f 148/66/233 150/69/234 149/68/233
f 149/68/233 150/69/234 151/70/234
f 151/70/234 150/69/234 153/71/234
f 153/71/234 150/69/234 152/72/234
f 153/71/235 152/72/236 155/73/236
f 155/73/236 152/72/236 154/74/237
f 154/74/238 156/75/238 155/73/238
f 155/73/238 156/75/238 157/76/238
f 148/66/224 135/53/224 150/69/224
f 150/69/224 135/53/224 140/59/225
f 136/55/239 135/53/240 147/65/239
f 147/65/239 135/53/240 148/66/239
f 154/74/230 144/63/230 156/75/230
f 156/75/230 144/63/230 145/64/230
f 152/72/230 143/62/230 154/74/230
f 154/74/230 143/62/230 144/63/230
f 152/72/224 150/69/224 143/62/224
f 143/62/224 150/69/224 140/59/225
f 149/68/241 158/77/241 146/67/241
f 151/70/241 159/78/241 149/68/241
f 149/68/241 159/78/241 158/77/241
f 157/76/241 160/79/241 155/73/241
f 155/73/241 160/79/241 153/71/241
f 160/79/241 159/78/241 153/71/241
f 153/71/241 159/78/241 151/70/241
f 136/55/242 162/53/243 133/54/244
f 133/54/244 162/53/243 161/52/245
f 161/52/246 163/57/247 133/54/246
f 133/54/246 163/57/247 137/56/247
f 161/52/248 164/58/249 163/57/250
f 164/58/249 161/52/248 165/59/251
f 165/59/251 161/52/248 162/53/252
f 137/56/253 163/57/253 141/61/254
f 141/61/254 163/57/253 166/60/255
f 166/60/251 163/57/250 164/58/249
f 167/62/252 166/60/251 165/59/251
f 165/59/251 166/60/251 164/58/249
f 168/63/256 141/61/256 167/62/256
f 167/62/256 141/61/256 166/60/256
f 145/64/230 141/61/230 168/63/230
f 170/68/257 169/66/258 146/67/259
f 146/67/259 169/66/258 147/65/258
f 172/70/260 171/69/260 170/68/261
f 170/68/261 171/69/260 169/66/261
f 172/70/260 174/71/260 171/69/260
f 171/69/260 174/71/260 173/72/260
f 174/71/262 176/73/263 173/72/262
f 173/72/262 176/73/263 175/74/264
f 157/76/238 156/75/238 176/73/238
f 176/73/238 156/75/238 175/74/238
f 169/66/252 171/69/252 162/53/252
f 162/53/252 171/69/252 165/59/251
f 136/55/265 147/65/265 162/53/266
f 162/53/266 147/65/265 169/66/265
f 175/74/230 156/75/230 168/63/230
f 168/63/230 156/75/230 145/64/230
f 173/72/230 175/74/230 167/62/230
f 167/62/230 175/74/230 168/63/230
f 173/72/252 167/62/252 171/69/252
f 171/69/252 167/62/252 165/59/251
f 170/68/241 146/67/241 158/77/241
f 158/77/241 159/78/241 170/68/241
f 170/68/241 159/78/241 172/70/241
f 157/76/241 176/73/241 160/79/241
f 160/79/241 176/73/241 174/71/241
f 160/79/241 174/71/241 159/78/241
f 159/78/241 174/71/241 172/70/241
f 178/80/267 179/81/268 177/82/269
f 177/82/269 179/81/268 180/83/270
f 178/80/267 181/84/271 179/81/268
f 179/81/268 181/84/271 182/85/272
f 182/85/272 183/86/273 179/81/268
f 179/81/268 183/86/273 184/87/274
f 180/83/270 179/81/268 185/88/275
f 185/88/275 179/81/268 184/87/274
f 184/87/274 186/89/276 185/88/275
f 185/88/275 186/89/276 187/90/277
f 184/87/274 183/86/273 186/89/276
f 186/89/276 183/86/273 188/91/278
f 190/92/279 181/84/271 189/93/280
f 189/93/280 181/84/271 178/80/267
f 191/94/281 189/93/280 177/82/269
f 177/82/269 189/93/280 178/80/267
f 190/92/279 192/95/282 181/84/271
f 181/84/271 192/95/282 182/85/272
f 182/85/272 192/95/282 183/86/273
f 183/86/273 192/95/282 188/91/278
f 191/94/281 177/82/269 193/96/283
f 193/96/283 177/82/269 180/83/270
f 180/83/270 185/88/275 193/96/283
f 193/96/283 185/88/275 187/90/277
f 197/83/284 196/81/285 194/82/286
f 194/82/286 196/81/285 195/80/287
f 195/80/287 196/81/285 198/84/288
f 198/84/288 196/81/285 199/85/289
f 201/87/290 200/86/291 196/81/285
f 196/81/285 200/86/291 199/85/289
f 197/83/284 202/88/292 196/81/285
f 196/81/285 202/88/292 201/87/290
f 187/90/293 186/89/294 202/88/292
f 202/88/292 186/89/294 201/87/290
f 201/87/290 186/89/294 200/86/291
f 200/86/291 186/89/294 188/91/295
f 195/80/287 198/84/288 189/93/296
f 189/93/296 198/84/288 190/92/297
f 191/94/298 194/82/286 189/93/296
f 189/93/296 194/82/286 195/80/287
f 199/85/289 192/95/299 198/84/288
f 198/84/288 192/95/299 190/92/297
f 199/85/289 200/86/291 192/95/299
f 192/95/299 200/86/291 188/91/295
f 191/94/298 193/96/300 194/82/286
f 194/82/286 193/96/300 197/83/284
f 187/90/293 202/88/292 193/96/300
f 193/96/300 202/88/292 197/83/284
f 204/97/301 205/98/302 203/99/301
f 203/99/301 205/98/302 206/100/301
f 208/101/303 209/102/304 207/103/305
f 207/103/305 209/102/304 210/104/304
f 210/104/306 209/102/306 212/105/307
f 212/105/307 209/102/306 211/106/307
f 212/105/308 211/106/308 214/107/309
f 214/107/309 211/106/308 213/108/309
f 214/107/310 213/108/310 216/109/311
f 216/109/311 213/108/310 215/110/311
f 217/111/312 218/112/313 210/104/312
f 210/104/312 218/112/313 207/103/314
f 219/113/315 217/111/315 212/105/315
f 212/105/315 217/111/315 210/104/315
f 220/114/316 214/107/316 216/109/316
f 219/113/317 212/105/318 220/114/317
f 220/114/317 212/105/318 214/107/318
f 221/115/268 218/112/268 217/111/268
f 222/116/319 223/117/319 203/99/320
f 203/99/320 223/117/319 204/97/319
f 203/99/268 218/112/268 222/116/268
f 222/116/268 218/112/268 221/115/268
f 207/103/321 218/112/322 206/100/323
f 206/100/323 218/112/322 203/99/321
f 205/98/324 208/101/303 206/100/324
f 206/100/324 208/101/303 207/103/305
f 224/118/325 225/119/325 213/108/325
f 213/108/325 225/119/325 215/110/325
f 224/118/326 213/108/326 226/120/326
f 226/120/326 213/108/326 211/106/326
f 227/121/327 226/120/327 209/102/327
f 209/102/327 226/120/327 211/106/327
f 208/101/328 228/122/328 209/102/328
f 209/102/328 228/122/328 227/121/328
f 229/123/329 228/122/329 205/98/329
f 205/98/329 228/122/329 208/101/329
f 230/124/330 229/123/330 204/97/330
f 204/97/330 229/123/330 205/98/330
f 231/125/331 230/124/331 223/117/331
f 223/117/331 230/124/331 204/97/331
f 233/126/332 234/127/332 232/128/333
f 232/128/333 234/127/332 235/129/333
f 237/130/334 238/131/334 236/132/335
f 236/132/335 238/131/334 239/133/336
f 237/130/337 240/134/338 238/131/337
f 238/131/337 240/134/338 241/135/338
f 240/134/339 242/136/340 241/135/341
f 241/135/341 242/136/340 243/137/340
f 242/136/342 216/109/343 243/137/342
f 243/137/342 216/109/343 215/110/342
f 217/111/344 237/130/345 244/138/344
f 244/138/344 237/130/345 236/132/346
f 219/113/347 240/134/347 217/111/347
f 217/111/347 240/134/347 237/130/347
f 220/114/348 216/109/348 242/136/348
f 242/136/349 240/134/349 220/114/350
f 220/114/350 240/134/349 219/113/350
f 221/115/268 217/111/268 244/138/268
f 222/116/351 232/128/352 223/117/351
f 223/117/351 232/128/352 235/129/351
f 221/115/268 244/138/268 222/116/268
f 222/116/268 244/138/268 232/128/268
f 236/132/353 233/126/354 244/138/354
f 244/138/354 233/126/354 232/128/353
f 236/132/335 239/133/336 233/126/355
f 233/126/355 239/133/336 234/127/355
f 245/139/356 243/137/356 225/119/356
f 225/119/356 243/137/356 215/110/356
f 241/135/357 243/137/357 246/140/357
f 246/140/357 243/137/357 245/139/357
f 247/141/358 238/131/358 246/140/358
f 246/140/358 238/131/358 241/135/358
f 239/133/359 238/131/359 248/142/359
f 248/142/359 238/131/359 247/141/359
f 249/143/360 234/127/360 248/142/360
f 248/142/360 234/127/360 239/133/360
f 234/127/361 249/143/361 235/129/361
f 235/129/361 249/143/361 250/144/361
f 231/125/362 223/117/362 250/144/362
f 250/144/362 223/117/362 235/129/362
f 254/100/363 253/98/363 251/99/364
f 251/99/364 253/98/363 252/97/364
f 258/104/365 257/102/365 255/103/366
f 255/103/366 257/102/365 256/101/367
f 258/104/368 260/105/369 257/102/368
f 257/102/368 260/105/369 259/106/369
f 260/105/370 262/107/371 259/106/370
f 259/106/370 262/107/371 261/108/371
f 262/107/372 264/109/373 261/108/372
f 261/108/372 264/109/373 263/110/372
f 265/111/374 258/104/375 266/112/375
f 266/112/375 258/104/375 255/103/376
f 267/113/377 260/105/377 265/111/377
f 265/111/377 260/105/377 258/104/377
f 268/114/378 264/109/378 262/107/378
f 262/107/379 260/105/380 268/114/380
f 268/114/380 260/105/380 267/113/380
f 269/115/285 265/111/285 266/112/285
f 270/116/381 251/99/382 271/117/381
f 271/117/381 251/99/382 252/97/382
f 269/115/285 266/112/285 270/116/285
f 270/116/285 266/112/285 251/99/285
f 255/103/383 254/100/384 266/112/385
f 266/112/385 254/100/384 251/99/383
f 255/103/366 256/101/367 254/100/386
f 254/100/386 256/101/367 253/98/386
f 224/118/325 261/108/325 225/119/325
f 225/119/325 261/108/325 263/110/325
f 259/106/326 261/108/326 226/120/326
f 226/120/326 261/108/326 224/118/326
f 227/121/327 257/102/327 226/120/327
f 226/120/327 257/102/327 259/106/327
f 256/101/328 257/102/328 228/122/328
f 228/122/328 257/102/328 227/121/328
f 229/123/329 253/98/329 228/122/329
f 228/122/329 253/98/329 256/101/329
f 253/98/330 229/123/330 252/97/330
f 252/97/330 229/123/330 230/124/330
f 231/125/331 271/117/331 230/124/331
f 230/124/331 271/117/331 252/97/331
f 275/129/387 274/127/388 272/128/387
f 272/128/387 274/127/388 273/126/388
f 279/133/389 278/131/390 276/132/391
f 276/132/391 278/131/390 277/130/390
f 277/130/392 278/131/392 280/134/393
f 280/134/393 278/131/392 281/135/393
f 280/134/394 281/135/395 282/136/396
f 282/136/396 281/135/395 283/137/396
f 282/136/397 283/137/398 264/109/398
f 264/109/398 283/137/398 263/110/397
f 265/111/399 284/138/399 277/130/400
f 277/130/400 284/138/399 276/132/401
f 267/113/402 265/111/402 280/134/402
f 280/134/402 265/111/402 277/130/402
f 268/114/403 282/136/403 264/109/403
f 267/113/404 280/134/405 268/114/404
f 268/114/404 280/134/405 282/136/405
f 269/115/285 284/138/285 265/111/285
f 270/116/406 271/117/406 272/128/407
f 272/128/407 271/117/406 275/129/406
f 272/128/285 284/138/285 270/116/285
f 270/116/285 284/138/285 269/115/285
f 276/132/408 284/138/409 273/126/409
f 273/126/409 284/138/409 272/128/408
f 274/127/410 279/133/389 273/126/410
f 273/126/410 279/133/389 276/132/391
f 245/139/356 225/119/356 283/137/356
f 283/137/356 225/119/356 263/110/356
f 245/139/357 283/137/357 246/140/357
f 246/140/357 283/137/357 281/135/357
f 247/141/358 246/140/358 278/131/358
f 278/131/358 246/140/358 281/135/358
f 279/133/359 248/142/359 278/131/359
f 278/131/359 248/142/359 247/141/359
f 249/143/360 248/142/360 274/127/360
f 274/127/360 248/142/360 279/133/360
f 250/144/361 249/143/361 275/129/361
f 275/129/361 249/143/361 274/127/361
f 231/125/362 250/144/362 271/117/362
f 271/117/362 250/144/362 275/129/362
f 285/145/411 286/146/412 288/147/411
f 288/147/411 286/146/412 287/148/413
f 285/145/414 288/147/414 289/149/415
f 289/149/415 288/147/414 290/150/416
f 291/151/417 292/152/417 286/146/417
f 286/146/417 292/152/417 287/148/417
f 293/153/418 289/149/418 294/154/418
f 294/154/418 289/149/418 290/150/418
f 295/155/419 296/156/420 291/151/419
f 291/151/419 296/156/420 292/152/420
f 295/155/421 293/153/421 296/156/422
f 296/156/422 293/153/421 294/154/422
f 288/147/423 287/148/423 298/157/423
f 298/157/423 287/148/423 297/158/423
f 288/147/424 298/157/424 290/150/424
f 290/150/424 298/157/424 299/159/424
f 292/152/268 300/160/268 287/148/268
f 287/148/268 300/160/268 297/158/268
f 294/154/268 290/150/268 301/161/268
f 301/161/268 290/150/268 299/159/268
f 296/156/425 302/162/425 292/152/425
f 292/152/425 302/162/425 300/160/425
f 296/156/426 294/154/426 302/162/426
f 302/162/426 294/154/426 301/161/426
f 298/157/427 297/158/428 304/163/428
f 304/163/428 297/158/428 303/164/428
f 298/157/429 304/163/429 299/159/430
f 299/159/430 304/163/429 305/165/430
f 300/160/431 306/166/431 297/158/431
f 297/158/431 306/166/431 303/164/431
f 301/161/432 299/159/432 307/167/432
f 307/167/432 299/159/432 305/165/432
f 302/162/433 308/168/433 300/160/433
f 300/160/433 308/168/433 306/166/433
f 302/162/434 301/161/434 308/168/434
f 308/168/434 301/161/434 307/167/434
f 304/169/435 303/170/435 309/171/435
f 305/172/436 304/169/436 309/171/436
f 303/170/437 306/173/437 309/171/437
f 307/174/438 305/172/438 309/171/438
f 306/173/439 308/175/439 309/171/439
f 308/175/440 307/174/440 309/171/440
f 285/145/441 311/147/441 286/146/442
f 286/146/442 311/147/441 310/148/443
f 312/150/444 311/147/445 289/149/446
f 289/149/446 311/147/445 285/145/445
f 310/148/447 313/152/447 286/146/447
f 286/146/447 313/152/447 291/151/447
f 293/153/448 314/154/448 289/149/448
f 289/149/448 314/154/448 312/150/448
f 313/152/449 315/156/450 291/151/449
f 291/151/449 315/156/450 295/155/449
f 295/155/451 315/156/452 293/153/451
f 293/153/451 315/156/452 314/154/451
f 311/147/453 317/157/453 310/148/453
f 310/148/453 317/157/453 316/158/453
f 318/159/454 317/157/454 312/150/454
f 312/150/454 317/157/454 311/147/454
f 316/158/285 319/160/285 310/148/285
f 310/148/285 319/160/285 313/152/285
f 314/154/285 320/161/285 312/150/285
f 312/150/285 320/161/285 318/159/285
f 319/160/455 321/162/455 313/152/455
f 313/152/455 321/162/455 315/156/455
f 315/156/456 321/162/456 314/154/456
f 314/154/456 321/162/456 320/161/456
f 317/157/457 323/163/458 316/158/458
f 316/158/458 323/163/458 322/164/458
f 324/165/459 323/163/460 318/159/459
f 318/159/459 323/163/460 317/157/460
f 322/164/461 325/166/461 316/158/461
f 316/158/461 325/166/461 319/160/461
f 320/161/462 326/167/462 318/159/462
f 318/159/462 326/167/462 324/165/462
f 325/166/463 327/168/463 319/160/463
f 319/160/463 327/168/463 321/162/463
f 321/162/464 327/168/464 320/161/464
f 320/161/464 327/168/464 326/167/464
f 323/169/465 328/171/465 322/170/465
f 324/172/466 328/171/466 323/169/466
f 322/170/467 328/171/467 325/173/467
f 326/174/468 328/171/468 324/172/468
f 325/173/469 328/171/469 327/175/469
f 327/175/470 328/171/470 326/174/470
o blade_damaged
v -30.360226 16.388723 -0.000001
v -20.612995 21.364351 -0.000002
v -21.063232 21.763479 0.809249
v -29.366682 17.524843 0.386641
v -16.841772 31.637756 -0.000002
v -17.850580 30.515177 0.386640
v -26.692026 26.753481 -0.000002
v -26.241810 26.354368 0.809249
v -21.423752 22.083084 0.410429
v -28.571068 18.434639 0.196104
v -18.658426 29.616241 0.196103
v -25.881283 26.034744 0.410429
v -23.649817 24.056507 1.971238
v -21.063232 21.763479 -0.809253
v -29.366682 17.524843 -0.386644
v -17.850580 30.515177 -0.386645
v -26.241810 26.354368 -0.809253
v -21.423752 22.083084 -0.410435
v -28.571068 18.434639 -0.196108
v -18.658426 29.616241 -0.196109
v -25.881283 26.034744 -0.410435
v -23.649817 24.056507 -1.971244
v -37.511936 19.154625 -0.000001
v -33.518864 29.343845 -0.000002
v -34.120514 29.343845 0.809249
v -37.522125 20.663855 0.386640
v -37.511936 39.533081 -0.000003
v -37.522125 38.023849 0.386639
v -41.642712 29.343845 -0.000002
v -41.041061 29.343845 0.809249
v -34.602314 29.343845 0.410429
v -37.530323 21.872435 0.196103
v -37.530323 36.815266 0.196102
v -40.559261 29.343845 0.410429
v -37.577160 29.343845 1.971238
v -34.120514 29.343845 -0.809253
v -37.522125 20.663855 -0.386645
v -37.522125 38.023849 -0.386646
v -41.041061 29.343845 -0.809253
v -34.602314 29.343845 -0.410435
v -37.530323 21.872435 -0.196109
v -37.530323 36.815266 -0.196110
v -40.559261 29.343845 -0.410435
v -37.577160 29.343845 -1.971244
v -44.215485 16.878569 -0.000001
v -47.385529 27.353098 -0.000002
v -47.858097 26.980705 0.809249
v -45.157597 18.057667 0.386641
v -56.828293 32.884762 -0.000002
v -55.902191 31.693026 0.386640
v -53.766392 22.325018 -0.000002
v -53.293819 22.697395 0.809249
v -48.236519 26.682518 0.410429
v -45.912060 19.001877 0.196104
v -55.160603 30.738688 0.196103
v -52.915394 22.995596 0.410429
v -50.573128 24.841291 1.971238
v -47.858097 26.980705 -0.809253
v -45.157597 18.057667 -0.386644
v -55.902191 31.693026 -0.386645
v -53.293819 22.697395 -0.809253
v -48.236519 26.682518 -0.410435
v -45.912060 19.001877 -0.196108
v -55.160603 30.738688 -0.196109
v -52.915394 22.995596 -0.410435
v -50.573128 24.841291 -1.971244
v -30.360226 -7.997789 0.000001
v -20.612995 -12.973412 0.000001
v -21.063232 -13.372542 0.809252
v -29.366682 -9.133906 0.386643
v -16.841772 -23.246817 0.000002
v -17.850580 -22.124237 0.386644
v -26.692026 -18.362543 0.000001
v -26.241810 -17.963428 0.809252
v -21.423752 -13.692147 0.410432
v -28.571068 -10.043703 0.196106
v -18.658426 -21.225300 0.196107
v -25.881283 -17.643806 0.410432
v -23.649817 -15.665572 1.971241
v -21.063232 -13.372542 -0.809250
v -29.366682 -9.133906 -0.386642
v -17.850580 -22.124237 -0.386641
v -26.241810 -17.963428 -0.809250
v -21.423752 -13.692147 -0.410432
v -28.571068 -10.043703 -0.196106
v -18.658426 -21.225300 -0.196105
v -25.881283 -17.643806 -0.410432
v -23.649817 -15.665572 -1.971241
v -37.511936 -10.763687 0.000001
v -33.518864 -20.952908 0.000002
v -34.120514 -20.952908 0.809253
v -37.522125 -12.272918 0.386643
v -37.511936 -31.142143 0.000002
v -37.522125 -29.632912 0.386644
v -41.642712 -20.952908 0.000002
v -41.041061 -20.952908 0.809253
v -34.602314 -20.952908 0.410433
v -37.530323 -13.481497 0.196106
v -37.530323 -28.424328 0.196107
v -40.559261 -20.952908 0.410433
v -37.577160 -20.952908 1.971242
v -34.120514 -20.952908 -0.809249
v -37.522125 -12.272918 -0.386642
v -37.522125 -29.632912 -0.386641
v -41.041061 -20.952908 -0.809249
v -34.602314 -20.952908 -0.410431
v -37.530323 -13.481497 -0.196106
v -37.530323 -28.424328 -0.196105
v -40.559261 -20.952908 -0.410431
v -37.577160 -20.952908 -1.971240
v -44.215485 -8.487632 0.000001
v -47.385529 -18.962158 0.000001
v -47.858097 -18.589764 0.809252
v -45.157597 -9.666728 0.386643
v -56.828293 -24.493826 0.000002
v -55.902191 -23.302086 0.386644
v -53.766392 -13.934081 0.000001
v -53.293819 -14.306458 0.809252
v -48.236519 -18.291580 0.410432
v -45.912060 -10.610940 0.196106
v -55.160603 -22.347750 0.196107
v -52.915394 -14.604659 0.410432
v -50.573128 -16.450352 1.971241
v -47.858097 -18.589764 -0.809250
v -45.157597 -9.666728 -0.386642
v -55.902191 -23.302086 -0.386641
v -53.293819 -14.306458 -0.809250
v -48.236519 -18.291580 -0.410432
v -45.912060 -10.610940 -0.196106
v -55.160603 -22.347750 -0.196105
v -52.915394 -14.604659 -0.410432
v -50.573128 -16.450352 -1.971241
v -46.081497 7.097110 -0.000001
v -47.030975 9.074231 -0.000001
v -47.030594 5.792333 0.987366
v -46.081512 5.300306 0.543551
v -47.030369 2.508336 0.987366
v -46.081497 2.704594 0.543675
v -47.030392 -0.737098 0.987366
v -46.081512 0.182492 0.543675
v -47.030186 -0.737098 0.577177
v -46.081512 -0.042683 0.361297
v -47.030186 -0.737098 0.000000
v -46.081512 -0.042683 0.000000
v -46.081512 5.356991 -0.000000
v -46.081497 2.704594 -0.000000
v -46.081512 0.182609 -0.000000
v -47.030594 5.792333 -0.987368
v -46.081512 5.300306 -0.543552
v -47.030369 2.508336 -0.987368
v -46.081497 2.704594 -0.543676
v -47.030392 -0.737098 -0.987368
v -46.081512 0.182492 -0.543676
v -47.030186 -0.737098 -0.577180
v -46.081512 -0.042683 -0.361298
v -41.462090 8.822537 4.864056
v -43.081581 4.195468 6.566489
v -36.835041 4.195468 8.755307
v -36.835041 10.442007 6.566488
v -41.462090 -0.431584 4.864056
v -36.835041 -2.051069 6.566489
v -32.207970 -0.431584 4.864056
v -30.588505 4.195468 6.566489
v -32.207970 8.822537 4.864056
v -28.506325 4.195468 -0.000000
v -30.588505 10.442006 -0.000001
v -30.588505 -2.051070 0.000000
v -45.163761 4.195468 -0.000000
v -43.081581 -2.051070 0.000000
v -43.081581 10.442006 -0.000001
v -36.835041 -4.133249 0.000000
v -36.835041 12.524186 -0.000001
v -41.462090 8.822537 -4.864058
v -43.081581 4.195467 -6.566493
v -36.835041 4.195467 -8.755309
v -36.835041 10.442005 -6.566493
v -41.462090 -0.431584 -4.864057
v -36.835041 -2.051070 -6.566492
v -32.207970 -0.431584 -4.864057
v -30.588505 4.195467 -6.566493
v -32.207970 8.822537 -4.864058
v 52.773170 6.475888 3.218209
v 55.740204 6.786499 0.917735
v 48.501553 10.478169 1.391517
v 48.074783 8.918966 2.621299
v 43.399014 8.321748 2.621299
v 43.399014 9.849451 1.391517
v 30.086723 7.948221 1.391517
v 30.207565 6.476004 2.621300
v 12.863463 7.804018 1.391517
v 12.828131 6.330802 2.621300
v -10.998693 8.960344 0.701189
v -10.998693 7.476833 2.621300
v -28.082422 4.195468 0.860868
v -22.454531 4.195468 3.218209
v 30.086756 4.195468 3.218209
v 43.399044 5.867342 3.218209
v 12.863486 4.195468 3.218209
v -10.998693 4.195468 3.218209
v 43.399059 4.195468 3.218209
v 49.973892 4.195468 3.218209
v 52.028923 4.195468 0.917736
v -10.998693 8.960344 -0.000001
v -28.082422 4.195468 -0.000000
v 12.863463 7.804018 -0.000001
v 30.086723 7.948221 -0.000001
v 43.399014 9.849451 -0.000001
v 48.501553 10.478169 -0.000001
v 55.740204 6.786499 -0.000001
v 52.028923 4.195468 -0.000000
v 52.773170 1.915065 3.218209
v 48.074783 -0.528014 2.621300
v 48.501553 -2.087233 1.391518
v 55.740204 1.604454 0.917736
v 43.399014 0.069205 2.621300
v 30.207565 1.914949 2.621300
v 30.086723 0.442715 1.391518
v 43.399014 -1.458498 1.391518
v 12.828131 2.060135 2.621300
v 12.863463 0.586935 1.391518
v -10.998693 0.914103 2.621300
v -10.998693 -0.569391 0.701190
v 43.399044 2.523611 3.218209
v -10.998693 -0.569391 0.000000
v 12.863463 0.586935 -0.000000
v 30.086723 0.442715 -0.000000
v 43.399014 -1.458498 0.000000
v 48.501553 -2.087233 0.000000
v 55.740204 1.604454 -0.000000
v 52.773170 6.475887 -3.218211
v 55.740204 6.786499 -0.917738
v 48.501553 10.478169 -1.391521
v 48.074783 8.918966 -2.621302
v 43.399014 8.321748 -2.621302
v 43.399014 9.849451 -1.391521
v 30.086723 7.948221 -1.391521
v 30.207565 6.476004 -2.621301
v 12.863463 7.804018 -1.391521
v 12.828131 6.330802 -2.621301
v -10.998693 8.960344 -0.701193
v -10.998693 7.476833 -2.621301
v -28.082422 4.195468 -0.860871
v -22.454531 4.195467 -3.218211
v 30.086756 4.195467 -3.218211
v 43.399044 5.867342 -3.218211
v 12.863486 4.195467 -3.218211
v -10.998693 4.195467 -3.218211
v 43.399059 4.195467 -3.218211
v 49.973892 4.195467 -3.218211
v 52.028923 4.195468 -0.917737
v 52.773170 1.915065 -3.218211
v 48.074783 -0.528014 -2.621301
v 48.501553 -2.087233 -1.391520
v 55.740204 1.604454 -0.917737
v 43.399014 0.069205 -2.621301
v 30.207565 1.914949 -2.621301
v 30.086723 0.442715 -1.391520
v 43.399014 -1.458498 -1.391520
v 12.828131 2.060135 -2.621301
v 12.863463 0.586935 -1.391520
v -10.998693 0.914103 -2.621301
v -10.998693 -0.569391 -0.701192
v 43.399044 2.523611 -3.218211
v 75.193420 4.195468 -0.000000
v 64.177361 8.628761 -0.000001
v 64.113228 8.175745 1.282124
v 74.003578 4.195468 0.498599
v 64.177361 -0.237825 0.000000
v 64.113228 0.215191 1.282125
v 54.952477 6.747970 -0.000001
v 55.830994 6.487148 1.282125
v 54.952477 1.642966 -0.000000
v 55.830994 1.903805 1.282125
v 51.907318 4.195468 -0.000000
v 53.097160 4.195468 1.196660
v 64.065582 7.838732 1.282124
v 73.118568 4.195468 0.498599
v 64.065582 0.552221 1.282125
v 56.484627 6.293106 1.282125
v 56.484627 2.097847 1.282125
v 53.982349 4.195468 1.196660
v 64.015610 7.485395 0.475132
v 72.190582 4.195468 0.184777
v 64.015610 0.905558 0.475133
v 57.169907 6.089669 0.475133
v 57.169907 2.301285 0.475133
v 54.910156 4.195468 0.475133
v 63.390297 4.195468 2.649470
v 64.113228 8.175745 -1.282128
v 74.003578 4.195468 -0.498600
v 64.113228 0.215191 -1.282127
v 55.830994 6.487148 -1.282127
v 55.830994 1.903805 -1.282127
v 53.097160 4.195468 -1.196663
v 64.065582 7.838732 -1.282128
v 73.118568 4.195468 -0.498600
v 64.065582 0.552221 -1.282127
v 56.484627 6.293106 -1.282127
v 56.484627 2.097847 -1.282127
v 53.982349 4.195468 -1.196663
v 64.015610 7.485395 -0.475136
v 72.190582 4.195468 -0.184778
v 64.015610 0.905558 -0.475135
v 57.169907 6.089669 -0.475135
v 57.169907 2.301285 -0.475135
v 54.910156 4.195468 -0.475135
v 63.390297 4.195468 -2.649471
v -191.845917 5.346780 0.874539
v -193.179855 4.066368 0.873500
v -194.802979 2.508336 0.872235
v -190.474060 6.663644 0.480696
v -189.679626 7.426209 -0.000001
v -198.183990 -0.737098 0.508327
v -198.184036 -0.737098 0.296092
v -198.184036 -0.737098 0.000000
v -198.184021 -0.737098 0.869601
v -198.184036 -0.737098 0.718770
v -196.922943 0.473407 0.870584
v -193.179855 4.066368 -0.873501
v -191.845932 5.346780 -0.874541
v -194.802979 2.508336 -0.872237
v -190.474045 6.663644 -0.480698
v -198.183990 -0.737098 -0.296094
v -198.184036 -0.737098 -0.508330
v -198.183990 -0.737098 -0.718771
v -198.184021 -0.737098 -0.869602
v -196.922943 0.473407 -0.870585
v -196.922943 0.473407 0.000001
v -194.802979 2.508336 0.000001
v -193.179855 4.066368 0.000001
v -191.845917 5.346780 0.000003
v -190.474060 6.663644 0.000000
vn 0.2583 -0.5059 0.8230
vn 0.3157 -0.6501 0.6911
vn 0.6832 -0.2355 0.6912
vn 0.6833 -0.2355 0.6911
vn -0.3089 0.6552 0.6894
vn -0.3089 0.6552 0.6895
vn -0.6875 0.2281 0.6894
vn -0.2863 0.4946 0.8206
vn -0.2864 0.4947 0.8205
vn -0.2863 0.4947 0.8206
vn -0.5254 0.2250 0.8206
vn -0.5255 0.2250 0.8205
vn 0.2811 -0.4995 0.8195
vn 0.2811 -0.4995 0.8194
vn 0.5296 -0.2192 0.8195
vn 0.5296 -0.2192 0.8194
vn 0.2056 -0.4538 0.8671
vn 0.4752 -0.1498 0.8671
vn -0.2009 0.4570 0.8665
vn -0.4778 0.1447 0.8665
vn 0.3157 -0.6501 -0.6912
vn 0.3157 -0.6501 -0.6911
vn 0.6833 -0.2355 -0.6911
vn 0.6833 -0.2355 -0.6912
vn 0.6832 -0.2355 -0.6912
vn -0.3089 0.6552 -0.6894
vn -0.3089 0.6552 -0.6895
vn -0.6875 0.2281 -0.6894
vn -0.2863 0.4947 -0.8205
vn -0.2863 0.4947 -0.8206
vn -0.2864 0.4947 -0.8205
vn -0.5255 0.2250 -0.8205
vn -0.5254 0.2250 -0.8206
vn 0.2811 -0.4995 -0.8195
vn 0.2811 -0.4995 -0.8194
vn 0.5296 -0.2192 -0.8194
vn 0.5296 -0.2192 -0.8195
vn 0.2056 -0.4538 -0.8671
vn 0.4752 -0.1498 -0.8671
vn -0.2009 0.4570 -0.8665
vn -0.4778 0.1447 -0.8665
vn 0.6675 -0.2770 0.6912
vn 0.6675 -0.2771 0.6911
vn 0.6675 -0.2771 0.6912
vn 0.6675 0.2770 0.6912
vn 0.6675 0.2771 0.6912
vn 0.6675 0.2771 0.6911
vn -0.6658 0.2853 0.6894
vn -0.6658 0.2854 0.6894
vn -0.6658 0.2853 0.6895
vn -0.6658 -0.2853 0.6894
vn -0.6658 -0.2854 0.6894
vn -0.5424 0.1802 0.8206
vn -0.5424 0.1802 0.8205
vn -0.5424 -0.1802 0.8206
vn -0.5424 -0.1802 0.8205
vn 0.5417 -0.1873 0.8194
vn 0.5417 -0.1873 0.8195
vn 0.5417 0.1873 0.8194
vn 0.5417 0.1873 0.8195
vn 0.4549 -0.2032 0.8671
vn 0.4549 0.2032 0.8671
vn -0.4535 0.2087 0.8665
vn -0.4535 -0.2087 0.8665
vn 0.6675 -0.2770 -0.6912
vn 0.6675 -0.2771 -0.6912
vn 0.6675 -0.2771 -0.6911
vn 0.6675 0.2771 -0.6911
vn 0.6675 0.2771 -0.6912
vn 0.6675 0.2770 -0.6912
vn -0.6658 0.2854 -0.6894
vn -0.6658 0.2853 -0.6895
vn -0.6658 -0.2854 -0.6894
vn -0.6658 -0.2853 -0.6894
vn -0.5424 0.1802 -0.8206
vn -0.5424 0.1802 -0.8205
vn -0.5424 -0.1802 -0.8205
vn -0.5424 -0.1802 -0.8206
vn 0.5417 -0.1873 -0.8194
vn 0.5417 -0.1873 -0.8195
vn 0.5417 0.1873 -0.8194
vn 0.5417 0.1873 -0.8195
vn 0.4549 -0.2032 -0.8671
vn 0.4549 0.2032 -0.8671
vn -0.4535 0.2087 -0.8665
vn -0.4535 -0.2087 -0.8665
vn 0.6957 0.1955 0.6912
vn 0.6958 0.1955 0.6911
vn 0.3528 0.6307 0.6912
vn 0.3528 0.6308 0.6911
vn -0.6995 -0.1880 0.6894
vn -0.6996 -0.1879 0.6894
vn -0.6995 -0.1879 0.6895
vn -0.3463 -0.6362 0.6894
vn -0.3463 -0.6363 0.6894
vn -0.5376 -0.1942 0.8206
vn -0.5376 -0.1942 0.8205
vn -0.3145 -0.4773 0.8205
vn -0.3145 -0.4773 0.8206
vn 0.5414 0.1882 0.8194
vn 0.3096 0.4824 0.8194
vn 0.3096 0.4824 0.8195
vn 0.4830 0.1220 0.8671
vn 0.2316 0.4411 0.8671
vn -0.4854 -0.1168 0.8665
vn -0.2270 -0.4446 0.8665
vn 0.6957 0.1955 -0.6912
vn 0.6958 0.1955 -0.6911
vn 0.3528 0.6308 -0.6911
vn 0.3528 0.6307 -0.6912
vn -0.6995 -0.1879 -0.6894
vn -0.6995 -0.1879 -0.6895
vn -0.6996 -0.1879 -0.6894
vn -0.6996 -0.1880 -0.6894
vn -0.3463 -0.6362 -0.6894
vn -0.5376 -0.1942 -0.8206
vn -0.5376 -0.1942 -0.8205
vn -0.3145 -0.4773 -0.8205
vn -0.3145 -0.4773 -0.8206
vn 0.5414 0.1882 -0.8195
vn 0.5414 0.1882 -0.8194
vn 0.3096 0.4824 -0.8194
vn 0.3095 0.4824 -0.8195
vn 0.4830 0.1220 -0.8671
vn 0.2316 0.4411 -0.8671
vn -0.4854 -0.1168 -0.8665
vn -0.2270 -0.4446 -0.8665
vn 0.3157 0.6501 0.6912
vn 0.3157 0.6501 0.6911
vn 0.6833 0.2355 0.6911
vn 0.6833 0.2355 0.6912
vn 0.6832 0.2355 0.6912
vn -0.3089 -0.6552 0.6894
vn -0.3089 -0.6552 0.6895
vn -0.6875 -0.2281 0.6894
vn -0.6875 -0.2281 0.6895
vn -0.2863 -0.4946 0.8206
vn -0.2863 -0.4947 0.8206
vn -0.2864 -0.4947 0.8205
vn -0.5255 -0.2250 0.8205
vn -0.5254 -0.2250 0.8206
vn 0.2811 0.4995 0.8195
vn 0.2811 0.4995 0.8194
vn 0.5296 0.2192 0.8194
vn 0.5296 0.2192 0.8195
vn 0.2056 0.4538 0.8671
vn 0.4752 0.1498 0.8671
vn -0.2009 -0.4570 0.8665
vn -0.4778 -0.1447 0.8665
vn 0.3157 0.6501 -0.6912
vn 0.3157 0.6501 -0.6911
vn 0.6832 0.2355 -0.6912
vn 0.6833 0.2355 -0.6911
vn -0.3089 -0.6552 -0.6894
vn -0.3089 -0.6552 -0.6895
vn -0.6875 -0.2281 -0.6894
vn -0.2863 -0.4947 -0.8205
vn -0.2864 -0.4947 -0.8205
vn -0.2863 -0.4947 -0.8206
vn -0.5254 -0.2250 -0.8206
vn -0.5255 -0.2250 -0.8205
vn 0.2811 0.4995 -0.8195
vn 0.2811 0.4995 -0.8194
vn 0.5296 0.2192 -0.8195
vn 0.5296 0.2192 -0.8194
vn 0.2056 0.4538 -0.8671
vn 0.4752 0.1498 -0.8671
vn -0.2009 -0.4570 -0.8665
vn -0.4778 -0.1447 -0.8665
vn -0.6658 -0.2853 0.6895
vn -0.5425 0.1802 0.8205
vn -0.6658 -0.2853 -0.6895
vn -0.6658 0.2853 -0.6894
vn 0.6957 -0.1955 0.6912
vn 0.6958 -0.1955 0.6911
vn 0.3528 -0.6308 0.6911
vn 0.3528 -0.6307 0.6912
vn 0.3528 -0.6308 0.6912
vn -0.6995 0.1879 0.6894
vn -0.6995 0.1879 0.6895
vn -0.6996 0.1879 0.6894
vn -0.6996 0.1880 0.6894
vn -0.3463 0.6362 0.6894
vn -0.5376 0.1942 0.8206
vn -0.5376 0.1942 0.8205
vn -0.3145 0.4773 0.8205
vn -0.3145 0.4773 0.8206
vn -0.3145 0.4772 0.8206
vn 0.5414 -0.1882 0.8194
vn 0.3096 -0.4824 0.8194
vn 0.3095 -0.4824 0.8194
vn 0.4830 -0.1220 0.8671
vn 0.2316 -0.4411 0.8671
vn -0.4854 0.1168 0.8665
vn -0.2270 0.4446 0.8665
vn 0.6957 -0.1955 -0.6912
vn 0.6958 -0.1955 -0.6911
vn 0.3528 -0.6307 -0.6912
vn 0.3528 -0.6308 -0.6911
vn -0.6995 0.1880 -0.6894
vn -0.6996 0.1879 -0.6894
vn -0.6995 0.1879 -0.6895
vn -0.3463 0.6362 -0.6894
vn -0.5376 0.1942 -0.8206
vn -0.5376 0.1942 -0.8205
vn -0.3145 0.4773 -0.8205
vn -0.3145 0.4773 -0.8206
vn 0.5414 -0.1882 -0.8194
vn 0.3096 -0.4824 -0.8195
vn 0.3096 -0.4824 -0.8194
vn 0.4830 -0.1220 -0.8671
vn 0.2316 -0.4411 -0.8671
vn -0.4854 0.1168 -0.8665
vn -0.2270 0.4446 -0.8665
vn 0.5140 0.2476 0.8213
vn 0.5142 0.2474 0.8212
vn 0.4236 -0.0000 0.9058
vn 0.4236 -0.0000 0.9059
vn 0.6765 -0.6883 0.2618
vn 0.6765 -0.6884 0.2618
vn 0.6765 -0.6884 0.2617
vn 0.5907 -0.8069 -0.0000
vn -0.0008 -0.0000 1.0000
vn -0.0030 0.3667 0.9303
vn -0.0016 0.2881 0.9576
vn -0.0000 -1.0000 -0.0000
vn 1.0000 -0.0000 -0.0000
vn 0.5140 0.2476 -0.8213
vn 0.5139 0.2477 -0.8213
vn 0.5142 0.2474 -0.8212
vn 0.4236 -0.0000 -0.9059
vn 0.4236 -0.0000 -0.9058
vn 0.6765 -0.6884 -0.2618
vn 0.6765 -0.6883 -0.2618
vn 0.6765 -0.6884 -0.2617
vn -0.0008 -0.0000 -1.0000
vn -0.7338 -0.0000 0.6794
vn -0.0000 -0.0000 1.0000
vn -0.5849 0.5849 0.5620
vn -0.0000 0.7338 0.6794
vn -0.5849 -0.5849 0.5620
vn -0.0000 -0.7338 0.6794
vn 0.5849 -0.5849 0.5620
vn 0.7338 -0.0000 0.6794
vn 0.5849 0.5849 0.5620
vn 0.9346 -0.0000 0.3556
vn 0.6600 0.6600 0.3588
vn 0.6600 -0.6600 0.3588
vn -0.6600 -0.6600 0.3588
vn -0.9346 -0.0000 0.3556
vn -0.6600 0.6600 0.3588
vn -0.0000 -0.9346 0.3556
vn -0.0000 0.9346 0.3557
vn -0.0000 0.7338 -0.6794
vn -0.0000 -0.0000 -1.0000
vn -0.5849 0.5849 -0.5620
vn -0.7338 -0.0000 -0.6794
vn -0.5849 -0.5849 -0.5620
vn -0.0000 -0.7338 -0.6794
vn 0.7338 -0.0000 -0.6794
vn 0.5849 -0.5849 -0.5620
vn 0.5849 0.5849 -0.5620
vn 0.6600 0.6600 -0.3588
vn 0.9346 -0.0000 -0.3556
vn 0.6600 -0.6600 -0.3588
vn -0.9346 -0.0000 -0.3556
vn -0.6600 -0.6600 -0.3588
vn -0.6600 0.6600 -0.3588
vn -0.0000 -0.9346 -0.3556
vn -0.0000 0.9346 -0.3556
vn 0.3334 0.6621 0.6712
vn 0.3333 0.6621 0.6712
vn -0.0810 0.6301 0.7723
vn -0.0890 0.6294 0.7720
vn -0.0859 0.6305 0.7714
vn -0.0054 0.6408 0.7677
vn -0.0054 0.6409 0.7676
vn 0.0253 0.7287 0.6843
vn 0.0253 0.7288 0.6843
vn -0.2116 0.8031 0.5570
vn -0.2117 0.8031 0.5570
vn -0.0325 0.2452 0.9689
vn -0.0325 0.2451 0.9689
vn -0.0325 0.2451 0.9690
vn -0.0011 0.2610 0.9653
vn -0.0000 0.1790 0.9839
vn 0.0052 0.2153 0.9765
vn 0.0052 0.2152 0.9765
vn 0.5138 -0.6866 0.5144
vn 0.5137 -0.6866 0.5144
vn -0.0188 0.2197 0.9754
vn -0.0189 0.2197 0.9754
vn -0.0188 0.2196 0.9754
vn -0.0787 0.6279 0.7743
vn -0.2687 0.9632 -0.0000
vn 0.0484 0.9988 -0.0000
vn -0.0084 1.0000 -0.0000
vn -0.1414 0.9900 -0.0000
vn -0.1223 0.9925 -0.0000
vn 0.4543 0.8908 -0.0000
vn 0.5724 -0.8199 -0.0000
vn 0.3333 -0.6621 0.6712
vn 0.3334 -0.6621 0.6712
vn -0.0890 -0.6294 0.7720
vn -0.0859 -0.6305 0.7714
vn -0.0810 -0.6301 0.7723
vn -0.0054 -0.6408 0.7677
vn -0.0054 -0.6409 0.7676
vn 0.0253 -0.7287 0.6843
vn 0.0253 -0.7288 0.6843
vn 0.0253 -0.7287 0.6844
vn -0.2116 -0.8031 0.5570
vn -0.2117 -0.8031 0.5570
vn -0.0325 -0.2451 0.9689
vn -0.0325 -0.2452 0.9689
vn -0.0325 -0.2451 0.9690
vn -0.0011 -0.2610 0.9653
vn -0.0000 -0.1790 0.9839
vn 0.0052 -0.2152 0.9765
vn 0.0052 -0.2153 0.9765
vn 0.5138 0.6866 0.5144
vn 0.5137 0.6866 0.5144
vn -0.0188 -0.2197 0.9754
vn -0.0189 -0.2197 0.9754
vn -0.0787 -0.6279 0.7743
vn -0.2687 -0.9632 -0.0000
vn 0.0484 -0.9988 -0.0000
vn -0.0084 -1.0000 -0.0000
vn -0.1414 -0.9900 -0.0000
vn -0.1223 -0.9925 -0.0000
vn 0.4543 -0.8908 -0.0000
vn 0.5724 0.8199 -0.0000
vn 0.3333 0.6621 -0.6712
vn 0.3334 0.6621 -0.6712
vn -0.0890 0.6294 -0.7720
vn -0.0859 0.6305 -0.7714
vn -0.0810 0.6301 -0.7723
vn -0.0054 0.6408 -0.7677
vn -0.0054 0.6409 -0.7676
vn 0.0253 0.7287 -0.6843
vn 0.0253 0.7288 -0.6843
vn -0.2116 0.8031 -0.5570
vn -0.2117 0.8031 -0.5570
vn -0.0325 0.2452 -0.9689
vn -0.0325 0.2451 -0.9689
vn -0.0325 0.2451 -0.9690
vn -0.0011 0.2610 -0.9653
vn -0.0000 0.1790 -0.9839
vn 0.0052 0.2152 -0.9765
vn 0.0052 0.2153 -0.9765
vn 0.5138 -0.6866 -0.5144
vn 0.5137 -0.6866 -0.5144
vn -0.0188 0.2197 -0.9754
vn -0.0188 0.2196 -0.9754
vn -0.0189 0.2197 -0.9754
vn -0.0787 0.6279 -0.7743
vn 0.3334 -0.6621 -0.6712
vn 0.3333 -0.6621 -0.6712
vn -0.0810 -0.6301 -0.7723
vn -0.0890 -0.6294 -0.7720
vn -0.0859 -0.6305 -0.7714
vn -0.0054 -0.6408 -0.7677
vn -0.0054 -0.6409 -0.7676
vn 0.0253 -0.7287 -0.6843
vn 0.0253 -0.7287 -0.6844
vn 0.0253 -0.7288 -0.6843
vn -0.2116 -0.8031 -0.5570
vn -0.2117 -0.8031 -0.5570
vn -0.0325 -0.2451 -0.9689
vn -0.0325 -0.2452 -0.9689
vn -0.0325 -0.2451 -0.9690
vn -0.0011 -0.2610 -0.9653
vn -0.0000 -0.1790 -0.9839
vn 0.0052 -0.2153 -0.9765
vn 0.0052 -0.2152 -0.9765
vn 0.5138 0.6866 -0.5144
vn 0.5137 0.6866 -0.5144
vn -0.0188 -0.2197 -0.9754
vn -0.0189 -0.2197 -0.9754
vn -0.0787 -0.6278 -0.7744
vn 0.3473 0.8208 0.4534
vn 0.3474 0.8209 0.4533
vn 0.3473 0.8209 0.4534
vn 0.3473 -0.8208 0.4534
vn 0.3473 -0.8209 0.4533
vn 0.3473 -0.8209 0.4534
vn -0.1894 0.9288 0.3187
vn -0.1894 -0.9288 0.3187
vn -0.5504 0.6473 0.5274
vn -0.5504 0.6473 0.5273
vn -0.5504 -0.6473 0.5274
vn -0.5504 -0.6473 0.5273
vn 0.0389 -0.1076 0.9934
vn 0.0389 0.1076 0.9934
vn -0.0043 -0.0338 0.9994
vn -0.0043 0.0338 0.9994
vn -0.2934 -0.8081 0.5108
vn -0.2934 -0.8081 0.5107
vn -0.2934 0.8081 0.5108
vn -0.2934 0.8081 0.5107
vn 0.1844 -0.9045 0.3846
vn 0.1844 0.9045 0.3846
vn 0.5020 -0.6119 0.6112
vn 0.5020 0.6119 0.6112
vn 0.2328 0.5050 0.8311
vn 0.2328 -0.5050 0.8311
vn -0.1147 0.5628 0.8186
vn -0.1147 -0.5628 0.8186
vn -0.2381 0.2841 0.9288
vn -0.2381 -0.2841 0.9288
vn 0.3473 0.8208 -0.4534
vn 0.3473 0.8209 -0.4533
vn 0.3473 0.8209 -0.4534
vn 0.3473 -0.8209 -0.4534
vn 0.3473 -0.8208 -0.4534
vn 0.3474 -0.8209 -0.4533
vn -0.1894 0.9288 -0.3187
vn -0.1894 -0.9288 -0.3187
vn -0.5504 0.6473 -0.5274
vn -0.5504 0.6473 -0.5273
vn -0.5504 -0.6473 -0.5274
vn -0.5504 -0.6473 -0.5273
vn 0.0389 -0.1076 -0.9934
vn 0.0389 0.1076 -0.9934
vn -0.0043 -0.0338 -0.9994
vn -0.0043 0.0338 -0.9994
vn -0.2934 -0.8081 -0.5108
vn -0.2934 -0.8081 -0.5107
vn -0.2934 0.8081 -0.5107
vn -0.2934 0.8081 -0.5108
vn 0.1844 -0.9045 -0.3846
vn 0.1844 0.9045 -0.3846
vn 0.5020 -0.6119 -0.6112
vn 0.5020 0.6119 -0.6112
vn 0.2328 0.5050 -0.8311
vn 0.2328 -0.5050 -0.8311
vn -0.1147 0.5628 -0.8186
vn -0.1147 -0.5628 -0.8186
vn -0.2381 0.2841 -0.9288
vn -0.2381 -0.2841 -0.9288
vn -0.0062 0.5379 0.8430
vn -0.0031 0.3667 0.9303
vn -0.0062 0.5379 -0.8430
vn -0.0030 0.3667 -0.9303
vn -0.0016 0.2881 -0.9576
vn -0.6925 0.7214 -0.0000
vn -0.6925 0.7214 -0.0001
vn -0.6925 0.7214 0.0001
vt 0.196164 0.850357
vt 0.224999 0.920288
vt 0.195957 0.861117
vt 0.218822 0.920205
vt 0.194279 0.989412
vt 0.194364 0.978651
vt 0.164635 0.919470
vt 0.170817 0.919554
vt 0.195793 0.869593
vt 0.214850 0.920151
vt 0.194430 0.970174
vt 0.174790 0.919608
vt 0.213131 0.727793
vt 0.232863 0.777406
vt 0.211913 0.777005
vt 0.211249 0.826228
vt 0.190911 0.776604
vt 0.055065 0.988913
vt 0.025634 0.919219
vt 0.055180 0.978153
vt 0.031811 0.919252
vt 0.055820 0.849848
vt 0.055818 0.860609
vt 0.086003 0.919547
vt 0.079821 0.919513
vt 0.055271 0.969676
vt 0.035784 0.919274
vt 0.055818 0.869086
vt 0.075847 0.919492
vt 0.102262 0.825731
vt 0.082050 0.776312
vt 0.103003 0.776510
vt 0.103190 0.727284
vt 0.124007 0.776708
vt 0.122062 0.851913
vt 0.151218 0.921723
vt 0.121904 0.862673
vt 0.145041 0.921665
vt 0.120759 0.990974
vt 0.120803 0.980213
vt 0.090851 0.921157
vt 0.097033 0.921215
vt 0.121779 0.871149
vt 0.141069 0.921628
vt 0.120837 0.971736
vt 0.101006 0.921252
vt 0.155013 0.729347
vt 0.175140 0.778800
vt 0.154188 0.778567
vt 0.153916 0.827792
vt 0.133183 0.778332
vt 0.101158 0.701939
vt 0.109413 0.701996
vt 0.105932 0.704622
vt 0.110586 0.704496
vt 0.117427 0.702047
vt 0.117068 0.704554
vt 0.123562 0.704417
vt 0.125344 0.702046
vt 0.124259 0.704567
vt 0.126168 0.702066
vt 0.127328 0.702094
vt 0.124674 0.705079
vt 0.113696 0.348461
vt 0.116850 0.345224
vt 0.120690 0.341319
vt 0.110354 0.351788
vt 0.129411 0.333152
vt 0.129838 0.333163
vt 0.130433 0.333170
vt 0.128684 0.333140
vt 0.128987 0.333147
vt 0.125703 0.336218
vt 0.110350 0.705559
vt 0.117114 0.705653
vt 0.123808 0.705466
vt 0.510550 0.336038
vt 0.511827 0.375231
vt 0.476321 0.341966
vt 0.472634 0.376508
vt 0.545092 0.339725
vt 0.551020 0.373954
vt 0.547333 0.408496
vt 0.513104 0.414423
vt 0.478562 0.410737
vt 0.514392 0.453961
vt 0.457949 0.432738
vt 0.569334 0.429109
vt 0.565705 0.317724
vt 0.509261 0.296500
vt 0.454320 0.321353
vt 0.590558 0.372665
vt 0.433096 0.377796
vt 0.194055 0.428712
vt 0.181396 0.393660
vt 0.201468 0.414322
vt 0.190429 0.391688
vt 0.184599 0.369455
vt 0.194239 0.304528
vt 0.193767 0.369649
vt 0.203101 0.305230
vt 0.204027 0.220198
vt 0.195146 0.220416
vt 0.197982 0.103894
vt 0.187229 0.103185
vt 0.215556 0.050723
vt 0.215672 0.022410
vt 0.214682 0.304665
vt 0.206300 0.369852
vt 0.214908 0.220347
vt 0.215336 0.104132
vt 0.214446 0.369935
vt 0.214149 0.402932
vt 0.213926 0.420033
vt 0.184419 0.102795
vt 0.215684 0.019736
vt 0.189460 0.220538
vt 0.188575 0.304142
vt 0.178915 0.368795
vt 0.175913 0.394854
vt 0.192070 0.431380
vt 0.213943 0.423869
vt 0.238103 0.392058
vt 0.247119 0.394177
vt 0.226609 0.414590
vt 0.233662 0.429152
vt 0.226259 0.305277
vt 0.235123 0.304609
vt 0.235120 0.369872
vt 0.244287 0.369756
vt 0.225790 0.220246
vt 0.234669 0.220503
vt 0.232691 0.103996
vt 0.243448 0.103350
vt 0.222596 0.369949
vt 0.246262 0.102976
vt 0.240347 0.220649
vt 0.240799 0.304241
vt 0.249976 0.369131
vt 0.252583 0.395451
vt 0.235493 0.431949
vt 0.272783 0.992742
vt 0.242032 0.927342
vt 0.272899 0.985007
vt 0.248826 0.926384
vt 0.305482 0.928294
vt 0.298721 0.927133
vt 0.255664 0.870799
vt 0.260490 0.877716
vt 0.293554 0.871368
vt 0.288522 0.878137
vt 0.274870 0.853688
vt 0.274731 0.862962
vt 0.272977 0.979810
vt 0.250805 0.926122
vt 0.296750 0.926812
vt 0.261443 0.881639
vt 0.287452 0.882029
vt 0.274656 0.867950
vt 0.273067 0.973819
vt 0.255294 0.925727
vt 0.292275 0.926282
vt 0.264655 0.886455
vt 0.284097 0.886747
vt 0.274558 0.874470
vt 0.276845 0.825654
vt 0.252237 0.764509
vt 0.276845 0.759832
vt 0.301451 0.764509
vt 0.262677 0.713307
vt 0.291012 0.713307
vt 0.276845 0.696405
vt 0.108236 0.353694
s 1
usemtl initialShadingGroup.013
f 329/176/471 330/177/471 332/178/471
f 332/178/472 330/177/472 331/179/472
f 333/180/473 334/181/473 330/177/474
f 330/177/474 334/181/473 331/179/474
f 333/180/475 335/182/475 334/181/476
f 334/181/476 335/182/475 336/183/475
f 329/176/477 332/178/477 335/182/477
f 335/182/477 332/178/477 336/183/477
f 332/178/478 331/179/479 338/184/480
f 338/184/480 331/179/479 337/185/479
f 334/181/481 339/186/481 331/179/482
f 331/179/482 339/186/481 337/185/482
f 334/181/483 336/183/484 339/186/484
f 339/186/484 336/183/484 340/187/484
f 332/178/485 338/184/486 336/183/486
f 336/183/486 338/184/486 340/187/486
f 338/188/487 337/189/487 341/190/487
f 337/189/488 339/191/488 341/190/488
f 339/191/489 340/192/489 341/190/489
f 340/192/490 338/188/490 341/190/490
f 329/176/491 343/178/491 330/177/491
f 330/177/491 343/178/491 342/179/492
f 342/179/493 344/181/494 330/177/493
f 330/177/493 344/181/494 333/180/495
f 333/180/496 344/181/497 335/182/496
f 335/182/496 344/181/497 345/183/496
f 345/183/498 343/178/498 335/182/498
f 335/182/498 343/178/498 329/176/498
f 343/178/499 347/184/500 342/179/501
f 342/179/501 347/184/500 346/185/501
f 346/185/502 348/186/503 342/179/502
f 342/179/502 348/186/503 344/181/503
f 344/181/504 348/186/505 345/183/505
f 345/183/505 348/186/505 349/187/505
f 349/187/506 347/184/506 345/183/506
f 345/183/506 347/184/506 343/178/507
f 347/188/508 350/190/508 346/189/508
f 346/189/509 350/190/509 348/191/509
f 348/191/510 350/190/510 349/192/510
f 349/192/511 350/190/511 347/188/511
f 351/193/512 352/194/513 354/195/514
f 354/195/514 352/194/513 353/196/513
f 355/197/515 356/198/516 352/194/517
f 352/194/517 356/198/516 353/196/517
f 355/197/518 357/199/519 356/198/520
f 356/198/520 357/199/519 358/200/519
f 351/193/521 354/195/521 357/199/522
f 357/199/522 354/195/521 358/200/522
f 354/195/523 353/196/524 360/201/523
f 360/201/523 353/196/524 359/202/524
f 356/198/525 361/203/525 353/196/526
f 353/196/526 361/203/525 359/202/526
f 356/198/527 358/200/527 361/203/528
f 361/203/528 358/200/527 362/204/527
f 354/195/529 360/201/530 358/200/529
f 358/200/529 360/201/530 362/204/529
f 360/205/531 359/206/531 363/207/531
f 359/206/532 361/208/532 363/207/532
f 361/208/533 362/209/533 363/207/533
f 362/209/534 360/205/534 363/207/534
f 351/193/535 365/195/536 352/194/537
f 352/194/537 365/195/536 364/196/537
f 364/196/538 366/198/539 352/194/538
f 352/194/538 366/198/539 355/197/540
f 355/197/541 366/198/542 357/199/541
f 357/199/541 366/198/542 367/200/541
f 367/200/543 365/195/543 357/199/543
f 357/199/543 365/195/543 351/193/544
f 365/195/545 369/201/545 364/196/546
f 364/196/546 369/201/545 368/202/546
f 368/202/547 370/203/548 364/196/547
f 364/196/547 370/203/548 366/198/548
f 366/198/549 370/203/550 367/200/549
f 367/200/549 370/203/550 371/204/549
f 371/204/551 369/201/552 367/200/551
f 367/200/551 369/201/552 365/195/551
f 369/205/553 372/207/553 368/206/553
f 368/206/554 372/207/554 370/208/554
f 370/208/555 372/207/555 371/209/555
f 371/209/556 372/207/556 369/205/556
f 373/210/557 374/211/558 376/212/557
f 376/212/557 374/211/558 375/213/558
f 377/214/559 378/215/559 374/211/560
f 374/211/560 378/215/559 375/213/560
f 377/214/561 379/216/562 378/215/563
f 378/215/563 379/216/562 380/217/562
f 373/210/564 376/212/564 379/216/565
f 379/216/565 376/212/564 380/217/564
f 376/212/566 375/213/567 382/218/566
f 382/218/566 375/213/567 381/219/567
f 378/215/568 383/220/569 375/213/568
f 375/213/568 383/220/569 381/219/568
f 378/215/570 380/217/570 383/220/570
f 383/220/570 380/217/570 384/221/570
f 376/212/571 382/218/572 380/217/571
f 380/217/571 382/218/572 384/221/571
f 382/222/573 381/223/573 385/224/573
f 381/223/574 383/225/574 385/224/574
f 383/225/575 384/226/575 385/224/575
f 384/226/576 382/222/576 385/224/576
f 373/210/577 387/212/577 374/211/578
f 374/211/578 387/212/577 386/213/578
f 386/213/579 388/215/580 374/211/579
f 374/211/579 388/215/580 377/214/580
f 377/214/581 388/215/582 379/216/583
f 379/216/583 388/215/582 389/217/584
f 389/217/585 387/212/585 379/216/585
f 379/216/585 387/212/585 373/210/585
f 387/212/586 391/218/586 386/213/587
f 386/213/587 391/218/586 390/219/587
f 390/219/588 392/220/589 386/213/588
f 386/213/588 392/220/589 388/215/589
f 388/215/590 392/220/591 389/217/591
f 389/217/591 392/220/591 393/221/591
f 393/221/592 391/218/592 389/217/592
f 389/217/592 391/218/592 387/212/593
f 391/222/594 394/224/594 390/223/594
f 390/223/595 394/224/595 392/225/595
f 392/225/596 394/224/596 393/226/596
f 393/226/597 394/224/597 391/222/597
f 395/176/598 398/178/598 396/177/598
f 396/177/598 398/178/598 397/179/599
f 397/179/600 400/181/601 396/177/600
f 396/177/600 400/181/601 399/180/602
f 399/180/603 400/181/604 401/182/603
f 401/182/603 400/181/604 402/183/603
f 402/183/605 398/178/606 401/182/605
f 401/182/605 398/178/606 395/176/605
f 398/178/607 404/184/608 397/179/609
f 397/179/609 404/184/608 403/185/609
f 403/185/610 405/186/611 397/179/610
f 397/179/610 405/186/611 400/181/611
f 400/181/612 405/186/613 402/183/613
f 402/183/613 405/186/613 406/187/613
f 406/187/614 404/184/614 402/183/614
f 402/183/614 404/184/614 398/178/615
f 404/188/616 407/190/616 403/189/616
f 403/189/617 407/190/617 405/191/617
f 405/191/618 407/190/618 406/192/618
f 406/192/619 407/190/619 404/188/619
f 395/176/620 396/177/620 409/178/620
f 409/178/620 396/177/620 408/179/621
f 399/180/622 410/181/622 396/177/623
f 396/177/623 410/181/622 408/179/623
f 399/180/624 401/182/624 410/181/625
f 410/181/625 401/182/624 411/183/624
f 395/176/626 409/178/626 401/182/626
f 401/182/626 409/178/626 411/183/626
f 409/178/627 408/179/628 413/184/629
f 413/184/629 408/179/628 412/185/628
f 410/181/630 414/186/630 408/179/631
f 408/179/631 414/186/630 412/185/631
f 410/181/632 411/183/633 414/186/633
f 414/186/633 411/183/633 415/187/633
f 409/178/634 413/184/635 411/183/635
f 411/183/635 413/184/635 415/187/635
f 413/188/636 412/189/636 416/190/636
f 412/189/637 414/191/637 416/190/637
f 414/191/638 415/192/638 416/190/638
f 415/192/639 413/188/639 416/190/639
f 417/193/515 420/195/516 418/194/517
f 418/194/517 420/195/516 419/196/517
f 419/196/513 422/198/514 418/194/513
f 418/194/513 422/198/514 421/197/512
f 421/197/522 422/198/640 423/199/522
f 423/199/522 422/198/640 424/200/522
f 424/200/519 420/195/519 423/199/519
f 423/199/519 420/195/519 417/193/518
f 420/195/525 426/201/525 419/196/526
f 419/196/526 426/201/525 425/202/526
f 425/202/524 427/203/523 419/196/641
f 419/196/641 427/203/523 422/198/523
f 422/198/529 427/203/530 424/200/529
f 424/200/529 427/203/530 428/204/529
f 428/204/527 426/201/528 424/200/527
f 424/200/527 426/201/528 420/195/527
f 426/205/532 429/207/532 425/206/532
f 425/206/531 429/207/531 427/208/531
f 427/208/534 429/207/534 428/209/534
f 428/209/533 429/207/533 426/205/533
f 417/193/540 418/194/538 431/195/539
f 431/195/539 418/194/538 430/196/538
f 421/197/535 432/198/536 418/194/537
f 418/194/537 432/198/536 430/196/537
f 421/197/544 423/199/543 432/198/642
f 432/198/642 423/199/543 433/200/543
f 417/193/541 431/195/643 423/199/541
f 423/199/541 431/195/643 433/200/541
f 431/195/548 430/196/547 435/201/548
f 435/201/548 430/196/547 434/202/547
f 432/198/545 436/203/545 430/196/546
f 430/196/546 436/203/545 434/202/546
f 432/198/551 433/200/551 436/203/552
f 436/203/552 433/200/551 437/204/551
f 431/195/549 435/201/550 433/200/549
f 433/200/549 435/201/550 437/204/549
f 435/205/554 434/206/554 438/207/554
f 434/206/553 436/208/553 438/207/553
f 436/208/556 437/209/556 438/207/556
f 437/209/555 435/205/555 438/207/555
f 439/210/644 442/212/644 440/211/645
f 440/211/645 442/212/644 441/213/645
f 441/213/646 444/215/647 440/211/648
f 440/211/648 444/215/647 443/214/647
f 443/214/649 444/215/650 445/216/651
f 445/216/651 444/215/650 446/217/652
f 446/217/653 442/212/653 445/216/653
f 445/216/653 442/212/653 439/210/653
f 442/212/654 448/218/654 441/213/655
f 441/213/655 448/218/654 447/219/655
f 447/219/656 449/220/657 441/213/656
f 441/213/656 449/220/657 444/215/658
f 444/215/659 449/220/659 446/217/659
f 446/217/659 449/220/659 450/221/659
f 450/221/660 448/218/660 446/217/660
f 446/217/660 448/218/660 442/212/661
f 448/222/662 451/224/662 447/223/662
f 447/223/663 451/224/663 449/225/663
f 449/225/664 451/224/664 450/226/664
f 450/226/665 451/224/665 448/222/665
f 439/210/666 440/211/667 453/212/666
f 453/212/666 440/211/667 452/213/667
f 443/214/668 454/215/668 440/211/669
f 440/211/669 454/215/668 452/213/669
f 443/214/670 445/216/671 454/215/672
f 454/215/672 445/216/671 455/217/671
f 439/210/673 453/212/673 445/216/673
f 445/216/673 453/212/673 455/217/673
f 453/212/674 452/213/675 457/218/674
f 457/218/674 452/213/675 456/219/675
f 454/215/676 458/220/677 452/213/676
f 452/213/676 458/220/677 456/219/676
f 454/215/678 455/217/678 458/220/678
f 458/220/678 455/217/678 459/221/678
f 453/212/679 457/218/680 455/217/680
f 455/217/680 457/218/680 459/221/680
f 457/222/681 456/223/681 460/224/681
f 456/223/682 458/225/682 460/224/682
f 458/225/683 459/226/683 460/224/683
f 459/226/684 457/222/684 460/224/684
f 462/227/685 463/228/685 461/229/686
f 461/229/686 463/228/685 464/230/685
f 463/228/687 465/231/688 464/230/687
f 464/230/687 465/231/688 466/232/688
f 466/232/688 465/231/688 468/233/688
f 468/233/688 465/231/688 467/234/688
f 468/233/689 467/234/690 470/235/690
f 470/235/690 467/234/690 469/236/691
f 469/236/692 471/237/692 470/235/692
f 470/235/692 471/237/692 472/238/692
f 463/228/693 636/239/693 465/231/693
f 465/231/693 636/239/693 637/240/693
f 465/231/693 637/240/693 638/241/693
f 462/227/694 639/242/695 463/228/694
f 463/228/694 639/242/695 636/239/695
f 469/236/696 641/243/696 471/237/696
f 471/237/696 641/243/696 642/244/696
f 471/237/696 642/244/696 643/245/696
f 467/234/696 644/246/696 469/236/696
f 469/236/696 644/246/696 645/247/696
f 469/236/696 645/247/696 641/243/696
f 465/231/693 646/248/693 467/234/693
f 467/234/693 646/248/693 644/246/693
f 464/230/697 473/249/697 461/229/697
f 466/232/697 474/250/697 464/230/697
f 464/230/697 474/250/697 473/249/697
f 472/238/697 475/251/697 470/235/697
f 470/235/697 475/251/697 468/233/697
f 475/251/697 474/250/697 468/233/697
f 468/233/697 474/250/697 466/232/697
f 477/230/698 476/228/699 461/229/700
f 461/229/700 476/228/699 462/227/699
f 479/232/701 478/231/701 477/230/702
f 477/230/702 478/231/701 476/228/702
f 479/232/701 481/233/701 478/231/701
f 478/231/701 481/233/701 480/234/701
f 481/233/703 483/235/704 480/234/703
f 480/234/703 483/235/704 482/236/705
f 472/238/692 471/237/692 483/235/692
f 483/235/692 471/237/692 482/236/692
f 476/228/706 478/231/706 648/239/706
f 648/239/706 478/231/706 647/240/706
f 482/236/696 471/237/696 652/243/696
f 652/243/696 471/237/696 651/244/696
f 480/234/696 482/236/696 654/246/696
f 654/246/696 482/236/696 653/247/696
f 654/246/706 655/248/706 480/234/706
f 480/234/706 655/248/706 478/231/706
f 478/231/706 655/248/706 649/241/706
f 477/230/697 461/229/697 473/249/697
f 473/249/697 474/250/697 477/230/697
f 477/230/697 474/250/697 479/232/697
f 472/238/697 483/235/697 475/251/697
f 475/251/697 483/235/697 481/233/697
f 475/251/697 481/233/697 474/250/697
f 474/250/697 481/233/697 479/232/697
f 485/252/707 486/253/708 484/254/709
f 484/254/709 486/253/708 487/255/710
f 485/252/707 488/256/711 486/253/708
f 486/253/708 488/256/711 489/257/712
f 489/257/712 490/258/713 486/253/708
f 486/253/708 490/258/713 491/259/714
f 487/255/710 486/253/708 492/260/715
f 492/260/715 486/253/708 491/259/714
f 491/259/714 493/261/716 492/260/715
f 492/260/715 493/261/716 494/262/717
f 491/259/714 490/258/713 493/261/716
f 493/261/716 490/258/713 495/263/718
f 497/264/719 488/256/711 496/265/720
f 496/265/720 488/256/711 485/252/707
f 498/266/721 496/265/720 484/254/709
f 484/254/709 496/265/720 485/252/707
f 497/264/719 499/267/722 488/256/711
f 488/256/711 499/267/722 489/257/712
f 489/257/712 499/267/722 490/258/713
f 490/258/713 499/267/722 495/263/718
f 498/266/721 484/254/709 500/268/723
f 500/268/723 484/254/709 487/255/710
f 487/255/710 492/260/715 500/268/723
f 500/268/723 492/260/715 494/262/717
f 504/255/724 503/253/725 501/254/726
f 501/254/726 503/253/725 502/252/727
f 502/252/727 503/253/725 505/256/728
f 505/256/728 503/253/725 506/257/729
f 508/259/730 507/258/731 503/253/725
f 503/253/725 507/258/731 506/257/729
f 504/255/724 509/260/732 503/253/725
f 503/253/725 509/260/732 508/259/730
f 494/262/733 493/261/734 509/260/732
f 509/260/732 493/261/734 508/259/730
f 508/259/730 493/261/734 507/258/731
f 507/258/731 493/261/734 495/263/735
f 502/252/727 505/256/728 496/265/736
f 496/265/736 505/256/728 497/264/737
f 498/266/738 501/254/726 496/265/736
f 496/265/736 501/254/726 502/252/727
f 506/257/729 499/267/739 505/256/728
f 505/256/728 499/267/739 497/264/737
f 506/257/729 507/258/731 499/267/739
f 499/267/739 507/258/731 495/263/735
f 498/266/738 500/268/740 501/254/726
f 501/254/726 500/268/740 504/255/724
f 494/262/733 509/260/732 500/268/740
f 500/268/740 509/260/732 504/255/724
f 511/269/741 512/270/742 510/271/741
f 510/271/741 512/270/742 513/272/741
f 515/273/743 516/274/744 514/275/745
f 514/275/745 516/274/744 517/276/744
f 517/276/746 516/274/746 519/277/747
f 519/277/747 516/274/746 518/278/747
f 519/277/748 518/278/748 521/279/749
f 521/279/749 518/278/748 520/280/749
f 521/279/750 520/280/750 523/281/751
f 523/281/751 520/280/750 522/282/751
f 524/283/752 525/284/753 517/276/752
f 517/276/752 525/284/753 514/275/754
f 526/285/755 524/283/755 519/277/755
f 519/277/755 524/283/755 517/276/755
f 527/286/756 521/279/756 523/281/756
f 526/285/757 519/277/758 527/286/757
f 527/286/757 519/277/758 521/279/758
f 528/287/708 525/284/708 524/283/708
f 529/288/759 530/289/759 510/271/760
f 510/271/760 530/289/759 511/269/759
f 510/271/708 525/284/708 529/288/708
f 529/288/708 525/284/708 528/287/708
f 514/275/761 525/284/762 513/272/763
f 513/272/763 525/284/762 510/271/761
f 512/270/764 515/273/743 513/272/764
f 513/272/764 515/273/743 514/275/745
f 531/290/765 532/291/765 520/280/765
f 520/280/765 532/291/765 522/282/765
f 531/290/766 520/280/766 533/292/766
f 533/292/766 520/280/766 518/278/766
f 534/293/767 533/292/767 516/274/767
f 516/274/767 533/292/767 518/278/767
f 515/273/768 535/294/768 516/274/768
f 516/274/768 535/294/768 534/293/768
f 536/295/769 535/294/769 512/270/769
f 512/270/769 535/294/769 515/273/769
f 537/296/770 536/295/770 511/269/770
f 511/269/770 536/295/770 512/270/770
f 538/297/771 537/296/771 530/289/771
f 530/289/771 537/296/771 511/269/771
f 540/298/772 541/299/772 539/300/773
f 539/300/773 541/299/772 542/301/773
f 544/302/774 545/303/774 543/304/775
f 543/304/775 545/303/774 546/305/776
f 544/302/777 547/306/778 545/303/777
f 545/303/777 547/306/778 548/307/778
f 547/306/779 549/308/780 548/307/781
f 548/307/781 549/308/780 550/309/780
f 549/308/782 523/281/783 550/309/782
f 550/309/782 523/281/783 522/282/782
f 524/283/784 544/302/785 551/310/784
f 551/310/784 544/302/785 543/304/786
f 526/285/787 547/306/787 524/283/787
f 524/283/787 547/306/787 544/302/787
f 527/286/788 523/281/788 549/308/788
f 549/308/789 547/306/789 527/286/790
f 527/286/790 547/306/789 526/285/790
f 528/287/708 524/283/708 551/310/708
f 529/288/791 539/300/792 530/289/791
f 530/289/791 539/300/792 542/301/791
f 528/287/708 551/310/708 529/288/708
f 529/288/708 551/310/708 539/300/708
f 543/304/793 540/298/794 551/310/794
f 551/310/794 540/298/794 539/300/793
f 543/304/775 546/305/776 540/298/795
f 540/298/795 546/305/776 541/299/795
f 552/311/796 550/309/796 532/291/796
f 532/291/796 550/309/796 522/282/796
f 548/307/797 550/309/797 553/312/797
f 553/312/797 550/309/797 552/311/797
f 554/313/798 545/303/798 553/312/798
f 553/312/798 545/303/798 548/307/798
f 546/305/799 545/303/799 555/314/799
f 555/314/799 545/303/799 554/313/799
f 556/315/800 541/299/800 555/314/800
f 555/314/800 541/299/800 546/305/800
f 541/299/801 556/315/801 542/301/801
f 542/301/801 556/315/801 557/316/801
f 538/297/802 530/289/802 557/316/802
f 557/316/802 530/289/802 542/301/802
f 561/272/803 560/270/803 558/271/804
f 558/271/804 560/270/803 559/269/804
f 565/276/805 564/274/805 562/275/806
f 562/275/806 564/274/805 563/273/807
f 565/276/808 567/277/809 564/274/808
f 564/274/808 567/277/809 566/278/809
f 567/277/810 569/279/811 566/278/810
f 566/278/810 569/279/811 568/280/811
f 569/279/812 571/281/813 568/280/812
f 568/280/812 571/281/813 570/282/812
f 572/283/814 565/276/815 573/284/815
f 573/284/815 565/276/815 562/275/816
f 574/285/817 567/277/817 572/283/817
f 572/283/817 567/277/817 565/276/817
f 575/286/818 571/281/818 569/279/818
f 569/279/819 567/277/820 575/286/820
f 575/286/820 567/277/820 574/285/820
f 576/287/725 572/283/725 573/284/725
f 577/288/821 558/271/822 578/289/821
f 578/289/821 558/271/822 559/269/822
f 576/287/725 573/284/725 577/288/725
f 577/288/725 573/284/725 558/271/725
f 562/275/823 561/272/824 573/284/825
f 573/284/825 561/272/824 558/271/823
f 562/275/806 563/273/807 561/272/826
f 561/272/826 563/273/807 560/270/826
f 531/290/765 568/280/765 532/291/765
f 532/291/765 568/280/765 570/282/765
f 566/278/766 568/280/766 533/292/766
f 533/292/766 568/280/766 531/290/766
f 534/293/767 564/274/767 533/292/767
f 533/292/767 564/274/767 566/278/767
f 563/273/768 564/274/768 535/294/768
f 535/294/768 564/274/768 534/293/768
f 536/295/769 560/270/769 535/294/769
f 535/294/769 560/270/769 563/273/769
f 560/270/770 536/295/770 559/269/770
f 559/269/770 536/295/770 537/296/770
f 538/297/771 578/289/771 537/296/771
f 537/296/771 578/289/771 559/269/771
f 582/301/827 581/299/828 579/300/827
f 579/300/827 581/299/828 580/298/828
f 586/305/829 585/303/830 583/304/831
f 583/304/831 585/303/830 584/302/830
f 584/302/832 585/303/832 587/306/833
f 587/306/833 585/303/832 588/307/833
f 587/306/834 588/307/835 589/308/836
f 589/308/836 588/307/835 590/309/836
f 589/308/837 590/309/838 571/281/838
f 571/281/838 590/309/838 570/282/837
f 572/283/839 591/310/839 584/302/840
f 584/302/840 591/310/839 583/304/841
f 574/285/842 572/283/842 587/306/842
f 587/306/842 572/283/842 584/302/842
f 575/286/843 589/308/843 571/281/843
f 574/285/844 587/306/845 575/286/844
f 575/286/844 587/306/845 589/308/845
f 576/287/725 591/310/725 572/283/725
f 577/288/846 578/289/846 579/300/847
f 579/300/847 578/289/846 582/301/846
f 579/300/725 591/310/725 577/288/725
f 577/288/725 591/310/725 576/287/725
f 583/304/848 591/310/849 580/298/849
f 580/298/849 591/310/849 579/300/848
f 581/299/850 586/305/829 580/298/850
f 580/298/850 586/305/829 583/304/831
f 552/311/796 532/291/796 590/309/796
f 590/309/796 532/291/796 570/282/796
f 552/311/797 590/309/797 553/312/797
f 553/312/797 590/309/797 588/307/797
f 554/313/798 553/312/798 585/303/798
f 585/303/798 553/312/798 588/307/798
f 586/305/799 555/314/799 585/303/799
f 585/303/799 555/314/799 554/313/799
f 556/315/800 555/314/800 581/299/800
f 581/299/800 555/314/800 586/305/800
f 557/316/801 556/315/801 582/301/801
f 582/301/801 556/315/801 581/299/801
f 538/297/802 557/316/802 578/289/802
f 578/289/802 557/316/802 582/301/802
f 592/317/851 593/318/852 595/319/851
f 595/319/851 593/318/852 594/320/853
f 592/317/854 595/319/854 596/321/855
f 596/321/855 595/319/854 597/322/856
f 598/323/857 599/324/857 593/318/857
f 593/318/857 599/324/857 594/320/857
f 600/325/858 596/321/858 601/326/858
f 601/326/858 596/321/858 597/322/858
f 602/327/859 603/328/860 598/323/859
f 598/323/859 603/328/860 599/324/860
f 602/327/861 600/325/861 603/328/862
f 603/328/862 600/325/861 601/326/862
f 595/319/863 594/320/863 605/329/863
f 605/329/863 594/320/863 604/330/863
f 595/319/864 605/329/864 597/322/864
f 597/322/864 605/329/864 606/331/864
f 599/324/708 607/332/708 594/320/708
f 594/320/708 607/332/708 604/330/708
f 601/326/708 597/322/708 608/333/708
f 608/333/708 597/322/708 606/331/708
f 603/328/865 609/334/865 599/324/865
f 599/324/865 609/334/865 607/332/865
f 603/328/866 601/326/866 609/334/866
f 609/334/866 601/326/866 608/333/866
f 605/329/867 604/330/868 611/335/868
f 611/335/868 604/330/868 610/336/868
f 605/329/869 611/335/869 606/331/870
f 606/331/870 611/335/869 612/337/870
f 607/332/871 613/338/871 604/330/871
f 604/330/871 613/338/871 610/336/871
f 608/333/872 606/331/872 614/339/872
f 614/339/872 606/331/872 612/337/872
f 609/334/873 615/340/873 607/332/873
f 607/332/873 615/340/873 613/338/873
f 609/334/874 608/333/874 615/340/874
f 615/340/874 608/333/874 614/339/874
f 611/341/875 610/342/875 616/343/875
f 612/344/876 611/341/876 616/343/876
f 610/342/877 613/345/877 616/343/877
f 614/346/878 612/344/878 616/343/878
f 613/345/879 615/347/879 616/343/879
f 615/347/880 614/346/880 616/343/880
f 592/317/881 618/319/881 593/318/882
f 593/318/882 618/319/881 617/320/883
f 619/322/884 618/319/885 596/321/886
f 596/321/886 618/319/885 592/317/885
f 617/320/887 620/324/887 593/318/887
f 593/318/887 620/324/887 598/323/887
f 600/325/888 621/326/888 596/321/888
f 596/321/888 621/326/888 619/322/888
f 620/324/889 622/328/890 598/323/889
f 598/323/889 622/328/890 602/327/889
f 602/327/891 622/328/892 600/325/891
f 600/325/891 622/328/892 621/326/891
f 618/319/893 624/329/893 617/320/893
f 617/320/893 624/329/893 623/330/893
f 625/331/894 624/329/894 619/322/894
f 619/322/894 624/329/894 618/319/894
f 623/330/725 626/332/725 617/320/725
f 617/320/725 626/332/725 620/324/725
f 621/326/725 627/333/725 619/322/725
f 619/322/725 627/333/725 625/331/725
f 626/332/895 628/334/895 620/324/895
f 620/324/895 628/334/895 622/328/895
f 622/328/896 628/334/896 621/326/896
f 621/326/896 628/334/896 627/333/896
f 624/329/897 630/335/898 623/330/898
f 623/330/898 630/335/898 629/336/898
f 631/337/899 630/335/900 625/331/899
f 625/331/899 630/335/900 624/329/900
f 629/336/901 632/338/901 623/330/901
f 623/330/901 632/338/901 626/332/901
f 627/333/902 633/339/902 625/331/902
f 625/331/902 633/339/902 631/337/902
f 632/338/903 634/340/903 626/332/903
f 626/332/903 634/340/903 628/334/903
f 628/334/904 634/340/904 627/333/904
f 627/333/904 634/340/904 633/339/904
f 630/341/905 635/343/905 629/342/905
f 631/344/906 635/343/906 630/341/906
f 629/342/907 635/343/907 632/345/907
f 633/346/908 635/343/908 631/344/908
f 632/345/909 635/343/909 634/347/909
f 634/347/910 635/343/910 633/346/910
f 640/348/911 639/242/911 462/227/912
f 638/241/693 646/248/693 465/231/693
f 649/241/706 647/240/706 478/231/706
f 650/242/913 640/348/913 462/227/914
f 648/239/915 650/242/915 476/228/914
f 476/228/914 650/242/915 462/227/914
f 643/245/696 651/244/696 471/237/696
f 652/243/696 653/247/696 482/236/696
f 650/242/916 660/242/916 640/348/916
f 648/239/916 659/239/916 650/242/916
f 650/242/916 659/239/916 660/242/916
f 643/245/917 656/248/916 651/244/916
f 656/248/916 655/248/916 651/244/916
f 651/244/916 655/248/916 652/243/916
f 652/243/916 655/248/916 653/247/916
f 655/248/916 654/246/918 653/247/916
f 658/240/916 659/239/916 647/240/916
f 647/240/916 659/239/916 648/239/916
f 657/241/916 658/240/916 649/241/916
f 649/241/916 658/240/916 647/240/916
f 656/248/916 657/241/916 655/248/916
f 655/248/916 657/241/916 649/241/916
f 646/248/916 656/248/916 644/246/916
f 644/246/916 656/248/916 645/247/916
f 645/247/916 656/248/916 641/243/916
f 641/243/916 656/248/916 642/244/918
f 656/248/916 643/245/917 642/244/918
f 638/241/916 657/241/916 646/248/916
f 646/248/916 657/241/916 656/248/916
f 637/240/916 658/240/916 638/241/916
f 638/241/916 658/240/916 657/241/916
f 637/240/916 636/239/916 658/240/916
f 658/240/916 636/239/916 659/239/916
f 660/242/916 659/239/916 639/242/916
f 639/242/916 659/239/916 636/239/916
f 640/348/916 660/242/916 639/242/916
o blade_fragment
v -307.272766 5.763633 -0.000000
v -307.272766 4.684897 0.625522
v -286.088593 5.056824 0.801114
v -286.088562 6.312395 -0.000000
v -325.183838 2.508336 -0.000000
v -322.147858 2.508336 0.515784
v -307.272919 2.509036 0.625522
v -286.088562 2.508336 0.801114
v -307.272766 -0.737098 0.000000
v -307.272766 0.468917 0.625522
v -286.088593 -0.737098 0.801114
v -286.088593 -0.737098 0.468287
v -286.088593 -0.737098 0.000000
v -307.272766 4.684897 -0.625524
v -286.088593 5.056824 -0.801115
v -322.147858 2.508336 -0.515787
v -307.272919 2.509036 -0.625524
v -286.088562 2.508336 -0.801115
v -307.272766 0.468917 -0.625524
v -286.088593 -0.737098 -0.801115
v -286.088593 -0.737098 -0.468290
v -190.474060 6.663644 0.480696
v -189.679626 7.426209 -0.000001
v -196.922943 0.473407 0.870584
v -194.802979 2.508336 0.872235
v -193.179855 4.066368 -0.873501
v -194.802979 2.508336 -0.872237
v -190.474045 6.663644 -0.480698
v -191.845932 5.346780 -0.874541
v -198.183990 -0.737098 -0.296094
v -198.184036 -0.737098 0.000000
v -198.183990 -0.737098 -0.718771
v -198.184036 -0.737098 -0.508330
v -193.179855 4.066368 0.873500
v -191.845917 5.346780 0.874539
v -198.184036 -0.737098 0.296092
v -198.183990 -0.737098 0.508327
v -198.184036 -0.737098 0.718770
v -198.184021 -0.737098 0.869601
v -198.184021 -0.737098 -0.869602
v -196.922943 0.473407 -0.870585
v -196.922943 0.473407 -0.000001
v -194.802979 2.508336 -0.000001
v -193.179855 4.066368 -0.000001
v -191.845917 5.346780 0.000001
v -190.474060 6.663644 -0.000001
vn -0.0160 0.5016 0.8650
vn -0.0140 0.5369 0.8435
vn -0.0159 0.5035 0.8639
vn -0.0139 0.5378 0.8429
vn -0.0986 0.5789 0.8094
vn -0.0986 0.5788 0.8095
vn -0.0082 -0.0000 1.0000
vn -0.0074 -0.0000 1.0000
vn -0.0078 -0.0000 1.0000
vn -0.0008 -0.0000 1.0000
vn -0.0918 -0.5526 0.8283
vn -0.0919 -0.5527 0.8283
vn -0.0918 -0.5526 0.8284
vn -0.0083 -0.0000 1.0000
vn -0.0296 -0.6218 0.7826
vn -0.0000 -1.0000 -0.0000
vn -0.0030 0.3667 0.9303
vn -0.0062 0.5379 0.8430
vn -0.0139 0.5378 -0.8429
vn -0.0140 0.5365 -0.8438
vn -0.0159 0.5032 -0.8640
vn -0.0160 0.5016 -0.8650
vn -0.0986 0.5788 -0.8095
vn -0.0986 0.5789 -0.8094
vn -0.0082 -0.0000 -1.0000
vn -0.0078 -0.0000 -1.0000
vn -0.0074 -0.0000 -1.0000
vn -0.0083 -0.0000 -1.0000
vn -0.0008 -0.0000 -1.0000
vn -0.0919 -0.5527 -0.8283
vn -0.0918 -0.5526 -0.8283
vn -0.0919 -0.5526 -0.8283
vn -0.0296 -0.6218 -0.7826
vn -0.0062 0.5379 -0.8430
vn -0.0030 0.3667 -0.9303
vn -0.0016 0.2881 -0.9576
vn -0.0016 0.2881 0.9576
vn 0.6925 -0.7214 -0.0000
vn 0.6925 -0.7214 0.0001
vn 0.6925 -0.7214 -0.0001
vt 0.119506 0.066527
vt 0.116483 0.118388
vt 0.116550 0.066333
vt 0.113020 0.118333
vt 0.127441 0.023108
vt 0.126995 0.030669
vt 0.124880 0.066819
vt 0.122705 0.118481
vt 0.129920 0.067092
vt 0.133166 0.067240
vt 0.130626 0.118600
vt 0.131297 0.118608
vt 0.132239 0.118619
vt 0.110354 0.351788
vt 0.108236 0.353694
vt 0.125703 0.336218
vt 0.120690 0.341319
vt 0.116850 0.345224
vt 0.113696 0.348461
vt 0.129838 0.333163
vt 0.130433 0.333170
vt 0.128987 0.333147
vt 0.129411 0.333152
vt 0.128684 0.333140
s 1
usemtl initialShadingGroup.013
f 662/349/919 663/350/920 661/351/921
f 661/351/921 663/350/920 664/352/922
f 665/353/923 666/354/923 661/351/924
f 661/351/924 666/354/923 662/349/924
f 662/349/925 666/354/926 667/355/927
f 663/350/928 662/349/925 668/356/925
f 668/356/925 662/349/925 667/355/927
f 670/357/929 666/354/930 669/358/931
f 669/358/931 666/354/930 665/353/930
f 670/357/932 667/355/927 666/354/926
f 671/359/928 668/356/925 670/357/932
f 670/357/932 668/356/925 667/355/927
f 672/360/933 671/359/933 669/358/933
f 669/358/933 671/359/933 670/357/933
f 673/361/934 672/360/934 669/358/934
f 663/350/935 682/362/936 664/352/935
f 664/352/935 682/362/936 683/363/936
f 671/359/928 684/364/928 668/356/925
f 668/356/925 684/364/928 685/365/928
f 664/352/937 675/350/938 661/351/939
f 661/351/939 675/350/938 674/349/940
f 674/349/941 676/354/942 661/351/941
f 661/351/941 676/354/942 665/353/942
f 674/349/943 677/355/944 676/354/945
f 677/355/944 674/349/943 678/356/946
f 678/356/946 674/349/943 675/350/947
f 665/353/948 676/354/948 669/358/949
f 669/358/949 676/354/948 679/357/950
f 679/357/946 676/354/945 677/355/944
f 680/359/947 679/357/946 678/356/946
f 678/356/946 679/357/946 677/355/944
f 681/360/951 669/358/951 680/359/951
f 680/359/951 669/358/951 679/357/951
f 673/361/934 669/358/934 681/360/934
f 686/366/947 687/365/947 675/350/947
f 675/350/947 687/365/947 678/356/946
f 683/363/952 688/362/952 664/352/953
f 664/352/953 688/362/952 675/350/953
f 675/350/953 688/362/954 689/367/954
f 681/360/934 690/368/934 673/361/934
f 673/361/934 690/368/934 691/369/934
f 680/359/934 692/370/934 681/360/934
f 681/360/934 692/370/934 693/371/934
f 694/366/928 695/367/928 663/350/928
f 694/366/928 663/350/928 685/365/928
f 685/365/928 663/350/928 668/356/925
f 695/367/955 682/362/955 663/350/935
f 696/368/934 697/371/934 672/360/934
f 691/369/934 696/368/934 673/361/934
f 673/361/934 696/368/934 672/360/934
f 698/370/934 699/372/934 671/359/934
f 697/371/934 698/370/934 672/360/934
f 672/360/934 698/370/934 671/359/934
f 699/372/928 684/364/928 671/359/928
f 689/367/947 686/366/947 675/350/947
f 693/371/934 690/368/934 681/360/934
f 700/372/934 692/370/934 680/359/934
f 701/364/947 700/372/947 680/359/947
f 687/365/947 701/364/947 678/356/946
f 678/356/946 701/364/947 680/359/947
f 683/363/956 682/362/956 706/362/956
f 706/362/956 682/362/956 705/367/956
f 705/367/956 682/362/956 695/367/956
f 704/366/956 705/367/956 694/366/956
f 694/366/956 705/367/956 695/367/956
f 703/365/956 704/366/956 685/365/956
f 685/365/956 704/366/956 694/366/956
f 702/364/956 703/365/956 684/364/956
f 684/364/956 703/365/956 685/365/956
f 691/369/957 702/364/956 696/368/958
f 702/364/956 684/364/956 696/368/958
f 696/368/958 684/364/956 697/371/956
f 697/371/956 684/364/956 698/370/956
f 684/364/956 699/372/958 698/370/956
f 701/364/956 702/364/956 700/372/958
f 700/372/958 702/364/956 692/370/956
f 692/370/956 702/364/956 693/371/956
f 693/371/956 702/364/956 690/368/956
f 702/364/956 691/369/957 690/368/956
f 687/365/956 703/365/956 701/364/956
f 701/364/956 703/365/956 702/364/956
f 686/366/956 704/366/956 687/365/956
f 687/365/956 704/366/956 703/365/956
f 689/367/956 705/367/956 686/366/956
f 686/366/956 705/367/956 704/366/956
f 706/362/956 705/367/956 688/362/956
f 688/362/956 705/367/956 689/367/956
f 683/363/956 706/362/956 688/362/956
o blade_luminous
v -325.194031 2.508337 0.000017
v -307.282959 5.763634 0.000017
v -307.283112 2.509037 0.729485
v -322.158020 2.508337 0.619748
v -307.282959 4.684898 0.729485
v -307.282959 -0.737097 0.000017
v -307.282959 0.468918 0.729485
v -286.098755 2.508337 0.905075
v -286.098785 5.056825 0.905075
v -286.098755 6.312396 0.000017
v -286.098785 -0.737097 0.000017
v -286.098785 -0.737097 0.905075
v -46.091705 0.182610 -0.000000
v -46.091686 2.704595 -0.000000
v -46.091705 5.356992 -0.000000
v -47.041164 9.074232 -0.000001
v -46.091686 7.097111 -0.000001
v -47.040783 5.792334 1.091307
v -46.091705 5.300307 0.647494
v -47.040562 2.508337 1.091307
v -46.091686 2.704595 0.647614
v -47.040585 -0.737097 1.091307
v -46.091705 0.182493 0.647614
v -46.091705 -0.042682 0.465240
v -47.040379 -0.737097 0.681119
v -47.040379 -0.737097 0.000000
v -46.091705 -0.042682 0.000000
v -41.472279 8.822538 4.967999
v -41.472279 -0.431583 4.967999
v -32.218163 8.822538 4.967999
v -32.218163 -0.431583 4.967999
v -30.598696 10.442007 -0.000001
v -43.091770 -2.051069 0.000000
v -43.091770 10.442007 -0.000001
v -43.091770 4.195469 6.670432
v -36.845234 -2.051069 6.670432
v -30.598696 4.195469 6.670432
v -36.845234 10.442008 6.670431
v -30.598696 -2.051069 0.000000
v -36.845234 4.195469 8.859248
v -28.516516 4.195469 -0.000000
v -45.173950 4.195469 -0.000000
v -36.845234 -4.133248 0.000000
v -36.845234 12.524187 -0.000001
v 72.180397 4.195469 0.288700
v 64.005417 7.485396 0.579054
v 64.005417 0.905559 0.579055
v 57.159714 6.089670 0.579055
v 57.159714 2.301286 0.579055
v 54.899963 4.195469 0.579055
v 63.380104 4.195469 2.753392
v -307.283112 2.509037 -0.729446
v -322.158020 2.508337 -0.619708
v -307.282959 4.684898 -0.729446
v -307.282959 0.468918 -0.729446
v -286.098755 2.508337 -0.905035
v -286.098785 5.056825 -0.905035
v -286.098785 -0.737097 -0.905035
v -47.040783 5.792334 -1.091308
v -46.091705 5.300307 -0.647496
v -47.040562 2.508337 -1.091308
v -46.091686 2.704595 -0.647616
v -47.040585 -0.737097 -1.091308
v -46.091705 0.182493 -0.647616
v -46.091705 -0.042682 -0.465242
v -47.040379 -0.737097 -0.681119
v -41.472279 8.822538 -4.968000
v -41.472279 -0.431583 -4.968000
v -32.218163 8.822538 -4.968000
v -32.218163 -0.431583 -4.968000
v -43.091770 4.195468 -6.670433
v -36.845234 -2.051069 -6.670432
v -30.598696 4.195468 -6.670433
v -36.845234 10.442006 -6.670433
v -36.845234 4.195468 -8.859249
v 72.180397 4.195469 -0.288741
v 64.005417 7.485396 -0.579100
v 64.005417 0.905559 -0.579099
v 57.159714 6.089670 -0.579099
v 57.159714 2.301286 -0.579099
v 54.899963 4.195469 -0.579099
v 63.380104 4.195469 -2.753435
v -34.612503 29.412327 -0.514376
v -37.540512 21.940916 -0.300053
v -37.540512 36.883751 -0.300054
v -40.569454 29.412327 -0.514376
v -37.587353 29.412327 -2.075185
v -21.433943 22.151567 -0.514376
v -28.581259 18.503122 -0.300052
v -18.668617 29.684725 -0.300053
v -25.891472 26.103228 -0.514376
v -23.660006 24.124990 -2.075185
v -48.246712 26.751001 -0.514376
v -45.922249 19.070358 -0.300052
v -55.170792 30.807167 -0.300053
v -52.925587 23.064079 -0.514376
v -50.583317 24.909773 -2.075185
v -34.612503 -21.021387 -0.514372
v -37.540512 -13.549979 -0.300050
v -37.540512 -28.492813 -0.300049
v -40.569454 -21.021387 -0.514372
v -37.587353 -21.021387 -2.075181
v -21.433943 -13.760628 -0.514373
v -28.581259 -10.112184 -0.300050
v -18.668617 -21.293785 -0.300049
v -25.891472 -17.712288 -0.514373
v -23.660006 -15.734051 -2.075182
v -48.246712 -18.360062 -0.514373
v -45.922249 -10.679421 -0.300050
v -55.170792 -22.416229 -0.300049
v -52.925587 -14.673140 -0.514373
v -50.583317 -16.518833 -2.075182
v -34.612503 29.412327 0.514372
v -37.540512 21.940916 0.300049
v -37.540512 36.883751 0.300048
v -40.569454 29.412327 0.514372
v -37.587353 29.412327 2.075181
v -21.433943 22.151567 0.514372
v -28.581259 18.503122 0.300050
v -18.668617 29.684725 0.300049
v -25.891472 26.103228 0.514372
v -23.660006 24.124990 2.075181
v -48.246712 26.751001 0.514372
v -45.922249 19.070358 0.300050
v -55.170792 30.807167 0.300049
v -52.925587 23.064079 0.514372
v -50.583317 24.909773 2.075181
v -34.612503 -21.021387 0.514376
v -37.540512 -13.549979 0.300052
v -37.540512 -28.492813 0.300053
v -40.569454 -21.021387 0.514376
v -37.587353 -21.021387 2.075185
v -21.433943 -13.760628 0.514375
v -28.581259 -10.112184 0.300052
v -18.668617 -21.293785 0.300053
v -25.891472 -17.712288 0.514375
v -23.660006 -15.734051 2.075184
v -48.246712 -18.360062 0.514375
v -45.922249 -10.679421 0.300052
v -55.170792 -22.416229 0.300053
v -52.925587 -14.673140 0.514375
v -50.583317 -16.518833 2.075184
vn -0.0167 0.5601 0.8283
vn -0.0158 0.5735 0.8190
vn -0.1090 0.6423 0.7587
vn -0.1090 0.6422 0.7587
vn -0.0083 -0.0000 1.0000
vn -0.0074 -0.0000 1.0000
vn -0.0078 -0.0000 1.0000
vn -0.0008 -0.0000 1.0000
vn -0.1019 -0.6165 0.7807
vn -0.1020 -0.6166 0.7807
vn -0.1020 -0.6165 0.7807
vn -0.0079 -0.0000 1.0000
vn -0.0007 -0.0000 1.0000
vn -0.0321 -0.6606 0.7501
vn -0.0320 -0.6606 0.7501
vn -0.0000 -1.0000 -0.0000
vn 0.5405 0.2726 0.7959
vn 0.5405 0.2726 0.7960
vn 0.4236 -0.0000 0.9058
vn 0.4236 -0.0000 0.9059
vn 0.6765 -0.6883 0.2618
vn 0.5907 -0.8069 -0.0000
vn -0.0033 0.4027 0.9153
vn -0.0033 0.4026 0.9154
vn 1.0000 -0.0000 -0.0000
vn -0.7362 -0.0000 0.6768
vn -0.0000 -0.0000 1.0000
vn -0.5860 0.5860 0.5597
vn -0.0000 0.7362 0.6768
vn -0.5860 -0.5860 0.5597
vn -0.0000 -0.7362 0.6768
vn 0.5860 -0.5860 0.5597
vn 0.7362 -0.0000 0.6768
vn 0.5860 0.5860 0.5597
vn 0.9367 -0.0000 0.3502
vn 0.6615 0.6615 0.3534
vn 0.6615 -0.6615 0.3534
vn -0.6615 -0.6615 0.3534
vn -0.9366 -0.0000 0.3503
vn -0.6615 0.6615 0.3534
vn -0.0000 -0.9366 0.3503
vn -0.0000 0.9367 0.3502
vn 0.2328 0.5050 0.8311
vn 0.2328 -0.5050 0.8311
vn -0.1147 0.5628 0.8186
vn -0.1147 -0.5628 0.8186
vn -0.2381 0.2841 0.9288
vn -0.2381 -0.2841 0.9288
vn -0.0158 0.5735 -0.8190
vn -0.0158 0.5735 -0.8191
vn -0.1090 0.6422 -0.7587
vn -0.1090 0.6423 -0.7587
vn -0.0083 -0.0000 -1.0000
vn -0.0078 -0.0000 -1.0000
vn -0.0074 -0.0000 -1.0000
vn -0.0008 -0.0000 -1.0000
vn -0.1020 -0.6166 -0.7807
vn -0.1020 -0.6165 -0.7807
vn -0.1019 -0.6165 -0.7807
vn -0.0079 -0.0000 -1.0000
vn -0.0007 -0.0000 -1.0000
vn -0.0321 -0.6606 -0.7501
vn -0.0320 -0.6606 -0.7501
vn 0.5405 0.2726 -0.7959
vn 0.5405 0.2726 -0.7960
vn 0.4236 -0.0000 -0.9059
vn 0.4236 -0.0000 -0.9058
vn 0.6765 -0.6883 -0.2618
vn -0.0033 0.4027 -0.9153
vn -0.0033 0.4026 -0.9154
vn -0.0000 0.7362 -0.6768
vn -0.0000 -0.0000 -1.0000
vn -0.5860 0.5860 -0.5597
vn -0.7362 -0.0000 -0.6768
vn -0.5860 -0.5860 -0.5597
vn -0.0000 -0.7362 -0.6768
vn 0.7362 -0.0000 -0.6768
vn 0.5860 -0.5860 -0.5597
vn 0.5860 0.5860 -0.5597
vn 0.6615 0.6615 -0.3534
vn 0.9366 -0.0000 -0.3503
vn 0.6615 -0.6615 -0.3534
vn -0.9366 -0.0000 -0.3503
vn -0.6615 -0.6615 -0.3534
vn -0.6615 0.6615 -0.3534
vn -0.0000 -0.9366 -0.3503
vn -0.0000 0.9367 -0.3502
vn 0.2328 0.5050 -0.8311
vn 0.2328 -0.5050 -0.8311
vn -0.1147 0.5628 -0.8186
vn -0.1147 -0.5628 -0.8186
vn -0.2381 0.2841 -0.9288
vn -0.2381 -0.2841 -0.9288
vn 0.4549 -0.2032 -0.8671
vn 0.4549 0.2032 -0.8671
vn -0.4535 0.2087 -0.8665
vn -0.4535 -0.2087 -0.8665
vn 0.2056 -0.4538 -0.8671
vn 0.4752 -0.1498 -0.8671
vn -0.2009 0.4570 -0.8665
vn -0.4778 0.1447 -0.8665
vn 0.4830 0.1220 -0.8671
vn 0.2316 0.4411 -0.8671
vn -0.4854 -0.1168 -0.8665
vn -0.2270 -0.4446 -0.8665
vn 0.2056 0.4538 -0.8671
vn 0.4752 0.1498 -0.8671
vn -0.2009 -0.4570 -0.8665
vn -0.4778 -0.1447 -0.8665
vn 0.4830 -0.1220 -0.8671
vn 0.2316 -0.4411 -0.8671
vn -0.4854 0.1168 -0.8665
vn -0.2270 0.4446 -0.8665
vn 0.4549 -0.2032 0.8671
vn 0.4549 0.2032 0.8671
vn -0.4535 0.2087 0.8665
vn -0.4535 -0.2087 0.8665
vn 0.2056 -0.4538 0.8671
vn 0.4752 -0.1498 0.8671
vn -0.2009 0.4570 0.8665
vn -0.4778 0.1447 0.8665
vn 0.4830 0.1220 0.8671
vn 0.2316 0.4411 0.8671
vn -0.4854 -0.1168 0.8665
vn -0.2270 -0.4446 0.8665
vn 0.2056 0.4538 0.8671
vn 0.4752 0.1498 0.8671
vn -0.2009 -0.4570 0.8665
vn -0.4778 -0.1447 0.8665
vn 0.4830 -0.1220 0.8671
vn 0.2316 -0.4411 0.8671
vn -0.4854 0.1168 0.8665
vn -0.2270 0.4446 0.8665
vt 0.324594 0.066490
vt 0.323687 0.118195
vt 0.321961 0.066490
vt 0.320622 0.118195
vt 0.329907 0.022773
vt 0.329907 0.030183
vt 0.329905 0.066490
vt 0.329907 0.118195
vt 0.334884 0.066490
vt 0.337828 0.066490
vt 0.337828 0.118195
vt 0.313881 0.701679
vt 0.321891 0.701680
vt 0.318707 0.703996
vt 0.323092 0.703996
vt 0.329907 0.701680
vt 0.329428 0.703996
vt 0.335584 0.703996
vt 0.337828 0.701680
vt 0.336133 0.703996
vt 0.337828 0.701681
vt 0.322954 0.703996
vt 0.335583 0.703996
vt 0.215479 0.545026
vt 0.216756 0.584218
vt 0.181250 0.550953
vt 0.177564 0.585495
vt 0.250022 0.548712
vt 0.255949 0.582941
vt 0.252263 0.617484
vt 0.218034 0.623411
vt 0.183491 0.619725
vt 0.219322 0.662949
vt 0.162879 0.641726
vt 0.274264 0.638096
vt 0.270634 0.526711
vt 0.214191 0.505488
vt 0.159249 0.530341
vt 0.295487 0.581653
vt 0.138026 0.586784
vt 0.646838 0.219908
vt 0.613684 0.137524
vt 0.646838 0.131223
vt 0.679992 0.137524
vt 0.627749 0.068536
vt 0.665927 0.068536
vt 0.646838 0.045764
vt 0.412322 0.214058
vt 0.413360 0.135832
vt 0.380060 0.135577
vt 0.413518 0.057598
vt 0.446742 0.136087
vt 0.487903 0.057004
vt 0.486433 0.135224
vt 0.519731 0.135662
vt 0.485842 0.213455
vt 0.453052 0.134784
vt 0.562661 0.213407
vt 0.564260 0.135190
vt 0.530963 0.134697
vt 0.564980 0.056960
vt 0.597640 0.135685
s 1
usemtl initialShadingGroup.013
f 711/373/959 715/374/959 708/375/959
f 708/375/960 715/374/960 716/376/960
f 707/377/961 710/378/962 708/375/962
f 708/375/962 710/378/962 711/373/962
f 711/373/963 710/378/964 709/379/965
f 715/374/966 711/373/963 714/380/963
f 714/380/963 711/373/963 709/379/965
f 713/381/967 710/378/968 712/382/969
f 712/382/969 710/378/968 707/377/968
f 713/381/970 709/379/965 710/378/964
f 718/383/971 714/380/963 713/381/970
f 713/381/970 714/380/963 709/379/965
f 718/383/972 713/381/973 712/382/972
f 717/383/974 718/383/974 712/382/974
f 722/384/975 724/385/975 723/386/976
f 723/386/976 724/385/975 725/387/975
f 724/385/977 726/388/978 725/387/977
f 725/387/977 726/388/978 727/389/978
f 727/389/978 726/388/978 729/390/978
f 729/390/978 726/388/978 728/391/978
f 729/390/979 728/391/979 730/392/979
f 730/392/979 728/391/979 731/393/979
f 731/393/980 732/393/980 730/392/980
f 730/392/980 732/393/980 733/392/980
f 724/385/966 715/374/966 726/388/966
f 726/388/966 715/374/966 714/380/963
f 716/376/981 715/374/981 722/384/982
f 722/384/982 715/374/981 724/385/981
f 731/393/974 718/383/974 732/393/974
f 732/393/974 718/383/974 717/383/974
f 728/391/974 718/383/974 731/393/974
f 728/391/966 726/388/966 718/383/971
f 718/383/971 726/388/966 714/380/963
f 725/387/983 721/394/983 723/386/983
f 727/389/983 720/389/983 725/387/983
f 725/387/983 720/389/983 721/394/983
f 733/392/983 719/395/983 730/392/983
f 730/392/983 719/395/983 729/390/983
f 719/395/983 720/389/983 729/390/983
f 729/390/983 720/389/983 727/389/983
f 741/396/984 746/397/985 734/398/986
f 734/398/986 746/397/985 744/399/987
f 741/396/984 735/400/988 746/397/985
f 746/397/985 735/400/988 742/401/989
f 742/401/989 737/402/990 746/397/985
f 746/397/985 737/402/990 743/403/991
f 744/399/987 746/397/985 736/404/992
f 736/404/992 746/397/985 743/403/991
f 743/403/991 747/405/993 736/404/992
f 736/404/992 747/405/993 738/406/994
f 743/403/991 737/402/990 747/405/993
f 747/405/993 737/402/990 745/407/995
f 739/408/996 735/400/988 748/409/997
f 748/409/997 735/400/988 741/396/984
f 740/410/998 748/409/997 734/398/986
f 734/398/986 748/409/997 741/396/984
f 739/408/996 749/411/999 735/400/988
f 735/400/988 749/411/999 742/401/989
f 742/401/989 749/411/999 737/402/990
f 737/402/990 749/411/999 745/407/995
f 740/410/998 734/398/986 750/412/1000
f 750/412/1000 734/398/986 744/399/987
f 744/399/987 736/404/992 750/412/1000
f 750/412/1000 736/404/992 738/406/994
f 751/413/1001 752/414/1001 757/415/1001
f 753/416/1002 751/413/1002 757/415/1002
f 752/414/1003 754/417/1003 757/415/1003
f 755/418/1004 753/416/1004 757/415/1004
f 754/417/1005 756/419/1005 757/415/1005
f 756/419/1006 755/418/1006 757/415/1006
f 716/376/1007 763/374/1008 708/375/1008
f 708/375/1008 763/374/1008 760/373/1007
f 760/373/1009 759/378/1009 708/375/1009
f 708/375/1009 759/378/1009 707/377/1010
f 760/373/1011 758/379/1012 759/378/1013
f 758/379/1012 760/373/1011 762/380/1011
f 762/380/1011 760/373/1011 763/374/1014
f 707/377/1015 759/378/1015 712/382/1016
f 712/382/1016 759/378/1015 761/381/1017
f 761/381/1018 759/378/1013 758/379/1012
f 764/383/1019 761/381/1018 762/380/1011
f 762/380/1011 761/381/1018 758/379/1012
f 764/383/1020 712/382/1021 761/381/1020
f 717/383/974 712/382/974 764/383/974
f 766/387/1022 765/385/1022 723/386/1023
f 723/386/1023 765/385/1022 722/384/1022
f 768/389/1024 767/388/1024 766/387/1025
f 766/387/1025 767/388/1024 765/385/1025
f 768/389/1024 770/390/1024 767/388/1024
f 767/388/1024 770/390/1024 769/391/1024
f 770/390/1026 771/392/1026 769/391/1026
f 769/391/1026 771/392/1026 772/393/1026
f 733/392/980 732/393/980 771/392/980
f 771/392/980 732/393/980 772/393/980
f 765/385/1014 767/388/1014 763/374/1014
f 763/374/1014 767/388/1014 762/380/1011
f 716/376/1027 722/384/1028 763/374/1027
f 763/374/1027 722/384/1028 765/385/1027
f 772/393/974 732/393/974 764/383/974
f 764/383/974 732/393/974 717/383/974
f 769/391/974 772/393/974 764/383/974
f 769/391/1014 764/383/1019 767/388/1014
f 767/388/1014 764/383/1019 762/380/1011
f 766/387/983 723/386/983 721/394/983
f 721/394/983 720/389/983 766/387/983
f 766/387/983 720/389/983 768/389/983
f 733/392/983 771/392/983 719/395/983
f 719/395/983 771/392/983 770/390/983
f 719/395/983 770/390/983 720/389/983
f 720/389/983 770/390/983 768/389/983
f 780/399/1029 781/397/1030 773/398/1031
f 773/398/1031 781/397/1030 777/396/1032
f 777/396/1032 781/397/1030 774/400/1033
f 774/400/1033 781/397/1030 778/401/1034
f 779/403/1035 776/402/1036 781/397/1030
f 781/397/1030 776/402/1036 778/401/1034
f 780/399/1029 775/404/1037 781/397/1030
f 781/397/1030 775/404/1037 779/403/1035
f 738/406/1038 747/405/1039 775/404/1037
f 775/404/1037 747/405/1039 779/403/1035
f 779/403/1035 747/405/1039 776/402/1036
f 776/402/1036 747/405/1039 745/407/1040
f 777/396/1032 774/400/1033 748/409/1041
f 748/409/1041 774/400/1033 739/408/1042
f 740/410/1043 773/398/1031 748/409/1041
f 748/409/1041 773/398/1031 777/396/1032
f 778/401/1034 749/411/1044 774/400/1033
f 774/400/1033 749/411/1044 739/408/1042
f 778/401/1034 776/402/1036 749/411/1044
f 749/411/1044 776/402/1036 745/407/1040
f 740/410/1043 750/412/1045 773/398/1031
f 773/398/1031 750/412/1045 780/399/1029
f 738/406/1038 775/404/1037 750/412/1045
f 750/412/1045 775/404/1037 780/399/1029
f 782/413/1046 788/415/1046 783/414/1046
f 784/416/1047 788/415/1047 782/413/1047
f 783/414/1048 788/415/1048 785/417/1048
f 786/418/1049 788/415/1049 784/416/1049
f 785/417/1050 788/415/1050 787/419/1050
f 787/419/1051 788/415/1051 786/418/1051
f 790/420/1052 793/421/1052 789/422/1052
f 789/422/1053 793/421/1053 791/423/1053
f 791/423/1054 793/421/1054 792/424/1054
f 792/424/1055 793/421/1055 790/420/1055
f 795/425/1056 798/426/1056 794/427/1056
f 794/427/1057 798/426/1057 796/428/1057
f 796/428/1058 798/426/1058 797/429/1058
f 797/429/1059 798/426/1059 795/425/1059
f 800/430/1060 803/431/1060 799/432/1060
f 799/432/1061 803/431/1061 801/433/1061
f 801/433/1062 803/431/1062 802/434/1062
f 802/434/1063 803/431/1063 800/430/1063
f 805/420/1053 804/422/1053 808/421/1053
f 804/422/1052 806/423/1052 808/421/1052
f 806/423/1055 807/424/1055 808/421/1055
f 807/424/1054 805/420/1054 808/421/1054
f 810/425/1064 809/427/1064 813/426/1064
f 809/427/1065 811/428/1065 813/426/1065
f 811/428/1066 812/429/1066 813/426/1066
f 812/429/1067 810/425/1067 813/426/1067
f 815/430/1068 814/432/1068 818/431/1068
f 814/432/1069 816/433/1069 818/431/1069
f 816/433/1070 817/434/1070 818/431/1070
f 817/434/1071 815/430/1071 818/431/1071
f 820/420/1072 819/422/1072 823/421/1072
f 819/422/1073 821/423/1073 823/421/1073
f 821/423/1074 822/424/1074 823/421/1074
f 822/424/1075 820/420/1075 823/421/1075
f 825/425/1076 824/427/1076 828/426/1076
f 824/427/1077 826/428/1077 828/426/1077
f 826/428/1078 827/429/1078 828/426/1078
f 827/429/1079 825/425/1079 828/426/1079
f 830/430/1080 829/432/1080 833/431/1080
f 829/432/1081 831/433/1081 833/431/1081
f 831/433/1082 832/434/1082 833/431/1082
f 832/434/1083 830/430/1083 833/431/1083
f 835/420/1073 838/421/1073 834/422/1073
f 834/422/1072 838/421/1072 836/423/1072
f 836/423/1075 838/421/1075 837/424/1075
f 837/424/1074 838/421/1074 835/420/1074
f 840/425/1084 843/426/1084 839/427/1084
f 839/427/1085 843/426/1085 841/428/1085
f 841/428/1086 843/426/1086 842/429/1086
f 842/429/1087 843/426/1087 840/425/1087
f 845/430/1088 848/431/1088 844/432/1088
f 844/432/1089 848/431/1089 846/433/1089
f 846/433/1090 848/431/1090 847/434/1090
f 847/434/1091 848/431/1091 845/430/1091
o item_damaged
v 26.249630 -36.893311 14.595490
v 26.945349 -36.314911 15.120122
v 15.346939 -22.851883 15.267391
v 14.537154 -23.525070 14.595490
v 37.952641 -46.699390 14.595491
v 36.324818 -44.741379 15.028084
v 28.348717 -35.148354 15.120122
v 16.990534 -21.485416 15.267391
v 30.442184 -33.407742 14.595490
v 29.664381 -34.054390 15.120122
v 19.083656 -19.745302 15.267391
v 19.083656 -19.745302 14.988245
v 19.083656 -19.745302 14.595490
v 26.945349 -36.314911 14.070859
v 15.346939 -22.851883 13.923588
v 36.324818 -44.741379 14.162897
v 28.348717 -35.148354 14.070859
v 16.990534 -21.485416 13.923588
v 29.664381 -34.054390 14.070859
v 19.083656 -19.745302 13.923588
v 19.083656 -19.745302 14.202730
v -36.955952 37.951874 14.998651
v -37.873718 38.055370 14.595485
v -29.505882 37.111835 15.325652
v -31.954966 37.387981 15.327037
v -33.830090 37.599415 13.862872
v -31.954966 37.387981 13.863933
v -36.955959 37.951889 14.192321
v -35.371086 37.773178 13.862000
v -28.049032 36.947590 14.347150
v -28.049009 36.947552 14.595485
v -28.049032 36.947590 13.992646
v -28.049009 36.947552 14.169144
v -33.830090 37.599415 15.328097
v -35.371094 37.773193 15.328969
v -28.049009 36.947552 14.843822
v -28.049032 36.947590 15.021825
v -28.049009 36.947552 15.198325
v -28.049011 36.947563 15.324828
v -28.049011 36.947563 13.866143
v -29.505882 37.111835 13.865319
v -29.505882 37.111835 14.595485
v -31.954966 37.387981 14.595485
v -33.830090 37.599415 14.595485
v -35.371094 37.773193 14.595488
v -36.955952 37.951874 14.595485
v 70.393272 0.564469 -0.000000
v 0.000000 70.957733 -0.000013
v 0.000000 55.970829 3.982025
v 55.406349 0.564469 3.982044
v 0.000000 -69.828705 0.000013
v 0.000000 -54.841778 3.982056
v -70.393272 0.564469 -0.000000
v -55.406254 0.564469 3.982044
v 0.000000 55.970829 -3.982048
v 55.406349 0.564469 -3.982044
v 0.000000 -54.841778 -3.982033
v -55.406254 0.564469 -3.982044
v 27.436317 37.174927 11.592929
v 29.457733 44.230816 11.592928
v 29.056002 44.192741 12.135677
v 27.334003 38.181980 11.852242
v 26.146877 50.781376 11.592928
v 26.235565 49.773037 11.852242
v 24.033524 43.716778 11.592929
v 24.435236 43.754852 12.135677
v 28.734316 44.162254 11.868196
v 27.252069 38.988419 11.724452
v 26.306576 48.965572 11.724451
v 24.756939 43.785339 11.868196
v 26.748039 43.974018 12.914999
v 29.056002 44.192741 11.050181
v 27.334003 38.181980 11.333615
v 26.235565 49.773037 11.333614
v 24.435236 43.754852 11.050181
v 28.734316 44.162254 11.317660
v 27.252069 38.988419 11.461405
v 26.306576 48.965572 11.461404
v 24.756939 43.785339 11.317660
v 26.748039 43.974018 10.270860
v 22.807285 34.934460 11.592929
v 19.639233 41.555252 11.592929
v 19.363888 41.260288 12.135677
v 22.062693 35.620163 11.852242
v 12.816303 44.260681 11.592928
v 13.551575 43.564983 11.852242
v 15.921349 37.572369 11.592929
v 16.196690 37.867340 12.135677
v 19.143391 41.024071 11.868196
v 21.466404 36.169250 11.724452
v 14.140356 43.007851 11.724452
v 16.417189 38.103554 11.868196
v 17.781952 39.565590 12.914999
v 19.363888 41.260288 11.050181
v 22.062693 35.620163 11.333615
v 13.551575 43.564983 11.333615
v 16.196690 37.867340 11.050181
v 19.143391 41.024071 11.317660
v 21.466404 36.169250 11.461405
v 14.140356 43.007851 11.461405
v 16.417189 38.103554 11.317660
v 17.781952 39.565590 10.270860
v 20.855289 30.606262 11.592930
v 14.269148 33.845757 11.592929
v 14.235453 33.443645 12.135677
v 19.846052 30.683985 11.852243
v 7.235641 31.747810 11.592929
v 8.243748 31.656448 11.852242
v 13.814068 28.416294 11.592930
v 13.847775 28.818401 12.135678
v 14.208458 33.121647 11.868196
v 19.037853 30.746212 11.724453
v 9.051022 31.583275 11.724452
v 13.874762 29.140406 11.868197
v 14.041809 31.133436 12.915000
v 14.235453 33.443645 11.050181
v 19.846052 30.683985 11.333616
v 8.243748 31.656448 11.333615
v 13.847775 28.818401 11.050182
v 14.208458 33.121647 11.317660
v 19.037853 30.746212 11.461406
v 9.051022 31.583275 11.461405
v 13.874762 29.140406 11.317661
v 14.041809 31.133434 10.270861
v 39.392330 26.014416 11.592930
v 46.292564 28.516109 11.592930
v 46.282188 28.112711 12.135678
v 40.404034 25.981579 11.852243
v 53.055229 25.663399 11.592930
v 52.043175 25.682564 11.852243
v 46.152630 23.069389 11.592930
v 46.162994 23.472776 12.135678
v 46.273895 27.789692 11.868197
v 41.214191 25.955276 11.724453
v 51.232738 25.697899 11.724453
v 46.171295 23.795809 11.868197
v 46.222649 25.795172 12.915000
v 46.282188 28.112711 11.050182
v 40.404034 25.981579 11.333616
v 52.043175 25.682564 11.333616
v 46.162994 23.472776 11.050182
v 46.273895 27.789692 11.317661
v 41.214191 25.955276 11.461406
v 51.232738 25.697899 11.461406
v 46.171295 23.795809 11.317661
v 46.222649 25.795170 10.270861
v 37.475380 21.242317 11.592930
v 44.298298 18.536901 11.592931
v 44.022961 18.241936 12.135679
v 38.210655 20.546621 11.852243
v 47.466362 11.916102 11.592931
v 46.721764 12.601809 11.852244
v 40.580421 14.554016 11.592931
v 40.855766 14.848987 12.135679
v 43.802464 18.005718 11.868198
v 38.799435 19.989494 11.724453
v 46.125473 13.150900 11.724454
v 41.076260 15.085199 11.868198
v 42.441025 16.547243 12.915001
v 44.022961 18.241936 11.050183
v 38.210655 20.546621 11.333616
v 46.721764 12.601809 11.333617
v 40.855766 14.848987 11.050183
v 43.802464 18.005718 11.317662
v 38.799435 19.989494 11.461406
v 46.125473 13.150900 11.461407
v 41.076260 15.085199 11.317662
v 42.441025 16.547241 10.270862
v 33.291618 18.997395 11.592930
v 36.976204 12.649541 11.592931
v 36.577362 12.588282 12.135679
v 33.438538 17.995892 11.852244
v 35.366737 5.488449 11.592932
v 35.206291 6.487894 11.852244
v 31.590878 11.822288 11.592931
v 31.989716 11.883558 12.135679
v 36.257980 12.539213 11.868198
v 33.556175 17.193880 11.724454
v 35.077797 7.288225 11.724454
v 32.309097 11.932616 11.868198
v 34.285931 12.236281 12.915001
v 36.577362 12.588282 11.050183
v 33.438538 17.995892 11.333617
v 35.206291 6.487894 11.333617
v 31.989716 11.883558 11.050183
v 36.257980 12.539213 11.317662
v 33.556175 17.193880 11.461407
v 35.077797 7.288225 11.461407
v 32.309097 11.932616 11.317662
v 34.285931 12.236281 10.270862
v 24.796875 25.214912 11.592930
v 23.393024 25.654243 11.592930
v 25.002218 24.152466 12.255136
v 25.677792 24.392601 11.957479
v 26.612370 22.649652 12.255136
v 26.950403 23.204674 11.957561
v 28.203506 21.164368 12.255136
v 28.186911 22.050426 11.957561
v 28.203598 21.164467 11.980030
v 28.297310 21.947374 11.835244
v 28.203598 21.164467 11.592930
v 28.297310 21.947374 11.592930
v 25.650002 24.418541 11.592930
v 26.950403 23.204674 11.592930
v 28.186853 22.050480 11.592930
v 25.002218 24.152466 10.930723
v 25.677792 24.392601 11.228381
v 26.612370 22.649652 10.930723
v 26.950403 23.204674 11.228298
v 28.203506 21.164368 10.930723
v 28.186911 22.050426 11.228298
v 28.203598 21.164467 11.205828
v 28.297310 21.947374 11.350616
v 26.065027 28.269323 14.855152
v 27.592384 25.357752 15.996937
v 30.451117 28.420252 17.464931
v 27.388618 31.278986 15.996937
v 30.602058 24.034168 14.855152
v 33.513618 25.561518 15.996937
v 34.837212 28.571201 14.855152
v 33.309849 31.482756 15.996937
v 30.300182 32.806355 14.855151
v 34.262760 32.503586 11.592929
v 30.247349 34.341484 11.592929
v 36.372349 28.624018 11.592930
v 26.639473 24.336918 11.592930
v 30.654884 22.499016 11.592930
v 24.529884 28.216484 11.592930
v 34.534447 24.608606 11.592930
v 26.367786 32.231895 11.592929
v 26.065027 28.269321 8.330705
v 27.592384 25.357750 7.188915
v 30.451117 28.420250 5.720925
v 27.388618 31.278984 7.188915
v 30.602058 24.034166 8.330705
v 33.513618 25.561516 7.188915
v 34.837212 28.571199 8.330705
v 33.309849 31.482754 7.188915
v 30.300182 32.806355 8.330704
v 70.342346 73.396263 13.751312
v 71.547943 74.993065 12.208433
v 66.425240 73.133652 12.526188
v 66.994370 72.210831 13.350978
v 65.147293 69.645134 13.350978
v 64.398300 70.344299 12.526188
v 59.238045 62.947556 12.526189
v 60.015137 62.333035 13.350979
v 51.426510 54.437477 12.526190
v 52.132614 53.745934 13.350980
v 39.939053 43.267735 12.063203
v 40.666374 42.588802 13.350981
v 34.456760 32.711414 12.170295
v 37.032372 35.470612 13.751315
v 61.077927 61.230118 13.751313
v 66.350632 68.521881 13.751313
v 53.195686 52.786030 13.751314
v 42.275139 41.087086 13.751315
v 67.170319 67.756752 13.751313
v 70.179291 70.980217 13.751312
v 71.119781 71.987732 12.208433
v 39.939053 43.267735 11.592929
v 34.456760 32.711414 11.592929
v 51.426510 54.437477 11.592928
v 59.238045 62.947556 11.592927
v 64.398300 70.344299 11.592926
v 66.425240 73.133652 11.592926
v 71.547943 74.993065 11.592926
v 71.119781 71.987732 11.592926
v 72.578400 71.308990 13.751312
v 71.625946 67.887428 13.350979
v 72.585709 67.383080 12.526189
v 74.088562 72.621498 12.208433
v 69.193283 65.868355 13.350979
v 62.251282 60.245663 13.350979
v 62.917778 59.512653 12.526189
v 69.942276 65.169205 12.526189
v 54.226398 51.791466 13.350980
v 54.964840 51.134579 12.526190
v 43.883896 39.585361 13.350981
v 44.611214 38.906445 12.063203
v 67.989967 66.991623 13.751313
v 44.611214 38.906445 11.592929
v 54.964840 51.134579 11.592928
v 62.917778 59.512653 11.592927
v 69.942276 65.169205 11.592927
v 72.585709 67.383080 11.592927
v 74.088562 72.621498 11.592926
v 70.342346 73.396263 9.434538
v 71.547943 74.993065 10.977419
v 66.425240 73.133652 10.659664
v 66.994370 72.210831 9.834875
v 65.147293 69.645134 9.834875
v 64.398300 70.344299 10.659664
v 59.238045 62.947556 10.659665
v 60.015137 62.333035 9.834876
v 51.426510 54.437477 10.659666
v 52.132614 53.745934 9.834877
v 39.939053 43.267735 11.122655
v 40.666374 42.588802 9.834878
v 34.456760 32.711414 11.015561
v 37.032372 35.470612 9.434541
v 61.077927 61.230118 9.434539
v 66.350632 68.521881 9.434539
v 53.195686 52.786030 9.434540
v 42.275139 41.087086 9.434541
v 67.170319 67.756752 9.434539
v 70.179291 70.980217 9.434538
v 71.119781 71.987732 10.977419
v 72.578400 71.308990 9.434538
v 71.625946 67.887428 9.834876
v 72.585709 67.383080 10.659665
v 74.088562 72.621498 10.977419
v 69.193283 65.868355 9.834876
v 62.251282 60.245663 9.834876
v 62.917778 59.512653 10.659665
v 69.942276 65.169205 10.659665
v 54.226398 51.791466 9.834877
v 54.964840 51.134579 10.659666
v 43.883896 39.585361 9.834878
v 44.611214 38.906445 11.122655
v 67.989967 66.991623 9.434539
v 81.721039 83.344627 11.592925
v 74.506004 79.972679 11.592926
v 74.698761 79.733910 12.452822
v 81.176498 82.761292 11.927325
v 78.853043 75.914871 11.592926
v 78.601593 76.090752 12.452822
v 71.206329 74.589233 11.592926
v 71.736267 74.900581 12.452822
v 73.709160 72.252922 11.592926
v 73.983345 72.803017 12.452822
v 71.064133 71.928116 11.592926
v 71.608658 72.511459 12.395501
v 74.842178 79.556320 12.452822
v 80.771484 82.327385 11.927325
v 78.414543 76.221642 12.452822
v 72.130524 75.132225 12.452822
v 74.187332 73.212265 12.452822
v 72.013771 72.945450 12.395501
v 74.992531 79.370110 11.911589
v 80.346786 81.872429 11.716852
v 78.218437 76.358841 11.911589
v 72.543877 75.375092 11.911589
v 74.401215 73.641342 11.911589
v 72.438377 73.400330 11.911589
v 76.319321 77.557899 13.369871
v 74.698761 79.733910 10.733031
v 81.176498 82.761292 11.258525
v 78.601593 76.090752 10.733031
v 71.736267 74.900581 10.733031
v 73.983345 72.803017 10.733031
v 71.608658 72.511459 10.790350
v 74.842178 79.556320 10.733031
v 80.771484 82.327385 11.258525
v 78.414543 76.221642 10.733031
v 72.130524 75.132225 10.733031
v 74.187332 73.212265 10.733031
v 72.013771 72.945450 10.790350
v 74.992531 79.370110 11.274263
v 80.346786 81.872429 11.469000
v 78.218437 76.358841 11.274263
v 72.543877 75.375092 11.274263
v 74.401215 73.641342 11.274263
v 72.438377 73.400330 11.274263
v 76.319321 77.557899 9.815983
v -41.054188 -47.050289 12.179471
v -41.036919 -48.290268 12.178774
v -41.015877 -49.799065 12.177927
v -41.071972 -45.775040 11.915329
v -41.082272 -45.036560 11.592936
v -40.972054 -52.941952 11.933861
v -40.972076 -52.941975 11.791519
v -40.972076 -52.941975 11.592936
v -40.972069 -52.941963 12.176159
v -40.972076 -52.941975 12.075001
v -40.988411 -51.769714 12.176819
v -41.036919 -48.290268 11.007097
v -41.054192 -47.050293 11.006399
v -41.015877 -49.799065 11.007944
v -41.071968 -45.775024 11.270542
v -40.972054 -52.941952 11.394352
v -40.972076 -52.941975 11.252010
v -40.972054 -52.941952 11.110870
v -40.972069 -52.941963 11.009712
v -40.988411 -51.769714 11.009052
v -40.988411 -51.769714 11.592937
v -41.015877 -49.799065 11.592937
v -41.036919 -48.290268 11.592937
v -41.054188 -47.050289 11.592937
v -41.071972 -45.775040 11.592936
vn -0.3755 -0.3329 0.8650
vn -0.4036 -0.3538 0.8438
vn -0.3771 -0.3341 0.8638
vn -0.4047 -0.3545 0.8429
vn -0.3821 -0.4459 0.8094
vn -0.3821 -0.4459 0.8095
vn 0.0050 -0.0060 1.0000
vn 0.0047 -0.0057 1.0000
vn 0.0005 -0.0006 1.0000
vn 0.0053 -0.0063 1.0000
vn 0.4837 0.2827 0.8283
vn 0.4837 0.2827 0.8284
vn 0.4971 0.3748 0.7826
vn 0.4970 0.3748 0.7826
vn 0.7690 0.6393 -0.0000
vn -0.2801 -0.2368 0.9303
vn -0.4096 -0.3486 0.8430
vn -0.2800 -0.2368 0.9303
vn -0.4047 -0.3545 -0.8429
vn -0.4036 -0.3538 -0.8438
vn -0.3768 -0.3339 -0.8640
vn -0.3755 -0.3329 -0.8650
vn -0.3821 -0.4459 -0.8095
vn -0.3821 -0.4459 -0.8094
vn 0.0050 -0.0060 -1.0000
vn 0.0047 -0.0057 -1.0000
vn 0.0053 -0.0064 -1.0000
vn 0.0005 -0.0006 -1.0000
vn 0.4837 0.2827 -0.8283
vn 0.4837 0.2827 -0.8284
vn 0.4971 0.3748 -0.7826
vn 0.4970 0.3748 -0.7826
vn -0.4096 -0.3486 -0.8430
vn -0.2800 -0.2368 -0.9303
vn -0.2205 -0.1854 -0.9576
vn -0.2205 -0.1854 0.9576
vn 0.1121 0.9937 -0.0000
vn 0.1120 0.9937 -0.0000
vn 0.1121 0.9937 0.0001
vn 0.1120 0.9937 -0.0001
vn 0.2487 0.2487 0.9361
vn 0.1531 -0.0511 0.9869
vn 0.2559 0.0853 0.9629
vn 0.0639 0.1919 0.9793
vn 0.0853 -0.2559 0.9629
vn -0.0639 -0.1919 0.9793
vn -0.2558 -0.0853 0.9630
vn -0.1531 0.0511 0.9869
vn -0.0853 0.2558 0.9630
vn 0.2487 0.2487 -0.9361
vn 0.1531 -0.0511 -0.9869
vn 0.0639 0.1919 -0.9793
vn 0.2558 0.0853 -0.9630
vn 0.0853 -0.2559 -0.9629
vn -0.0639 -0.1919 -0.9793
vn -0.2558 -0.0853 -0.9630
vn -0.1531 0.0511 -0.9869
vn -0.0853 0.2558 -0.9630
vn 0.5461 -0.1564 0.8230
vn 0.6907 -0.2129 0.6911
vn 0.6383 0.3388 0.6912
vn 0.6384 0.3388 0.6912
vn 0.6384 0.3388 0.6911
vn -0.6897 0.2213 0.6894
vn -0.6898 0.2213 0.6894
vn -0.6897 0.2213 0.6895
vn -0.6359 -0.3469 0.6894
vn -0.5570 0.1282 0.8206
vn -0.5570 0.1283 0.8205
vn -0.5570 0.1282 0.8205
vn -0.5230 -0.2306 0.8206
vn -0.5230 -0.2306 0.8205
vn 0.5569 -0.1353 0.8195
vn 0.5570 -0.1354 0.8194
vn 0.5216 0.2376 0.8195
vn 0.5216 0.2376 0.8194
vn 0.5217 0.2376 0.8194
vn 0.4721 -0.1593 0.8671
vn 0.4337 0.2452 0.8671
vn -0.4712 0.1650 0.8665
vn -0.4318 -0.2506 0.8665
vn 0.6906 -0.2128 -0.6912
vn 0.6906 -0.2129 -0.6912
vn 0.6907 -0.2129 -0.6911
vn 0.6384 0.3388 -0.6911
vn 0.6383 0.3388 -0.6912
vn -0.6897 0.2213 -0.6894
vn -0.6897 0.2212 -0.6894
vn -0.6898 0.2213 -0.6894
vn -0.6359 -0.3469 -0.6894
vn -0.5570 0.1282 -0.8206
vn -0.5570 0.1283 -0.8205
vn -0.5230 -0.2306 -0.8205
vn -0.5230 -0.2306 -0.8206
vn 0.5569 -0.1353 -0.8195
vn 0.5570 -0.1354 -0.8194
vn 0.5216 0.2376 -0.8194
vn 0.4721 -0.1593 -0.8671
vn 0.4337 0.2452 -0.8671
vn -0.4712 0.1650 -0.8665
vn -0.4318 -0.2506 -0.8665
vn 0.6580 0.2989 0.6912
vn 0.6580 0.2989 0.6911
vn 0.2529 0.6770 0.6912
vn 0.2529 0.6770 0.6911
vn -0.6629 -0.2920 0.6894
vn -0.6629 -0.2920 0.6895
vn -0.6630 -0.2920 0.6894
vn -0.2457 -0.6814 0.6894
vn -0.2457 -0.6815 0.6894
vn -0.5019 -0.2735 0.8206
vn -0.5019 -0.2736 0.8205
vn -0.2384 -0.5195 0.8206
vn -0.2384 -0.5195 0.8205
vn 0.5066 0.2682 0.8194
vn 0.5065 0.2682 0.8194
vn 0.2327 0.5238 0.8194
vn 0.4589 0.1939 0.8671
vn 0.1619 0.4712 0.8671
vn -0.4620 -0.1891 0.8665
vn -0.1569 -0.4739 0.8665
vn 0.6580 0.2989 -0.6912
vn 0.6580 0.2989 -0.6911
vn 0.2529 0.6770 -0.6911
vn 0.2529 0.6770 -0.6912
vn -0.6629 -0.2920 -0.6894
vn -0.6629 -0.2920 -0.6895
vn -0.6630 -0.2920 -0.6894
vn -0.2457 -0.6815 -0.6894
vn -0.2457 -0.6814 -0.6894
vn -0.5019 -0.2735 -0.8206
vn -0.5018 -0.2735 -0.8206
vn -0.5019 -0.2735 -0.8205
vn -0.5019 -0.2736 -0.8205
vn -0.2384 -0.5195 -0.8205
vn -0.2384 -0.5195 -0.8206
vn 0.5065 0.2682 -0.8194
vn 0.5066 0.2682 -0.8194
vn 0.2327 0.5238 -0.8194
vn 0.4589 0.1939 -0.8671
vn 0.1619 0.4712 -0.8671
vn -0.4620 -0.1891 -0.8665
vn -0.1569 -0.4739 -0.8665
vn 0.3318 0.6420 0.6912
vn 0.3319 0.6420 0.6911
vn -0.2203 0.6883 0.6912
vn -0.2204 0.6883 0.6911
vn -0.3399 -0.6396 0.6894
vn -0.3400 -0.6397 0.6894
vn -0.3400 -0.6396 0.6895
vn 0.2288 -0.6873 0.6894
vn 0.2287 -0.6873 0.6894
vn -0.2249 -0.5254 0.8206
vn -0.2249 -0.5255 0.8205
vn -0.2249 -0.5255 0.8206
vn 0.1343 -0.5556 0.8206
vn 0.1343 -0.5556 0.8205
vn 0.2319 0.5242 0.8194
vn -0.1414 0.5554 0.8195
vn -0.1414 0.5555 0.8194
vn 0.2404 0.4364 0.8671
vn -0.1644 0.4703 0.8671
vn -0.2459 -0.4345 0.8665
vn 0.1701 -0.4694 0.8665
vn 0.3318 0.6420 -0.6912
vn 0.3319 0.6420 -0.6911
vn -0.2204 0.6883 -0.6911
vn -0.2203 0.6883 -0.6912
vn -0.3400 -0.6396 -0.6894
vn -0.3399 -0.6396 -0.6895
vn -0.3400 -0.6397 -0.6894
vn 0.2288 -0.6873 -0.6894
vn 0.2287 -0.6873 -0.6894
vn -0.2249 -0.5255 -0.8206
vn -0.2249 -0.5255 -0.8205
vn 0.1343 -0.5556 -0.8205
vn 0.1343 -0.5556 -0.8206
vn 0.2319 0.5242 -0.8194
vn -0.1414 0.5555 -0.8194
vn -0.1414 0.5554 -0.8195
vn 0.2404 0.4364 -0.8671
vn -0.1644 0.4703 -0.8671
vn -0.2459 -0.4345 -0.8665
vn 0.1701 -0.4694 -0.8665
vn -0.2598 0.6743 0.6912
vn -0.2598 0.6744 0.6912
vn -0.2598 0.6744 0.6911
vn -0.2599 0.6744 0.6911
vn 0.2941 0.6602 0.6911
vn 0.2941 0.6601 0.6912
vn 0.2682 -0.6729 0.6894
vn 0.2681 -0.6729 0.6895
vn -0.3024 -0.6583 0.6894
vn -0.3023 -0.6582 0.6895
vn -0.3023 -0.6582 0.6894
vn 0.1662 -0.5468 0.8206
vn 0.1662 -0.5469 0.8206
vn 0.1662 -0.5469 0.8205
vn -0.1941 -0.5376 0.8205
vn -0.1941 -0.5377 0.8205
vn -0.1941 -0.5376 0.8206
vn -0.1733 0.5463 0.8195
vn -0.1733 0.5463 0.8194
vn -0.1733 0.5464 0.8194
vn 0.2012 0.5367 0.8194
vn 0.2011 0.5367 0.8194
vn -0.1914 0.4600 0.8671
vn 0.2148 0.4495 0.8671
vn 0.1970 -0.4587 0.8665
vn -0.2203 -0.4480 0.8665
vn -0.2598 0.6743 -0.6912
vn -0.2598 0.6744 -0.6911
vn -0.2598 0.6744 -0.6912
vn -0.2599 0.6744 -0.6911
vn 0.2941 0.6601 -0.6912
vn 0.2941 0.6602 -0.6911
vn 0.2681 -0.6729 -0.6894
vn 0.2682 -0.6729 -0.6894
vn 0.2681 -0.6729 -0.6895
vn -0.3023 -0.6582 -0.6894
vn -0.3023 -0.6582 -0.6895
vn -0.3024 -0.6583 -0.6894
vn 0.1662 -0.5468 -0.8206
vn 0.1662 -0.5469 -0.8205
vn 0.1662 -0.5469 -0.8206
vn -0.1941 -0.5376 -0.8206
vn -0.1941 -0.5376 -0.8205
vn -0.1941 -0.5377 -0.8205
vn -0.1733 0.5463 -0.8195
vn -0.1733 0.5464 -0.8194
vn -0.1733 0.5463 -0.8194
vn 0.2012 0.5367 -0.8194
vn 0.2011 0.5367 -0.8194
vn -0.1914 0.4600 -0.8671
vn 0.2148 0.4495 -0.8671
vn 0.1970 -0.4587 -0.8665
vn -0.2203 -0.4480 -0.8665
vn -0.2457 -0.6814 0.6895
vn -0.5018 -0.2735 0.8206
vn -0.5019 -0.2736 0.8206
vn -0.2457 -0.6814 -0.6895
vn 0.6177 0.3752 0.6912
vn 0.6177 0.3752 0.6911
vn 0.7018 -0.1725 0.6911
vn 0.7018 -0.1725 0.6912
vn -0.6147 -0.3831 0.6894
vn -0.6147 -0.3831 0.6895
vn -0.6148 -0.3832 0.6894
vn -0.7014 0.1810 0.6894
vn -0.7014 0.1809 0.6894
vn -0.5087 -0.2605 0.8206
vn -0.5088 -0.2605 0.8206
vn -0.5088 -0.2605 0.8205
vn -0.5635 0.0958 0.8205
vn -0.5635 0.0958 0.8206
vn 0.5070 0.2674 0.8194
vn 0.5639 -0.1029 0.8194
vn 0.5638 -0.1029 0.8195
vn 0.5638 -0.1029 0.8194
vn 0.4188 0.2699 0.8671
vn 0.4805 -0.1317 0.8671
vn -0.4166 -0.2751 0.8665
vn -0.4799 0.1374 0.8665
vn 0.6177 0.3752 -0.6912
vn 0.6177 0.3752 -0.6911
vn 0.7018 -0.1725 -0.6912
vn 0.7018 -0.1725 -0.6911
vn -0.6147 -0.3831 -0.6894
vn -0.6148 -0.3832 -0.6894
vn -0.6147 -0.3831 -0.6895
vn -0.7014 0.1809 -0.6894
vn -0.7014 0.1810 -0.6894
vn -0.5087 -0.2605 -0.8206
vn -0.5088 -0.2605 -0.8205
vn -0.5088 -0.2605 -0.8206
vn -0.5635 0.0958 -0.8206
vn -0.5635 0.0958 -0.8205
vn 0.5070 0.2674 -0.8194
vn 0.5639 -0.1029 -0.8194
vn 0.5638 -0.1029 -0.8194
vn 0.4188 0.2699 -0.8671
vn 0.4805 -0.1317 -0.8671
vn -0.4166 -0.2751 -0.8665
vn -0.4799 0.1374 -0.8665
vn 0.1698 0.5447 0.8213
vn 0.1697 0.5447 0.8213
vn 0.1700 0.5447 0.8212
vn 0.2890 0.3097 0.9058
vn 0.2890 0.3097 0.9059
vn 0.2890 0.3096 0.9059
vn 0.9648 0.0248 0.2618
vn 0.9648 0.0248 0.2617
vn 0.9929 -0.1188 -0.0000
vn 0.9929 -0.1189 -0.0000
vn -0.0005 -0.0006 1.0000
vn -0.2701 0.2480 0.9303
vn -0.2117 0.1954 0.9576
vn 0.7310 -0.6824 -0.0000
vn 0.6824 0.7310 -0.0000
vn 0.1698 0.5447 -0.8213
vn 0.1697 0.5447 -0.8213
vn 0.1700 0.5447 -0.8212
vn 0.1696 0.5447 -0.8213
vn 0.2890 0.3097 -0.9059
vn 0.2890 0.3097 -0.9058
vn 0.2890 0.3096 -0.9059
vn 0.9648 0.0248 -0.2618
vn -0.0005 -0.0006 -1.0000
vn -0.5007 -0.5364 0.6794
vn -0.0000 -0.0000 1.0000
vn -0.8266 -0.0284 0.5620
vn -0.5364 0.5007 0.6794
vn 0.0284 -0.8267 0.5620
vn 0.5364 -0.5007 0.6794
vn 0.8266 0.0284 0.5620
vn 0.5007 0.5364 0.6794
vn -0.0284 0.8267 0.5620
vn 0.6378 0.6832 0.3556
vn -0.0321 0.9329 0.3588
vn 0.9329 0.0321 0.3588
vn 0.0321 -0.9329 0.3588
vn -0.6377 -0.6832 0.3557
vn -0.9329 -0.0321 0.3588
vn 0.6832 -0.6378 0.3556
vn -0.6832 0.6377 0.3557
vn -0.5364 0.5007 -0.6794
vn -0.0000 -0.0000 -1.0000
vn -0.8266 -0.0284 -0.5620
vn -0.5007 -0.5364 -0.6794
vn 0.0284 -0.8267 -0.5620
vn 0.5364 -0.5007 -0.6794
vn 0.5007 0.5364 -0.6794
vn 0.8267 0.0284 -0.5620
vn -0.0284 0.8266 -0.5620
vn -0.0321 0.9329 -0.3588
vn 0.6378 0.6832 -0.3556
vn 0.9329 0.0321 -0.3588
vn -0.6377 -0.6832 -0.3557
vn 0.0321 -0.9329 -0.3588
vn -0.9329 -0.0321 -0.3588
vn 0.6832 -0.6378 -0.3556
vn -0.6832 0.6377 -0.3557
vn -0.2565 0.6955 0.6712
vn -0.2566 0.6955 0.6712
vn -0.2565 0.6955 0.6711
vn -0.5159 0.3707 0.7723
vn -0.5208 0.3644 0.7720
vn -0.5195 0.3674 0.7714
vn -0.4721 0.4334 0.7677
vn -0.4722 0.4334 0.7676
vn -0.5155 0.5157 0.6843
vn -0.5155 0.5158 0.6843
vn -0.7315 0.3933 0.5570
vn -0.2014 0.1435 0.9689
vn -0.1915 0.1773 0.9653
vn -0.1308 0.1221 0.9839
vn -0.1538 0.1507 0.9765
vn 0.8525 -0.0930 0.5144
vn -0.1734 0.1361 0.9754
vn -0.1735 0.1361 0.9754
vn -0.5127 0.3709 0.7743
vn -0.8875 0.4609 -0.0000
vn -0.6971 0.7170 -0.0000
vn -0.7367 0.6762 -0.0000
vn -0.8201 0.5722 -0.0000
vn -0.8090 0.5879 -0.0000
vn -0.3412 0.9400 -0.0000
vn 0.9900 -0.1410 -0.0000
vn 0.7115 -0.2081 0.6712
vn 0.3993 -0.4945 0.7720
vn 0.3994 -0.4945 0.7720
vn 0.4023 -0.4930 0.7714
vn 0.4053 -0.4892 0.7723
vn 0.4648 -0.4412 0.7677
vn 0.4648 -0.4412 0.7676
vn 0.4648 -0.4413 0.7676
vn 0.5500 -0.4788 0.6843
vn 0.5499 -0.4788 0.6844
vn 0.4426 -0.7027 0.5570
vn 0.1570 -0.1910 0.9689
vn 0.1570 -0.1911 0.9689
vn 0.1570 -0.1910 0.9690
vn 0.1900 -0.1789 0.9653
vn 0.1901 -0.1789 0.9653
vn 0.1308 -0.1221 0.9839
vn 0.1609 -0.1431 0.9765
vn -0.1513 0.8441 0.5144
vn -0.1514 0.8441 0.5144
vn 0.1477 -0.1637 0.9754
vn 0.4052 -0.4860 0.7743
vn 0.5208 -0.8537 -0.0000
vn 0.7632 -0.6462 -0.0000
vn 0.7253 -0.6885 -0.0000
vn 0.6272 -0.7789 -0.0000
vn 0.6421 -0.7666 -0.0000
vn 0.9612 -0.2758 -0.0000
vn -0.2088 0.9780 -0.0000
vn -0.2565 0.6955 -0.6712
vn -0.2565 0.6955 -0.6711
vn -0.5208 0.3644 -0.7720
vn -0.5195 0.3674 -0.7714
vn -0.5159 0.3707 -0.7723
vn -0.4721 0.4334 -0.7677
vn -0.4722 0.4334 -0.7676
vn -0.5154 0.5157 -0.6843
vn -0.5155 0.5158 -0.6843
vn -0.5155 0.5157 -0.6843
vn -0.7315 0.3933 -0.5570
vn -0.2014 0.1435 -0.9689
vn -0.2014 0.1435 -0.9690
vn -0.1915 0.1773 -0.9653
vn -0.1308 0.1221 -0.9839
vn -0.1538 0.1507 -0.9765
vn 0.8525 -0.0930 -0.5144
vn -0.1734 0.1361 -0.9754
vn -0.1735 0.1361 -0.9754
vn -0.5127 0.3709 -0.7743
vn 0.7115 -0.2081 -0.6712
vn 0.4053 -0.4892 -0.7723
vn 0.3994 -0.4945 -0.7720
vn 0.4023 -0.4930 -0.7714
vn 0.3993 -0.4945 -0.7720
vn 0.4648 -0.4412 -0.7677
vn 0.4648 -0.4412 -0.7676
vn 0.4648 -0.4413 -0.7676
vn 0.5500 -0.4788 -0.6843
vn 0.4426 -0.7027 -0.5570
vn 0.1570 -0.1911 -0.9689
vn 0.1570 -0.1910 -0.9689
vn 0.1570 -0.1910 -0.9690
vn 0.1901 -0.1789 -0.9653
vn 0.1900 -0.1789 -0.9653
vn 0.1308 -0.1221 -0.9839
vn 0.1609 -0.1431 -0.9765
vn -0.1513 0.8441 -0.5144
vn -0.1514 0.8441 -0.5144
vn 0.1477 -0.1637 -0.9754
vn 0.4053 -0.4860 -0.7743
vn 0.4052 -0.4860 -0.7743
vn -0.3630 0.8140 0.4534
vn -0.3630 0.8141 0.4533
vn -0.3630 0.8140 0.4533
vn 0.8370 -0.3062 0.4534
vn 0.8371 -0.3062 0.4533
vn 0.8371 -0.3062 0.4534
vn -0.8081 0.4953 0.3187
vn 0.5497 -0.7722 0.3187
vn -0.8487 0.0394 0.5273
vn -0.8487 0.0393 0.5273
vn -0.8487 0.0394 0.5274
vn 0.0976 -0.8440 0.5274
vn 0.0976 -0.8440 0.5273
vn 0.1052 -0.0450 0.9934
vn -0.0522 0.1019 0.9934
vn -0.0522 0.1018 0.9934
vn -0.0521 0.1018 0.9934
vn 0.0218 -0.0262 0.9994
vn -0.0276 0.0200 0.9994
vn -0.0276 0.0199 0.9994
vn 0.3905 -0.7659 0.5108
vn 0.3905 -0.7659 0.5107
vn 0.3906 -0.7659 0.5108
vn 0.3906 -0.7659 0.5107
vn -0.7909 0.3370 0.5108
vn -0.7910 0.3370 0.5107
vn 0.7870 -0.4824 0.3846
vn -0.5353 0.7520 0.3846
vn 0.7898 -0.0506 0.6112
vn 0.7899 -0.0506 0.6112
vn -0.1048 0.7845 0.6112
vn -0.2104 0.5148 0.8311
vn 0.5280 -0.1745 0.8311
vn -0.4897 0.3002 0.8186
vn 0.3331 -0.4679 0.8186
vn -0.3702 0.0198 0.9288
vn 0.0452 -0.3679 0.9288
vn -0.3630 0.8140 -0.4534
vn -0.3631 0.8140 -0.4534
vn -0.3630 0.8141 -0.4533
vn 0.8371 -0.3062 -0.4534
vn 0.8371 -0.3062 -0.4533
vn 0.8370 -0.3062 -0.4534
vn -0.8081 0.4953 -0.3187
vn 0.5497 -0.7722 -0.3187
vn -0.8487 0.0393 -0.5273
vn -0.8487 0.0394 -0.5274
vn -0.8487 0.0394 -0.5273
vn 0.0976 -0.8440 -0.5274
vn 0.0976 -0.8440 -0.5273
vn 0.1052 -0.0450 -0.9934
vn -0.0521 0.1018 -0.9934
vn -0.0521 0.1019 -0.9934
vn -0.0522 0.1019 -0.9934
vn 0.0218 -0.0262 -0.9994
vn -0.0276 0.0200 -0.9994
vn -0.0276 0.0199 -0.9994
vn 0.3905 -0.7659 -0.5108
vn 0.3906 -0.7659 -0.5108
vn 0.3905 -0.7659 -0.5107
vn 0.3906 -0.7659 -0.5107
vn -0.7910 0.3370 -0.5107
vn -0.7909 0.3370 -0.5108
vn 0.7870 -0.4824 -0.3846
vn -0.5353 0.7520 -0.3846
vn 0.7899 -0.0506 -0.6112
vn 0.7898 -0.0506 -0.6112
vn -0.1048 0.7845 -0.6112
vn -0.2104 0.5148 -0.8311
vn 0.5280 -0.1745 -0.8311
vn -0.4897 0.3002 -0.8186
vn 0.3331 -0.4679 -0.8186
vn -0.3702 0.0198 -0.9288
vn 0.0452 -0.3679 -0.9288
vn -0.3974 0.3625 0.8430
vn -0.2702 0.2480 0.9303
vn -0.3974 0.3625 -0.8430
vn -0.2701 0.2480 -0.9303
vn -0.2117 0.1954 -0.9576
vn -0.9999 -0.0139 -0.0000
vn -0.9999 -0.0139 -0.0001
vn -0.9999 -0.0140 -0.0000
vn -0.9999 -0.0139 0.0002
vn -0.9999 -0.0139 0.0001
vt 0.119506 0.066527
vt 0.116483 0.118388
vt 0.116550 0.066333
vt 0.113020 0.118333
vt 0.127441 0.023108
vt 0.126995 0.030669
vt 0.124880 0.066819
vt 0.122705 0.118481
vt 0.129920 0.067092
vt 0.133166 0.067240
vt 0.130626 0.118600
vt 0.131297 0.118608
vt 0.132239 0.118619
vt 0.110354 0.351788
vt 0.108236 0.353694
vt 0.125703 0.336218
vt 0.120690 0.341319
vt 0.116850 0.345224
vt 0.113696 0.348461
vt 0.129838 0.333163
vt 0.130433 0.333170
vt 0.128987 0.333147
vt 0.129411 0.333152
vt 0.128684 0.333140
vt 0.669291 0.944857
vt 0.411375 0.944857
vt 0.438831 0.917401
vt 0.641836 0.917401
vt 0.669291 0.686940
vt 0.641836 0.714396
vt 0.411375 0.686940
vt 0.438831 0.714396
vt 0.196164 0.850357
vt 0.224999 0.920288
vt 0.195957 0.861117
vt 0.218822 0.920205
vt 0.194279 0.989412
vt 0.194364 0.978651
vt 0.164635 0.919470
vt 0.170817 0.919554
vt 0.195793 0.869593
vt 0.214850 0.920151
vt 0.194430 0.970174
vt 0.174790 0.919608
vt 0.213131 0.727793
vt 0.232863 0.777406
vt 0.211913 0.777005
vt 0.211249 0.826228
vt 0.190911 0.776604
vt 0.055065 0.988913
vt 0.025634 0.919219
vt 0.055180 0.978153
vt 0.031811 0.919252
vt 0.055820 0.849848
vt 0.055818 0.860609
vt 0.086003 0.919547
vt 0.079821 0.919513
vt 0.055271 0.969676
vt 0.035784 0.919274
vt 0.055818 0.869086
vt 0.075847 0.919492
vt 0.102262 0.825731
vt 0.082050 0.776312
vt 0.103003 0.776510
vt 0.103190 0.727284
vt 0.124007 0.776708
vt 0.122062 0.851913
vt 0.151218 0.921723
vt 0.121904 0.862673
vt 0.145041 0.921665
vt 0.120759 0.990974
vt 0.120803 0.980213
vt 0.090851 0.921157
vt 0.097033 0.921215
vt 0.121779 0.871149
vt 0.141069 0.921628
vt 0.120837 0.971736
vt 0.101006 0.921252
vt 0.155013 0.729347
vt 0.175140 0.778800
vt 0.154188 0.778567
vt 0.153916 0.827792
vt 0.133183 0.778332
vt 0.101158 0.701939
vt 0.109413 0.701996
vt 0.105932 0.704622
vt 0.110586 0.704496
vt 0.117427 0.702047
vt 0.117068 0.704554
vt 0.123562 0.704417
vt 0.125344 0.702046
vt 0.124259 0.704567
vt 0.126168 0.702066
vt 0.127328 0.702094
vt 0.124674 0.705079
vt 0.110350 0.705559
vt 0.117114 0.705653
vt 0.123808 0.705466
vt 0.510550 0.336038
vt 0.511827 0.375231
vt 0.476321 0.341966
vt 0.472634 0.376508
vt 0.545092 0.339725
vt 0.551020 0.373954
vt 0.547333 0.408496
vt 0.513104 0.414423
vt 0.478562 0.410737
vt 0.514392 0.453961
vt 0.457949 0.432738
vt 0.569334 0.429109
vt 0.565705 0.317724
vt 0.509261 0.296500
vt 0.454320 0.321353
vt 0.590558 0.372665
vt 0.433096 0.377796
vt 0.194055 0.428712
vt 0.181396 0.393660
vt 0.201468 0.414322
vt 0.190429 0.391688
vt 0.184599 0.369455
vt 0.194239 0.304528
vt 0.193767 0.369649
vt 0.203101 0.305230
vt 0.204027 0.220198
vt 0.195146 0.220416
vt 0.197982 0.103894
vt 0.187229 0.103185
vt 0.215556 0.050723
vt 0.215672 0.022410
vt 0.214682 0.304665
vt 0.206300 0.369852
vt 0.214908 0.220347
vt 0.215336 0.104132
vt 0.214446 0.369935
vt 0.214149 0.402932
vt 0.213926 0.420033
vt 0.184419 0.102795
vt 0.215684 0.019736
vt 0.189460 0.220538
vt 0.188575 0.304142
vt 0.178915 0.368795
vt 0.175913 0.394854
vt 0.192070 0.431380
vt 0.213943 0.423869
vt 0.238103 0.392058
vt 0.247119 0.394177
vt 0.226609 0.414590
vt 0.233662 0.429152
vt 0.226259 0.305277
vt 0.235123 0.304609
vt 0.235120 0.369872
vt 0.244287 0.369756
vt 0.225790 0.220246
vt 0.234669 0.220503
vt 0.232691 0.103996
vt 0.243448 0.103350
vt 0.222596 0.369949
vt 0.246262 0.102976
vt 0.240347 0.220649
vt 0.240799 0.304241
vt 0.249976 0.369131
vt 0.252583 0.395451
vt 0.235493 0.431949
vt 0.272783 0.992742
vt 0.242032 0.927342
vt 0.272899 0.985007
vt 0.248826 0.926384
vt 0.305482 0.928294
vt 0.298721 0.927133
vt 0.255664 0.870799
vt 0.260490 0.877716
vt 0.293554 0.871368
vt 0.288522 0.878137
vt 0.274870 0.853688
vt 0.274731 0.862962
vt 0.272977 0.979810
vt 0.250805 0.926122
vt 0.296750 0.926812
vt 0.261443 0.881639
vt 0.287452 0.882029
vt 0.274656 0.867950
vt 0.273067 0.973819
vt 0.255294 0.925727
vt 0.292275 0.926282
vt 0.264655 0.886455
vt 0.284097 0.886747
vt 0.274558 0.874470
vt 0.276845 0.825654
vt 0.252237 0.764509
vt 0.276845 0.759832
vt 0.301451 0.764509
vt 0.262677 0.713307
vt 0.291012 0.713307
vt 0.276845 0.696405
s 1
usemtl initialShadingGroup.013
f 850/435/1092 851/436/1093 849/437/1094
f 849/437/1094 851/436/1093 852/438/1095
f 853/439/1096 854/440/1096 849/437/1097
f 849/437/1097 854/440/1096 850/435/1097
f 850/435/1098 854/440/1099 855/441/1098
f 851/436/1100 850/435/1098 856/442/1101
f 856/442/1101 850/435/1098 855/441/1098
f 858/443/1102 854/440/1102 857/444/1103
f 857/444/1103 854/440/1102 853/439/1102
f 858/443/1098 855/441/1098 854/440/1099
f 859/445/1100 856/442/1101 858/443/1098
f 858/443/1098 856/442/1101 855/441/1098
f 860/446/1104 859/445/1105 857/444/1104
f 857/444/1104 859/445/1105 858/443/1104
f 861/447/1106 860/446/1106 857/444/1106
f 851/436/1107 870/448/1108 852/438/1109
f 852/438/1109 870/448/1108 871/449/1108
f 859/445/1100 872/450/1100 856/442/1101
f 856/442/1101 872/450/1100 873/451/1100
f 852/438/1110 863/436/1111 849/437/1112
f 849/437/1112 863/436/1111 862/435/1113
f 862/435/1114 864/440/1115 849/437/1114
f 849/437/1114 864/440/1115 853/439/1115
f 862/435/1116 865/441/1116 864/440/1117
f 865/441/1116 862/435/1116 866/442/1118
f 866/442/1118 862/435/1116 863/436/1119
f 853/439/1120 864/440/1120 857/444/1121
f 857/444/1121 864/440/1120 867/443/1120
f 867/443/1116 864/440/1117 865/441/1116
f 868/445/1119 867/443/1116 866/442/1118
f 866/442/1118 867/443/1116 865/441/1116
f 869/446/1122 857/444/1122 868/445/1123
f 868/445/1123 857/444/1122 867/443/1122
f 861/447/1106 857/444/1106 869/446/1106
f 874/452/1119 875/451/1119 863/436/1119
f 863/436/1119 875/451/1119 866/442/1118
f 871/449/1124 876/448/1124 852/438/1125
f 852/438/1125 876/448/1124 863/436/1125
f 863/436/1125 876/448/1126 877/453/1126
f 869/446/1106 878/454/1106 861/447/1106
f 861/447/1106 878/454/1106 879/455/1106
f 868/445/1106 880/456/1106 869/446/1106
f 869/446/1106 880/456/1106 881/457/1106
f 882/452/1100 883/453/1100 851/436/1100
f 882/452/1100 851/436/1100 873/451/1100
f 873/451/1100 851/436/1100 856/442/1101
f 883/453/1127 870/448/1127 851/436/1109
f 884/454/1106 885/457/1106 860/446/1106
f 879/455/1106 884/454/1106 861/447/1106
f 861/447/1106 884/454/1106 860/446/1106
f 886/456/1106 887/458/1106 859/445/1106
f 885/457/1106 886/456/1106 860/446/1106
f 860/446/1106 886/456/1106 859/445/1106
f 887/458/1100 872/450/1100 859/445/1100
f 877/453/1119 874/452/1119 863/436/1119
f 881/457/1106 878/454/1106 869/446/1106
f 888/458/1106 880/456/1106 868/445/1106
f 889/450/1119 888/458/1119 868/445/1119
f 875/451/1119 889/450/1119 866/442/1118
f 866/442/1118 889/450/1119 868/445/1119
f 871/449/1128 870/448/1129 894/448/1129
f 894/448/1129 870/448/1129 893/453/1129
f 893/453/1129 870/448/1129 883/453/1129
f 892/452/1128 893/453/1129 882/452/1128
f 882/452/1128 893/453/1129 883/453/1129
f 891/451/1129 892/452/1128 873/451/1129
f 873/451/1129 892/452/1128 882/452/1128
f 890/450/1129 891/451/1129 872/450/1129
f 872/450/1129 891/451/1129 873/451/1129
f 879/455/1130 890/450/1129 884/454/1131
f 890/450/1129 872/450/1129 884/454/1131
f 884/454/1131 872/450/1129 885/457/1129
f 885/457/1129 872/450/1129 886/456/1130
f 872/450/1129 887/458/1131 886/456/1130
f 889/450/1129 890/450/1129 888/458/1131
f 888/458/1131 890/450/1129 880/456/1129
f 880/456/1129 890/450/1129 881/457/1128
f 881/457/1128 890/450/1129 878/454/1131
f 890/450/1129 879/455/1130 878/454/1131
f 875/451/1129 891/451/1129 889/450/1129
f 889/450/1129 891/451/1129 890/450/1129
f 874/452/1128 892/452/1128 875/451/1129
f 875/451/1129 892/452/1128 891/451/1129
f 877/453/1129 893/453/1129 874/452/1128
f 874/452/1128 893/453/1129 892/452/1128
f 894/448/1129 893/453/1129 876/448/1129
f 876/448/1129 893/453/1129 877/453/1129
f 871/449/1128 894/448/1129 876/448/1129
f 895/459/1132 896/460/1132 897/461/1132
f 898/462/1133 895/459/1134 897/461/1135
f 899/463/1136 895/459/1134 898/462/1133
f 900/464/1137 899/463/1136 898/462/1133
f 901/465/1138 899/463/1136 900/464/1137
f 902/466/1139 901/465/1138 900/464/1137
f 896/460/1140 901/465/1138 902/466/1139
f 897/461/1135 896/460/1140 902/466/1139
f 902/466/1139 900/464/1137 898/462/1133
f 897/461/1135 902/466/1139 898/462/1133
f 895/459/1141 903/461/1141 896/460/1141
f 904/462/1142 903/461/1143 895/459/1144
f 899/463/1145 904/462/1142 895/459/1144
f 905/464/1146 904/462/1142 899/463/1145
f 901/465/1147 905/464/1146 899/463/1145
f 906/466/1148 905/464/1146 901/465/1147
f 896/460/1149 906/466/1148 901/465/1147
f 903/461/1143 906/466/1148 896/460/1149
f 906/466/1148 904/462/1142 905/464/1146
f 903/461/1143 904/462/1142 906/466/1148
f 907/467/1150 908/468/1150 910/469/1150
f 910/469/1151 908/468/1151 909/470/1151
f 911/471/1152 912/472/1153 908/468/1153
f 908/468/1153 912/472/1153 909/470/1154
f 911/471/1155 913/473/1156 912/472/1157
f 912/472/1157 913/473/1156 914/474/1156
f 907/467/1158 910/469/1158 913/473/1158
f 913/473/1158 910/469/1158 914/474/1158
f 910/469/1159 909/470/1160 916/475/1161
f 916/475/1161 909/470/1160 915/476/1160
f 912/472/1162 917/477/1163 909/470/1163
f 909/470/1163 917/477/1163 915/476/1163
f 912/472/1164 914/474/1165 917/477/1164
f 917/477/1164 914/474/1165 918/478/1165
f 910/469/1166 916/475/1167 914/474/1167
f 914/474/1167 916/475/1167 918/478/1168
f 916/479/1169 915/480/1169 919/481/1169
f 915/480/1170 917/482/1170 919/481/1170
f 917/482/1171 918/483/1171 919/481/1171
f 918/483/1172 916/479/1172 919/481/1172
f 907/467/1173 921/469/1173 908/468/1174
f 908/468/1174 921/469/1173 920/470/1175
f 920/470/1176 922/472/1177 908/468/1176
f 908/468/1176 922/472/1177 911/471/1177
f 911/471/1178 922/472/1179 913/473/1180
f 913/473/1180 922/472/1179 923/474/1180
f 923/474/1181 921/469/1181 913/473/1181
f 913/473/1181 921/469/1181 907/467/1181
f 921/469/1182 925/475/1182 920/470/1183
f 920/470/1183 925/475/1182 924/476/1183
f 924/476/1184 926/477/1185 920/470/1184
f 920/470/1184 926/477/1185 922/472/1185
f 922/472/1186 926/477/1187 923/474/1187
f 923/474/1187 926/477/1187 927/478/1187
f 927/478/1188 925/475/1188 923/474/1188
f 923/474/1188 925/475/1188 921/469/1188
f 925/479/1189 928/481/1189 924/480/1189
f 924/480/1190 928/481/1190 926/482/1190
f 926/482/1191 928/481/1191 927/483/1191
f 927/483/1192 928/481/1192 925/479/1192
f 929/484/1193 930/485/1194 932/486/1193
f 932/486/1193 930/485/1194 931/487/1194
f 933/488/1195 934/489/1195 930/485/1196
f 930/485/1196 934/489/1195 931/487/1196
f 933/488/1197 935/490/1197 934/489/1198
f 934/489/1198 935/490/1197 936/491/1199
f 929/484/1200 932/486/1200 935/490/1200
f 935/490/1200 932/486/1200 936/491/1201
f 932/486/1202 931/487/1203 938/492/1202
f 938/492/1202 931/487/1203 937/493/1203
f 934/489/1204 939/494/1204 931/487/1205
f 931/487/1205 939/494/1204 937/493/1205
f 934/489/1206 936/491/1206 939/494/1207
f 939/494/1207 936/491/1206 940/495/1206
f 932/486/1208 938/492/1208 936/491/1208
f 936/491/1208 938/492/1208 940/495/1208
f 938/496/1209 937/497/1209 941/498/1209
f 937/497/1210 939/499/1210 941/498/1210
f 939/499/1211 940/500/1211 941/498/1211
f 940/500/1212 938/496/1212 941/498/1212
f 929/484/1213 943/486/1213 930/485/1214
f 930/485/1214 943/486/1213 942/487/1214
f 942/487/1215 944/489/1216 930/485/1215
f 930/485/1215 944/489/1216 933/488/1216
f 933/488/1217 944/489/1218 935/490/1217
f 935/490/1217 944/489/1218 945/491/1219
f 945/491/1220 943/486/1221 935/490/1221
f 935/490/1221 943/486/1221 929/484/1221
f 943/486/1222 947/492/1223 942/487/1224
f 942/487/1224 947/492/1223 946/493/1225
f 946/493/1226 948/494/1227 942/487/1226
f 942/487/1226 948/494/1227 944/489/1227
f 944/489/1228 948/494/1228 945/491/1229
f 945/491/1229 948/494/1228 949/495/1229
f 949/495/1230 947/492/1230 945/491/1230
f 945/491/1230 947/492/1230 943/486/1230
f 947/496/1231 950/498/1231 946/497/1231
f 946/497/1232 950/498/1232 948/499/1232
f 948/499/1233 950/498/1233 949/500/1233
f 949/500/1234 950/498/1234 947/496/1234
f 951/501/1235 952/502/1236 954/503/1235
f 954/503/1235 952/502/1236 953/504/1236
f 955/505/1237 956/506/1237 952/502/1238
f 952/502/1238 956/506/1237 953/504/1238
f 955/505/1239 957/507/1240 956/506/1241
f 956/506/1241 957/507/1240 958/508/1240
f 951/501/1242 954/503/1243 957/507/1242
f 957/507/1242 954/503/1243 958/508/1242
f 954/503/1244 953/504/1245 960/509/1246
f 960/509/1246 953/504/1245 959/510/1245
f 956/506/1247 961/511/1247 953/504/1248
f 953/504/1248 961/511/1247 959/510/1248
f 956/506/1249 958/508/1249 961/511/1249
f 961/511/1249 958/508/1249 962/512/1249
f 954/503/1250 960/509/1251 958/508/1251
f 958/508/1251 960/509/1251 962/512/1251
f 960/513/1252 959/514/1252 963/515/1252
f 959/514/1253 961/516/1253 963/515/1253
f 961/516/1254 962/517/1254 963/515/1254
f 962/517/1255 960/513/1255 963/515/1255
f 951/501/1256 965/503/1256 952/502/1257
f 952/502/1257 965/503/1256 964/504/1257
f 964/504/1258 966/506/1259 952/502/1258
f 952/502/1258 966/506/1259 955/505/1259
f 955/505/1260 966/506/1261 957/507/1262
f 957/507/1262 966/506/1261 967/508/1262
f 967/508/1263 965/503/1264 957/507/1263
f 957/507/1263 965/503/1264 951/501/1264
f 965/503/1265 969/509/1265 964/504/1266
f 964/504/1266 969/509/1265 968/510/1266
f 968/510/1267 970/511/1268 964/504/1267
f 964/504/1267 970/511/1268 966/506/1268
f 966/506/1269 970/511/1269 967/508/1269
f 967/508/1269 970/511/1269 971/512/1269
f 971/512/1270 969/509/1270 967/508/1270
f 967/508/1270 969/509/1270 965/503/1271
f 969/513/1272 972/515/1272 968/514/1272
f 968/514/1273 972/515/1273 970/516/1273
f 970/516/1274 972/515/1274 971/517/1274
f 971/517/1275 972/515/1275 969/513/1275
f 973/467/1276 976/469/1277 974/468/1278
f 974/468/1278 976/469/1277 975/470/1279
f 975/470/1280 978/472/1281 974/468/1280
f 974/468/1280 978/472/1281 977/471/1281
f 977/471/1282 978/472/1283 979/473/1282
f 979/473/1282 978/472/1283 980/474/1282
f 980/474/1284 976/469/1285 979/473/1284
f 979/473/1284 976/469/1285 973/467/1286
f 976/469/1287 982/475/1288 975/470/1289
f 975/470/1289 982/475/1288 981/476/1289
f 981/476/1290 983/477/1290 975/470/1291
f 975/470/1291 983/477/1290 978/472/1292
f 978/472/1293 983/477/1294 980/474/1295
f 980/474/1295 983/477/1294 984/478/1295
f 984/478/1296 982/475/1297 980/474/1296
f 980/474/1296 982/475/1297 976/469/1297
f 982/479/1298 985/481/1298 981/480/1298
f 981/480/1299 985/481/1299 983/482/1299
f 983/482/1300 985/481/1300 984/483/1300
f 984/483/1301 985/481/1301 982/479/1301
f 973/467/1302 974/468/1303 987/469/1304
f 987/469/1304 974/468/1303 986/470/1305
f 977/471/1306 988/472/1306 974/468/1307
f 974/468/1307 988/472/1306 986/470/1307
f 977/471/1308 979/473/1309 988/472/1310
f 988/472/1310 979/473/1309 989/474/1309
f 973/467/1311 987/469/1312 979/473/1313
f 979/473/1313 987/469/1312 989/474/1313
f 987/469/1314 986/470/1315 991/475/1316
f 991/475/1316 986/470/1315 990/476/1315
f 988/472/1317 992/477/1318 986/470/1319
f 986/470/1319 992/477/1318 990/476/1318
f 988/472/1320 989/474/1321 992/477/1322
f 992/477/1322 989/474/1321 993/478/1321
f 987/469/1323 991/475/1324 989/474/1323
f 989/474/1323 991/475/1324 993/478/1323
f 991/479/1325 990/480/1325 994/481/1325
f 990/480/1326 992/482/1326 994/481/1326
f 992/482/1327 993/483/1327 994/481/1327
f 993/483/1328 991/479/1328 994/481/1328
f 995/484/1195 998/486/1195 996/485/1196
f 996/485/1196 998/486/1195 997/487/1196
f 997/487/1194 1000/489/1193 996/485/1194
f 996/485/1194 1000/489/1193 999/488/1193
f 999/488/1200 1000/489/1329 1001/490/1201
f 1001/490/1201 1000/489/1329 1002/491/1200
f 1002/491/1197 998/486/1197 1001/490/1199
f 1001/490/1199 998/486/1197 995/484/1197
f 998/486/1204 1004/492/1204 997/487/1205
f 997/487/1205 1004/492/1204 1003/493/1205
f 1003/493/1203 1005/494/1330 997/487/1203
f 997/487/1203 1005/494/1330 1000/489/1331
f 1000/489/1208 1005/494/1208 1002/491/1208
f 1002/491/1208 1005/494/1208 1006/495/1208
f 1006/495/1206 1004/492/1207 1002/491/1206
f 1002/491/1206 1004/492/1207 998/486/1207
f 1004/496/1210 1007/498/1210 1003/497/1210
f 1003/497/1209 1007/498/1209 1005/499/1209
f 1005/499/1212 1007/498/1212 1006/500/1212
f 1006/500/1211 1007/498/1211 1004/496/1211
f 995/484/1216 996/485/1215 1009/486/1216
f 1009/486/1216 996/485/1215 1008/487/1215
f 999/488/1213 1010/489/1213 996/485/1214
f 996/485/1214 1010/489/1213 1008/487/1214
f 999/488/1221 1001/490/1220 1010/489/1332
f 1010/489/1332 1001/490/1220 1011/491/1221
f 995/484/1218 1009/486/1217 1001/490/1219
f 1001/490/1219 1009/486/1217 1011/491/1217
f 1009/486/1227 1008/487/1226 1013/492/1227
f 1013/492/1227 1008/487/1226 1012/493/1226
f 1010/489/1222 1014/494/1223 1008/487/1224
f 1008/487/1224 1014/494/1223 1012/493/1225
f 1010/489/1230 1011/491/1230 1014/494/1230
f 1014/494/1230 1011/491/1230 1015/495/1230
f 1009/486/1228 1013/492/1228 1011/491/1229
f 1011/491/1229 1013/492/1228 1015/495/1229
f 1013/496/1232 1012/497/1232 1016/498/1232
f 1012/497/1231 1014/499/1231 1016/498/1231
f 1014/499/1234 1015/500/1234 1016/498/1234
f 1015/500/1233 1013/496/1233 1016/498/1233
f 1017/501/1333 1020/503/1333 1018/502/1334
f 1018/502/1334 1020/503/1333 1019/504/1334
f 1019/504/1335 1022/506/1336 1018/502/1335
f 1018/502/1335 1022/506/1336 1021/505/1336
f 1021/505/1337 1022/506/1338 1023/507/1339
f 1023/507/1339 1022/506/1338 1024/508/1339
f 1024/508/1340 1020/503/1340 1023/507/1340
f 1023/507/1340 1020/503/1340 1017/501/1341
f 1020/503/1342 1026/509/1343 1019/504/1344
f 1019/504/1344 1026/509/1343 1025/510/1344
f 1025/510/1345 1027/511/1346 1019/504/1345
f 1019/504/1345 1027/511/1346 1022/506/1346
f 1022/506/1347 1027/511/1347 1024/508/1347
f 1024/508/1347 1027/511/1347 1028/512/1347
f 1028/512/1348 1026/509/1349 1024/508/1348
f 1024/508/1348 1026/509/1349 1020/503/1350
f 1026/513/1351 1029/515/1351 1025/514/1351
f 1025/514/1352 1029/515/1352 1027/516/1352
f 1027/516/1353 1029/515/1353 1028/517/1353
f 1028/517/1354 1029/515/1354 1026/513/1354
f 1017/501/1355 1018/502/1356 1031/503/1355
f 1031/503/1355 1018/502/1356 1030/504/1356
f 1021/505/1357 1032/506/1357 1018/502/1358
f 1018/502/1358 1032/506/1357 1030/504/1358
f 1021/505/1359 1023/507/1360 1032/506/1361
f 1032/506/1361 1023/507/1360 1033/508/1360
f 1017/501/1362 1031/503/1362 1023/507/1363
f 1023/507/1363 1031/503/1362 1033/508/1363
f 1031/503/1364 1030/504/1365 1035/509/1366
f 1035/509/1366 1030/504/1365 1034/510/1365
f 1032/506/1367 1036/511/1367 1030/504/1368
f 1030/504/1368 1036/511/1367 1034/510/1368
f 1032/506/1369 1033/508/1369 1036/511/1369
f 1036/511/1369 1033/508/1369 1037/512/1369
f 1031/503/1370 1035/509/1371 1033/508/1370
f 1033/508/1370 1035/509/1371 1037/512/1370
f 1035/513/1372 1034/514/1372 1038/515/1372
f 1034/514/1373 1036/516/1373 1038/515/1373
f 1036/516/1374 1037/517/1374 1038/515/1374
f 1037/517/1375 1035/513/1375 1038/515/1375
f 1040/518/1376 1041/519/1377 1039/520/1378
f 1039/520/1378 1041/519/1377 1042/521/1376
f 1041/519/1379 1043/522/1380 1042/521/1379
f 1042/521/1379 1043/522/1380 1044/523/1380
f 1044/523/1380 1043/522/1380 1046/524/1381
f 1046/524/1381 1043/522/1380 1045/525/1381
f 1046/524/1382 1045/525/1383 1048/526/1382
f 1048/526/1382 1045/525/1383 1047/527/1382
f 1047/527/1384 1049/528/1384 1048/526/1385
f 1048/526/1385 1049/528/1384 1050/529/1385
f 1041/519/1386 1214/453/1386 1043/522/1386
f 1043/522/1386 1214/453/1386 1215/452/1386
f 1043/522/1386 1215/452/1386 1216/451/1386
f 1040/518/1387 1217/448/1388 1041/519/1387
f 1041/519/1387 1217/448/1388 1214/453/1388
f 1047/527/1389 1219/457/1389 1049/528/1389
f 1049/528/1389 1219/457/1389 1220/454/1389
f 1049/528/1389 1220/454/1389 1221/455/1389
f 1045/525/1389 1222/458/1389 1047/527/1389
f 1047/527/1389 1222/458/1389 1223/456/1389
f 1047/527/1389 1223/456/1389 1219/457/1389
f 1043/522/1386 1224/450/1386 1045/525/1386
f 1045/525/1386 1224/450/1386 1222/458/1386
f 1042/521/1390 1051/530/1390 1039/520/1390
f 1044/523/1390 1052/531/1390 1042/521/1390
f 1042/521/1390 1052/531/1390 1051/530/1390
f 1050/529/1390 1053/532/1390 1048/526/1390
f 1048/526/1390 1053/532/1390 1046/524/1390
f 1053/532/1390 1052/531/1390 1046/524/1390
f 1046/524/1390 1052/531/1390 1044/523/1390
f 1055/521/1391 1054/519/1392 1039/520/1393
f 1039/520/1393 1054/519/1392 1040/518/1394
f 1057/523/1395 1056/522/1395 1055/521/1396
f 1055/521/1396 1056/522/1395 1054/519/1396
f 1057/523/1395 1059/524/1397 1056/522/1395
f 1056/522/1395 1059/524/1397 1058/525/1397
f 1059/524/1398 1061/526/1398 1058/525/1398
f 1058/525/1398 1061/526/1398 1060/527/1398
f 1050/529/1385 1049/528/1384 1061/526/1384
f 1061/526/1384 1049/528/1384 1060/527/1384
f 1054/519/1399 1056/522/1399 1226/453/1399
f 1226/453/1399 1056/522/1399 1225/452/1399
f 1060/527/1389 1049/528/1389 1230/457/1389
f 1230/457/1389 1049/528/1389 1229/454/1389
f 1058/525/1389 1060/527/1389 1232/458/1389
f 1232/458/1389 1060/527/1389 1231/456/1389
f 1232/458/1399 1233/450/1399 1058/525/1399
f 1058/525/1399 1233/450/1399 1056/522/1399
f 1056/522/1399 1233/450/1399 1227/451/1399
f 1055/521/1390 1039/520/1390 1051/530/1390
f 1051/530/1390 1052/531/1390 1055/521/1390
f 1055/521/1390 1052/531/1390 1057/523/1390
f 1050/529/1390 1061/526/1390 1053/532/1390
f 1053/532/1390 1061/526/1390 1059/524/1390
f 1053/532/1390 1059/524/1390 1052/531/1390
f 1052/531/1390 1059/524/1390 1057/523/1390
f 1063/533/1400 1064/534/1401 1062/535/1402
f 1062/535/1402 1064/534/1401 1065/536/1403
f 1063/533/1400 1066/537/1404 1064/534/1401
f 1064/534/1401 1066/537/1404 1067/538/1405
f 1067/538/1405 1068/539/1406 1064/534/1401
f 1064/534/1401 1068/539/1406 1069/540/1407
f 1065/536/1403 1064/534/1401 1070/541/1408
f 1070/541/1408 1064/534/1401 1069/540/1407
f 1069/540/1407 1071/542/1409 1070/541/1408
f 1070/541/1408 1071/542/1409 1072/543/1410
f 1069/540/1407 1068/539/1406 1071/542/1409
f 1071/542/1409 1068/539/1406 1073/544/1411
f 1075/545/1412 1066/537/1404 1074/546/1413
f 1074/546/1413 1066/537/1404 1063/533/1400
f 1076/547/1414 1074/546/1413 1062/535/1402
f 1062/535/1402 1074/546/1413 1063/533/1400
f 1075/545/1412 1077/548/1415 1066/537/1404
f 1066/537/1404 1077/548/1415 1067/538/1405
f 1067/538/1405 1077/548/1415 1068/539/1406
f 1068/539/1406 1077/548/1415 1073/544/1411
f 1076/547/1414 1062/535/1402 1078/549/1416
f 1078/549/1416 1062/535/1402 1065/536/1403
f 1065/536/1403 1070/541/1408 1078/549/1416
f 1078/549/1416 1070/541/1408 1072/543/1410
f 1082/536/1417 1081/534/1418 1079/535/1419
f 1079/535/1419 1081/534/1418 1080/533/1420
f 1080/533/1420 1081/534/1418 1083/537/1421
f 1083/537/1421 1081/534/1418 1084/538/1422
f 1086/540/1423 1085/539/1424 1081/534/1418
f 1081/534/1418 1085/539/1424 1084/538/1422
f 1082/536/1417 1087/541/1425 1081/534/1418
f 1081/534/1418 1087/541/1425 1086/540/1423
f 1072/543/1426 1071/542/1427 1087/541/1425
f 1087/541/1425 1071/542/1427 1086/540/1423
f 1086/540/1423 1071/542/1427 1085/539/1424
f 1085/539/1424 1071/542/1427 1073/544/1428
f 1080/533/1420 1083/537/1421 1074/546/1429
f 1074/546/1429 1083/537/1421 1075/545/1430
f 1076/547/1431 1079/535/1419 1074/546/1429
f 1074/546/1429 1079/535/1419 1080/533/1420
f 1084/538/1422 1077/548/1432 1083/537/1421
f 1083/537/1421 1077/548/1432 1075/545/1430
f 1084/538/1422 1085/539/1424 1077/548/1432
f 1077/548/1432 1085/539/1424 1073/544/1428
f 1076/547/1431 1078/549/1433 1079/535/1419
f 1079/535/1419 1078/549/1433 1082/536/1417
f 1072/543/1426 1087/541/1425 1078/549/1433
f 1078/549/1433 1087/541/1425 1082/536/1417
f 1089/550/1434 1090/551/1435 1088/552/1436
f 1088/552/1436 1090/551/1435 1091/553/1434
f 1093/554/1437 1094/555/1438 1092/556/1439
f 1092/556/1439 1094/555/1438 1095/557/1438
f 1095/557/1440 1094/555/1440 1097/558/1441
f 1097/558/1441 1094/555/1440 1096/559/1441
f 1097/558/1442 1096/559/1442 1099/560/1443
f 1099/560/1443 1096/559/1442 1098/561/1443
f 1099/560/1444 1098/561/1444 1101/562/1444
f 1101/562/1444 1098/561/1444 1100/563/1444
f 1102/564/1445 1103/565/1445 1095/557/1445
f 1095/557/1445 1103/565/1445 1092/556/1445
f 1104/566/1446 1102/564/1446 1097/558/1446
f 1097/558/1446 1102/564/1446 1095/557/1446
f 1105/567/1447 1099/560/1447 1101/562/1447
f 1104/566/1448 1097/558/1448 1105/567/1448
f 1105/567/1448 1097/558/1448 1099/560/1448
f 1106/568/1401 1103/565/1401 1102/564/1401
f 1107/569/1449 1108/570/1449 1088/552/1449
f 1088/552/1449 1108/570/1449 1089/550/1449
f 1088/552/1401 1103/565/1401 1107/569/1401
f 1107/569/1401 1103/565/1401 1106/568/1401
f 1092/556/1450 1103/565/1450 1091/553/1451
f 1091/553/1451 1103/565/1450 1088/552/1450
f 1090/551/1452 1093/554/1437 1091/553/1452
f 1091/553/1452 1093/554/1437 1092/556/1439
f 1109/571/1453 1110/572/1453 1098/561/1453
f 1098/561/1453 1110/572/1453 1100/563/1453
f 1109/571/1454 1098/561/1454 1111/573/1454
f 1111/573/1454 1098/561/1454 1096/559/1454
f 1112/574/1455 1111/573/1455 1094/555/1455
f 1094/555/1455 1111/573/1455 1096/559/1455
f 1093/554/1456 1113/575/1456 1094/555/1456
f 1094/555/1456 1113/575/1456 1112/574/1456
f 1114/576/1457 1113/575/1457 1090/551/1457
f 1090/551/1457 1113/575/1457 1093/554/1457
f 1115/577/1458 1114/576/1458 1089/550/1458
f 1089/550/1458 1114/576/1458 1090/551/1458
f 1116/578/1459 1115/577/1459 1108/570/1459
f 1108/570/1459 1115/577/1459 1089/550/1459
f 1118/579/1460 1119/580/1460 1117/581/1460
f 1117/581/1460 1119/580/1460 1120/582/1460
f 1122/583/1461 1123/584/1462 1121/585/1463
f 1121/585/1463 1123/584/1462 1124/586/1464
f 1122/583/1465 1125/587/1466 1123/584/1465
f 1123/584/1465 1125/587/1466 1126/588/1467
f 1125/587/1468 1127/589/1468 1126/588/1469
f 1126/588/1469 1127/589/1468 1128/590/1468
f 1127/589/1470 1101/562/1470 1128/590/1470
f 1128/590/1470 1101/562/1470 1100/563/1470
f 1102/564/1471 1122/583/1472 1129/591/1471
f 1129/591/1471 1122/583/1472 1121/585/1473
f 1104/566/1474 1125/587/1475 1102/564/1474
f 1102/564/1474 1125/587/1475 1122/583/1474
f 1105/567/1476 1101/562/1476 1127/589/1476
f 1127/589/1477 1125/587/1477 1105/567/1477
f 1105/567/1477 1125/587/1477 1104/566/1477
f 1106/568/1401 1102/564/1401 1129/591/1401
f 1107/569/1478 1117/581/1479 1108/570/1478
f 1108/570/1478 1117/581/1479 1120/582/1479
f 1106/568/1401 1129/591/1401 1107/569/1401
f 1107/569/1401 1129/591/1401 1117/581/1401
f 1121/585/1480 1118/579/1480 1129/591/1480
f 1129/591/1480 1118/579/1480 1117/581/1480
f 1121/585/1463 1124/586/1464 1118/579/1481
f 1118/579/1481 1124/586/1464 1119/580/1481
f 1130/592/1482 1128/590/1482 1110/572/1482
f 1110/572/1482 1128/590/1482 1100/563/1482
f 1126/588/1483 1128/590/1483 1131/593/1483
f 1131/593/1483 1128/590/1483 1130/592/1483
f 1132/594/1484 1123/584/1484 1131/593/1484
f 1131/593/1484 1123/584/1484 1126/588/1484
f 1124/586/1485 1123/584/1485 1133/595/1485
f 1133/595/1485 1123/584/1485 1132/594/1485
f 1134/596/1486 1119/580/1486 1133/595/1486
f 1133/595/1486 1119/580/1486 1124/586/1486
f 1119/580/1487 1134/596/1487 1120/582/1487
f 1120/582/1487 1134/596/1487 1135/597/1487
f 1116/578/1488 1108/570/1488 1135/597/1488
f 1135/597/1488 1108/570/1488 1120/582/1488
f 1139/553/1489 1138/551/1489 1136/552/1490
f 1136/552/1490 1138/551/1489 1137/550/1489
f 1143/557/1491 1142/555/1491 1140/556/1492
f 1140/556/1492 1142/555/1491 1141/554/1493
f 1143/557/1494 1145/558/1495 1142/555/1494
f 1142/555/1494 1145/558/1495 1144/559/1495
f 1145/558/1496 1147/560/1497 1144/559/1498
f 1144/559/1498 1147/560/1497 1146/561/1497
f 1147/560/1499 1149/562/1499 1146/561/1499
f 1146/561/1499 1149/562/1499 1148/563/1499
f 1150/564/1500 1143/557/1500 1151/565/1500
f 1151/565/1500 1143/557/1500 1140/556/1501
f 1152/566/1502 1145/558/1502 1150/564/1502
f 1150/564/1502 1145/558/1502 1143/557/1502
f 1153/567/1503 1149/562/1503 1147/560/1503
f 1147/560/1504 1145/558/1504 1153/567/1504
f 1153/567/1504 1145/558/1504 1152/566/1504
f 1154/568/1418 1150/564/1418 1151/565/1418
f 1155/569/1505 1136/552/1505 1156/570/1505
f 1156/570/1505 1136/552/1505 1137/550/1505
f 1154/568/1418 1151/565/1418 1155/569/1418
f 1155/569/1418 1151/565/1418 1136/552/1418
f 1140/556/1506 1139/553/1507 1151/565/1506
f 1151/565/1506 1139/553/1507 1136/552/1506
f 1140/556/1492 1141/554/1493 1139/553/1508
f 1139/553/1508 1141/554/1493 1138/551/1508
f 1109/571/1453 1146/561/1453 1110/572/1453
f 1110/572/1453 1146/561/1453 1148/563/1453
f 1144/559/1454 1146/561/1454 1111/573/1454
f 1111/573/1454 1146/561/1454 1109/571/1454
f 1112/574/1455 1142/555/1455 1111/573/1455
f 1111/573/1455 1142/555/1455 1144/559/1455
f 1141/554/1456 1142/555/1456 1113/575/1456
f 1113/575/1456 1142/555/1456 1112/574/1456
f 1114/576/1457 1138/551/1457 1113/575/1457
f 1113/575/1457 1138/551/1457 1141/554/1457
f 1138/551/1458 1114/576/1458 1137/550/1458
f 1137/550/1458 1114/576/1458 1115/577/1458
f 1116/578/1459 1156/570/1459 1115/577/1459
f 1115/577/1459 1156/570/1459 1137/550/1459
f 1160/582/1509 1159/580/1509 1157/581/1509
f 1157/581/1509 1159/580/1509 1158/579/1509
f 1164/586/1510 1163/584/1511 1161/585/1512
f 1161/585/1512 1163/584/1511 1162/583/1513
f 1162/583/1514 1163/584/1514 1165/587/1515
f 1165/587/1515 1163/584/1514 1166/588/1516
f 1165/587/1517 1166/588/1517 1167/589/1517
f 1167/589/1517 1166/588/1517 1168/590/1517
f 1167/589/1518 1168/590/1518 1149/562/1518
f 1149/562/1518 1168/590/1518 1148/563/1518
f 1150/564/1519 1169/591/1519 1162/583/1520
f 1162/583/1520 1169/591/1519 1161/585/1521
f 1152/566/1522 1150/564/1523 1165/587/1522
f 1165/587/1522 1150/564/1523 1162/583/1523
f 1153/567/1524 1167/589/1524 1149/562/1524
f 1152/566/1525 1165/587/1525 1153/567/1525
f 1153/567/1525 1165/587/1525 1167/589/1525
f 1154/568/1418 1169/591/1418 1150/564/1418
f 1155/569/1526 1156/570/1526 1157/581/1526
f 1157/581/1526 1156/570/1526 1160/582/1527
f 1157/581/1418 1169/591/1418 1155/569/1418
f 1155/569/1418 1169/591/1418 1154/568/1418
f 1161/585/1528 1169/591/1528 1158/579/1528
f 1158/579/1528 1169/591/1528 1157/581/1528
f 1159/580/1529 1164/586/1510 1158/579/1530
f 1158/579/1530 1164/586/1510 1161/585/1512
f 1130/592/1482 1110/572/1482 1168/590/1482
f 1168/590/1482 1110/572/1482 1148/563/1482
f 1130/592/1483 1168/590/1483 1131/593/1483
f 1131/593/1483 1168/590/1483 1166/588/1483
f 1132/594/1484 1131/593/1484 1163/584/1484
f 1163/584/1484 1131/593/1484 1166/588/1484
f 1164/586/1485 1133/595/1485 1163/584/1485
f 1163/584/1485 1133/595/1485 1132/594/1485
f 1134/596/1486 1133/595/1486 1159/580/1486
f 1159/580/1486 1133/595/1486 1164/586/1486
f 1135/597/1487 1134/596/1487 1160/582/1487
f 1160/582/1487 1134/596/1487 1159/580/1487
f 1116/578/1488 1135/597/1488 1156/570/1488
f 1156/570/1488 1135/597/1488 1160/582/1488
f 1170/598/1531 1171/599/1532 1173/600/1531
f 1173/600/1531 1171/599/1532 1172/601/1533
f 1170/598/1534 1173/600/1534 1174/602/1535
f 1174/602/1535 1173/600/1534 1175/603/1536
f 1176/604/1537 1177/605/1537 1171/599/1537
f 1171/599/1537 1177/605/1537 1172/601/1537
f 1178/606/1538 1174/602/1538 1179/607/1538
f 1179/607/1538 1174/602/1538 1175/603/1538
f 1180/608/1539 1181/609/1540 1176/604/1541
f 1176/604/1541 1181/609/1540 1177/605/1540
f 1180/608/1542 1178/606/1543 1181/609/1542
f 1181/609/1542 1178/606/1543 1179/607/1543
f 1173/600/1544 1172/601/1544 1183/610/1544
f 1183/610/1544 1172/601/1544 1182/611/1544
f 1173/600/1545 1183/610/1546 1175/603/1547
f 1175/603/1547 1183/610/1546 1184/612/1547
f 1177/605/1401 1185/613/1401 1172/601/1401
f 1172/601/1401 1185/613/1401 1182/611/1401
f 1179/607/1401 1175/603/1401 1186/614/1401
f 1186/614/1401 1175/603/1401 1184/612/1401
f 1181/609/1548 1187/615/1548 1177/605/1548
f 1177/605/1548 1187/615/1548 1185/613/1548
f 1181/609/1549 1179/607/1550 1187/615/1549
f 1187/615/1549 1179/607/1550 1186/614/1550
f 1183/610/1551 1182/611/1552 1189/616/1553
f 1189/616/1553 1182/611/1552 1188/617/1554
f 1183/610/1555 1189/616/1555 1184/612/1556
f 1184/612/1556 1189/616/1555 1190/618/1556
f 1185/613/1557 1191/619/1557 1182/611/1557
f 1182/611/1557 1191/619/1557 1188/617/1557
f 1186/614/1558 1184/612/1558 1192/620/1558
f 1192/620/1558 1184/612/1558 1190/618/1558
f 1187/615/1559 1193/621/1559 1185/613/1560
f 1185/613/1560 1193/621/1559 1191/619/1560
f 1187/615/1561 1186/614/1561 1193/621/1561
f 1193/621/1561 1186/614/1561 1192/620/1561
f 1189/622/1562 1188/623/1562 1194/624/1562
f 1190/625/1563 1189/622/1563 1194/624/1563
f 1188/623/1564 1191/626/1564 1194/624/1564
f 1192/627/1565 1190/625/1565 1194/624/1565
f 1191/626/1566 1193/628/1566 1194/624/1566
f 1193/628/1567 1192/627/1567 1194/624/1567
f 1170/598/1568 1196/600/1569 1171/599/1568
f 1171/599/1568 1196/600/1569 1195/601/1570
f 1197/603/1571 1196/600/1571 1174/602/1572
f 1174/602/1572 1196/600/1571 1170/598/1573
f 1195/601/1574 1198/605/1574 1171/599/1574
f 1171/599/1574 1198/605/1574 1176/604/1574
f 1178/606/1575 1199/607/1575 1174/602/1575
f 1174/602/1575 1199/607/1575 1197/603/1575
f 1198/605/1576 1200/609/1576 1176/604/1577
f 1176/604/1577 1200/609/1576 1180/608/1578
f 1180/608/1579 1200/609/1580 1178/606/1580
f 1178/606/1580 1200/609/1580 1199/607/1580
f 1196/600/1581 1202/610/1581 1195/601/1581
f 1195/601/1581 1202/610/1581 1201/611/1581
f 1203/612/1582 1202/610/1583 1197/603/1582
f 1197/603/1582 1202/610/1583 1196/600/1584
f 1201/611/1418 1204/613/1418 1195/601/1418
f 1195/601/1418 1204/613/1418 1198/605/1418
f 1199/607/1418 1205/614/1418 1197/603/1418
f 1197/603/1418 1205/614/1418 1203/612/1418
f 1204/613/1585 1206/615/1585 1198/605/1585
f 1198/605/1585 1206/615/1585 1200/609/1585
f 1200/609/1586 1206/615/1586 1199/607/1587
f 1199/607/1587 1206/615/1586 1205/614/1586
f 1202/610/1588 1208/616/1589 1201/611/1590
f 1201/611/1590 1208/616/1589 1207/617/1591
f 1209/618/1592 1208/616/1593 1203/612/1592
f 1203/612/1592 1208/616/1593 1202/610/1593
f 1207/617/1594 1210/619/1594 1201/611/1594
f 1201/611/1594 1210/619/1594 1204/613/1594
f 1205/614/1595 1211/620/1595 1203/612/1595
f 1203/612/1595 1211/620/1595 1209/618/1595
f 1210/619/1596 1212/621/1597 1204/613/1596
f 1204/613/1596 1212/621/1597 1206/615/1597
f 1206/615/1598 1212/621/1598 1205/614/1598
f 1205/614/1598 1212/621/1598 1211/620/1598
f 1208/622/1599 1213/624/1599 1207/623/1599
f 1209/625/1600 1213/624/1600 1208/622/1600
f 1207/623/1601 1213/624/1601 1210/626/1601
f 1211/627/1602 1213/624/1602 1209/625/1602
f 1210/626/1603 1213/624/1603 1212/628/1603
f 1212/628/1604 1213/624/1604 1211/627/1604
f 1218/449/1605 1217/448/1605 1040/518/1606
f 1216/451/1386 1224/450/1386 1043/522/1386
f 1227/451/1399 1225/452/1399 1056/522/1399
f 1228/448/1607 1218/449/1607 1040/518/1608
f 1226/453/1609 1228/448/1609 1054/519/1608
f 1054/519/1608 1228/448/1609 1040/518/1608
f 1221/455/1389 1229/454/1389 1049/528/1389
f 1230/457/1389 1231/456/1389 1060/527/1389
f 1228/448/1610 1238/448/1610 1218/449/1610
f 1226/453/1610 1237/453/1610 1228/448/1610
f 1228/448/1610 1237/453/1610 1238/448/1610
f 1221/455/1611 1234/450/1610 1229/454/1610
f 1234/450/1610 1233/450/1610 1229/454/1610
f 1229/454/1610 1233/450/1610 1230/457/1610
f 1230/457/1610 1233/450/1610 1231/456/1612
f 1233/450/1610 1232/458/1613 1231/456/1612
f 1236/452/1610 1237/453/1610 1225/452/1610
f 1225/452/1610 1237/453/1610 1226/453/1610
f 1235/451/1610 1236/452/1610 1227/451/1610
f 1227/451/1610 1236/452/1610 1225/452/1610
f 1234/450/1610 1235/451/1610 1233/450/1610
f 1233/450/1610 1235/451/1610 1227/451/1610
f 1224/450/1610 1234/450/1610 1222/458/1614
f 1222/458/1614 1234/450/1610 1223/456/1610
f 1223/456/1610 1234/450/1610 1219/457/1612
f 1219/457/1612 1234/450/1610 1220/454/1614
f 1234/450/1610 1221/455/1611 1220/454/1614
f 1216/451/1610 1235/451/1610 1224/450/1610
f 1224/450/1610 1235/451/1610 1234/450/1610
f 1215/452/1610 1236/452/1610 1216/451/1610
f 1216/451/1610 1236/452/1610 1235/451/1610
f 1215/452/1610 1214/453/1610 1236/452/1610
f 1236/452/1610 1214/453/1610 1237/453/1610
f 1238/448/1610 1237/453/1610 1217/448/1610
f 1217/448/1610 1237/453/1610 1214/453/1610
f 1218/449/1610 1238/448/1610 1217/448/1610
o sheath
v -335.201233 11.661839 1.663960
v -335.201233 4.195460 2.752139
v -48.761765 4.195460 2.752139
v -48.761765 11.661839 1.663960
v -48.761765 4.195460 -0.000000
v -48.761765 11.661839 -0.000001
v -335.201233 11.661839 -0.000001
v -335.201233 4.195460 -0.000000
v -335.201233 -3.270902 1.663961
v -335.201233 -3.270902 0.000000
v -48.761765 -3.270902 0.000000
v -48.761765 -3.270902 1.663961
v -335.201233 11.661839 -1.663965
v -335.201233 4.195460 -2.752141
v -48.761765 4.195460 -2.752141
v -48.761765 11.661839 -1.663965
v -335.201233 -3.270902 -1.663964
v -48.761765 -3.270902 -1.663964
vn -0.0000 0.1442 0.9895
vn 1.0000 -0.0000 -0.0000
vn -1.0000 -0.0000 -0.0000
vn -0.0000 -1.0000 -0.0000
vn -0.0000 1.0000 -0.0000
vn -0.0000 -0.1442 0.9895
vn -0.0000 0.1442 -0.9895
vn -0.0000 -0.1442 -0.9895
vt 0.036068 0.052531
vt 0.054291 0.052531
vt 0.036068 0.751662
vt 0.054291 0.751662
vt 0.072515 0.052531
vt 0.072515 0.751662
s 1
usemtl initialShadingGroup.013
f 1239/629/1615 1240/630/1615 1242/631/1615
f 1242/631/1615 1240/630/1615 1241/632/1615
f 1241/632/1616 1243/632/1616 1242/631/1616
f 1242/631/1616 1243/632/1616 1244/631/1616
f 1245/629/1617 1246/630/1617 1239/629/1617
f 1239/629/1617 1246/630/1617 1240/630/1617
f 1247/633/1618 1248/633/1618 1250/634/1618
f 1250/634/1618 1248/633/1618 1249/634/1618
f 1245/629/1619 1239/629/1619 1244/631/1619
f 1244/631/1619 1239/629/1619 1242/631/1619
f 1241/632/1616 1250/634/1616 1243/632/1616
f 1243/632/1616 1250/634/1616 1249/634/1616
f 1240/630/1617 1246/630/1617 1247/633/1617
f 1247/633/1617 1246/630/1617 1248/633/1617
f 1241/632/1620 1240/630/1620 1250/634/1620
f 1250/634/1620 1240/630/1620 1247/633/1620
f 1251/629/1621 1254/631/1621 1252/630/1621
f 1252/630/1621 1254/631/1621 1253/632/1621
f 1244/631/1616 1243/632/1616 1254/631/1616
f 1254/631/1616 1243/632/1616 1253/632/1616
f 1245/629/1617 1251/629/1617 1246/630/1617
f 1246/630/1617 1251/629/1617 1252/630/1617
f 1255/633/1618 1256/634/1618 1248/633/1618
f 1248/633/1618 1256/634/1618 1249/634/1618
f 1245/629/1619 1244/631/1619 1251/629/1619
f 1251/629/1619 1244/631/1619 1254/631/1619
f 1253/632/1616 1243/632/1616 1256/634/1616
f 1256/634/1616 1243/632/1616 1249/634/1616
f 1252/630/1617 1255/633/1617 1246/630/1617
f 1246/630/1617 1255/633/1617 1248/633/1617
f 1253/632/1622 1256/634/1622 1252/630/1622
f 1252/630/1622 1256/634/1622 1255/633/1622
o item_blade
v 70.393272 0.564469 -0.000000
v 0.000000 55.970829 3.982025
v 0.000000 70.957733 -0.000013
v 55.406349 0.564469 3.982044
v 0.000000 -69.828705 0.000013
v 0.000000 55.970829 -3.982048
v 55.406349 0.564469 -3.982044
v 0.000000 -54.841778 -3.982033
v -55.406254 0.564469 -3.982044
v -70.393272 0.564469 -0.000000
v 0.000000 -54.841778 3.982056
v -55.406254 0.564469 3.982044
v -65.434006 -57.958496 10.905501
v -61.984558 -61.047306 11.568207
v 62.498158 62.740479 11.568198
v 59.048706 65.829262 10.905493
v 62.498158 62.740479 9.892134
v 59.048706 65.829262 9.892134
v -65.434006 -57.958496 9.892142
v -61.984558 -61.047306 9.892142
v -58.535118 -64.136093 10.905500
v -58.535118 -64.136093 9.892141
v 65.947594 59.651684 9.892133
v 65.947594 59.651684 10.905492
v -65.434006 -57.958496 8.878781
v -61.984558 -61.047306 8.216077
v 62.498158 62.740479 8.216068
v 59.048706 65.829262 8.878773
v -58.535118 -64.136093 8.878780
v 65.947594 59.651684 8.878772
v -28.112436 41.924126 13.286929
v -25.135162 47.656921 13.286928
v -27.467089 42.567413 13.553772
v -22.375868 44.877289 13.286929
v -27.467089 42.567413 13.020087
v -24.930811 47.451061 12.728422
v -22.580221 45.083153 12.728423
v -26.950289 43.082542 13.151587
v -24.767166 47.286209 13.003667
v -22.743868 45.248001 13.003668
v -23.756746 46.268349 11.926471
v -20.595018 49.486214 13.151587
v -20.083786 50.006950 13.020087
v -19.445360 50.657211 13.286929
v -20.083786 50.006950 13.553772
v -24.930811 47.451061 13.845435
v -22.580221 45.083153 13.845436
v -20.595018 49.486214 13.422272
v -24.767166 47.286209 13.570189
v -22.743868 45.248001 13.570189
v -23.756748 46.268349 14.647384
v -26.950289 43.082542 13.422272
v -42.089622 32.735104 13.286928
v -42.910282 32.588177 13.553771
v -47.516468 33.937908 13.286928
v -47.743736 29.548441 13.286928
v -42.910282 32.588177 13.020086
v -47.533295 33.612812 12.728422
v -47.726906 29.873528 12.728422
v -43.567455 32.470516 13.151586
v -47.546772 33.352501 13.003667
v -47.713421 30.133860 13.003667
v -47.629990 31.745132 11.926471
v -51.689922 31.070379 13.151585
v -52.346634 30.961555 13.020085
v -53.166714 30.825655 13.286927
v -52.346634 30.961555 13.553770
v -47.533295 33.612812 13.845435
v -47.726906 29.873528 13.845435
v -51.689922 31.070379 13.422270
v -47.546772 33.352501 13.570189
v -47.713421 30.133860 13.570189
v -47.629990 31.745134 14.647384
v -43.567455 32.470516 13.422271
v -40.836876 29.102787 13.286928
v -41.475296 28.452524 13.553771
v -46.526669 26.102510 13.286927
v -43.767376 23.322876 13.286927
v -41.475296 28.452524 13.020086
v -46.322315 25.896650 12.728421
v -43.971729 23.528734 12.728421
v -41.986526 27.931791 13.151586
v -46.158672 25.731798 13.003666
v -44.135368 23.693586 13.003666
v -45.148251 24.713928 11.926470
v -48.341797 21.528116 13.151585
v -48.858601 21.012993 13.020085
v -49.503948 20.369707 13.286927
v -48.858601 21.012993 13.553770
v -46.322315 25.896650 13.845434
v -43.971729 23.528734 13.845434
v -48.341797 21.528116 13.422270
v -46.158672 25.731798 13.570188
v -44.135368 23.693586 13.570188
v -45.148251 24.713930 14.647383
v -41.986526 27.931791 13.422271
v -37.591969 27.784515 13.286929
v -37.773449 26.956865 13.553771
v -40.970127 22.211050 13.286927
v -36.664371 22.182552 13.286929
v -37.773449 26.956865 13.020086
v -40.651237 22.208944 12.728421
v -36.983253 22.184664 12.728423
v -37.918774 26.294081 13.151586
v -40.395885 22.207256 13.003666
v -37.238613 22.186354 13.003668
v -38.819160 22.196815 11.926470
v -39.769203 18.099884 13.151586
v -39.923203 17.437160 13.020086
v -40.115505 16.609575 13.286928
v -39.923203 17.437160 13.553771
v -40.651237 22.208944 13.845434
v -36.983253 22.184664 13.845436
v -39.769203 18.099884 13.422271
v -40.395885 22.207256 13.570188
v -37.238613 22.186354 13.570189
v -38.819160 22.196817 14.647383
v -37.918774 26.294081 13.422271
v -31.717894 43.185825 13.286930
v -32.912422 48.653191 13.286929
v -31.572161 44.012650 13.553773
v -28.555624 48.882690 13.286929
v -31.572161 44.012650 13.020088
v -32.589737 48.670181 12.728423
v -28.878286 48.865692 12.728423
v -31.455450 44.674763 13.151587
v -32.331360 48.683792 13.003668
v -29.136675 48.852074 13.003668
v -30.735960 48.767830 11.926472
v -30.066717 52.858261 13.151587
v -29.958780 53.519913 13.020087
v -29.823982 54.346157 13.286929
v -29.958780 53.519913 13.553772
v -32.589737 48.670181 13.845436
v -28.878286 48.865692 13.845436
v -30.066717 52.858261 13.422272
v -32.331360 48.683792 13.570189
v -29.136675 48.852074 13.570189
v -30.735960 48.767830 14.647385
v -31.455450 44.674763 13.422272
v -26.803568 38.655071 13.286929
v -21.271975 42.059216 13.286930
v -25.982103 38.838017 13.553772
v -21.243160 37.721207 13.286930
v -25.982103 38.838017 13.020087
v -21.269852 41.737942 12.728424
v -21.245300 38.042480 12.728424
v -25.324263 38.984505 13.151587
v -21.268133 41.480675 13.003669
v -21.247005 38.299755 13.003669
v -21.257580 39.892139 11.926473
v -17.191229 40.849804 13.151587
v -16.533463 41.005039 13.020088
v -15.712057 41.198883 13.286930
v -16.533463 41.005039 13.553773
v -21.269852 41.737942 13.845437
v -21.245300 38.042480 13.845437
v -17.191229 40.849804 13.422273
v -21.268133 41.480675 13.570190
v -21.247005 38.299755 13.570190
v -21.257582 39.892139 14.647386
v -25.324263 38.984505 13.422272
v 56.483677 -57.459160 13.286936
v 56.942474 -56.996864 13.718641
v 49.589008 -49.907948 13.839827
v 49.054996 -50.446007 13.286935
v 63.951740 -62.192513 13.286937
v 62.920551 -61.153748 13.642907
v 49.589008 -49.907948 12.734044
v 56.942474 -56.996864 12.855229
v 62.920551 -61.153748 12.930965
v 57.867931 -56.064468 12.855228
v 59.248486 -54.673306 13.286935
v 58.735554 -55.190140 12.855228
v 52.053200 -47.424999 12.734045
v 50.672882 -48.815800 12.734045
v -30.524136 32.979668 12.605494
v -30.929893 33.220230 12.911709
v -32.033859 32.107841 12.911795
v -31.920759 31.572248 12.605495
v -29.857222 34.301056 12.911709
v -29.143824 34.370472 12.605494
v -29.761454 34.397556 13.037578
v -29.143894 34.370544 12.888586
v -29.143894 34.370544 13.286928
v 52.053200 -47.424999 12.963745
v 52.053200 -47.424999 13.286936
v 52.053200 -47.424999 13.610126
v 52.053200 -47.424999 13.839828
v -29.143894 34.370544 13.685268
v -29.761454 34.397556 13.536279
v -29.143824 34.370472 13.968362
v -29.857222 34.301056 13.662147
v -30.524136 32.979668 13.968362
v -31.920759 31.572250 13.968363
v -32.033859 32.107841 13.662062
v -30.929893 33.220230 13.662147
v 50.672882 -48.815800 13.839828
v 57.867931 -56.064468 13.718640
v 58.735554 -55.190140 13.718640
v -30.929893 33.220230 13.286928
v -32.057964 32.083549 13.286928
v -29.857271 34.300999 13.286928
v -29.761454 34.397556 13.286928
v -32.798058 31.337843 13.286929
v -33.316441 30.165682 13.286929
v -35.100887 32.178978 16.643869
v -32.582901 33.607761 17.818808
v -34.704563 35.745056 19.329424
v -37.361252 33.068138 17.818808
v -35.239590 30.930845 13.286929
v -31.875683 32.895332 13.286928
v -38.246819 32.175831 13.286927
v -38.244087 35.345341 16.643867
v -39.482910 35.205433 13.286928
v -35.100887 32.178982 9.929987
v -37.361252 33.068138 8.755050
v -38.244087 35.345341 9.929988
v -34.704563 35.745056 7.244432
v -36.826218 37.882359 8.755050
v -37.533443 38.594791 13.286928
v -36.826218 37.882359 17.818808
v -34.308254 39.311150 16.643867
v -34.169533 40.559284 13.286929
v -34.308254 39.311153 9.929988
v -32.047871 38.421982 8.755050
v -31.162312 39.314297 13.286928
v -29.926212 36.284691 13.286928
v -31.165056 36.144791 16.643869
v -32.047874 38.421982 17.818806
v -31.165056 36.144791 9.929988
v -32.582901 33.607765 8.755050
v -66.110207 65.427887 15.507980
v -67.250076 66.309967 13.920304
v -66.361526 62.251163 14.247286
v -65.553436 62.773338 15.096023
v -64.189545 65.447372 15.507980
v -64.887543 66.150505 13.920304
v -62.667435 62.481255 15.507979
v -57.434807 58.642834 15.507980
v -58.445763 57.706856 15.096023
v -63.711292 61.429417 15.096022
v -61.956375 63.197731 15.507980
v -61.245323 63.914196 15.507980
v -56.505920 59.661472 15.096023
v -60.201443 64.966003 15.096023
v -64.170464 67.382401 15.507980
v -61.535587 66.821785 15.096024
v -61.017391 67.636002 14.247287
v -59.551701 65.620697 14.247286
v -55.838726 60.251045 14.247286
v -59.551701 65.620697 13.286926
v -55.838726 60.251045 13.286926
v -61.017391 67.636002 13.286927
v -59.551701 65.620697 12.326566
v -55.838726 60.251045 12.326566
v -61.017391 67.636002 12.326567
v -65.046120 68.530708 12.653548
v -64.170464 67.382401 11.065872
v -61.535587 66.821785 11.477831
v -60.201443 64.966003 11.477831
v -61.245323 63.914196 11.065872
v -57.434803 58.642834 11.065871
v -56.505920 59.661472 11.477831
v -61.956375 63.197731 11.065871
v -64.189545 65.447372 11.065871
v -64.887543 66.150505 12.653548
v -66.110207 65.427887 11.065871
v -62.667435 62.481255 11.065871
v -58.445763 57.706856 11.477830
v -63.711292 61.429417 11.477830
v -65.553436 62.773338 11.477830
v -66.361526 62.251163 12.326566
v -64.361038 60.774727 12.326565
v -59.030865 57.034603 12.326566
v -64.361038 60.774727 13.286925
v -64.361038 60.774727 14.247285
v -59.030865 57.034603 14.247286
v -59.030865 57.034603 13.286926
v -66.361526 62.251163 13.286926
v -67.250076 66.309967 13.286926
v -67.250076 66.309967 12.653548
v -64.887543 66.150505 13.286926
v -65.046120 68.530708 13.286926
v -65.046120 68.530708 13.920304
v -53.119587 51.203331 13.286927
v -45.506508 42.543190 13.286928
v -45.506508 42.543190 13.770856
v -53.119587 51.203331 14.247287
v -53.119587 51.203331 12.326567
v -45.506508 42.543190 12.802999
v -44.875561 43.178936 11.477832
v -39.588963 40.665459 11.065873
v -37.677425 38.739834 12.692797
v -37.677425 38.739834 13.286928
v -37.677425 38.739834 13.881059
v -41.453457 46.627110 13.286927
v -41.453457 46.627110 13.770855
v -41.453457 46.627110 12.802999
v -42.084393 45.991364 11.477832
v -50.050114 54.296185 12.326567
v -50.050114 54.296185 13.286927
v -50.050114 54.296185 14.247287
v -50.664680 53.652748 15.096024
v -42.084393 45.991364 15.096024
v -39.588963 40.665459 15.507982
v -43.479977 44.585148 15.507981
v -44.875561 43.178936 15.096025
v -51.584854 52.749771 15.507981
v -52.481014 51.822586 15.096024
v -50.664680 53.652748 11.477832
v -51.584854 52.749771 11.065872
v -43.479977 44.585152 11.065872
v -52.481014 51.822586 11.477831
v -72.755447 74.076393 13.286925
v -72.351311 73.669281 13.631035
v -70.899307 68.407303 13.286926
v -67.128304 72.207047 13.286925
v -72.351311 73.669281 12.942816
v -70.684853 68.579506 12.402064
v -67.299187 71.990959 12.402063
v -72.050728 73.366478 12.942816
v -70.525345 68.707626 12.402064
v -67.426353 71.830223 12.402063
v -71.735527 73.048950 13.159401
v -70.358093 68.841942 12.959011
v -67.559647 71.661697 12.959010
v -68.746475 70.037872 11.458387
v -67.439316 67.097771 12.959011
v -65.828094 68.721268 12.959011
v -65.866165 67.136330 12.959011
v -67.293076 66.776123 12.402064
v -65.551033 66.818886 12.461047
v -65.508804 68.573975 12.402064
v -65.204285 68.433495 12.402064
v -64.794945 68.244675 13.286926
v -65.250374 66.516014 12.461047
v -67.153595 66.469322 12.402064
v -66.966133 66.056946 13.286926
v -64.846245 66.108887 13.286926
v -65.250374 66.516014 14.112804
v -67.153595 66.469322 14.171788
v -65.204285 68.433495 14.171788
v -65.551033 66.818886 14.112804
v -67.293076 66.776123 14.171788
v -65.508804 68.573975 14.171788
v -65.866165 67.136330 13.614841
v -67.439316 67.097771 13.614841
v -65.828094 68.721268 13.614841
v -68.746475 70.037872 15.115463
v -71.735527 73.048950 13.414450
v -70.358093 68.841942 13.614841
v -67.559647 71.661697 13.614840
v -67.426353 71.830223 14.171787
v -67.299187 71.990959 14.171787
v -72.050728 73.366478 13.631035
v -70.684853 68.579506 14.171788
v -70.525345 68.707626 14.171788
vn 0.1531 -0.0511 0.9869
vn 0.2559 0.0852 0.9630
vn 0.0639 0.1919 0.9793
vn 0.2487 0.2487 0.9361
vn 0.2487 0.2487 -0.9361
vn 0.0853 -0.2559 0.9629
vn 0.0853 -0.2559 -0.9629
vn 0.1531 -0.0511 -0.9869
vn 0.2558 0.0852 -0.9630
vn 0.0638 0.1919 -0.9793
vn -0.1531 0.0511 -0.9869
vn -0.0639 -0.1919 -0.9793
vn -0.0854 0.2558 -0.9630
vn -0.2558 -0.0853 -0.9630
vn -0.1531 0.0511 0.9869
vn -0.2558 -0.0853 0.9630
vn -0.0639 -0.1919 0.9793
vn -0.0854 0.2558 0.9630
vn -0.1001 0.1006 0.9899
vn 0.6671 0.7450 -0.0000
vn -0.6671 -0.7450 -0.0000
vn 0.7051 -0.7091 -0.0000
vn -0.7051 0.7091 -0.0000
vn 0.1001 -0.1006 0.9899
vn -0.1001 0.1006 -0.9899
vn 0.1001 -0.1006 -0.9899
vn -0.7426 0.3621 -0.5634
vn -0.7357 0.3732 -0.5652
vn -0.7432 0.3570 -0.5658
vn -0.7426 0.3621 0.5634
vn -0.7432 0.3570 0.5658
vn -0.7357 0.3732 0.5652
vn 0.3712 -0.7366 0.5653
vn 0.3545 -0.7441 0.5662
vn 0.3595 -0.7435 0.5639
vn 0.3595 -0.7435 -0.5639
vn 0.3545 -0.7441 -0.5662
vn 0.3712 -0.7366 -0.5653
vn -0.7347 0.3710 -0.5680
vn 0.6109 -0.3413 -0.7144
vn 0.6060 -0.3522 -0.7132
vn 0.6083 -0.3449 -0.7148
vn 0.3684 -0.7358 -0.5682
vn -0.3393 0.6118 -0.7145
vn -0.3428 0.6094 -0.7149
vn -0.3500 0.6067 -0.7137
vn 0.6030 -0.3548 -0.7145
vn -0.5649 0.2659 -0.7811
vn -0.3532 0.6035 -0.7148
vn 0.2632 -0.5646 -0.7823
vn -0.2684 0.5617 -0.7826
vn 0.5678 -0.2606 -0.7808
vn -0.6151 0.3358 -0.7133
vn -0.6103 0.3466 -0.7123
vn -0.6127 0.3393 -0.7137
vn 0.3449 -0.6075 -0.7155
vn 0.3484 -0.6051 -0.7159
vn 0.3557 -0.6024 -0.7146
vn 0.3588 -0.5991 -0.7158
vn -0.6073 0.3493 -0.7135
vn 0.7468 -0.3554 -0.5621
vn 0.7401 -0.3666 -0.5638
vn 0.7474 -0.3503 -0.5645
vn -0.3663 0.7393 -0.5651
vn -0.3612 0.7399 -0.5675
vn -0.3778 0.7322 -0.5666
vn -0.3752 0.7314 -0.5695
vn 0.7391 -0.3643 -0.5667
vn -0.3778 0.7322 0.5666
vn -0.3612 0.7399 0.5675
vn -0.3663 0.7393 0.5651
vn 0.7468 -0.3554 0.5621
vn 0.7474 -0.3504 0.5645
vn 0.7401 -0.3666 0.5639
vn 0.3557 -0.6024 0.7146
vn 0.3484 -0.6051 0.7159
vn 0.3449 -0.6075 0.7155
vn -0.3752 0.7314 0.5695
vn 0.7391 -0.3643 0.5667
vn -0.6152 0.3357 0.7133
vn -0.6127 0.3393 0.7137
vn -0.6103 0.3466 0.7123
vn -0.2684 0.5617 0.7826
vn 0.3588 -0.5991 0.7158
vn -0.6073 0.3493 0.7136
vn 0.5678 -0.2606 0.7808
vn 0.2632 -0.5646 0.7823
vn -0.5649 0.2659 0.7811
vn -0.3500 0.6068 0.7137
vn -0.3428 0.6094 0.7149
vn -0.3393 0.6118 0.7145
vn 0.6109 -0.3413 0.7144
vn 0.6083 -0.3449 0.7148
vn 0.6060 -0.3522 0.7133
vn 0.6030 -0.3548 0.7145
vn -0.3532 0.6035 0.7148
vn 0.3685 -0.7358 0.5682
vn -0.7347 0.3710 0.5680
vn 0.4224 -0.7117 0.5613
vn 0.4239 -0.7092 0.5634
vn 0.4258 -0.7087 0.5625
vn 0.1383 0.6241 0.7690
vn 0.1850 0.7599 -0.6231
vn 0.1855 0.7604 -0.6224
vn 0.1773 0.7656 -0.6184
vn 0.4258 -0.7087 -0.5625
vn 0.4239 -0.7092 -0.5634
vn 0.4224 -0.7117 -0.5613
vn 0.1836 0.7640 -0.6186
vn -0.1026 -0.6430 -0.7590
vn -0.1031 -0.6432 -0.7587
vn -0.0988 -0.6383 -0.7634
vn -0.3182 0.6214 -0.7159
vn -0.3166 0.6175 -0.7200
vn -0.3191 0.6169 -0.7195
vn 0.4194 -0.7113 -0.5640
vn -0.0909 -0.6407 -0.7624
vn 0.1514 0.5449 -0.8247
vn 0.3300 -0.5364 -0.7768
vn -0.3240 0.6174 -0.7168
vn -0.3242 0.5382 -0.7780
vn -0.1586 -0.5431 -0.8246
vn 0.3170 -0.6188 -0.7188
vn 0.3092 -0.6189 -0.7221
vn 0.3110 -0.6228 -0.7179
vn 0.3116 -0.6183 -0.7215
vn 0.1111 0.6422 -0.7584
vn 0.1117 0.6424 -0.7582
vn 0.1075 0.6375 -0.7629
vn 0.0998 0.6400 -0.7619
vn -0.4118 0.7139 -0.5663
vn -0.4161 0.7118 -0.5659
vn -0.4183 0.7113 -0.5648
vn -0.4147 0.7142 -0.5639
vn -0.1950 -0.7582 -0.6222
vn -0.1953 -0.7587 -0.6214
vn -0.1877 -0.7640 -0.6173
vn -0.1939 -0.7624 -0.6174
vn -0.4147 0.7142 0.5638
vn -0.4161 0.7118 0.5659
vn -0.4183 0.7113 0.5648
vn -0.1950 -0.7582 0.6222
vn -0.1878 -0.7640 0.6173
vn -0.1953 -0.7587 0.6214
vn -0.4118 0.7139 0.5663
vn 0.3116 -0.6183 0.7215
vn 0.3092 -0.6189 0.7221
vn 0.3110 -0.6228 0.7179
vn -0.1939 -0.7624 0.6174
vn 0.1111 0.6422 0.7584
vn 0.1075 0.6375 0.7629
vn 0.1117 0.6424 0.7582
vn 0.3170 -0.6188 0.7188
vn -0.3242 0.5382 0.7780
vn 0.0998 0.6400 0.7619
vn -0.1586 -0.5431 0.8246
vn 0.3300 -0.5364 0.7768
vn 0.1514 0.5449 0.8247
vn -0.3191 0.6169 0.7195
vn -0.3165 0.6175 0.7200
vn -0.3182 0.6214 0.7159
vn -0.1026 -0.6430 0.7590
vn -0.0988 -0.6383 0.7634
vn -0.1031 -0.6432 0.7587
vn -0.0909 -0.6407 0.7624
vn -0.3240 0.6174 0.7168
vn 0.4194 -0.7113 0.5640
vn 0.1883 0.7626 0.6189
vn 0.1759 0.7665 0.6177
vn 0.1836 0.7640 0.6186
vn 0.7401 -0.3666 0.5638
vn -0.3663 0.7392 -0.5651
vn 0.3448 -0.6075 -0.7155
vn 0.3484 -0.6050 -0.7159
vn 0.6084 -0.3449 -0.7148
vn 0.6060 -0.3522 -0.7133
vn 0.6108 -0.3413 -0.7144
vn -0.3501 0.6068 -0.7137
vn 0.6084 -0.3449 0.7148
vn -0.6151 0.3357 0.7133
vn 0.3484 -0.6050 0.7159
vn -0.6073 0.3493 0.7135
vn 0.7751 0.1454 0.6149
vn 0.7751 0.1465 0.6146
vn 0.7804 0.1353 0.6104
vn -0.6986 0.4459 0.5596
vn -0.6963 0.4471 0.5614
vn -0.6956 0.4477 0.5619
vn -0.6986 0.4459 -0.5596
vn -0.6956 0.4477 -0.5619
vn -0.6963 0.4471 -0.5614
vn 0.7804 0.1354 -0.6104
vn 0.7751 0.1465 -0.6146
vn 0.7751 0.1454 -0.6149
vn -0.6986 0.4412 -0.5632
vn 0.6076 -0.3407 -0.7174
vn 0.6086 -0.3377 -0.7180
vn 0.6130 -0.3386 -0.7139
vn -0.6509 -0.0663 -0.7563
vn -0.6549 -0.0714 -0.7523
vn -0.6547 -0.0716 -0.7525
vn 0.7787 0.1417 -0.6112
vn 0.6090 -0.3434 -0.7150
vn -0.5273 0.3477 -0.7753
vn 0.5595 0.1222 -0.8198
vn -0.6527 -0.0579 -0.7554
vn -0.5609 -0.1151 -0.8199
vn 0.5253 -0.3533 -0.7741
vn 0.6528 0.0492 -0.7559
vn 0.6552 0.0630 -0.7528
vn 0.6511 0.0578 -0.7568
vn 0.6550 0.0634 -0.7530
vn -0.6059 0.3479 -0.7155
vn -0.6069 0.3449 -0.7160
vn -0.6113 0.3456 -0.7120
vn -0.6073 0.3503 -0.7131
vn -0.7796 -0.1317 -0.6122
vn -0.7762 -0.1369 -0.6155
vn -0.7813 -0.1252 -0.6114
vn -0.7762 -0.1357 -0.6157
vn 0.6957 -0.4534 -0.5572
vn 0.6926 -0.4552 -0.5595
vn 0.6934 -0.4543 -0.5593
vn 0.6957 -0.4485 -0.5611
vn -0.7762 -0.1357 0.6157
vn -0.7762 -0.1369 0.6155
vn -0.7813 -0.1252 0.6114
vn 0.6957 -0.4534 0.5572
vn 0.6934 -0.4543 0.5593
vn 0.6926 -0.4552 0.5595
vn -0.7796 -0.1317 0.6122
vn 0.6550 0.0634 0.7530
vn 0.6552 0.0630 0.7528
vn 0.6511 0.0578 0.7568
vn 0.6957 -0.4485 0.5611
vn -0.6059 0.3479 0.7155
vn -0.6113 0.3456 0.7120
vn -0.6069 0.3449 0.7160
vn 0.6528 0.0492 0.7559
vn -0.5609 -0.1151 0.8199
vn -0.6073 0.3503 0.7131
vn 0.5253 -0.3533 0.7741
vn 0.5595 0.1222 0.8198
vn -0.5273 0.3477 0.7753
vn -0.6547 -0.0717 0.7525
vn -0.6549 -0.0714 0.7523
vn -0.6509 -0.0663 0.7563
vn 0.6077 -0.3407 0.7174
vn 0.6130 -0.3386 0.7139
vn 0.6086 -0.3377 0.7180
vn 0.6090 -0.3434 0.7150
vn -0.6527 -0.0579 0.7554
vn 0.7787 0.1417 0.6111
vn -0.6986 0.4412 0.5632
vn -0.7624 -0.1835 -0.6205
vn -0.7682 -0.1749 -0.6159
vn -0.7627 -0.1842 -0.6200
vn -0.7624 -0.1835 0.6205
vn -0.7627 -0.1842 0.6200
vn -0.7681 -0.1748 0.6159
vn 0.7125 -0.4211 0.5612
vn 0.7126 -0.4202 0.5619
vn 0.7152 -0.4185 0.5597
vn 0.7152 -0.4185 -0.5597
vn 0.7126 -0.4202 -0.5619
vn 0.7125 -0.4211 -0.5612
vn -0.7664 -0.1812 -0.6163
vn 0.6456 0.1022 -0.7568
vn 0.6413 0.0977 -0.7611
vn 0.6458 0.1024 -0.7566
vn 0.7149 -0.4148 -0.5629
vn -0.6200 0.3164 -0.7179
vn -0.6208 0.3137 -0.7185
vn -0.6249 0.3150 -0.7144
vn 0.6437 0.0895 -0.7601
vn -0.5478 -0.1501 -0.8230
vn -0.6209 0.3205 -0.7154
vn 0.5397 -0.3271 -0.7757
vn -0.5415 0.3213 -0.7769
vn 0.5460 0.1571 -0.8229
vn -0.6448 -0.1106 -0.7563
vn -0.6405 -0.1063 -0.7606
vn -0.6450 -0.1109 -0.7561
vn 0.6214 -0.3090 -0.7200
vn 0.6221 -0.3064 -0.7205
vn 0.6262 -0.3077 -0.7164
vn 0.6223 -0.3134 -0.7173
vn -0.6429 -0.0983 -0.7596
vn 0.7607 0.1933 -0.6197
vn 0.7666 0.1852 -0.6149
vn 0.7610 0.1940 -0.6190
vn -0.7178 0.4108 -0.5622
vn -0.7151 0.4125 -0.5643
vn -0.7151 0.4137 -0.5635
vn -0.7175 0.4073 -0.5651
vn 0.7648 0.1914 -0.6152
vn -0.7151 0.4137 0.5635
vn -0.7151 0.4125 0.5643
vn -0.7178 0.4108 0.5622
vn 0.7607 0.1933 0.6197
vn 0.7610 0.1939 0.6190
vn 0.7666 0.1851 0.6149
vn 0.6262 -0.3077 0.7164
vn 0.6221 -0.3064 0.7205
vn 0.6214 -0.3090 0.7200
vn -0.7175 0.4073 0.5651
vn 0.7648 0.1914 0.6152
vn -0.6448 -0.1106 0.7563
vn -0.6450 -0.1109 0.7561
vn -0.6405 -0.1063 0.7606
vn -0.5415 0.3213 0.7769
vn 0.6223 -0.3134 0.7173
vn -0.6429 -0.0983 0.7596
vn 0.5460 0.1571 0.8229
vn 0.5397 -0.3271 0.7757
vn -0.5478 -0.1501 0.8230
vn -0.6249 0.3149 0.7144
vn -0.6208 0.3137 0.7185
vn -0.6200 0.3164 0.7179
vn 0.6456 0.1022 0.7568
vn 0.6458 0.1024 0.7566
vn 0.6413 0.0977 0.7611
vn 0.6436 0.0895 0.7601
vn -0.6209 0.3205 0.7154
vn 0.7149 -0.4148 0.5629
vn -0.7664 -0.1812 0.6163
vn -0.4500 0.6949 -0.5610
vn -0.4520 0.6922 -0.5626
vn -0.4516 0.6920 -0.5632
vn -0.4500 0.6949 0.5610
vn -0.4516 0.6920 0.5632
vn -0.4520 0.6922 0.5626
vn -0.1373 -0.7781 0.6130
vn -0.1474 -0.7729 0.6172
vn -0.1465 -0.7727 0.6176
vn -0.1466 -0.7727 -0.6176
vn -0.1474 -0.7729 -0.6171
vn -0.1373 -0.7781 -0.6130
vn -0.4459 0.6948 -0.5642
vn 0.3435 -0.6044 -0.7188
vn 0.3420 -0.6094 -0.7153
vn 0.3407 -0.6053 -0.7194
vn -0.1437 -0.7765 -0.6135
vn 0.0717 0.6522 -0.7547
vn 0.0718 0.6524 -0.7545
vn 0.0671 0.6479 -0.7587
vn 0.3472 -0.6053 -0.7163
vn -0.3508 0.5240 -0.7761
vn 0.0588 0.6498 -0.7578
vn -0.1233 -0.5566 -0.8216
vn 0.1162 0.5580 -0.8217
vn 0.3564 -0.5219 -0.7750
vn -0.3508 0.6026 -0.7168
vn -0.3491 0.6077 -0.7133
vn -0.3479 0.6036 -0.7174
vn -0.0634 -0.6524 -0.7552
vn -0.0633 -0.6527 -0.7550
vn -0.0585 -0.6482 -0.7592
vn -0.0501 -0.6500 -0.7583
vn -0.3541 0.6036 -0.7144
vn 0.4574 -0.6919 -0.5586
vn 0.4592 -0.6893 -0.5604
vn 0.4591 -0.6890 -0.5608
vn 0.1367 0.7738 -0.6185
vn 0.1376 0.7740 -0.6181
vn 0.1270 0.7790 -0.6140
vn 0.1335 0.7775 -0.6146
vn 0.4532 -0.6919 -0.5621
vn 0.1271 0.7790 0.6140
vn 0.1376 0.7740 0.6180
vn 0.1367 0.7738 0.6185
vn 0.4575 -0.6919 0.5586
vn 0.4591 -0.6890 0.5608
vn 0.4592 -0.6893 0.5604
vn -0.0585 -0.6482 0.7592
vn -0.0633 -0.6527 0.7550
vn -0.0634 -0.6525 0.7552
vn 0.1335 0.7775 0.6146
vn 0.4532 -0.6919 0.5621
vn -0.3508 0.6026 0.7168
vn -0.3479 0.6036 0.7174
vn -0.3491 0.6077 0.7133
vn 0.1162 0.5580 0.8217
vn -0.0501 -0.6500 0.7583
vn -0.3541 0.6036 0.7143
vn 0.3564 -0.5219 0.7750
vn -0.1233 -0.5566 0.8216
vn -0.3508 0.5240 0.7761
vn 0.0671 0.6479 0.7587
vn 0.0718 0.6524 0.7545
vn 0.0717 0.6522 0.7547
vn 0.3435 -0.6044 0.7188
vn 0.3407 -0.6053 0.7194
vn 0.3420 -0.6094 0.7152
vn 0.3472 -0.6053 0.7163
vn 0.0588 0.6498 0.7578
vn -0.1437 -0.7765 0.6135
vn -0.4459 0.6948 0.5642
vn -0.3534 -0.5384 0.7650
vn -0.3471 -0.5382 0.7680
vn -0.3551 -0.5360 0.7659
vn -0.3764 -0.4047 0.8334
vn -0.4035 -0.4276 0.8089
vn -0.3780 -0.4061 0.8320
vn -0.4046 -0.4286 0.8079
vn -0.4046 -0.4286 -0.8079
vn -0.4035 -0.4277 -0.8088
vn -0.3780 -0.4061 -0.8320
vn -0.3534 -0.5384 -0.7650
vn -0.3471 -0.5382 -0.7680
vn -0.3463 -0.5400 -0.7671
vn -0.3463 -0.5400 0.7671
vn -0.3764 -0.4047 -0.8334
vn -0.3551 -0.5360 -0.7659
vn 0.0080 -0.0079 -0.9999
vn 0.0075 -0.0074 -0.9999
vn 0.5195 0.3301 -0.7882
vn 0.5173 0.3310 -0.7892
vn 0.5186 0.3399 -0.7846
vn 0.0083 -0.0083 -0.9999
vn 0.5153 0.3426 -0.7856
vn 0.5343 0.4810 -0.6951
vn 0.5090 0.4500 -0.7338
vn 0.5076 0.4499 -0.7348
vn 0.0082 -0.0080 -0.9999
vn 0.0010 -0.0010 -1.0000
vn 0.0011 -0.0011 -1.0000
vn 0.0008 -0.0008 -1.0000
vn -0.3948 0.3918 -0.8310
vn -0.3949 0.3918 -0.8310
vn -0.0649 0.9747 -0.2140
vn -0.0917 0.9744 -0.2051
vn -0.0977 0.9745 -0.2021
vn -0.0987 0.9749 -0.1995
vn 0.7097 0.7045 -0.0000
vn 0.0437 0.9990 -0.0000
vn 0.5402 0.4874 -0.6860
vn 0.5402 0.4874 0.6860
vn 0.5342 0.4811 0.6951
vn 0.5090 0.4500 0.7338
vn -0.0917 0.9744 0.2051
vn -0.0977 0.9745 0.2021
vn -0.0987 0.9749 0.1995
vn -0.0648 0.9747 0.2140
vn -0.3948 0.3918 0.8310
vn 0.0008 -0.0008 1.0000
vn 0.0010 -0.0010 1.0000
vn 0.0011 -0.0010 1.0000
vn -0.3949 0.3918 0.8310
vn 0.0081 -0.0081 0.9999
vn 0.0080 -0.0079 0.9999
vn 0.0083 -0.0083 0.9999
vn 0.5076 0.4499 0.7348
vn 0.5153 0.3426 0.7856
vn 0.5172 0.3310 0.7892
vn 0.5186 0.3399 0.7846
vn 0.0075 -0.0074 0.9999
vn -0.7098 0.7044 -0.0000
vn -0.6344 0.2801 -0.7204
vn -0.6344 0.2797 -0.7207
vn -0.6345 0.2797 -0.7205
vn -0.6345 0.2797 0.7205
vn -0.6344 0.2797 0.7207
vn -0.6344 0.2801 0.7204
vn -0.6343 0.2800 0.7206
vn -0.6343 0.2799 -0.7206
vn -0.2951 -0.2992 0.9074
vn -0.2790 -0.2830 0.9176
vn -0.2947 -0.2993 0.9075
vn -0.2798 -0.2828 -0.9174
vn -0.2950 -0.2992 -0.9074
vn -0.2790 -0.2830 -0.9176
vn -0.2798 -0.2828 0.9174
vn -0.2947 -0.2993 -0.9075
vn 0.5195 0.3300 0.7882
vn 0.0887 -0.8796 0.4674
vn 0.6861 -0.6820 0.2533
vn 0.5891 -0.5865 0.5560
vn -0.0000 -0.0000 1.0000
vn -0.5639 -0.5711 0.5965
vn -0.6717 -0.6690 0.3181
vn 0.0507 -0.9555 0.2907
vn 0.0507 -0.9555 -0.2907
vn -0.6717 -0.6690 -0.3181
vn 0.0887 -0.8799 -0.4669
vn -0.8805 0.0877 0.4658
vn -0.9562 0.0501 0.2885
vn -0.9562 0.0502 -0.2885
vn -0.8804 0.0877 -0.4661
vn -0.5639 -0.5711 -0.5965
vn -0.0000 -0.0000 -1.0000
vn -0.5883 0.5872 -0.5560
vn -0.6861 0.6820 -0.2533
vn -0.5890 0.5865 0.5560
vn -0.0888 0.8797 0.4671
vn -0.6861 0.6820 0.2533
vn -0.0507 0.9555 0.2907
vn -0.0888 0.8797 -0.4671
vn -0.0507 0.9555 -0.2907
vn 0.5676 0.5676 -0.5964
vn 0.6717 0.6690 -0.3181
vn 0.8804 -0.0877 -0.4661
vn 0.9562 -0.0502 -0.2885
vn 0.9562 -0.0501 0.2885
vn 0.6717 0.6690 0.3181
vn 0.8804 -0.0877 0.4661
vn 0.5721 0.5629 0.5965
vn 0.5886 -0.5869 -0.5560
vn 0.6861 -0.6820 -0.2533
vn 0.0308 0.9007 0.4334
vn 0.0282 0.9015 0.4319
vn 0.0312 0.8998 0.4352
vn -0.7863 -0.1666 0.5950
vn -0.7818 -0.1774 0.5977
vn -0.7827 -0.1744 0.5975
vn -0.7706 -0.1965 0.6063
vn -0.1585 -0.1961 0.9677
vn -0.1565 -0.1918 0.9689
vn -0.1601 -0.1947 0.9677
vn 0.0276 0.9025 0.4299
vn -0.1635 -0.2268 0.9601
vn -0.1653 -0.2291 0.9593
vn -0.1633 -0.2267 0.9602
vn -0.1650 -0.2292 0.9593
vn -0.1554 -0.1934 0.9687
vn 0.2284 0.1622 0.9600
vn 0.2286 0.1619 0.9600
vn 0.2307 0.1641 0.9591
vn 0.2308 0.1638 0.9591
vn 0.1950 0.1542 0.9686
vn 0.1974 0.1573 0.9676
vn 0.1932 0.1554 0.9688
vn 0.1960 0.1589 0.9676
vn 0.1985 0.7681 0.6088
vn 0.1795 0.7797 0.5998
vn 0.1763 0.7799 0.6005
vn 0.5546 0.4011 0.7291
vn 0.5588 0.4006 0.7261
vn 0.5546 0.4014 0.7289
vn 0.5634 0.3961 0.7250
vn 0.5651 0.3920 0.7260
vn 0.8225 0.5687 -0.0000
vn 0.8087 0.5882 -0.0000
vn 0.2168 0.9762 -0.0000
vn 0.1679 0.7840 -0.5976
vn 0.1795 0.7797 -0.5998
vn 0.1763 0.7799 -0.6005
vn 0.1985 0.7681 -0.6088
vn 0.5546 0.4014 -0.7289
vn 0.5588 0.4007 -0.7261
vn 0.5546 0.4011 -0.7290
vn 0.1974 0.1573 -0.9676
vn 0.1932 0.1554 -0.9688
vn 0.1960 0.1589 -0.9676
vn 0.5634 0.3961 -0.7250
vn 0.1950 0.1542 -0.9686
vn 0.2285 0.1622 -0.9599
vn 0.2307 0.1641 -0.9591
vn 0.2285 0.1620 -0.9600
vn 0.2308 0.1638 -0.9591
vn -0.9037 -0.0279 -0.4273
vn -0.9028 -0.0278 -0.4292
vn -0.9018 -0.0307 -0.4310
vn 0.0276 0.9025 -0.4299
vn 0.0308 0.9006 -0.4335
vn 0.0282 0.9015 -0.4319
vn -0.1635 -0.2268 -0.9601
vn -0.1632 -0.2268 -0.9602
vn -0.1653 -0.2291 -0.9593
vn -0.1650 -0.2292 -0.9593
vn -0.1554 -0.1934 -0.9687
vn -0.1585 -0.1961 -0.9677
vn -0.1565 -0.1918 -0.9689
vn -0.1601 -0.1947 -0.9677
vn -0.7706 -0.1966 -0.6063
vn -0.7818 -0.1774 -0.5978
vn -0.7827 -0.1744 -0.5975
vn -0.4045 -0.5511 -0.7298
vn -0.4040 -0.5553 -0.7269
vn -0.4048 -0.5511 -0.7297
vn -0.3995 -0.5599 -0.7258
vn -0.3954 -0.5616 -0.7268
vn -0.5744 -0.8186 -0.0000
vn -0.5938 -0.8046 -0.0000
vn -0.9769 -0.2139 -0.0000
vn 0.0312 0.8998 -0.4352
vn -0.7863 -0.1666 -0.5950
vn 0.0673 0.9977 -0.0000
vn -0.9978 -0.0665 -0.0000
vn -0.9028 -0.0277 0.4292
vn -0.9018 -0.0307 0.4310
vn -0.9011 -0.0305 0.4326
vn 0.1679 0.7840 0.5976
vn -0.7023 -0.7119 -0.0000
vn -0.7511 -0.6602 -0.0000
vn -0.7510 -0.6602 -0.0000
vn -0.5723 -0.5196 -0.6345
vn -0.5723 -0.5221 -0.6324
vn -0.5737 -0.5228 -0.6305
vn -0.3945 -0.7687 -0.5035
vn -0.3911 -0.7733 -0.4990
vn -0.3929 -0.7710 -0.5012
vn -0.3900 -0.7744 -0.4981
vn -0.4370 -0.8995 -0.0000
vn 0.9020 0.4318 -0.0000
vn 0.7718 0.3905 -0.5017
vn 0.7741 0.3888 -0.4996
vn 0.7765 0.3870 -0.4973
vn 0.5263 0.5682 -0.6326
vn 0.5234 0.5686 -0.6347
vn 0.5274 0.5692 -0.6307
vn 0.6657 0.7462 -0.0000
vn 0.7775 0.3860 -0.4965
vn 0.7170 0.6970 -0.0000
vn 0.4950 0.4812 0.7234
vn 0.4951 0.4813 0.7234
vn 0.5224 0.5672 0.6367
vn 0.5263 0.5682 0.6326
vn 0.5234 0.5686 0.6347
vn 0.5274 0.5692 0.6307
vn 0.1718 0.1821 0.9682
vn 0.1624 0.1703 0.9719
vn 0.1725 0.1822 0.9680
vn 0.7718 0.3905 0.5017
vn 0.7765 0.3870 0.4973
vn 0.7741 0.3888 0.4996
vn 0.1445 0.1434 0.9791
vn -0.1445 -0.1434 0.9791
vn -0.1830 -0.1716 0.9680
vn -0.1722 -0.1606 0.9719
vn -0.1832 -0.1707 0.9681
vn 0.1630 0.1710 0.9717
vn -0.1724 -0.1615 0.9717
vn -0.2076 -0.2081 0.9558
vn -0.2093 -0.2102 0.9550
vn -0.2091 -0.2100 0.9551
vn -0.4848 -0.4914 0.7235
vn -0.4848 -0.4915 0.7235
vn -0.4849 -0.4915 0.7234
vn -0.5704 -0.5193 0.6365
vn -0.5723 -0.5196 0.6345
vn -0.5723 -0.5221 0.6324
vn -0.2077 -0.2082 0.9558
vn 0.2097 0.2062 0.9558
vn 0.2097 0.2060 0.9558
vn 0.2116 0.2078 0.9550
vn -0.5737 -0.5228 0.6305
vn -0.3945 -0.7687 0.5035
vn -0.3929 -0.7710 0.5012
vn -0.3911 -0.7733 0.4990
vn -0.3900 -0.7744 0.4981
vn 0.7775 0.3860 0.4965
vn 0.2116 0.2076 0.9551
vn 0.5224 0.5672 -0.6367
vn 0.4951 0.4813 -0.7234
vn 0.4950 0.4812 -0.7234
vn 0.2097 0.2060 -0.9558
vn 0.2116 0.2078 -0.9550
vn 0.2116 0.2076 -0.9551
vn 0.1725 0.1822 -0.9680
vn 0.1624 0.1703 -0.9719
vn 0.1718 0.1821 -0.9682
vn 0.1630 0.1710 -0.9717
vn 0.2098 0.2062 -0.9558
vn -0.1833 -0.1707 -0.9681
vn -0.1722 -0.1606 -0.9719
vn -0.1830 -0.1716 -0.9680
vn -0.1445 -0.1434 -0.9791
vn 0.1445 0.1434 -0.9791
vn -0.1724 -0.1615 -0.9717
vn -0.2093 -0.2102 -0.9550
vn -0.2076 -0.2081 -0.9558
vn -0.2091 -0.2100 -0.9551
vn -0.4848 -0.4914 -0.7235
vn -0.4849 -0.4915 -0.7234
vn -0.4848 -0.4915 -0.7235
vn -0.5704 -0.5192 -0.6365
vn -0.2077 -0.2082 -0.9558
vn -0.4040 -0.5553 0.7269
vn -0.3954 -0.5616 0.7268
vn -0.3995 -0.5599 0.7258
vn -0.3956 -0.5615 0.7268
vn -0.4045 -0.5511 0.7298
vn -0.4048 -0.5511 0.7297
vn -0.3956 -0.5615 -0.7268
vn -0.9011 -0.0305 -0.4326
vn 0.5651 0.3920 -0.7260
vn 0.5650 0.3922 -0.7259
vn 0.5650 0.3922 0.7259
vn -0.9037 -0.0279 0.4273
vn 0.2766 0.8700 0.4081
vn 0.2815 0.8698 0.4053
vn 0.2683 0.8825 0.3862
vn -0.8724 -0.2731 0.4054
vn -0.8844 -0.2647 0.3845
vn -0.8721 -0.2778 0.4029
vn -0.8724 -0.2731 -0.4054
vn -0.8721 -0.2778 -0.4029
vn -0.8844 -0.2647 -0.3845
vn 0.2683 0.8826 -0.3862
vn 0.2815 0.8698 -0.4053
vn 0.2766 0.8701 -0.4081
vn -0.8849 -0.2667 -0.3819
vn 0.0378 0.1194 -0.9921
vn 0.0385 0.1165 -0.9924
vn 0.0568 0.1438 -0.9880
vn -0.1437 -0.0577 -0.9879
vn -0.1170 -0.0376 -0.9924
vn -0.1199 -0.0369 -0.9921
vn 0.2702 0.8832 -0.3835
vn 0.0590 0.1354 -0.9890
vn 0.8275 0.3229 -0.4594
vn 0.8305 0.3168 -0.4582
vn 0.8421 0.3098 -0.4415
vn -0.3135 -0.8398 -0.4433
vn -0.3207 -0.8278 -0.4602
vn -0.3269 -0.8246 -0.4616
vn -0.1361 -0.0596 -0.9889
vn 0.8443 0.3065 -0.4396
vn -0.6058 -0.1612 -0.7791
vn 0.1628 0.6028 -0.7811
vn -0.3104 -0.8420 -0.4412
vn -0.3228 -0.5402 -0.7772
vn 0.5434 0.3200 -0.7761
vn 0.0110 -0.4507 -0.8926
vn 0.4534 -0.0109 -0.8913
vn -0.0134 0.8534 -0.5211
vn -0.0112 0.8525 -0.5227
vn -0.0120 0.8534 -0.5212
vn -0.0100 0.8525 -0.5226
vn -0.8543 0.0099 -0.5197
vn -0.8542 0.0110 -0.5199
vn -0.8551 0.0117 -0.5183
vn -0.8551 0.0130 -0.5184
vn -0.0233 -0.0324 -0.9992
vn -0.0230 -0.0311 -0.9993
vn -0.0232 -0.0319 -0.9992
vn -0.8108 -0.4775 -0.3386
vn -0.8108 -0.4775 -0.3385
vn 0.8991 -0.0285 -0.4368
vn 0.8988 -0.0275 -0.4376
vn 0.8993 -0.0283 -0.4365
vn 0.8275 0.4873 -0.2788
vn -0.0231 -0.0314 -0.9992
vn 0.0327 0.0232 -0.9992
vn 0.0313 0.0228 -0.9992
vn 0.0316 0.0228 -0.9992
vn 0.0290 -0.8980 -0.4391
vn 0.0280 -0.8975 -0.4402
vn 0.0290 -0.8978 -0.4395
vn 0.0281 -0.8973 -0.4406
vn 0.8986 -0.0277 -0.4378
vn 0.0280 -0.8973 0.4406
vn 0.0279 -0.8974 0.4403
vn 0.0290 -0.8978 0.4395
vn 0.8986 -0.0277 0.4378
vn 0.8991 -0.0285 0.4368
vn 0.8988 -0.0275 0.4376
vn 0.0289 -0.8980 0.4391
vn 0.0316 0.0228 0.9992
vn 0.0313 0.0228 0.9992
vn 0.0327 0.0232 0.9992
vn 0.8993 -0.0283 0.4365
vn -0.0231 -0.0314 0.9992
vn -0.0233 -0.0324 0.9992
vn -0.0230 -0.0311 0.9993
vn 0.0322 0.0231 0.9992
vn -0.0100 0.8525 0.5226
vn -0.0112 0.8525 0.5227
vn -0.0120 0.8534 0.5212
vn -0.0232 -0.0319 0.9992
vn -0.8543 0.0099 0.5197
vn -0.8551 0.0117 0.5183
vn -0.8542 0.0110 0.5199
vn -0.0134 0.8534 0.5211
vn 0.0110 -0.4507 0.8926
vn -0.8551 0.0130 0.5184
vn 0.4534 -0.0109 0.8913
vn 0.1628 0.6028 0.7811
vn -0.6058 -0.1612 0.7791
vn -0.3228 -0.5402 0.7772
vn 0.5434 0.3200 0.7761
vn -0.8108 -0.4775 0.3386
vn -0.8108 -0.4775 0.3385
vn -0.3135 -0.8397 0.4433
vn -0.3207 -0.8278 0.4602
vn -0.3104 -0.8420 0.4412
vn -0.1437 -0.0576 0.9879
vn -0.1170 -0.0376 0.9924
vn -0.1361 -0.0596 0.9889
vn -0.3269 -0.8246 0.4616
vn -0.1199 -0.0369 0.9921
vn 0.0378 0.1194 0.9921
vn 0.0567 0.1438 0.9880
vn 0.0385 0.1165 0.9924
vn 0.0590 0.1354 0.9890
vn 0.8275 0.3229 0.4594
vn 0.8421 0.3098 0.4415
vn 0.8304 0.3168 0.4582
vn 0.4825 0.8074 0.3396
vn 0.8443 0.3065 0.4396
vn -0.8849 -0.2668 0.3819
vn -0.4925 -0.8241 0.2798
vn -0.4925 -0.8241 0.2797
vn 0.8275 0.4873 0.2788
vn 0.2701 0.8832 0.3835
vn -0.4925 -0.8241 -0.2798
vn -0.4925 -0.8241 -0.2797
vn 0.0322 0.0231 -0.9992
vn 0.4825 0.8074 -0.3396
vt 0.641836 0.917401
vt 0.669291 0.944857
vt 0.438831 0.917401
vt 0.411375 0.944857
vt 0.669291 0.686940
vt 0.438831 0.714396
vt 0.641836 0.714396
vt 0.411375 0.686940
vt 0.036068 0.052531
vt 0.054291 0.052531
vt 0.036068 0.751662
vt 0.054291 0.751662
vt 0.072515 0.052531
vt 0.072515 0.751662
vt 0.055065 0.988913
vt 0.025634 0.919219
vt 0.055180 0.978153
vt 0.086003 0.919547
vt 0.031811 0.919252
vt 0.055271 0.969676
vt 0.079821 0.919513
vt 0.035784 0.919274
vt 0.102262 0.825731
vt 0.082050 0.776312
vt 0.103003 0.776510
vt 0.075847 0.919492
vt 0.124007 0.776708
vt 0.103190 0.727284
vt 0.055818 0.860609
vt 0.055818 0.869086
vt 0.055820 0.849848
vt 0.196164 0.850357
vt 0.195957 0.861117
vt 0.164635 0.919470
vt 0.224999 0.920288
vt 0.218822 0.920205
vt 0.195793 0.869593
vt 0.170817 0.919554
vt 0.214850 0.920151
vt 0.213131 0.727793
vt 0.211913 0.777005
vt 0.232863 0.777406
vt 0.190911 0.776604
vt 0.174790 0.919608
vt 0.211249 0.826228
vt 0.194430 0.970174
vt 0.194364 0.978651
vt 0.194279 0.989412
vt 0.122062 0.851913
vt 0.121904 0.862673
vt 0.090851 0.921157
vt 0.151218 0.921723
vt 0.145041 0.921665
vt 0.121779 0.871149
vt 0.097033 0.921215
vt 0.141069 0.921628
vt 0.155013 0.729347
vt 0.154188 0.778567
vt 0.175140 0.778800
vt 0.133183 0.778332
vt 0.101006 0.921252
vt 0.153916 0.827792
vt 0.120837 0.971736
vt 0.120803 0.980213
vt 0.120759 0.990974
vt 0.116550 0.066333
vt 0.126995 0.030669
vt 0.119506 0.066527
vt 0.116483 0.118388
vt 0.113020 0.118333
vt 0.127441 0.023108
vt 0.124880 0.066819
vt 0.133166 0.067240
vt 0.129920 0.067092
vt 0.130626 0.118600
vt 0.122705 0.118481
vt 0.117427 0.702047
vt 0.117068 0.704554
vt 0.123562 0.704417
vt 0.110586 0.704496
vt 0.109413 0.701996
vt 0.125344 0.702046
vt 0.124259 0.704567
vt 0.126168 0.702066
vt 0.127328 0.702094
vt 0.131297 0.118608
vt 0.132239 0.118619
vt 0.117114 0.705653
vt 0.110350 0.705559
vt 0.123808 0.705466
vt 0.124674 0.705079
vt 0.105932 0.704622
vt 0.101158 0.701939
vt 0.476321 0.341966
vt 0.509261 0.296500
vt 0.510550 0.336038
vt 0.511827 0.375231
vt 0.472634 0.376508
vt 0.433096 0.377796
vt 0.454320 0.321353
vt 0.478562 0.410737
vt 0.457949 0.432738
vt 0.513104 0.414423
vt 0.514392 0.453961
vt 0.547333 0.408496
vt 0.569334 0.429109
vt 0.551020 0.373954
vt 0.590558 0.372665
vt 0.545092 0.339725
vt 0.565705 0.317724
vt 0.201468 0.414322
vt 0.213926 0.420033
vt 0.194055 0.428712
vt 0.181396 0.393660
vt 0.190429 0.391688
vt 0.206300 0.369852
vt 0.214149 0.402932
vt 0.214446 0.369935
vt 0.214682 0.304665
vt 0.203101 0.305230
vt 0.193767 0.369649
vt 0.222596 0.369949
vt 0.226259 0.305277
vt 0.235120 0.369872
vt 0.238103 0.392058
vt 0.226609 0.414590
vt 0.247119 0.394177
vt 0.244287 0.369756
vt 0.235123 0.304609
vt 0.249976 0.369131
vt 0.240799 0.304241
vt 0.252583 0.395451
vt 0.233662 0.429152
vt 0.184599 0.369455
vt 0.194239 0.304528
vt 0.178915 0.368795
vt 0.188575 0.304142
vt 0.175913 0.394854
vt 0.192070 0.431380
vt 0.213943 0.423869
vt 0.235493 0.431949
vt 0.189460 0.220538
vt 0.187229 0.103185
vt 0.184419 0.102795
vt 0.195146 0.220416
vt 0.197982 0.103894
vt 0.215556 0.050723
vt 0.215672 0.022410
vt 0.215684 0.019736
vt 0.243448 0.103350
vt 0.246262 0.102976
vt 0.232691 0.103996
vt 0.234669 0.220503
vt 0.240347 0.220649
vt 0.225790 0.220246
vt 0.215336 0.104132
vt 0.204027 0.220198
vt 0.214908 0.220347
vt 0.272783 0.992742
vt 0.272899 0.985007
vt 0.305482 0.928294
vt 0.242032 0.927342
vt 0.248826 0.926384
vt 0.272977 0.979810
vt 0.298721 0.927133
vt 0.250805 0.926122
vt 0.273067 0.973819
vt 0.296750 0.926812
vt 0.255294 0.925727
vt 0.276845 0.825654
vt 0.276845 0.759832
vt 0.252237 0.764509
vt 0.301451 0.764509
vt 0.292275 0.926282
vt 0.262677 0.713307
vt 0.291012 0.713307
vt 0.276845 0.696405
vt 0.264655 0.886455
vt 0.274558 0.874470
vt 0.261443 0.881639
vt 0.274656 0.867950
vt 0.287452 0.882029
vt 0.284097 0.886747
vt 0.288522 0.878137
vt 0.293554 0.871368
vt 0.274731 0.862962
vt 0.260490 0.877716
vt 0.255664 0.870799
vt 0.274870 0.853688
s 1
usemtl initialShadingGroup.013
f 1260/635/1623 1257/636/1624 1258/637/1625
f 1257/636/1626 1259/638/1626 1258/637/1626
f 1257/636/1627 1262/637/1627 1259/638/1627
f 1261/639/1628 1257/636/1624 1260/635/1623
f 1261/639/1629 1263/635/1630 1257/636/1631
f 1263/635/1630 1262/637/1632 1257/636/1631
f 1262/637/1632 1263/635/1630 1265/640/1633
f 1264/641/1634 1263/635/1630 1261/639/1629
f 1265/640/1633 1263/635/1630 1264/641/1634
f 1259/638/1635 1265/640/1633 1266/642/1636
f 1265/640/1633 1264/641/1634 1266/642/1636
f 1262/637/1632 1265/640/1633 1259/638/1635
f 1268/640/1637 1266/642/1638 1267/641/1639
f 1266/642/1638 1261/639/1628 1267/641/1639
f 1266/642/1636 1264/641/1634 1261/639/1629
f 1259/638/1640 1266/642/1638 1268/640/1637
f 1268/640/1637 1267/641/1639 1260/635/1623
f 1258/637/1625 1259/638/1640 1268/640/1637
f 1258/637/1625 1268/640/1637 1260/635/1623
f 1267/641/1639 1261/639/1628 1260/635/1623
f 1269/643/1641 1270/644/1641 1272/645/1641
f 1272/645/1641 1270/644/1641 1271/646/1641
f 1271/646/1642 1273/646/1642 1272/645/1642
f 1272/645/1642 1273/646/1642 1274/645/1642
f 1275/643/1643 1276/644/1643 1269/643/1643
f 1269/643/1643 1276/644/1643 1270/644/1643
f 1277/647/1644 1278/647/1644 1280/648/1644
f 1280/648/1644 1278/647/1644 1279/648/1644
f 1275/643/1645 1269/643/1645 1274/645/1645
f 1274/645/1645 1269/643/1645 1272/645/1645
f 1271/646/1642 1280/648/1642 1273/646/1642
f 1273/646/1642 1280/648/1642 1279/648/1642
f 1270/644/1643 1276/644/1643 1277/647/1643
f 1277/647/1643 1276/644/1643 1278/647/1643
f 1271/646/1646 1270/644/1646 1280/648/1646
f 1280/648/1646 1270/644/1646 1277/647/1646
f 1281/643/1647 1284/645/1647 1282/644/1647
f 1282/644/1647 1284/645/1647 1283/646/1647
f 1274/645/1642 1273/646/1642 1284/645/1642
f 1284/645/1642 1273/646/1642 1283/646/1642
f 1275/643/1643 1281/643/1643 1276/644/1643
f 1276/644/1643 1281/643/1643 1282/644/1643
f 1285/647/1644 1286/648/1644 1278/647/1644
f 1278/647/1644 1286/648/1644 1279/648/1644
f 1275/643/1645 1274/645/1645 1281/643/1645
f 1281/643/1645 1274/645/1645 1284/645/1645
f 1283/646/1642 1273/646/1642 1286/648/1642
f 1286/648/1642 1273/646/1642 1279/648/1642
f 1282/644/1643 1285/647/1643 1276/644/1643
f 1276/644/1643 1285/647/1643 1278/647/1643
f 1283/646/1648 1286/648/1648 1282/644/1648
f 1282/644/1648 1286/648/1648 1285/647/1648
f 1287/649/1649 1288/650/1650 1291/651/1651
f 1287/649/1652 1289/651/1653 1288/650/1654
f 1290/652/1655 1289/651/1656 1287/649/1657
f 1287/649/1658 1291/651/1659 1290/652/1660
f 1291/651/1651 1288/650/1650 1292/653/1661
f 1291/651/1662 1292/653/1663 1294/654/1664
f 1290/652/1660 1291/651/1659 1293/655/1665
f 1291/651/1666 1294/654/1667 1293/655/1668
f 1294/654/1664 1292/653/1663 1295/656/1669
f 1294/657/1670 1295/658/1670 1297/659/1670
f 1293/655/1668 1294/654/1667 1296/660/1671
f 1296/661/1672 1294/657/1672 1297/659/1672
f 1295/658/1673 1298/662/1673 1297/659/1673
f 1298/662/1674 1296/661/1674 1297/659/1674
f 1299/663/1675 1293/655/1676 1298/664/1677
f 1299/663/1678 1298/664/1679 1292/653/1680
f 1292/653/1680 1298/664/1679 1295/656/1681
f 1298/664/1677 1293/655/1676 1296/660/1682
f 1300/665/1683 1290/652/1684 1299/663/1685
f 1300/665/1686 1299/663/1687 1288/650/1688
f 1288/650/1688 1299/663/1687 1292/653/1689
f 1299/663/1685 1290/652/1684 1293/655/1690
f 1288/650/1691 1301/663/1692 1300/665/1693
f 1300/665/1694 1301/663/1695 1290/652/1696
f 1302/653/1697 1304/664/1698 1301/663/1699
f 1302/653/1700 1301/663/1692 1288/650/1691
f 1290/652/1696 1301/663/1695 1303/655/1701
f 1301/663/1702 1304/664/1703 1303/655/1704
f 1305/658/1705 1307/659/1705 1304/662/1705
f 1305/656/1706 1304/664/1698 1302/653/1697
f 1303/655/1704 1304/664/1703 1306/660/1707
f 1304/662/1708 1307/659/1708 1306/661/1708
f 1306/661/1709 1307/659/1709 1308/657/1709
f 1308/657/1710 1307/659/1710 1305/658/1710
f 1303/655/1711 1308/654/1712 1289/651/1713
f 1289/651/1714 1308/654/1715 1302/653/1716
f 1302/653/1716 1308/654/1715 1305/656/1717
f 1306/660/1718 1308/654/1712 1303/655/1711
f 1303/655/1719 1289/651/1656 1290/652/1655
f 1288/650/1654 1289/651/1653 1302/653/1720
f 1309/666/1721 1310/667/1722 1312/668/1723
f 1309/666/1724 1311/669/1724 1310/667/1724
f 1309/666/1725 1313/667/1726 1311/669/1727
f 1312/668/1728 1313/667/1729 1309/666/1730
f 1311/669/1727 1313/667/1726 1314/670/1731
f 1313/667/1732 1316/671/1733 1314/670/1734
f 1315/672/1735 1316/671/1736 1313/667/1737
f 1315/672/1738 1313/667/1729 1312/668/1728
f 1314/670/1734 1316/671/1733 1317/673/1739
f 1316/674/1740 1319/675/1740 1317/676/1740
f 1318/677/1741 1319/675/1741 1316/674/1741
f 1318/678/1742 1316/671/1736 1315/672/1735
f 1317/676/1743 1319/675/1743 1320/679/1743
f 1320/679/1744 1319/675/1744 1318/677/1744
f 1317/673/1745 1320/680/1746 1314/670/1747
f 1314/670/1747 1320/680/1746 1321/681/1748
f 1321/681/1749 1320/680/1750 1315/672/1751
f 1315/672/1751 1320/680/1750 1318/678/1752
f 1314/670/1753 1321/681/1754 1311/669/1755
f 1311/669/1755 1321/681/1754 1322/682/1756
f 1322/682/1757 1321/681/1758 1312/668/1759
f 1312/668/1759 1321/681/1758 1315/672/1760
f 1322/682/1761 1323/681/1762 1311/669/1763
f 1322/682/1764 1312/668/1765 1323/681/1766
f 1311/669/1763 1323/681/1762 1324/670/1767
f 1323/681/1768 1326/680/1769 1324/670/1770
f 1323/681/1766 1312/668/1765 1325/672/1771
f 1323/681/1772 1325/672/1773 1326/680/1774
f 1324/670/1770 1326/680/1769 1327/673/1775
f 1327/676/1776 1326/679/1776 1329/675/1776
f 1326/680/1774 1325/672/1773 1328/678/1777
f 1326/679/1778 1328/677/1778 1329/675/1778
f 1328/677/1779 1330/674/1779 1329/675/1779
f 1330/674/1780 1327/676/1780 1329/675/1780
f 1310/667/1781 1330/671/1782 1325/672/1783
f 1310/667/1784 1324/670/1785 1330/671/1786
f 1330/671/1786 1324/670/1785 1327/673/1787
f 1325/672/1783 1330/671/1782 1328/678/1788
f 1312/668/1723 1310/667/1722 1325/672/1789
f 1310/667/1790 1311/669/1791 1324/670/1792
f 1331/649/1694 1332/651/1695 1334/652/1793
f 1331/649/1693 1333/650/1691 1332/651/1692
f 1331/649/1794 1335/651/1687 1333/650/1688
f 1334/652/1684 1335/651/1685 1331/649/1683
f 1333/650/1688 1335/651/1687 1336/653/1689
f 1335/651/1795 1338/654/1796 1336/653/1680
f 1337/655/1676 1338/654/1677 1335/651/1675
f 1337/655/1690 1335/651/1685 1334/652/1684
f 1336/653/1680 1338/654/1796 1339/656/1681
f 1338/657/1673 1341/659/1673 1339/658/1673
f 1340/661/1674 1341/659/1674 1338/657/1674
f 1340/660/1682 1338/654/1677 1337/655/1676
f 1339/658/1670 1341/659/1670 1342/662/1670
f 1342/662/1672 1341/659/1672 1340/661/1672
f 1339/656/1669 1342/664/1797 1336/653/1798
f 1336/653/1798 1342/664/1797 1343/663/1799
f 1343/663/1666 1342/664/1667 1337/655/1800
f 1337/655/1800 1342/664/1667 1340/660/1671
f 1336/653/1661 1343/663/1651 1333/650/1650
f 1333/650/1650 1343/663/1651 1344/665/1649
f 1344/665/1658 1343/663/1659 1334/652/1660
f 1334/652/1660 1343/663/1659 1337/655/1665
f 1344/665/1652 1345/663/1653 1333/650/1654
f 1344/665/1657 1334/652/1655 1345/663/1656
f 1333/650/1654 1345/663/1653 1346/653/1720
f 1345/663/1714 1348/664/1801 1346/653/1716
f 1345/663/1656 1334/652/1655 1347/655/1719
f 1345/663/1713 1347/655/1711 1348/664/1712
f 1346/653/1716 1348/664/1801 1349/656/1717
f 1349/658/1710 1348/662/1710 1351/659/1710
f 1348/664/1712 1347/655/1711 1350/660/1718
f 1348/662/1709 1350/661/1709 1351/659/1709
f 1350/661/1708 1352/657/1708 1351/659/1708
f 1352/657/1705 1349/658/1705 1351/659/1705
f 1332/651/1802 1352/654/1703 1347/655/1704
f 1332/651/1699 1346/653/1697 1352/654/1803
f 1352/654/1803 1346/653/1697 1349/656/1706
f 1347/655/1704 1352/654/1703 1350/660/1804
f 1334/652/1793 1332/651/1695 1347/655/1701
f 1332/651/1692 1333/650/1691 1346/653/1700
f 1353/683/1805 1354/684/1806 1356/685/1807
f 1353/683/1808 1355/686/1809 1354/684/1810
f 1353/683/1811 1357/684/1812 1355/686/1813
f 1356/685/1814 1357/684/1815 1353/683/1816
f 1355/686/1813 1357/684/1812 1358/687/1817
f 1357/684/1818 1360/688/1819 1358/687/1820
f 1359/689/1821 1360/688/1822 1357/684/1823
f 1359/689/1824 1357/684/1815 1356/685/1814
f 1358/687/1820 1360/688/1819 1361/690/1825
f 1360/691/1826 1363/692/1826 1361/693/1826
f 1362/694/1827 1363/692/1827 1360/691/1827
f 1362/695/1828 1360/688/1822 1359/689/1821
f 1361/693/1829 1363/692/1829 1364/696/1829
f 1364/696/1830 1363/692/1830 1362/694/1830
f 1361/690/1831 1364/697/1832 1358/687/1833
f 1358/687/1833 1364/697/1832 1365/698/1834
f 1365/698/1835 1364/697/1836 1359/689/1837
f 1359/689/1837 1364/697/1836 1362/695/1838
f 1358/687/1839 1365/698/1840 1355/686/1841
f 1355/686/1841 1365/698/1840 1366/699/1842
f 1366/699/1843 1365/698/1844 1356/685/1845
f 1356/685/1845 1365/698/1844 1359/689/1846
f 1366/699/1847 1367/698/1848 1355/686/1849
f 1366/699/1850 1356/685/1851 1367/698/1852
f 1355/686/1849 1367/698/1848 1368/687/1853
f 1367/698/1854 1370/697/1855 1368/687/1856
f 1367/698/1852 1356/685/1851 1369/689/1857
f 1367/698/1858 1369/689/1859 1370/697/1860
f 1368/687/1856 1370/697/1855 1371/690/1861
f 1371/693/1862 1370/696/1862 1373/692/1862
f 1370/697/1860 1369/689/1859 1372/695/1863
f 1370/696/1864 1372/694/1864 1373/692/1864
f 1372/694/1865 1374/691/1865 1373/692/1865
f 1374/691/1866 1371/693/1866 1373/692/1866
f 1354/684/1867 1374/688/1868 1369/689/1869
f 1354/684/1870 1368/687/1871 1374/688/1872
f 1374/688/1872 1368/687/1871 1371/690/1873
f 1369/689/1869 1374/688/1868 1372/695/1874
f 1356/685/1807 1354/684/1806 1369/689/1875
f 1354/684/1810 1355/686/1809 1368/687/1876
f 1375/666/1877 1376/669/1878 1379/667/1879
f 1375/666/1880 1377/667/1881 1376/669/1882
f 1378/668/1883 1377/667/1884 1375/666/1885
f 1375/666/1886 1379/667/1887 1378/668/1888
f 1379/667/1879 1376/669/1878 1380/670/1889
f 1379/667/1890 1380/670/1891 1382/671/1892
f 1378/668/1888 1379/667/1887 1381/672/1893
f 1379/667/1894 1382/671/1895 1381/672/1896
f 1382/671/1892 1380/670/1891 1383/673/1897
f 1382/674/1898 1383/676/1898 1385/675/1898
f 1381/672/1896 1382/671/1895 1384/678/1899
f 1384/677/1900 1382/674/1900 1385/675/1900
f 1383/676/1901 1386/679/1901 1385/675/1901
f 1386/679/1902 1384/677/1902 1385/675/1902
f 1387/681/1903 1381/672/1904 1386/680/1905
f 1387/681/1906 1386/680/1907 1380/670/1908
f 1380/670/1908 1386/680/1907 1383/673/1909
f 1386/680/1905 1381/672/1904 1384/678/1910
f 1388/682/1911 1378/668/1912 1387/681/1913
f 1388/682/1914 1387/681/1915 1376/669/1916
f 1376/669/1916 1387/681/1915 1380/670/1917
f 1387/681/1913 1378/668/1912 1381/672/1918
f 1376/669/1919 1389/681/1920 1388/682/1921
f 1388/682/1922 1389/681/1923 1378/668/1924
f 1390/670/1925 1392/680/1926 1389/681/1927
f 1390/670/1928 1389/681/1920 1376/669/1919
f 1378/668/1924 1389/681/1923 1391/672/1929
f 1389/681/1930 1392/680/1931 1391/672/1932
f 1393/676/1933 1395/675/1933 1392/679/1933
f 1393/673/1934 1392/680/1926 1390/670/1925
f 1391/672/1932 1392/680/1931 1394/678/1935
f 1392/679/1936 1395/675/1936 1394/677/1936
f 1394/677/1937 1395/675/1937 1396/674/1937
f 1396/674/1938 1395/675/1938 1393/676/1938
f 1391/672/1939 1396/671/1940 1377/667/1941
f 1377/667/1942 1396/671/1943 1390/670/1944
f 1390/670/1944 1396/671/1943 1393/673/1945
f 1394/678/1946 1396/671/1940 1391/672/1939
f 1391/672/1947 1377/667/1884 1378/668/1883
f 1376/669/1882 1377/667/1881 1390/670/1948
f 1397/683/1949 1398/686/1950 1401/684/1951
f 1397/683/1952 1399/684/1953 1398/686/1954
f 1400/685/1955 1399/684/1956 1397/683/1957
f 1397/683/1958 1401/684/1959 1400/685/1960
f 1401/684/1951 1398/686/1950 1402/687/1961
f 1401/684/1962 1402/687/1963 1404/688/1964
f 1400/685/1960 1401/684/1959 1403/689/1965
f 1401/684/1966 1404/688/1967 1403/689/1968
f 1404/688/1964 1402/687/1963 1405/690/1969
f 1404/691/1970 1405/693/1970 1407/692/1970
f 1403/689/1968 1404/688/1967 1406/695/1971
f 1406/694/1972 1404/691/1972 1407/692/1972
f 1405/693/1973 1408/696/1973 1407/692/1973
f 1408/696/1974 1406/694/1974 1407/692/1974
f 1409/698/1975 1403/689/1976 1408/697/1977
f 1409/698/1978 1408/697/1979 1402/687/1980
f 1402/687/1980 1408/697/1979 1405/690/1981
f 1408/697/1977 1403/689/1976 1406/695/1982
f 1410/699/1983 1400/685/1984 1409/698/1985
f 1410/699/1986 1409/698/1987 1398/686/1988
f 1398/686/1988 1409/698/1987 1402/687/1989
f 1409/698/1985 1400/685/1984 1403/689/1990
f 1398/686/1991 1411/698/1992 1410/699/1993
f 1410/699/1994 1411/698/1995 1400/685/1996
f 1412/687/1997 1414/697/1998 1411/698/1999
f 1412/687/2000 1411/698/1992 1398/686/1991
f 1400/685/1996 1411/698/1995 1413/689/2001
f 1411/698/2002 1414/697/2003 1413/689/2004
f 1415/693/2005 1417/692/2005 1414/696/2005
f 1415/690/2006 1414/697/1998 1412/687/1997
f 1413/689/2004 1414/697/2003 1416/695/2007
f 1414/696/2008 1417/692/2008 1416/694/2008
f 1416/694/2009 1417/692/2009 1418/691/2009
f 1418/691/2010 1417/692/2010 1415/693/2010
f 1413/689/2011 1418/688/2012 1399/684/2013
f 1399/684/2014 1418/688/2015 1412/687/2016
f 1412/687/2016 1418/688/2015 1415/690/2017
f 1416/695/2018 1418/688/2012 1413/689/2011
f 1413/689/2019 1399/684/1956 1400/685/1955
f 1398/686/1954 1399/684/1953 1412/687/2020
f 1419/700/2021 1424/701/2022 1420/702/2023
f 1420/702/2024 1421/703/2025 1419/700/2026
f 1419/700/2026 1421/703/2025 1422/704/2027
f 1422/704/2028 1425/703/2029 1419/700/2030
f 1419/700/2031 1427/701/2032 1423/705/2033
f 1423/705/2034 1424/701/2022 1419/700/2021
f 1419/700/2030 1425/703/2029 1426/702/2035
f 1426/702/2036 1427/701/2032 1419/700/2031
f 1426/702/2037 1428/706/2037 1427/701/2038
f 1423/705/2039 1427/701/2040 1429/707/2041
f 1430/708/2042 1427/701/2038 1428/706/2037
f 1429/707/2041 1427/701/2040 1430/708/2043
f 1431/709/2044 1429/707/2045 1430/708/2046
f 1432/710/2047 1430/708/2042 1428/706/2037
f 1431/709/2048 1430/708/2042 1432/710/2047
f 1428/706/2037 1426/702/2037 1432/710/2047
f 1432/710/2047 1426/702/2037 1425/703/2049
f 1425/703/2049 1433/711/2050 1432/710/2047
f 1433/711/2050 1431/709/2048 1432/710/2047
f 1434/712/2051 1437/713/2051 1433/711/2051
f 1434/712/2051 1433/711/2051 1435/714/2052
f 1435/714/2052 1433/711/2051 1436/715/2052
f 1436/715/2050 1433/711/2050 1425/703/2049
f 1433/711/2051 1437/713/2051 1438/716/2051
f 1438/716/2050 1431/709/2048 1433/711/2050
f 1437/713/2053 1439/717/2054 1438/716/2055
f 1438/716/2055 1439/717/2054 1440/718/2056
f 1438/716/2057 1440/718/2057 1431/709/2057
f 1439/717/2058 1441/719/2058 1440/718/2058
f 1440/718/2057 1441/719/2057 1442/720/2057
f 1431/709/2057 1440/718/2057 1442/720/2057
f 1442/720/2059 1429/707/2045 1431/709/2044
f 1443/721/2057 1429/707/2057 1442/720/2057
f 1442/720/2057 1441/719/2057 1443/721/2057
f 1443/721/2057 1444/720/2057 1429/707/2057
f 1441/719/2057 1444/720/2057 1443/721/2057
f 1444/720/2060 1445/709/2061 1429/707/2062
f 1446/718/2057 1445/709/2057 1444/720/2057
f 1446/718/2057 1444/720/2057 1441/719/2057
f 1446/718/2058 1441/719/2058 1447/717/2058
f 1447/717/2063 1448/716/2064 1446/718/2065
f 1448/716/2057 1445/709/2057 1446/718/2057
f 1449/713/2066 1448/716/2064 1447/717/2063
f 1449/713/2067 1450/711/2067 1448/716/2067
f 1448/716/2068 1450/711/2068 1445/709/2069
f 1451/715/2068 1421/703/2070 1450/711/2068
f 1451/715/2071 1450/711/2067 1452/714/2071
f 1452/714/2071 1450/711/2067 1453/712/2067
f 1453/712/2067 1450/711/2067 1449/713/2067
f 1450/711/2068 1421/703/2070 1454/710/2072
f 1445/709/2069 1450/711/2068 1454/710/2072
f 1421/703/2070 1420/702/2073 1454/710/2072
f 1454/710/2072 1420/702/2073 1455/706/2073
f 1456/708/2074 1454/710/2072 1455/706/2073
f 1445/709/2069 1454/710/2072 1456/708/2074
f 1429/707/2062 1445/709/2061 1456/708/2075
f 1456/708/2076 1424/701/2077 1429/707/2078
f 1456/708/2074 1455/706/2073 1424/701/2079
f 1420/702/2073 1424/701/2079 1455/706/2073
f 1453/712/2080 1457/722/2080 1452/714/2080
f 1449/713/2080 1457/722/2080 1453/712/2080
f 1452/714/2080 1457/722/2080 1458/723/2080
f 1458/723/2080 1457/722/2080 1435/714/2080
f 1459/724/2080 1437/713/2080 1457/722/2080
f 1459/724/2080 1457/722/2080 1449/713/2080
f 1435/714/2080 1457/722/2080 1434/712/2080
f 1457/722/2080 1437/713/2080 1434/712/2080
f 1460/725/2080 1439/717/2080 1459/724/2080
f 1460/725/2080 1459/724/2080 1447/717/2080
f 1447/717/2080 1459/724/2080 1449/713/2080
f 1459/724/2080 1439/717/2080 1437/713/2080
f 1447/717/2058 1441/719/2058 1460/725/2058
f 1460/725/2058 1441/719/2058 1439/717/2058
f 1452/714/2080 1458/723/2080 1461/726/2080
f 1435/714/2080 1461/726/2080 1458/723/2080
f 1461/726/2081 1436/715/2082 1462/727/2083
f 1462/727/2084 1451/715/2085 1461/726/2086
f 1461/726/2086 1451/715/2085 1452/714/2087
f 1435/714/2088 1436/715/2082 1461/726/2081
f 1462/727/2089 1421/703/2090 1451/715/2091
f 1422/704/2092 1462/727/2093 1425/703/2094
f 1422/704/2095 1421/703/2090 1462/727/2089
f 1425/703/2094 1462/727/2093 1436/715/2096
f 1429/707/2078 1424/701/2077 1423/705/2097
f 1463/728/2098 1468/729/2099 1464/730/2100
f 1464/730/2100 1465/731/2101 1463/728/2098
f 1463/728/2098 1465/731/2101 1466/732/2102
f 1469/733/2103 1463/728/2098 1466/732/2102
f 1467/734/2104 1463/728/2098 1469/733/2103
f 1467/734/2104 1468/729/2099 1463/728/2098
f 1467/734/2105 1469/733/2106 1472/728/2107
f 1466/732/2102 1470/735/2108 1469/733/2103
f 1469/733/2103 1470/735/2108 1471/736/2109
f 1471/736/2110 1474/735/2111 1469/733/2106
f 1472/728/2107 1469/733/2106 1473/732/2112
f 1469/733/2106 1474/735/2111 1473/732/2112
f 1473/732/2112 1474/735/2111 1475/731/2113
f 1475/731/2113 1474/735/2111 1476/737/2114
f 1474/735/2111 1477/738/2115 1476/737/2114
f 1471/736/2110 1477/738/2115 1474/735/2111
f 1478/737/2116 1479/739/2117 1477/738/2118
f 1478/737/2116 1477/738/2118 1470/735/2108
f 1470/735/2108 1477/738/2118 1471/736/2109
f 1477/738/2118 1479/739/2117 1480/740/2119
f 1481/739/2120 1477/738/2115 1480/740/2121
f 1476/737/2114 1477/738/2115 1481/739/2120
f 1476/737/2114 1481/739/2120 1475/731/2113
f 1475/731/2113 1481/739/2120 1482/741/2122
f 1482/741/2122 1481/739/2120 1483/742/2123
f 1483/742/2123 1481/739/2120 1480/740/2121
f 1487/743/2124 1483/742/2123 1484/744/2125
f 1484/744/2126 1483/742/2127 1485/743/2128
f 1485/743/2128 1483/742/2127 1486/741/2129
f 1486/741/2129 1483/742/2127 1479/739/2117
f 1479/739/2117 1483/742/2127 1480/740/2119
f 1482/741/2122 1483/742/2123 1487/743/2124
f 1488/730/2130 1487/743/2124 1468/729/2131
f 1488/730/2130 1475/731/2113 1487/743/2124
f 1487/743/2124 1475/731/2113 1482/741/2122
f 1468/729/2131 1487/743/2124 1484/744/2125
f 1468/729/2131 1472/728/2107 1488/730/2130
f 1472/728/2107 1475/731/2113 1488/730/2130
f 1486/741/2129 1479/739/2117 1465/731/2101
f 1465/731/2101 1485/743/2128 1486/741/2129
f 1468/729/2099 1485/743/2128 1464/730/2100
f 1464/730/2100 1485/743/2128 1465/731/2101
f 1484/744/2126 1485/743/2128 1468/729/2099
f 1465/731/2101 1479/739/2117 1478/737/2116
f 1470/735/2108 1465/731/2101 1478/737/2116
f 1473/732/2112 1475/731/2113 1472/728/2107
f 1467/734/2105 1472/728/2107 1468/729/2131
f 1466/732/2102 1465/731/2101 1470/735/2108
f 1489/745/2132 1494/746/2133 1490/747/2134
f 1490/747/2135 1491/748/2136 1489/745/2137
f 1489/745/2137 1491/748/2136 1492/749/2138
f 1492/749/2139 1495/750/2140 1489/745/2141
f 1489/745/2101 1495/750/2101 1493/751/2101
f 1493/751/2142 1494/746/2133 1489/745/2132
f 1499/752/2101 1495/750/2101 1496/753/2101
f 1496/753/2143 1495/750/2144 1497/754/2145
f 1497/754/2145 1495/750/2144 1498/755/2146
f 1498/755/2147 1495/750/2140 1492/749/2139
f 1493/751/2101 1495/750/2101 1499/752/2101
f 1499/752/2101 1496/753/2101 1500/756/2101
f 1499/752/2101 1500/756/2101 1493/751/2101
f 1496/753/2148 1501/757/2149 1500/756/2150
f 1500/756/2150 1501/757/2149 1502/758/2151
f 1502/758/2152 1504/759/2153 1500/756/2154
f 1493/751/2101 1500/756/2101 1503/760/2101
f 1500/756/2154 1504/759/2153 1503/760/2155
f 1504/759/2156 1505/761/2157 1503/760/2158
f 1504/759/2159 1506/762/2160 1505/761/2161
f 1502/758/2162 1506/762/2160 1504/759/2159
f 1502/758/2162 1507/763/2163 1506/762/2160
f 1506/762/2164 1507/763/2164 1508/764/2164
f 1508/764/2165 1505/761/2165 1506/762/2165
f 1508/764/2164 1507/763/2164 1509/765/2164
f 1512/763/2164 1508/764/2164 1509/765/2164
f 1510/766/2165 1508/764/2165 1513/761/2165
f 1510/766/2165 1505/761/2165 1508/764/2165
f 1513/761/2165 1508/764/2165 1511/762/2165
f 1511/762/2164 1508/764/2164 1512/763/2164
f 1514/767/2166 1510/766/2166 1513/761/2166
f 1514/767/2167 1513/761/2168 1515/760/2169
f 1515/760/2169 1513/761/2168 1516/759/2170
f 1513/761/2171 1511/762/2172 1516/759/2173
f 1516/759/2174 1518/756/2175 1515/760/2176
f 1516/759/2173 1511/762/2172 1517/758/2177
f 1517/758/2178 1518/756/2175 1516/759/2174
f 1521/752/2113 1518/756/2113 1519/753/2113
f 1519/753/2179 1518/756/2180 1520/757/2181
f 1520/757/2181 1518/756/2180 1517/758/2182
f 1522/751/2113 1518/756/2113 1521/752/2113
f 1515/760/2113 1518/756/2113 1522/751/2113
f 1522/751/2183 1523/746/2184 1515/760/2185
f 1522/751/2186 1524/745/2187 1523/746/2188
f 1522/751/2113 1525/750/2113 1524/745/2113
f 1521/752/2113 1525/750/2113 1522/751/2113
f 1521/752/2113 1519/753/2113 1525/750/2113
f 1519/753/2189 1526/754/2190 1525/750/2191
f 1525/750/2191 1526/754/2190 1527/755/2192
f 1527/755/2193 1528/749/2194 1525/750/2195
f 1525/750/2195 1528/749/2194 1524/745/2196
f 1528/749/2197 1529/748/2198 1524/745/2199
f 1528/749/2200 1530/768/2201 1529/748/2202
f 1527/755/2203 1530/768/2201 1528/749/2200
f 1527/755/2203 1531/769/2204 1530/768/2201
f 1530/768/2205 1531/769/2205 1532/770/2205
f 1532/770/2206 1529/748/2206 1530/768/2206
f 1491/748/2206 1532/770/2206 1533/768/2206
f 1533/768/2205 1532/770/2205 1534/769/2205
f 1534/769/2205 1532/770/2205 1535/771/2205
f 1532/770/2205 1531/769/2205 1535/771/2205
f 1536/772/2206 1529/748/2206 1532/770/2206
f 1536/772/2206 1532/770/2206 1491/748/2206
f 1490/747/2207 1536/772/2207 1491/748/2207
f 1538/747/2207 1536/772/2207 1537/773/2207
f 1537/773/2207 1536/772/2207 1490/747/2207
f 1529/748/2207 1536/772/2207 1538/747/2207
f 1523/746/2188 1524/745/2187 1538/747/2208
f 1524/745/2199 1529/748/2198 1538/747/2209
f 1537/773/2210 1523/746/2210 1538/747/2210
f 1494/746/2210 1537/773/2210 1490/747/2210
f 1539/774/2210 1523/746/2210 1537/773/2210
f 1539/774/2210 1537/773/2210 1494/746/2210
f 1539/774/2211 1494/746/2211 1540/775/2211
f 1539/774/2211 1540/775/2211 1523/746/2211
f 1540/775/2211 1494/746/2211 1541/767/2211
f 1541/767/2166 1510/766/2166 1540/775/2166
f 1540/775/2166 1510/766/2166 1514/767/2166
f 1523/746/2211 1540/775/2211 1514/767/2211
f 1494/746/2212 1503/760/2213 1541/767/2214
f 1503/760/2158 1505/761/2157 1541/767/2215
f 1505/761/2166 1510/766/2166 1541/767/2166
f 1535/771/2216 1542/776/2216 1534/769/2216
f 1535/771/2216 1531/769/2216 1542/776/2216
f 1542/776/2217 1547/777/2217 1543/778/2217
f 1543/778/2217 1544/777/2218 1542/776/2217
f 1542/776/2217 1544/777/2218 1545/779/2217
f 1534/769/2216 1542/776/2216 1545/779/2216
f 1542/776/2216 1531/769/2216 1546/779/2216
f 1546/779/2217 1547/777/2217 1542/776/2217
f 1546/779/2219 1548/780/2220 1547/777/2221
f 1548/780/2222 1549/781/2223 1547/777/2224
f 1547/777/2224 1549/781/2223 1550/782/2225
f 1551/783/2226 1547/777/2226 1550/782/2226
f 1543/778/2226 1547/777/2226 1551/783/2226
f 1543/778/2226 1551/783/2226 1544/777/2226
f 1544/777/2226 1551/783/2226 1552/782/2226
f 1551/783/2227 1554/784/2227 1552/782/2227
f 1553/785/2227 1551/783/2227 1555/784/2227
f 1553/785/2227 1554/784/2227 1551/783/2227
f 1555/784/2227 1551/783/2227 1550/782/2227
f 1556/786/2228 1555/784/2229 1549/781/2230
f 1556/786/2231 1557/787/2232 1555/784/2233
f 1558/788/2234 1555/784/2234 1557/787/2234
f 1549/781/2230 1555/784/2229 1550/782/2235
f 1553/785/2234 1555/784/2234 1558/788/2234
f 1558/788/2236 1507/763/2236 1559/787/2236
f 1559/787/2234 1554/784/2234 1558/788/2234
f 1558/788/2234 1554/784/2234 1553/785/2234
f 1509/765/2236 1558/788/2236 1512/763/2236
f 1509/765/2236 1507/763/2236 1558/788/2236
f 1512/763/2236 1558/788/2236 1557/787/2236
f 1507/763/2237 1560/789/2238 1559/787/2238
f 1560/789/2239 1561/786/2240 1559/787/2241
f 1559/787/2241 1561/786/2240 1554/784/2242
f 1561/786/2243 1560/789/2244 1563/790/2245
f 1561/786/2246 1562/781/2247 1554/784/2248
f 1563/790/2249 1562/781/2249 1561/786/2249
f 1563/790/2250 1564/780/2250 1562/781/2250
f 1563/790/2251 1566/791/2252 1564/780/2253
f 1563/790/2245 1560/789/2244 1565/792/2254
f 1565/792/2255 1566/791/2252 1563/790/2251
f 1566/791/2256 1496/753/2257 1497/754/2258
f 1497/754/2259 1534/769/2260 1566/791/2261
f 1566/791/2261 1534/769/2260 1545/779/2261
f 1566/791/2262 1545/779/2263 1564/780/2264
f 1565/792/2265 1496/753/2257 1566/791/2256
f 1565/792/2266 1560/789/2267 1496/753/2268
f 1564/780/2264 1545/779/2263 1544/777/2269
f 1564/780/2270 1544/777/2271 1562/781/2272
f 1562/781/2272 1544/777/2271 1552/782/2273
f 1554/784/2248 1562/781/2247 1552/782/2274
f 1496/753/2268 1560/789/2267 1501/757/2275
f 1501/757/2237 1560/789/2238 1507/763/2237
f 1567/789/2276 1557/787/2232 1556/786/2231
f 1567/789/2277 1512/763/2278 1557/787/2277
f 1567/789/2279 1519/753/2280 1520/757/2281
f 1520/757/2278 1512/763/2278 1567/789/2277
f 1569/790/2282 1567/789/2283 1556/786/2284
f 1568/792/2285 1567/789/2283 1569/790/2282
f 1568/792/2286 1519/753/2280 1567/789/2279
f 1548/780/2287 1570/791/2288 1569/790/2289
f 1569/790/2290 1549/781/2290 1548/780/2290
f 1569/790/2291 1556/786/2291 1549/781/2291
f 1569/790/2289 1570/791/2288 1568/792/2292
f 1519/753/2293 1570/791/2294 1526/754/2295
f 1526/754/2296 1570/791/2297 1531/769/2298
f 1531/769/2298 1570/791/2297 1546/779/2297
f 1570/791/2299 1548/780/2220 1546/779/2219
f 1568/792/2300 1570/791/2294 1519/753/2293
f 1533/768/2301 1534/769/2302 1498/755/2303
f 1498/755/2303 1534/769/2302 1497/754/2304
f 1492/749/2305 1533/768/2301 1498/755/2303
f 1491/748/2306 1533/768/2301 1492/749/2305
f 1526/754/2307 1531/769/2204 1527/755/2203
f 1515/760/2185 1523/746/2184 1514/767/2308
f 1517/758/2177 1512/763/2309 1520/757/2310
f 1511/762/2172 1512/763/2309 1517/758/2177
f 1501/757/2311 1507/763/2163 1502/758/2162
f 1493/751/2312 1503/760/2213 1494/746/2212
f 1571/793/2313 1572/794/2314 1574/795/2315
f 1571/793/2316 1573/796/2317 1572/794/2318
f 1571/793/2319 1575/794/2320 1573/796/2321
f 1574/795/2322 1575/794/2323 1571/793/2324
f 1573/796/2321 1575/794/2320 1576/797/2325
f 1575/794/2326 1578/798/2327 1576/797/2328
f 1577/799/2329 1578/798/2330 1575/794/2331
f 1577/799/2332 1575/794/2323 1574/795/2322
f 1576/797/2328 1578/798/2327 1579/800/2333
f 1578/798/2334 1581/801/2335 1579/800/2336
f 1580/802/2337 1581/801/2338 1578/798/2339
f 1580/802/2340 1578/798/2330 1577/799/2329
f 1579/800/2336 1581/801/2335 1582/803/2341
f 1581/804/2342 1584/805/2342 1582/806/2342
f 1583/807/2343 1584/805/2343 1581/804/2343
f 1583/808/2344 1581/801/2338 1580/802/2337
f 1582/806/2345 1584/805/2345 1585/809/2345
f 1586/810/2346 1584/805/2346 1583/807/2346
f 1585/809/2347 1584/805/2347 1587/811/2347
f 1587/811/2348 1584/805/2348 1586/810/2348
f 1585/812/2349 1587/813/2350 1588/814/2351
f 1588/814/2351 1587/813/2350 1589/815/2352
f 1589/815/2353 1587/813/2354 1590/816/2355
f 1590/816/2355 1587/813/2354 1586/817/2356
f 1591/818/2357 1589/815/2358 1590/816/2359
f 1591/818/2113 1590/816/2113 1577/799/2113
f 1577/799/2113 1590/816/2113 1580/802/2113
f 1590/816/2360 1586/817/2360 1580/802/2361
f 1592/819/2362 1593/820/2363 1591/818/2364
f 1592/819/2365 1591/818/2365 1574/795/2365
f 1574/795/2365 1591/818/2365 1577/799/2365
f 1593/820/2366 1589/815/2358 1591/818/2357
f 1594/821/2367 1589/815/2368 1593/820/2369
f 1594/821/2370 1593/820/2371 1595/822/2372
f 1595/822/2372 1593/820/2371 1596/823/2373
f 1596/823/2374 1593/820/2363 1592/819/2362
f 1596/823/2375 1597/820/2376 1595/822/2377
f 1596/823/2378 1592/819/2379 1597/820/2380
f 1595/822/2377 1597/820/2376 1598/821/2381
f 1597/820/2382 1600/815/2383 1598/821/2384
f 1597/820/2380 1592/819/2379 1599/818/2385
f 1597/820/2386 1599/818/2387 1600/815/2388
f 1598/821/2384 1600/815/2383 1601/814/2389
f 1600/815/2390 1603/813/2391 1601/814/2392
f 1600/815/2388 1599/818/2387 1602/816/2393
f 1600/815/2394 1602/816/2395 1603/813/2396
f 1601/814/2392 1603/813/2391 1604/812/2397
f 1604/809/2398 1603/811/2398 1606/805/2398
f 1603/813/2396 1602/816/2395 1605/817/2399
f 1603/811/2400 1605/810/2400 1606/805/2400
f 1609/807/2401 1607/804/2401 1606/805/2401
f 1607/804/2402 1608/806/2402 1606/805/2402
f 1608/806/2403 1604/809/2403 1606/805/2403
f 1605/810/2404 1609/807/2404 1606/805/2404
f 1605/817/2405 1610/802/2406 1609/808/2406
f 1610/802/2407 1607/801/2408 1609/808/2409
f 1602/816/2101 1611/799/2101 1610/802/2101
f 1611/799/2410 1612/798/2411 1610/802/2412
f 1612/798/2413 1607/801/2408 1610/802/2407
f 1602/816/2405 1610/802/2406 1605/817/2405
f 1572/794/2414 1612/798/2411 1611/799/2410
f 1572/794/2415 1613/797/2416 1612/798/2417
f 1612/798/2417 1613/797/2416 1614/800/2418
f 1612/798/2419 1614/800/2420 1607/801/2421
f 1613/797/2101 1601/814/2101 1614/800/2101
f 1601/814/2422 1604/812/2422 1614/800/2422
f 1607/801/2421 1614/800/2420 1608/803/2423
f 1614/800/2422 1604/812/2422 1608/803/2422
f 1572/794/2318 1573/796/2317 1613/797/2424
f 1573/796/2425 1598/821/2426 1613/797/2425
f 1598/821/2101 1601/814/2101 1613/797/2101
f 1599/818/2427 1574/795/2427 1611/799/2427
f 1574/795/2315 1572/794/2314 1611/799/2428
f 1599/818/2101 1611/799/2101 1602/816/2101
f 1592/819/2427 1574/795/2427 1599/818/2427
f 1595/822/2426 1598/821/2426 1573/796/2425
f 1573/796/2429 1594/821/2430 1595/822/2430
f 1576/797/2113 1588/814/2113 1594/821/2113
f 1576/797/2429 1594/821/2430 1573/796/2429
f 1588/814/2431 1589/815/2368 1594/821/2367
f 1579/800/2432 1585/812/2432 1588/814/2432
f 1579/800/2113 1588/814/2113 1576/797/2113
f 1580/802/2361 1586/817/2360 1583/808/2361
f 1582/803/2432 1585/812/2432 1579/800/2432
o item_bladens
v -28.112436 41.924126 13.286929
v -25.135162 47.656921 13.286929
v -27.467089 42.567413 13.553772
v -22.375868 44.877289 13.286930
v -27.467089 42.567413 13.020087
v -24.930811 47.451061 12.728423
v -22.580221 45.083153 12.728424
v -26.950289 43.082542 13.151587
v -24.767166 47.286209 13.003668
v -22.743868 45.248001 13.003669
v -23.756746 46.268349 11.926472
v -20.595018 49.486214 13.151587
v -20.083786 50.006950 13.020088
v -19.445360 50.657211 13.286930
v -20.083786 50.006950 13.553773
v -24.930811 47.451061 13.845436
v -22.580221 45.083153 13.845437
v -20.595018 49.486214 13.422273
v -24.767166 47.286209 13.570189
v -22.743868 45.248001 13.570190
v -23.756748 46.268349 14.647385
v -26.950289 43.082542 13.422272
v -42.089622 32.735104 13.286928
v -42.910282 32.588177 13.553771
v -47.516468 33.937908 13.286928
v -47.743736 29.548439 13.286928
v -42.910282 32.588177 13.020086
v -47.533295 33.612812 12.728422
v -47.726906 29.873526 12.728422
v -43.567455 32.470516 13.151586
v -47.546772 33.352501 13.003667
v -47.713421 30.133858 13.003667
v -47.629990 31.745132 11.926471
v -51.689922 31.070377 13.151585
v -52.346634 30.961554 13.020085
v -53.166714 30.825653 13.286927
v -52.346634 30.961554 13.553770
v -47.533295 33.612812 13.845435
v -47.726906 29.873526 13.845435
v -51.689922 31.070377 13.422270
v -47.546772 33.352501 13.570189
v -47.713421 30.133858 13.570189
v -47.629990 31.745132 14.647384
v -43.567455 32.470516 13.422271
v -40.836876 29.102785 13.286928
v -41.475296 28.452522 13.553771
v -46.526669 26.102509 13.286928
v -43.767376 23.322874 13.286928
v -41.475296 28.452522 13.020086
v -46.322315 25.896648 12.728422
v -43.971729 23.528732 12.728422
v -41.986526 27.931789 13.151586
v -46.158672 25.731796 13.003667
v -44.135368 23.693584 13.003667
v -45.148251 24.713928 11.926471
v -48.341797 21.528114 13.151586
v -48.858601 21.012991 13.020086
v -49.503948 20.369705 13.286928
v -48.858601 21.012991 13.553771
v -46.322315 25.896648 13.845435
v -43.971729 23.528732 13.845435
v -48.341797 21.528114 13.422271
v -46.158672 25.731796 13.570189
v -44.135368 23.693584 13.570189
v -45.148251 24.713928 14.647384
v -41.986526 27.931789 13.422271
v -37.591969 27.784513 13.286929
v -37.773449 26.956863 13.553771
v -40.970127 22.211048 13.286928
v -36.664371 22.182550 13.286929
v -37.773449 26.956863 13.020086
v -40.651237 22.208942 12.728422
v -36.983253 22.184662 12.728423
v -37.918774 26.294079 13.151586
v -40.395885 22.207254 13.003667
v -37.238613 22.186352 13.003668
v -38.819160 22.196815 11.926471
v -39.769203 18.099882 13.151586
v -39.923203 17.437159 13.020086
v -40.115505 16.609573 13.286928
v -39.923203 17.437159 13.553771
v -40.651237 22.208942 13.845435
v -36.983253 22.184662 13.845436
v -39.769203 18.099882 13.422271
v -40.395885 22.207254 13.570189
v -37.238613 22.186352 13.570189
v -38.819160 22.196815 14.647384
v -37.918774 26.294079 13.422271
v -31.717894 43.185825 13.286929
v -32.912422 48.653191 13.286929
v -31.572161 44.012650 13.553772
v -28.555624 48.882690 13.286929
v -31.572161 44.012650 13.020087
v -32.589737 48.670181 12.728423
v -28.878286 48.865692 12.728423
v -31.455450 44.674763 13.151587
v -32.331360 48.683792 13.003668
v -29.136675 48.852074 13.003668
v -30.735960 48.767830 11.926472
v -30.066717 52.858261 13.151587
v -29.958780 53.519913 13.020087
v -29.823982 54.346157 13.286929
v -29.958780 53.519913 13.553772
v -32.589737 48.670181 13.845436
v -28.878286 48.865692 13.845436
v -30.066717 52.858261 13.422272
v -32.331360 48.683792 13.570189
v -29.136675 48.852074 13.570189
v -30.735960 48.767830 14.647385
v -31.455450 44.674763 13.422272
v -26.803568 38.655071 13.286929
v -21.271975 42.059216 13.286930
v -25.982103 38.838017 13.553772
v -21.243160 37.721207 13.286930
v -25.982103 38.838017 13.020087
v -21.269852 41.737942 12.728424
v -21.245300 38.042480 12.728424
v -25.324263 38.984505 13.151587
v -21.268133 41.480675 13.003669
v -21.247005 38.299755 13.003669
v -21.257580 39.892139 11.926473
v -17.191229 40.849804 13.151587
v -16.533463 41.005039 13.020088
v -15.712057 41.198883 13.286930
v -16.533463 41.005039 13.553773
v -21.269852 41.737942 13.845437
v -21.245300 38.042480 13.845437
v -17.191229 40.849804 13.422273
v -21.268133 41.480675 13.570190
v -21.247005 38.299755 13.570190
v -21.257582 39.892139 14.647386
v -25.324263 38.984505 13.422272
v 56.483677 -57.459160 13.286936
v 56.942474 -56.996864 13.718641
v 49.589008 -49.907948 13.839827
v 49.054996 -50.446007 13.286935
v 63.951740 -62.192513 13.286937
v 62.920551 -61.153748 13.642907
v 49.589008 -49.907948 12.734044
v 56.942474 -56.996864 12.855229
v 62.920551 -61.153748 12.930965
v 57.867931 -56.064468 12.855229
v 59.248486 -54.673306 13.286936
v 58.735554 -55.190140 12.855229
v 52.053200 -47.424999 12.734045
v 50.672882 -48.815800 12.734045
v -30.524136 32.979668 12.605495
v -30.929893 33.220230 12.911710
v -32.033859 32.107841 12.911796
v -31.920759 31.572248 12.605495
v -29.857222 34.301056 12.911710
v -29.143824 34.370472 12.605495
v -29.761454 34.397556 13.037579
v -29.143894 34.370544 12.888587
v -29.143894 34.370544 13.286929
v 52.053200 -47.424999 12.963745
v 52.053200 -47.424999 13.286936
v 52.053200 -47.424999 13.610126
v 52.053200 -47.424999 13.839828
v -29.143894 34.370544 13.685269
v -29.761454 34.397556 13.536280
v -29.143824 34.370472 13.968363
v -29.857222 34.301056 13.662148
v -30.524136 32.979668 13.968363
v -31.920759 31.572248 13.968363
v -32.033859 32.107841 13.662063
v -30.929893 33.220230 13.662148
v 50.672882 -48.815800 13.839828
v 57.867931 -56.064468 13.718641
v 58.735554 -55.190140 13.718641
v -30.929893 33.220230 13.286929
v -32.057964 32.083549 13.286929
v -29.857271 34.300999 13.286929
v -29.761454 34.397556 13.286929
v -32.798058 31.337841 13.286929
v -33.316441 30.165680 13.286929
v -35.100887 32.178978 16.643867
v -32.582901 33.607765 17.818806
v -34.704563 35.745056 19.329422
v -37.361252 33.068138 17.818806
v -35.239590 30.930843 13.286929
v -31.875683 32.895332 13.286929
v -38.246819 32.175831 13.286928
v -38.244087 35.345341 16.643867
v -39.482910 35.205433 13.286928
v -35.100887 32.178982 9.929988
v -37.361252 33.068138 8.755050
v -38.244087 35.345341 9.929988
v -34.704563 35.745056 7.244433
v -36.826218 37.882359 8.755050
v -37.533443 38.594791 13.286928
v -36.826218 37.882359 17.818806
v -34.308254 39.311153 16.643867
v -34.169533 40.559284 13.286929
v -34.308254 39.311153 9.929988
v -32.047871 38.421982 8.755050
v -31.162312 39.314297 13.286929
v -29.926212 36.284691 13.286929
v -31.165056 36.144791 16.643867
v -32.047874 38.421982 17.818806
v -31.165056 36.144791 9.929988
v -32.582901 33.607765 8.755050
v -66.110207 65.427887 15.507980
v -67.250076 66.309967 13.920304
v -66.361526 62.251163 14.247286
v -65.553436 62.773338 15.096023
v -64.189545 65.447372 15.507980
v -64.887543 66.150505 13.920304
v -62.667435 62.481255 15.507980
v -57.434807 58.642834 15.507981
v -58.445763 57.706856 15.096024
v -63.711292 61.429417 15.096023
v -61.956375 63.197731 15.507981
v -61.245323 63.914196 15.507981
v -56.505920 59.661472 15.096024
v -60.201443 64.966003 15.096024
v -64.170464 67.382401 15.507980
v -61.535587 66.821785 15.096024
v -61.017391 67.636002 14.247287
v -59.551701 65.620697 14.247287
v -55.838726 60.251045 14.247287
v -59.551701 65.620697 13.286927
v -55.838726 60.251045 13.286927
v -61.017391 67.636002 13.286927
v -59.551701 65.620697 12.326567
v -55.838726 60.251045 12.326567
v -61.017391 67.636002 12.326567
v -65.046120 68.530708 12.653548
v -64.170464 67.382401 11.065872
v -61.535587 66.821785 11.477831
v -60.201443 64.966003 11.477831
v -61.245323 63.914196 11.065872
v -57.434803 58.642834 11.065872
v -56.505920 59.661472 11.477831
v -61.956375 63.197731 11.065872
v -64.189545 65.447372 11.065872
v -64.887543 66.150505 12.653548
v -66.110207 65.427887 11.065871
v -62.667435 62.481255 11.065872
v -58.445763 57.706856 11.477831
v -63.711292 61.429417 11.477831
v -65.553436 62.773338 11.477830
v -66.361526 62.251163 12.326566
v -64.361038 60.774727 12.326566
v -59.030865 57.034603 12.326567
v -64.361038 60.774727 13.286926
v -64.361038 60.774727 14.247286
v -59.030865 57.034603 14.247287
v -59.030865 57.034603 13.286927
v -66.361526 62.251163 13.286926
v -67.250076 66.309967 13.286926
v -67.250076 66.309967 12.653548
v -64.887543 66.150505 13.286926
v -65.046120 68.530708 13.286926
v -65.046120 68.530708 13.920304
v -53.119587 51.203331 13.286927
v -45.506508 42.543190 13.286928
v -45.506508 42.543190 13.770856
v -53.119587 51.203331 14.247287
v -53.119587 51.203331 12.326567
v -45.506508 42.543190 12.802999
v -44.875561 43.178936 11.477832
v -39.588963 40.665459 11.065874
v -37.677425 38.739834 12.692797
v -37.677425 38.739834 13.286928
v -37.677425 38.739834 13.881059
v -41.453457 46.627110 13.286928
v -41.453457 46.627110 13.770856
v -41.453457 46.627110 12.802999
v -42.084393 45.991364 11.477832
v -50.050114 54.296185 12.326567
v -50.050114 54.296185 13.286927
v -50.050114 54.296185 14.247287
v -50.664680 53.652748 15.096024
v -42.084393 45.991364 15.096025
v -39.588963 40.665459 15.507982
v -43.479977 44.585148 15.507982
v -44.875561 43.178936 15.096025
v -51.584854 52.749771 15.507981
v -52.481014 51.822586 15.096024
v -50.664680 53.652748 11.477832
v -51.584854 52.749771 11.065873
v -43.479977 44.585152 11.065873
v -52.481014 51.822586 11.477832
v -72.755447 74.076393 13.286926
v -72.351311 73.669281 13.631036
v -70.899307 68.407303 13.286926
v -67.128304 72.207047 13.286926
v -72.351311 73.669281 12.942817
v -70.684853 68.579506 12.402064
v -67.299187 71.990959 12.402064
v -72.050728 73.366478 12.942817
v -70.525345 68.707626 12.402064
v -67.426353 71.830223 12.402064
v -71.735527 73.048950 13.159402
v -70.358093 68.841942 12.959011
v -67.559647 71.661697 12.959011
v -68.746475 70.037872 11.458388
v -67.439316 67.097771 12.959011
v -65.828094 68.721268 12.959011
v -65.866165 67.136330 12.959011
v -67.293076 66.776123 12.402064
v -65.551033 66.818886 12.461047
v -65.508804 68.573975 12.402064
v -65.204285 68.433495 12.402064
v -64.794945 68.244675 13.286926
v -65.250374 66.516014 12.461047
v -67.153595 66.469322 12.402064
v -66.966133 66.056946 13.286926
v -64.846245 66.108887 13.286926
v -65.250374 66.516014 14.112804
v -67.153595 66.469322 14.171788
v -65.204285 68.433495 14.171788
v -65.551033 66.818886 14.112804
v -67.293076 66.776123 14.171788
v -65.508804 68.573975 14.171788
v -65.866165 67.136330 13.614841
v -67.439316 67.097771 13.614841
v -65.828094 68.721268 13.614841
v -68.746475 70.037872 15.115464
v -71.735527 73.048950 13.414451
v -70.358093 68.841942 13.614841
v -67.559647 71.661697 13.614841
v -67.426353 71.830223 14.171788
v -67.299187 71.990959 14.171788
v -72.050728 73.366478 13.631036
v -70.684853 68.579506 14.171788
v -70.525345 68.707626 14.171788
v 70.393272 0.564468 0.000000
v 0.000001 55.970825 3.982025
v -0.000000 70.957733 -0.000013
v 55.406349 0.564468 3.982044
v -0.000002 -69.828705 0.000013
v 0.000001 55.970825 -3.982048
v 55.406349 0.564468 -3.982044
v -0.000004 -54.841778 -3.982033
v -55.406254 0.564468 -3.982044
v -70.393265 0.564468 0.000000
v -0.000004 -54.841778 3.982056
v -55.406254 0.564468 3.982044
vn -0.7383 0.3679 -0.5652
vn -0.7384 0.3680 -0.5651
vn -0.7383 0.3679 0.5652
vn -0.7384 0.3680 0.5651
vn 0.3651 -0.7395 0.5656
vn 0.3651 -0.7394 0.5657
vn 0.3651 -0.7394 -0.5657
vn 0.3651 -0.7395 -0.5656
vn 0.6067 -0.3496 -0.7139
vn 0.6068 -0.3496 -0.7138
vn 0.6067 -0.3496 -0.7140
vn -0.3473 0.6076 -0.7143
vn -0.3474 0.6077 -0.7142
vn 0.6068 -0.3496 -0.7139
vn -0.5649 0.2659 -0.7811
vn -0.3473 0.6077 -0.7142
vn 0.2632 -0.5646 -0.7823
vn -0.2684 0.5617 -0.7826
vn 0.5678 -0.2606 -0.7808
vn -0.6110 0.3440 -0.7130
vn -0.6111 0.3441 -0.7128
vn 0.3529 -0.6032 -0.7152
vn 0.3530 -0.6032 -0.7152
vn 0.3530 -0.6033 -0.7151
vn -0.6111 0.3440 -0.7129
vn 0.7426 -0.3612 -0.5640
vn 0.7427 -0.3612 -0.5638
vn -0.3719 0.7350 -0.5669
vn -0.3719 0.7350 -0.5670
vn -0.3719 0.7351 -0.5668
vn -0.3719 0.7351 0.5668
vn -0.3719 0.7350 0.5670
vn -0.3719 0.7350 0.5669
vn 0.7426 -0.3612 0.5640
vn 0.7427 -0.3612 0.5639
vn 0.3530 -0.6033 0.7151
vn 0.3530 -0.6032 0.7152
vn 0.7427 -0.3612 0.5638
vn -0.6110 0.3440 0.7130
vn -0.6111 0.3441 0.7128
vn -0.2684 0.5617 0.7826
vn -0.6111 0.3440 0.7128
vn 0.5678 -0.2606 0.7808
vn 0.2632 -0.5646 0.7823
vn -0.5649 0.2659 0.7811
vn -0.3473 0.6077 0.7142
vn -0.3473 0.6076 0.7143
vn 0.6067 -0.3496 0.7139
vn 0.6067 -0.3496 0.7140
vn 0.6068 -0.3496 0.7139
vn 0.4181 -0.7141 0.5615
vn 0.4182 -0.7142 0.5613
vn 0.1383 0.6241 0.7690
vn 0.1864 0.7593 -0.6235
vn 0.1864 0.7594 -0.6234
vn 0.4182 -0.7142 -0.5613
vn 0.4181 -0.7141 -0.5614
vn 0.4181 -0.7141 -0.5615
vn -0.1026 -0.6386 -0.7627
vn -0.1026 -0.6387 -0.7626
vn -0.3153 0.6218 -0.7169
vn -0.3152 0.6217 -0.7170
vn 0.1514 0.5449 -0.8247
vn 0.3300 -0.5364 -0.7768
vn -0.3242 0.5382 -0.7780
vn -0.1586 -0.5431 -0.8246
vn 0.3080 -0.6231 -0.7190
vn 0.3079 -0.6230 -0.7191
vn 0.3079 -0.6231 -0.7190
vn 0.1112 0.6377 -0.7622
vn 0.1113 0.6379 -0.7621
vn 0.1113 0.6378 -0.7621
vn -0.4105 0.7167 -0.5637
vn -0.4104 0.7166 -0.5639
vn -0.1965 -0.7576 -0.6225
vn -0.1965 -0.7577 -0.6223
vn -0.1965 -0.7577 -0.6224
vn -0.4104 0.7166 0.5639
vn -0.4104 0.7167 0.5639
vn -0.4105 0.7167 0.5637
vn -0.1965 -0.7576 0.6225
vn -0.1965 -0.7577 0.6223
vn 0.3079 -0.6230 0.7191
vn 0.3079 -0.6231 0.7190
vn -0.1965 -0.7577 0.6224
vn 0.1112 0.6377 0.7622
vn 0.1113 0.6379 0.7621
vn 0.3080 -0.6231 0.7189
vn -0.3242 0.5382 0.7780
vn 0.1113 0.6378 0.7621
vn -0.1586 -0.5431 0.8246
vn 0.3300 -0.5364 0.7768
vn 0.1514 0.5449 0.8247
vn -0.3152 0.6217 0.7170
vn -0.3153 0.6218 0.7169
vn -0.1025 -0.6386 0.7627
vn -0.1026 -0.6387 0.7626
vn -0.1026 -0.6386 0.7627
vn 0.1864 0.7594 0.6233
vn 0.7426 -0.3612 0.5639
vn 0.7426 -0.3612 -0.5639
vn 0.3529 -0.6032 -0.7153
vn -0.6110 0.3440 -0.7129
vn 0.3530 -0.6033 -0.7152
vn -0.6111 0.3440 -0.7128
vn -0.3474 0.6077 0.7142
vn 0.6068 -0.3496 0.7138
vn -0.6110 0.3440 0.7129
vn -0.6111 0.3440 0.7129
vn 0.3530 -0.6033 0.7152
vn 0.3529 -0.6032 0.7153
vn 0.7747 0.1456 0.6154
vn 0.7748 0.1456 0.6152
vn -0.7013 0.4409 0.5601
vn -0.7014 0.4410 0.5600
vn -0.7013 0.4409 -0.5601
vn -0.7014 0.4410 -0.5600
vn 0.7748 0.1456 -0.6152
vn 0.7747 0.1456 -0.6154
vn 0.7747 0.1455 -0.6154
vn 0.6131 -0.3360 -0.7150
vn 0.6132 -0.3361 -0.7149
vn -0.6511 -0.0704 -0.7557
vn -0.6510 -0.0704 -0.7558
vn -0.5273 0.3477 -0.7753
vn 0.5595 0.1222 -0.8198
vn -0.5609 -0.1151 -0.8199
vn 0.5253 -0.3533 -0.7741
vn 0.6514 0.0620 -0.7562
vn 0.6513 0.0619 -0.7563
vn -0.6114 0.3431 -0.7130
vn -0.6115 0.3432 -0.7129
vn -0.7758 -0.1357 -0.6162
vn -0.7757 -0.1357 -0.6163
vn -0.7758 -0.1357 -0.6163
vn 0.6984 -0.4483 -0.5579
vn 0.6985 -0.4483 -0.5579
vn 0.6985 -0.4483 -0.5577
vn -0.7758 -0.1357 0.6163
vn -0.7757 -0.1357 0.6163
vn -0.7758 -0.1357 0.6162
vn 0.6985 -0.4483 0.5579
vn 0.6985 -0.4483 0.5577
vn 0.6984 -0.4483 0.5579
vn 0.6513 0.0619 0.7563
vn 0.6514 0.0620 0.7562
vn -0.6114 0.3431 0.7130
vn -0.6115 0.3432 0.7129
vn -0.6114 0.3432 0.7130
vn -0.5609 -0.1151 0.8199
vn 0.5253 -0.3533 0.7741
vn 0.5595 0.1222 0.8198
vn -0.5273 0.3477 0.7753
vn -0.6510 -0.0704 0.7558
vn -0.6511 -0.0704 0.7557
vn 0.6131 -0.3360 0.7150
vn 0.6132 -0.3361 0.7149
vn 0.6132 -0.3361 0.7148
vn -0.7619 -0.1843 -0.6209
vn -0.7620 -0.1844 -0.6208
vn -0.7619 -0.1843 -0.6210
vn -0.7619 -0.1843 0.6209
vn -0.7619 -0.1843 0.6210
vn -0.7619 -0.1844 0.6208
vn 0.7178 -0.4139 0.5599
vn 0.7177 -0.4139 0.5600
vn 0.7177 -0.4138 0.5600
vn 0.7177 -0.4139 -0.5600
vn 0.7178 -0.4139 -0.5599
vn 0.6415 0.1016 -0.7604
vn 0.6416 0.1016 -0.7603
vn 0.6414 0.1016 -0.7604
vn -0.6250 0.3121 -0.7155
vn -0.6251 0.3122 -0.7154
vn -0.5478 -0.1501 -0.8230
vn 0.5397 -0.3271 -0.7757
vn -0.5415 0.3213 -0.7769
vn 0.5460 0.1571 -0.8229
vn -0.6406 -0.1101 -0.7599
vn -0.6407 -0.1102 -0.7598
vn 0.6263 -0.3048 -0.7175
vn 0.6264 -0.3049 -0.7174
vn 0.7602 0.1943 -0.6200
vn 0.7603 0.1944 -0.6198
vn -0.7202 0.4063 -0.5624
vn -0.7202 0.4062 -0.5624
vn -0.7203 0.4063 -0.5622
vn -0.7203 0.4063 -0.5623
vn 0.7603 0.1944 -0.6199
vn -0.7203 0.4063 0.5623
vn -0.7202 0.4063 0.5624
vn 0.7602 0.1943 0.6200
vn 0.7603 0.1944 0.6198
vn 0.6264 -0.3049 0.7174
vn 0.6263 -0.3048 0.7175
vn 0.7603 0.1944 0.6199
vn -0.6406 -0.1101 0.7599
vn -0.6407 -0.1102 0.7598
vn -0.5415 0.3213 0.7769
vn 0.5460 0.1571 0.8229
vn 0.5397 -0.3271 0.7757
vn -0.5478 -0.1501 0.8230
vn -0.6251 0.3122 0.7154
vn -0.6250 0.3121 0.7155
vn 0.6415 0.1016 0.7604
vn 0.6414 0.1015 0.7604
vn 0.6416 0.1016 0.7603
vn -0.7620 -0.1844 0.6208
vn -0.4453 0.6976 -0.5613
vn -0.4453 0.6977 -0.5612
vn -0.4453 0.6976 -0.5614
vn -0.4453 0.6976 0.5613
vn -0.4453 0.6976 0.5614
vn -0.4453 0.6977 0.5612
vn -0.1472 -0.7724 0.6179
vn -0.1472 -0.7722 0.6181
vn -0.1472 -0.7723 0.6180
vn -0.1472 -0.7723 -0.6180
vn -0.1472 -0.7724 -0.6179
vn 0.3393 -0.6097 -0.7163
vn 0.3393 -0.6098 -0.7163
vn 0.3393 -0.6097 -0.7164
vn -0.1472 -0.7723 -0.6179
vn 0.0710 0.6482 -0.7582
vn 0.0711 0.6483 -0.7581
vn 0.3394 -0.6098 -0.7162
vn -0.3508 0.5240 -0.7761
vn -0.1233 -0.5566 -0.8216
vn 0.1162 0.5580 -0.8217
vn 0.3564 -0.5219 -0.7750
vn -0.3464 0.6080 -0.7144
vn -0.3465 0.6081 -0.7143
vn -0.3465 0.6080 -0.7144
vn -0.0625 -0.6485 -0.7587
vn -0.0625 -0.6485 -0.7586
vn -0.0625 -0.6486 -0.7586
vn -0.0625 -0.6486 -0.7585
vn 0.4527 -0.6947 -0.5590
vn 0.4527 -0.6947 -0.5589
vn 0.1372 0.7734 -0.6190
vn 0.1372 0.7733 -0.6190
vn 0.1372 0.7734 -0.6188
vn 0.1372 0.7734 0.6188
vn 0.1372 0.7733 0.6190
vn 0.1372 0.7734 0.6189
vn 0.4527 -0.6947 0.5590
vn 0.4527 -0.6947 0.5589
vn -0.0625 -0.6486 0.7586
vn -0.0625 -0.6485 0.7586
vn -0.0625 -0.6485 0.7587
vn 0.1372 0.7735 0.6188
vn -0.3465 0.6080 0.7144
vn -0.3464 0.6080 0.7144
vn -0.3465 0.6081 0.7142
vn 0.1162 0.5580 0.8217
vn -0.0626 -0.6486 0.7585
vn -0.3465 0.6081 0.7143
vn 0.3564 -0.5219 0.7750
vn -0.1233 -0.5566 0.8216
vn -0.3508 0.5240 0.7761
vn 0.0711 0.6483 0.7581
vn 0.0710 0.6482 0.7582
vn 0.3393 -0.6097 0.7163
vn 0.3393 -0.6097 0.7164
vn 0.3394 -0.6098 0.7163
vn 0.3394 -0.6098 0.7162
vn -0.3504 -0.5365 0.7677
vn -0.3504 -0.5366 0.7677
vn -0.3504 -0.5364 0.7678
vn -0.3764 -0.4047 0.8334
vn -0.4037 -0.4278 0.8087
vn -0.3778 -0.4059 0.8322
vn -0.4046 -0.4286 0.8079
vn -0.4046 -0.4286 -0.8079
vn -0.4037 -0.4278 -0.8087
vn -0.3778 -0.4059 -0.8322
vn -0.3504 -0.5364 -0.7678
vn -0.3504 -0.5366 -0.7677
vn -0.3764 -0.4047 -0.8334
vn 0.0080 -0.0079 -0.9999
vn 0.0075 -0.0074 -0.9999
vn 0.5156 0.3355 -0.7884
vn 0.5157 0.3355 -0.7884
vn 0.5155 0.3354 -0.7885
vn 0.0084 -0.0083 -0.9999
vn 0.5155 0.3355 -0.7885
vn 0.5051 0.4449 -0.7395
vn 0.5051 0.4450 -0.7395
vn 0.0084 -0.0084 -0.9999
vn 0.0008 -0.0008 -1.0000
vn -0.3948 0.3918 -0.8310
vn -0.3949 0.3918 -0.8310
vn -0.3949 0.3919 -0.8310
vn -0.1016 0.9732 -0.2061
vn -0.1015 0.9732 -0.2061
vn -0.1014 0.9733 -0.2060
vn 0.7097 0.7045 -0.0000
vn 0.0437 0.9990 -0.0000
vn 0.5051 0.4450 0.7395
vn 0.5050 0.4450 0.7395
vn -0.1015 0.9732 0.2061
vn -0.1014 0.9733 0.2060
vn -0.1015 0.9733 0.2060
vn -0.3948 0.3918 0.8310
vn 0.0008 -0.0008 1.0000
vn -0.3949 0.3918 0.8310
vn 0.0084 -0.0084 0.9999
vn 0.0080 -0.0079 0.9999
vn 0.0084 -0.0083 0.9999
vn 0.5155 0.3355 0.7885
vn 0.5156 0.3355 0.7884
vn 0.5155 0.3354 0.7885
vn 0.0075 -0.0074 0.9999
vn -0.7098 0.7044 -0.0000
vn -0.6344 0.2801 -0.7205
vn -0.6344 0.2797 -0.7206
vn -0.6344 0.2798 -0.7205
vn -0.6344 0.2798 0.7205
vn -0.6344 0.2797 0.7206
vn -0.6344 0.2801 0.7205
vn -0.6344 0.2799 0.7205
vn -0.2885 -0.2924 0.9118
vn -0.2886 -0.2925 0.9117
vn -0.2886 -0.2925 -0.9117
vn -0.2885 -0.2924 -0.9118
vn 0.0993 -0.8790 0.4664
vn 0.6860 -0.6808 0.2569
vn 0.5960 -0.5914 0.5432
vn -0.0000 -0.0000 1.0000
vn -0.5514 -0.5474 0.6295
vn -0.6734 -0.6684 0.3158
vn 0.1075 -0.9523 0.2854
vn 0.1075 -0.9523 -0.2854
vn -0.6734 -0.6684 -0.3158
vn 0.0993 -0.8793 -0.4658
vn -0.8807 0.0979 0.4634
vn -0.9531 0.1059 0.2835
vn -0.9531 0.1059 -0.2835
vn -0.8805 0.0979 -0.4637
vn -0.5515 -0.5474 -0.6295
vn -0.0000 -0.0000 -1.0000
vn -0.5960 0.5915 -0.5432
vn -0.6860 0.6808 -0.2569
vn -0.5960 0.5914 0.5432
vn -0.0993 0.8791 0.4661
vn -0.6860 0.6808 0.2569
vn -0.1075 0.9523 0.2854
vn -0.0993 0.8791 -0.4661
vn -0.1075 0.9523 -0.2854
vn 0.5515 0.5474 -0.6295
vn 0.6734 0.6684 -0.3158
vn 0.8805 -0.0979 -0.4637
vn 0.9531 -0.1059 -0.2835
vn 0.9531 -0.1059 0.2835
vn 0.6734 0.6684 0.3158
vn 0.8805 -0.0979 0.4637
vn 0.5514 0.5474 0.6295
vn 0.5960 -0.5915 -0.5432
vn 0.6860 -0.6808 -0.2569
vn 0.0294 0.9011 0.4327
vn 0.0294 0.9010 0.4327
vn 0.0294 0.9010 0.4328
vn -0.7814 -0.1758 0.5987
vn -0.7814 -0.1758 0.5988
vn -0.7813 -0.1758 0.5988
vn -0.1579 -0.1945 0.9681
vn -0.1579 -0.1944 0.9681
vn -0.1642 -0.2280 0.9597
vn -0.1643 -0.2279 0.9597
vn 0.2297 0.1630 0.9595
vn 0.2296 0.1630 0.9595
vn 0.1959 0.1567 0.9680
vn 0.1778 0.7789 0.6014
vn 0.1778 0.7790 0.6014
vn 0.5547 0.4012 0.7289
vn 0.5583 0.4008 0.7264
vn 0.5634 0.3961 0.7250
vn 0.5651 0.3922 0.7259
vn 0.8225 0.5687 -0.0000
vn 0.8087 0.5882 -0.0000
vn 0.2168 0.9762 -0.0000
vn 0.1778 0.7790 -0.6013
vn 0.1778 0.7789 -0.6014
vn 0.1778 0.7790 -0.6014
vn 0.5548 0.4013 -0.7289
vn 0.5583 0.4009 -0.7263
vn 0.5548 0.4013 -0.7288
vn 0.1959 0.1567 -0.9680
vn 0.5634 0.3961 -0.7250
vn 0.2297 0.1630 -0.9595
vn 0.2296 0.1631 -0.9595
vn 0.2296 0.1630 -0.9595
vn -0.9023 -0.0292 -0.4302
vn -0.9023 -0.0291 -0.4301
vn 0.0294 0.9010 -0.4328
vn 0.0294 0.9010 -0.4327
vn -0.1642 -0.2280 -0.9597
vn -0.1579 -0.1945 -0.9681
vn -0.1579 -0.1944 -0.9681
vn -0.7813 -0.1758 -0.5988
vn -0.7814 -0.1758 -0.5988
vn -0.4046 -0.5513 -0.7296
vn -0.4042 -0.5548 -0.7271
vn -0.3995 -0.5599 -0.7259
vn -0.3956 -0.5616 -0.7267
vn -0.5744 -0.8186 -0.0000
vn -0.5938 -0.8046 -0.0000
vn -0.9769 -0.2139 -0.0000
vn -0.7814 -0.1758 -0.5987
vn 0.0673 0.9977 -0.0000
vn -0.9978 -0.0665 -0.0000
vn -0.9023 -0.0291 0.4301
vn -0.9023 -0.0292 0.4301
vn 0.1778 0.7790 0.6013
vn -0.7023 -0.7119 -0.0000
vn -0.7511 -0.6602 -0.0000
vn -0.5717 -0.5203 -0.6343
vn -0.5718 -0.5203 -0.6343
vn -0.5718 -0.5204 -0.6343
vn -0.3919 -0.7722 -0.5001
vn -0.3918 -0.7723 -0.5001
vn -0.3919 -0.7723 -0.5001
vn -0.4370 -0.8995 -0.0000
vn 0.9020 0.4318 -0.0000
vn 0.7754 0.3877 -0.4984
vn 0.5244 0.5678 -0.6345
vn 0.5243 0.5678 -0.6346
vn 0.6657 0.7462 -0.0000
vn 0.7170 0.6970 -0.0000
vn 0.4950 0.4812 0.7234
vn 0.4951 0.4813 0.7234
vn 0.5243 0.5678 0.6346
vn 0.5244 0.5678 0.6345
vn 0.1682 0.1773 0.9697
vn 0.7754 0.3877 0.4984
vn 0.1445 0.1434 0.9791
vn -0.1445 -0.1434 0.9791
vn -0.1786 -0.1669 0.9697
vn -0.1786 -0.1670 0.9696
vn -0.2085 -0.2091 0.9554
vn -0.4848 -0.4915 0.7235
vn -0.4849 -0.4915 0.7234
vn -0.5717 -0.5203 0.6343
vn -0.5718 -0.5203 0.6343
vn 0.2107 0.2069 0.9554
vn -0.5718 -0.5204 0.6343
vn -0.3919 -0.7722 0.5001
vn -0.3918 -0.7723 0.5001
vn 0.4951 0.4813 -0.7234
vn 0.4950 0.4812 -0.7234
vn 0.2107 0.2069 -0.9554
vn 0.1682 0.1773 -0.9697
vn -0.1786 -0.1670 -0.9696
vn -0.1786 -0.1669 -0.9697
vn -0.1445 -0.1434 -0.9791
vn 0.1445 0.1434 -0.9791
vn -0.1786 -0.1670 -0.9697
vn -0.2085 -0.2091 -0.9554
vn -0.4848 -0.4914 -0.7235
vn -0.4849 -0.4915 -0.7234
vn -0.4848 -0.4915 -0.7235
vn -0.5718 -0.5203 -0.6344
vn -0.4042 -0.5548 0.7271
vn -0.3956 -0.5616 0.7267
vn -0.3995 -0.5599 0.7259
vn -0.3955 -0.5616 0.7267
vn -0.4046 -0.5513 0.7296
vn -0.3955 -0.5616 -0.7267
vn 0.5651 0.3922 -0.7259
vn 0.5651 0.3922 0.7258
vn -0.9023 -0.0292 0.4302
vn 0.2718 0.8781 0.3938
vn 0.2718 0.8782 0.3937
vn -0.8800 -0.2685 0.3917
vn -0.8801 -0.2685 0.3916
vn -0.8801 -0.2685 0.3917
vn -0.8800 -0.2685 -0.3917
vn -0.8801 -0.2685 -0.3917
vn -0.8801 -0.2685 -0.3916
vn 0.2718 0.8782 -0.3936
vn 0.2718 0.8781 -0.3938
vn 0.0478 0.1256 -0.9909
vn 0.0477 0.1256 -0.9909
vn 0.0476 0.1255 -0.9909
vn -0.1265 -0.0473 -0.9908
vn -0.1265 -0.0474 -0.9908
vn 0.8376 0.3117 -0.4486
vn 0.8376 0.3117 -0.4487
vn 0.8377 0.3117 -0.4485
vn -0.3154 -0.8352 -0.4505
vn -0.3154 -0.8351 -0.4507
vn -0.1264 -0.0472 -0.9908
vn -0.6058 -0.1612 -0.7791
vn 0.1628 0.6028 -0.7811
vn -0.3228 -0.5402 -0.7772
vn 0.5434 0.3200 -0.7761
vn 0.0110 -0.4507 -0.8926
vn 0.4534 -0.0109 -0.8913
vn -0.0116 0.8530 -0.5218
vn -0.0116 0.8529 -0.5219
vn -0.8547 0.0114 -0.5190
vn -0.0231 -0.0316 -0.9992
vn -0.0231 -0.0315 -0.9992
vn -0.8108 -0.4775 -0.3385
vn 0.8989 -0.0280 -0.4372
vn 0.8275 0.4873 -0.2788
vn 0.0318 0.0229 -0.9992
vn 0.0318 0.0230 -0.9992
vn 0.0285 -0.8976 -0.4398
vn 0.8990 -0.0280 -0.4371
vn 0.0285 -0.8976 0.4398
vn 0.0284 -0.8976 0.4399
vn 0.8990 -0.0280 0.4371
vn 0.8989 -0.0280 0.4372
vn 0.0318 0.0230 0.9992
vn 0.0318 0.0229 0.9992
vn -0.0231 -0.0315 0.9992
vn -0.0231 -0.0316 0.9992
vn -0.0116 0.8529 0.5219
vn -0.8547 0.0114 0.5190
vn -0.0116 0.8530 0.5218
vn 0.0110 -0.4507 0.8926
vn 0.4534 -0.0109 0.8913
vn 0.1628 0.6028 0.7811
vn -0.6058 -0.1612 0.7791
vn -0.3228 -0.5402 0.7772
vn 0.5434 0.3200 0.7761
vn -0.8108 -0.4775 0.3385
vn -0.3154 -0.8352 0.4505
vn -0.3154 -0.8351 0.4507
vn -0.1265 -0.0473 0.9908
vn -0.1265 -0.0474 0.9908
vn -0.1264 -0.0473 0.9908
vn 0.0478 0.1256 0.9909
vn 0.0476 0.1255 0.9909
vn 0.0477 0.1256 0.9909
vn 0.8376 0.3117 0.4486
vn 0.8377 0.3117 0.4485
vn 0.8376 0.3118 0.4487
vn 0.4825 0.8074 0.3396
vn 0.8376 0.3117 0.4485
vn -0.4925 -0.8241 0.2797
vn 0.8275 0.4873 0.2788
vn 0.2718 0.8782 0.3936
vn -0.4925 -0.8241 -0.2797
vn 0.4825 0.8074 -0.3396
vn 0.1540 -0.0349 0.9874
vn 0.2473 0.0475 0.9678
vn 0.0514 0.1716 0.9838
vn 0.2487 0.2487 0.9361
vn 0.2487 0.2487 -0.9361
vn 0.1187 -0.2640 0.9572
vn 0.1187 -0.2640 -0.9572
vn 0.1540 -0.0349 -0.9874
vn 0.2473 0.0475 -0.9678
vn 0.0514 0.1716 -0.9838
vn -0.1591 0.0394 -0.9865
vn -0.0680 -0.1843 -0.9805
vn -0.0944 0.2506 -0.9635
vn -0.2476 -0.0466 -0.9678
vn -0.1540 0.0349 0.9874
vn -0.2476 -0.0466 0.9677
vn -0.0679 -0.1848 0.9804
vn -0.0944 0.2506 0.9635
vt 0.055065 0.988913
vt 0.025634 0.919219
vt 0.055180 0.978153
vt 0.086003 0.919547
vt 0.031811 0.919252
vt 0.055271 0.969676
vt 0.079821 0.919513
vt 0.035784 0.919274
vt 0.102262 0.825731
vt 0.082050 0.776312
vt 0.103003 0.776510
vt 0.075847 0.919492
vt 0.124007 0.776708
vt 0.103190 0.727284
vt 0.055818 0.860609
vt 0.055818 0.869086
vt 0.055820 0.849848
vt 0.196164 0.850357
vt 0.195957 0.861117
vt 0.164635 0.919470
vt 0.224999 0.920288
vt 0.218822 0.920205
vt 0.195793 0.869593
vt 0.170817 0.919554
vt 0.214850 0.920151
vt 0.213131 0.727793
vt 0.211913 0.777005
vt 0.232863 0.777406
vt 0.190911 0.776604
vt 0.174790 0.919608
vt 0.211249 0.826228
vt 0.194430 0.970174
vt 0.194364 0.978651
vt 0.194279 0.989412
vt 0.122062 0.851913
vt 0.121904 0.862673
vt 0.090851 0.921157
vt 0.151218 0.921723
vt 0.145041 0.921665
vt 0.121779 0.871149
vt 0.097033 0.921215
vt 0.141069 0.921628
vt 0.155013 0.729347
vt 0.154188 0.778567
vt 0.175140 0.778800
vt 0.133183 0.778332
vt 0.101006 0.921252
vt 0.153916 0.827792
vt 0.120837 0.971736
vt 0.120803 0.980213
vt 0.120759 0.990974
vt 0.116550 0.066333
vt 0.126995 0.030669
vt 0.119506 0.066527
vt 0.116483 0.118388
vt 0.113020 0.118333
vt 0.127441 0.023108
vt 0.124880 0.066819
vt 0.133166 0.067240
vt 0.129920 0.067092
vt 0.130626 0.118600
vt 0.122705 0.118481
vt 0.117427 0.702047
vt 0.117068 0.704554
vt 0.123562 0.704417
vt 0.110586 0.704496
vt 0.109413 0.701996
vt 0.125344 0.702046
vt 0.124259 0.704567
vt 0.126168 0.702066
vt 0.127328 0.702094
vt 0.131297 0.118608
vt 0.132239 0.118619
vt 0.117114 0.705653
vt 0.110350 0.705559
vt 0.123808 0.705466
vt 0.124674 0.705079
vt 0.105932 0.704622
vt 0.101158 0.701939
vt 0.476321 0.341966
vt 0.509261 0.296500
vt 0.510550 0.336038
vt 0.511827 0.375231
vt 0.472634 0.376508
vt 0.433096 0.377796
vt 0.454320 0.321353
vt 0.478562 0.410737
vt 0.457949 0.432738
vt 0.513104 0.414423
vt 0.514392 0.453961
vt 0.547333 0.408496
vt 0.569334 0.429109
vt 0.551020 0.373954
vt 0.590558 0.372665
vt 0.545092 0.339725
vt 0.565705 0.317724
vt 0.201468 0.414322
vt 0.213926 0.420033
vt 0.194055 0.428712
vt 0.181396 0.393660
vt 0.190429 0.391688
vt 0.206300 0.369852
vt 0.214149 0.402932
vt 0.214446 0.369935
vt 0.214682 0.304665
vt 0.203101 0.305230
vt 0.193767 0.369649
vt 0.222596 0.369949
vt 0.226259 0.305277
vt 0.235120 0.369872
vt 0.238103 0.392058
vt 0.226609 0.414590
vt 0.247119 0.394177
vt 0.244287 0.369756
vt 0.235123 0.304609
vt 0.249976 0.369131
vt 0.240799 0.304241
vt 0.252583 0.395451
vt 0.233662 0.429152
vt 0.184599 0.369455
vt 0.194239 0.304528
vt 0.178915 0.368795
vt 0.188575 0.304142
vt 0.175913 0.394854
vt 0.192070 0.431380
vt 0.213943 0.423869
vt 0.235493 0.431949
vt 0.189460 0.220538
vt 0.187229 0.103185
vt 0.184419 0.102795
vt 0.195146 0.220416
vt 0.197982 0.103894
vt 0.215556 0.050723
vt 0.215672 0.022410
vt 0.215684 0.019736
vt 0.243448 0.103350
vt 0.246262 0.102976
vt 0.232691 0.103996
vt 0.234669 0.220503
vt 0.240347 0.220649
vt 0.225790 0.220246
vt 0.215336 0.104132
vt 0.204027 0.220198
vt 0.214908 0.220347
vt 0.272783 0.992742
vt 0.272899 0.985007
vt 0.305482 0.928294
vt 0.242032 0.927342
vt 0.248826 0.926384
vt 0.272977 0.979810
vt 0.298721 0.927133
vt 0.250805 0.926122
vt 0.273067 0.973819
vt 0.296750 0.926812
vt 0.255294 0.925727
vt 0.276845 0.825654
vt 0.276845 0.759832
vt 0.252237 0.764509
vt 0.301451 0.764509
vt 0.292275 0.926282
vt 0.262677 0.713307
vt 0.291012 0.713307
vt 0.276845 0.696405
vt 0.264655 0.886455
vt 0.274558 0.874470
vt 0.261443 0.881639
vt 0.274656 0.867950
vt 0.287452 0.882029
vt 0.284097 0.886747
vt 0.288522 0.878137
vt 0.293554 0.871368
vt 0.274731 0.862962
vt 0.260490 0.877716
vt 0.255664 0.870799
vt 0.274870 0.853688
vt 0.641836 0.917401
vt 0.669291 0.944857
vt 0.438831 0.917401
vt 0.411375 0.944857
vt 0.669291 0.686940
vt 0.438831 0.714396
vt 0.641836 0.714396
vt 0.411375 0.686940
s 1
usemtl initialShadingGroup.014
f 1615/824/2433 1616/825/2434 1619/826/2433
f 1615/824/2435 1617/826/2435 1616/825/2436
f 1618/827/2437 1617/826/2438 1615/824/2438
f 1615/824/2439 1619/826/2439 1618/827/2440
f 1619/826/2433 1616/825/2434 1620/828/2434
f 1619/826/2441 1620/828/2442 1622/829/2443
f 1618/827/2440 1619/826/2439 1621/830/2440
f 1619/826/2444 1622/829/2444 1621/830/2445
f 1622/829/2443 1620/828/2442 1623/831/2446
f 1622/832/2447 1623/833/2447 1625/834/2447
f 1621/830/2445 1622/829/2444 1624/835/2448
f 1624/836/2449 1622/832/2449 1625/834/2449
f 1623/833/2450 1626/837/2450 1625/834/2450
f 1626/837/2451 1624/836/2451 1625/834/2451
f 1627/838/2452 1621/830/2453 1626/839/2452
f 1627/838/2454 1626/839/2455 1620/828/2456
f 1620/828/2456 1626/839/2455 1623/831/2456
f 1626/839/2452 1621/830/2453 1624/835/2457
f 1628/840/2458 1618/827/2459 1627/838/2458
f 1628/840/2460 1627/838/2461 1616/825/2462
f 1616/825/2462 1627/838/2461 1620/828/2462
f 1627/838/2458 1618/827/2459 1621/830/2459
f 1616/825/2463 1629/838/2464 1628/840/2465
f 1628/840/2466 1629/838/2466 1618/827/2467
f 1630/828/2468 1632/839/2469 1629/838/2469
f 1630/828/2463 1629/838/2464 1616/825/2463
f 1618/827/2467 1629/838/2466 1631/830/2470
f 1629/838/2471 1632/839/2471 1631/830/2472
f 1633/833/2473 1635/834/2473 1632/837/2473
f 1633/831/2468 1632/839/2469 1630/828/2468
f 1631/830/2472 1632/839/2471 1634/835/2474
f 1632/837/2475 1635/834/2475 1634/836/2475
f 1634/836/2476 1635/834/2476 1636/832/2476
f 1636/832/2477 1635/834/2477 1633/833/2477
f 1631/830/2478 1636/829/2479 1617/826/2479
f 1617/826/2480 1636/829/2481 1630/828/2482
f 1630/828/2482 1636/829/2481 1633/831/2482
f 1634/835/2478 1636/829/2479 1631/830/2478
f 1631/830/2437 1617/826/2438 1618/827/2437
f 1616/825/2436 1617/826/2435 1630/828/2436
f 1637/841/2483 1638/842/2483 1640/843/2484
f 1637/841/2485 1639/844/2485 1638/842/2485
f 1637/841/2486 1641/842/2486 1639/844/2487
f 1640/843/2488 1641/842/2489 1637/841/2490
f 1639/844/2487 1641/842/2486 1642/845/2487
f 1641/842/2491 1644/846/2491 1642/845/2492
f 1643/847/2493 1644/846/2494 1641/842/2494
f 1643/847/2488 1641/842/2489 1640/843/2488
f 1642/845/2492 1644/846/2491 1645/848/2492
f 1644/849/2495 1647/850/2495 1645/851/2495
f 1646/852/2496 1647/850/2496 1644/849/2496
f 1646/853/2493 1644/846/2494 1643/847/2493
f 1645/851/2497 1647/850/2497 1648/854/2497
f 1648/854/2498 1647/850/2498 1646/852/2498
f 1645/848/2499 1648/855/2500 1642/845/2501
f 1642/845/2501 1648/855/2500 1649/856/2500
f 1649/856/2502 1648/855/2502 1643/847/2503
f 1643/847/2503 1648/855/2502 1646/853/2504
f 1642/845/2505 1649/856/2506 1639/844/2505
f 1639/844/2505 1649/856/2506 1650/857/2506
f 1650/857/2507 1649/856/2507 1640/843/2508
f 1640/843/2508 1649/856/2507 1643/847/2509
f 1650/857/2510 1651/856/2511 1639/844/2512
f 1650/857/2513 1640/843/2514 1651/856/2513
f 1639/844/2512 1651/856/2511 1652/845/2512
f 1651/856/2515 1654/855/2515 1652/845/2516
f 1651/856/2513 1640/843/2514 1653/847/2517
f 1651/856/2518 1653/847/2519 1654/855/2518
f 1652/845/2516 1654/855/2515 1655/848/2520
f 1655/851/2521 1654/854/2521 1657/850/2521
f 1654/855/2518 1653/847/2519 1656/853/2522
f 1654/854/2523 1656/852/2523 1657/850/2523
f 1656/852/2524 1658/849/2524 1657/850/2524
f 1658/849/2525 1655/851/2525 1657/850/2525
f 1638/842/2526 1658/846/2526 1653/847/2527
f 1638/842/2528 1652/845/2529 1658/846/2530
f 1658/846/2530 1652/845/2529 1655/848/2529
f 1653/847/2527 1658/846/2526 1656/853/2527
f 1640/843/2484 1638/842/2483 1653/847/2484
f 1638/842/2531 1639/844/2531 1652/845/2531
f 1659/824/2466 1660/826/2532 1662/827/2470
f 1659/824/2465 1661/825/2463 1660/826/2464
f 1659/824/2460 1663/826/2461 1661/825/2462
f 1662/827/2459 1663/826/2533 1659/824/2458
f 1661/825/2462 1663/826/2461 1664/828/2462
f 1663/826/2454 1666/829/2534 1664/828/2456
f 1665/830/2457 1666/829/2535 1663/826/2452
f 1665/830/2459 1663/826/2533 1662/827/2459
f 1664/828/2456 1666/829/2534 1667/831/2536
f 1666/832/2450 1669/834/2450 1667/833/2450
f 1668/836/2451 1669/834/2451 1666/832/2451
f 1668/835/2537 1666/829/2535 1665/830/2457
f 1667/833/2447 1669/834/2447 1670/837/2447
f 1670/837/2449 1669/834/2449 1668/836/2449
f 1667/831/2442 1670/839/2441 1664/828/2446
f 1664/828/2446 1670/839/2441 1671/838/2441
f 1671/838/2444 1670/839/2444 1665/830/2445
f 1665/830/2445 1670/839/2444 1668/835/2448
f 1664/828/2434 1671/838/2433 1661/825/2434
f 1661/825/2434 1671/838/2433 1672/840/2433
f 1672/840/2439 1671/838/2439 1662/827/2440
f 1662/827/2440 1671/838/2439 1665/830/2440
f 1672/840/2435 1673/838/2435 1661/825/2436
f 1672/840/2438 1662/827/2437 1673/838/2438
f 1661/825/2436 1673/838/2435 1674/828/2436
f 1673/838/2481 1676/839/2480 1674/828/2482
f 1673/838/2438 1662/827/2437 1675/830/2437
f 1673/838/2479 1675/830/2538 1676/839/2479
f 1674/828/2482 1676/839/2480 1677/831/2539
f 1677/833/2477 1676/837/2477 1679/834/2477
f 1676/839/2479 1675/830/2538 1678/835/2538
f 1676/837/2476 1678/836/2476 1679/834/2476
f 1678/836/2475 1680/832/2475 1679/834/2475
f 1680/832/2473 1677/833/2473 1679/834/2473
f 1660/826/2471 1680/829/2540 1675/830/2541
f 1660/826/2469 1674/828/2542 1680/829/2543
f 1680/829/2543 1674/828/2542 1677/831/2468
f 1675/830/2541 1680/829/2540 1678/835/2474
f 1662/827/2470 1660/826/2532 1675/830/2470
f 1660/826/2464 1661/825/2463 1674/828/2463
f 1681/858/2544 1682/859/2544 1684/860/2545
f 1681/858/2546 1683/861/2547 1682/859/2546
f 1681/858/2548 1685/859/2548 1683/861/2549
f 1684/860/2550 1685/859/2551 1681/858/2552
f 1683/861/2549 1685/859/2548 1686/862/2549
f 1685/859/2553 1688/863/2553 1686/862/2554
f 1687/864/2555 1688/863/2556 1685/859/2556
f 1687/864/2550 1685/859/2551 1684/860/2550
f 1686/862/2554 1688/863/2553 1689/865/2554
f 1688/866/2557 1691/867/2557 1689/868/2557
f 1690/869/2558 1691/867/2558 1688/866/2558
f 1690/870/2555 1688/863/2556 1687/864/2555
f 1689/868/2559 1691/867/2559 1692/871/2559
f 1692/871/2560 1691/867/2560 1690/869/2560
f 1689/865/2561 1692/872/2562 1686/862/2561
f 1686/862/2561 1692/872/2562 1693/873/2562
f 1693/873/2563 1692/872/2563 1687/864/2564
f 1687/864/2564 1692/872/2563 1690/870/2564
f 1686/862/2565 1693/873/2566 1683/861/2565
f 1683/861/2565 1693/873/2566 1694/874/2567
f 1694/874/2568 1693/873/2569 1684/860/2570
f 1684/860/2570 1693/873/2569 1687/864/2570
f 1694/874/2571 1695/873/2572 1683/861/2573
f 1694/874/2574 1684/860/2575 1695/873/2576
f 1683/861/2573 1695/873/2572 1696/862/2573
f 1695/873/2577 1698/872/2577 1696/862/2578
f 1695/873/2576 1684/860/2575 1697/864/2575
f 1695/873/2579 1697/864/2580 1698/872/2581
f 1696/862/2578 1698/872/2577 1699/865/2578
f 1699/868/2582 1698/871/2582 1701/867/2582
f 1698/872/2581 1697/864/2580 1700/870/2580
f 1698/871/2583 1700/869/2583 1701/867/2583
f 1700/869/2584 1702/866/2584 1701/867/2584
f 1702/866/2585 1699/868/2585 1701/867/2585
f 1682/859/2586 1702/863/2586 1697/864/2587
f 1682/859/2588 1696/862/2589 1702/863/2588
f 1702/863/2588 1696/862/2589 1699/865/2590
f 1697/864/2587 1702/863/2586 1700/870/2587
f 1684/860/2545 1682/859/2544 1697/864/2545
f 1682/859/2546 1683/861/2547 1696/862/2547
f 1703/841/2591 1704/844/2592 1707/842/2593
f 1703/841/2594 1705/842/2595 1704/844/2596
f 1706/843/2597 1705/842/2598 1703/841/2599
f 1703/841/2600 1707/842/2600 1706/843/2601
f 1707/842/2593 1704/844/2592 1708/845/2592
f 1707/842/2602 1708/845/2603 1710/846/2604
f 1706/843/2601 1707/842/2600 1709/847/2601
f 1707/842/2605 1710/846/2605 1709/847/2606
f 1710/846/2604 1708/845/2603 1711/848/2603
f 1710/849/2607 1711/851/2607 1713/850/2607
f 1709/847/2606 1710/846/2605 1712/853/2606
f 1712/852/2608 1710/849/2608 1713/850/2608
f 1711/851/2609 1714/854/2609 1713/850/2609
f 1714/854/2610 1712/852/2610 1713/850/2610
f 1715/856/2611 1709/847/2612 1714/855/2611
f 1715/856/2613 1714/855/2613 1708/845/2614
f 1708/845/2614 1714/855/2613 1711/848/2614
f 1714/855/2611 1709/847/2612 1712/853/2612
f 1716/857/2615 1706/843/2616 1715/856/2615
f 1716/857/2617 1715/856/2618 1704/844/2619
f 1704/844/2619 1715/856/2618 1708/845/2620
f 1715/856/2615 1706/843/2616 1709/847/2621
f 1704/844/2622 1717/856/2623 1716/857/2623
f 1716/857/2624 1717/856/2624 1706/843/2625
f 1718/845/2626 1720/855/2627 1717/856/2627
f 1718/845/2622 1717/856/2623 1704/844/2622
f 1706/843/2625 1717/856/2624 1719/847/2628
f 1717/856/2629 1720/855/2629 1719/847/2630
f 1721/851/2631 1723/850/2631 1720/854/2631
f 1721/848/2626 1720/855/2627 1718/845/2626
f 1719/847/2630 1720/855/2629 1722/853/2630
f 1720/854/2632 1723/850/2632 1722/852/2632
f 1722/852/2633 1723/850/2633 1724/849/2633
f 1724/849/2634 1723/850/2634 1721/851/2634
f 1719/847/2635 1724/846/2636 1705/842/2636
f 1705/842/2637 1724/846/2638 1718/845/2639
f 1718/845/2639 1724/846/2638 1721/848/2639
f 1722/853/2635 1724/846/2636 1719/847/2635
f 1719/847/2597 1705/842/2598 1706/843/2597
f 1704/844/2596 1705/842/2595 1718/845/2640
f 1725/858/2641 1726/861/2642 1729/859/2643
f 1725/858/2644 1727/859/2645 1726/861/2646
f 1728/860/2647 1727/859/2648 1725/858/2649
f 1725/858/2650 1729/859/2650 1728/860/2651
f 1729/859/2643 1726/861/2642 1730/862/2642
f 1729/859/2652 1730/862/2653 1732/863/2654
f 1728/860/2651 1729/859/2650 1731/864/2655
f 1729/859/2656 1732/863/2656 1731/864/2657
f 1732/863/2654 1730/862/2653 1733/865/2658
f 1732/866/2659 1733/868/2659 1735/867/2659
f 1731/864/2657 1732/863/2656 1734/870/2657
f 1734/869/2660 1732/866/2660 1735/867/2660
f 1733/868/2661 1736/871/2661 1735/867/2661
f 1736/871/2662 1734/869/2662 1735/867/2662
f 1737/873/2663 1731/864/2664 1736/872/2665
f 1737/873/2666 1736/872/2667 1730/862/2668
f 1730/862/2668 1736/872/2667 1733/865/2669
f 1736/872/2665 1731/864/2664 1734/870/2664
f 1738/874/2670 1728/860/2671 1737/873/2670
f 1738/874/2672 1737/873/2673 1726/861/2674
f 1726/861/2674 1737/873/2673 1730/862/2674
f 1737/873/2670 1728/860/2671 1731/864/2671
f 1726/861/2675 1739/873/2676 1738/874/2677
f 1738/874/2678 1739/873/2678 1728/860/2679
f 1740/862/2680 1742/872/2681 1739/873/2682
f 1740/862/2683 1739/873/2676 1726/861/2675
f 1728/860/2679 1739/873/2678 1741/864/2679
f 1739/873/2684 1742/872/2685 1741/864/2686
f 1743/868/2687 1745/867/2687 1742/871/2687
f 1743/865/2688 1742/872/2681 1740/862/2680
f 1741/864/2686 1742/872/2685 1744/870/2689
f 1742/871/2690 1745/867/2690 1744/869/2690
f 1744/869/2691 1745/867/2691 1746/866/2691
f 1746/866/2692 1745/867/2692 1743/868/2692
f 1741/864/2693 1746/863/2694 1727/859/2694
f 1727/859/2695 1746/863/2696 1740/862/2697
f 1740/862/2697 1746/863/2696 1743/865/2698
f 1744/870/2693 1746/863/2694 1741/864/2693
f 1741/864/2647 1727/859/2648 1728/860/2647
f 1726/861/2646 1727/859/2645 1740/862/2646
f 1747/875/2699 1752/876/2700 1748/877/2701
f 1748/877/2702 1749/878/2703 1747/875/2704
f 1747/875/2704 1749/878/2703 1750/879/2705
f 1750/879/2706 1753/878/2707 1747/875/2708
f 1747/875/2709 1755/876/2710 1751/880/2710
f 1751/880/2699 1752/876/2700 1747/875/2699
f 1747/875/2708 1753/878/2707 1754/877/2711
f 1754/877/2709 1755/876/2710 1747/875/2709
f 1754/877/2712 1756/881/2712 1755/876/2713
f 1751/880/2714 1755/876/2715 1757/882/2716
f 1758/883/2717 1755/876/2713 1756/881/2712
f 1757/882/2716 1755/876/2715 1758/883/2718
f 1759/884/2719 1757/882/2720 1758/883/2720
f 1760/885/2721 1758/883/2717 1756/881/2712
f 1759/884/2722 1758/883/2717 1760/885/2721
f 1756/881/2712 1754/877/2712 1760/885/2721
f 1760/885/2721 1754/877/2712 1753/878/2722
f 1753/878/2722 1761/886/2722 1760/885/2721
f 1761/886/2722 1759/884/2722 1760/885/2721
f 1762/887/2723 1765/888/2723 1761/886/2723
f 1762/887/2723 1761/886/2723 1763/889/2724
f 1763/889/2724 1761/886/2723 1764/890/2725
f 1764/890/2722 1761/886/2722 1753/878/2722
f 1761/886/2723 1765/888/2723 1766/891/2723
f 1766/891/2722 1759/884/2722 1761/886/2722
f 1765/888/2726 1767/892/2727 1766/891/2728
f 1766/891/2728 1767/892/2727 1768/893/2728
f 1766/891/2729 1768/893/2729 1759/884/2729
f 1767/892/2730 1769/894/2730 1768/893/2730
f 1768/893/2729 1769/894/2729 1770/895/2729
f 1759/884/2729 1768/893/2729 1770/895/2729
f 1770/895/2720 1757/882/2720 1759/884/2719
f 1771/896/2729 1757/882/2729 1770/895/2729
f 1770/895/2729 1769/894/2729 1771/896/2729
f 1771/896/2729 1772/895/2729 1757/882/2729
f 1769/894/2729 1772/895/2729 1771/896/2729
f 1772/895/2731 1773/884/2732 1757/882/2731
f 1774/893/2729 1773/884/2729 1772/895/2729
f 1774/893/2729 1772/895/2729 1769/894/2729
f 1774/893/2730 1769/894/2730 1775/892/2730
f 1775/892/2733 1776/891/2734 1774/893/2735
f 1776/891/2729 1773/884/2729 1774/893/2729
f 1777/888/2733 1776/891/2734 1775/892/2733
f 1777/888/2736 1778/886/2736 1776/891/2736
f 1776/891/2737 1778/886/2737 1773/884/2737
f 1779/890/2737 1749/878/2737 1778/886/2737
f 1779/890/2738 1778/886/2736 1780/889/2738
f 1780/889/2738 1778/886/2736 1781/887/2736
f 1781/887/2736 1778/886/2736 1777/888/2736
f 1778/886/2737 1749/878/2737 1782/885/2739
f 1773/884/2737 1778/886/2737 1782/885/2739
f 1749/878/2737 1748/877/2740 1782/885/2739
f 1782/885/2739 1748/877/2740 1783/881/2740
f 1784/883/2741 1782/885/2739 1783/881/2740
f 1773/884/2737 1782/885/2739 1784/883/2741
f 1757/882/2731 1773/884/2732 1784/883/2731
f 1784/883/2742 1752/876/2743 1757/882/2744
f 1784/883/2741 1783/881/2740 1752/876/2745
f 1748/877/2740 1752/876/2745 1783/881/2740
f 1781/887/2746 1785/897/2746 1780/889/2746
f 1777/888/2746 1785/897/2746 1781/887/2746
f 1780/889/2746 1785/897/2746 1786/898/2746
f 1786/898/2746 1785/897/2746 1763/889/2746
f 1787/899/2746 1765/888/2746 1785/897/2746
f 1787/899/2746 1785/897/2746 1777/888/2746
f 1763/889/2746 1785/897/2746 1762/887/2746
f 1785/897/2746 1765/888/2746 1762/887/2746
f 1788/900/2746 1767/892/2746 1787/899/2746
f 1788/900/2746 1787/899/2746 1775/892/2746
f 1775/892/2746 1787/899/2746 1777/888/2746
f 1787/899/2746 1767/892/2746 1765/888/2746
f 1775/892/2730 1769/894/2730 1788/900/2730
f 1788/900/2730 1769/894/2730 1767/892/2730
f 1780/889/2746 1786/898/2746 1789/901/2746
f 1763/889/2746 1789/901/2746 1786/898/2746
f 1789/901/2747 1764/890/2748 1790/902/2749
f 1790/902/2750 1779/890/2751 1789/901/2752
f 1789/901/2752 1779/890/2751 1780/889/2753
f 1763/889/2749 1764/890/2748 1789/901/2747
f 1790/902/2754 1749/878/2755 1779/890/2754
f 1750/879/2756 1790/902/2757 1753/878/2756
f 1750/879/2755 1749/878/2755 1790/902/2754
f 1753/878/2756 1790/902/2757 1764/890/2757
f 1757/882/2744 1752/876/2743 1751/880/2743
f 1791/903/2758 1796/904/2759 1792/905/2760
f 1792/905/2760 1793/906/2761 1791/903/2758
f 1791/903/2758 1793/906/2761 1794/907/2762
f 1797/908/2763 1791/903/2758 1794/907/2762
f 1795/909/2764 1791/903/2758 1797/908/2763
f 1795/909/2764 1796/904/2759 1791/903/2758
f 1795/909/2765 1797/908/2766 1800/903/2767
f 1794/907/2762 1798/910/2768 1797/908/2763
f 1797/908/2763 1798/910/2768 1799/911/2769
f 1799/911/2770 1802/910/2771 1797/908/2766
f 1800/903/2767 1797/908/2766 1801/907/2772
f 1797/908/2766 1802/910/2771 1801/907/2772
f 1801/907/2772 1802/910/2771 1803/906/2773
f 1803/906/2773 1802/910/2771 1804/912/2774
f 1802/910/2771 1805/913/2775 1804/912/2774
f 1799/911/2770 1805/913/2775 1802/910/2771
f 1806/912/2776 1807/914/2777 1805/913/2778
f 1806/912/2776 1805/913/2778 1798/910/2768
f 1798/910/2768 1805/913/2778 1799/911/2769
f 1805/913/2778 1807/914/2777 1808/915/2779
f 1809/914/2780 1805/913/2775 1808/915/2781
f 1804/912/2774 1805/913/2775 1809/914/2780
f 1804/912/2774 1809/914/2780 1803/906/2773
f 1803/906/2773 1809/914/2780 1810/916/2782
f 1810/916/2782 1809/914/2780 1811/917/2783
f 1811/917/2783 1809/914/2780 1808/915/2781
f 1815/918/2784 1811/917/2783 1812/919/2785
f 1812/919/2786 1811/917/2787 1813/918/2788
f 1813/918/2788 1811/917/2787 1814/916/2789
f 1814/916/2789 1811/917/2787 1807/914/2777
f 1807/914/2777 1811/917/2787 1808/915/2779
f 1810/916/2782 1811/917/2783 1815/918/2784
f 1816/905/2790 1815/918/2784 1796/904/2791
f 1816/905/2790 1803/906/2773 1815/918/2784
f 1815/918/2784 1803/906/2773 1810/916/2782
f 1796/904/2791 1815/918/2784 1812/919/2785
f 1796/904/2791 1800/903/2767 1816/905/2790
f 1800/903/2767 1803/906/2773 1816/905/2790
f 1814/916/2789 1807/914/2777 1793/906/2761
f 1793/906/2761 1813/918/2788 1814/916/2789
f 1796/904/2759 1813/918/2788 1792/905/2760
f 1792/905/2760 1813/918/2788 1793/906/2761
f 1812/919/2786 1813/918/2788 1796/904/2759
f 1793/906/2761 1807/914/2777 1806/912/2776
f 1798/910/2768 1793/906/2761 1806/912/2776
f 1801/907/2772 1803/906/2773 1800/903/2767
f 1795/909/2765 1800/903/2767 1796/904/2791
f 1794/907/2762 1793/906/2761 1798/910/2768
f 1817/920/2792 1822/921/2793 1818/922/2794
f 1818/922/2795 1819/923/2796 1817/920/2796
f 1817/920/2796 1819/923/2796 1820/924/2797
f 1820/924/2798 1823/925/2799 1817/920/2798
f 1817/920/2761 1823/925/2761 1821/926/2761
f 1821/926/2794 1822/921/2793 1817/920/2792
f 1827/927/2761 1823/925/2761 1824/928/2761
f 1824/928/2800 1823/925/2800 1825/929/2801
f 1825/929/2801 1823/925/2800 1826/930/2800
f 1826/930/2798 1823/925/2799 1820/924/2798
f 1821/926/2761 1823/925/2761 1827/927/2761
f 1827/927/2761 1824/928/2761 1828/931/2761
f 1827/927/2761 1828/931/2761 1821/926/2761
f 1824/928/2802 1829/932/2802 1828/931/2802
f 1828/931/2802 1829/932/2802 1830/933/2803
f 1830/933/2804 1832/934/2804 1828/931/2804
f 1821/926/2761 1828/931/2761 1831/935/2761
f 1828/931/2804 1832/934/2804 1831/935/2804
f 1832/934/2805 1833/936/2805 1831/935/2806
f 1832/934/2807 1834/937/2808 1833/936/2807
f 1830/933/2809 1834/937/2808 1832/934/2807
f 1830/933/2809 1835/938/2810 1834/937/2808
f 1834/937/2811 1835/938/2811 1836/939/2811
f 1836/939/2812 1833/936/2812 1834/937/2812
f 1836/939/2811 1835/938/2811 1837/940/2811
f 1840/938/2811 1836/939/2811 1837/940/2811
f 1838/941/2812 1836/939/2812 1841/936/2812
f 1838/941/2812 1833/936/2812 1836/939/2812
f 1841/936/2812 1836/939/2812 1839/937/2812
f 1839/937/2811 1836/939/2811 1840/938/2811
f 1842/942/2813 1838/941/2813 1841/936/2813
f 1842/942/2814 1841/936/2815 1843/935/2816
f 1843/935/2816 1841/936/2815 1844/934/2815
f 1841/936/2817 1839/937/2818 1844/934/2819
f 1844/934/2820 1846/931/2820 1843/935/2820
f 1844/934/2819 1839/937/2818 1845/933/2821
f 1845/933/2820 1846/931/2820 1844/934/2820
f 1849/927/2773 1846/931/2773 1847/928/2773
f 1847/928/2822 1846/931/2822 1848/932/2823
f 1848/932/2823 1846/931/2822 1845/933/2824
f 1850/926/2773 1846/931/2773 1849/927/2773
f 1843/935/2773 1846/931/2773 1850/926/2773
f 1850/926/2825 1851/921/2825 1843/935/2826
f 1850/926/2827 1852/920/2828 1851/921/2828
f 1850/926/2773 1853/925/2773 1852/920/2773
f 1849/927/2773 1853/925/2773 1850/926/2773
f 1849/927/2773 1847/928/2773 1853/925/2773
f 1847/928/2829 1854/929/2829 1853/925/2829
f 1853/925/2829 1854/929/2829 1855/930/2829
f 1855/930/2830 1856/924/2830 1853/925/2831
f 1853/925/2831 1856/924/2830 1852/920/2830
f 1856/924/2832 1857/923/2832 1852/920/2833
f 1856/924/2834 1858/943/2835 1857/923/2834
f 1855/930/2836 1858/943/2835 1856/924/2834
f 1855/930/2836 1859/944/2837 1858/943/2835
f 1858/943/2838 1859/944/2838 1860/945/2838
f 1860/945/2839 1857/923/2839 1858/943/2839
f 1819/923/2839 1860/945/2839 1861/943/2839
f 1861/943/2838 1860/945/2838 1862/944/2838
f 1862/944/2838 1860/945/2838 1863/946/2838
f 1860/945/2838 1859/944/2838 1863/946/2838
f 1864/947/2839 1857/923/2839 1860/945/2839
f 1864/947/2839 1860/945/2839 1819/923/2839
f 1818/922/2840 1864/947/2840 1819/923/2840
f 1866/922/2840 1864/947/2840 1865/948/2840
f 1865/948/2840 1864/947/2840 1818/922/2840
f 1857/923/2840 1864/947/2840 1866/922/2840
f 1851/921/2828 1852/920/2828 1866/922/2827
f 1852/920/2833 1857/923/2832 1866/922/2841
f 1865/948/2842 1851/921/2842 1866/922/2842
f 1822/921/2842 1865/948/2842 1818/922/2842
f 1867/949/2842 1851/921/2842 1865/948/2842
f 1867/949/2842 1865/948/2842 1822/921/2842
f 1867/949/2843 1822/921/2843 1868/950/2843
f 1867/949/2843 1868/950/2843 1851/921/2843
f 1868/950/2843 1822/921/2843 1869/942/2843
f 1869/942/2813 1838/941/2813 1868/950/2813
f 1868/950/2813 1838/941/2813 1842/942/2813
f 1851/921/2843 1868/950/2843 1842/942/2843
f 1822/921/2844 1831/935/2844 1869/942/2845
f 1831/935/2806 1833/936/2805 1869/942/2846
f 1833/936/2813 1838/941/2813 1869/942/2813
f 1863/946/2847 1870/951/2847 1862/944/2847
f 1863/946/2847 1859/944/2847 1870/951/2847
f 1870/951/2848 1875/952/2848 1871/953/2848
f 1871/953/2848 1872/952/2848 1870/951/2848
f 1870/951/2848 1872/952/2848 1873/954/2848
f 1862/944/2847 1870/951/2847 1873/954/2847
f 1870/951/2847 1859/944/2847 1874/954/2847
f 1874/954/2848 1875/952/2848 1870/951/2848
f 1874/954/2849 1876/955/2850 1875/952/2851
f 1876/955/2852 1877/956/2853 1875/952/2853
f 1875/952/2853 1877/956/2853 1878/957/2854
f 1879/958/2855 1875/952/2855 1878/957/2855
f 1871/953/2855 1875/952/2855 1879/958/2855
f 1871/953/2855 1879/958/2855 1872/952/2855
f 1872/952/2855 1879/958/2855 1880/957/2855
f 1879/958/2856 1882/959/2856 1880/957/2856
f 1881/960/2856 1879/958/2856 1883/959/2856
f 1881/960/2856 1882/959/2856 1879/958/2856
f 1883/959/2856 1879/958/2856 1878/957/2856
f 1884/961/2857 1883/959/2857 1877/956/2857
f 1884/961/2858 1885/962/2859 1883/959/2858
f 1886/963/2860 1883/959/2860 1885/962/2860
f 1877/956/2857 1883/959/2857 1878/957/2857
f 1881/960/2860 1883/959/2860 1886/963/2860
f 1886/963/2861 1835/938/2861 1887/962/2861
f 1887/962/2860 1882/959/2860 1886/963/2860
f 1886/963/2860 1882/959/2860 1881/960/2860
f 1837/940/2861 1886/963/2861 1840/938/2861
f 1837/940/2861 1835/938/2861 1886/963/2861
f 1840/938/2861 1886/963/2861 1885/962/2861
f 1835/938/2862 1888/964/2863 1887/962/2863
f 1888/964/2864 1889/961/2865 1887/962/2864
f 1887/962/2864 1889/961/2865 1882/959/2865
f 1889/961/2866 1888/964/2866 1891/965/2866
f 1889/961/2867 1890/956/2867 1882/959/2867
f 1891/965/2868 1890/956/2868 1889/961/2868
f 1891/965/2869 1892/955/2869 1890/956/2869
f 1891/965/2870 1894/966/2871 1892/955/2870
f 1891/965/2866 1888/964/2866 1893/967/2866
f 1893/967/2870 1894/966/2871 1891/965/2870
f 1894/966/2872 1824/928/2872 1825/929/2872
f 1825/929/2873 1862/944/2873 1894/966/2874
f 1894/966/2874 1862/944/2873 1873/954/2874
f 1894/966/2875 1873/954/2875 1892/955/2876
f 1893/967/2872 1824/928/2872 1894/966/2872
f 1893/967/2877 1888/964/2877 1824/928/2877
f 1892/955/2876 1873/954/2875 1872/952/2878
f 1892/955/2879 1872/952/2880 1890/956/2880
f 1890/956/2880 1872/952/2880 1880/957/2880
f 1882/959/2867 1890/956/2867 1880/957/2867
f 1824/928/2877 1888/964/2877 1829/932/2877
f 1829/932/2862 1888/964/2863 1835/938/2862
f 1895/964/2859 1885/962/2859 1884/961/2858
f 1895/964/2881 1840/938/2882 1885/962/2881
f 1895/964/2883 1847/928/2883 1848/932/2883
f 1848/932/2882 1840/938/2882 1895/964/2881
f 1897/965/2884 1895/964/2884 1884/961/2884
f 1896/967/2884 1895/964/2884 1897/965/2884
f 1896/967/2883 1847/928/2883 1895/964/2883
f 1876/955/2885 1898/966/2885 1897/965/2886
f 1897/965/2887 1877/956/2887 1876/955/2887
f 1897/965/2888 1884/961/2888 1877/956/2888
f 1897/965/2886 1898/966/2885 1896/967/2889
f 1847/928/2890 1898/966/2890 1854/929/2890
f 1854/929/2891 1898/966/2892 1859/944/2893
f 1859/944/2893 1898/966/2892 1874/954/2892
f 1898/966/2894 1876/955/2850 1874/954/2849
f 1896/967/2890 1898/966/2890 1847/928/2890
f 1861/943/2895 1862/944/2896 1826/930/2897
f 1826/930/2897 1862/944/2896 1825/929/2898
f 1820/924/2899 1861/943/2895 1826/930/2897
f 1819/923/2899 1861/943/2895 1820/924/2899
f 1854/929/2900 1859/944/2837 1855/930/2836
f 1843/935/2826 1851/921/2825 1842/942/2825
f 1845/933/2821 1840/938/2901 1848/932/2901
f 1839/937/2818 1840/938/2901 1845/933/2821
f 1829/932/2902 1835/938/2810 1830/933/2809
f 1821/926/2903 1831/935/2844 1822/921/2844
f 1899/968/2904 1900/969/2904 1902/970/2905
f 1899/968/2906 1901/971/2907 1900/969/2908
f 1899/968/2909 1903/969/2910 1901/971/2911
f 1902/970/2912 1903/969/2913 1899/968/2913
f 1901/971/2911 1903/969/2910 1904/972/2911
f 1903/969/2914 1906/973/2915 1904/972/2916
f 1905/974/2917 1906/973/2918 1903/969/2918
f 1905/974/2912 1903/969/2913 1902/970/2912
f 1904/972/2916 1906/973/2915 1907/975/2916
f 1906/973/2919 1909/976/2920 1907/975/2921
f 1908/977/2922 1909/976/2923 1906/973/2923
f 1908/977/2924 1906/973/2918 1905/974/2917
f 1907/975/2921 1909/976/2920 1910/978/2921
f 1909/979/2925 1912/980/2925 1910/981/2925
f 1911/982/2926 1912/980/2926 1909/979/2926
f 1911/983/2922 1909/976/2923 1908/977/2922
f 1910/981/2927 1912/980/2927 1913/984/2927
f 1914/985/2928 1912/980/2928 1911/982/2928
f 1913/984/2929 1912/980/2929 1915/986/2929
f 1915/986/2930 1912/980/2930 1914/985/2930
f 1913/987/2931 1915/988/2932 1916/989/2932
f 1916/989/2932 1915/988/2932 1917/990/2932
f 1917/990/2933 1915/988/2933 1918/991/2933
f 1918/991/2933 1915/988/2933 1914/992/2933
f 1919/993/2934 1917/990/2935 1918/991/2935
f 1919/993/2773 1918/991/2773 1905/974/2773
f 1905/974/2773 1918/991/2773 1908/977/2773
f 1918/991/2936 1914/992/2936 1908/977/2936
f 1920/994/2937 1921/995/2937 1919/993/2937
f 1920/994/2938 1919/993/2938 1902/970/2938
f 1902/970/2938 1919/993/2938 1905/974/2938
f 1921/995/2935 1917/990/2935 1919/993/2934
f 1922/996/2939 1917/990/2939 1921/995/2940
f 1922/996/2941 1921/995/2941 1923/997/2941
f 1923/997/2941 1921/995/2941 1924/998/2941
f 1924/998/2942 1921/995/2937 1920/994/2937
f 1924/998/2943 1925/995/2944 1923/997/2943
f 1924/998/2945 1920/994/2946 1925/995/2946
f 1923/997/2943 1925/995/2944 1926/996/2943
f 1925/995/2947 1928/990/2948 1926/996/2948
f 1925/995/2946 1920/994/2946 1927/993/2946
f 1925/995/2949 1927/993/2950 1928/990/2949
f 1926/996/2948 1928/990/2948 1929/989/2948
f 1928/990/2951 1931/988/2951 1929/989/2951
f 1928/990/2949 1927/993/2950 1930/991/2949
f 1928/990/2952 1930/991/2952 1931/988/2952
f 1929/989/2951 1931/988/2951 1932/987/2953
f 1932/984/2954 1931/986/2954 1934/980/2954
f 1931/988/2952 1930/991/2952 1933/992/2952
f 1931/986/2955 1933/985/2955 1934/980/2955
f 1937/982/2956 1935/979/2956 1934/980/2956
f 1935/979/2957 1936/981/2957 1934/980/2957
f 1936/981/2958 1932/984/2958 1934/980/2958
f 1933/985/2959 1937/982/2959 1934/980/2959
f 1933/992/2960 1938/977/2960 1937/983/2960
f 1938/977/2961 1935/976/2962 1937/983/2961
f 1930/991/2761 1939/974/2761 1938/977/2761
f 1939/974/2963 1940/973/2964 1938/977/2965
f 1940/973/2962 1935/976/2962 1938/977/2961
f 1930/991/2960 1938/977/2960 1933/992/2960
f 1900/969/2964 1940/973/2964 1939/974/2963
f 1900/969/2966 1941/972/2967 1940/973/2968
f 1940/973/2968 1941/972/2967 1942/975/2967
f 1940/973/2969 1942/975/2970 1935/976/2971
f 1941/972/2761 1929/989/2761 1942/975/2761
f 1929/989/2972 1932/987/2972 1942/975/2972
f 1935/976/2971 1942/975/2970 1936/978/2973
f 1942/975/2972 1932/987/2972 1936/978/2972
f 1900/969/2908 1901/971/2907 1941/972/2907
f 1901/971/2974 1926/996/2974 1941/972/2974
f 1926/996/2761 1929/989/2761 1941/972/2761
f 1927/993/2975 1902/970/2975 1939/974/2975
f 1902/970/2905 1900/969/2904 1939/974/2976
f 1927/993/2761 1939/974/2761 1930/991/2761
f 1920/994/2975 1902/970/2975 1927/993/2975
f 1923/997/2974 1926/996/2974 1901/971/2974
f 1901/971/2977 1922/996/2977 1923/997/2977
f 1904/972/2773 1916/989/2773 1922/996/2773
f 1904/972/2977 1922/996/2977 1901/971/2977
f 1916/989/2939 1917/990/2939 1922/996/2939
f 1907/975/2978 1913/987/2978 1916/989/2978
f 1907/975/2773 1916/989/2773 1904/972/2773
f 1908/977/2936 1914/992/2936 1911/983/2936
f 1910/978/2978 1913/987/2978 1907/975/2978
f 1946/999/2979 1943/1000/2980 1944/1001/2981
f 1943/1000/2982 1945/1002/2982 1944/1001/2982
f 1943/1000/2983 1948/1001/2983 1945/1002/2983
f 1947/1003/2984 1943/1000/2980 1946/999/2979
f 1947/1003/2985 1949/999/2986 1943/1000/2987
f 1949/999/2986 1948/1001/2988 1943/1000/2987
f 1948/1001/2988 1949/999/2986 1951/1004/2989
f 1950/1005/2990 1949/999/2986 1947/1003/2985
f 1951/1004/2989 1949/999/2986 1950/1005/2990
f 1945/1002/2991 1951/1004/2989 1952/1006/2992
f 1951/1004/2989 1950/1005/2990 1952/1006/2992
f 1948/1001/2988 1951/1004/2989 1945/1002/2991
f 1954/1004/2993 1952/1006/2994 1953/1005/2995
f 1952/1006/2994 1947/1003/2984 1953/1005/2995
f 1952/1006/2992 1950/1005/2990 1947/1003/2985
f 1945/1002/2996 1952/1006/2994 1954/1004/2993
f 1954/1004/2993 1953/1005/2995 1946/999/2979
f 1944/1001/2981 1945/1002/2996 1954/1004/2993
f 1944/1001/2981 1954/1004/2993 1946/999/2979
f 1953/1005/2995 1947/1003/2984 1946/999/2979
