# This file uses centimeters as units for non-parametric coordinates.

mtllib spite.mtl
g default
v -36.894909 0.128546 -2.357800
v -37.531490 12.893730 -2.357801
v -37.205589 6.501593 -3.638802
v -298.997009 -16.278620 -2.357799
v -299.775696 -3.522333 -2.357800
v -299.387604 -9.910579 -3.638799
v -229.278702 -11.914360 -2.357799
v -230.060806 0.841681 -2.357800
v -229.669296 -5.546320 -3.638799
v -172.560303 -8.363887 -2.357799
v -173.314102 4.393942 -2.357800
v -172.935501 -1.994867 -3.638800
v -111.820000 -4.561641 -2.357800
v -112.540100 8.198309 -2.357801
v -112.176498 1.808539 -3.638800
v -36.861431 -0.518451 -2.620018
v -37.573071 14.947270 -2.620019
v -37.209351 7.202870 -4.043480
v -309.569489 -18.811119 -2.620017
v -310.266113 -3.348467 -2.620018
v -309.919312 -11.092020 -4.043478
v -237.031006 -14.052490 -2.620017
v -237.731293 1.409888 -2.620018
v -237.380798 -6.333397 -4.043478
v -178.018204 -10.181190 -2.620017
v -178.689194 5.283142 -2.620018
v -178.351898 -2.461026 -4.043479
v -114.820801 -6.035361 -2.620018
v -115.456802 9.431284 -2.620019
v -115.135201 1.686064 -4.043479
v -281.199493 -9.207966 -4.043478
v -279.035400 -13.533370 -3.222105
v -277.449188 -16.703991 -2.620017
v -284.766602 -1.675672 -2.620018
v -282.552002 -6.352383 -3.503827
v -274.451904 -12.741100 -3.312487
v -277.507507 -5.478755 -3.404356
v -276.114685 -8.874398 -4.043478
v -272.876709 -16.404020 -2.620017
v -279.216492 -1.311583 -2.620018
v -264.464905 -11.014860 -3.509417
v -262.141510 -2.817596 -3.101358
v -263.618286 -8.054609 -4.043478
v -265.874908 -15.944690 -2.620017
v -261.387085 -0.141948 -2.620018
v -248.811295 -8.309129 -3.818091
v -244.038803 0.317526 -2.744394
v -248.081696 -7.035389 -4.043478
v -252.688904 -15.079670 -2.620017
v -243.651794 1.021503 -2.620018
v -223.392502 -5.415760 -4.043478
v -222.259201 -11.134470 -2.978357
v -221.877899 -13.058430 -2.620017
v -225.218094 2.230776 -2.620018
v -223.814697 -3.648308 -3.714457
v -203.644897 -7.457405 -3.429913
v -202.899796 -11.813440 -2.620017
v -205.185104 0.038940 -3.262630
v -204.209595 -4.157321 -4.043478
v -205.987900 3.492303 -2.620018
v -204.939499 0.087564 -3.256672
v -205.478897 -4.240592 -4.043478
v -206.173294 -7.956854 -3.368577
v -206.943405 -12.078710 -2.620017
v -204.503006 3.589720 -2.620018
v -205.029007 -0.632031 -3.387486
v -217.981903 -5.060803 -4.043478
v -218.333893 2.682389 -2.620018
v -218.097504 -2.516738 -3.575797
v -217.994797 -10.292080 -3.081806
v -218.001205 -12.804110 -2.620017
v -187.720505 -4.311739 -3.816211
v -187.692596 -10.815840 -2.620017
v -188.269699 3.386932 -2.852376
v -187.726105 -3.075982 -4.043479
v -188.375702 4.647693 -2.620018
v -191.560501 -3.327537 -4.043478
v -190.170898 4.529924 -2.620018
v -192.026093 -5.162213 -3.711766
v -193.557800 -11.200600 -2.620017
v -190.449203 2.955516 -2.905240
v -167.071899 -1.721041 -4.043479
v -167.031906 -8.107856 -2.868710
v -167.904007 5.990670 -2.620018
v -167.219101 -0.356025 -3.791520
v -159.805496 -6.744102 -3.032291
v -158.712799 -8.914726 -2.620017
v -163.556793 0.336464 -3.708632
v -162.485703 -1.420188 -4.043479
v -167.038605 6.047427 -2.620018
v -138.259796 -2.678022 -3.520014
v -146.309799 3.597555 -3.318294
v -141.532196 -0.045611 -4.043479
v -150.910004 7.105500 -2.620018
v -133.811401 -1.838491 -3.620714
v -123.681999 7.876045 -2.806175
v -140.428696 -7.715270 -2.620018
v -131.015701 0.644287 -4.043480
v -122.578598 8.964076 -2.620019
v -136.421707 -4.156734 -3.225965
v -132.987305 -7.227110 -2.620018
v -137.087097 0.245993 -4.043480
v -141.804398 7.702837 -2.620018
v -135.743500 -2.203135 -3.576976
v -139.966095 4.797015 -3.174723
v -135.244995 -3.111751 -3.403904
v -127.355301 -0.620108 -3.766859
v -125.207497 -6.716738 -2.620018
v -130.434799 6.599214 -2.959008
v -127.873299 0.850428 -4.043480
v -128.768707 2.860005 -3.664387
v -131.235504 8.396177 -2.620019
v -99.485229 -4.950116 -2.620018
v -101.013199 10.454230 -2.620019
v -99.806160 2.771291 -4.043479
v -100.041100 4.266779 -3.766466
v -99.548424 -3.430340 -2.900128
v -64.667282 13.028370 -2.620019
v -67.854156 5.033352 -4.043480
v -72.194557 -3.018852 -2.620018
v -65.827972 10.116370 -3.138569
v -69.669212 1.666174 -3.448139
v -65.949577 5.168186 -4.043480
v -69.799133 9.437409 -3.211449
v -72.534660 12.471170 -2.620019
v -60.277290 -2.175509 -2.620018
v -63.992550 2.634443 -3.552253
v -67.233017 6.591549 -3.766082
v -45.047371 14.417910 -2.620019
v -47.413021 6.480494 -4.043480
v -45.282440 13.629160 -2.761506
v -51.010529 -1.519734 -2.620018
v -47.908871 5.377847 -3.847243
v -299.775696 -3.522333 0.000000
v -230.060806 0.841681 0.000000
v -173.314102 4.393942 0.000000
v -112.540100 8.198309 -0.000001
v -37.531490 12.893730 -0.000001
v -37.205589 6.501593 0.000000
v -36.894909 0.128546 0.000000
v -111.820000 -4.561641 0.000000
v -172.560303 -8.363887 0.000001
v -229.278702 -11.914360 0.000001
v -298.997009 -16.278620 0.000001
v -123.502602 8.903462 -0.000001
v -115.456802 9.431284 -0.000001
v -101.826401 10.396630 -0.000001
v -73.357239 12.412910 -0.000001
v -65.739792 12.952410 -0.000001
v -46.189709 14.337010 -0.000001
v -37.573071 14.947268 -0.000001
v -37.209351 7.202871 -0.000001
v -36.861431 -0.518461 0.000000
v -52.152840 -1.600572 0.000000
v -61.099911 -2.233722 0.000000
v -73.267036 -3.094748 0.000000
v -100.298500 -5.007666 0.000000
v -114.820801 -6.035361 0.000000
v -125.839500 -6.758204 0.000001
v -133.543106 -7.263564 0.000001
v -141.352707 -7.775886 0.000001
v -159.418701 -8.961035 0.000001
v -178.018204 -10.181190 0.000001
v -188.258698 -10.852980 0.000001
v -194.121597 -11.237580 0.000001
v -203.326401 -11.841420 0.000001
v -207.396393 -12.108440 0.000001
v -218.342194 -12.826490 0.000001
v -222.158798 -13.076860 0.000001
v -237.031006 -14.052490 0.000001
v -252.865005 -15.091220 0.000001
v -265.904694 -15.946650 0.000001
v -272.742188 -16.395201 0.000001
v -277.270294 -16.692240 0.000001
v -309.569489 -18.811119 0.000001
v -310.266113 -3.348467 0.000000
v -284.587708 -1.663929 0.000000
v -279.082092 -1.302761 0.000000
v -261.416901 -0.143901 0.000000
v -243.827896 1.009953 0.000000
v -237.731293 1.409888 0.000000
v -225.498993 2.212345 0.000000
v -168.623901 5.943444 0.000000
v -178.689194 5.283142 0.000000
v -188.941803 4.610558 0.000000
v -190.734695 4.492940 0.000000
v -204.955994 3.559997 0.000000
v -218.675095 2.660007 0.000000
v -206.414597 3.464314 0.000000
v -131.867599 8.354712 -0.000001
v -142.360199 7.666381 -0.000001
v -151.324997 7.078278 -0.000001
v -167.744598 6.001121 0.000000
v -309.569489 -18.811119 0.066942
v -309.919312 -11.092020 0.000001
v -299.427399 -9.910579 0.000001
v -36.894909 0.128546 2.357800
v -37.531490 12.893730 2.357799
v -37.205589 6.501594 3.638801
v -298.997009 -16.278620 2.357801
v -299.775696 -3.522333 2.357800
v -299.387604 -9.910579 3.638801
v -229.278702 -11.914360 2.357801
v -230.060806 0.841681 2.357800
v -229.669296 -5.546319 3.638800
v -172.560303 -8.363887 2.357801
v -173.314102 4.393942 2.357800
v -172.935501 -1.994867 3.638800
v -111.820000 -4.561641 2.357800
v -112.540100 8.198309 2.357799
v -112.176498 1.808539 3.638800
v -36.861431 -0.518451 2.620018
v -37.573071 14.947270 2.620017
v -37.209351 7.202871 4.043479
v -309.569489 -18.811119 2.620019
v -310.266113 -3.348467 2.620018
v -309.919312 -11.092020 4.043480
v -237.031006 -14.052490 2.620019
v -237.731293 1.409888 2.620018
v -237.380798 -6.333396 4.043479
v -178.018204 -10.181190 2.620019
v -178.689194 5.283142 2.620018
v -178.351898 -2.461026 4.043479
v -114.820801 -6.035361 2.620018
v -115.456802 9.431284 2.620017
v -115.135201 1.686064 4.043479
v -281.199493 -9.207966 4.043479
v -279.035400 -13.533370 3.222107
v -277.449188 -16.703991 2.620019
v -284.766602 -1.675672 2.620018
v -282.552002 -6.352382 3.503828
v -274.451904 -12.741100 3.312489
v -277.507507 -5.478755 3.404357
v -276.114685 -8.874398 4.043479
v -272.876709 -16.404020 2.620019
v -279.216492 -1.311583 2.620018
v -264.464905 -11.014860 3.509419
v -262.141510 -2.817596 3.101358
v -263.618286 -8.054609 4.043479
v -265.874908 -15.944690 2.620019
v -261.387085 -0.141948 2.620018
v -248.811295 -8.309129 3.818093
v -244.038803 0.317526 2.744394
v -248.081696 -7.035388 4.043479
v -252.688904 -15.079670 2.620019
v -243.651794 1.021503 2.620018
v -223.392502 -5.415759 4.043479
v -222.259201 -11.134470 2.978359
v -221.877899 -13.058430 2.620019
v -225.218094 2.230776 2.620018
v -223.814697 -3.648308 3.714457
v -203.644897 -7.457404 3.429914
v -202.899796 -11.813440 2.620019
v -205.185104 0.038940 3.262630
v -204.209595 -4.157320 4.043479
v -205.987900 3.492303 2.620018
v -204.939499 0.087564 3.256672
v -205.478897 -4.240591 4.043479
v -206.173294 -7.956853 3.368579
v -206.943405 -12.078710 2.620019
v -204.503006 3.589720 2.620018
v -205.029007 -0.632031 3.387486
v -217.981903 -5.060802 4.043479
v -218.333893 2.682389 2.620018
v -218.097504 -2.516738 3.575797
v -217.994797 -10.292080 3.081808
v -218.001205 -12.804110 2.620019
v -187.720505 -4.311738 3.816211
v -187.692596 -10.815840 2.620019
v -188.269699 3.386932 2.852376
v -187.726105 -3.075982 4.043479
v -188.375702 4.647693 2.620018
v -191.560501 -3.327537 4.043479
v -190.170898 4.529924 2.620018
v -192.026093 -5.162212 3.711767
v -193.557800 -11.200600 2.620019
v -190.449203 2.955516 2.905240
v -167.071899 -1.721041 4.043479
v -167.031906 -8.107856 2.868712
v -167.904007 5.990670 2.620018
v -167.219101 -0.356025 3.791520
v -159.805496 -6.744102 3.032292
v -158.712799 -8.914726 2.620019
v -163.556793 0.336464 3.708632
v -162.485703 -1.420188 4.043479
v -167.038605 6.047427 2.620018
v -138.259796 -2.678022 3.520014
v -146.309799 3.597555 3.318294
v -141.532196 -0.045611 4.043479
v -150.910004 7.105500 2.620018
v -133.811401 -1.838491 3.620714
v -123.681999 7.876045 2.806175
v -140.428696 -7.715270 2.620018
v -131.015701 0.644287 4.043480
v -122.578598 8.964076 2.620017
v -136.421707 -4.156734 3.225965
v -132.987305 -7.227110 2.620018
v -137.087097 0.245993 4.043480
v -141.804398 7.702837 2.620018
v -135.743500 -2.203135 3.576976
v -139.966095 4.797016 3.174722
v -135.244995 -3.111751 3.403904
v -127.355301 -0.620108 3.766859
v -125.207497 -6.716738 2.620018
v -130.434799 6.599214 2.959007
v -127.873299 0.850428 4.043480
v -128.768707 2.860005 3.664387
v -131.235504 8.396177 2.620017
v -99.485229 -4.950116 2.620018
v -101.013199 10.454232 2.620017
v -99.806160 2.771291 4.043479
v -100.041100 4.266780 3.766466
v -99.548424 -3.430340 2.900128
v -64.667282 13.028376 2.620017
v -67.854156 5.033353 4.043479
v -72.194557 -3.018852 2.620018
v -65.827972 10.116370 3.138567
v -69.669212 1.666174 3.448139
v -65.949577 5.168187 4.043479
v -69.799133 9.437409 3.211447
v -72.534660 12.471170 2.620017
v -60.277290 -2.175509 2.620018
v -63.992550 2.634443 3.552253
v -67.233017 6.591550 3.766081
v -45.047371 14.417910 2.620017
v -47.413021 6.480494 4.043479
v -45.282440 13.629160 2.761504
v -51.010529 -1.519734 2.620018
v -47.908871 5.377848 3.847242
v -309.569489 -18.811119 -0.066940
vt 0.079806 0.885336
vt 0.063063 0.885750
vt 0.062769 0.701545
vt 0.085713 0.886549
vt 0.086217 0.701575
vt 0.079981 0.701571
vt 0.046263 0.885702
vt 0.045521 0.701561
vt 0.040359 0.886587
vt 0.039299 0.701597
vt 0.062208 0.551555
vt 0.079380 0.551503
vt 0.085602 0.551463
vt 0.044984 0.551615
vt 0.038762 0.551657
vt 0.060981 0.390923
vt 0.078173 0.390909
vt 0.084395 0.390845
vt 0.043731 0.390922
vt 0.037509 0.390952
vt 0.076466 0.193297
vt 0.082414 0.192112
vt 0.042850 0.192846
vt 0.036921 0.192041
vt 0.059670 0.192817
vt 0.060221 0.183838
vt 0.136295 0.504991
vt 0.136569 0.429444
vt 0.156913 0.505475
vt 0.148484 0.424562
vt 0.157219 0.420984
vt 0.163789 0.505500
vt 0.164097 0.420538
vt 0.112515 0.852700
vt 0.105642 0.852481
vt 0.113823 0.811533
vt 0.106964 0.810852
vt 0.115615 0.504493
vt 0.115858 0.437418
vt 0.128717 0.432468
vt 0.134005 0.825630
vt 0.152494 0.838076
vt 0.133111 0.853764
vt 0.153769 0.854833
vt 0.108737 0.504468
vt 0.108982 0.436922
vt 0.154264 0.839268
vt 0.160643 0.855052
vt 0.161152 0.839023
vt 0.116459 0.892036
vt 0.131943 0.890542
vt 0.114263 0.638244
vt 0.131564 0.639654
vt 0.113725 0.663686
vt 0.134330 0.664575
vt 0.104399 0.891582
vt 0.111249 0.892540
vt 0.106850 0.663541
vt 0.107419 0.636610
vt 0.136746 0.889892
vt 0.152724 0.887733
vt 0.134852 0.639921
vt 0.152160 0.639974
vt 0.154998 0.665459
vt 0.159621 0.887212
vt 0.116711 0.692888
vt 0.133703 0.694240
vt 0.189509 0.963356
vt 0.162081 0.963968
vt 0.189563 0.942632
vt 0.157112 0.947381
vt 0.189682 0.970263
vt 0.160568 0.970912
vt 0.137366 0.694166
vt 0.154398 0.693823
vt 0.189623 0.921840
vt 0.167761 0.925050
vt 0.153783 0.937894
vt 0.155914 0.943380
vt 0.170794 0.922264
vt 0.189462 0.914931
vt 0.168198 0.915412
vt 0.108415 0.545096
vt 0.108664 0.524814
vt 0.115467 0.545121
vt 0.119277 0.524853
vt 0.394624 0.953415
vt 0.399580 0.958162
vt 0.359504 0.958923
vt 0.357608 0.966134
vt 0.228052 0.969286
vt 0.230019 0.962326
vt 0.394310 0.917220
vt 0.375366 0.915693
vt 0.398204 0.912410
vt 0.372858 0.908861
vt 0.394940 0.935256
vt 0.374426 0.917794
vt 0.368105 0.936900
vt 0.227813 0.920863
vt 0.229631 0.937563
vt 0.366811 0.939841
vt 0.230070 0.941600
vt 0.230028 0.958247
vt 0.405426 0.935142
vt 0.130810 0.823398
vt 0.136347 0.751927
vt 0.135303 0.784782
vt 0.125646 0.755280
vt 0.127657 0.781812
vt 0.115510 0.758456
vt 0.114925 0.776865
vt 0.108625 0.758591
vt 0.108054 0.776568
vt 0.157235 0.745763
vt 0.155746 0.792639
vt 0.145726 0.749159
vt 0.148833 0.789982
vt 0.164097 0.746335
vt 0.162622 0.792779
vt 0.136534 0.560352
vt 0.143325 0.560630
vt 0.135839 0.593234
vt 0.147150 0.594978
vt 0.145330 0.595233
vt 0.156516 0.593666
vt 0.157203 0.561198
vt 0.163416 0.592690
vt 0.164097 0.560446
vt 0.126863 0.597296
vt 0.135768 0.596572
vt 0.130294 0.628202
vt 0.135065 0.629838
vt 0.108257 0.596983
vt 0.115109 0.598251
vt 0.107745 0.621191
vt 0.114589 0.622819
vt 0.147223 0.595631
vt 0.126117 0.590570
vt 0.115334 0.587616
vt 0.122627 0.559125
vt 0.115949 0.558536
vt 0.108483 0.586280
vt 0.109092 0.557493
vt 0.156434 0.597572
vt 0.151515 0.634177
vt 0.155637 0.635263
vt 0.155537 0.639984
vt 0.064471 0.945436
vt 0.119829 0.944193
vt 0.070933 0.960010
vt 0.128154 0.951625
vt 0.071858 0.972900
vt 0.073568 0.965951
vt 0.119587 0.971828
vt 0.121873 0.964867
vt 0.053316 0.924904
vt 0.095927 0.923947
vt 0.061847 0.940606
vt 0.107652 0.933878
vt 0.132830 0.955800
vt 0.131572 0.943929
vt 0.134836 0.950646
vt 0.141530 0.964428
vt 0.140218 0.971368
vt 0.119983 0.923406
vt 0.124500 0.931404
vt 0.139967 0.949894
vt 0.136047 0.953138
vt 0.149815 0.927684
vt 0.147613 0.943568
vt 0.147908 0.922778
vt 0.299508 0.967557
vt 0.302162 0.960584
vt 0.225497 0.914009
vt 0.303085 0.919006
vt 0.309902 0.927496
vt 0.309363 0.948362
vt 0.314539 0.939582
vt 0.323822 0.918171
vt 0.320885 0.911340
vt 0.300776 0.912149
vt 0.320342 0.925993
vt 0.316355 0.935493
vt 0.333280 0.967196
vt 0.334996 0.960158
vt 0.319704 0.939506
vt 0.324849 0.946646
vt 0.161874 0.665604
vt 0.161314 0.692075
vt 0.162444 0.638641
vt 0.162544 0.633926
vt 0.163334 0.596525
vt 0.118360 0.916532
vt 0.146082 0.915909
vt 0.094675 0.917064
vt 0.051296 0.918039
vt 0.063590 0.894737
vt 0.079806 0.885336
vt 0.062769 0.701545
vt 0.063063 0.885750
vt 0.079806 0.885336
vt 0.079981 0.701571
vt 0.063063 0.885750
vt 0.045521 0.701561
vt 0.046263 0.885702
vt 0.062769 0.701545
vt 0.045521 0.701561
vt 0.063063 0.885750
vt 0.046263 0.885702
vt 0.045521 0.701561
vt 0.079981 0.701571
vt 0.062208 0.551555
vt 0.062769 0.701545
vt 0.079380 0.551503
vt 0.062208 0.551555
vt 0.079981 0.701571
vt 0.079981 0.701571
vt 0.079380 0.551503
vt 0.062769 0.701545
vt 0.044984 0.551615
vt 0.045521 0.701561
vt 0.062208 0.551555
vt 0.044984 0.551615
vt 0.062769 0.701545
vt 0.045521 0.701561
vt 0.044984 0.551615
vt 0.079380 0.551503
vt 0.060981 0.390923
vt 0.062208 0.551555
vt 0.078173 0.390909
vt 0.060981 0.390923
vt 0.079380 0.551503
vt 0.079380 0.551503
vt 0.078173 0.390909
vt 0.062208 0.551555
vt 0.043731 0.390922
vt 0.044984 0.551615
vt 0.060981 0.390923
vt 0.043731 0.390922
vt 0.062208 0.551555
vt 0.044984 0.551615
vt 0.043731 0.390922
vt 0.076466 0.193297
vt 0.078173 0.390909
vt 0.042850 0.192846
vt 0.043731 0.390922
vt 0.042850 0.192846
vt 0.060981 0.390923
vt 0.059670 0.192817
vt 0.043731 0.390922
vt 0.060981 0.390923
vt 0.042850 0.192846
vt 0.059670 0.192817
vt 0.078173 0.390909
vt 0.076466 0.193297
vt 0.060981 0.390923
vt 0.078173 0.390909
vt 0.059670 0.192817
vt 0.042850 0.192846
vt 0.059670 0.192817
vt 0.059670 0.192817
vt 0.076466 0.193297
vt 0.062769 0.701545
vt 0.079806 0.885336
vt 0.079981 0.701571
vt 0.148484 0.424562
vt 0.136569 0.429444
vt 0.156913 0.505475
vt 0.136295 0.504991
vt 0.157219 0.420984
vt 0.156913 0.505475
vt 0.112515 0.852700
vt 0.113823 0.811533
vt 0.128717 0.432468
vt 0.115858 0.437418
vt 0.136295 0.504991
vt 0.115615 0.504493
vt 0.153769 0.854833
vt 0.152494 0.838076
vt 0.133111 0.853764
vt 0.134005 0.825630
vt 0.115615 0.504493
vt 0.115858 0.437418
vt 0.154264 0.839268
vt 0.153769 0.854833
vt 0.112515 0.852700
vt 0.116459 0.892036
vt 0.133111 0.853764
vt 0.131943 0.890542
vt 0.134330 0.664575
vt 0.131564 0.639654
vt 0.113725 0.663686
vt 0.114263 0.638244
vt 0.112515 0.852700
vt 0.111249 0.892540
vt 0.113725 0.663686
vt 0.114263 0.638244
vt 0.133111 0.853764
vt 0.136746 0.889892
vt 0.153769 0.854833
vt 0.152724 0.887733
vt 0.154998 0.665459
vt 0.152160 0.639974
vt 0.134330 0.664575
vt 0.134852 0.639921
vt 0.152724 0.887733
vt 0.153769 0.854833
vt 0.113725 0.663686
vt 0.116711 0.692888
vt 0.134330 0.664575
vt 0.133703 0.694240
vt 0.189509 0.963356
vt 0.189563 0.942632
vt 0.162081 0.963968
vt 0.157112 0.947381
vt 0.189509 0.963356
vt 0.162081 0.963968
vt 0.134330 0.664575
vt 0.137366 0.694166
vt 0.154998 0.665459
vt 0.154398 0.693823
vt 0.189623 0.921840
vt 0.167761 0.925050
vt 0.189563 0.942632
vt 0.153783 0.937894
vt 0.155914 0.943380
vt 0.170794 0.922264
vt 0.189623 0.921840
vt 0.108415 0.545096
vt 0.115467 0.545121
vt 0.119277 0.524853
vt 0.394624 0.953415
vt 0.359504 0.958923
vt 0.189509 0.963356
vt 0.230019 0.962326
vt 0.394310 0.917220
vt 0.375366 0.915693
vt 0.394310 0.917220
vt 0.374426 0.917794
vt 0.394940 0.935256
vt 0.368105 0.936900
vt 0.189563 0.942632
vt 0.229631 0.937563
vt 0.189623 0.921840
vt 0.227813 0.920863
vt 0.394940 0.935256
vt 0.366811 0.939841
vt 0.394624 0.953415
vt 0.359504 0.958923
vt 0.189509 0.963356
vt 0.230028 0.958247
vt 0.189563 0.942632
vt 0.230070 0.941600
vt 0.394310 0.917220
vt 0.394940 0.935256
vt 0.394940 0.935256
vt 0.394624 0.953415
vt 0.133111 0.853764
vt 0.130810 0.823398
vt 0.112515 0.852700
vt 0.113823 0.811533
vt 0.128717 0.432468
vt 0.136295 0.504991
vt 0.136569 0.429444
vt 0.148484 0.424562
vt 0.156913 0.505475
vt 0.157219 0.420984
vt 0.127657 0.781812
vt 0.135303 0.784782
vt 0.125646 0.755280
vt 0.136347 0.751927
vt 0.114925 0.776865
vt 0.115510 0.758456
vt 0.148833 0.789982
vt 0.155746 0.792639
vt 0.145726 0.749159
vt 0.157235 0.745763
vt 0.157235 0.745763
vt 0.155746 0.792639
vt 0.148833 0.789982
vt 0.145726 0.749159
vt 0.135303 0.784782
vt 0.136347 0.751927
vt 0.127657 0.781812
vt 0.125646 0.755280
vt 0.114925 0.776865
vt 0.115510 0.758456
vt 0.127657 0.781812
vt 0.130810 0.823398
vt 0.135303 0.784782
vt 0.134005 0.825630
vt 0.114925 0.776865
vt 0.113823 0.811533
vt 0.148833 0.789982
vt 0.152494 0.838076
vt 0.155746 0.792639
vt 0.154264 0.839268
vt 0.154264 0.839268
vt 0.155746 0.792639
vt 0.152494 0.838076
vt 0.148833 0.789982
vt 0.134005 0.825630
vt 0.135303 0.784782
vt 0.130810 0.823398
vt 0.127657 0.781812
vt 0.113823 0.811533
vt 0.114925 0.776865
vt 0.130810 0.823398
vt 0.133111 0.853764
vt 0.134005 0.825630
vt 0.152494 0.838076
vt 0.153769 0.854833
vt 0.154264 0.839268
vt 0.116459 0.892036
vt 0.112515 0.852700
vt 0.111249 0.892540
vt 0.136746 0.889892
vt 0.133111 0.853764
vt 0.131943 0.890542
vt 0.136534 0.560352
vt 0.135839 0.593234
vt 0.143325 0.560630
vt 0.147150 0.594978
vt 0.145330 0.595233
vt 0.157203 0.561198
vt 0.156516 0.593666
vt 0.126863 0.597296
vt 0.130294 0.628202
vt 0.135768 0.596572
vt 0.135065 0.629838
vt 0.115109 0.598251
vt 0.114589 0.622819
vt 0.147223 0.595631
vt 0.147150 0.594978
vt 0.145330 0.595233
vt 0.126117 0.590570
vt 0.122627 0.559125
vt 0.115334 0.587616
vt 0.115949 0.558536
vt 0.115334 0.587616
vt 0.115949 0.558536
vt 0.147223 0.595631
vt 0.151515 0.634177
vt 0.156434 0.597572
vt 0.155637 0.635263
vt 0.122627 0.559125
vt 0.126117 0.590570
vt 0.136534 0.560352
vt 0.135839 0.593234
vt 0.143325 0.560630
vt 0.147150 0.594978
vt 0.157203 0.561198
vt 0.156516 0.593666
vt 0.131564 0.639654
vt 0.130294 0.628202
vt 0.114263 0.638244
vt 0.114589 0.622819
vt 0.114263 0.638244
vt 0.114589 0.622819
vt 0.152160 0.639974
vt 0.151515 0.634177
vt 0.134852 0.639921
vt 0.135065 0.629838
vt 0.131564 0.639654
vt 0.134330 0.664575
vt 0.134852 0.639921
vt 0.152160 0.639974
vt 0.154998 0.665459
vt 0.155537 0.639984
vt 0.130294 0.628202
vt 0.131564 0.639654
vt 0.135065 0.629838
vt 0.134852 0.639921
vt 0.151515 0.634177
vt 0.152160 0.639974
vt 0.155637 0.635263
vt 0.155537 0.639984
vt 0.130294 0.628202
vt 0.126863 0.597296
vt 0.114589 0.622819
vt 0.115109 0.598251
vt 0.151515 0.634177
vt 0.147223 0.595631
vt 0.135065 0.629838
vt 0.145330 0.595233
vt 0.135768 0.596572
vt 0.137366 0.694166
vt 0.134330 0.664575
vt 0.133703 0.694240
vt 0.128154 0.951625
vt 0.119829 0.944193
vt 0.070933 0.960010
vt 0.064471 0.945436
vt 0.073568 0.965951
vt 0.121873 0.964867
vt 0.107652 0.933878
vt 0.095927 0.923947
vt 0.061847 0.940606
vt 0.053316 0.924904
vt 0.070933 0.960010
vt 0.073568 0.965951
vt 0.128154 0.951625
vt 0.132830 0.955800
vt 0.121873 0.964867
vt 0.061847 0.940606
vt 0.064471 0.945436
vt 0.107652 0.933878
vt 0.119829 0.944193
vt 0.134836 0.950646
vt 0.131572 0.943929
vt 0.128154 0.951625
vt 0.119829 0.944193
vt 0.162081 0.963968
vt 0.141530 0.964428
vt 0.124500 0.931404
vt 0.119983 0.923406
vt 0.107652 0.933878
vt 0.095927 0.923947
vt 0.139967 0.949894
vt 0.134836 0.950646
vt 0.136047 0.953138
vt 0.167761 0.925050
vt 0.149815 0.927684
vt 0.153783 0.937894
vt 0.139967 0.949894
vt 0.157112 0.947381
vt 0.147613 0.943568
vt 0.155914 0.943380
vt 0.167761 0.925050
vt 0.189623 0.921840
vt 0.170794 0.922264
vt 0.134836 0.950646
vt 0.139967 0.949894
vt 0.131572 0.943929
vt 0.147613 0.943568
vt 0.149815 0.927684
vt 0.147908 0.922778
vt 0.124500 0.931404
vt 0.119983 0.923406
vt 0.128154 0.951625
vt 0.132830 0.955800
vt 0.134836 0.950646
vt 0.136047 0.953138
vt 0.107652 0.933878
vt 0.119829 0.944193
vt 0.124500 0.931404
vt 0.131572 0.943929
vt 0.162081 0.963968
vt 0.157112 0.947381
vt 0.141530 0.964428
vt 0.136047 0.953138
vt 0.139967 0.949894
vt 0.153783 0.937894
vt 0.147613 0.943568
vt 0.155914 0.943380
vt 0.124500 0.931404
vt 0.131572 0.943929
vt 0.149815 0.927684
vt 0.147613 0.943568
vt 0.153783 0.937894
vt 0.157112 0.947381
vt 0.189563 0.942632
vt 0.155914 0.943380
vt 0.230019 0.962326
vt 0.302162 0.960584
vt 0.227813 0.920863
vt 0.189623 0.921840
vt 0.229631 0.937563
vt 0.189563 0.942632
vt 0.230070 0.941600
vt 0.309902 0.927496
vt 0.303085 0.919006
vt 0.229631 0.937563
vt 0.227813 0.920863
vt 0.230028 0.958247
vt 0.189509 0.963356
vt 0.230019 0.962326
vt 0.230028 0.958247
vt 0.309363 0.948362
vt 0.230070 0.941600
vt 0.314539 0.939582
vt 0.323822 0.918171
vt 0.303085 0.919006
vt 0.320342 0.925993
vt 0.309902 0.927496
vt 0.316355 0.935493
vt 0.309363 0.948362
vt 0.230028 0.958247
vt 0.302162 0.960584
vt 0.230019 0.962326
vt 0.320342 0.925993
vt 0.374426 0.917794
vt 0.323822 0.918171
vt 0.375366 0.915693
vt 0.320342 0.925993
vt 0.323822 0.918171
vt 0.309902 0.927496
vt 0.303085 0.919006
vt 0.227813 0.920863
vt 0.303085 0.919006
vt 0.229631 0.937563
vt 0.230070 0.941600
vt 0.309902 0.927496
vt 0.314539 0.939582
vt 0.316355 0.935493
vt 0.334996 0.960158
vt 0.359504 0.958923
vt 0.366811 0.939841
vt 0.368105 0.936900
vt 0.324849 0.946646
vt 0.319704 0.939506
vt 0.323822 0.918171
vt 0.375366 0.915693
vt 0.374426 0.917794
vt 0.320342 0.925993
vt 0.368105 0.936900
vt 0.316355 0.935493
vt 0.319704 0.939506
vt 0.366811 0.939841
vt 0.324849 0.946646
vt 0.359504 0.958923
vt 0.334996 0.960158
vt 0.374426 0.917794
vt 0.394310 0.917220
vt 0.375366 0.915693
vt 0.366811 0.939841
vt 0.394940 0.935256
vt 0.368105 0.936900
vt 0.154398 0.693823
vt 0.154998 0.665459
vt 0.155537 0.639984
vt 0.154998 0.665459
vt 0.155537 0.639984
vt 0.155637 0.635263
vt 0.155637 0.635263
vt 0.156434 0.597572
vt 0.119983 0.923406
vt 0.147908 0.922778
vt 0.119983 0.923406
vt 0.095927 0.923947
vt 0.095927 0.923947
vt 0.053316 0.924904
vt 0.115615 0.504493
vt 0.119277 0.524853
vt 0.046263 0.885702
vt 0.063063 0.885750
vt 0.079806 0.885336
vt 0.063063 0.885750
vn 0.012299 -0.196470 -0.980433
vn 0.012299 -0.196470 -0.980433
vn 0.012299 -0.196470 -0.980433
vn 0.062503 -0.998045 0.000000
vn 0.062503 -0.998045 0.000000
vn 0.062503 -0.998045 0.000000
vn 0.062503 -0.998045 0.000000
vn 0.062503 -0.998045 0.000000
vn 0.062503 -0.998045 0.000000
vn -0.012299 0.195890 -0.980549
vn -0.012299 0.195890 -0.980549
vn -0.012299 0.195890 -0.980549
vn -0.012299 0.195890 -0.980549
vn -0.012299 0.195890 -0.980549
vn -0.012299 0.195890 -0.980549
vn -0.062503 0.998045 -0.000000
vn -0.062503 0.998045 -0.000000
vn -0.062503 0.998045 -0.000000
vn -0.062503 0.998045 -0.000000
vn -0.062503 0.998045 -0.000000
vn -0.062503 0.998045 -0.000000
vn 0.012300 -0.196505 -0.980426
vn 0.012300 -0.196505 -0.980426
vn 0.012300 -0.196505 -0.980426
vn 0.012300 -0.196505 -0.980426
vn 0.012300 -0.196505 -0.980426
vn 0.012300 -0.196505 -0.980426
vn 0.062503 -0.998045 0.000000
vn 0.062503 -0.998045 0.000000
vn 0.062503 -0.998045 0.000000
vn 0.062503 -0.998045 0.000000
vn 0.062503 -0.998045 0.000000
vn 0.062503 -0.998045 0.000000
vn -0.012299 0.195890 -0.980549
vn -0.012299 0.195890 -0.980549
vn -0.012299 0.195890 -0.980549
vn -0.012299 0.195890 -0.980549
vn -0.012299 0.195890 -0.980549
vn -0.012299 0.195890 -0.980549
vn -0.062503 0.998045 -0.000000
vn -0.062503 0.998045 -0.000000
vn -0.062503 0.998045 -0.000000
vn -0.062503 0.998045 -0.000000
vn -0.062503 0.998045 -0.000000
vn -0.062503 0.998045 -0.000000
vn 0.012300 -0.196505 -0.980426
vn 0.012300 -0.196505 -0.980426
vn 0.012300 -0.196505 -0.980426
vn 0.012300 -0.196505 -0.980426
vn 0.012300 -0.196505 -0.980426
vn 0.012300 -0.196505 -0.980426
vn 0.062503 -0.998045 0.000000
vn 0.062503 -0.998045 0.000000
vn 0.062503 -0.998045 0.000000
vn 0.062503 -0.998045 0.000000
vn 0.062503 -0.998045 0.000000
vn 0.062503 -0.998045 0.000000
vn -0.012299 0.195890 -0.980549
vn -0.012299 0.195890 -0.980549
vn -0.012299 0.195890 -0.980549
vn -0.012299 0.195890 -0.980549
vn -0.012299 0.195890 -0.980549
vn -0.012299 0.195890 -0.980549
vn -0.062503 0.998045 -0.000000
vn -0.062503 0.998045 -0.000000
vn -0.062503 0.998045 -0.000000
vn -0.062503 0.998045 -0.000000
vn -0.062503 0.998045 -0.000000
vn -0.062503 0.998045 -0.000000
vn 0.062503 -0.998045 0.000000
vn 0.062503 -0.998045 0.000000
vn 0.062503 -0.998045 0.000000
vn 0.062503 -0.998045 0.000000
vn 0.062503 -0.998045 0.000000
vn 0.062503 -0.998045 0.000000
vn -0.062503 0.998045 -0.000000
vn -0.062503 0.998045 -0.000000
vn -0.062503 0.998045 -0.000000
vn -0.062503 0.998045 -0.000000
vn -0.062503 0.998045 -0.000000
vn -0.062503 0.998045 -0.000000
vn -0.012299 0.195890 -0.980549
vn -0.012299 0.195890 -0.980549
vn -0.012299 0.195890 -0.980549
vn -0.012299 0.195890 -0.980549
vn -0.012299 0.195890 -0.980549
vn -0.012299 0.195890 -0.980549
vn 0.012300 -0.196505 -0.980426
vn 0.012300 -0.196505 -0.980426
vn 0.012300 -0.196505 -0.980426
vn 0.012300 -0.196505 -0.980426
vn 0.012300 -0.196505 -0.980426
vn 0.012300 -0.196505 -0.980426
vn 0.998704 0.050900 0.000000
vn 0.998704 0.050900 0.000000
vn 0.998704 0.050900 0.000000
vn 0.998704 0.050900 0.000000
vn 0.998704 0.050900 0.000000
vn 0.998704 0.050900 0.000000
vn 0.998813 0.048701 0.000000
vn 0.998813 0.048701 0.000000
vn 0.998813 0.048701 0.000000
vn 0.998813 0.048701 0.000000
vn 0.998813 0.048701 0.000000
vn 0.998813 0.048701 0.000000
vn 0.012300 -0.196505 -0.980426
vn 0.012300 -0.196505 -0.980426
vn 0.012300 -0.196505 -0.980426
vn 0.011901 -0.180809 -0.983446
vn 0.011901 -0.180809 -0.983446
vn 0.011901 -0.180809 -0.983446
vn 0.011901 -0.180809 -0.983446
vn 0.011901 -0.180809 -0.983446
vn 0.011901 -0.180809 -0.983446
vn 0.065497 -0.997853 0.000000
vn 0.065497 -0.997853 0.000000
vn 0.065497 -0.997853 0.000000
vn 0.065497 -0.997853 0.000000
vn 0.065497 -0.997853 0.000000
vn 0.065497 -0.997853 0.000000
vn 0.065497 -0.997853 0.000000
vn 0.065497 -0.997853 0.000000
vn 0.065497 -0.997853 0.000000
vn 0.065497 -0.997853 0.000000
vn 0.065497 -0.997853 0.000000
vn 0.065497 -0.997853 0.000000
vn -0.011800 0.180307 -0.983540
vn -0.011800 0.180307 -0.983540
vn -0.011800 0.180307 -0.983540
vn -0.011800 0.180307 -0.983540
vn -0.011800 0.180307 -0.983540
vn -0.011800 0.180307 -0.983540
vn -0.011800 0.180307 -0.983540
vn -0.011800 0.180307 -0.983540
vn -0.011800 0.180307 -0.983540
vn -0.011800 0.180307 -0.983540
vn -0.011800 0.180307 -0.983540
vn -0.011800 0.180307 -0.983540
vn -0.065497 0.997853 -0.000000
vn -0.065497 0.997853 -0.000000
vn -0.065497 0.997853 -0.000000
vn -0.065497 0.997853 -0.000000
vn -0.065497 0.997853 -0.000000
vn -0.065497 0.997853 -0.000000
vn -0.065497 0.997853 -0.000000
vn -0.065497 0.997853 -0.000000
vn -0.065497 0.997853 -0.000000
vn -0.065497 0.997853 -0.000000
vn -0.065497 0.997853 -0.000000
vn -0.065497 0.997853 -0.000000
vn 0.011901 -0.180809 -0.983446
vn 0.011901 -0.180809 -0.983446
vn 0.011901 -0.180809 -0.983446
vn 0.011901 -0.180809 -0.983446
vn 0.011901 -0.180809 -0.983446
vn 0.011901 -0.180809 -0.983446
vn 0.011901 -0.180809 -0.983446
vn 0.011901 -0.180809 -0.983446
vn 0.011901 -0.180809 -0.983446
vn 0.011901 -0.180809 -0.983446
vn 0.011901 -0.180809 -0.983446
vn 0.011901 -0.180809 -0.983446
vn 0.065497 -0.997853 0.000000
vn 0.065497 -0.997853 0.000000
vn 0.065497 -0.997853 0.000000
vn 0.065497 -0.997853 0.000000
vn 0.065497 -0.997853 0.000000
vn 0.065497 -0.997853 0.000000
vn 0.065497 -0.997853 0.000000
vn 0.065497 -0.997853 0.000000
vn 0.065497 -0.997853 0.000000
vn 0.065497 -0.997853 0.000000
vn 0.065497 -0.997853 0.000000
vn 0.065497 -0.997853 0.000000
vn -0.011800 0.180307 -0.983540
vn -0.011800 0.180307 -0.983540
vn -0.011800 0.180307 -0.983540
vn -0.011800 0.180307 -0.983540
vn -0.011800 0.180307 -0.983540
vn -0.011800 0.180307 -0.983540
vn -0.011800 0.180307 -0.983540
vn -0.011800 0.180307 -0.983540
vn -0.011800 0.180307 -0.983540
vn -0.011800 0.180307 -0.983540
vn -0.011800 0.180307 -0.983540
vn -0.011800 0.180307 -0.983540
vn -0.065497 0.997853 -0.000000
vn -0.065497 0.997853 -0.000000
vn -0.065497 0.997853 -0.000000
vn -0.065497 0.997853 -0.000000
vn -0.065497 0.997853 -0.000000
vn -0.065497 0.997853 -0.000000
vn 0.011901 -0.180809 -0.983446
vn 0.011901 -0.180809 -0.983446
vn 0.011901 -0.180809 -0.983446
vn 0.011901 -0.180809 -0.983446
vn 0.011901 -0.180809 -0.983446
vn 0.011901 -0.180809 -0.983446
vn 0.011901 -0.180809 -0.983446
vn 0.011901 -0.180809 -0.983446
vn 0.011901 -0.180809 -0.983446
vn 0.011901 -0.180809 -0.983446
vn 0.011901 -0.180809 -0.983446
vn 0.011901 -0.180809 -0.983446
vn 0.065497 -0.997853 0.000000
vn 0.065497 -0.997853 0.000000
vn 0.065497 -0.997853 0.000000
vn 0.065497 -0.997853 0.000000
vn 0.065497 -0.997853 0.000000
vn 0.065497 -0.997853 0.000000
vn -0.011800 0.180307 -0.983540
vn -0.011800 0.180307 -0.983540
vn -0.011800 0.180307 -0.983540
vn -0.011800 0.180307 -0.983540
vn -0.011800 0.180307 -0.983540
vn -0.011800 0.180307 -0.983540
vn -0.011800 0.180307 -0.983540
vn -0.011800 0.180307 -0.983540
vn -0.011800 0.180307 -0.983540
vn -0.011800 0.180307 -0.983540
vn -0.011800 0.180307 -0.983540
vn -0.011800 0.180307 -0.983540
vn -0.011800 0.180307 -0.983540
vn -0.011800 0.180307 -0.983540
vn -0.011800 0.180307 -0.983540
vn -0.065497 0.997853 -0.000000
vn -0.065497 0.997853 -0.000000
vn -0.065497 0.997853 -0.000000
vn -0.065497 0.997853 -0.000000
vn -0.065497 0.997853 -0.000000
vn -0.065497 0.997853 -0.000000
vn -0.998974 -0.045299 0.000000
vn -0.998974 -0.045299 0.000000
vn -0.998974 -0.045299 0.000000
vn -0.998974 -0.045299 0.000000
vn -0.998974 -0.045299 0.000000
vn -0.998974 -0.045299 0.000000
vn 0.070600 -0.997505 0.000000
vn 0.070600 -0.997505 0.000000
vn 0.070600 -0.997505 0.000000
vn 0.070600 -0.997505 0.000000
vn 0.070600 -0.997505 0.000000
vn 0.070600 -0.997505 0.000000
vn 0.070600 -0.997505 0.000000
vn 0.070600 -0.997505 0.000000
vn 0.070600 -0.997505 0.000000
vn 0.070600 -0.997505 0.000000
vn 0.070600 -0.997505 0.000000
vn 0.070600 -0.997505 0.000000
vn -0.070600 0.997505 -0.000000
vn -0.070600 0.997505 -0.000000
vn -0.070600 0.997505 -0.000000
vn -0.070600 0.997505 -0.000000
vn -0.070600 0.997505 -0.000000
vn -0.070600 0.997505 -0.000000
vn -0.012799 0.180191 -0.983548
vn -0.012799 0.180191 -0.983548
vn -0.012799 0.180191 -0.983548
vn -0.012799 0.180191 -0.983548
vn -0.012799 0.180191 -0.983548
vn -0.012799 0.180191 -0.983548
vn -0.012801 0.180208 -0.983545
vn -0.012801 0.180208 -0.983545
vn -0.012801 0.180208 -0.983545
vn -0.012801 0.180208 -0.983545
vn -0.012801 0.180208 -0.983545
vn -0.012801 0.180208 -0.983545
vn 0.012799 -0.180692 -0.983456
vn 0.012799 -0.180692 -0.983456
vn 0.012799 -0.180692 -0.983456
vn 0.012799 -0.180692 -0.983456
vn 0.012799 -0.180692 -0.983456
vn 0.012799 -0.180692 -0.983456
vn 0.012800 -0.180807 -0.983435
vn 0.012800 -0.180807 -0.983435
vn 0.012800 -0.180807 -0.983435
vn 0.012800 -0.180807 -0.983435
vn 0.012800 -0.180807 -0.983435
vn 0.012800 -0.180807 -0.983435
vn 0.998900 0.046900 0.000000
vn 0.998900 0.046900 0.000000
vn 0.998900 0.046900 0.000000
vn 0.998900 0.046900 0.000000
vn 0.998900 0.046900 0.000000
vn 0.998900 0.046900 0.000000
vn 0.998987 0.044999 0.000000
vn 0.998987 0.044999 0.000000
vn 0.998987 0.044999 0.000000
vn 0.998987 0.044999 0.000000
vn 0.998987 0.044999 0.000000
vn 0.998987 0.044999 0.000000
vn 0.011901 -0.180809 -0.983446
vn 0.011901 -0.180809 -0.983446
vn 0.011901 -0.180809 -0.983446
vn 0.011901 -0.180809 -0.983446
vn 0.011901 -0.180809 -0.983446
vn 0.011901 -0.180809 -0.983446
vn -0.011800 0.180307 -0.983540
vn -0.011800 0.180307 -0.983540
vn -0.011800 0.180307 -0.983540
vn 0.011901 -0.180809 -0.983446
vn 0.011901 -0.180809 -0.983446
vn 0.011901 -0.180809 -0.983446
vn 0.011901 -0.180809 -0.983446
vn 0.011901 -0.180809 -0.983446
vn 0.011901 -0.180809 -0.983446
vn 0.011901 -0.180809 -0.983446
vn 0.011901 -0.180809 -0.983446
vn 0.011901 -0.180809 -0.983446
vn 0.065497 -0.997853 0.000000
vn 0.065497 -0.997853 0.000000
vn 0.065497 -0.997853 0.000000
vn 0.065497 -0.997853 0.000000
vn 0.065497 -0.997853 0.000000
vn 0.065497 -0.997853 0.000000
vn -0.011800 0.180307 -0.983540
vn -0.011800 0.180307 -0.983540
vn -0.011800 0.180307 -0.983540
vn -0.011800 0.180307 -0.983540
vn -0.011800 0.180307 -0.983540
vn -0.011800 0.180307 -0.983540
vn -0.065497 0.997853 -0.000000
vn -0.065497 0.997853 -0.000000
vn -0.065497 0.997853 -0.000000
vn -0.065497 0.997853 -0.000000
vn -0.065497 0.997853 -0.000000
vn -0.065497 0.997853 -0.000000
vn -0.011800 0.180307 -0.983540
vn -0.011800 0.180307 -0.983540
vn -0.011800 0.180307 -0.983540
vn -0.011800 0.180307 -0.983540
vn -0.011800 0.180307 -0.983540
vn -0.011800 0.180307 -0.983540
vn 0.011901 -0.180809 -0.983446
vn 0.011901 -0.180809 -0.983446
vn 0.011901 -0.180809 -0.983446
vn 0.011901 -0.180809 -0.983446
vn 0.011901 -0.180809 -0.983446
vn 0.011901 -0.180809 -0.983446
vn 0.011901 -0.180809 -0.983446
vn 0.011901 -0.180809 -0.983446
vn 0.011901 -0.180809 -0.983446
vn 0.011901 -0.180809 -0.983446
vn 0.011901 -0.180809 -0.983446
vn 0.011901 -0.180809 -0.983446
vn 0.065497 -0.997853 0.000000
vn 0.065497 -0.997853 0.000000
vn 0.065497 -0.997853 0.000000
vn 0.065497 -0.997853 0.000000
vn 0.065497 -0.997853 0.000000
vn 0.065497 -0.997853 0.000000
vn -0.011800 0.180307 -0.983540
vn -0.011800 0.180307 -0.983540
vn -0.011800 0.180307 -0.983540
vn -0.011800 0.180307 -0.983540
vn -0.011800 0.180307 -0.983540
vn -0.011800 0.180307 -0.983540
vn -0.065497 0.997853 -0.000000
vn -0.065497 0.997853 -0.000000
vn -0.065497 0.997853 -0.000000
vn -0.065497 0.997853 -0.000000
vn -0.065497 0.997853 -0.000000
vn -0.065497 0.997853 -0.000000
vn -0.011800 0.180307 -0.983540
vn -0.011800 0.180307 -0.983540
vn -0.011800 0.180307 -0.983540
vn -0.011800 0.180307 -0.983540
vn -0.011800 0.180307 -0.983540
vn -0.011800 0.180307 -0.983540
vn 0.011901 -0.180809 -0.983446
vn 0.011901 -0.180809 -0.983446
vn 0.011901 -0.180809 -0.983446
vn 0.011901 -0.180809 -0.983446
vn 0.011901 -0.180809 -0.983446
vn 0.011901 -0.180809 -0.983446
vn 0.011901 -0.180809 -0.983446
vn 0.011901 -0.180809 -0.983446
vn 0.011901 -0.180809 -0.983446
vn -0.011800 0.180307 -0.983540
vn -0.011800 0.180307 -0.983540
vn -0.011800 0.180307 -0.983540
vn 0.011901 -0.180809 -0.983446
vn 0.011901 -0.180809 -0.983446
vn 0.011901 -0.180809 -0.983446
vn -0.011800 0.180307 -0.983540
vn -0.011800 0.180307 -0.983540
vn -0.011800 0.180307 -0.983540
vn -0.011800 0.180307 -0.983540
vn -0.011800 0.180307 -0.983540
vn -0.011800 0.180307 -0.983540
vn -0.011800 0.180307 -0.983540
vn -0.011800 0.180307 -0.983540
vn -0.011800 0.180307 -0.983540
vn -0.011800 0.180307 -0.983540
vn -0.011800 0.180307 -0.983540
vn -0.011800 0.180307 -0.983540
vn -0.065497 0.997853 -0.000000
vn -0.065497 0.997853 -0.000000
vn -0.065497 0.997853 -0.000000
vn -0.065497 0.997853 -0.000000
vn -0.065497 0.997853 -0.000000
vn -0.065497 0.997853 -0.000000
vn 0.011901 -0.180809 -0.983446
vn 0.011901 -0.180809 -0.983446
vn 0.011901 -0.180809 -0.983446
vn 0.011901 -0.180809 -0.983446
vn 0.011901 -0.180809 -0.983446
vn 0.011901 -0.180809 -0.983446
vn 0.065497 -0.997853 0.000000
vn 0.065497 -0.997853 0.000000
vn 0.065497 -0.997853 0.000000
vn 0.065497 -0.997853 0.000000
vn 0.065497 -0.997853 0.000000
vn 0.065497 -0.997853 0.000000
vn -0.011800 0.180307 -0.983540
vn -0.011800 0.180307 -0.983540
vn -0.011800 0.180307 -0.983540
vn 0.011901 -0.180809 -0.983446
vn 0.011901 -0.180809 -0.983446
vn 0.011901 -0.180809 -0.983446
vn 0.011901 -0.180809 -0.983446
vn 0.011901 -0.180809 -0.983446
vn 0.011901 -0.180809 -0.983446
vn 0.065497 -0.997853 0.000000
vn 0.065497 -0.997853 0.000000
vn 0.065497 -0.997853 0.000000
vn 0.065497 -0.997853 0.000000
vn 0.065497 -0.997853 0.000000
vn 0.065497 -0.997853 0.000000
vn -0.011800 0.180307 -0.983540
vn -0.011800 0.180307 -0.983540
vn -0.011800 0.180307 -0.983540
vn -0.011800 0.180307 -0.983540
vn -0.011800 0.180307 -0.983540
vn -0.011800 0.180307 -0.983540
vn 0.011901 -0.180809 -0.983446
vn 0.011901 -0.180809 -0.983446
vn 0.011901 -0.180809 -0.983446
vn 0.011901 -0.180809 -0.983446
vn 0.011901 -0.180809 -0.983446
vn 0.011901 -0.180809 -0.983446
vn -0.011800 0.180307 -0.983540
vn -0.011800 0.180307 -0.983540
vn -0.011800 0.180307 -0.983540
vn -0.011800 0.180307 -0.983540
vn -0.011800 0.180307 -0.983540
vn -0.011800 0.180307 -0.983540
vn 0.011901 -0.180809 -0.983446
vn 0.011901 -0.180809 -0.983446
vn 0.011901 -0.180809 -0.983446
vn 0.011901 -0.180809 -0.983446
vn 0.011901 -0.180809 -0.983446
vn 0.011901 -0.180809 -0.983446
vn 0.065497 -0.997853 0.000000
vn 0.065497 -0.997853 0.000000
vn 0.065497 -0.997853 0.000000
vn 0.065497 -0.997853 0.000000
vn 0.065497 -0.997853 0.000000
vn 0.065497 -0.997853 0.000000
vn -0.011800 0.180307 -0.983540
vn -0.011800 0.180307 -0.983540
vn -0.011800 0.180307 -0.983540
vn -0.011800 0.180307 -0.983540
vn -0.011800 0.180307 -0.983540
vn -0.011800 0.180307 -0.983540
vn 0.011901 -0.180809 -0.983446
vn 0.011901 -0.180809 -0.983446
vn 0.011901 -0.180809 -0.983446
vn -0.011800 0.180307 -0.983540
vn -0.011800 0.180307 -0.983540
vn -0.011800 0.180307 -0.983540
vn 0.011901 -0.180809 -0.983446
vn 0.011901 -0.180809 -0.983446
vn 0.011901 -0.180809 -0.983446
vn 0.011901 -0.180809 -0.983446
vn 0.011901 -0.180809 -0.983446
vn 0.011901 -0.180809 -0.983446
vn -0.011800 0.180307 -0.983540
vn -0.011800 0.180307 -0.983540
vn -0.011800 0.180307 -0.983540
vn -0.011800 0.180307 -0.983540
vn -0.011800 0.180307 -0.983540
vn -0.011800 0.180307 -0.983540
vn 0.011901 -0.180809 -0.983446
vn 0.011901 -0.180809 -0.983446
vn 0.011901 -0.180809 -0.983446
vn 0.011901 -0.180809 -0.983446
vn 0.011901 -0.180809 -0.983446
vn 0.011901 -0.180809 -0.983446
vn -0.011800 0.180307 -0.983540
vn -0.011800 0.180307 -0.983540
vn -0.011800 0.180307 -0.983540
vn -0.011800 0.180307 -0.983540
vn -0.011800 0.180307 -0.983540
vn -0.011800 0.180307 -0.983540
vn -0.011800 0.180307 -0.983540
vn -0.011800 0.180307 -0.983540
vn -0.011800 0.180307 -0.983540
vn -0.011800 0.180307 -0.983540
vn -0.011800 0.180307 -0.983540
vn -0.011800 0.180307 -0.983540
vn 0.011901 -0.180809 -0.983446
vn 0.011901 -0.180809 -0.983446
vn 0.011901 -0.180809 -0.983446
vn 0.011901 -0.180809 -0.983446
vn 0.011901 -0.180809 -0.983446
vn 0.011901 -0.180809 -0.983446
vn 0.065497 -0.997853 0.000000
vn 0.065497 -0.997853 0.000000
vn 0.065497 -0.997853 0.000000
vn 0.065497 -0.997853 0.000000
vn 0.065497 -0.997853 0.000000
vn 0.065497 -0.997853 0.000000
vn -0.011800 0.180307 -0.983540
vn -0.011800 0.180307 -0.983540
vn -0.011800 0.180307 -0.983540
vn -0.011800 0.180307 -0.983540
vn -0.011800 0.180307 -0.983540
vn -0.011800 0.180307 -0.983540
vn 0.011901 -0.180809 -0.983446
vn 0.011901 -0.180809 -0.983446
vn 0.011901 -0.180809 -0.983446
vn 0.011901 -0.180809 -0.983446
vn 0.011901 -0.180809 -0.983446
vn 0.011901 -0.180809 -0.983446
vn 0.011901 -0.180809 -0.983446
vn 0.011901 -0.180809 -0.983446
vn 0.011901 -0.180809 -0.983446
vn -0.011800 0.180307 -0.983540
vn -0.011800 0.180307 -0.983540
vn -0.011800 0.180307 -0.983540
vn -0.011800 0.180307 -0.983540
vn -0.011800 0.180307 -0.983540
vn -0.011800 0.180307 -0.983540
vn 0.011901 -0.180809 -0.983446
vn 0.011901 -0.180809 -0.983446
vn 0.011901 -0.180809 -0.983446
vn 0.011901 -0.180809 -0.983446
vn 0.011901 -0.180809 -0.983446
vn 0.011901 -0.180809 -0.983446
vn 0.065497 -0.997853 0.000000
vn 0.065497 -0.997853 0.000000
vn 0.065497 -0.997853 0.000000
vn 0.065497 -0.997853 0.000000
vn 0.065497 -0.997853 0.000000
vn 0.065497 -0.997853 0.000000
vn -0.011800 0.180307 -0.983540
vn -0.011800 0.180307 -0.983540
vn -0.011800 0.180307 -0.983540
vn -0.011800 0.180307 -0.983540
vn -0.011800 0.180307 -0.983540
vn -0.011800 0.180307 -0.983540
vn 0.011901 -0.180809 -0.983446
vn 0.011901 -0.180809 -0.983446
vn 0.011901 -0.180809 -0.983446
vn -0.011800 0.180307 -0.983540
vn -0.011800 0.180307 -0.983540
vn -0.011800 0.180307 -0.983540
vn 0.011901 -0.180809 -0.983446
vn 0.011901 -0.180809 -0.983446
vn 0.011901 -0.180809 -0.983446
vn 0.011901 -0.180809 -0.983446
vn 0.011901 -0.180809 -0.983446
vn 0.011901 -0.180809 -0.983446
vn -0.011800 0.180307 -0.983540
vn -0.011800 0.180307 -0.983540
vn -0.011800 0.180307 -0.983540
vn 0.011901 -0.180809 -0.983446
vn 0.011901 -0.180809 -0.983446
vn 0.011901 -0.180809 -0.983446
vn 0.011901 -0.180809 -0.983446
vn 0.011901 -0.180809 -0.983446
vn 0.011901 -0.180809 -0.983446
vn -0.011800 0.180307 -0.983540
vn -0.011800 0.180307 -0.983540
vn -0.011800 0.180307 -0.983540
vn -0.011800 0.180307 -0.983540
vn -0.011800 0.180307 -0.983540
vn -0.011800 0.180307 -0.983540
vn 0.011901 -0.180809 -0.983446
vn 0.011901 -0.180809 -0.983446
vn 0.011901 -0.180809 -0.983446
vn 0.011901 -0.180809 -0.983446
vn 0.011901 -0.180809 -0.983446
vn 0.011901 -0.180809 -0.983446
vn -0.011800 0.180307 -0.983540
vn -0.011800 0.180307 -0.983540
vn -0.011800 0.180307 -0.983540
vn -0.011800 0.180307 -0.983540
vn -0.011800 0.180307 -0.983540
vn -0.011800 0.180307 -0.983540
vn 0.011901 -0.180809 -0.983446
vn 0.011901 -0.180809 -0.983446
vn 0.011901 -0.180809 -0.983446
vn 0.011901 -0.180809 -0.983446
vn 0.011901 -0.180809 -0.983446
vn 0.011901 -0.180809 -0.983446
vn 0.011901 -0.180809 -0.983446
vn 0.011901 -0.180809 -0.983446
vn 0.011901 -0.180809 -0.983446
vn -0.011800 0.180307 -0.983540
vn -0.011800 0.180307 -0.983540
vn -0.011800 0.180307 -0.983540
vn -0.011800 0.180307 -0.983540
vn -0.011800 0.180307 -0.983540
vn -0.011800 0.180307 -0.983540
vn -0.011800 0.180307 -0.983540
vn -0.011800 0.180307 -0.983540
vn -0.011800 0.180307 -0.983540
vn -0.011800 0.180307 -0.983540
vn -0.011800 0.180307 -0.983540
vn -0.011800 0.180307 -0.983540
vn 0.011901 -0.180809 -0.983446
vn 0.011901 -0.180809 -0.983446
vn 0.011901 -0.180809 -0.983446
vn 0.070600 -0.997505 0.000000
vn 0.070600 -0.997505 0.000000
vn 0.070600 -0.997505 0.000000
vn 0.070600 -0.997505 0.000000
vn 0.070600 -0.997505 0.000000
vn 0.070600 -0.997505 0.000000
vn -0.070600 0.997505 -0.000000
vn -0.070600 0.997505 -0.000000
vn -0.070600 0.997505 -0.000000
vn -0.070600 0.997505 -0.000000
vn -0.070600 0.997505 -0.000000
vn -0.070600 0.997505 -0.000000
vn -0.012799 0.180191 -0.983548
vn -0.012799 0.180191 -0.983548
vn -0.012799 0.180191 -0.983548
vn -0.012801 0.180208 -0.983545
vn -0.012801 0.180208 -0.983545
vn -0.012801 0.180208 -0.983545
vn -0.012801 0.180208 -0.983545
vn -0.012801 0.180208 -0.983545
vn -0.012801 0.180208 -0.983545
vn 0.012799 -0.180692 -0.983456
vn 0.012799 -0.180692 -0.983456
vn 0.012799 -0.180692 -0.983456
vn 0.012800 -0.180807 -0.983435
vn 0.012800 -0.180807 -0.983435
vn 0.012800 -0.180807 -0.983435
vn 0.012800 -0.180807 -0.983435
vn 0.012800 -0.180807 -0.983435
vn 0.012800 -0.180807 -0.983435
vn -0.070600 0.997505 -0.000000
vn -0.070600 0.997505 -0.000000
vn -0.070600 0.997505 -0.000000
vn -0.070600 0.997505 -0.000000
vn -0.070600 0.997505 -0.000000
vn -0.070600 0.997505 -0.000000
vn -0.012799 0.180191 -0.983548
vn -0.012799 0.180191 -0.983548
vn -0.012799 0.180191 -0.983548
vn 0.012799 -0.180692 -0.983456
vn 0.012799 -0.180692 -0.983456
vn 0.012799 -0.180692 -0.983456
vn 0.012799 -0.180692 -0.983456
vn 0.012799 -0.180692 -0.983456
vn 0.012799 -0.180692 -0.983456
vn -0.012801 0.180208 -0.983545
vn -0.012801 0.180208 -0.983545
vn -0.012801 0.180208 -0.983545
vn -0.012801 0.180208 -0.983545
vn -0.012801 0.180208 -0.983545
vn -0.012801 0.180208 -0.983545
vn -0.012801 0.180208 -0.983545
vn -0.012801 0.180208 -0.983545
vn -0.012801 0.180208 -0.983545
vn -0.012801 0.180208 -0.983545
vn -0.012801 0.180208 -0.983545
vn -0.012801 0.180208 -0.983545
vn -0.070600 0.997505 -0.000000
vn -0.070600 0.997505 -0.000000
vn -0.070600 0.997505 -0.000000
vn -0.070600 0.997505 -0.000000
vn -0.070600 0.997505 -0.000000
vn -0.070600 0.997505 -0.000000
vn -0.012799 0.180191 -0.983548
vn -0.012799 0.180191 -0.983548
vn -0.012799 0.180191 -0.983548
vn -0.012799 0.180191 -0.983548
vn -0.012799 0.180191 -0.983548
vn -0.012799 0.180191 -0.983548
vn -0.012799 0.180191 -0.983548
vn -0.012799 0.180191 -0.983548
vn -0.012799 0.180191 -0.983548
vn 0.070600 -0.997505 0.000000
vn 0.070600 -0.997505 0.000000
vn 0.070600 -0.997505 0.000000
vn 0.070600 -0.997505 0.000000
vn 0.070600 -0.997505 0.000000
vn 0.070600 -0.997505 0.000000
vn 0.012800 -0.180807 -0.983435
vn 0.012800 -0.180807 -0.983435
vn 0.012800 -0.180807 -0.983435
vn 0.012800 -0.180807 -0.983435
vn 0.012800 -0.180807 -0.983435
vn 0.012800 -0.180807 -0.983435
vn -0.070600 0.997505 -0.000000
vn -0.070600 0.997505 -0.000000
vn -0.070600 0.997505 -0.000000
vn -0.070600 0.997505 -0.000000
vn -0.070600 0.997505 -0.000000
vn -0.070600 0.997505 -0.000000
vn -0.012799 0.180191 -0.983548
vn -0.012799 0.180191 -0.983548
vn -0.012799 0.180191 -0.983548
vn -0.012799 0.180191 -0.983548
vn -0.012799 0.180191 -0.983548
vn -0.012799 0.180191 -0.983548
vn -0.012799 0.180191 -0.983548
vn -0.012799 0.180191 -0.983548
vn -0.012799 0.180191 -0.983548
vn 0.012799 -0.180692 -0.983456
vn 0.012799 -0.180692 -0.983456
vn 0.012799 -0.180692 -0.983456
vn 0.012799 -0.180692 -0.983456
vn 0.012799 -0.180692 -0.983456
vn 0.012799 -0.180692 -0.983456
vn -0.012801 0.180208 -0.983545
vn -0.012801 0.180208 -0.983545
vn -0.012801 0.180208 -0.983545
vn 0.012800 -0.180807 -0.983435
vn 0.012800 -0.180807 -0.983435
vn 0.012800 -0.180807 -0.983435
vn -0.065497 0.997853 -0.000000
vn -0.065497 0.997853 -0.000000
vn -0.065497 0.997853 -0.000000
vn -0.065497 0.997853 -0.000000
vn -0.065497 0.997853 -0.000000
vn -0.065497 0.997853 -0.000000
vn -0.065497 0.997853 -0.000000
vn -0.065497 0.997853 -0.000000
vn -0.065497 0.997853 -0.000000
vn -0.065497 0.997853 -0.000000
vn -0.065497 0.997853 -0.000000
vn -0.065497 0.997853 -0.000000
vn -0.065497 0.997853 -0.000000
vn -0.065497 0.997853 -0.000000
vn -0.065497 0.997853 -0.000000
vn -0.065497 0.997853 -0.000000
vn -0.065497 0.997853 -0.000000
vn -0.065497 0.997853 -0.000000
vn -0.065497 0.997853 -0.000000
vn -0.065497 0.997853 -0.000000
vn -0.065497 0.997853 -0.000000
vn -0.065497 0.997853 -0.000000
vn -0.065497 0.997853 -0.000000
vn -0.065497 0.997853 -0.000000
vn -0.065497 0.997853 -0.000000
vn -0.065497 0.997853 -0.000000
vn -0.065497 0.997853 -0.000000
vn -0.065497 0.997853 -0.000000
vn -0.065497 0.997853 -0.000000
vn -0.065497 0.997853 -0.000000
vn -0.065497 0.997853 -0.000000
vn -0.065497 0.997853 -0.000000
vn -0.065497 0.997853 -0.000000
vn -0.065497 0.997853 -0.000000
vn -0.065497 0.997853 -0.000000
vn -0.065497 0.997853 -0.000000
vn -0.065497 0.997853 -0.000000
vn -0.065497 0.997853 -0.000000
vn -0.065497 0.997853 -0.000000
vn -0.065497 0.997853 -0.000000
vn -0.065497 0.997853 -0.000000
vn -0.065497 0.997853 -0.000000
vn -0.999000 -0.044700 0.000000
vn -0.999000 -0.044700 0.000000
vn -0.999000 -0.044700 0.000000
vn -0.999000 -0.044700 0.000000
vn -0.999000 -0.044700 0.000000
vn -0.999000 -0.044700 0.000000
vn -0.998358 -0.056898 -0.006600
vn -0.998358 -0.056898 -0.006600
vn -0.998122 -0.060901 -0.006600
vn -0.998122 -0.060901 -0.006600
vn -0.998358 -0.056898 -0.006600
vn -0.998122 -0.060901 -0.006600
vn -0.998116 -0.061001 -0.006600
vn -0.997864 -0.064998 -0.006600
vn -0.998116 -0.061001 -0.006600
vn -0.998116 -0.061001 -0.006600
vn -0.997864 -0.064998 -0.006600
vn -0.997864 -0.064998 -0.006600
vn 0.012300 -0.196505 0.980426
vn 0.012300 -0.196505 0.980426
vn 0.012300 -0.196505 0.980426
vn 0.062503 -0.998045 0.000000
vn 0.062503 -0.998045 0.000000
vn 0.062503 -0.998045 0.000000
vn 0.062503 -0.998045 0.000000
vn 0.062503 -0.998045 0.000000
vn 0.062503 -0.998045 0.000000
vn -0.012299 0.195890 0.980549
vn -0.012299 0.195890 0.980549
vn -0.012299 0.195890 0.980549
vn -0.012299 0.195890 0.980549
vn -0.012299 0.195890 0.980549
vn -0.012299 0.195890 0.980549
vn -0.062503 0.998045 -0.000000
vn -0.062503 0.998045 -0.000000
vn -0.062503 0.998045 -0.000000
vn -0.062503 0.998045 -0.000000
vn -0.062503 0.998045 -0.000000
vn -0.062503 0.998045 -0.000000
vn 0.012300 -0.196505 0.980426
vn 0.012300 -0.196505 0.980426
vn 0.012300 -0.196505 0.980426
vn 0.012300 -0.196505 0.980426
vn 0.012300 -0.196505 0.980426
vn 0.012300 -0.196505 0.980426
vn 0.062503 -0.998045 0.000000
vn 0.062503 -0.998045 0.000000
vn 0.062503 -0.998045 0.000000
vn 0.062503 -0.998045 0.000000
vn 0.062503 -0.998045 0.000000
vn 0.062503 -0.998045 0.000000
vn -0.012299 0.195890 0.980549
vn -0.012299 0.195890 0.980549
vn -0.012299 0.195890 0.980549
vn -0.012299 0.195890 0.980549
vn -0.012299 0.195890 0.980549
vn -0.012299 0.195890 0.980549
vn -0.062503 0.998045 -0.000000
vn -0.062503 0.998045 -0.000000
vn -0.062503 0.998045 -0.000000
vn -0.062503 0.998045 -0.000000
vn -0.062503 0.998045 -0.000000
vn -0.062503 0.998045 -0.000000
vn 0.012300 -0.196505 0.980426
vn 0.012300 -0.196505 0.980426
vn 0.012300 -0.196505 0.980426
vn 0.012300 -0.196505 0.980426
vn 0.012300 -0.196505 0.980426
vn 0.012300 -0.196505 0.980426
vn 0.062503 -0.998045 0.000000
vn 0.062503 -0.998045 0.000000
vn 0.062503 -0.998045 0.000000
vn 0.062503 -0.998045 0.000000
vn 0.062503 -0.998045 0.000000
vn 0.062503 -0.998045 0.000000
vn -0.012299 0.195890 0.980549
vn -0.012299 0.195890 0.980549
vn -0.012299 0.195890 0.980549
vn -0.012299 0.195890 0.980549
vn -0.012299 0.195890 0.980549
vn -0.012299 0.195890 0.980549
vn -0.062503 0.998045 -0.000000
vn -0.062503 0.998045 -0.000000
vn -0.062503 0.998045 -0.000000
vn -0.062503 0.998045 -0.000000
vn -0.062503 0.998045 -0.000000
vn -0.062503 0.998045 -0.000000
vn 0.062503 -0.998045 0.000000
vn 0.062503 -0.998045 0.000000
vn 0.062503 -0.998045 0.000000
vn 0.062503 -0.998045 0.000000
vn 0.062503 -0.998045 0.000000
vn 0.062503 -0.998045 0.000000
vn -0.062503 0.998045 -0.000000
vn -0.062503 0.998045 -0.000000
vn -0.062503 0.998045 -0.000000
vn -0.062503 0.998045 -0.000000
vn -0.062503 0.998045 -0.000000
vn -0.062503 0.998045 -0.000000
vn -0.012299 0.195890 0.980549
vn -0.012299 0.195890 0.980549
vn -0.012299 0.195890 0.980549
vn -0.012299 0.195890 0.980549
vn -0.012299 0.195890 0.980549
vn -0.012299 0.195890 0.980549
vn 0.012300 -0.196505 0.980426
vn 0.012300 -0.196505 0.980426
vn 0.012300 -0.196505 0.980426
vn 0.012300 -0.196505 0.980426
vn 0.012300 -0.196505 0.980426
vn 0.012300 -0.196505 0.980426
vn 0.998704 0.050900 0.000000
vn 0.998704 0.050900 0.000000
vn 0.998704 0.050900 0.000000
vn 0.998704 0.050900 0.000000
vn 0.998704 0.050900 0.000000
vn 0.998704 0.050900 0.000000
vn 0.998813 0.048701 0.000000
vn 0.998813 0.048701 0.000000
vn 0.998813 0.048701 0.000000
vn 0.998813 0.048701 0.000000
vn 0.998813 0.048701 0.000000
vn 0.998813 0.048701 0.000000
vn 0.012300 -0.196505 0.980426
vn 0.012300 -0.196505 0.980426
vn 0.012300 -0.196505 0.980426
vn 0.011901 -0.180809 0.983446
vn 0.011901 -0.180809 0.983446
vn 0.011901 -0.180809 0.983446
vn 0.011901 -0.180809 0.983446
vn 0.011901 -0.180809 0.983446
vn 0.011901 -0.180809 0.983446
vn 0.065497 -0.997853 0.000000
vn 0.065497 -0.997853 0.000000
vn 0.065497 -0.997853 0.000000
vn 0.065497 -0.997853 0.000000
vn 0.065497 -0.997853 0.000000
vn 0.065497 -0.997853 0.000000
vn 0.065497 -0.997853 0.000000
vn 0.065497 -0.997853 0.000000
vn 0.065497 -0.997853 0.000000
vn 0.065497 -0.997853 0.000000
vn 0.065497 -0.997853 0.000000
vn 0.065497 -0.997853 0.000000
vn -0.011800 0.180307 0.983540
vn -0.011800 0.180307 0.983540
vn -0.011800 0.180307 0.983540
vn -0.011800 0.180307 0.983540
vn -0.011800 0.180307 0.983540
vn -0.011800 0.180307 0.983540
vn -0.011800 0.180307 0.983540
vn -0.011800 0.180307 0.983540
vn -0.011800 0.180307 0.983540
vn -0.011800 0.180307 0.983540
vn -0.011800 0.180307 0.983540
vn -0.011800 0.180307 0.983540
vn -0.065497 0.997853 -0.000000
vn -0.065497 0.997853 -0.000000
vn -0.065497 0.997853 -0.000000
vn -0.065497 0.997853 -0.000000
vn -0.065497 0.997853 -0.000000
vn -0.065497 0.997853 -0.000000
vn -0.065497 0.997853 -0.000000
vn -0.065497 0.997853 -0.000000
vn -0.065497 0.997853 -0.000000
vn -0.065497 0.997853 -0.000000
vn -0.065497 0.997853 -0.000000
vn -0.065497 0.997853 -0.000000
vn 0.011901 -0.180809 0.983446
vn 0.011901 -0.180809 0.983446
vn 0.011901 -0.180809 0.983446
vn 0.011901 -0.180809 0.983446
vn 0.011901 -0.180809 0.983446
vn 0.011901 -0.180809 0.983446
vn 0.011901 -0.180809 0.983446
vn 0.011901 -0.180809 0.983446
vn 0.011901 -0.180809 0.983446
vn 0.011901 -0.180809 0.983446
vn 0.011901 -0.180809 0.983446
vn 0.011901 -0.180809 0.983446
vn 0.065497 -0.997853 0.000000
vn 0.065497 -0.997853 0.000000
vn 0.065497 -0.997853 0.000000
vn 0.065497 -0.997853 0.000000
vn 0.065497 -0.997853 0.000000
vn 0.065497 -0.997853 0.000000
vn 0.065497 -0.997853 0.000000
vn 0.065497 -0.997853 0.000000
vn 0.065497 -0.997853 0.000000
vn 0.065497 -0.997853 0.000000
vn 0.065497 -0.997853 0.000000
vn 0.065497 -0.997853 0.000000
vn -0.011800 0.180307 0.983540
vn -0.011800 0.180307 0.983540
vn -0.011800 0.180307 0.983540
vn -0.011800 0.180307 0.983540
vn -0.011800 0.180307 0.983540
vn -0.011800 0.180307 0.983540
vn -0.011800 0.180307 0.983540
vn -0.011800 0.180307 0.983540
vn -0.011800 0.180307 0.983540
vn -0.011800 0.180307 0.983540
vn -0.011800 0.180307 0.983540
vn -0.011800 0.180307 0.983540
vn -0.065497 0.997853 -0.000000
vn -0.065497 0.997853 -0.000000
vn -0.065497 0.997853 -0.000000
vn -0.065497 0.997853 -0.000000
vn -0.065497 0.997853 -0.000000
vn -0.065497 0.997853 -0.000000
vn 0.011901 -0.180809 0.983446
vn 0.011901 -0.180809 0.983446
vn 0.011901 -0.180809 0.983446
vn 0.011901 -0.180809 0.983446
vn 0.011901 -0.180809 0.983446
vn 0.011901 -0.180809 0.983446
vn 0.011901 -0.180809 0.983446
vn 0.011901 -0.180809 0.983446
vn 0.011901 -0.180809 0.983446
vn 0.011901 -0.180809 0.983446
vn 0.011901 -0.180809 0.983446
vn 0.011901 -0.180809 0.983446
vn 0.065497 -0.997853 0.000000
vn 0.065497 -0.997853 0.000000
vn 0.065497 -0.997853 0.000000
vn 0.065497 -0.997853 0.000000
vn 0.065497 -0.997853 0.000000
vn 0.065497 -0.997853 0.000000
vn -0.011800 0.180307 0.983540
vn -0.011800 0.180307 0.983540
vn -0.011800 0.180307 0.983540
vn -0.011800 0.180307 0.983540
vn -0.011800 0.180307 0.983540
vn -0.011800 0.180307 0.983540
vn -0.011800 0.180307 0.983540
vn -0.011800 0.180307 0.983540
vn -0.011800 0.180307 0.983540
vn -0.011800 0.180307 0.983540
vn -0.011800 0.180307 0.983540
vn -0.011800 0.180307 0.983540
vn -0.011800 0.180307 0.983540
vn -0.011800 0.180307 0.983540
vn -0.011800 0.180307 0.983540
vn -0.065497 0.997853 -0.000000
vn -0.065497 0.997853 -0.000000
vn -0.065497 0.997853 -0.000000
vn -0.065497 0.997853 -0.000000
vn -0.065497 0.997853 -0.000000
vn -0.065497 0.997853 -0.000000
vn -0.998974 -0.045299 0.000000
vn -0.998974 -0.045299 0.000000
vn -0.998974 -0.045299 0.000000
vn -0.998974 -0.045299 0.000000
vn -0.998974 -0.045299 0.000000
vn -0.998974 -0.045299 0.000000
vn 0.070600 -0.997505 0.000000
vn 0.070600 -0.997505 0.000000
vn 0.070600 -0.997505 0.000000
vn 0.070600 -0.997505 0.000000
vn 0.070600 -0.997505 0.000000
vn 0.070600 -0.997505 0.000000
vn 0.070600 -0.997505 0.000000
vn 0.070600 -0.997505 0.000000
vn 0.070600 -0.997505 0.000000
vn 0.070600 -0.997505 0.000000
vn 0.070600 -0.997505 0.000000
vn 0.070600 -0.997505 0.000000
vn -0.070600 0.997505 -0.000000
vn -0.070600 0.997505 -0.000000
vn -0.070600 0.997505 -0.000000
vn -0.070600 0.997505 -0.000000
vn -0.070600 0.997505 -0.000000
vn -0.070600 0.997505 -0.000000
vn -0.012799 0.180191 0.983548
vn -0.012799 0.180191 0.983548
vn -0.012799 0.180191 0.983548
vn -0.012799 0.180191 0.983548
vn -0.012799 0.180191 0.983548
vn -0.012799 0.180191 0.983548
vn -0.012801 0.180208 0.983545
vn -0.012801 0.180208 0.983545
vn -0.012801 0.180208 0.983545
vn -0.012801 0.180208 0.983545
vn -0.012801 0.180208 0.983545
vn -0.012801 0.180208 0.983545
vn 0.012799 -0.180692 0.983456
vn 0.012799 -0.180692 0.983456
vn 0.012799 -0.180692 0.983456
vn 0.012799 -0.180692 0.983456
vn 0.012799 -0.180692 0.983456
vn 0.012799 -0.180692 0.983456
vn 0.012800 -0.180807 0.983435
vn 0.012800 -0.180807 0.983435
vn 0.012800 -0.180807 0.983435
vn 0.012800 -0.180807 0.983435
vn 0.012800 -0.180807 0.983435
vn 0.012800 -0.180807 0.983435
vn 0.998900 0.046900 0.000000
vn 0.998900 0.046900 0.000000
vn 0.998900 0.046900 0.000000
vn 0.998900 0.046900 0.000000
vn 0.998900 0.046900 0.000000
vn 0.998900 0.046900 0.000000
vn 0.998987 0.044999 0.000000
vn 0.998987 0.044999 0.000000
vn 0.998987 0.044999 0.000000
vn 0.998987 0.044999 0.000000
vn 0.998987 0.044999 0.000000
vn 0.998987 0.044999 0.000000
vn 0.011901 -0.180809 0.983446
vn 0.011901 -0.180809 0.983446
vn 0.011901 -0.180809 0.983446
vn 0.011901 -0.180809 0.983446
vn 0.011901 -0.180809 0.983446
vn 0.011901 -0.180809 0.983446
vn -0.011800 0.180307 0.983540
vn -0.011800 0.180307 0.983540
vn -0.011800 0.180307 0.983540
vn 0.011901 -0.180809 0.983446
vn 0.011901 -0.180809 0.983446
vn 0.011901 -0.180809 0.983446
vn 0.011901 -0.180809 0.983446
vn 0.011901 -0.180809 0.983446
vn 0.011901 -0.180809 0.983446
vn 0.011901 -0.180809 0.983446
vn 0.011901 -0.180809 0.983446
vn 0.011901 -0.180809 0.983446
vn 0.065497 -0.997853 0.000000
vn 0.065497 -0.997853 0.000000
vn 0.065497 -0.997853 0.000000
vn 0.065497 -0.997853 0.000000
vn 0.065497 -0.997853 0.000000
vn 0.065497 -0.997853 0.000000
vn -0.011800 0.180307 0.983540
vn -0.011800 0.180307 0.983540
vn -0.011800 0.180307 0.983540
vn -0.011800 0.180307 0.983540
vn -0.011800 0.180307 0.983540
vn -0.011800 0.180307 0.983540
vn -0.065497 0.997853 -0.000000
vn -0.065497 0.997853 -0.000000
vn -0.065497 0.997853 -0.000000
vn -0.065497 0.997853 -0.000000
vn -0.065497 0.997853 -0.000000
vn -0.065497 0.997853 -0.000000
vn -0.011800 0.180307 0.983540
vn -0.011800 0.180307 0.983540
vn -0.011800 0.180307 0.983540
vn -0.011800 0.180307 0.983540
vn -0.011800 0.180307 0.983540
vn -0.011800 0.180307 0.983540
vn 0.011901 -0.180809 0.983446
vn 0.011901 -0.180809 0.983446
vn 0.011901 -0.180809 0.983446
vn 0.011901 -0.180809 0.983446
vn 0.011901 -0.180809 0.983446
vn 0.011901 -0.180809 0.983446
vn 0.011901 -0.180809 0.983446
vn 0.011901 -0.180809 0.983446
vn 0.011901 -0.180809 0.983446
vn 0.011901 -0.180809 0.983446
vn 0.011901 -0.180809 0.983446
vn 0.011901 -0.180809 0.983446
vn 0.065497 -0.997853 0.000000
vn 0.065497 -0.997853 0.000000
vn 0.065497 -0.997853 0.000000
vn 0.065497 -0.997853 0.000000
vn 0.065497 -0.997853 0.000000
vn 0.065497 -0.997853 0.000000
vn -0.011800 0.180307 0.983540
vn -0.011800 0.180307 0.983540
vn -0.011800 0.180307 0.983540
vn -0.011800 0.180307 0.983540
vn -0.011800 0.180307 0.983540
vn -0.011800 0.180307 0.983540
vn -0.065497 0.997853 -0.000000
vn -0.065497 0.997853 -0.000000
vn -0.065497 0.997853 -0.000000
vn -0.065497 0.997853 -0.000000
vn -0.065497 0.997853 -0.000000
vn -0.065497 0.997853 -0.000000
vn -0.011800 0.180307 0.983540
vn -0.011800 0.180307 0.983540
vn -0.011800 0.180307 0.983540
vn -0.011800 0.180307 0.983540
vn -0.011800 0.180307 0.983540
vn -0.011800 0.180307 0.983540
vn 0.011901 -0.180809 0.983446
vn 0.011901 -0.180809 0.983446
vn 0.011901 -0.180809 0.983446
vn 0.011901 -0.180809 0.983446
vn 0.011901 -0.180809 0.983446
vn 0.011901 -0.180809 0.983446
vn 0.011901 -0.180809 0.983446
vn 0.011901 -0.180809 0.983446
vn 0.011901 -0.180809 0.983446
vn -0.011800 0.180307 0.983540
vn -0.011800 0.180307 0.983540
vn -0.011800 0.180307 0.983540
vn 0.011901 -0.180809 0.983446
vn 0.011901 -0.180809 0.983446
vn 0.011901 -0.180809 0.983446
vn -0.011800 0.180307 0.983540
vn -0.011800 0.180307 0.983540
vn -0.011800 0.180307 0.983540
vn -0.011800 0.180307 0.983540
vn -0.011800 0.180307 0.983540
vn -0.011800 0.180307 0.983540
vn -0.011800 0.180307 0.983540
vn -0.011800 0.180307 0.983540
vn -0.011800 0.180307 0.983540
vn -0.011800 0.180307 0.983540
vn -0.011800 0.180307 0.983540
vn -0.011800 0.180307 0.983540
vn -0.065497 0.997853 -0.000000
vn -0.065497 0.997853 -0.000000
vn -0.065497 0.997853 -0.000000
vn -0.065497 0.997853 -0.000000
vn -0.065497 0.997853 -0.000000
vn -0.065497 0.997853 -0.000000
vn 0.011901 -0.180809 0.983446
vn 0.011901 -0.180809 0.983446
vn 0.011901 -0.180809 0.983446
vn 0.011901 -0.180809 0.983446
vn 0.011901 -0.180809 0.983446
vn 0.011901 -0.180809 0.983446
vn 0.065497 -0.997853 0.000000
vn 0.065497 -0.997853 0.000000
vn 0.065497 -0.997853 0.000000
vn 0.065497 -0.997853 0.000000
vn 0.065497 -0.997853 0.000000
vn 0.065497 -0.997853 0.000000
vn -0.011800 0.180307 0.983540
vn -0.011800 0.180307 0.983540
vn -0.011800 0.180307 0.983540
vn 0.011901 -0.180809 0.983446
vn 0.011901 -0.180809 0.983446
vn 0.011901 -0.180809 0.983446
vn 0.011901 -0.180809 0.983446
vn 0.011901 -0.180809 0.983446
vn 0.011901 -0.180809 0.983446
vn 0.065497 -0.997853 0.000000
vn 0.065497 -0.997853 0.000000
vn 0.065497 -0.997853 0.000000
vn 0.065497 -0.997853 0.000000
vn 0.065497 -0.997853 0.000000
vn 0.065497 -0.997853 0.000000
vn -0.011800 0.180307 0.983540
vn -0.011800 0.180307 0.983540
vn -0.011800 0.180307 0.983540
vn -0.011800 0.180307 0.983540
vn -0.011800 0.180307 0.983540
vn -0.011800 0.180307 0.983540
vn 0.011901 -0.180809 0.983446
vn 0.011901 -0.180809 0.983446
vn 0.011901 -0.180809 0.983446
vn 0.011901 -0.180809 0.983446
vn 0.011901 -0.180809 0.983446
vn 0.011901 -0.180809 0.983446
vn -0.011800 0.180307 0.983540
vn -0.011800 0.180307 0.983540
vn -0.011800 0.180307 0.983540
vn -0.011800 0.180307 0.983540
vn -0.011800 0.180307 0.983540
vn -0.011800 0.180307 0.983540
vn 0.011901 -0.180809 0.983446
vn 0.011901 -0.180809 0.983446
vn 0.011901 -0.180809 0.983446
vn 0.011901 -0.180809 0.983446
vn 0.011901 -0.180809 0.983446
vn 0.011901 -0.180809 0.983446
vn 0.065497 -0.997853 0.000000
vn 0.065497 -0.997853 0.000000
vn 0.065497 -0.997853 0.000000
vn 0.065497 -0.997853 0.000000
vn 0.065497 -0.997853 0.000000
vn 0.065497 -0.997853 0.000000
vn -0.011800 0.180307 0.983540
vn -0.011800 0.180307 0.983540
vn -0.011800 0.180307 0.983540
vn -0.011800 0.180307 0.983540
vn -0.011800 0.180307 0.983540
vn -0.011800 0.180307 0.983540
vn 0.011901 -0.180809 0.983446
vn 0.011901 -0.180809 0.983446
vn 0.011901 -0.180809 0.983446
vn -0.011800 0.180307 0.983540
vn -0.011800 0.180307 0.983540
vn -0.011800 0.180307 0.983540
vn 0.011901 -0.180809 0.983446
vn 0.011901 -0.180809 0.983446
vn 0.011901 -0.180809 0.983446
vn 0.011901 -0.180809 0.983446
vn 0.011901 -0.180809 0.983446
vn 0.011901 -0.180809 0.983446
vn -0.011800 0.180307 0.983540
vn -0.011800 0.180307 0.983540
vn -0.011800 0.180307 0.983540
vn -0.011800 0.180307 0.983540
vn -0.011800 0.180307 0.983540
vn -0.011800 0.180307 0.983540
vn 0.011901 -0.180809 0.983446
vn 0.011901 -0.180809 0.983446
vn 0.011901 -0.180809 0.983446
vn 0.011901 -0.180809 0.983446
vn 0.011901 -0.180809 0.983446
vn 0.011901 -0.180809 0.983446
vn -0.011800 0.180307 0.983540
vn -0.011800 0.180307 0.983540
vn -0.011800 0.180307 0.983540
vn -0.011800 0.180307 0.983540
vn -0.011800 0.180307 0.983540
vn -0.011800 0.180307 0.983540
vn -0.011800 0.180307 0.983540
vn -0.011800 0.180307 0.983540
vn -0.011800 0.180307 0.983540
vn -0.011800 0.180307 0.983540
vn -0.011800 0.180307 0.983540
vn -0.011800 0.180307 0.983540
vn 0.011901 -0.180809 0.983446
vn 0.011901 -0.180809 0.983446
vn 0.011901 -0.180809 0.983446
vn 0.011901 -0.180809 0.983446
vn 0.011901 -0.180809 0.983446
vn 0.011901 -0.180809 0.983446
vn 0.065497 -0.997853 0.000000
vn 0.065497 -0.997853 0.000000
vn 0.065497 -0.997853 0.000000
vn 0.065497 -0.997853 0.000000
vn 0.065497 -0.997853 0.000000
vn 0.065497 -0.997853 0.000000
vn -0.011800 0.180307 0.983540
vn -0.011800 0.180307 0.983540
vn -0.011800 0.180307 0.983540
vn -0.011800 0.180307 0.983540
vn -0.011800 0.180307 0.983540
vn -0.011800 0.180307 0.983540
vn 0.011901 -0.180809 0.983446
vn 0.011901 -0.180809 0.983446
vn 0.011901 -0.180809 0.983446
vn 0.011901 -0.180809 0.983446
vn 0.011901 -0.180809 0.983446
vn 0.011901 -0.180809 0.983446
vn 0.011901 -0.180809 0.983446
vn 0.011901 -0.180809 0.983446
vn 0.011901 -0.180809 0.983446
vn -0.011800 0.180307 0.983540
vn -0.011800 0.180307 0.983540
vn -0.011800 0.180307 0.983540
vn -0.011800 0.180307 0.983540
vn -0.011800 0.180307 0.983540
vn -0.011800 0.180307 0.983540
vn 0.011901 -0.180809 0.983446
vn 0.011901 -0.180809 0.983446
vn 0.011901 -0.180809 0.983446
vn 0.011901 -0.180809 0.983446
vn 0.011901 -0.180809 0.983446
vn 0.011901 -0.180809 0.983446
vn 0.065497 -0.997853 0.000000
vn 0.065497 -0.997853 0.000000
vn 0.065497 -0.997853 0.000000
vn 0.065497 -0.997853 0.000000
vn 0.065497 -0.997853 0.000000
vn 0.065497 -0.997853 0.000000
vn -0.011800 0.180307 0.983540
vn -0.011800 0.180307 0.983540
vn -0.011800 0.180307 0.983540
vn -0.011800 0.180307 0.983540
vn -0.011800 0.180307 0.983540
vn -0.011800 0.180307 0.983540
vn 0.011901 -0.180809 0.983446
vn 0.011901 -0.180809 0.983446
vn 0.011901 -0.180809 0.983446
vn -0.011800 0.180307 0.983540
vn -0.011800 0.180307 0.983540
vn -0.011800 0.180307 0.983540
vn 0.011901 -0.180809 0.983446
vn 0.011901 -0.180809 0.983446
vn 0.011901 -0.180809 0.983446
vn 0.011901 -0.180809 0.983446
vn 0.011901 -0.180809 0.983446
vn 0.011901 -0.180809 0.983446
vn -0.011800 0.180307 0.983540
vn -0.011800 0.180307 0.983540
vn -0.011800 0.180307 0.983540
vn 0.011901 -0.180809 0.983446
vn 0.011901 -0.180809 0.983446
vn 0.011901 -0.180809 0.983446
vn 0.011901 -0.180809 0.983446
vn 0.011901 -0.180809 0.983446
vn 0.011901 -0.180809 0.983446
vn -0.011800 0.180307 0.983540
vn -0.011800 0.180307 0.983540
vn -0.011800 0.180307 0.983540
vn -0.011800 0.180307 0.983540
vn -0.011800 0.180307 0.983540
vn -0.011800 0.180307 0.983540
vn 0.011901 -0.180809 0.983446
vn 0.011901 -0.180809 0.983446
vn 0.011901 -0.180809 0.983446
vn 0.011901 -0.180809 0.983446
vn 0.011901 -0.180809 0.983446
vn 0.011901 -0.180809 0.983446
vn -0.011800 0.180307 0.983540
vn -0.011800 0.180307 0.983540
vn -0.011800 0.180307 0.983540
vn -0.011800 0.180307 0.983540
vn -0.011800 0.180307 0.983540
vn -0.011800 0.180307 0.983540
vn 0.011901 -0.180809 0.983446
vn 0.011901 -0.180809 0.983446
vn 0.011901 -0.180809 0.983446
vn 0.011901 -0.180809 0.983446
vn 0.011901 -0.180809 0.983446
vn 0.011901 -0.180809 0.983446
vn 0.011901 -0.180809 0.983446
vn 0.011901 -0.180809 0.983446
vn 0.011901 -0.180809 0.983446
vn -0.011800 0.180307 0.983540
vn -0.011800 0.180307 0.983540
vn -0.011800 0.180307 0.983540
vn -0.011800 0.180307 0.983540
vn -0.011800 0.180307 0.983540
vn -0.011800 0.180307 0.983540
vn -0.011800 0.180307 0.983540
vn -0.011800 0.180307 0.983540
vn -0.011800 0.180307 0.983540
vn -0.011800 0.180307 0.983540
vn -0.011800 0.180307 0.983540
vn -0.011800 0.180307 0.983540
vn 0.011901 -0.180809 0.983446
vn 0.011901 -0.180809 0.983446
vn 0.011901 -0.180809 0.983446
vn 0.070600 -0.997505 0.000000
vn 0.070600 -0.997505 0.000000
vn 0.070600 -0.997505 0.000000
vn 0.070600 -0.997505 0.000000
vn 0.070600 -0.997505 0.000000
vn 0.070600 -0.997505 0.000000
vn -0.070600 0.997505 -0.000000
vn -0.070600 0.997505 -0.000000
vn -0.070600 0.997505 -0.000000
vn -0.070600 0.997505 -0.000000
vn -0.070600 0.997505 -0.000000
vn -0.070600 0.997505 -0.000000
vn -0.012799 0.180191 0.983548
vn -0.012799 0.180191 0.983548
vn -0.012799 0.180191 0.983548
vn -0.012801 0.180208 0.983545
vn -0.012801 0.180208 0.983545
vn -0.012801 0.180208 0.983545
vn -0.012801 0.180208 0.983545
vn -0.012801 0.180208 0.983545
vn -0.012801 0.180208 0.983545
vn 0.012799 -0.180692 0.983456
vn 0.012799 -0.180692 0.983456
vn 0.012799 -0.180692 0.983456
vn 0.012800 -0.180807 0.983435
vn 0.012800 -0.180807 0.983435
vn 0.012800 -0.180807 0.983435
vn 0.012800 -0.180807 0.983435
vn 0.012800 -0.180807 0.983435
vn 0.012800 -0.180807 0.983435
vn -0.070600 0.997505 -0.000000
vn -0.070600 0.997505 -0.000000
vn -0.070600 0.997505 -0.000000
vn -0.070600 0.997505 -0.000000
vn -0.070600 0.997505 -0.000000
vn -0.070600 0.997505 -0.000000
vn -0.012799 0.180191 0.983548
vn -0.012799 0.180191 0.983548
vn -0.012799 0.180191 0.983548
vn 0.012799 -0.180692 0.983456
vn 0.012799 -0.180692 0.983456
vn 0.012799 -0.180692 0.983456
vn 0.012799 -0.180692 0.983456
vn 0.012799 -0.180692 0.983456
vn 0.012799 -0.180692 0.983456
vn -0.012801 0.180208 0.983545
vn -0.012801 0.180208 0.983545
vn -0.012801 0.180208 0.983545
vn -0.012801 0.180208 0.983545
vn -0.012801 0.180208 0.983545
vn -0.012801 0.180208 0.983545
vn -0.012801 0.180208 0.983545
vn -0.012801 0.180208 0.983545
vn -0.012801 0.180208 0.983545
vn -0.012801 0.180208 0.983545
vn -0.012801 0.180208 0.983545
vn -0.012801 0.180208 0.983545
vn -0.070600 0.997505 -0.000000
vn -0.070600 0.997505 -0.000000
vn -0.070600 0.997505 -0.000000
vn -0.070600 0.997505 -0.000000
vn -0.070600 0.997505 -0.000000
vn -0.070600 0.997505 -0.000000
vn -0.012799 0.180191 0.983548
vn -0.012799 0.180191 0.983548
vn -0.012799 0.180191 0.983548
vn -0.012799 0.180191 0.983548
vn -0.012799 0.180191 0.983548
vn -0.012799 0.180191 0.983548
vn -0.012799 0.180191 0.983548
vn -0.012799 0.180191 0.983548
vn -0.012799 0.180191 0.983548
vn 0.070600 -0.997505 0.000000
vn 0.070600 -0.997505 0.000000
vn 0.070600 -0.997505 0.000000
vn 0.070600 -0.997505 0.000000
vn 0.070600 -0.997505 0.000000
vn 0.070600 -0.997505 0.000000
vn 0.012800 -0.180807 0.983435
vn 0.012800 -0.180807 0.983435
vn 0.012800 -0.180807 0.983435
vn 0.012800 -0.180807 0.983435
vn 0.012800 -0.180807 0.983435
vn 0.012800 -0.180807 0.983435
vn -0.070600 0.997505 -0.000000
vn -0.070600 0.997505 -0.000000
vn -0.070600 0.997505 -0.000000
vn -0.070600 0.997505 -0.000000
vn -0.070600 0.997505 -0.000000
vn -0.070600 0.997505 -0.000000
vn -0.012799 0.180191 0.983548
vn -0.012799 0.180191 0.983548
vn -0.012799 0.180191 0.983548
vn -0.012799 0.180191 0.983548
vn -0.012799 0.180191 0.983548
vn -0.012799 0.180191 0.983548
vn -0.012799 0.180191 0.983548
vn -0.012799 0.180191 0.983548
vn -0.012799 0.180191 0.983548
vn 0.012799 -0.180692 0.983456
vn 0.012799 -0.180692 0.983456
vn 0.012799 -0.180692 0.983456
vn 0.012799 -0.180692 0.983456
vn 0.012799 -0.180692 0.983456
vn 0.012799 -0.180692 0.983456
vn -0.012801 0.180208 0.983545
vn -0.012801 0.180208 0.983545
vn -0.012801 0.180208 0.983545
vn 0.012800 -0.180807 0.983435
vn 0.012800 -0.180807 0.983435
vn 0.012800 -0.180807 0.983435
vn -0.065497 0.997853 -0.000000
vn -0.065497 0.997853 -0.000000
vn -0.065497 0.997853 -0.000000
vn -0.065497 0.997853 -0.000000
vn -0.065497 0.997853 -0.000000
vn -0.065497 0.997853 -0.000000
vn -0.065497 0.997853 -0.000000
vn -0.065497 0.997853 -0.000000
vn -0.065497 0.997853 -0.000000
vn -0.065497 0.997853 -0.000000
vn -0.065497 0.997853 -0.000000
vn -0.065497 0.997853 -0.000000
vn -0.065497 0.997853 -0.000000
vn -0.065497 0.997853 -0.000000
vn -0.065497 0.997853 -0.000000
vn -0.065497 0.997853 -0.000000
vn -0.065497 0.997853 -0.000000
vn -0.065497 0.997853 -0.000000
vn -0.065497 0.997853 -0.000000
vn -0.065497 0.997853 -0.000000
vn -0.065497 0.997853 -0.000000
vn -0.065497 0.997853 -0.000000
vn -0.065497 0.997853 -0.000000
vn -0.065497 0.997853 -0.000000
vn -0.065497 0.997853 -0.000000
vn -0.065497 0.997853 -0.000000
vn -0.065497 0.997853 -0.000000
vn -0.065497 0.997853 -0.000000
vn -0.065497 0.997853 -0.000000
vn -0.065497 0.997853 -0.000000
vn -0.065497 0.997853 -0.000000
vn -0.065497 0.997853 -0.000000
vn -0.065497 0.997853 -0.000000
vn -0.065497 0.997853 -0.000000
vn -0.065497 0.997853 -0.000000
vn -0.065497 0.997853 -0.000000
vn -0.065497 0.997853 -0.000000
vn -0.065497 0.997853 -0.000000
vn -0.065497 0.997853 -0.000000
vn -0.065497 0.997853 -0.000000
vn -0.065497 0.997853 -0.000000
vn -0.065497 0.997853 -0.000000
vn -0.999000 -0.044700 0.000000
vn -0.999000 -0.044700 0.000000
vn -0.999000 -0.044700 0.000000
vn -0.999000 -0.044700 0.000000
vn -0.999000 -0.044700 0.000000
vn -0.999000 -0.044700 0.000000
vn -0.998358 -0.056898 0.006600
vn -0.998122 -0.060901 0.006600
vn -0.998358 -0.056898 0.006600
vn -0.998358 -0.056898 0.006600
vn -0.998122 -0.060901 0.006600
vn -0.998128 -0.060802 0.006600
vn -0.997864 -0.064998 0.006600
vn -0.997864 -0.064998 0.006600
vn -0.998116 -0.061001 0.006600
vn -0.998116 -0.061001 0.006600
vn -0.997864 -0.064998 0.006600
vn -0.998116 -0.061001 0.006600
s off
g sheath
usemtl initialShadingGroup
f 4/1/1 6/2/2 9/3/3
f 144/4/4 4/1/5 143/5/6
f 143/5/7 4/1/8 7/6/9
f 6/2/10 5/7/11 8/8/12
f 9/3/13 6/2/14 8/8/15
f 5/7/16 134/9/17 8/8/18
f 8/8/19 134/9/20 135/10/21
f 7/6/22 9/3/23 12/11/24
f 10/12/25 7/6/26 12/11/27
f 143/5/28 7/6/29 142/13/30
f 142/13/31 7/6/32 10/12/33
f 9/3/34 8/8/35 11/14/36
f 12/11/37 9/3/38 11/14/39
f 8/8/40 135/10/41 11/14/42
f 11/14/43 135/10/44 136/15/45
f 10/12/46 12/11/47 15/16/48
f 13/17/49 10/12/50 15/16/51
f 142/13/52 10/12/53 141/18/54
f 141/18/55 10/12/56 13/17/57
f 12/11/58 11/14/59 14/19/60
f 15/16/61 12/11/62 14/19/63
f 11/14/64 136/15/65 14/19/66
f 14/19/67 136/15/68 137/20/69
f 1/21/70 140/22/71 13/17/72
f 13/17/73 140/22/74 141/18/75
f 2/23/76 14/19/77 138/24/78
f 138/24/79 14/19/80 137/20/81
f 2/23/82 3/25/83 15/16/84
f 14/19/85 2/23/86 15/16/87
f 3/25/88 1/21/89 13/17/90
f 15/16/91 3/25/92 13/17/93
f 138/24/94 139/26/95 2/23/96
f 2/23/97 139/26/98 3/25/99
f 140/22/100 1/21/101 139/26/102
f 139/26/103 1/21/104 3/25/105
f 9/3/106 7/6/107 4/1/108
f 21/27/109 31/28/110 19/29/111
f 19/29/112 31/28/113 32/30/114
f 19/29/115 33/31/116 175/32/117
f 175/32/118 33/31/119 174/33/120
f 22/34/121 170/35/122 49/36/123
f 49/36/124 170/35/125 171/37/126
f 20/38/127 34/39/128 21/27/129
f 21/27/130 34/39/131 35/40/132
f 48/41/133 47/42/134 24/43/135
f 24/43/136 47/42/137 23/44/138
f 20/38/139 176/45/140 34/39/141
f 34/39/142 176/45/143 177/46/144
f 23/44/145 50/47/146 181/48/147
f 181/48/148 50/47/149 180/49/150
f 22/34/151 24/43/152 52/50/153
f 52/50/154 24/43/155 51/51/156
f 73/52/157 72/53/158 25/54/159
f 25/54/160 72/53/161 27/55/162
f 170/35/163 22/34/164 169/56/165
f 169/56/166 22/34/167 53/57/168
f 25/54/169 163/58/170 73/52/171
f 73/52/172 163/58/173 164/59/174
f 24/43/175 23/44/176 55/60/177
f 55/60/178 23/44/179 54/61/180
f 75/62/181 74/63/182 27/55/183
f 27/55/184 74/63/185 26/64/186
f 181/48/187 182/65/188 23/44/189
f 23/44/190 182/65/191 54/61/192
f 25/54/193 27/55/194 83/66/195
f 83/66/196 27/55/197 82/67/198
f 28/68/199 108/69/200 30/70/201
f 30/70/202 108/69/203 107/71/204
f 28/68/205 158/72/206 108/69/207
f 108/69/208 158/72/209 159/73/210
f 27/55/211 26/64/212 85/74/213
f 85/74/214 26/64/215 84/75/216
f 29/76/217 30/70/218 96/77/219
f 96/77/220 30/70/221 111/78/222
f 30/70/223 110/79/224 111/78/225
f 29/76/226 99/80/227 146/81/228
f 146/81/229 99/80/230 145/82/231
f 194/83/232 195/84/233 19/85/234
f 19/85/235 195/84/236 21/86/237
f 16/87/238 153/88/239 132/89/240
f 132/89/241 153/88/242 154/90/243
f 158/72/244 28/68/245 157/91/246
f 157/91/247 28/68/248 113/92/249
f 17/93/250 129/94/251 151/95/252
f 151/95/253 129/94/254 150/96/255
f 17/93/256 18/97/257 131/98/258
f 131/98/259 18/97/260 130/99/261
f 114/100/262 116/101/263 29/76/264
f 29/76/265 116/101/266 30/70/267
f 18/97/268 16/87/269 133/102/270
f 133/102/271 16/87/272 132/89/273
f 115/103/274 117/104/275 30/70/276
f 30/70/277 117/104/278 28/68/279
f 151/95/280 152/105/281 17/93/282
f 17/93/283 152/105/284 18/97/285
f 153/88/286 16/87/287 152/105/288
f 152/105/289 16/87/290 18/97/291
f 24/43/292 22/34/293 46/106/294
f 46/106/295 22/34/296 49/36/297
f 35/40/298 31/28/299 21/27/300
f 32/30/301 33/31/302 19/29/303
f 38/107/304 43/108/305 36/109/306
f 36/109/307 43/108/308 41/110/309
f 39/111/310 44/112/311 173/113/312
f 173/113/313 44/112/314 172/114/315
f 40/115/316 45/116/317 37/117/318
f 37/117/319 45/116/320 42/118/321
f 40/115/322 178/119/323 45/116/324
f 45/116/325 178/119/326 179/120/327
f 42/118/328 43/108/329 37/117/330
f 37/117/331 43/108/332 38/107/333
f 41/110/334 44/112/335 36/109/336
f 36/109/337 44/112/338 39/111/339
f 41/110/340 43/108/341 46/106/342
f 46/106/343 43/108/344 48/41/345
f 172/114/346 44/112/347 171/37/348
f 171/37/349 44/112/350 49/36/351
f 42/118/352 45/116/353 47/42/354
f 47/42/355 45/116/356 50/47/357
f 179/120/358 180/49/359 45/116/360
f 45/116/361 180/49/362 50/47/363
f 47/42/364 48/41/365 42/118/366
f 42/118/367 48/41/368 43/108/369
f 46/106/370 49/36/371 41/110/372
f 41/110/373 49/36/374 44/112/375
f 46/106/376 48/41/377 24/43/378
f 47/42/379 50/47/380 23/44/381
f 52/50/382 53/57/383 22/34/384
f 55/60/385 51/51/386 24/43/387
f 67/121/388 69/122/389 62/123/390
f 58/124/391 66/125/392 69/122/393
f 66/125/394 62/123/395 69/122/396
f 60/126/397 68/127/398 189/128/399
f 189/128/400 68/127/401 188/129/402
f 56/130/403 59/131/404 79/132/405
f 79/132/406 59/131/407 77/133/408
f 166/134/409 57/135/410 165/136/411
f 165/136/412 57/135/413 80/137/414
f 61/138/415 66/125/416 58/124/417
f 63/139/418 64/140/419 70/141/420
f 70/141/421 64/140/422 71/142/423
f 64/140/424 167/143/425 71/142/426
f 71/142/427 167/143/428 168/144/429
f 61/138/430 65/145/431 81/146/432
f 81/146/433 65/145/434 78/147/435
f 70/141/436 67/121/437 63/139/438
f 63/139/439 67/121/440 62/123/441
f 69/122/442 68/127/443 58/124/444
f 58/124/445 68/127/446 60/126/447
f 72/53/448 73/52/449 79/132/450
f 79/132/451 73/52/452 80/137/453
f 165/136/454 80/137/455 164/59/456
f 164/59/457 80/137/458 73/52/459
f 74/63/460 75/62/461 81/146/462
f 81/146/463 75/62/464 77/133/465
f 72/53/466 75/62/467 27/55/468
f 74/63/469 76/148/470 26/64/471
f 79/132/472 77/133/473 72/53/474
f 72/53/475 77/133/476 75/62/477
f 81/146/478 78/147/479 74/63/480
f 74/63/481 78/147/482 76/148/483
f 79/132/484 80/137/485 56/130/486
f 56/130/487 80/137/488 57/135/489
f 81/146/490 77/133/491 61/138/492
f 61/138/493 77/133/494 66/125/495
f 77/133/496 59/131/497 66/125/498
f 85/74/499 82/67/500 27/55/501
f 89/149/502 93/150/503 86/151/504
f 86/151/505 93/150/506 91/152/507
f 162/153/508 87/154/509 161/155/510
f 161/155/511 87/154/512 97/156/513
f 90/157/514 94/158/515 88/159/516
f 88/159/517 94/158/518 92/160/519
f 86/151/520 91/152/521 87/154/522
f 100/161/523 97/156/524 91/152/525
f 91/152/526 97/156/527 87/154/528
f 93/150/529 89/149/530 92/160/531
f 92/160/532 89/149/533 88/159/534
f 93/150/535 102/162/536 91/152/537
f 91/152/538 102/162/539 104/163/540
f 108/69/541 159/73/542 101/164/543
f 101/164/544 159/73/545 160/165/546
f 94/158/547 103/166/548 92/160/549
f 92/160/550 103/166/551 105/167/552
f 95/168/553 106/169/554 104/163/555
f 96/77/556 111/78/557 109/170/558
f 95/168/559 98/171/560 107/71/561
f 107/71/562 98/171/563 110/79/564
f 96/77/565 99/80/566 29/76/567
f 104/163/568 102/162/569 95/168/570
f 95/168/571 102/162/572 98/171/573
f 103/166/574 112/172/575 105/167/576
f 105/167/577 112/172/578 109/170/579
f 106/169/580 100/161/581 104/163/582
f 104/163/583 100/161/584 91/152/585
f 102/162/586 93/150/587 105/167/588
f 105/167/589 93/150/590 92/160/591
f 108/69/592 101/164/593 107/71/594
f 106/169/595 95/168/596 101/164/597
f 101/164/598 95/168/599 107/71/600
f 111/78/601 110/79/602 98/171/603
f 105/167/604 109/170/605 102/162/606
f 102/162/607 109/170/608 98/171/609
f 109/170/610 111/78/611 98/171/612
f 107/71/613 110/79/614 30/70/615
f 157/91/616 113/92/617 156/173/618
f 156/173/619 113/92/620 120/174/621
f 114/100/622 29/76/623 147/175/624
f 147/175/625 29/76/626 146/81/627
f 116/101/628 115/103/629 30/70/630
f 114/100/631 125/176/632 116/101/633
f 116/101/634 125/176/635 124/177/636
f 117/104/637 113/92/638 28/68/639
f 117/104/640 115/103/641 122/178/642
f 122/178/643 115/103/644 119/179/645
f 118/180/646 125/176/647 149/181/648
f 149/181/649 125/176/650 148/182/651
f 121/183/652 128/184/653 124/177/654
f 122/178/655 120/174/656 117/104/657
f 117/104/658 120/174/659 113/92/660
f 121/183/661 118/180/662 131/98/663
f 131/98/664 118/180/665 129/94/666
f 125/176/667 118/180/668 124/177/669
f 124/177/670 118/180/671 121/183/672
f 125/176/673 114/100/674 148/182/675
f 148/182/676 114/100/677 147/175/678
f 116/101/679 124/177/680 115/103/681
f 119/179/682 115/103/683 128/184/684
f 124/177/685 128/184/686 115/103/687
f 155/185/688 126/186/689 154/90/690
f 154/90/691 126/186/692 132/89/693
f 123/187/694 130/99/695 127/188/696
f 127/188/697 130/99/698 133/102/699
f 129/94/700 118/180/701 150/96/702
f 150/96/703 118/180/704 149/181/705
f 131/98/706 130/99/707 121/183/708
f 121/183/709 130/99/710 128/184/711
f 130/99/712 123/187/713 128/184/714
f 133/102/715 132/89/716 127/188/717
f 127/188/718 132/89/719 126/186/720
f 131/98/721 129/94/722 17/93/723
f 133/102/724 130/99/725 18/97/726
f 184/189/727 183/190/728 26/64/729
f 26/64/730 183/190/731 84/75/732
f 185/191/733 184/189/734 76/148/735
f 76/148/736 184/189/737 26/64/738
f 76/148/739 78/147/740 185/191/741
f 185/191/742 78/147/743 186/192/744
f 187/193/745 186/192/746 65/145/747
f 65/145/748 186/192/749 78/147/750
f 191/194/751 190/195/752 103/166/753
f 103/166/754 190/195/755 112/172/756
f 192/196/757 191/194/758 94/158/759
f 94/158/760 191/194/761 103/166/762
f 193/197/763 192/196/764 90/157/765
f 90/157/766 192/196/767 94/158/768
f 176/45/769 20/38/770 195/84/771
f 195/84/772 20/38/773 21/86/774
f 134/9/775 5/7/776 196/198/777
f 196/198/778 5/7/779 6/2/780
f 6/2/781 4/1/782 196/198/783
f 196/198/784 4/1/785 144/4/786
f 200/199/787 205/200/788 202/201/789
f 144/4/790 143/5/791 200/202/792
f 200/202/793 143/5/794 203/203/795
f 202/204/796 204/205/797 201/206/798
f 205/207/799 204/208/800 202/209/801
f 201/210/802 204/211/803 134/9/804
f 134/9/805 204/211/806 135/10/807
f 203/212/808 208/213/809 205/214/810
f 206/215/811 208/216/812 203/217/813
f 143/5/814 142/13/815 203/218/816
f 203/218/817 142/13/818 206/219/819
f 205/220/820 207/221/821 204/222/822
f 208/223/823 207/224/824 205/225/825
f 204/226/826 207/227/827 135/10/828
f 135/10/829 207/227/830 136/15/831
f 206/228/832 211/229/833 208/230/834
f 209/231/835 211/232/836 206/233/837
f 142/13/838 141/18/839 206/234/840
f 206/234/841 141/18/842 209/235/843
f 208/236/844 210/237/845 207/238/846
f 211/239/847 210/240/848 208/241/849
f 207/242/850 210/243/851 136/15/852
f 136/15/853 210/243/854 137/20/855
f 197/244/856 209/245/857 140/22/858
f 140/22/859 209/245/860 141/18/861
f 198/246/862 138/24/863 210/247/864
f 210/247/865 138/24/866 137/20/867
f 198/248/868 211/249/869 199/250/870
f 210/251/871 211/252/872 198/253/873
f 199/254/874 209/255/875 197/256/876
f 211/257/877 209/258/878 199/259/879
f 138/24/880 198/260/881 139/26/882
f 139/26/883 198/260/884 199/261/885
f 199/262/886 197/263/887 139/26/888
f 139/26/889 197/263/890 140/22/891
f 205/264/892 200/265/893 203/266/894
f 228/267/895 227/268/896 215/269/897
f 215/269/898 227/268/899 217/270/900
f 174/33/901 229/271/902 175/32/903
f 175/32/904 229/271/905 215/272/906
f 218/273/907 245/274/908 170/35/909
f 170/35/910 245/274/911 171/37/912
f 231/275/913 230/276/914 217/277/915
f 217/277/916 230/276/917 216/278/918
f 219/279/919 243/280/920 220/281/921
f 220/281/922 243/280/923 244/282/924
f 216/283/925 230/284/926 176/45/927
f 176/45/928 230/284/929 177/46/930
f 180/49/931 246/285/932 181/48/933
f 181/48/934 246/285/935 219/286/936
f 218/287/937 248/288/938 220/289/939
f 220/289/940 248/288/941 247/290/942
f 223/291/943 268/292/944 221/293/945
f 221/293/946 268/292/947 269/294/948
f 170/35/949 169/56/950 218/295/951
f 218/295/952 169/56/953 249/296/954
f 221/297/955 269/298/956 163/58/957
f 163/58/958 269/298/959 164/59/960
f 220/299/961 251/300/962 219/301/963
f 219/301/964 251/300/965 250/302/966
f 222/303/967 270/304/968 223/305/969
f 223/305/970 270/304/971 271/306/972
f 250/307/973 182/65/974 219/308/975
f 219/308/976 182/65/977 181/48/978
f 221/309/979 279/310/980 223/311/981
f 223/311/982 279/310/983 278/312/984
f 224/313/985 226/314/986 304/315/987
f 304/315/988 226/314/989 303/316/990
f 224/317/991 304/318/992 158/72/993
f 158/72/994 304/318/995 159/73/996
f 223/319/997 281/320/998 222/321/999
f 222/321/1000 281/320/1001 280/322/1002
f 225/323/1003 292/324/1004 226/325/1005
f 292/324/1006 307/326/1007 226/325/1008
f 226/325/1009 307/326/1010 306/327/1011
f 145/82/1012 295/328/1013 146/81/1014
f 146/81/1015 295/328/1016 225/329/1017
f 330/330/1018 215/331/1019 195/84/1020
f 195/84/1021 215/331/1022 217/332/1023
f 212/333/1024 328/334/1025 153/88/1026
f 153/88/1027 328/334/1028 154/90/1029
f 158/72/1030 157/91/1031 224/335/1032
f 224/335/1033 157/91/1034 309/336/1035
f 213/337/1036 151/95/1037 325/338/1038
f 325/338/1039 151/95/1040 150/96/1041
f 213/339/1042 327/340/1043 214/341/1044
f 214/341/1045 327/340/1046 326/342/1047
f 226/343/1048 312/344/1049 225/345/1050
f 225/345/1051 312/344/1052 310/346/1053
f 214/347/1054 329/348/1055 212/349/1056
f 212/349/1057 329/348/1058 328/350/1059
f 224/351/1060 313/352/1061 226/353/1062
f 226/353/1063 313/352/1064 311/354/1065
f 151/95/1066 213/355/1067 152/105/1068
f 152/105/1069 213/355/1070 214/356/1071
f 214/357/1072 212/358/1073 152/105/1074
f 152/105/1075 212/358/1076 153/88/1077
f 220/359/1078 242/360/1079 218/361/1080
f 218/361/1081 242/360/1082 245/362/1083
f 231/363/1084 217/364/1085 227/365/1086
f 228/366/1087 215/367/1088 229/368/1089
f 237/369/1090 239/370/1091 232/371/1092
f 232/371/1093 239/370/1094 234/372/1095
f 172/114/1096 240/373/1097 173/113/1098
f 173/113/1099 240/373/1100 235/374/1101
f 238/375/1102 241/376/1103 233/377/1104
f 233/377/1105 241/376/1106 236/378/1107
f 236/379/1108 241/380/1109 178/119/1110
f 178/119/1111 241/380/1112 179/120/1113
f 238/381/1114 233/382/1115 239/383/1116
f 239/383/1117 233/382/1118 234/384/1119
f 237/385/1120 232/386/1121 240/387/1122
f 240/387/1123 232/386/1124 235/388/1125
f 237/389/1126 242/390/1127 239/391/1128
f 239/391/1129 242/390/1130 244/392/1131
f 172/114/1132 171/37/1133 240/393/1134
f 240/393/1135 171/37/1136 245/394/1137
f 238/395/1138 243/396/1139 241/397/1140
f 241/397/1141 243/396/1142 246/398/1143
f 246/399/1144 180/49/1145 241/400/1146
f 241/400/1147 180/49/1148 179/120/1149
f 243/401/1150 238/402/1151 244/403/1152
f 244/403/1153 238/402/1154 239/404/1155
f 242/405/1156 237/406/1157 245/407/1158
f 245/407/1159 237/406/1160 240/408/1161
f 242/409/1162 220/410/1163 244/411/1164
f 243/412/1165 219/413/1166 246/414/1167
f 248/415/1168 218/416/1169 249/417/1170
f 251/418/1171 220/419/1172 247/420/1173
f 263/421/1174 258/422/1175 265/423/1176
f 254/424/1177 265/423/1178 262/425/1179
f 265/423/1180 258/422/1181 262/425/1182
f 188/129/1183 264/426/1184 189/128/1185
f 189/128/1186 264/426/1187 256/427/1188
f 252/428/1189 275/429/1190 255/430/1191
f 255/430/1192 275/429/1193 273/431/1194
f 166/134/1195 165/136/1196 253/432/1197
f 253/432/1198 165/136/1199 276/433/1200
f 257/434/1201 254/435/1202 262/436/1203
f 259/437/1204 266/438/1205 260/439/1206
f 260/439/1207 266/438/1208 267/440/1209
f 260/441/1210 267/442/1211 167/143/1212
f 167/143/1213 267/442/1214 168/144/1215
f 257/443/1216 277/444/1217 261/445/1218
f 261/445/1219 277/444/1220 274/446/1221
f 266/447/1222 259/448/1223 263/449/1224
f 263/449/1225 259/448/1226 258/450/1227
f 265/451/1228 254/452/1229 264/453/1230
f 264/453/1231 254/452/1232 256/454/1233
f 268/455/1234 275/456/1235 269/457/1236
f 269/457/1237 275/456/1238 276/458/1239
f 269/459/1240 276/460/1241 164/59/1242
f 164/59/1243 276/460/1244 165/136/1245
f 270/461/1246 277/462/1247 271/463/1248
f 271/463/1249 277/462/1250 273/464/1251
f 268/465/1252 223/466/1253 271/467/1254
f 270/468/1255 222/469/1256 272/470/1257
f 275/471/1258 268/472/1259 273/473/1260
f 273/473/1261 268/472/1262 271/474/1263
f 277/475/1264 270/476/1265 274/477/1266
f 274/477/1267 270/476/1268 272/478/1269
f 275/479/1270 252/480/1271 276/481/1272
f 276/481/1273 252/480/1274 253/482/1275
f 277/483/1276 257/484/1277 273/485/1278
f 257/484/1279 262/486/1280 273/485/1281
f 262/486/1282 255/487/1283 273/485/1284
f 281/488/1285 223/489/1286 278/490/1287
f 287/491/1288 289/492/1289 282/493/1290
f 282/493/1291 289/492/1292 285/494/1293
f 162/153/1294 161/155/1295 283/495/1296
f 283/495/1297 161/155/1298 293/496/1299
f 288/497/1300 290/498/1301 284/499/1302
f 284/499/1303 290/498/1304 286/500/1305
f 282/501/1306 283/502/1307 287/503/1308
f 296/504/1309 287/503/1310 293/505/1311
f 287/503/1312 283/502/1313 293/505/1314
f 284/506/1315 285/507/1316 288/508/1317
f 288/508/1318 285/507/1319 289/509/1320
f 300/510/1321 298/511/1322 287/512/1323
f 287/512/1324 298/511/1325 289/513/1326
f 304/514/1327 297/515/1328 159/73/1329
f 159/73/1330 297/515/1331 160/165/1332
f 301/516/1333 299/517/1334 288/518/1335
f 288/518/1336 299/517/1337 290/519/1338
f 291/520/1339 300/521/1340 302/522/1341
f 292/523/1342 305/524/1343 307/525/1344
f 291/526/1345 303/527/1346 294/528/1347
f 294/528/1348 303/527/1349 306/529/1350
f 292/530/1351 225/531/1352 295/532/1353
f 300/533/1354 291/534/1355 298/535/1356
f 298/535/1357 291/534/1358 294/536/1359
f 305/537/1360 308/538/1361 301/539/1362
f 301/539/1363 308/538/1364 299/540/1365
f 287/541/1366 296/542/1367 300/543/1368
f 300/543/1369 296/542/1370 302/544/1371
f 288/545/1372 289/546/1373 301/547/1374
f 301/547/1375 289/546/1376 298/548/1377
f 304/549/1378 303/550/1379 297/551/1380
f 302/552/1381 297/551/1382 291/553/1383
f 303/550/1384 291/553/1385 297/551/1386
f 307/554/1387 294/555/1388 306/556/1389
f 301/557/1390 298/558/1391 305/559/1392
f 298/558/1393 294/560/1394 305/559/1395
f 305/559/1396 294/560/1397 307/561/1398
f 303/562/1399 226/563/1400 306/564/1401
f 157/91/1402 156/173/1403 309/565/1404
f 309/565/1405 156/173/1406 316/566/1407
f 310/567/1408 147/175/1409 225/568/1410
f 225/568/1411 147/175/1412 146/81/1413
f 312/569/1414 226/570/1415 311/571/1416
f 320/572/1417 321/573/1418 312/574/1419
f 312/574/1420 321/573/1421 310/575/1422
f 313/576/1423 224/577/1424 309/578/1425
f 313/579/1426 318/580/1427 311/581/1428
f 311/581/1429 318/580/1430 315/582/1431
f 314/583/1432 149/181/1433 321/584/1434
f 321/584/1435 149/181/1436 148/182/1437
f 317/585/1438 320/586/1439 324/587/1440
f 318/588/1441 313/589/1442 316/590/1443
f 316/590/1444 313/589/1445 309/591/1446
f 317/592/1447 327/593/1448 314/594/1449
f 314/594/1450 327/593/1451 325/595/1452
f 317/596/1453 314/597/1454 320/598/1455
f 320/598/1456 314/597/1457 321/599/1458
f 147/175/1459 310/600/1460 148/182/1461
f 148/182/1462 310/600/1463 321/601/1464
f 312/602/1465 311/603/1466 320/604/1467
f 315/605/1468 324/606/1469 311/603/1470
f 320/604/1471 311/603/1472 324/606/1473
f 155/185/1474 154/90/1475 322/607/1476
f 322/607/1477 154/90/1478 328/608/1479
f 329/609/1480 326/610/1481 323/611/1482
f 323/611/1483 326/610/1484 319/612/1485
f 149/181/1486 314/613/1487 150/96/1488
f 150/96/1489 314/613/1490 325/614/1491
f 327/615/1492 317/616/1493 326/617/1494
f 317/616/1495 324/618/1496 326/617/1497
f 324/618/1498 319/619/1499 326/617/1500
f 329/620/1501 323/621/1502 328/622/1503
f 328/622/1504 323/621/1505 322/623/1506
f 327/624/1507 213/625/1508 325/626/1509
f 329/627/1510 214/628/1511 326/629/1512
f 280/630/1513 183/190/1514 222/631/1515
f 222/631/1516 183/190/1517 184/189/1518
f 185/191/1519 272/632/1520 184/189/1521
f 184/189/1522 272/632/1523 222/633/1524
f 272/634/1525 185/191/1526 274/635/1527
f 274/635/1528 185/191/1529 186/192/1530
f 274/636/1531 186/192/1532 261/637/1533
f 261/637/1534 186/192/1535 187/193/1536
f 191/194/1537 299/638/1538 190/195/1539
f 190/195/1540 299/638/1541 308/639/1542
f 299/640/1543 191/194/1544 290/641/1545
f 290/641/1546 191/194/1547 192/196/1548
f 290/642/1549 192/196/1550 286/643/1551
f 286/643/1552 192/196/1553 193/197/1554
f 176/45/1555 195/84/1556 216/644/1557
f 216/644/1558 195/84/1559 217/645/1560
f 134/9/1561 196/198/1562 201/646/1563
f 201/646/1564 196/198/1565 202/647/1566
f 144/4/1567 200/648/1568 196/198/1569
f 196/198/1570 200/648/1571 202/649/1572
g default
v -33.414082 1.807005 -1.099300
v -41.868580 1.319120 -1.099300
v -33.955650 12.716960 -0.723000
v -42.410149 12.229090 -0.723000
v -33.677380 7.205946 -1.295900
v -42.129318 6.676878 -1.295900
v -33.414082 1.807005 1.099300
v -41.868580 1.319120 1.099300
v -33.955650 12.716960 0.723000
v -42.410149 12.229090 0.723000
v -33.677380 7.205946 1.295900
v -42.129318 6.676878 1.295900
v -32.456711 7.282362 -3.566901
v 41.924431 11.418100 -3.566901
v 42.239052 5.345744 -2.265600
v -32.140869 0.824003 -2.265600
v -32.767059 13.438470 -2.265600
v 41.686741 16.887079 -2.265600
v -35.037640 7.120802 -3.566901
v -35.350079 13.310250 -2.265600
v -34.723888 0.695798 -2.265600
v -32.456711 7.282362 3.566901
v 41.924431 11.418100 3.566901
v 42.239052 5.345744 2.265600
v -32.140869 0.824003 2.265600
v -32.767059 13.438470 2.265600
v 41.686741 16.887079 2.265600
v -35.037640 7.120802 3.566901
v -35.350079 13.310250 2.265600
v -34.723888 0.695798 2.265600
v -37.021812 4.451818 0.000000
v -37.031292 4.581624 0.435144
v -36.946411 7.102744 0.000000
v -37.058788 4.958351 0.827694
v -37.114834 2.832524 3.469209
v -37.155613 6.284469 1.339236
v -37.215446 7.104053 1.408156
v -37.275272 7.923641 1.339236
v -37.329247 8.662998 1.139222
v -37.372086 9.249758 0.827693
v -37.399590 9.626481 0.435144
v -37.409073 9.756290 0.000000
v -37.222805 6.865676 2.185077
v -37.278770 7.632449 1.886787
v -37.157398 6.452960 1.950795
v -37.212330 7.205363 2.283843
v -37.086449 5.513430 1.784662
v -37.141857 6.272358 1.682046
v -37.038063 4.438673 1.399781
v -37.099434 2.386016 3.656681
v -37.000553 4.160598 0.880905
v -37.037914 4.672253 1.064165
v -36.989941 4.162601 0.602538
v -37.009506 4.430677 0.968655
v -37.297268 8.384382 2.277421
v -37.337784 8.939455 1.748440
v -37.379124 12.063493 5.841206
v -37.355698 11.742566 5.258429
v -37.391769 9.519459 1.016400
v -37.430805 10.054050 0.919169
v -37.396046 10.197244 0.343655
v -37.406960 10.346707 0.091489
v -37.031292 4.581624 -0.435144
v -37.058788 4.958351 -0.827694
v -37.101639 5.545109 -1.139222
v -37.155613 6.284469 -1.339236
v -37.215446 7.104053 -1.408156
v -37.275272 7.923641 -1.339236
v -37.329247 8.662998 -1.139222
v -37.372086 9.249758 -0.827693
v -37.399590 9.626481 -0.435144
v -37.278770 7.632449 -1.886787
v -37.222805 6.865676 -2.185077
v -37.212330 7.205363 -2.283843
v -37.157398 6.452960 -1.950795
v -37.152473 4.090419 -4.553493
v -37.097065 3.331492 -4.656108
v -37.086239 5.098602 -1.326694
v -37.038063 4.438673 -1.399781
v -37.037914 4.672253 -1.064165
v -37.000553 4.160598 -0.880905
v -37.009506 4.430677 -0.968655
v -36.989941 4.162601 -0.602538
v -37.337997 9.784121 -5.499934
v -37.289375 9.118121 -5.120928
v -37.385166 9.720097 -1.275093
v -37.371784 9.536614 -1.914878
v -37.430805 10.054050 -0.919169
v -37.391769 9.519459 -1.016400
v -37.406960 10.346707 -0.091489
v -37.396046 10.197244 -0.343655
v -36.631077 4.467179 0.000000
v -36.631821 4.597328 0.435144
v -36.914356 7.104004 0.000000
v -36.633984 4.975051 0.827694
v -36.411224 2.860185 3.469209
v -36.641567 6.304678 1.339236
v -36.646259 7.126429 1.408156
v -36.650955 7.948185 1.339236
v -36.655193 8.689498 1.139222
v -36.658550 9.277809 0.827693
v -36.660702 9.655529 0.435144
v -36.661442 9.785682 0.000000
v -36.620213 6.889366 2.185077
v -36.624607 7.658166 1.886787
v -36.653011 6.472789 1.950795
v -36.657318 7.227182 2.283843
v -36.649982 5.530589 1.784662
v -36.654327 6.291524 1.682046
v -36.613853 4.455350 1.399781
v -36.391521 2.413846 3.656681
v -36.629410 4.175189 0.880905
v -36.632336 4.688197 1.064165
v -36.640144 4.176353 0.602538
v -36.641689 4.445138 0.968655
v -36.665203 8.409230 2.277421
v -36.668385 8.965772 1.748440
v -36.872421 12.083413 5.841206
v -36.870586 11.761638 5.258429
v -36.660099 9.548223 1.016400
v -36.663155 10.084229 0.919169
v -36.709045 10.224252 0.343655
v -36.709896 10.374111 0.091489
v -36.631821 4.597328 -0.435144
v -36.633984 4.975051 -0.827694
v -36.637329 5.563363 -1.139222
v -36.641567 6.304678 -1.339236
v -36.646259 7.126429 -1.408156
v -36.650955 7.948185 -1.339236
v -36.655193 8.689498 -1.139222
v -36.658550 9.277809 -0.827693
v -36.660702 9.655529 -0.435144
v -36.624607 7.658166 -1.886787
v -36.620213 6.889366 -2.185077
v -36.657318 7.227182 -2.283843
v -36.653011 6.472789 -1.950795
v -36.472446 4.117153 -4.553493
v -36.468109 3.356218 -4.656108
v -36.617630 5.117025 -1.326694
v -36.613853 4.455350 -1.399781
v -36.632336 4.688197 -1.064165
v -36.629410 4.175189 -0.880905
v -36.641689 4.445138 -0.968655
v -36.640144 4.176353 -0.602538
v -36.734482 9.807847 -5.499934
v -36.730671 9.140085 -5.120928
v -36.682434 9.747724 -1.275093
v -36.681366 9.563757 -1.914878
v -36.663155 10.084229 -0.919169
v -36.660099 9.548223 -1.016400
v -36.709896 10.374111 -0.091489
v -36.709045 10.224252 -0.343655
v -282.768097 -5.980745 -0.744200
v -41.135571 8.781190 -0.744200
v -282.478485 -10.719880 -0.744200
v -267.137787 -9.887831 -0.744200
v -245.254593 -8.526602 -0.744200
v -226.625504 -7.351414 -0.744200
v -208.108200 -6.195691 -0.744200
v -192.789398 -5.145092 -0.744200
v -170.955902 -3.906693 -0.744200
v -152.368698 -2.771155 -0.744200
v -133.781601 -1.635616 -0.744200
v -115.194603 -0.500086 -0.744200
v -96.607498 0.635450 -0.744200
v -78.020279 1.770995 -0.744200
v -56.174049 3.000487 -0.744200
v -40.846119 4.042058 -0.744200
v -50.392262 1.482356 -0.744200
v -35.064331 2.523926 -0.744200
v -282.953888 -2.938400 -0.245045
v -41.321442 11.823560 -0.245045
v -282.410492 -11.748660 -0.245045
v -269.283386 -10.843640 -0.744200
v -265.079803 -10.438570 -0.744201
v -246.819504 -10.758470 -0.744201
v -245.130295 -10.347810 -0.744200
v -226.572800 -8.337141 -0.744200
v -225.652603 -7.816060 -0.744200
v -208.094803 -9.548074 -0.744200
v -195.105804 -8.312896 -0.744195
v -171.955399 -6.069110 -0.744195
v -169.916107 -5.025523 -0.744200
v -151.302597 -5.585121 -0.744200
v -152.017105 -3.699288 -0.744200
v -134.491898 -3.986182 -0.744200
v -131.777405 -5.945734 -0.744200
v -115.110802 -1.760857 -0.744200
v -115.035400 -2.896014 -0.744200
v -99.261597 -2.736226 -0.744200
v -97.352638 -0.311155 -0.744200
v -76.719620 -0.720552 -0.744200
v -75.774307 -2.531408 -0.744200
v -61.434898 -0.010351 -0.744200
v -205.948593 -8.354571 -0.744198
v -194.079300 -6.909153 -0.744197
v -110.081497 -2.070364 -0.744200
v -287.684814 -6.320534 -0.245045
v -290.190186 -11.102460 -0.245045
v -286.081207 -3.259932 -0.245045
v -282.768097 -5.980745 0.254110
v -41.135571 8.781190 0.254110
v -282.478485 -10.719880 0.254110
v -267.137787 -9.887831 0.254110
v -245.254593 -8.526602 0.254110
v -226.625504 -7.351414 0.254110
v -208.108200 -6.195691 0.254110
v -192.789398 -5.145092 0.254110
v -170.955902 -3.906693 0.254110
v -152.368698 -2.771155 0.254110
v -133.781601 -1.635616 0.254110
v -115.194603 -0.500086 0.254110
v -96.607498 0.635450 0.254110
v -78.020279 1.770995 0.254110
v -56.174049 3.000487 0.254110
v -40.846119 4.042058 0.254110
v -50.392262 1.482356 0.254110
v -35.064331 2.523926 0.254110
v -269.283386 -10.843640 0.254110
v -265.079803 -10.438570 0.254111
v -246.819504 -10.758470 0.254111
v -245.130295 -10.347810 0.254110
v -226.572800 -8.337141 0.254110
v -225.652603 -7.816060 0.254110
v -208.094803 -9.548074 0.254110
v -195.105804 -8.312896 0.254105
v -171.955399 -6.069110 0.254105
v -169.916107 -5.025523 0.254110
v -151.302597 -5.585121 0.254110
v -152.017105 -3.699288 0.254110
v -134.491898 -3.986182 0.254110
v -131.777405 -5.945734 0.254110
v -115.110802 -1.760857 0.254110
v -115.035400 -2.896014 0.254110
v -99.261597 -2.736226 0.254110
v -97.352638 -0.311155 0.254110
v -76.719620 -0.720552 0.254110
v -75.774307 -2.531408 0.254110
v -61.434898 -0.010351 0.254110
v -205.948593 -8.354571 0.254108
v -194.079300 -6.909153 0.254107
v -110.081497 -2.070364 0.254110
v -36.066643 -5.303104 0.000000
v -36.103333 -4.691901 2.050201
v -36.109535 7.179392 0.000000
v -36.209778 -2.918059 3.899713
v -36.375572 -0.155264 5.367496
v -36.584484 3.326069 6.309870
v -36.816067 7.185140 6.634590
v -37.047653 11.044225 6.309869
v -37.256561 14.525558 5.367496
v -37.422363 17.288353 3.899713
v -37.528809 19.062183 2.050201
v -37.565483 19.673395 0.000000
v -36.813728 6.062683 10.295090
v -37.030380 9.673094 8.889676
v -36.604507 4.119432 9.191257
v -36.817108 7.662186 10.760420
v -36.332836 -0.304406 8.408512
v -36.547279 3.269062 7.925034
v -36.108116 -5.365026 6.595129
v -36.294579 -2.257700 6.250777
v -35.984367 -6.674337 4.150420
v -36.128933 -4.265172 5.013861
v -35.956665 -6.664886 2.838884
v -36.032417 -5.402632 4.563860
v -37.147259 13.213685 10.730160
v -37.304092 15.827287 8.237848
v -37.447609 18.639072 9.022031
v -37.499454 19.503004 6.007653
v -37.498566 18.558256 4.788811
v -37.649628 21.075445 4.330705
v -37.571373 21.749741 1.619145
v -37.613605 22.453497 0.431056
v -36.103333 -4.691901 -2.050201
v -36.209778 -2.918059 -3.899713
v -36.375572 -0.155264 -5.367496
v -36.584484 3.326069 -6.309869
v -36.816067 7.185140 -6.634589
v -37.047653 11.044225 -6.309869
v -37.256561 14.525558 -5.367496
v -37.422363 17.288353 -3.899713
v -37.528809 19.062183 -2.050201
v -37.030380 9.673094 -8.889676
v -36.813728 6.062684 -10.295090
v -36.817108 7.662186 -10.760420
v -36.604507 4.119432 -9.191257
v -36.547279 3.269062 -7.925034
v -36.332836 -0.304406 -8.408512
v -36.294579 -2.257700 -6.250777
v -36.108116 -5.365026 -6.595129
v -36.128933 -4.265172 -5.013861
v -35.984367 -6.674337 -4.150420
v -36.032417 -5.402632 -4.563860
v -35.956665 -6.664886 -2.838884
v -37.304092 15.827287 -8.237848
v -37.147259 13.213685 -10.730160
v -37.499454 19.503004 -6.007653
v -37.447609 18.639072 -9.022031
v -37.649628 21.075445 -4.330705
v -37.498566 18.558256 -4.788811
v -37.613605 22.453497 -0.431056
v -37.571373 21.749741 -1.619145
v -34.294674 -5.205038 0.000000
v -34.325661 -4.593518 2.050201
v -35.629478 7.205960 0.000000
v -34.415607 -2.818763 3.899713
v -34.555695 -0.054546 5.367496
v -34.732216 3.428580 6.309870
v -34.927895 7.289638 6.634590
v -35.123573 11.150710 6.309869
v -35.300098 14.633836 5.367496
v -35.440182 17.398054 3.899713
v -35.530125 19.172798 2.050201
v -35.561119 19.784323 0.000000
v -34.806358 6.173778 10.295090
v -34.989433 9.786047 8.889676
v -34.799866 4.219308 9.191257
v -34.979500 7.763885 10.760420
v -34.581711 -0.207492 8.408512
v -34.762905 3.367815 7.925034
v -34.246628 -5.262004 6.595129
v -34.404190 -2.153079 6.250777
v -34.225140 -6.576976 4.150420
v -34.347305 -4.166571 5.013861
v -34.253716 -6.570639 2.838884
v -34.317711 -5.307734 4.563860
v -35.263969 13.317912 10.730160
v -35.396500 15.932859 8.237848
v -35.564140 18.743309 9.022031
v -35.607948 19.607687 6.007653
v -35.504574 18.668612 4.788811
v -35.632210 21.187098 4.330705
v -35.784386 21.848640 1.619145
v -35.820076 22.552755 0.431056
v -34.325661 -4.593518 -2.050201
v -34.415607 -2.818763 -3.899713
v -34.555695 -0.054546 -5.367496
v -34.732216 3.428580 -6.309869
v -34.927895 7.289638 -6.634589
v -35.123573 11.150710 -6.309869
v -35.300098 14.633836 -5.367496
v -35.440182 17.398054 -3.899713
v -35.530125 19.172798 -2.050201
v -34.989433 9.786047 -8.889676
v -34.806358 6.173779 -10.295090
v -34.979500 7.763885 -10.760420
v -34.799866 4.219308 -9.191257
v -34.762905 3.367815 -7.925034
v -34.581711 -0.207492 -8.408512
v -34.404190 -2.153079 -6.250777
v -34.246628 -5.262004 -6.595129
v -34.347305 -4.166571 -5.013861
v -34.225140 -6.576976 -4.150420
v -34.317711 -5.307734 -4.563860
v -34.253716 -6.570639 -2.838884
v -35.396500 15.932859 -8.237848
v -35.263969 13.317912 -10.730160
v -35.607948 19.607687 -6.007653
v -35.564140 18.743309 -9.022031
v -35.632210 21.187098 -4.330705
v -35.504574 18.668612 -4.788811
v -35.820076 22.552755 -0.431056
v -35.784386 21.848640 -1.619145
vt 0.316634 0.360509
vt 0.287315 0.361940
vt 0.316634 0.360509
vt 0.287315 0.361940
vt 0.291710 0.403193
vt 0.291710 0.403193
vt 0.322146 0.398013
vt 0.322146 0.398013
vt 0.288594 0.382700
vt 0.319608 0.378524
vt 0.319608 0.378524
vt 0.288594 0.382700
vt 0.140626 0.379148
vt 0.138613 0.181605
vt 0.154766 0.181504
vt 0.158074 0.379279
vt 0.123950 0.379373
vt 0.124012 0.181861
vt 0.140827 0.385711
vt 0.124566 0.385298
vt 0.157368 0.385309
vt 0.124012 0.181861
vt 0.123950 0.379373
vt 0.124566 0.385298
vt 0.140827 0.385711
vt 0.157368 0.385309
vt 0.158074 0.379279
vt 0.154766 0.181504
vt 0.138613 0.181605
vt 0.140626 0.379148
vt 0.335488 0.246693
vt 0.336708 0.247881
vt 0.330089 0.255464
vt 0.337134 0.250112
vt 0.349919 0.248520
vt 0.336162 0.255569
vt 0.334725 0.258525
vt 0.332509 0.261105
vt 0.330288 0.263346
vt 0.327951 0.264263
vt 0.325843 0.264632
vt 0.324159 0.264161
vt 0.334447 0.261221
vt 0.336654 0.260738
vt 0.337767 0.257307
vt 0.337369 0.259864
vt 0.339312 0.254232
vt 0.337379 0.255948
vt 0.340020 0.249537
vt 0.351297 0.247475
vt 0.338125 0.249555
vt 0.338846 0.248302
vt 0.337873 0.246573
vt 0.338569 0.247786
vt 0.331930 0.264838
vt 0.334317 0.264428
vt 0.333002 0.282496
vt 0.333700 0.284867
vt 0.327707 0.265409
vt 0.326548 0.266434
vt 0.324482 0.266191
vt 0.323711 0.266164
vt 0.333910 0.246079
vt 0.331757 0.246661
vt 0.329438 0.247937
vt 0.327373 0.249983
vt 0.325441 0.252513
vt 0.323752 0.255394
vt 0.322816 0.258152
vt 0.322632 0.260743
vt 0.323088 0.262792
vt 0.323134 0.253638
vt 0.322798 0.251388
vt 0.322983 0.250888
vt 0.325108 0.249453
vt 0.320515 0.237181
vt 0.321520 0.234610
vt 0.329884 0.246731
vt 0.329970 0.244805
vt 0.331727 0.245515
vt 0.332567 0.244374
vt 0.333189 0.244350
vt 0.334575 0.244464
vt 0.306917 0.252682
vt 0.309327 0.251360
vt 0.320466 0.261422
vt 0.319121 0.259998
vt 0.321033 0.262860
vt 0.321579 0.261393
vt 0.322448 0.265320
vt 0.322138 0.264603
vt 0.322798 0.251388
vt 0.323134 0.253638
vt 0.323752 0.255394
vt 0.309327 0.251360
vt 0.306917 0.252682
vt 0.322816 0.258152
vt 0.319121 0.259998
vt 0.320466 0.261422
vt 0.322632 0.260743
vt 0.321579 0.261393
vt 0.321033 0.262860
vt 0.323088 0.262792
vt 0.322138 0.264603
vt 0.322448 0.265320
vt 0.324159 0.264161
vt 0.323711 0.266164
vt 0.324482 0.266191
vt 0.325843 0.264632
vt 0.326548 0.266434
vt 0.327707 0.265409
vt 0.327951 0.264263
vt 0.333002 0.282496
vt 0.333700 0.284867
vt 0.330288 0.263346
vt 0.331930 0.264838
vt 0.334317 0.264428
vt 0.332509 0.261105
vt 0.334447 0.261221
vt 0.336654 0.260738
vt 0.334725 0.258525
vt 0.337369 0.259864
vt 0.337767 0.257307
vt 0.336162 0.255569
vt 0.337379 0.255948
vt 0.339312 0.254232
vt 0.349919 0.248520
vt 0.351297 0.247475
vt 0.340020 0.249537
vt 0.337134 0.250112
vt 0.338125 0.249555
vt 0.338846 0.248302
vt 0.336708 0.247881
vt 0.338569 0.247786
vt 0.337873 0.246573
vt 0.335488 0.246693
vt 0.334575 0.244464
vt 0.333189 0.244350
vt 0.333910 0.246079
vt 0.332567 0.244374
vt 0.331727 0.245515
vt 0.331757 0.246661
vt 0.329970 0.244805
vt 0.329884 0.246731
vt 0.329438 0.247937
vt 0.321520 0.234610
vt 0.320515 0.237181
vt 0.327373 0.249983
vt 0.325108 0.249453
vt 0.322983 0.250888
vt 0.325441 0.252513
vt 0.330089 0.255464
vt 0.234524 0.057708
vt 0.245524 0.695758
vt 0.222030 0.058025
vt 0.222450 0.098493
vt 0.223509 0.156248
vt 0.224454 0.205418
vt 0.225360 0.254292
vt 0.226358 0.294743
vt 0.227100 0.352352
vt 0.227945 0.401415
vt 0.228791 0.450485
vt 0.229636 0.499554
vt 0.230480 0.548622
vt 0.231328 0.597717
vt 0.232067 0.655477
vt 0.232947 0.695979
vt 0.227531 0.670722
vt 0.227774 0.709923
vt 0.227531 0.670722
vt 0.227774 0.709923
vt 0.232947 0.695979
vt 0.245524 0.695758
vt 0.242654 0.057513
vt 0.253659 0.695592
vt 0.219011 0.058203
vt 0.220211 0.092731
vt 0.220211 0.092731
vt 0.220779 0.103860
vt 0.217912 0.151709
vt 0.220779 0.103860
vt 0.217912 0.151709
vt 0.218777 0.156732
vt 0.221897 0.205288
vt 0.218777 0.156732
vt 0.221897 0.205288
vt 0.223145 0.207960
vt 0.216669 0.253391
vt 0.223145 0.207960
vt 0.216669 0.253391
vt 0.218257 0.288689
vt 0.221619 0.349287
vt 0.218257 0.288689
vt 0.221619 0.349287
vt 0.224108 0.355089
vt 0.220448 0.403444
vt 0.224108 0.355089
vt 0.220448 0.403444
vt 0.225455 0.402251
vt 0.222691 0.448355
vt 0.225455 0.402251
vt 0.222691 0.448355
vt 0.217338 0.455390
vt 0.226303 0.499629
vt 0.217338 0.455390
vt 0.226303 0.499629
vt 0.223372 0.500122
vt 0.222027 0.541001
vt 0.223372 0.500122
vt 0.222027 0.541001
vt 0.228068 0.546554
vt 0.224613 0.600878
vt 0.228068 0.546554
vt 0.224613 0.600878
vt 0.219857 0.603430
vt 0.224814 0.641216
vt 0.219857 0.603430
vt 0.224814 0.641216
vt 0.222450 0.098493
vt 0.223509 0.156248
vt 0.224454 0.205418
vt 0.225360 0.254292
vt 0.219605 0.259937
vt 0.221851 0.291185
vt 0.219605 0.259937
vt 0.221851 0.291185
vt 0.227100 0.352352
vt 0.224965 0.512936
vt 0.232067 0.655477
vt 0.233291 0.044468
vt 0.220289 0.038309
vt 0.241572 0.048803
vt 0.253659 0.695592
vt 0.234524 0.057708
vt 0.222030 0.058025
vt 0.226358 0.294743
vt 0.227945 0.401415
vt 0.228791 0.450485
vt 0.229636 0.499554
vt 0.230480 0.548622
vt 0.231328 0.597717
vt 0.242654 0.057513
vt 0.219011 0.058203
vt 0.224965 0.512936
vt 0.233291 0.044468
vt 0.220289 0.038309
vt 0.241572 0.048803
vt 0.355547 0.509664
vt 0.361599 0.515155
vt 0.330193 0.552244
vt 0.363762 0.525569
vt 0.362484 0.538261
vt 0.358823 0.552109
vt 0.352649 0.566057
vt 0.342800 0.578075
vt 0.332714 0.588224
vt 0.322253 0.594702
vt 0.312486 0.596803
vt 0.304419 0.594962
vt 0.351882 0.578988
vt 0.362900 0.575964
vt 0.366862 0.560121
vt 0.365436 0.572879
vt 0.371818 0.544809
vt 0.364149 0.553553
vt 0.368384 0.534042
vt 0.376532 0.529313
vt 0.368777 0.523527
vt 0.372241 0.517098
vt 0.366919 0.508722
vt 0.370436 0.514826
vt 0.339999 0.596851
vt 0.351798 0.594343
vt 0.325146 0.605663
vt 0.335324 0.608612
vt 0.321755 0.600666
vt 0.316036 0.606178
vt 0.306665 0.604743
vt 0.302688 0.604654
vt 0.347746 0.507104
vt 0.337599 0.510167
vt 0.327062 0.517249
vt 0.316602 0.526886
vt 0.307364 0.538922
vt 0.301524 0.553245
vt 0.297165 0.566852
vt 0.296289 0.579135
vt 0.299003 0.588728
vt 0.296459 0.545844
vt 0.293778 0.534847
vt 0.295069 0.531133
vt 0.305622 0.523786
vt 0.312770 0.522847
vt 0.316998 0.512021
vt 0.328014 0.510157
vt 0.328328 0.500828
vt 0.336959 0.504850
vt 0.340951 0.498799
vt 0.343174 0.499240
vt 0.350226 0.499274
vt 0.286060 0.564375
vt 0.283112 0.552694
vt 0.285236 0.581715
vt 0.278077 0.573968
vt 0.288986 0.590092
vt 0.291265 0.582447
vt 0.296766 0.601414
vt 0.294889 0.597789
vt 0.316998 0.512021
vt 0.312770 0.522847
vt 0.316602 0.526886
vt 0.305622 0.523786
vt 0.295069 0.531133
vt 0.307364 0.538922
vt 0.293778 0.534847
vt 0.296459 0.545844
vt 0.301524 0.553245
vt 0.283112 0.552694
vt 0.286060 0.564375
vt 0.297165 0.566852
vt 0.278077 0.573968
vt 0.285236 0.581715
vt 0.296289 0.579135
vt 0.291265 0.582447
vt 0.288986 0.590092
vt 0.299003 0.588728
vt 0.294889 0.597789
vt 0.296766 0.601414
vt 0.304419 0.594962
vt 0.302688 0.604654
vt 0.306665 0.604743
vt 0.312486 0.596803
vt 0.316036 0.606178
vt 0.321755 0.600666
vt 0.322253 0.594702
vt 0.325146 0.605663
vt 0.335324 0.608612
vt 0.332714 0.588224
vt 0.339999 0.596851
vt 0.351798 0.594343
vt 0.342800 0.578075
vt 0.351882 0.578988
vt 0.362900 0.575964
vt 0.352649 0.566057
vt 0.365436 0.572879
vt 0.366862 0.560121
vt 0.358823 0.552109
vt 0.364149 0.553553
vt 0.371818 0.544809
vt 0.362484 0.538261
vt 0.368384 0.534042
vt 0.376532 0.529313
vt 0.363762 0.525569
vt 0.368777 0.523527
vt 0.372241 0.517098
vt 0.361599 0.515155
vt 0.370436 0.514826
vt 0.366919 0.508722
vt 0.355547 0.509664
vt 0.350226 0.499274
vt 0.343174 0.499240
vt 0.347746 0.507104
vt 0.340951 0.498799
vt 0.336959 0.504850
vt 0.337599 0.510167
vt 0.328328 0.500828
vt 0.328014 0.510157
vt 0.327062 0.517249
vt 0.330193 0.552244
vn 0.057611 -0.998339 0.000000
vn 0.057611 -0.998339 0.000000
vn 0.057611 -0.998339 0.000000
vn 0.057611 -0.998339 0.000000
vn 0.057611 -0.998339 0.000000
vn 0.057611 -0.998339 0.000000
vn -0.057610 0.998339 0.000000
vn -0.057610 0.998339 0.000000
vn -0.057610 0.998339 0.000000
vn -0.057610 0.998339 0.000000
vn -0.057610 0.998339 0.000000
vn -0.057610 0.998339 0.000000
vn -0.006180 0.102710 -0.994692
vn -0.000690 0.010100 -0.999949
vn -0.003360 0.056410 -0.998402
vn -0.005910 0.102340 -0.994732
vn -0.006180 0.102710 -0.994692
vn -0.003360 0.056410 -0.998402
vn -0.000690 0.010100 -0.999949
vn 0.002090 -0.036290 -0.999339
vn 0.002190 -0.036420 -0.999334
vn -0.003360 0.056410 -0.998402
vn -0.000690 0.010100 -0.999949
vn 0.002190 -0.036420 -0.999334
vn -0.998723 -0.050520 0.000000
vn -0.998764 -0.049650 -0.002390
vn -0.998723 -0.050520 0.000000
vn -0.998723 -0.050520 0.000000
vn -0.998764 -0.049650 -0.002390
vn -0.998764 -0.049650 0.002390
vn -0.998764 -0.049650 -0.002390
vn -0.998790 -0.049180 -0.000430
vn -0.998764 -0.049650 0.002390
vn -0.998764 -0.049650 0.002390
vn -0.998790 -0.049180 -0.000430
vn -0.998790 -0.049180 0.000430
vn -0.006180 0.102710 0.994692
vn -0.003360 0.056410 0.998402
vn -0.000690 0.010100 0.999949
vn -0.005910 0.102340 0.994732
vn -0.003360 0.056410 0.998402
vn -0.006180 0.102710 0.994692
vn -0.000690 0.010100 0.999949
vn 0.002190 -0.036420 0.999334
vn 0.002090 -0.036290 0.999339
vn -0.003360 0.056410 0.998402
vn 0.002190 -0.036420 0.999334
vn -0.000690 0.010100 0.999949
vn 0.011618 -0.208952 -0.977857
vn 0.011618 -0.208952 -0.977857
vn 0.011618 -0.208952 -0.977857
vn 0.011973 -0.196945 -0.980341
vn 0.011973 -0.196945 -0.980341
vn 0.011973 -0.196944 -0.980342
vn -0.009558 0.206343 -0.978433
vn -0.009558 0.206343 -0.978433
vn -0.009558 0.206343 -0.978433
vn -0.012840 0.230932 -0.972885
vn -0.012840 0.230932 -0.972885
vn -0.012840 0.230932 -0.972885
vn -0.012906 0.206174 -0.978430
vn -0.012906 0.206174 -0.978430
vn -0.012906 0.206174 -0.978430
vn -0.010188 0.205243 -0.978658
vn -0.010188 0.205243 -0.978658
vn -0.010188 0.205243 -0.978658
vn 0.009781 -0.197052 -0.980344
vn 0.009781 -0.197052 -0.980344
vn 0.009781 -0.197052 -0.980344
vn 0.012389 -0.197910 -0.980142
vn 0.012389 -0.197910 -0.980142
vn 0.012389 -0.197910 -0.980142
vn -0.046269 0.998929 0.000000
vn -0.046269 0.998929 0.000000
vn -0.046269 0.998929 0.000000
vn -0.046269 0.998929 0.000000
vn -0.046269 0.998929 0.000000
vn -0.046269 0.998929 0.000000
vn -0.049578 0.998770 0.000000
vn -0.049578 0.998770 0.000000
vn -0.049578 0.998770 0.000000
vn -0.049578 0.998770 0.000000
vn -0.049578 0.998770 0.000000
vn -0.049578 0.998770 0.000000
vn -0.998728 -0.050415 0.000000
vn -0.998728 -0.050415 0.000000
vn -0.998728 -0.050415 0.000000
vn -0.998728 -0.050415 0.000000
vn -0.998728 -0.050415 0.000000
vn -0.998728 -0.050415 0.000000
vn -0.998810 -0.048775 0.000000
vn -0.998810 -0.048775 0.000000
vn -0.998810 -0.048775 0.000000
vn -0.998810 -0.048775 0.000000
vn -0.998810 -0.048775 0.000000
vn -0.998810 -0.048775 0.000000
vn 0.049573 -0.998771 0.000000
vn 0.049573 -0.998771 0.000000
vn 0.049573 -0.998771 0.000000
vn 0.049573 -0.998771 0.000000
vn 0.049573 -0.998771 0.000000
vn 0.049573 -0.998771 0.000000
vn 0.060680 -0.998157 0.000000
vn 0.060680 -0.998157 0.000000
vn 0.060680 -0.998157 0.000000
vn 0.060680 -0.998157 0.000000
vn 0.060680 -0.998157 0.000000
vn 0.060680 -0.998157 0.000000
vn 0.998831 0.047882 -0.006587
vn 0.998831 0.047882 -0.006587
vn 0.998831 0.047882 0.006587
vn 0.998831 0.047882 0.006587
vn 0.998831 0.047882 -0.006587
vn 0.998831 0.047882 0.006587
vn 0.998840 0.047708 -0.006587
vn 0.998840 0.047708 -0.006587
vn 0.998840 0.047708 0.006587
vn 0.998840 0.047708 0.006587
vn 0.998840 0.047708 -0.006587
vn 0.998840 0.047708 0.006587
vn 0.011618 -0.208952 0.977857
vn 0.011618 -0.208952 0.977857
vn 0.011618 -0.208952 0.977857
vn 0.011973 -0.196945 0.980341
vn 0.011973 -0.196944 0.980342
vn 0.011973 -0.196945 0.980341
vn -0.009558 0.206343 0.978433
vn -0.009558 0.206343 0.978433
vn -0.009558 0.206343 0.978433
vn -0.012840 0.230932 0.972885
vn -0.012840 0.230932 0.972885
vn -0.012840 0.230932 0.972885
vn -0.012906 0.206174 0.978430
vn -0.012906 0.206174 0.978430
vn -0.012906 0.206174 0.978430
vn -0.010188 0.205243 0.978658
vn -0.010188 0.205243 0.978658
vn -0.010188 0.205243 0.978658
vn 0.009781 -0.197052 0.980344
vn 0.009781 -0.197052 0.980344
vn 0.009781 -0.197052 0.980344
vn 0.012389 -0.197910 0.980142
vn 0.012389 -0.197910 0.980142
vn 0.012389 -0.197910 0.980142
vn -0.999139 0.028415 -0.030244
vn -0.999139 0.028415 -0.030244
vn -0.999139 0.028415 -0.030244
vn -0.999420 -0.015911 -0.030117
vn -0.998843 0.047485 0.007659
vn -0.997480 -0.069810 -0.012686
vn -0.998843 0.047485 0.007659
vn -0.985838 -0.109552 -0.126969
vn -0.997480 -0.069810 -0.012686
vn -0.985838 -0.109552 -0.126969
vn -0.966515 -0.137304 -0.216787
vn -0.997480 -0.069810 -0.012686
vn -0.966515 -0.137304 -0.216787
vn -0.987732 -0.075515 -0.136689
vn -0.997480 -0.069810 -0.012686
vn -0.987732 -0.075515 -0.136689
vn -0.990559 -0.091410 -0.102160
vn -0.997480 -0.069810 -0.012686
vn -0.990559 -0.091410 -0.102160
vn -0.997036 -0.068202 -0.035607
vn -0.997480 -0.069810 -0.012686
vn -0.997036 -0.068202 -0.035607
vn -0.997062 -0.072469 -0.024801
vn -0.997480 -0.069810 -0.012686
vn -0.997062 -0.072469 -0.024801
vn -0.987749 -0.150523 -0.041162
vn -0.997480 -0.069810 -0.012686
vn -0.987749 -0.150523 -0.041162
vn -0.985139 -0.171761 0.000000
vn -0.997480 -0.069810 -0.012686
vn -0.990559 -0.091410 -0.102160
vn -0.987732 -0.075515 -0.136689
vn -0.995772 -0.082184 -0.041030
vn -0.995772 -0.082184 -0.041030
vn -0.987732 -0.075515 -0.136689
vn -0.995772 -0.082184 -0.041030
vn -0.996956 -0.076552 0.014768
vn -0.996956 -0.076552 0.014768
vn -0.996956 -0.076552 0.014768
vn -0.996956 -0.076552 0.014768
vn -0.996956 -0.076552 0.014768
vn -0.996956 -0.076552 0.014768
vn -0.985838 -0.109552 -0.126969
vn -0.534212 0.386452 0.751846
vn -0.966515 -0.137304 -0.216787
vn -0.966515 -0.137304 -0.216787
vn -0.534212 0.386452 0.751846
vn -0.534212 0.386452 0.751846
vn -0.998843 0.047485 0.007659
vn -0.972243 -0.165995 -0.164894
vn -0.985838 -0.109552 -0.126969
vn -0.985838 -0.109552 -0.126969
vn -0.972243 -0.165995 -0.164894
vn -0.972243 -0.165995 -0.164894
vn -0.998843 0.047485 0.007659
vn -0.999420 -0.015911 -0.030117
vn -0.997346 -0.072810 -0.000001
vn -0.997346 -0.072810 -0.000001
vn -0.999420 -0.015911 -0.030117
vn -0.997346 -0.072810 -0.000001
vn -0.999969 0.007835 0.000000
vn -0.995515 -0.094008 0.010592
vn -0.999420 -0.015911 -0.030117
vn -0.999420 -0.015911 -0.030117
vn -0.995515 -0.094008 0.010592
vn -0.995515 -0.094007 0.010592
vn -0.997036 -0.068202 -0.035607
vn -0.990559 -0.091410 -0.102160
vn -0.997738 -0.066171 0.011843
vn -0.997738 -0.066171 0.011843
vn -0.990559 -0.091410 -0.102160
vn -0.997738 -0.066171 0.011843
vn -0.997062 -0.072469 -0.024801
vn -0.997036 -0.068202 -0.035607
vn -0.999545 -0.026892 0.013696
vn -0.999545 -0.026892 0.013696
vn -0.997036 -0.068202 -0.035607
vn -0.999545 -0.026892 0.013696
vn -0.997062 -0.072469 -0.024801
vn -0.997346 -0.072811 0.000002
vn -0.987749 -0.150523 -0.041162
vn -0.987749 -0.150523 -0.041162
vn -0.997346 -0.072811 0.000002
vn -0.997346 -0.072811 0.000002
vn -0.999488 0.004856 0.031620
vn -0.999488 0.004856 0.031620
vn -0.999488 0.004856 0.031620
vn -0.999488 0.004856 0.031620
vn -0.999488 0.004856 0.031620
vn -0.999488 0.004856 0.031620
vn -0.999969 0.007835 0.000000
vn -0.997480 -0.069810 -0.012686
vn -0.999420 -0.015910 0.030117
vn -0.999420 -0.015910 0.030117
vn -0.997480 -0.069810 -0.012686
vn -0.997172 -0.016555 0.073314
vn -0.997172 -0.016555 0.073314
vn -0.997480 -0.069810 -0.012686
vn -0.996088 -0.054576 0.069502
vn -0.996088 -0.054576 0.069502
vn -0.997480 -0.069810 -0.012686
vn -0.994154 -0.058669 0.090638
vn -0.994154 -0.058669 0.090638
vn -0.997480 -0.069810 -0.012686
vn -0.987731 -0.075516 0.136689
vn -0.987731 -0.075516 0.136689
vn -0.997480 -0.069810 -0.012686
vn -0.995693 -0.084336 0.038520
vn -0.995693 -0.084336 0.038520
vn -0.997480 -0.069810 -0.012686
vn -0.995776 -0.088686 0.023764
vn -0.995776 -0.088686 0.023764
vn -0.997480 -0.069810 -0.012686
vn -0.992441 -0.112121 0.049906
vn -0.992441 -0.112121 0.049906
vn -0.997480 -0.069810 -0.012686
vn -0.987749 -0.150523 0.041162
vn -0.987749 -0.150523 0.041162
vn -0.997480 -0.069810 -0.012686
vn -0.985139 -0.171761 0.000000
vn -0.995693 -0.084336 0.038520
vn -0.995772 -0.082186 0.041030
vn -0.987731 -0.075516 0.136689
vn -0.987731 -0.075516 0.136689
vn -0.995772 -0.082186 0.041030
vn -0.995772 -0.082186 0.041030
vn -0.996956 -0.076555 -0.014768
vn -0.996956 -0.076555 -0.014768
vn -0.996956 -0.076555 -0.014768
vn -0.996956 -0.076555 -0.014768
vn -0.996956 -0.076555 -0.014768
vn -0.996956 -0.076555 -0.014768
vn -0.994154 -0.058669 0.090638
vn -0.996560 -0.069854 0.044601
vn -0.996088 -0.054576 0.069502
vn -0.996088 -0.054576 0.069502
vn -0.996560 -0.069854 0.044601
vn -0.996560 -0.069854 0.044601
vn -0.996088 -0.054576 0.069502
vn -0.997168 -0.065847 0.036333
vn -0.997172 -0.016555 0.073314
vn -0.997172 -0.016555 0.073314
vn -0.997168 -0.065847 0.036333
vn -0.997168 -0.065847 0.036333
vn -0.997172 -0.016555 0.073314
vn -0.997346 -0.072806 0.000001
vn -0.999420 -0.015910 0.030117
vn -0.999420 -0.015910 0.030117
vn -0.997346 -0.072806 0.000001
vn -0.997346 -0.072806 0.000001
vn -0.995515 -0.094007 -0.010592
vn -0.995515 -0.094007 -0.010592
vn -0.999420 -0.015910 0.030117
vn -0.999420 -0.015910 0.030117
vn -0.995515 -0.094007 -0.010592
vn -0.999969 0.007835 0.000000
vn -0.996999 -0.075150 -0.018575
vn -0.996999 -0.075150 -0.018575
vn -0.995776 -0.088686 0.023764
vn -0.995776 -0.088686 0.023764
vn -0.996999 -0.075150 -0.018575
vn -0.995693 -0.084336 0.038520
vn -0.992441 -0.112121 0.049906
vn -0.998394 -0.054701 -0.014721
vn -0.995776 -0.088686 0.023764
vn -0.995776 -0.088686 0.023764
vn -0.998394 -0.054701 -0.014721
vn -0.998394 -0.054701 -0.014721
vn -0.997346 -0.072811 -0.000002
vn -0.997346 -0.072811 -0.000002
vn -0.987749 -0.150523 0.041162
vn -0.987749 -0.150523 0.041162
vn -0.997346 -0.072811 -0.000002
vn -0.992441 -0.112121 0.049906
vn -0.999488 0.004853 -0.031620
vn -0.999488 0.004853 -0.031620
vn -0.999488 0.004853 -0.031620
vn -0.999488 0.004853 -0.031620
vn -0.999488 0.004853 -0.031620
vn -0.999488 0.004853 -0.031620
vn -0.026337 0.360760 -0.932287
vn -0.026337 0.360760 -0.932287
vn -0.002066 0.361714 -0.932287
vn -0.002066 0.361714 -0.932287
vn -0.026337 0.360760 -0.932287
vn -0.002066 0.361714 -0.932287
vn -0.064334 0.881251 -0.468250
vn -0.064334 0.881251 -0.468250
vn -0.005047 0.883582 -0.468250
vn -0.005047 0.883582 -0.468250
vn -0.064334 0.881251 -0.468250
vn -0.005047 0.883582 -0.468250
vn 0.069442 -0.951188 -0.300699
vn 0.069442 -0.951188 -0.300699
vn 0.005445 -0.953704 -0.300699
vn 0.005445 -0.953704 -0.300699
vn 0.069442 -0.951188 -0.300699
vn 0.005445 -0.953704 -0.300699
vn 0.035940 -0.492292 -0.869688
vn 0.035940 -0.492292 -0.869688
vn 0.002818 -0.493594 -0.869688
vn 0.002818 -0.493594 -0.869688
vn 0.035940 -0.492292 -0.869688
vn 0.002818 -0.493594 -0.869688
vn -0.070527 0.966058 0.248512
vn -0.070527 0.966058 0.248512
vn -0.005531 0.968613 0.248512
vn -0.005531 0.968613 0.248512
vn -0.070527 0.966058 0.248512
vn -0.005531 0.968613 0.248512
vn 0.048318 -0.661847 -0.748080
vn 0.048318 -0.661847 -0.748080
vn 0.003790 -0.663598 -0.748080
vn 0.003790 -0.663598 -0.748080
vn 0.048318 -0.661847 -0.748080
vn 0.003790 -0.663598 -0.748080
vn -0.069975 0.958506 -0.276351
vn -0.069975 0.958506 -0.276351
vn -0.005488 0.961041 -0.276351
vn -0.005488 0.961041 -0.276351
vn -0.069975 0.958506 -0.276351
vn -0.005488 0.961041 -0.276351
vn -0.050198 0.687619 0.724334
vn -0.050198 0.687619 0.724334
vn -0.003938 0.689438 0.724334
vn -0.003938 0.689438 0.724334
vn -0.050198 0.687619 0.724334
vn -0.003938 0.689438 0.724334
vn 0.041668 -0.570751 -0.820065
vn 0.041668 -0.570751 -0.820065
vn 0.003268 -0.572260 -0.820065
vn 0.003268 -0.572260 -0.820065
vn 0.041668 -0.570751 -0.820065
vn 0.003268 -0.572260 -0.820065
vn -0.012996 0.178007 -0.983943
vn -0.012996 0.178007 -0.983943
vn -0.001018 0.178478 -0.983943
vn -0.001018 0.178478 -0.983943
vn -0.012996 0.178007 -0.983943
vn -0.001018 0.178478 -0.983943
vn -0.054505 0.746592 0.663046
vn -0.054505 0.746592 0.663046
vn -0.004274 0.748567 0.663046
vn -0.004274 0.748567 0.663046
vn -0.054505 0.746592 0.663046
vn -0.004274 0.748567 0.663046
vn -0.011559 0.158330 -0.987319
vn -0.011559 0.158330 -0.987319
vn -0.000907 0.158749 -0.987319
vn -0.000907 0.158749 -0.987319
vn -0.011559 0.158330 -0.987319
vn -0.000907 0.158749 -0.987319
vn -0.062592 0.857369 -0.510883
vn -0.062592 0.857369 -0.510883
vn -0.004908 0.859636 -0.510883
vn -0.004908 0.859636 -0.510883
vn -0.062592 0.857369 -0.510883
vn -0.004908 0.859636 -0.510883
vn -0.011182 0.153159 0.988138
vn -0.011182 0.153159 0.988138
vn -0.000876 0.153564 0.988138
vn -0.000876 0.153564 0.988138
vn -0.011182 0.153159 0.988138
vn -0.000876 0.153564 0.988138
vn -0.011182 0.153159 -0.988138
vn -0.011182 0.153159 -0.988138
vn -0.000876 0.153564 -0.988138
vn -0.000876 0.153564 -0.988138
vn -0.011182 0.153159 -0.988138
vn -0.000876 0.153564 -0.988138
vn -0.062592 0.857367 0.510885
vn -0.062592 0.857367 0.510885
vn -0.004908 0.859635 0.510885
vn -0.004908 0.859635 0.510885
vn -0.062592 0.857367 0.510885
vn -0.004908 0.859635 0.510885
vn -0.011559 0.158330 0.987319
vn -0.011559 0.158330 0.987319
vn -0.000907 0.158749 0.987319
vn -0.000907 0.158749 0.987319
vn -0.011559 0.158330 0.987319
vn -0.000907 0.158749 0.987319
vn -0.054505 0.746592 -0.663046
vn -0.054505 0.746592 -0.663046
vn -0.004274 0.748567 -0.663046
vn -0.004274 0.748567 -0.663046
vn -0.054505 0.746592 -0.663046
vn -0.004274 0.748567 -0.663046
vn -0.012996 0.178007 0.983943
vn -0.012996 0.178007 0.983943
vn -0.001018 0.178478 0.983943
vn -0.001018 0.178478 0.983943
vn -0.012996 0.178007 0.983943
vn -0.001018 0.178478 0.983943
vn 0.041668 -0.570751 0.820065
vn 0.041668 -0.570751 0.820065
vn 0.003268 -0.572261 0.820065
vn 0.003268 -0.572261 0.820065
vn 0.041668 -0.570751 0.820065
vn 0.003268 -0.572261 0.820065
vn -0.063504 0.869872 -0.489172
vn -0.063504 0.869872 -0.489172
vn -0.004982 0.872173 -0.489172
vn -0.004982 0.872173 -0.489172
vn -0.063504 0.869872 -0.489172
vn -0.004982 0.872173 -0.489172
vn -0.063740 0.873096 -0.483364
vn -0.063740 0.873096 -0.483364
vn -0.004999 0.875405 -0.483364
vn -0.004999 0.875405 -0.483364
vn -0.063740 0.873096 -0.483364
vn -0.004999 0.875405 -0.483364
vn 0.059030 -0.808591 0.585403
vn 0.059030 -0.808591 0.585403
vn 0.004631 -0.810729 0.585403
vn 0.004631 -0.810729 0.585403
vn 0.059030 -0.808591 0.585403
vn 0.004631 -0.810729 0.585403
vn -0.066307 0.908270 -0.413096
vn -0.066307 0.908270 -0.413096
vn -0.005202 0.910673 -0.413096
vn -0.005202 0.910673 -0.413096
vn -0.066307 0.908270 -0.413096
vn -0.005202 0.910673 -0.413096
vn -0.050161 0.687093 0.724836
vn -0.050161 0.687093 0.724836
vn -0.003934 0.688910 0.724836
vn -0.003934 0.688910 0.724836
vn -0.050161 0.687093 0.724836
vn -0.003934 0.688910 0.724836
vn 0.065345 -0.895076 0.441100
vn 0.065345 -0.895076 0.441100
vn 0.005125 -0.897443 0.441100
vn 0.005125 -0.897443 0.441100
vn 0.065345 -0.895076 0.441100
vn 0.005125 -0.897443 0.441100
vn -0.064334 0.881251 0.468250
vn -0.064334 0.881251 0.468250
vn -0.005047 0.883582 0.468250
vn -0.005047 0.883582 0.468250
vn -0.064334 0.881251 0.468250
vn -0.005047 0.883582 0.468250
vn -0.026337 0.360760 0.932287
vn -0.026337 0.360759 0.932287
vn -0.002066 0.361714 0.932287
vn -0.002066 0.361714 0.932287
vn -0.026337 0.360759 0.932287
vn -0.002066 0.361714 0.932287
vn 0.069640 -0.953877 -0.292008
vn 0.069640 -0.953877 -0.292008
vn 0.005459 -0.956400 -0.292008
vn 0.005459 -0.956400 -0.292008
vn 0.069640 -0.953877 -0.292008
vn 0.005459 -0.956400 -0.292008
vn -0.072338 0.990801 -0.114374
vn -0.072338 0.990801 -0.114374
vn -0.005668 0.993422 -0.114374
vn -0.005668 0.993422 -0.114374
vn -0.072338 0.990801 -0.114374
vn -0.005668 0.993422 -0.114374
vn 0.029409 -0.402794 0.914818
vn 0.029409 -0.402794 0.914818
vn 0.002303 -0.403860 0.914818
vn 0.002303 -0.403860 0.914818
vn 0.029409 -0.402794 0.914818
vn 0.002303 -0.403860 0.914818
vn 0.070204 -0.961647 0.265153
vn 0.070204 -0.961647 0.265153
vn 0.005507 -0.964191 0.265153
vn 0.005507 -0.964191 0.265153
vn 0.070204 -0.961647 0.265153
vn 0.005507 -0.964191 0.265153
vn -0.072755 0.996621 0.038124
vn -0.072755 0.996621 0.038124
vn -0.005709 0.999257 0.038124
vn -0.005709 0.999257 0.038124
vn -0.072755 0.996621 0.038124
vn -0.005709 0.999257 0.038124
vn -0.009731 0.133288 0.991030
vn -0.009731 0.133288 0.991030
vn -0.000763 0.133640 0.991030
vn -0.000763 0.133640 0.991030
vn -0.009731 0.133288 0.991030
vn -0.000763 0.133640 0.991030
vn -0.038836 0.531928 0.845898
vn -0.038835 0.531928 0.845899
vn -0.003043 0.533336 0.845898
vn -0.003043 0.533336 0.845898
vn -0.038835 0.531928 0.845899
vn -0.003043 0.533335 0.845899
vn -0.028192 0.386146 0.922007
vn -0.028192 0.386146 0.922007
vn -0.002210 0.387167 0.922007
vn -0.002210 0.387167 0.922007
vn -0.028192 0.386146 0.922007
vn -0.002210 0.387167 0.922007
vn 0.053985 -0.739439 -0.671056
vn 0.053985 -0.739439 -0.671056
vn 0.004231 -0.741395 -0.671056
vn 0.004231 -0.741395 -0.671056
vn 0.053985 -0.739439 -0.671056
vn 0.004231 -0.741395 -0.671056
vn 0.053886 -0.738154 -0.672477
vn 0.053886 -0.738154 -0.672477
vn 0.004229 -0.740106 -0.672477
vn 0.004229 -0.740106 -0.672477
vn 0.053886 -0.738154 -0.672477
vn 0.004229 -0.740106 -0.672477
vn -0.046313 0.634396 0.771619
vn -0.046313 0.634396 0.771619
vn -0.003633 0.636074 0.771619
vn -0.003633 0.636074 0.771619
vn -0.046313 0.634396 0.771619
vn -0.003633 0.636074 0.771619
vn 0.024494 -0.335509 0.941719
vn 0.024494 -0.335509 0.941719
vn 0.001921 -0.336396 0.941719
vn 0.001921 -0.336396 0.941719
vn 0.024494 -0.335509 0.941719
vn 0.001921 -0.336396 0.941719
vn 0.052868 -0.724148 -0.687615
vn 0.052868 -0.724148 -0.687615
vn 0.004144 -0.726064 -0.687615
vn 0.004144 -0.726064 -0.687615
vn 0.052868 -0.724148 -0.687615
vn 0.004144 -0.726064 -0.687615
vn -0.070028 0.959113 0.274222
vn -0.070028 0.959113 0.274222
vn -0.005484 0.961651 0.274222
vn -0.005484 0.961651 0.274222
vn -0.070028 0.959113 0.274222
vn -0.005484 0.961651 0.274222
vn 0.058696 -0.803945 0.591800
vn 0.058696 -0.803945 0.591800
vn 0.004599 -0.806072 0.591800
vn 0.004599 -0.806072 0.591800
vn 0.058696 -0.803945 0.591800
vn 0.004599 -0.806072 0.591800
vn 0.065576 -0.898224 -0.434619
vn 0.065576 -0.898224 -0.434619
vn 0.005142 -0.900600 -0.434619
vn 0.005142 -0.900600 -0.434619
vn 0.065576 -0.898224 -0.434619
vn 0.005142 -0.900600 -0.434619
vn 0.065576 -0.898224 0.434619
vn 0.065576 -0.898224 0.434619
vn 0.005142 -0.900600 0.434619
vn 0.005142 -0.900600 0.434619
vn 0.065576 -0.898224 0.434619
vn 0.005142 -0.900600 0.434619
vn 0.058696 -0.803945 -0.591800
vn 0.058696 -0.803945 -0.591800
vn 0.004599 -0.806072 -0.591800
vn 0.004599 -0.806072 -0.591800
vn 0.058696 -0.803945 -0.591800
vn 0.004599 -0.806072 -0.591800
vn -0.070027 0.959114 -0.274221
vn -0.070027 0.959114 -0.274221
vn -0.005484 0.961651 -0.274221
vn -0.005484 0.961651 -0.274221
vn -0.070027 0.959114 -0.274221
vn -0.005484 0.961651 -0.274221
vn 0.052867 -0.724148 0.687615
vn 0.052867 -0.724148 0.687615
vn 0.004145 -0.726063 0.687615
vn 0.004145 -0.726063 0.687615
vn 0.052867 -0.724148 0.687615
vn 0.004145 -0.726063 0.687615
vn 0.024494 -0.335510 -0.941718
vn 0.024494 -0.335510 -0.941718
vn 0.001921 -0.336398 -0.941718
vn 0.001921 -0.336398 -0.941718
vn 0.024494 -0.335510 -0.941718
vn 0.001921 -0.336398 -0.941718
vn -0.046313 0.634397 -0.771619
vn -0.046313 0.634397 -0.771619
vn -0.003633 0.636075 -0.771619
vn -0.003633 0.636075 -0.771619
vn -0.046313 0.634397 -0.771619
vn -0.003633 0.636075 -0.771619
vn 0.053886 -0.738154 0.672477
vn 0.053886 -0.738154 0.672477
vn 0.004229 -0.740106 0.672477
vn 0.004229 -0.740106 0.672477
vn 0.053886 -0.738154 0.672477
vn 0.004229 -0.740106 0.672477
vn -0.007995 0.109496 -0.993955
vn -0.007995 0.109496 -0.993955
vn -0.000625 0.109786 -0.993955
vn -0.000625 0.109786 -0.993955
vn -0.007995 0.109496 -0.993955
vn -0.000625 0.109786 -0.993955
vn -0.028193 0.386146 -0.922007
vn -0.028193 0.386146 -0.922007
vn -0.002209 0.387167 -0.922007
vn -0.002209 0.387167 -0.922007
vn -0.028193 0.386146 -0.922007
vn -0.002209 0.387167 -0.922007
vn 0.061667 -0.844663 0.531734
vn 0.061667 -0.844663 0.531734
vn 0.004833 -0.846898 0.531734
vn 0.004833 -0.846898 0.531734
vn 0.061667 -0.844663 0.531734
vn 0.004833 -0.846898 0.531734
vn -0.009731 0.133287 -0.991030
vn -0.009731 0.133287 -0.991030
vn -0.000763 0.133639 -0.991030
vn -0.000763 0.133639 -0.991030
vn -0.009731 0.133287 -0.991030
vn -0.000763 0.133639 -0.991030
vn -0.060183 0.824403 -0.562795
vn -0.060183 0.824403 -0.562795
vn -0.004723 0.826583 -0.562795
vn -0.004723 0.826583 -0.562795
vn -0.060183 0.824403 -0.562795
vn -0.004723 0.826583 -0.562795
vn 0.070204 -0.961647 -0.265153
vn 0.070204 -0.961647 -0.265153
vn 0.005507 -0.964191 -0.265153
vn 0.005507 -0.964191 -0.265153
vn 0.070204 -0.961647 -0.265153
vn 0.005507 -0.964191 -0.265153
vn 0.029409 -0.402795 -0.914818
vn 0.029409 -0.402795 -0.914818
vn 0.002304 -0.403860 -0.914818
vn 0.002304 -0.403860 -0.914818
vn 0.029409 -0.402795 -0.914818
vn 0.002304 -0.403860 -0.914818
vn -0.072338 0.990801 0.114374
vn -0.072338 0.990801 0.114374
vn -0.005668 0.993422 0.114374
vn -0.005668 0.993422 0.114374
vn -0.072338 0.990801 0.114374
vn -0.005668 0.993422 0.114374
vn 0.069640 -0.953877 0.292008
vn 0.069640 -0.953877 0.292008
vn 0.005459 -0.956400 0.292008
vn 0.005459 -0.956400 0.292008
vn 0.069640 -0.953877 0.292008
vn 0.005459 -0.956400 0.292008
vn 0.993824 0.106769 -0.030235
vn 0.993824 0.106769 -0.030235
vn 0.993824 0.106769 -0.030235
vn 0.997584 0.062598 -0.030117
vn 0.999882 0.008713 -0.012686
vn 0.992032 0.125753 0.007659
vn 0.992032 0.125753 0.007659
vn 0.999882 0.008713 -0.012686
vn 0.991396 -0.031821 -0.126969
vn 0.991396 -0.031821 -0.126969
vn 0.999882 0.008713 -0.012686
vn 0.974311 -0.061004 -0.216787
vn 0.974311 -0.061004 -0.216787
vn 0.999882 0.008713 -0.012686
vn 0.990611 0.002260 -0.136689
vn 0.990611 0.002260 -0.136689
vn 0.999882 0.008713 -0.012686
vn 0.994678 -0.013364 -0.102160
vn 0.994678 -0.013364 -0.102160
vn 0.999882 0.008713 -0.012686
vn 0.999313 0.010281 -0.035607
vn 0.999313 0.010281 -0.035607
vn 0.999882 0.008713 -0.012686
vn 0.999674 0.006029 -0.024801
vn 0.999674 0.006029 -0.024801
vn 0.999882 0.008713 -0.012686
vn 0.996518 -0.072515 -0.041162
vn 0.996518 -0.072515 -0.041162
vn 0.999882 0.008713 -0.012686
vn 0.995582 -0.093893 0.000000
vn 0.994678 -0.013364 -0.102160
vn 0.999151 -0.003758 -0.041030
vn 0.990611 0.002260 -0.136689
vn 0.990611 0.002260 -0.136689
vn 0.999151 -0.003758 -0.041030
vn 0.999151 -0.003758 -0.041030
vn 0.999889 0.001950 0.014768
vn 0.999889 0.001950 0.014768
vn 0.999889 0.001950 0.014768
vn 0.999889 0.001950 0.014768
vn 0.999889 0.001950 0.014768
vn 0.999889 0.001950 0.014768
vn 0.991396 -0.031821 -0.126969
vn 0.974311 -0.061004 -0.216787
vn 0.502225 0.427197 0.751846
vn 0.974311 -0.061004 -0.216787
vn 0.502225 0.427197 0.751846
vn 0.502225 0.427197 0.751846
vn 0.982273 -0.089156 -0.164894
vn 0.982273 -0.089156 -0.164894
vn 0.991396 -0.031821 -0.126969
vn 0.991396 -0.031821 -0.126969
vn 0.982273 -0.089156 -0.164894
vn 0.992032 0.125753 0.007659
vn 0.992032 0.125753 0.007659
vn 0.999984 0.005712 -0.000001
vn 0.997584 0.062598 -0.030117
vn 0.997584 0.062598 -0.030117
vn 0.999984 0.005712 -0.000001
vn 0.999984 0.005712 -0.000001
vn 0.999823 -0.015564 0.010592
vn 0.999823 -0.015565 0.010592
vn 0.997584 0.062598 -0.030117
vn 0.997584 0.062598 -0.030117
vn 0.999823 -0.015565 0.010592
vn 0.996268 0.086314 0.000000
vn 0.999313 0.010281 -0.035607
vn 0.999854 0.012361 0.011843
vn 0.994678 -0.013364 -0.102160
vn 0.994678 -0.013364 -0.102160
vn 0.999854 0.012361 0.011843
vn 0.999854 0.012361 0.011843
vn 0.999674 0.006029 -0.024801
vn 0.998571 0.051660 0.013696
vn 0.999313 0.010281 -0.035607
vn 0.999313 0.010281 -0.035607
vn 0.998571 0.051660 0.013696
vn 0.998571 0.051660 0.013696
vn 0.999984 0.005710 0.000002
vn 0.999984 0.005710 0.000002
vn 0.996518 -0.072515 -0.041162
vn 0.996518 -0.072515 -0.041162
vn 0.999984 0.005710 0.000002
vn 0.999674 0.006029 -0.024801
vn 0.996022 0.083306 0.031620
vn 0.996022 0.083306 0.031620
vn 0.996022 0.083306 0.031620
vn 0.996022 0.083306 0.031620
vn 0.996022 0.083306 0.031620
vn 0.996022 0.083306 0.031620
vn 0.996268 0.086314 0.000000
vn 0.997584 0.062599 0.030117
vn 0.999882 0.008713 -0.012686
vn 0.997584 0.062599 0.030117
vn 0.995394 0.061779 0.073314
vn 0.999882 0.008713 -0.012686
vn 0.995394 0.061779 0.073314
vn 0.997298 0.023790 0.069502
vn 0.999882 0.008713 -0.012686
vn 0.997298 0.023790 0.069502
vn 0.995692 0.019558 0.090638
vn 0.999882 0.008713 -0.012686
vn 0.995692 0.019558 0.090638
vn 0.990611 0.002259 0.136689
vn 0.999882 0.008713 -0.012686
vn 0.990611 0.002259 0.136689
vn 0.999240 -0.005909 0.038520
vn 0.999882 0.008713 -0.012686
vn 0.999240 -0.005909 0.038520
vn 0.999665 -0.010239 0.023764
vn 0.999882 0.008713 -0.012686
vn 0.999665 -0.010239 0.023764
vn 0.998180 -0.033863 0.049906
vn 0.999882 0.008713 -0.012686
vn 0.998180 -0.033863 0.049906
vn 0.996518 -0.072515 0.041162
vn 0.999882 0.008713 -0.012686
vn 0.996518 -0.072515 0.041162
vn 0.995582 -0.093893 0.000000
vn 0.999882 0.008713 -0.012686
vn 0.999240 -0.005909 0.038520
vn 0.990611 0.002259 0.136689
vn 0.999151 -0.003760 0.041030
vn 0.999151 -0.003760 0.041030
vn 0.990611 0.002259 0.136689
vn 0.999151 -0.003760 0.041030
vn 0.999889 0.001947 -0.014768
vn 0.999889 0.001947 -0.014768
vn 0.999889 0.001947 -0.014768
vn 0.999889 0.001947 -0.014768
vn 0.999889 0.001947 -0.014768
vn 0.999889 0.001947 -0.014768
vn 0.995692 0.019558 0.090638
vn 0.997298 0.023790 0.069502
vn 0.998968 0.008596 0.044601
vn 0.998968 0.008596 0.044601
vn 0.997298 0.023790 0.069502
vn 0.998968 0.008596 0.044601
vn 0.997298 0.023790 0.069502
vn 0.995394 0.061779 0.073314
vn 0.999260 0.012639 0.036333
vn 0.999260 0.012639 0.036333
vn 0.995394 0.061779 0.073314
vn 0.999260 0.012639 0.036333
vn 0.995394 0.061779 0.073314
vn 0.997584 0.062599 0.030117
vn 0.999984 0.005716 0.000001
vn 0.999984 0.005716 0.000001
vn 0.997584 0.062599 0.030117
vn 0.999984 0.005716 0.000001
vn 0.996268 0.086314 0.000000
vn 0.999823 -0.015564 -0.010592
vn 0.997584 0.062599 0.030117
vn 0.997584 0.062599 0.030117
vn 0.999823 -0.015564 -0.010592
vn 0.999823 -0.015564 -0.010592
vn 0.999240 -0.005909 0.038520
vn 0.999822 0.003351 -0.018575
vn 0.999665 -0.010239 0.023764
vn 0.999665 -0.010239 0.023764
vn 0.999822 0.003351 -0.018575
vn 0.999822 0.003351 -0.018575
vn 0.998180 -0.033863 0.049906
vn 0.999665 -0.010239 0.023764
vn 0.999607 0.023847 -0.014721
vn 0.999607 0.023847 -0.014721
vn 0.999665 -0.010239 0.023764
vn 0.999607 0.023847 -0.014721
vn 0.998180 -0.033863 0.049906
vn 0.999984 0.005710 -0.000002
vn 0.996518 -0.072515 0.041162
vn 0.996518 -0.072515 0.041162
vn 0.999984 0.005710 -0.000002
vn 0.999984 0.005710 -0.000002
vn 0.996023 0.083303 -0.031620
vn 0.996023 0.083303 -0.031620
vn 0.996023 0.083303 -0.031620
vn 0.996023 0.083303 -0.031620
vn 0.996023 0.083303 -0.031620
vn 0.996023 0.083303 -0.031620
vn -0.000000 0.000000 -1.000000
vn -0.000000 0.000000 -1.000000
vn -0.000000 0.000000 -1.000000
vn -0.001964 -0.000109 -0.999998
vn 0.000000 0.000000 -1.000000
vn 0.000000 0.000000 -1.000000
vn 0.000000 0.000000 -1.000000
vn 0.000000 0.000000 -1.000000
vn 0.000000 0.000000 -1.000000
vn 0.000000 0.000000 -1.000000
vn 0.000000 0.000000 -1.000000
vn 0.000000 0.000000 -1.000000
vn 0.000000 0.000000 -1.000000
vn 0.000000 0.000000 -1.000000
vn 0.000000 0.000000 -1.000000
vn 0.000000 0.000000 -1.000000
vn 0.000000 0.000000 -1.000000
vn 0.000000 0.000000 -1.000000
vn 0.000000 0.000000 -1.000000
vn 0.000000 0.000000 -1.000000
vn 0.000000 0.000000 -1.000000
vn 0.000000 0.000000 -1.000000
vn 0.000000 0.000000 -1.000000
vn 0.000000 0.000000 -1.000000
vn 0.000000 0.000000 -1.000000
vn 0.000000 0.000000 -1.000000
vn 0.000000 0.000000 -1.000000
vn 0.000000 0.000000 -1.000000
vn 0.000000 0.000000 -1.000000
vn 0.000000 0.000000 -1.000000
vn 0.000000 0.000000 -1.000000
vn 0.000000 0.000000 -1.000000
vn 0.000000 0.000000 -1.000000
vn 0.000000 0.000000 -1.000000
vn 0.000000 0.000000 -1.000000
vn 0.000000 0.000000 -1.000000
vn 0.000000 0.000000 -1.000000
vn 0.000000 0.000000 -1.000000
vn 0.000000 0.000000 -1.000000
vn 0.000000 0.000000 -1.000000
vn 0.000000 0.000000 -1.000000
vn 0.000000 0.000000 -1.000000
vn -0.022570 -0.999745 0.000000
vn 0.067796 -0.997699 0.000000
vn -0.022570 -0.999745 0.000000
vn -0.022570 -0.999745 0.000000
vn 0.067796 -0.997699 0.000000
vn 0.067796 -0.997699 0.000000
vn 0.998140 0.060964 0.000000
vn 0.998140 0.060964 0.000000
vn 0.998140 0.060964 0.000000
vn 0.998140 0.060964 0.000000
vn 0.998140 0.060964 0.000000
vn 0.998140 0.060964 0.000000
vn -0.000483 -0.000996 -0.999999
vn 0.000024 -0.000379 -1.000000
vn -0.001146 -0.000526 -0.999999
vn -0.001146 -0.000526 -0.999999
vn 0.000024 -0.000379 -1.000000
vn 0.000024 -0.000379 -1.000000
vn 0.097499 -0.995236 0.000000
vn 0.110324 -0.993896 0.000000
vn 0.110324 -0.993896 0.000000
vn -0.014591 -0.999894 -0.000001
vn -0.014591 -0.999894 -0.000001
vn -0.014591 -0.999894 0.000001
vn -0.014591 -0.999894 0.000001
vn -0.014591 -0.999894 -0.000001
vn -0.014591 -0.999894 0.000001
vn 0.107718 -0.994182 -0.000004
vn 0.107718 -0.994182 -0.000004
vn 0.107718 -0.994182 0.000004
vn 0.107718 -0.994182 0.000004
vn 0.107718 -0.994182 -0.000004
vn 0.107718 -0.994182 0.000004
vn -0.093354 -0.995633 0.000000
vn -0.093354 -0.995633 0.000000
vn -0.093354 -0.995633 0.000000
vn -0.093354 -0.995633 0.000000
vn -0.093354 -0.995633 0.000000
vn -0.093354 -0.995633 0.000000
vn 0.096470 -0.995336 0.000001
vn 0.096470 -0.995336 0.000001
vn 0.096470 -0.995336 -0.000001
vn 0.096470 -0.995336 -0.000001
vn 0.096470 -0.995336 0.000001
vn 0.096470 -0.995336 -0.000001
vn -0.030051 -0.999548 0.000000
vn -0.030051 -0.999548 0.000000
vn -0.030051 -0.999548 0.000000
vn -0.030051 -0.999548 0.000000
vn -0.030051 -0.999548 0.000000
vn -0.030051 -0.999548 0.000000
vn -0.024508 -0.999700 0.000000
vn -0.024508 -0.999700 0.000000
vn -0.024508 -0.999700 0.000000
vn -0.024508 -0.999700 0.000000
vn -0.024508 -0.999700 0.000000
vn -0.024508 -0.999700 0.000000
vn 0.202173 -0.979350 0.000000
vn 0.202173 -0.979350 0.000000
vn 0.202173 -0.979350 0.000000
vn 0.202173 -0.979350 0.000000
vn 0.202173 -0.979350 0.000000
vn 0.202173 -0.979350 0.000000
vn 0.008581 -0.999963 0.000000
vn 0.008581 -0.999963 0.000000
vn 0.008581 -0.999963 0.000000
vn 0.008581 -0.999963 0.000000
vn 0.008581 -0.999963 0.000000
vn 0.008581 -0.999963 0.000000
vn -0.037992 -0.999278 0.000000
vn -0.037992 -0.999278 0.000000
vn -0.037992 -0.999278 0.000000
vn -0.037992 -0.999278 0.000000
vn -0.037992 -0.999278 0.000000
vn -0.037992 -0.999278 0.000000
vn 0.182375 -0.983229 0.000000
vn 0.182375 -0.983229 0.000000
vn 0.182375 -0.983229 0.000000
vn 0.182375 -0.983229 0.000000
vn 0.182375 -0.983229 0.000000
vn 0.182375 -0.983229 0.000000
vn 0.000000 0.000000 -1.000000
vn 0.000000 0.000000 -1.000000
vn -0.001964 -0.000109 -0.999998
vn -0.001964 -0.000109 -0.999998
vn 0.000000 0.000000 -1.000000
vn -0.030539 0.007005 -0.999509
vn 0.999804 -0.019790 0.000000
vn 0.999804 -0.019790 0.000000
vn 0.999804 -0.019790 0.000000
vn 0.999804 -0.019790 0.000000
vn 0.999804 -0.019790 0.000000
vn 0.999804 -0.019790 0.000000
vn -0.992768 -0.120051 0.000000
vn -0.992768 -0.120051 0.000000
vn -0.992768 -0.120051 0.000000
vn -0.992768 -0.120051 0.000000
vn -0.992768 -0.120051 0.000000
vn -0.992768 -0.120051 0.000000
vn 0.000000 0.000000 -1.000000
vn 0.000000 0.000000 -1.000000
vn 0.000000 0.000001 -1.000000
vn 0.000000 0.000001 -1.000000
vn 0.000000 0.000000 -1.000000
vn 0.000000 0.000001 -1.000000
vn 0.998863 0.047677 -0.000005
vn 0.998863 0.047677 -0.000005
vn 0.998863 0.047677 0.000005
vn 0.998863 0.047677 0.000005
vn 0.998863 0.047677 -0.000005
vn 0.998863 0.047677 0.000005
vn -0.997677 -0.068117 0.000015
vn -0.997677 -0.068117 0.000015
vn -0.997677 -0.068117 -0.000015
vn -0.997677 -0.068117 -0.000015
vn -0.997677 -0.068117 0.000015
vn -0.997677 -0.068117 -0.000015
vn 0.000000 0.000000 -1.000000
vn 0.000000 0.000000 -1.000000
vn 0.000000 0.000000 -1.000000
vn 0.000000 0.000000 -1.000000
vn 0.000000 0.000000 -1.000000
vn 0.000000 0.000000 -1.000000
vn 0.998572 0.053423 0.000000
vn 0.998572 0.053423 0.000000
vn 0.998572 0.053423 0.000000
vn 0.998572 0.053423 0.000000
vn 0.998572 0.053423 0.000000
vn 0.998572 0.053423 0.000000
vn -0.992190 -0.124736 0.000000
vn -0.992190 -0.124736 0.000000
vn -0.992190 -0.124736 0.000000
vn -0.992190 -0.124736 0.000000
vn -0.992190 -0.124736 0.000000
vn -0.992190 -0.124736 0.000000
vn 0.000000 0.000000 -1.000000
vn 0.000000 0.000000 -1.000000
vn 0.000000 0.000000 -1.000000
vn 0.000000 0.000000 -1.000000
vn 0.000000 0.000000 -1.000000
vn 0.000000 0.000000 -1.000000
vn 0.999992 0.003981 0.000000
vn 0.999992 0.003981 0.000000
vn 0.999992 0.003981 0.000000
vn 0.999992 0.003981 0.000000
vn 0.999992 0.003981 0.000000
vn 0.999992 0.003981 0.000000
vn 0.086969 -0.996211 0.000000
vn 0.086969 -0.996211 0.000000
vn 0.086969 -0.996211 0.000000
vn 0.086969 -0.996211 0.000000
vn 0.086969 -0.996211 0.000000
vn 0.086969 -0.996211 0.000000
vn -0.997614 -0.069035 0.000000
vn -0.997614 -0.069035 0.000000
vn -0.997614 -0.069035 0.000000
vn -0.997614 -0.069035 0.000000
vn -0.997614 -0.069035 0.000000
vn -0.997614 -0.069035 0.000000
vn 0.000000 0.000000 -1.000000
vn 0.000000 0.000000 -1.000000
vn 0.000000 0.000000 -1.000000
vn 0.000000 0.000000 -1.000000
vn 0.000000 0.000000 -1.000000
vn 0.000000 0.000000 -1.000000
vn -0.807213 0.590261 -0.000001
vn -0.807209 0.590265 -0.000001
vn -0.807213 0.590261 0.000001
vn -0.807213 0.590261 0.000001
vn -0.807209 0.590265 -0.000001
vn -0.807209 0.590265 0.000001
vn 0.000000 0.000000 -1.000000
vn 0.000000 -0.000001 -1.000000
vn 0.000000 0.000000 -1.000000
vn 0.000000 -0.000002 -1.000000
vn 0.000000 -0.000001 -1.000000
vn 0.000000 -0.000001 -1.000000
vn 0.907715 -0.419588 0.000000
vn 0.907715 -0.419588 0.000000
vn 0.907715 -0.419588 0.000000
vn 0.907715 -0.419588 0.000000
vn 0.907715 -0.419588 0.000000
vn 0.907715 -0.419588 0.000000
vn -0.732510 -0.680756 0.000000
vn -0.732510 -0.680756 0.000000
vn -0.732510 -0.680756 0.000000
vn -0.732510 -0.680756 0.000000
vn -0.732510 -0.680756 0.000000
vn -0.732510 -0.680756 0.000000
vn 0.000000 0.000000 -1.000000
vn 0.000000 0.000000 -1.000000
vn 0.000000 0.000000 -1.000000
vn 0.000000 0.000000 -1.000000
vn 0.000000 0.000000 -1.000000
vn 0.000000 0.000000 -1.000000
vn 0.935139 0.354281 0.000000
vn 0.935138 0.354285 0.000000
vn 0.935139 0.354281 0.000000
vn 0.935139 0.354281 0.000000
vn 0.935138 0.354285 0.000000
vn 0.935138 0.354285 0.000000
vn 0.000000 0.000000 -1.000000
vn 0.000000 0.000000 -1.000000
vn 0.000000 0.000000 -1.000000
vn 0.000000 0.000000 -1.000000
vn 0.000000 0.000000 -1.000000
vn 0.000000 0.000000 -1.000000
vn -0.585303 -0.810815 0.000000
vn -0.906757 -0.421654 0.000000
vn -0.585303 -0.810815 0.000000
vn -0.585303 -0.810815 0.000000
vn -0.906757 -0.421654 0.000000
vn -0.906757 -0.421654 0.000000
vn 0.000000 0.000000 -1.000000
vn 0.000000 0.000000 -1.000000
vn 0.000000 0.000000 -1.000000
vn 0.000000 0.000000 -1.000000
vn 0.000000 0.000000 -1.000000
vn 0.000000 0.000000 -1.000000
vn -0.997800 -0.066296 0.000000
vn -0.997800 -0.066297 0.000000
vn -0.997800 -0.066296 0.000000
vn -0.997800 -0.066296 0.000000
vn -0.997800 -0.066297 0.000000
vn -0.997800 -0.066297 0.000000
vn 0.000000 0.000000 -1.000000
vn 0.000000 0.000000 -1.000000
vn 0.000000 0.000000 -1.000000
vn 0.000000 0.000000 -1.000000
vn 0.000000 0.000000 -1.000000
vn 0.000000 0.000000 -1.000000
vn 0.000000 0.000000 -1.000000
vn 0.000000 0.000000 -1.000000
vn 0.000000 0.000000 -1.000000
vn 0.000000 0.000000 -1.000000
vn 0.000000 0.000000 -1.000000
vn 0.000000 0.000000 -1.000000
vn 0.000000 0.000000 -1.000000
vn 0.000000 0.000000 -1.000000
vn 0.000000 0.000000 -1.000000
vn 0.000000 0.000000 -1.000000
vn 0.000000 0.000000 -1.000000
vn 0.000000 0.000000 -1.000000
vn 0.496716 -0.867913 0.000000
vn 0.496716 -0.867913 0.000000
vn 0.496716 -0.867913 0.000000
vn 0.496716 -0.867913 0.000000
vn 0.496716 -0.867913 0.000000
vn 0.496716 -0.867913 0.000000
vn -0.253963 -0.967214 0.000000
vn -0.022570 -0.999745 0.000000
vn -0.253963 -0.967214 0.000000
vn -0.253963 -0.967214 0.000000
vn -0.022570 -0.999745 0.000000
vn -0.022570 -0.999745 0.000000
vn 0.000000 0.000000 -1.000000
vn 0.000000 0.000000 -1.000000
vn 0.000000 0.000000 -1.000000
vn 0.000000 0.000000 -1.000000
vn 0.000000 0.000000 -1.000000
vn 0.000000 0.000000 -1.000000
vn 0.253963 0.967214 0.000000
vn 0.253963 0.967214 0.000000
vn 0.253963 0.967214 0.000000
vn 0.253963 0.967214 0.000000
vn 0.253963 0.967214 0.000000
vn 0.253963 0.967214 0.000000
vn -0.001146 -0.000526 -0.999999
vn -0.001964 -0.000109 -0.999998
vn -0.057387 -0.013680 -0.998258
vn -0.057387 -0.013680 -0.998258
vn -0.001964 -0.000109 -0.999998
vn -0.062819 -0.000232 -0.998025
vn -0.000483 -0.000996 -0.999999
vn -0.001146 -0.000526 -0.999999
vn -0.032340 -0.039805 -0.998684
vn -0.032340 -0.039805 -0.998684
vn -0.001146 -0.000526 -0.999999
vn -0.057387 -0.013680 -0.998258
vn -0.001964 -0.000109 -0.999998
vn -0.030539 0.007005 -0.999509
vn -0.062819 -0.000232 -0.998025
vn -0.886480 -0.462767 0.000000
vn -0.886480 -0.462767 0.000000
vn -0.886480 -0.462767 0.000000
vn -0.886480 -0.462767 0.000000
vn -0.886480 -0.462767 0.000000
vn -0.886480 -0.462767 0.000000
vn 0.785760 -0.618532 0.000000
vn 0.785760 -0.618532 0.000000
vn 0.785760 -0.618532 0.000000
vn 0.785760 -0.618532 0.000000
vn 0.785760 -0.618532 0.000000
vn 0.785760 -0.618532 0.000000
vn 0.000000 0.000000 -1.000000
vn 0.000000 0.000000 -1.000000
vn 0.000000 0.000000 -1.000000
vn 0.000000 0.000000 -1.000000
vn 0.000000 0.000000 -1.000000
vn 0.000000 0.000000 -1.000000
vn 0.000000 0.000000 -1.000000
vn 0.000000 0.000000 -1.000000
vn 0.000000 0.000000 -1.000000
vn 0.000000 0.000000 -1.000000
vn 0.000000 0.000000 -1.000000
vn 0.000000 0.000000 -1.000000
vn 0.000000 0.000000 -1.000000
vn 0.000000 0.000000 -1.000000
vn 0.000000 0.000000 -1.000000
vn 0.000000 0.000000 -1.000000
vn 0.000000 0.000000 -1.000000
vn 0.000000 0.000000 -1.000000
vn 0.000000 0.000000 -1.000000
vn 0.000000 0.000000 -1.000000
vn 0.000000 0.000000 -1.000000
vn 0.000000 0.000000 -1.000000
vn 0.000000 -0.000001 -1.000000
vn 0.000000 -0.000002 -1.000000
vn 0.998139 0.060980 0.000000
vn 0.998139 0.060980 0.000000
vn 0.998139 0.060980 0.000000
vn 0.000000 0.000000 1.000000
vn 0.000000 0.000000 1.000000
vn 0.000000 0.000000 1.000000
vn -0.001964 -0.000109 0.999998
vn 0.000000 0.000000 1.000000
vn 0.000000 0.000000 1.000000
vn 0.000000 0.000000 1.000000
vn 0.000000 0.000000 1.000000
vn 0.000000 0.000000 1.000000
vn 0.000000 0.000000 1.000000
vn 0.000000 0.000000 1.000000
vn 0.000000 0.000000 1.000000
vn 0.000000 0.000000 1.000000
vn 0.000000 0.000000 1.000000
vn 0.000000 0.000000 1.000000
vn 0.000000 0.000000 1.000000
vn 0.000000 0.000000 1.000000
vn 0.000000 0.000000 1.000000
vn 0.000000 0.000000 1.000000
vn 0.000000 0.000000 1.000000
vn 0.000000 0.000000 1.000000
vn 0.000000 0.000000 1.000000
vn 0.000000 0.000000 1.000000
vn 0.000000 0.000000 1.000000
vn 0.000000 0.000000 1.000000
vn 0.000000 0.000000 1.000000
vn 0.000000 0.000000 1.000000
vn 0.000000 0.000000 1.000000
vn 0.000000 0.000000 1.000000
vn 0.000000 0.000000 1.000000
vn 0.000000 0.000000 1.000000
vn 0.000000 0.000000 1.000000
vn 0.000000 0.000000 1.000000
vn 0.000000 0.000000 1.000000
vn 0.000000 0.000000 1.000000
vn 0.000000 0.000000 1.000000
vn 0.000000 0.000000 1.000000
vn 0.000000 0.000000 1.000000
vn 0.000000 0.000000 1.000000
vn 0.000000 0.000000 1.000000
vn 0.000000 0.000000 1.000000
vn 0.000000 0.000000 1.000000
vn -0.000483 -0.000996 0.999999
vn -0.001146 -0.000526 0.999999
vn 0.000024 -0.000379 1.000000
vn -0.001146 -0.000526 0.999999
vn 0.000024 -0.000379 1.000000
vn 0.000024 -0.000379 1.000000
vn 0.000000 0.000000 1.000000
vn -0.001964 -0.000109 0.999998
vn 0.000000 0.000000 1.000000
vn -0.001964 -0.000109 0.999998
vn -0.030539 0.007005 0.999509
vn 0.000000 0.000000 1.000000
vn 0.000000 0.000000 1.000000
vn 0.000000 0.000001 1.000000
vn 0.000000 0.000000 1.000000
vn 0.000000 0.000001 1.000000
vn 0.000000 0.000001 1.000000
vn 0.000000 0.000000 1.000000
vn 0.000000 0.000000 1.000000
vn 0.000000 0.000000 1.000000
vn 0.000000 0.000000 1.000000
vn 0.000000 0.000000 1.000000
vn 0.000000 0.000000 1.000000
vn 0.000000 0.000000 1.000000
vn 0.000000 0.000000 1.000000
vn 0.000000 0.000000 1.000000
vn 0.000000 0.000000 1.000000
vn 0.000000 0.000000 1.000000
vn 0.000000 0.000000 1.000000
vn 0.000000 0.000000 1.000000
vn 0.000000 0.000000 1.000000
vn 0.000000 0.000000 1.000000
vn 0.000000 0.000000 1.000000
vn 0.000000 0.000000 1.000000
vn 0.000000 0.000000 1.000000
vn 0.000000 0.000000 1.000000
vn 0.000000 0.000000 1.000000
vn 0.000000 0.000000 1.000000
vn 0.000000 -0.000001 1.000000
vn 0.000000 -0.000002 1.000000
vn 0.000000 -0.000001 1.000000
vn 0.000000 -0.000001 1.000000
vn 0.000000 0.000000 1.000000
vn 0.000000 0.000000 1.000000
vn 0.000000 0.000000 1.000000
vn 0.000000 0.000000 1.000000
vn 0.000000 0.000000 1.000000
vn 0.000000 0.000000 1.000000
vn 0.000000 0.000000 1.000000
vn 0.000000 0.000000 1.000000
vn 0.000000 0.000000 1.000000
vn 0.000000 0.000000 1.000000
vn 0.000000 0.000000 1.000000
vn 0.000000 0.000000 1.000000
vn 0.000000 0.000000 1.000000
vn 0.000000 0.000000 1.000000
vn 0.000000 0.000000 1.000000
vn 0.000000 0.000000 1.000000
vn 0.000000 0.000000 1.000000
vn 0.000000 0.000000 1.000000
vn 0.000000 0.000000 1.000000
vn 0.000000 0.000000 1.000000
vn 0.000000 0.000000 1.000000
vn 0.000000 0.000000 1.000000
vn 0.000000 0.000000 1.000000
vn 0.000000 0.000000 1.000000
vn 0.000000 0.000000 1.000000
vn 0.000000 0.000000 1.000000
vn 0.000000 0.000000 1.000000
vn 0.000000 0.000000 1.000000
vn 0.000000 0.000000 1.000000
vn 0.000000 0.000000 1.000000
vn 0.000000 0.000000 1.000000
vn 0.000000 0.000000 1.000000
vn 0.000000 0.000000 1.000000
vn 0.000000 0.000000 1.000000
vn 0.000000 0.000000 1.000000
vn 0.000000 0.000000 1.000000
vn 0.000000 0.000000 1.000000
vn 0.000000 0.000000 1.000000
vn 0.000000 0.000000 1.000000
vn 0.000000 0.000000 1.000000
vn 0.000000 0.000000 1.000000
vn 0.000000 0.000000 1.000000
vn -0.001146 -0.000526 0.999999
vn -0.057387 -0.013680 0.998258
vn -0.001964 -0.000109 0.999998
vn -0.057387 -0.013680 0.998258
vn -0.062819 -0.000232 0.998025
vn -0.001964 -0.000109 0.999998
vn -0.000483 -0.000996 0.999999
vn -0.032340 -0.039805 0.998684
vn -0.001146 -0.000526 0.999999
vn -0.032340 -0.039805 0.998684
vn -0.057387 -0.013680 0.998258
vn -0.001146 -0.000526 0.999999
vn -0.001964 -0.000109 0.999998
vn -0.062819 -0.000232 0.998025
vn -0.030539 0.007005 0.999509
vn 0.000000 0.000000 1.000000
vn 0.000000 0.000000 1.000000
vn 0.000000 0.000000 1.000000
vn 0.000000 0.000000 1.000000
vn 0.000000 0.000000 1.000000
vn 0.000000 0.000000 1.000000
vn 0.000000 0.000000 1.000000
vn 0.000000 0.000000 1.000000
vn 0.000000 0.000000 1.000000
vn 0.000000 0.000000 1.000000
vn 0.000000 0.000000 1.000000
vn 0.000000 0.000000 1.000000
vn 0.000000 0.000000 1.000000
vn 0.000000 0.000000 1.000000
vn 0.000000 0.000000 1.000000
vn 0.000000 0.000000 1.000000
vn 0.000000 0.000000 1.000000
vn 0.000000 0.000000 1.000000
vn 0.000000 0.000000 1.000000
vn 0.000000 0.000000 1.000000
vn 0.000000 0.000000 1.000000
vn 0.000000 0.000000 1.000000
vn 0.000000 -0.000002 1.000000
vn 0.000000 -0.000001 1.000000
vn -0.999852 -0.003436 -0.016869
vn -0.999852 -0.003436 -0.016869
vn -0.999852 -0.003436 -0.016869
vn -0.999462 -0.028162 -0.016786
vn -0.998755 -0.028520 -0.040924
vn -0.998222 -0.059615 0.000000
vn -0.998755 -0.028520 -0.040924
vn -0.997834 -0.034955 -0.055731
vn -0.998222 -0.059615 0.000000
vn -0.997834 -0.034955 -0.055731
vn -0.996645 -0.046056 -0.067654
vn -0.998222 -0.059615 0.000000
vn -0.996645 -0.046056 -0.067654
vn -0.995143 -0.061634 -0.076752
vn -0.998222 -0.059615 0.000000
vn -0.995143 -0.061634 -0.076752
vn -0.995870 -0.070468 -0.057243
vn -0.998222 -0.059615 0.000000
vn -0.995870 -0.070468 -0.057243
vn -0.996588 -0.074154 -0.036253
vn -0.998222 -0.059615 0.000000
vn -0.996588 -0.074154 -0.036253
vn -0.996242 -0.081993 -0.027921
vn -0.998222 -0.059615 0.000000
vn -0.996242 -0.081993 -0.027921
vn -0.994341 -0.103693 -0.023093
vn -0.998222 -0.059615 0.000000
vn -0.994341 -0.103693 -0.023093
vn -0.993279 -0.115748 0.000000
vn -0.998222 -0.059615 0.000000
vn -0.995870 -0.070468 -0.057243
vn -0.995143 -0.061634 -0.076752
vn -0.997611 -0.065172 -0.022907
vn -0.997611 -0.065172 -0.022907
vn -0.995143 -0.061634 -0.076752
vn -0.997611 -0.065172 -0.022907
vn -0.998042 -0.062001 0.008239
vn -0.998042 -0.062001 0.008239
vn -0.998042 -0.062001 0.008239
vn -0.998042 -0.062001 0.008239
vn -0.998042 -0.062001 0.008239
vn -0.998042 -0.062001 0.008239
vn -0.997834 -0.034955 -0.055731
vn -0.998044 -0.060832 0.014442
vn -0.996645 -0.046056 -0.067654
vn -0.996645 -0.046056 -0.067654
vn -0.998044 -0.060832 0.014442
vn -0.998044 -0.060832 0.014442
vn -0.997834 -0.034955 -0.055731
vn -0.998755 -0.028520 -0.040924
vn -0.998224 -0.056024 -0.020272
vn -0.998224 -0.056024 -0.020272
vn -0.998755 -0.028520 -0.040924
vn -0.998224 -0.056024 -0.020272
vn -0.998755 -0.028520 -0.040924
vn -0.999462 -0.028162 -0.016786
vn -0.998204 -0.059900 0.000000
vn -0.998204 -0.059900 0.000000
vn -0.999462 -0.028162 -0.016786
vn -0.998204 -0.059900 0.000000
vn -0.999889 -0.014926 0.000000
vn -0.997403 -0.071780 0.005914
vn -0.999462 -0.028162 -0.016786
vn -0.999462 -0.028162 -0.016786
vn -0.997403 -0.071780 0.005914
vn -0.997403 -0.071780 0.005914
vn -0.996588 -0.074154 -0.036253
vn -0.995870 -0.070468 -0.057243
vn -0.998398 -0.056190 0.006604
vn -0.998398 -0.056190 0.006604
vn -0.995870 -0.070468 -0.057243
vn -0.998398 -0.056190 0.006604
vn -0.996242 -0.081993 -0.027921
vn -0.996588 -0.074154 -0.036253
vn -0.998726 -0.049793 0.008207
vn -0.998726 -0.049793 0.008207
vn -0.996588 -0.074154 -0.036253
vn -0.998726 -0.049793 0.008207
vn -0.996242 -0.081993 -0.027921
vn -0.998204 -0.059902 0.000001
vn -0.994341 -0.103693 -0.023093
vn -0.994341 -0.103693 -0.023093
vn -0.998204 -0.059902 0.000001
vn -0.998204 -0.059902 0.000001
vn -0.999707 -0.016581 0.017627
vn -0.999707 -0.016581 0.017627
vn -0.999707 -0.016581 0.017627
vn -0.999707 -0.016581 0.017627
vn -0.999707 -0.016581 0.017627
vn -0.999707 -0.016581 0.017627
vn -0.999889 -0.014926 0.000000
vn -0.998222 -0.059615 0.000000
vn -0.999462 -0.028162 0.016786
vn -0.999462 -0.028162 0.016786
vn -0.998222 -0.059615 0.000000
vn -0.998755 -0.028520 0.040924
vn -0.998755 -0.028520 0.040924
vn -0.998222 -0.059615 0.000000
vn -0.997834 -0.034955 0.055731
vn -0.997834 -0.034955 0.055731
vn -0.998222 -0.059615 0.000000
vn -0.996645 -0.046056 0.067654
vn -0.996645 -0.046056 0.067654
vn -0.998222 -0.059615 0.000000
vn -0.995143 -0.061634 0.076752
vn -0.995143 -0.061634 0.076752
vn -0.998222 -0.059615 0.000000
vn -0.995870 -0.070469 0.057243
vn -0.995870 -0.070469 0.057243
vn -0.998222 -0.059615 0.000000
vn -0.996588 -0.074154 0.036253
vn -0.996588 -0.074154 0.036253
vn -0.998222 -0.059615 0.000000
vn -0.996242 -0.081992 0.027921
vn -0.996242 -0.081992 0.027921
vn -0.998222 -0.059615 0.000000
vn -0.994341 -0.103693 0.023093
vn -0.994341 -0.103693 0.023093
vn -0.998222 -0.059615 0.000000
vn -0.993279 -0.115748 0.000000
vn -0.995870 -0.070469 0.057243
vn -0.997611 -0.065173 0.022907
vn -0.995143 -0.061634 0.076752
vn -0.995143 -0.061634 0.076752
vn -0.997611 -0.065173 0.022907
vn -0.997611 -0.065173 0.022907
vn -0.998042 -0.062002 -0.008239
vn -0.998042 -0.062002 -0.008239
vn -0.998042 -0.062002 -0.008239
vn -0.998042 -0.062002 -0.008239
vn -0.998042 -0.062002 -0.008239
vn -0.998042 -0.062002 -0.008239
vn -0.998044 -0.060832 -0.014442
vn -0.998044 -0.060832 -0.014442
vn -0.996645 -0.046056 0.067654
vn -0.996645 -0.046056 0.067654
vn -0.998044 -0.060832 -0.014442
vn -0.997834 -0.034955 0.055731
vn -0.997834 -0.034955 0.055731
vn -0.998224 -0.056024 0.020272
vn -0.998755 -0.028520 0.040924
vn -0.998755 -0.028520 0.040924
vn -0.998224 -0.056024 0.020272
vn -0.998224 -0.056024 0.020272
vn -0.998755 -0.028520 0.040924
vn -0.998204 -0.059900 0.000000
vn -0.999462 -0.028162 0.016786
vn -0.999462 -0.028162 0.016786
vn -0.998204 -0.059900 0.000000
vn -0.998204 -0.059900 0.000000
vn -0.997403 -0.071780 -0.005914
vn -0.997403 -0.071780 -0.005914
vn -0.999462 -0.028162 0.016786
vn -0.999462 -0.028162 0.016786
vn -0.997403 -0.071780 -0.005914
vn -0.999889 -0.014926 0.000000
vn -0.996588 -0.074154 0.036253
vn -0.998398 -0.056191 -0.006604
vn -0.995870 -0.070469 0.057243
vn -0.995870 -0.070469 0.057243
vn -0.998398 -0.056191 -0.006604
vn -0.998398 -0.056191 -0.006604
vn -0.996242 -0.081992 0.027921
vn -0.998726 -0.049791 -0.008207
vn -0.996588 -0.074154 0.036253
vn -0.996588 -0.074154 0.036253
vn -0.998726 -0.049791 -0.008207
vn -0.998726 -0.049791 -0.008207
vn -0.998204 -0.059901 -0.000001
vn -0.998204 -0.059901 -0.000001
vn -0.994341 -0.103693 0.023093
vn -0.994341 -0.103693 0.023093
vn -0.998204 -0.059901 -0.000001
vn -0.996242 -0.081992 0.027921
vn -0.999707 -0.016582 -0.017627
vn -0.999707 -0.016582 -0.017627
vn -0.999707 -0.016582 -0.017627
vn -0.999707 -0.016582 -0.017627
vn -0.999707 -0.016582 -0.017627
vn -0.999707 -0.016582 -0.017627
vn -0.017537 0.133021 -0.990958
vn -0.017537 0.133021 -0.990958
vn 0.002751 0.134143 -0.990958
vn 0.002751 0.134143 -0.990958
vn -0.017537 0.133021 -0.990958
vn 0.002751 0.134143 -0.990958
vn -0.130606 0.990707 -0.037970
vn -0.130606 0.990707 -0.037970
vn 0.020485 0.999069 -0.037970
vn 0.020485 0.999069 -0.037970
vn -0.130606 0.990707 -0.037970
vn 0.020485 0.999069 -0.037970
vn 0.126064 -0.956204 -0.264163
vn 0.126064 -0.956204 -0.264163
vn -0.019778 -0.964275 -0.264163
vn -0.019778 -0.964275 -0.264163
vn 0.126064 -0.956204 -0.264163
vn -0.019778 -0.964275 -0.264163
vn 0.052971 -0.401750 -0.914216
vn 0.052971 -0.401750 -0.914216
vn -0.008315 -0.405142 -0.914216
vn -0.008315 -0.405142 -0.914216
vn 0.052971 -0.401750 -0.914216
vn -0.008315 -0.405142 -0.914216
vn -0.129865 0.984966 0.113921
vn -0.129865 0.984966 0.113921
vn 0.020382 0.993281 0.113921
vn 0.020382 0.993281 0.113921
vn -0.129865 0.984966 0.113921
vn 0.020382 0.993281 0.113921
vn 0.125059 -0.948534 0.290936
vn 0.125059 -0.948534 0.290936
vn -0.019626 -0.956541 0.290936
vn -0.019626 -0.956541 0.290936
vn 0.125059 -0.948534 0.290936
vn -0.019626 -0.956541 0.290936
vn -0.047445 0.359868 -0.931796
vn -0.047445 0.359868 -0.931796
vn 0.007444 0.362906 -0.931796
vn 0.007444 0.362906 -0.931796
vn -0.047445 0.359868 -0.931796
vn 0.007444 0.362906 -0.931796
vn -0.115592 0.876788 -0.466777
vn -0.115592 0.876788 -0.466777
vn 0.018133 0.884189 -0.466777
vn 0.018133 0.884189 -0.466777
vn -0.115592 0.876788 -0.466777
vn 0.018133 0.884189 -0.466777
vn 0.117398 -0.890452 -0.439674
vn 0.117398 -0.890452 -0.439674
vn -0.018420 -0.897969 -0.439674
vn -0.018420 -0.897969 -0.439674
vn 0.117398 -0.890452 -0.439674
vn -0.018420 -0.897969 -0.439674
vn -0.090239 0.684459 -0.723445
vn -0.090239 0.684459 -0.723445
vn 0.014158 0.690237 -0.723445
vn 0.014158 0.690237 -0.723445
vn -0.090239 0.684459 -0.723445
vn 0.014158 0.690237 -0.723445
vn -0.119115 0.903494 0.411716
vn -0.119115 0.903494 0.411716
vn 0.018688 0.911121 0.411716
vn 0.018688 0.911121 0.411716
vn -0.119115 0.903494 0.411716
vn 0.018688 0.911121 0.411716
vn 0.086933 -0.659394 -0.746754
vn 0.086933 -0.659394 -0.746754
vn -0.013638 -0.664960 -0.746754
vn -0.013638 -0.664960 -0.746754
vn 0.086933 -0.659394 -0.746754
vn -0.013638 -0.664960 -0.746754
vn -0.125655 0.953104 -0.275324
vn -0.125655 0.953104 -0.275324
vn 0.019714 0.961149 -0.275324
vn 0.019714 0.961149 -0.275324
vn -0.125655 0.953104 -0.275324
vn 0.019714 0.961149 -0.275324
vn -0.090303 0.684973 0.722951
vn -0.090303 0.684973 0.722951
vn 0.014166 0.690754 0.722951
vn 0.014166 0.690754 0.722951
vn -0.090303 0.684973 0.722951
vn 0.014166 0.690754 0.722951
vn 0.075002 -0.568896 -0.818982
vn 0.075002 -0.568896 -0.818982
vn -0.011767 -0.573698 -0.818982
vn -0.011767 -0.573698 -0.818982
vn 0.075002 -0.568896 -0.818982
vn -0.011767 -0.573698 -0.818982
vn -0.023421 0.177641 -0.983817
vn -0.023421 0.177641 -0.983817
vn 0.003675 0.179140 -0.983817
vn 0.003675 0.179140 -0.983817
vn -0.023421 0.177641 -0.983817
vn 0.003675 0.179140 -0.983817
vn -0.098018 0.743473 0.661544
vn -0.098018 0.743473 0.661544
vn 0.015378 0.749748 0.661544
vn 0.015378 0.749748 0.661544
vn -0.098018 0.743473 0.661544
vn 0.015378 0.749748 0.661544
vn -0.020832 0.158009 -0.987218
vn -0.020832 0.158009 -0.987218
vn 0.003269 0.159342 -0.987218
vn 0.003269 0.159342 -0.987218
vn -0.020832 0.158009 -0.987218
vn 0.003269 0.159342 -0.987218
vn -0.112484 0.853167 -0.509365
vn -0.112484 0.853167 -0.509365
vn 0.017651 0.860369 -0.509365
vn 0.017651 0.860369 -0.509365
vn -0.112484 0.853167 -0.509365
vn 0.017651 0.860369 -0.509365
vn -0.020152 0.152848 0.988044
vn -0.020152 0.152848 0.988044
vn 0.003162 0.154138 0.988044
vn 0.003162 0.154138 0.988044
vn -0.020152 0.152848 0.988044
vn 0.003162 0.154138 0.988044
vn -0.020152 0.152848 -0.988044
vn -0.020152 0.152848 -0.988044
vn 0.003162 0.154138 -0.988044
vn 0.003162 0.154138 -0.988044
vn -0.020152 0.152848 -0.988044
vn 0.003162 0.154138 -0.988044
vn -0.112484 0.853167 0.509365
vn -0.112484 0.853167 0.509365
vn 0.017651 0.860369 0.509365
vn 0.017651 0.860369 0.509365
vn -0.112484 0.853167 0.509365
vn 0.017651 0.860369 0.509365
vn -0.020832 0.158009 0.987218
vn -0.020832 0.158009 0.987218
vn 0.003269 0.159342 0.987218
vn 0.003269 0.159342 0.987218
vn -0.020832 0.158009 0.987218
vn 0.003269 0.159342 0.987218
vn -0.098018 0.743473 -0.661544
vn -0.098018 0.743473 -0.661544
vn 0.015378 0.749748 -0.661544
vn 0.015378 0.749748 -0.661544
vn -0.098018 0.743473 -0.661544
vn 0.015378 0.749748 -0.661544
vn -0.023421 0.177641 0.983817
vn -0.023421 0.177641 0.983817
vn 0.003675 0.179140 0.983817
vn 0.003675 0.179140 0.983817
vn -0.023421 0.177641 0.983817
vn 0.003675 0.179140 0.983817
vn 0.075002 -0.568896 0.818982
vn 0.075002 -0.568896 0.818982
vn -0.011767 -0.573698 0.818982
vn -0.011767 -0.573698 0.818982
vn 0.075002 -0.568896 0.818982
vn -0.011767 -0.573698 0.818982
vn -0.090303 0.684973 -0.722951
vn -0.090303 0.684973 -0.722951
vn 0.014166 0.690754 -0.722951
vn 0.014166 0.690754 -0.722951
vn -0.090303 0.684973 -0.722951
vn 0.014166 0.690754 -0.722951
vn -0.125655 0.953104 0.275325
vn -0.125655 0.953104 0.275325
vn 0.019714 0.961149 0.275325
vn 0.019714 0.961149 0.275325
vn -0.125655 0.953104 0.275325
vn 0.019714 0.961149 0.275325
vn 0.086933 -0.659394 0.746754
vn 0.086933 -0.659394 0.746754
vn -0.013638 -0.664960 0.746754
vn -0.013638 -0.664960 0.746754
vn 0.086933 -0.659394 0.746754
vn -0.013638 -0.664960 0.746754
vn -0.119115 0.903494 -0.411716
vn -0.119115 0.903494 -0.411716
vn 0.018688 0.911121 -0.411716
vn 0.018688 0.911121 -0.411716
vn -0.119115 0.903494 -0.411716
vn 0.018688 0.911121 -0.411716
vn -0.090239 0.684458 0.723446
vn -0.090239 0.684458 0.723446
vn 0.014158 0.690236 0.723446
vn 0.014158 0.690236 0.723446
vn -0.090239 0.684458 0.723446
vn 0.014158 0.690236 0.723446
vn 0.117398 -0.890452 0.439674
vn 0.117398 -0.890452 0.439674
vn -0.018420 -0.897969 0.439674
vn -0.018420 -0.897969 0.439674
vn 0.117398 -0.890452 0.439674
vn -0.018420 -0.897969 0.439674
vn -0.115592 0.876788 0.466777
vn -0.115592 0.876788 0.466777
vn 0.018133 0.884189 0.466777
vn 0.018133 0.884189 0.466777
vn -0.115592 0.876788 0.466777
vn 0.018133 0.884189 0.466777
vn -0.047445 0.359868 0.931796
vn -0.047445 0.359868 0.931796
vn 0.007444 0.362906 0.931796
vn 0.007444 0.362906 0.931796
vn -0.047445 0.359868 0.931796
vn 0.007444 0.362906 0.931796
vn 0.125059 -0.948534 -0.290936
vn 0.125059 -0.948534 -0.290936
vn -0.019626 -0.956541 -0.290936
vn -0.019626 -0.956541 -0.290936
vn 0.125059 -0.948534 -0.290936
vn -0.019626 -0.956541 -0.290936
vn -0.129865 0.984966 -0.113921
vn -0.129865 0.984966 -0.113921
vn 0.020382 0.993281 -0.113921
vn 0.020382 0.993281 -0.113921
vn -0.129865 0.984966 -0.113921
vn 0.020382 0.993281 -0.113921
vn 0.052971 -0.401749 0.914217
vn 0.052971 -0.401749 0.914217
vn -0.008315 -0.405140 0.914217
vn -0.008315 -0.405140 0.914217
vn 0.052971 -0.401749 0.914217
vn -0.008315 -0.405140 0.914217
vn 0.126064 -0.956204 0.264163
vn 0.126064 -0.956204 0.264163
vn -0.019778 -0.964275 0.264163
vn -0.019778 -0.964275 0.264163
vn 0.126064 -0.956204 0.264163
vn -0.019778 -0.964275 0.264163
vn -0.130606 0.990707 0.037971
vn -0.130606 0.990707 0.037971
vn 0.020485 0.999069 0.037971
vn 0.020485 0.999069 0.037971
vn -0.130606 0.990707 0.037971
vn 0.020485 0.999069 0.037971
vn -0.017537 0.133021 0.990958
vn -0.017537 0.133021 0.990958
vn 0.002751 0.134143 0.990958
vn 0.002751 0.134143 0.990958
vn -0.017537 0.133021 0.990958
vn 0.002751 0.134143 0.990958
vn 0.130546 -0.990161 -0.050396
vn 0.130546 -0.990161 -0.050396
vn -0.020486 -0.998519 -0.050396
vn -0.020486 -0.998519 -0.050396
vn 0.130546 -0.990161 -0.050396
vn -0.020486 -0.998519 -0.050396
vn -0.050783 0.385166 0.921449
vn -0.050783 0.385166 0.921449
vn 0.007970 0.388418 0.921449
vn 0.007970 0.388418 0.921449
vn -0.050783 0.385166 0.921449
vn 0.007970 0.388418 0.921449
vn -0.014411 0.109280 0.993907
vn -0.014411 0.109280 0.993907
vn 0.002264 0.110203 0.993907
vn 0.002264 0.110203 0.993907
vn -0.014411 0.109280 0.993907
vn 0.002264 0.110203 0.993907
vn 0.096913 -0.735100 -0.670996
vn 0.096913 -0.735100 -0.670996
vn -0.015203 -0.741305 -0.670996
vn -0.015203 -0.741305 -0.670996
vn 0.096913 -0.735100 -0.670996
vn -0.015203 -0.741305 -0.670996
vn -0.083339 0.632139 0.770360
vn -0.083339 0.632139 0.770360
vn 0.013074 0.637475 0.770360
vn 0.013074 0.637475 0.770360
vn -0.083339 0.632139 0.770360
vn 0.013074 0.637475 0.770360
vn 0.044128 -0.334707 0.941288
vn 0.044128 -0.334706 0.941289
vn -0.006924 -0.337533 0.941288
vn -0.006924 -0.337533 0.941288
vn 0.044128 -0.334706 0.941289
vn -0.006924 -0.337531 0.941289
vn 0.095088 -0.721212 -0.686157
vn 0.095088 -0.721212 -0.686157
vn -0.014922 -0.727300 -0.686157
vn -0.014922 -0.727300 -0.686157
vn 0.095088 -0.721212 -0.686157
vn -0.014922 -0.727300 -0.686157
vn -0.125750 0.953701 0.273204
vn -0.125750 0.953701 0.273204
vn 0.019742 0.961754 0.273204
vn 0.019742 0.961754 0.273204
vn -0.125750 0.953701 0.273204
vn 0.019742 0.961754 0.273204
vn 0.105517 -0.800293 0.590252
vn 0.105517 -0.800293 0.590252
vn -0.016562 -0.807049 0.590252
vn -0.016562 -0.807049 0.590252
vn 0.105517 -0.800293 0.590252
vn -0.016562 -0.807049 0.590252
vn 0.117808 -0.893567 -0.433197
vn 0.117808 -0.893567 -0.433197
vn -0.018484 -0.901110 -0.433197
vn -0.018484 -0.901110 -0.433197
vn 0.117808 -0.893567 -0.433197
vn -0.018484 -0.901110 -0.433197
vn 0.117808 -0.893567 0.433197
vn 0.117808 -0.893567 0.433197
vn -0.018484 -0.901110 0.433197
vn -0.018484 -0.901110 0.433197
vn 0.117808 -0.893567 0.433197
vn -0.018484 -0.901110 0.433197
vn 0.105517 -0.800293 -0.590252
vn 0.105517 -0.800293 -0.590252
vn -0.016562 -0.807049 -0.590252
vn -0.016562 -0.807049 -0.590252
vn 0.105517 -0.800293 -0.590252
vn -0.016562 -0.807049 -0.590252
vn -0.125750 0.953701 -0.273204
vn -0.125750 0.953701 -0.273204
vn 0.019742 0.961754 -0.273204
vn 0.019742 0.961754 -0.273204
vn -0.125750 0.953701 -0.273204
vn 0.019742 0.961754 -0.273204
vn 0.095088 -0.721212 0.686157
vn 0.095088 -0.721212 0.686157
vn -0.014922 -0.727300 0.686157
vn -0.014922 -0.727300 0.686157
vn 0.095088 -0.721212 0.686157
vn -0.014922 -0.727300 0.686157
vn 0.044128 -0.334706 -0.941289
vn 0.044128 -0.334706 -0.941289
vn -0.006924 -0.337531 -0.941289
vn -0.006924 -0.337531 -0.941289
vn 0.044128 -0.334706 -0.941289
vn -0.006924 -0.337531 -0.941289
vn -0.083339 0.632139 -0.770360
vn -0.083339 0.632139 -0.770360
vn 0.013074 0.637475 -0.770360
vn 0.013074 0.637475 -0.770360
vn -0.083339 0.632139 -0.770360
vn 0.013074 0.637475 -0.770360
vn 0.096913 -0.735100 0.670996
vn 0.096913 -0.735100 0.670996
vn -0.015203 -0.741305 0.670996
vn -0.015203 -0.741305 0.670996
vn 0.096913 -0.735100 0.670996
vn -0.015203 -0.741305 0.670996
vn -0.014411 0.109280 -0.993907
vn -0.014411 0.109280 -0.993907
vn 0.002264 0.110203 -0.993907
vn 0.002264 0.110203 -0.993907
vn -0.014411 0.109280 -0.993907
vn 0.002264 0.110203 -0.993907
vn -0.050783 0.385166 -0.921449
vn -0.050783 0.385166 -0.921449
vn 0.007970 0.388418 -0.921449
vn 0.007970 0.388418 -0.921449
vn -0.050783 0.385166 -0.921449
vn 0.007970 0.388418 -0.921449
vn 0.130546 -0.990161 0.050396
vn 0.130546 -0.990161 0.050396
vn -0.020486 -0.998519 0.050396
vn -0.020486 -0.998519 0.050396
vn 0.130546 -0.990161 0.050396
vn -0.020486 -0.998519 0.050396
vn 0.994125 0.106918 -0.016866
vn 0.994125 0.106918 -0.016866
vn 0.994125 0.106918 -0.016866
vn 0.996466 0.082300 -0.016786
vn 0.998704 0.050902 0.000000
vn 0.995803 0.081866 -0.040924
vn 0.995803 0.081866 -0.040924
vn 0.998704 0.050902 0.000000
vn 0.995597 0.075368 -0.055731
vn 0.995597 0.075368 -0.055731
vn 0.998704 0.050902 0.000000
vn 0.995641 0.064204 -0.067654
vn 0.995641 0.064204 -0.067654
vn 0.998704 0.050902 0.000000
vn 0.995867 0.048556 -0.076752
vn 0.995867 0.048556 -0.076752
vn 0.998704 0.050902 0.000000
vn 0.997564 0.039856 -0.057243
vn 0.997564 0.039856 -0.057243
vn 0.998704 0.050902 0.000000
vn 0.998684 0.036271 -0.036253
vn 0.998684 0.036271 -0.036253
vn 0.998704 0.050902 0.000000
vn 0.999205 0.028442 -0.027921
vn 0.999205 0.028442 -0.027921
vn 0.998704 0.050902 0.000000
vn 0.999711 0.006665 -0.023093
vn 0.999711 0.006665 -0.023093
vn 0.998704 0.050902 0.000000
vn 0.999985 -0.005434 0.000000
vn 0.997564 0.039856 -0.057243
vn 0.998710 0.045312 -0.022907
vn 0.995867 0.048556 -0.076752
vn 0.995867 0.048556 -0.076752
vn 0.998710 0.045312 -0.022907
vn 0.998710 0.045312 -0.022907
vn 0.998789 0.048511 0.008239
vn 0.998789 0.048511 0.008239
vn 0.998789 0.048511 0.008239
vn 0.998789 0.048511 0.008239
vn 0.998789 0.048511 0.008239
vn 0.998789 0.048511 0.008239
vn 0.998661 0.049672 0.014442
vn 0.998661 0.049672 0.014442
vn 0.995641 0.064204 -0.067654
vn 0.995641 0.064204 -0.067654
vn 0.998661 0.049672 0.014442
vn 0.995597 0.075368 -0.055731
vn 0.995597 0.075368 -0.055731
vn 0.998310 0.054471 -0.020272
vn 0.995803 0.081866 -0.040924
vn 0.995803 0.081866 -0.040924
vn 0.998310 0.054471 -0.020272
vn 0.998310 0.054471 -0.020272
vn 0.995803 0.081866 -0.040924
vn 0.998718 0.050616 0.000000
vn 0.996466 0.082300 -0.016786
vn 0.996466 0.082300 -0.016786
vn 0.998718 0.050616 0.000000
vn 0.998718 0.050616 0.000000
vn 0.999233 0.038720 0.005914
vn 0.999233 0.038720 0.005914
vn 0.996466 0.082300 -0.016786
vn 0.996466 0.082300 -0.016786
vn 0.999233 0.038720 0.005914
vn 0.995429 0.095501 0.000000
vn 0.998684 0.036271 -0.036253
vn 0.998501 0.054325 0.006604
vn 0.997564 0.039856 -0.057243
vn 0.997564 0.039856 -0.057243
vn 0.998501 0.054325 0.006604
vn 0.998501 0.054325 0.006604
vn 0.999205 0.028442 -0.027921
vn 0.998121 0.060720 0.008207
vn 0.998684 0.036271 -0.036253
vn 0.998684 0.036271 -0.036253
vn 0.998121 0.060720 0.008207
vn 0.998121 0.060720 0.008207
vn 0.998718 0.050615 0.000001
vn 0.998718 0.050615 0.000001
vn 0.999711 0.006665 -0.023093
vn 0.999711 0.006665 -0.023093
vn 0.998718 0.050615 0.000001
vn 0.999205 0.028442 -0.027921
vn 0.995432 0.093837 0.017627
vn 0.995432 0.093837 0.017627
vn 0.995432 0.093837 0.017627
vn 0.995432 0.093837 0.017627
vn 0.995432 0.093837 0.017627
vn 0.995432 0.093837 0.017627
vn 0.995429 0.095501 0.000000
vn 0.996466 0.082300 0.016786
vn 0.998704 0.050902 0.000000
vn 0.996466 0.082300 0.016786
vn 0.995803 0.081866 0.040924
vn 0.998704 0.050902 0.000000
vn 0.995803 0.081866 0.040924
vn 0.995597 0.075368 0.055731
vn 0.998704 0.050902 0.000000
vn 0.995597 0.075368 0.055731
vn 0.995641 0.064204 0.067654
vn 0.998704 0.050902 0.000000
vn 0.995641 0.064204 0.067654
vn 0.995867 0.048555 0.076752
vn 0.998704 0.050902 0.000000
vn 0.995867 0.048555 0.076752
vn 0.997564 0.039855 0.057243
vn 0.998704 0.050902 0.000000
vn 0.997564 0.039855 0.057243
vn 0.998684 0.036271 0.036253
vn 0.998704 0.050902 0.000000
vn 0.998684 0.036271 0.036253
vn 0.999205 0.028443 0.027921
vn 0.998704 0.050902 0.000000
vn 0.999205 0.028443 0.027921
vn 0.999711 0.006665 0.023093
vn 0.998704 0.050902 0.000000
vn 0.999711 0.006665 0.023093
vn 0.999985 -0.005434 0.000000
vn 0.998704 0.050902 0.000000
vn 0.997564 0.039855 0.057243
vn 0.995867 0.048555 0.076752
vn 0.998710 0.045311 0.022907
vn 0.998710 0.045311 0.022907
vn 0.995867 0.048555 0.076752
vn 0.998710 0.045311 0.022907
vn 0.998789 0.048510 -0.008239
vn 0.998789 0.048510 -0.008239
vn 0.998789 0.048510 -0.008239
vn 0.998789 0.048510 -0.008239
vn 0.998789 0.048510 -0.008239
vn 0.998789 0.048510 -0.008239
vn 0.995597 0.075368 0.055731
vn 0.998661 0.049672 -0.014442
vn 0.995641 0.064204 0.067654
vn 0.995641 0.064204 0.067654
vn 0.998661 0.049672 -0.014442
vn 0.998661 0.049672 -0.014442
vn 0.995597 0.075368 0.055731
vn 0.995803 0.081866 0.040924
vn 0.998310 0.054471 0.020272
vn 0.998310 0.054471 0.020272
vn 0.995803 0.081866 0.040924
vn 0.998310 0.054471 0.020272
vn 0.995803 0.081866 0.040924
vn 0.996466 0.082300 0.016786
vn 0.998718 0.050616 0.000000
vn 0.998718 0.050616 0.000000
vn 0.996466 0.082300 0.016786
vn 0.998718 0.050616 0.000000
vn 0.995429 0.095501 0.000000
vn 0.999233 0.038721 -0.005914
vn 0.996466 0.082300 0.016786
vn 0.996466 0.082300 0.016786
vn 0.999233 0.038721 -0.005914
vn 0.999233 0.038721 -0.005914
vn 0.998684 0.036271 0.036253
vn 0.997564 0.039855 0.057243
vn 0.998502 0.054324 -0.006604
vn 0.998502 0.054324 -0.006604
vn 0.997564 0.039855 0.057243
vn 0.998502 0.054324 -0.006604
vn 0.999205 0.028443 0.027921
vn 0.998684 0.036271 0.036253
vn 0.998121 0.060721 -0.008207
vn 0.998121 0.060721 -0.008207
vn 0.998684 0.036271 0.036253
vn 0.998121 0.060721 -0.008207
vn 0.999205 0.028443 0.027921
vn 0.998718 0.050615 -0.000001
vn 0.999711 0.006665 0.023093
vn 0.999711 0.006665 0.023093
vn 0.998718 0.050615 -0.000001
vn 0.998718 0.050615 -0.000001
vn 0.995432 0.093836 -0.017627
vn 0.995432 0.093836 -0.017627
vn 0.995432 0.093836 -0.017627
vn 0.995432 0.093836 -0.017627
vn 0.995432 0.093836 -0.017627
vn 0.995432 0.093836 -0.017627
s off
g blade
usemtl initialShadingGroup
f 332/650/1573 331/651/1574 338/652/1575
f 338/652/1576 331/651/1577 337/653/1578
f 339/654/1579 333/655/1580 340/656/1581
f 340/656/1582 333/655/1583 334/657/1584
f 333/655/1585 335/658/1586 336/659/1587
f 334/657/1588 333/655/1589 336/659/1590
f 335/658/1591 331/651/1592 332/650/1593
f 336/659/1594 335/658/1595 332/650/1596
f 334/657/1597 336/659/1598 340/656/1599
f 340/656/1600 336/659/1601 342/660/1602
f 336/659/1603 332/650/1604 342/660/1605
f 342/660/1606 332/650/1607 338/652/1608
f 339/654/1609 342/660/1610 341/661/1611
f 340/656/1612 342/660/1613 339/654/1614
f 341/661/1615 338/652/1616 337/653/1617
f 342/660/1618 338/652/1619 341/661/1620
f 343/662/1621 344/663/1622 345/664/1623
f 346/665/1624 343/662/1625 345/664/1626
f 343/662/1627 347/666/1628 348/667/1629
f 344/663/1630 343/662/1631 348/667/1632
f 347/666/1633 343/662/1634 349/668/1635
f 350/669/1636 347/666/1637 349/668/1638
f 343/662/1639 346/665/1640 351/670/1641
f 349/668/1642 343/662/1643 351/670/1644
f 348/667/1645 347/666/1646 357/671/1647
f 357/671/1648 347/666/1649 356/672/1650
f 347/666/1651 350/669/1652 356/672/1653
f 356/672/1654 350/669/1655 359/673/1656
f 350/669/1657 349/668/1658 359/673/1659
f 359/673/1660 349/668/1661 358/674/1662
f 349/668/1663 351/670/1664 358/674/1665
f 358/674/1666 351/670/1667 360/675/1668
f 351/670/1669 346/665/1670 360/675/1671
f 360/675/1672 346/665/1673 355/676/1674
f 346/665/1675 345/664/1676 355/676/1677
f 355/676/1678 345/664/1679 354/677/1680
f 345/664/1681 344/663/1682 354/677/1683
f 354/677/1684 344/663/1685 353/678/1686
f 344/663/1687 348/667/1688 353/678/1689
f 353/678/1690 348/667/1691 357/671/1692
f 352/679/1693 354/677/1694 353/678/1695
f 355/676/1696 354/677/1697 352/679/1698
f 352/679/1699 357/671/1700 356/672/1701
f 353/678/1702 357/671/1703 352/679/1704
f 356/672/1705 358/674/1706 352/679/1707
f 359/673/1708 358/674/1709 356/672/1710
f 352/679/1711 360/675/1712 355/676/1713
f 358/674/1714 360/675/1715 352/679/1716
f 361/680/1717 362/681/1718 363/682/1719
f 362/681/1720 364/683/1721 363/682/1722
f 364/683/1723 365/684/1724 363/682/1725
f 365/684/1726 366/685/1727 363/682/1728
f 366/685/1729 367/686/1730 363/682/1731
f 367/686/1732 368/687/1733 363/682/1734
f 368/687/1735 369/688/1736 363/682/1737
f 369/688/1738 370/689/1739 363/682/1740
f 370/689/1741 371/690/1742 363/682/1743
f 371/690/1744 372/691/1745 363/682/1746
f 368/687/1747 367/686/1748 374/692/1749
f 374/692/1750 367/686/1751 373/693/1752
f 366/685/1753 375/694/1754 367/686/1755
f 367/686/1756 375/694/1757 376/695/1758
f 365/684/1759 377/696/1760 366/685/1761
f 366/685/1762 377/696/1763 378/697/1764
f 364/683/1765 379/698/1766 365/684/1767
f 365/684/1768 379/698/1769 380/699/1770
f 364/683/1771 362/681/1772 382/700/1773
f 382/700/1774 362/681/1775 381/701/1776
f 361/680/1777 383/702/1778 362/681/1779
f 362/681/1780 383/702/1781 384/703/1782
f 369/688/1783 368/687/1784 386/704/1785
f 386/704/1786 368/687/1787 385/705/1788
f 370/689/1789 369/688/1790 388/706/1791
f 388/706/1792 369/688/1793 387/707/1794
f 370/689/1795 389/708/1796 371/690/1797
f 371/690/1798 389/708/1799 390/709/1800
f 371/690/1801 391/710/1802 372/691/1803
f 372/691/1804 391/710/1805 392/711/1806
f 361/680/1807 363/682/1808 393/712/1809
f 393/712/1810 363/682/1811 394/713/1812
f 394/713/1813 363/682/1814 395/714/1815
f 395/714/1816 363/682/1817 396/715/1818
f 396/715/1819 363/682/1820 397/716/1821
f 397/716/1822 363/682/1823 398/717/1824
f 398/717/1825 363/682/1826 399/718/1827
f 399/718/1828 363/682/1829 400/719/1830
f 400/719/1831 363/682/1832 401/720/1833
f 401/720/1834 363/682/1835 372/691/1836
f 398/717/1837 402/721/1838 397/716/1839
f 397/716/1840 402/721/1841 403/722/1842
f 404/723/1843 405/724/1844 397/716/1845
f 397/716/1846 405/724/1847 396/715/1848
f 396/715/1849 406/725/1850 395/714/1851
f 395/714/1852 406/725/1853 407/726/1854
f 395/714/1855 408/727/1856 394/713/1857
f 394/713/1858 408/727/1859 409/728/1860
f 394/713/1861 410/729/1862 393/712/1863
f 393/712/1864 410/729/1865 411/730/1866
f 412/731/1867 413/732/1868 393/712/1869
f 393/712/1870 413/732/1871 361/680/1872
f 414/733/1873 415/734/1874 399/718/1875
f 399/718/1876 415/734/1877 398/717/1878
f 400/719/1879 416/735/1880 399/718/1881
f 399/718/1882 416/735/1883 417/736/1884
f 418/737/1885 419/738/1886 401/720/1887
f 401/720/1888 419/738/1889 400/719/1890
f 420/739/1891 421/740/1892 372/691/1893
f 372/691/1894 421/740/1895 401/720/1896
f 403/722/1897 402/721/1898 464/741/1899
f 464/741/1900 402/721/1901 463/742/1902
f 402/721/1903 398/717/1904 463/742/1905
f 463/742/1906 398/717/1907 459/743/1908
f 398/717/1909 415/734/1910 459/743/1911
f 459/743/1912 415/734/1913 476/744/1914
f 415/734/1915 414/733/1916 476/744/1917
f 476/744/1918 414/733/1919 475/745/1920
f 414/733/1921 399/718/1922 475/745/1923
f 475/745/1924 399/718/1925 460/746/1926
f 399/718/1927 417/736/1928 460/746/1929
f 460/746/1930 417/736/1931 478/747/1932
f 417/736/1933 416/735/1934 478/747/1935
f 478/747/1936 416/735/1937 477/748/1938
f 416/735/1939 400/719/1940 477/748/1941
f 477/748/1942 400/719/1943 461/749/1944
f 400/719/1945 419/738/1946 461/749/1947
f 461/749/1948 419/738/1949 480/750/1950
f 419/738/1951 418/737/1952 480/750/1953
f 480/750/1954 418/737/1955 479/751/1956
f 418/737/1957 401/720/1958 479/751/1959
f 479/751/1960 401/720/1961 462/752/1962
f 401/720/1963 421/740/1964 462/752/1965
f 462/752/1966 421/740/1967 482/753/1968
f 421/740/1969 420/739/1970 482/753/1971
f 482/753/1972 420/739/1973 481/754/1974
f 420/739/1975 372/691/1976 481/754/1977
f 481/754/1978 372/691/1979 433/755/1980
f 372/691/1981 392/711/1982 433/755/1983
f 433/755/1984 392/711/1985 453/756/1986
f 392/711/1987 391/710/1988 453/756/1989
f 453/756/1990 391/710/1991 452/757/1992
f 391/710/1993 371/690/1994 452/757/1995
f 452/757/1996 371/690/1997 432/758/1998
f 371/690/1999 390/709/2000 432/758/2001
f 432/758/2002 390/709/2003 451/759/2004
f 390/709/2005 389/708/2006 451/759/2007
f 451/759/2008 389/708/2009 450/760/2010
f 389/708/2011 370/689/2012 450/760/2013
f 450/760/2014 370/689/2015 431/761/2016
f 370/689/2017 388/706/2018 431/761/2019
f 431/761/2020 388/706/2021 449/762/2022
f 388/706/2023 387/707/2024 449/762/2025
f 449/762/2026 387/707/2027 448/763/2028
f 387/707/2029 369/688/2030 448/763/2031
f 448/763/2032 369/688/2033 430/764/2034
f 369/688/2035 386/704/2036 430/764/2037
f 430/764/2038 386/704/2039 447/765/2040
f 386/704/2041 385/705/2042 447/765/2043
f 447/765/2044 385/705/2045 446/766/2046
f 385/705/2047 368/687/2048 446/766/2049
f 446/766/2050 368/687/2051 429/767/2052
f 368/687/2053 374/692/2054 429/767/2055
f 429/767/2056 374/692/2057 435/768/2058
f 374/692/2059 373/693/2060 435/768/2061
f 435/768/2062 373/693/2063 434/769/2064
f 373/693/2065 367/686/2066 434/769/2067
f 434/769/2068 367/686/2069 428/770/2070
f 367/686/2071 376/695/2072 428/770/2073
f 428/770/2074 376/695/2075 437/771/2076
f 376/695/2077 375/694/2078 437/771/2079
f 437/771/2080 375/694/2081 436/772/2082
f 375/694/2083 366/685/2084 436/772/2085
f 436/772/2086 366/685/2087 427/773/2088
f 366/685/2089 378/697/2090 427/773/2091
f 427/773/2092 378/697/2093 439/774/2094
f 378/697/2095 377/696/2096 439/774/2097
f 439/774/2098 377/696/2099 438/775/2100
f 377/696/2101 365/684/2102 438/775/2103
f 438/775/2104 365/684/2105 426/776/2106
f 365/684/2107 380/699/2108 426/776/2109
f 426/776/2110 380/699/2111 441/777/2112
f 380/699/2113 379/698/2114 441/777/2115
f 441/777/2116 379/698/2117 440/778/2118
f 379/698/2119 364/683/2120 440/778/2121
f 440/778/2122 364/683/2123 425/779/2124
f 364/683/2125 382/700/2126 425/779/2127
f 425/779/2128 382/700/2129 443/780/2130
f 382/700/2131 381/701/2132 443/780/2133
f 443/780/2134 381/701/2135 442/781/2136
f 381/701/2137 362/681/2138 442/781/2139
f 442/781/2140 362/681/2141 423/782/2142
f 362/681/2143 384/703/2144 423/782/2145
f 423/782/2146 384/703/2147 445/783/2148
f 384/703/2149 383/702/2150 445/783/2151
f 445/783/2152 383/702/2153 444/784/2154
f 383/702/2155 361/680/2156 444/784/2157
f 444/784/2158 361/680/2159 422/785/2160
f 361/680/2161 413/732/2162 422/785/2163
f 422/785/2164 413/732/2165 474/786/2166
f 413/732/2167 412/731/2168 474/786/2169
f 474/786/2170 412/731/2171 473/787/2172
f 412/731/2173 393/712/2174 473/787/2175
f 473/787/2176 393/712/2177 454/788/2178
f 393/712/2179 411/730/2180 454/788/2181
f 454/788/2182 411/730/2183 472/789/2184
f 411/730/2185 410/729/2186 472/789/2187
f 472/789/2188 410/729/2189 471/790/2190
f 410/729/2191 394/713/2192 471/790/2193
f 471/790/2194 394/713/2195 455/791/2196
f 394/713/2197 409/728/2198 455/791/2199
f 455/791/2200 409/728/2201 470/792/2202
f 409/728/2203 408/727/2204 470/792/2205
f 470/792/2206 408/727/2207 469/793/2208
f 408/727/2209 395/714/2210 469/793/2211
f 469/793/2212 395/714/2213 456/794/2214
f 395/714/2215 407/726/2216 456/794/2217
f 456/794/2218 407/726/2219 468/795/2220
f 407/726/2221 406/725/2222 468/795/2223
f 468/795/2224 406/725/2225 467/796/2226
f 406/725/2227 396/715/2228 467/796/2229
f 467/796/2230 396/715/2231 457/797/2232
f 396/715/2233 405/724/2234 457/797/2235
f 457/797/2236 405/724/2237 466/798/2238
f 405/724/2239 404/723/2240 466/798/2241
f 466/798/2242 404/723/2243 465/799/2244
f 404/723/2245 397/716/2246 465/799/2247
f 465/799/2248 397/716/2249 458/800/2250
f 397/716/2251 403/722/2252 458/800/2253
f 458/800/2254 403/722/2255 464/741/2256
f 422/785/2257 424/801/2258 423/782/2259
f 423/782/2260 424/801/2261 425/779/2262
f 425/779/2263 424/801/2264 426/776/2265
f 426/776/2266 424/801/2267 427/773/2268
f 427/773/2269 424/801/2270 428/770/2271
f 428/770/2272 424/801/2273 429/767/2274
f 429/767/2275 424/801/2276 430/764/2277
f 430/764/2278 424/801/2279 431/761/2280
f 431/761/2281 424/801/2282 432/758/2283
f 432/758/2284 424/801/2285 433/755/2286
f 429/767/2287 435/768/2288 428/770/2289
f 428/770/2290 435/768/2291 434/769/2292
f 437/771/2293 436/772/2294 428/770/2295
f 428/770/2296 436/772/2297 427/773/2298
f 426/776/2299 427/773/2300 438/775/2301
f 427/773/2302 439/774/2303 438/775/2304
f 441/777/2305 440/778/2306 426/776/2307
f 426/776/2308 440/778/2309 425/779/2310
f 425/779/2311 443/780/2312 423/782/2313
f 423/782/2314 443/780/2315 442/781/2316
f 445/783/2317 444/784/2318 423/782/2319
f 423/782/2320 444/784/2321 422/785/2322
f 430/764/2323 447/765/2324 429/767/2325
f 429/767/2326 447/765/2327 446/766/2328
f 431/761/2329 449/762/2330 430/764/2331
f 430/764/2332 449/762/2333 448/763/2334
f 451/759/2335 450/760/2336 432/758/2337
f 432/758/2338 450/760/2339 431/761/2340
f 453/756/2341 452/757/2342 433/755/2343
f 433/755/2344 452/757/2345 432/758/2346
f 422/785/2347 454/788/2348 424/801/2349
f 454/788/2350 455/791/2351 424/801/2352
f 455/791/2353 456/794/2354 424/801/2355
f 456/794/2356 457/797/2357 424/801/2358
f 457/797/2359 458/800/2360 424/801/2361
f 458/800/2362 459/743/2363 424/801/2364
f 459/743/2365 460/746/2366 424/801/2367
f 460/746/2368 461/749/2369 424/801/2370
f 461/749/2371 462/752/2372 424/801/2373
f 462/752/2374 433/755/2375 424/801/2376
f 459/743/2377 458/800/2378 463/742/2379
f 463/742/2380 458/800/2381 464/741/2382
f 457/797/2383 466/798/2384 458/800/2385
f 458/800/2386 466/798/2387 465/799/2388
f 457/797/2389 456/794/2390 467/796/2391
f 467/796/2392 456/794/2393 468/795/2394
f 456/794/2395 455/791/2396 469/793/2397
f 469/793/2398 455/791/2399 470/792/2400
f 455/791/2401 454/788/2402 471/790/2403
f 471/790/2404 454/788/2405 472/789/2406
f 422/785/2407 474/786/2408 454/788/2409
f 454/788/2410 474/786/2411 473/787/2412
f 459/743/2413 476/744/2414 460/746/2415
f 460/746/2416 476/744/2417 475/745/2418
f 461/749/2419 460/746/2420 477/748/2421
f 477/748/2422 460/746/2423 478/747/2424
f 461/749/2425 480/750/2426 462/752/2427
f 462/752/2428 480/750/2429 479/751/2430
f 462/752/2431 482/753/2432 433/755/2433
f 433/755/2434 482/753/2435 481/754/2436
f 483/802/2437 484/803/2438 485/804/2439
f 485/804/2440 484/803/2441 486/805/2442
f 486/805/2443 484/803/2444 487/806/2445
f 487/806/2446 484/803/2447 488/807/2448
f 488/807/2449 484/803/2450 489/808/2451
f 489/808/2452 484/803/2453 490/809/2454
f 490/809/2455 484/803/2456 491/810/2457
f 491/810/2458 484/803/2459 492/811/2460
f 492/811/2461 484/803/2462 493/812/2463
f 493/812/2464 484/803/2465 494/813/2466
f 494/813/2467 484/803/2468 495/814/2469
f 495/814/2470 484/803/2471 496/815/2472
f 496/815/2473 484/803/2474 497/816/2475
f 484/803/2476 498/817/2477 497/816/2478
f 499/818/2479 500/819/2480 547/820/2481
f 547/820/2482 500/819/2483 548/821/2484
f 498/817/2485 484/803/2486 546/822/2487
f 546/822/2488 484/803/2489 532/823/2490
f 501/824/2491 502/825/2492 483/802/2493
f 483/802/2494 502/825/2495 484/803/2496
f 503/826/2497 504/827/2498 549/828/2499
f 505/829/2500 506/830/2501 550/831/2502
f 550/831/2503 506/830/2504 551/832/2505
f 507/833/2506 508/834/2507 552/835/2508
f 552/835/2509 508/834/2510 553/836/2511
f 509/837/2512 510/838/2513 554/839/2514
f 554/839/2515 510/838/2516 555/840/2517
f 511/841/2518 512/842/2519 556/843/2520
f 556/843/2521 512/842/2522 557/844/2523
f 513/845/2524 514/846/2525 558/847/2526
f 558/847/2527 514/846/2528 559/848/2529
f 515/849/2530 516/850/2531 560/851/2532
f 560/851/2533 516/850/2534 561/852/2535
f 517/853/2536 518/854/2537 562/855/2538
f 562/855/2539 518/854/2540 563/856/2541
f 519/857/2542 520/858/2543 564/859/2544
f 564/859/2545 520/858/2546 565/860/2547
f 521/861/2548 522/862/2549 566/863/2550
f 566/863/2551 522/862/2552 567/864/2553
f 523/865/2554 524/866/2555 568/867/2556
f 568/867/2557 524/866/2558 569/868/2559
f 486/805/2560 504/827/2561 485/804/2562
f 485/804/2563 504/827/2564 503/826/2565
f 504/827/2566 486/805/2567 549/828/2568
f 549/828/2569 486/805/2570 534/869/2571
f 486/805/2572 505/829/2573 534/869/2574
f 534/869/2575 505/829/2576 550/831/2577
f 486/805/2578 487/806/2579 505/829/2580
f 505/829/2581 487/806/2582 506/830/2583
f 506/830/2584 487/806/2585 551/832/2586
f 551/832/2587 487/806/2588 535/870/2589
f 487/806/2590 507/833/2591 535/870/2592
f 535/870/2593 507/833/2594 552/835/2595
f 488/807/2596 508/834/2597 487/806/2598
f 487/806/2599 508/834/2600 507/833/2601
f 508/834/2602 488/807/2603 553/836/2604
f 553/836/2605 488/807/2606 536/871/2607
f 488/807/2608 509/837/2609 536/871/2610
f 536/871/2611 509/837/2612 554/839/2613
f 488/807/2614 489/808/2615 509/837/2616
f 489/808/2617 510/838/2618 509/837/2619
f 510/838/2620 489/808/2621 555/840/2622
f 555/840/2623 489/808/2624 537/872/2625
f 525/873/2626 526/874/2627 570/875/2628
f 570/875/2629 526/874/2630 571/876/2631
f 489/808/2632 525/873/2633 537/872/2634
f 537/872/2635 525/873/2636 570/875/2637
f 490/809/2638 526/874/2639 489/808/2640
f 489/808/2641 526/874/2642 525/873/2643
f 526/874/2644 511/841/2645 571/876/2646
f 571/876/2647 511/841/2648 556/843/2649
f 491/810/2650 512/842/2651 490/809/2652
f 526/874/2653 512/842/2654 511/841/2655
f 512/842/2656 491/810/2657 557/844/2658
f 557/844/2659 491/810/2660 539/877/2661
f 491/810/2662 513/845/2663 539/877/2664
f 539/877/2665 513/845/2666 558/847/2667
f 491/810/2668 492/811/2669 513/845/2670
f 513/845/2671 515/849/2672 514/846/2673
f 514/846/2674 515/849/2675 559/848/2676
f 559/848/2677 515/849/2678 560/851/2679
f 493/812/2680 516/850/2681 492/811/2682
f 492/811/2683 516/850/2684 515/849/2685
f 516/850/2686 517/853/2687 561/852/2688
f 561/852/2689 517/853/2690 562/855/2691
f 516/850/2692 494/813/2693 517/853/2694
f 517/853/2695 494/813/2696 518/854/2697
f 518/854/2698 519/857/2699 563/856/2700
f 563/856/2701 519/857/2702 564/859/2703
f 518/854/2704 527/878/2705 519/857/2706
f 495/814/2707 496/815/2708 521/861/2709
f 521/861/2710 496/815/2711 522/862/2712
f 497/816/2713 524/866/2714 496/815/2715
f 496/815/2716 524/866/2717 522/862/2718
f 524/866/2719 523/865/2720 522/862/2721
f 524/866/2722 497/816/2723 569/868/2724
f 569/868/2725 497/816/2726 545/879/2727
f 497/816/2728 499/818/2729 545/879/2730
f 545/879/2731 499/818/2732 547/820/2733
f 497/816/2734 498/817/2735 499/818/2736
f 499/818/2737 498/817/2738 500/819/2739
f 500/819/2740 498/817/2741 548/821/2742
f 548/821/2743 498/817/2744 546/822/2745
f 483/802/2746 485/804/2747 528/880/2748
f 528/880/2749 485/804/2750 529/881/2751
f 501/824/2752 483/802/2753 530/882/2754
f 530/882/2755 483/802/2756 528/880/2757
f 485/804/2758 503/826/2759 529/881/2760
f 522/862/2761 523/865/2762 567/864/2763
f 567/864/2764 523/865/2765 568/867/2766
f 520/858/2767 521/861/2768 565/860/2769
f 565/860/2770 521/861/2771 566/863/2772
f 519/857/2773 527/878/2774 520/858/2775
f 495/814/2776 527/878/2777 494/813/2778
f 494/813/2779 527/878/2780 518/854/2781
f 527/878/2782 495/814/2783 521/861/2784
f 520/858/2785 527/878/2786 521/861/2787
f 493/812/2788 494/813/2789 516/850/2790
f 513/845/2791 492/811/2792 515/849/2793
f 490/809/2794 512/842/2795 526/874/2796
f 484/803/2797 502/883/2798 532/823/2799
f 531/884/2800 533/885/2801 532/823/2802
f 533/885/2803 534/869/2804 532/823/2805
f 534/869/2806 535/870/2807 532/823/2808
f 535/870/2809 536/871/2810 532/823/2811
f 536/871/2812 537/872/2813 532/823/2814
f 537/872/2815 538/886/2816 532/823/2817
f 538/886/2818 539/877/2819 532/823/2820
f 539/877/2821 540/887/2822 532/823/2823
f 540/887/2824 541/888/2825 532/823/2826
f 541/888/2827 542/889/2828 532/823/2829
f 542/889/2830 543/890/2831 532/823/2832
f 543/890/2833 544/891/2834 532/823/2835
f 544/891/2836 545/879/2837 532/823/2838
f 532/823/2839 545/879/2840 546/822/2841
f 501/892/2842 531/884/2843 502/883/2844
f 531/884/2845 532/823/2846 502/883/2847
f 534/869/2848 533/885/2849 549/828/2850
f 533/885/2851 503/893/2852 549/828/2853
f 534/869/2854 550/831/2855 535/870/2856
f 550/831/2857 551/832/2858 535/870/2859
f 536/871/2860 535/870/2861 553/836/2862
f 535/870/2863 552/835/2864 553/836/2865
f 536/871/2866 554/839/2867 537/872/2868
f 537/872/2869 554/839/2870 555/840/2871
f 538/886/2872 537/872/2873 571/876/2874
f 537/872/2875 570/875/2876 571/876/2877
f 539/877/2878 538/886/2879 557/844/2880
f 571/876/2881 556/843/2882 557/844/2883
f 539/877/2884 558/847/2885 540/887/2886
f 558/847/2887 559/848/2888 560/851/2889
f 541/888/2890 540/887/2891 561/852/2892
f 540/887/2893 560/851/2894 561/852/2895
f 561/852/2896 562/855/2897 542/889/2898
f 562/855/2899 563/856/2900 542/889/2901
f 563/856/2902 564/859/2903 572/894/2904
f 543/890/2905 566/863/2906 544/891/2907
f 566/863/2908 567/864/2909 544/891/2910
f 545/879/2911 544/891/2912 569/868/2913
f 544/891/2914 567/864/2915 569/868/2916
f 567/864/2917 568/867/2918 569/868/2919
f 545/879/2920 547/820/2921 546/822/2922
f 547/820/2923 548/821/2924 546/822/2925
f 531/884/2926 528/895/2927 533/885/2928
f 528/895/2929 529/896/2930 533/885/2931
f 501/892/2932 530/897/2933 531/884/2934
f 530/897/2935 528/895/2936 531/884/2937
f 533/885/2938 529/896/2939 503/893/2940
f 564/859/2941 565/860/2942 572/894/2943
f 563/856/2944 572/894/2945 542/889/2946
f 542/889/2947 572/894/2948 543/890/2949
f 572/894/2950 566/863/2951 543/890/2952
f 565/860/2953 566/863/2954 572/894/2955
f 541/888/2956 561/852/2957 542/889/2958
f 558/847/2959 560/851/2960 540/887/2961
f 538/886/2962 571/876/2963 557/844/2964
f 573/898/2965 574/899/2966 575/900/2967
f 574/899/2968 576/901/2969 575/900/2970
f 576/901/2971 577/902/2972 575/900/2973
f 577/902/2974 578/903/2975 575/900/2976
f 578/903/2977 579/904/2978 575/900/2979
f 579/904/2980 580/905/2981 575/900/2982
f 580/905/2983 581/906/2984 575/900/2985
f 581/906/2986 582/907/2987 575/900/2988
f 582/907/2989 583/908/2990 575/900/2991
f 583/908/2992 584/909/2993 575/900/2994
f 580/905/2995 579/904/2996 586/910/2997
f 586/910/2998 579/904/2999 585/911/3000
f 578/903/3001 587/912/3002 579/904/3003
f 579/904/3004 587/912/3005 588/913/3006
f 577/902/3007 589/914/3008 578/903/3009
f 578/903/3010 589/914/3011 590/915/3012
f 577/902/3013 576/901/3014 592/916/3015
f 592/916/3016 576/901/3017 591/917/3018
f 576/901/3019 574/899/3020 594/918/3021
f 594/918/3022 574/899/3023 593/919/3024
f 573/898/3025 595/920/3026 574/899/3027
f 574/899/3028 595/920/3029 596/921/3030
f 581/906/3031 580/905/3032 598/922/3033
f 598/922/3034 580/905/3035 597/923/3036
f 582/907/3037 581/906/3038 600/924/3039
f 600/924/3040 581/906/3041 599/925/3042
f 582/907/3043 601/926/3044 583/908/3045
f 583/908/3046 601/926/3047 602/927/3048
f 583/908/3049 603/928/3050 584/909/3051
f 584/909/3052 603/928/3053 604/929/3054
f 573/898/3055 575/900/3056 605/930/3057
f 605/930/3058 575/900/3059 606/931/3060
f 606/931/3061 575/900/3062 607/932/3063
f 607/932/3064 575/900/3065 608/933/3066
f 608/933/3067 575/900/3068 609/934/3069
f 609/934/3070 575/900/3071 610/935/3072
f 610/935/3073 575/900/3074 611/936/3075
f 611/936/3076 575/900/3077 612/937/3078
f 612/937/3079 575/900/3080 613/938/3081
f 613/938/3082 575/900/3083 584/909/3084
f 610/935/3085 614/939/3086 609/934/3087
f 609/934/3088 614/939/3089 615/940/3090
f 616/941/3091 617/942/3092 609/934/3093
f 609/934/3094 617/942/3095 608/933/3096
f 618/943/3097 619/944/3098 608/933/3099
f 608/933/3100 619/944/3101 607/932/3102
f 607/932/3103 620/945/3104 606/931/3105
f 606/931/3106 620/945/3107 621/946/3108
f 606/931/3109 622/947/3110 605/930/3111
f 605/930/3112 622/947/3113 623/948/3114
f 624/949/3115 625/950/3116 605/930/3117
f 605/930/3118 625/950/3119 573/898/3120
f 611/936/3121 626/951/3122 610/935/3123
f 610/935/3124 626/951/3125 627/952/3126
f 612/937/3127 628/953/3128 611/936/3129
f 611/936/3130 628/953/3131 629/954/3132
f 630/955/3133 631/956/3134 613/938/3135
f 613/938/3136 631/956/3137 612/937/3138
f 632/957/3139 633/958/3140 584/909/3141
f 584/909/3142 633/958/3143 613/938/3144
f 619/944/3145 618/943/3146 680/959/3147
f 680/959/3148 618/943/3149 679/960/3150
f 618/943/3151 608/933/3152 679/960/3153
f 679/960/3154 608/933/3155 669/961/3156
f 608/933/3157 617/942/3158 669/961/3159
f 669/961/3160 617/942/3161 678/962/3162
f 617/942/3163 616/941/3164 678/962/3165
f 678/962/3166 616/941/3167 677/963/3168
f 616/941/3169 609/934/3170 677/963/3171
f 677/963/3172 609/934/3173 670/964/3174
f 609/934/3175 615/940/3176 670/964/3177
f 670/964/3178 615/940/3179 676/965/3180
f 615/940/3181 614/939/3182 676/965/3183
f 676/965/3184 614/939/3185 675/966/3186
f 614/939/3187 610/935/3188 675/966/3189
f 675/966/3190 610/935/3191 671/967/3192
f 610/935/3193 627/952/3194 671/967/3195
f 671/967/3196 627/952/3197 688/968/3198
f 627/952/3199 626/951/3200 688/968/3201
f 688/968/3202 626/951/3203 687/969/3204
f 626/951/3205 611/936/3206 687/969/3207
f 687/969/3208 611/936/3209 672/970/3210
f 611/936/3211 629/954/3212 672/970/3213
f 672/970/3214 629/954/3215 690/971/3216
f 629/954/3217 628/953/3218 690/971/3219
f 690/971/3220 628/953/3221 689/972/3222
f 628/953/3223 612/937/3224 689/972/3225
f 689/972/3226 612/937/3227 673/973/3228
f 612/937/3229 631/956/3230 673/973/3231
f 673/973/3232 631/956/3233 692/974/3234
f 631/956/3235 630/955/3236 692/974/3237
f 692/974/3238 630/955/3239 691/975/3240
f 630/955/3241 613/938/3242 691/975/3243
f 691/975/3244 613/938/3245 674/976/3246
f 613/938/3247 633/958/3248 674/976/3249
f 674/976/3250 633/958/3251 694/977/3252
f 633/958/3253 632/957/3254 694/977/3255
f 694/977/3256 632/957/3257 693/978/3258
f 632/957/3259 584/909/3260 693/978/3261
f 693/978/3262 584/909/3263 645/979/3264
f 584/909/3265 604/929/3266 645/979/3267
f 645/979/3268 604/929/3269 665/980/3270
f 604/929/3271 603/928/3272 665/980/3273
f 665/980/3274 603/928/3275 664/981/3276
f 603/928/3277 583/908/3278 664/981/3279
f 664/981/3280 583/908/3281 644/982/3282
f 583/908/3283 602/927/3284 644/982/3285
f 644/982/3286 602/927/3287 663/983/3288
f 602/927/3289 601/926/3290 663/983/3291
f 663/983/3292 601/926/3293 662/984/3294
f 601/926/3295 582/907/3296 662/984/3297
f 662/984/3298 582/907/3299 643/985/3300
f 582/907/3301 600/924/3302 643/985/3303
f 643/985/3304 600/924/3305 661/986/3306
f 600/924/3307 599/925/3308 661/986/3309
f 661/986/3310 599/925/3311 660/987/3312
f 599/925/3313 581/906/3314 660/987/3315
f 660/987/3316 581/906/3317 642/988/3318
f 581/906/3319 598/922/3320 642/988/3321
f 642/988/3322 598/922/3323 659/989/3324
f 598/922/3325 597/923/3326 659/989/3327
f 659/989/3328 597/923/3329 658/990/3330
f 597/923/3331 580/905/3332 658/990/3333
f 658/990/3334 580/905/3335 641/991/3336
f 580/905/3337 586/910/3338 641/991/3339
f 641/991/3340 586/910/3341 647/992/3342
f 586/910/3343 585/911/3344 647/992/3345
f 647/992/3346 585/911/3347 646/993/3348
f 585/911/3349 579/904/3350 646/993/3351
f 646/993/3352 579/904/3353 640/994/3354
f 579/904/3355 588/913/3356 640/994/3357
f 640/994/3358 588/913/3359 649/995/3360
f 588/913/3361 587/912/3362 649/995/3363
f 649/995/3364 587/912/3365 648/996/3366
f 587/912/3367 578/903/3368 648/996/3369
f 648/996/3370 578/903/3371 639/997/3372
f 578/903/3373 590/915/3374 639/997/3375
f 639/997/3376 590/915/3377 651/998/3378
f 590/915/3379 589/914/3380 651/998/3381
f 651/998/3382 589/914/3383 650/999/3384
f 589/914/3385 577/902/3386 650/999/3387
f 650/999/3388 577/902/3389 638/1000/3390
f 577/902/3391 592/916/3392 638/1000/3393
f 638/1000/3394 592/916/3395 653/1001/3396
f 592/916/3397 591/917/3398 653/1001/3399
f 653/1001/3400 591/917/3401 652/1002/3402
f 591/917/3403 576/901/3404 652/1002/3405
f 652/1002/3406 576/901/3407 637/1003/3408
f 576/901/3409 594/918/3410 637/1003/3411
f 637/1003/3412 594/918/3413 655/1004/3414
f 594/918/3415 593/919/3416 655/1004/3417
f 655/1004/3418 593/919/3419 654/1005/3420
f 593/919/3421 574/899/3422 654/1005/3423
f 654/1005/3424 574/899/3425 635/1006/3426
f 574/899/3427 596/921/3428 635/1006/3429
f 635/1006/3430 596/921/3431 657/1007/3432
f 596/921/3433 595/920/3434 657/1007/3435
f 657/1007/3436 595/920/3437 656/1008/3438
f 595/920/3439 573/898/3440 656/1008/3441
f 656/1008/3442 573/898/3443 634/1009/3444
f 573/898/3445 625/950/3446 634/1009/3447
f 634/1009/3448 625/950/3449 686/1010/3450
f 625/950/3451 624/949/3452 686/1010/3453
f 686/1010/3454 624/949/3455 685/1011/3456
f 624/949/3457 605/930/3458 685/1011/3459
f 685/1011/3460 605/930/3461 666/1012/3462
f 605/930/3463 623/948/3464 666/1012/3465
f 666/1012/3466 623/948/3467 684/1013/3468
f 623/948/3469 622/947/3470 684/1013/3471
f 684/1013/3472 622/947/3473 683/1014/3474
f 622/947/3475 606/931/3476 683/1014/3477
f 683/1014/3478 606/931/3479 667/1015/3480
f 606/931/3481 621/946/3482 667/1015/3483
f 667/1015/3484 621/946/3485 682/1016/3486
f 621/946/3487 620/945/3488 682/1016/3489
f 682/1016/3490 620/945/3491 681/1017/3492
f 620/945/3493 607/932/3494 681/1017/3495
f 681/1017/3496 607/932/3497 668/1018/3498
f 607/932/3499 619/944/3500 668/1018/3501
f 668/1018/3502 619/944/3503 680/959/3504
f 634/1009/3505 636/1019/3506 635/1006/3507
f 635/1006/3508 636/1019/3509 637/1003/3510
f 637/1003/3511 636/1019/3512 638/1000/3513
f 638/1000/3514 636/1019/3515 639/997/3516
f 639/997/3517 636/1019/3518 640/994/3519
f 640/994/3520 636/1019/3521 641/991/3522
f 641/991/3523 636/1019/3524 642/988/3525
f 642/988/3526 636/1019/3527 643/985/3528
f 643/985/3529 636/1019/3530 644/982/3531
f 644/982/3532 636/1019/3533 645/979/3534
f 641/991/3535 647/992/3536 640/994/3537
f 640/994/3538 647/992/3539 646/993/3540
f 649/995/3541 648/996/3542 640/994/3543
f 640/994/3544 648/996/3545 639/997/3546
f 651/998/3547 650/999/3548 639/997/3549
f 639/997/3550 650/999/3551 638/1000/3552
f 638/1000/3553 653/1001/3554 637/1003/3555
f 637/1003/3556 653/1001/3557 652/1002/3558
f 637/1003/3559 655/1004/3560 635/1006/3561
f 635/1006/3562 655/1004/3563 654/1005/3564
f 657/1007/3565 656/1008/3566 635/1006/3567
f 635/1006/3568 656/1008/3569 634/1009/3570
f 642/988/3571 659/989/3572 641/991/3573
f 641/991/3574 659/989/3575 658/990/3576
f 643/985/3577 661/986/3578 642/988/3579
f 642/988/3580 661/986/3581 660/987/3582
f 663/983/3583 662/984/3584 644/982/3585
f 644/982/3586 662/984/3587 643/985/3588
f 665/980/3589 664/981/3590 645/979/3591
f 645/979/3592 664/981/3593 644/982/3594
f 634/1009/3595 666/1012/3596 636/1019/3597
f 666/1012/3598 667/1015/3599 636/1019/3600
f 667/1015/3601 668/1018/3602 636/1019/3603
f 668/1018/3604 669/961/3605 636/1019/3606
f 669/961/3607 670/964/3608 636/1019/3609
f 670/964/3610 671/967/3611 636/1019/3612
f 671/967/3613 672/970/3614 636/1019/3615
f 672/970/3616 673/973/3617 636/1019/3618
f 673/973/3619 674/976/3620 636/1019/3621
f 674/976/3622 645/979/3623 636/1019/3624
f 671/967/3625 670/964/3626 675/966/3627
f 675/966/3628 670/964/3629 676/965/3630
f 669/961/3631 678/962/3632 670/964/3633
f 670/964/3634 678/962/3635 677/963/3636
f 668/1018/3637 680/959/3638 669/961/3639
f 669/961/3640 680/959/3641 679/960/3642
f 668/1018/3643 667/1015/3644 681/1017/3645
f 681/1017/3646 667/1015/3647 682/1016/3648
f 667/1015/3649 666/1012/3650 683/1014/3651
f 683/1014/3652 666/1012/3653 684/1013/3654
f 634/1009/3655 686/1010/3656 666/1012/3657
f 666/1012/3658 686/1010/3659 685/1011/3660
f 672/970/3661 671/967/3662 687/969/3663
f 687/969/3664 671/967/3665 688/968/3666
f 673/973/3667 672/970/3668 689/972/3669
f 689/972/3670 672/970/3671 690/971/3672
f 673/973/3673 692/974/3674 674/976/3675
f 674/976/3676 692/974/3677 691/975/3678
f 674/976/3679 694/977/3680 645/979/3681
f 645/979/3682 694/977/3683 693/978/3684
g default
v -282.768097 -5.980745 -0.744200
v -282.478485 -10.719880 -0.744200
v -267.137787 -9.887831 -0.744200
v -245.254593 -8.526602 -0.744200
v -226.625504 -7.351414 -0.744200
v -208.108200 -6.195691 -0.744200
v -192.789398 -5.145092 -0.744200
v -170.955902 -3.906693 -0.744200
v -152.368698 -2.771155 -0.744200
v -282.953888 -2.938400 -0.245045
v -282.410492 -11.748660 -0.245045
v -269.283386 -10.843640 -0.744200
v -265.079803 -10.438570 -0.744201
v -246.819504 -10.758470 -0.744201
v -245.130295 -10.347810 -0.744200
v -226.572800 -8.337141 -0.744200
v -225.652603 -7.816060 -0.744200
v -208.094803 -9.548074 -0.744200
v -195.105804 -8.312896 -0.744195
v -171.955399 -6.069110 -0.744195
v -169.916107 -5.025523 -0.744200
v -151.302597 -5.585121 -0.744200
v -152.017105 -3.699288 -0.744200
v -205.948593 -8.354571 -0.744198
v -194.079300 -6.909153 -0.744197
v -287.684814 -6.320534 -0.245045
v -290.190186 -11.102460 -0.245045
v -286.081207 -3.259932 -0.245045
v -282.768097 -5.980745 0.254110
v -282.478485 -10.719880 0.254110
v -267.137787 -9.887831 0.254110
v -245.254593 -8.526602 0.254110
v -226.625504 -7.351414 0.254110
v -208.108200 -6.195691 0.254110
v -192.789398 -5.145092 0.254110
v -170.955902 -3.906693 0.254110
v -152.368698 -2.771155 0.254110
v -269.283386 -10.843640 0.254110
v -265.079803 -10.438570 0.254111
v -246.819504 -10.758470 0.254111
v -245.130295 -10.347810 0.254110
v -226.572800 -8.337141 0.254110
v -225.652603 -7.816060 0.254110
v -208.094803 -9.548074 0.254110
v -195.105804 -8.312896 0.254105
v -171.955399 -6.069110 0.254105
v -169.916107 -5.025523 0.254110
v -151.302597 -5.585121 0.254110
v -152.017105 -3.699288 0.254110
v -205.948593 -8.354571 0.254108
v -194.079300 -6.909153 0.254107
v -140.379395 2.718137 -0.744200
v -140.379395 0.762058 -0.744200
v -140.379395 0.583107 -0.744200
v -140.379395 0.366044 -0.744200
v -140.379395 0.149663 -0.744200
v -140.379395 -0.120646 -0.744200
v -140.379395 -0.332312 -0.744200
v -140.379395 -0.918323 -0.744200
v -140.379395 -1.525982 -0.744200
v -140.379395 -2.038694 -0.744200
v -140.379395 5.771850 -0.245045
v -140.379395 4.519015 -0.449833
v -140.379395 -3.889802 -0.744200
v -140.379395 -3.889801 -0.245045
v -140.379395 -3.889801 0.254110
v -140.379395 -3.586028 -0.744200
v -140.379395 0.762057 0.254110
v -140.379395 2.718137 0.254110
v -140.379379 0.583107 0.254110
v -140.379395 0.366044 0.254110
v -140.379410 0.149663 0.254110
v -140.379395 -0.120646 0.254110
v -140.379395 -0.332312 0.254110
v -140.379395 -0.918323 0.254110
v -140.379395 -1.525981 0.254110
v -140.379395 -2.038694 0.254110
v -140.379395 4.519015 -0.040257
v -140.379395 -3.586028 0.254110
v -140.379395 4.519015 -0.245045
v -140.379395 2.718137 -0.245045
v -140.379395 0.762058 -0.245045
v -140.379395 0.583107 -0.245045
v -140.379395 0.366044 -0.245045
v -140.379395 0.149663 -0.245045
v -140.379395 -0.120646 -0.245045
v -140.379395 -0.332312 -0.245045
v -140.379395 -0.918323 -0.245045
v -140.379395 -1.525982 -0.245045
v -140.379395 -2.038694 -0.245045
v -140.379395 -3.586028 -0.245045
vt 0.234524 0.057708
vt 0.241006 0.433697
vt 0.235863 0.433513
vt 0.222030 0.058025
vt 0.235392 0.433482
vt 0.222450 0.098493
vt 0.234820 0.433445
vt 0.223509 0.156248
vt 0.234251 0.433408
vt 0.224454 0.205418
vt 0.233539 0.433363
vt 0.225360 0.254292
vt 0.232982 0.433330
vt 0.226358 0.294743
vt 0.231439 0.433234
vt 0.227100 0.352352
vt 0.229840 0.433141
vt 0.227945 0.401415
vt 0.228491 0.433067
vt 0.242654 0.057513
vt 0.249147 0.434010
vt 0.245809 0.433888
vt 0.219011 0.058203
vt 0.220211 0.092731
vt 0.220211 0.092731
vt 0.220779 0.103860
vt 0.217912 0.151709
vt 0.220779 0.103860
vt 0.217912 0.151709
vt 0.218777 0.156732
vt 0.221897 0.205288
vt 0.218777 0.156732
vt 0.221897 0.205288
vt 0.223145 0.207960
vt 0.216669 0.253391
vt 0.223145 0.207960
vt 0.216669 0.253391
vt 0.218257 0.288689
vt 0.221619 0.349287
vt 0.218257 0.288689
vt 0.221619 0.349287
vt 0.224108 0.355089
vt 0.220448 0.403444
vt 0.224108 0.355089
vt 0.220448 0.403444
vt 0.225455 0.402251
vt 0.223620 0.432867
vt 0.223620 0.432867
vt 0.225455 0.402251
vt 0.223620 0.432867
vt 0.222450 0.098493
vt 0.223509 0.156248
vt 0.224454 0.205418
vt 0.225360 0.254292
vt 0.219605 0.259937
vt 0.221851 0.291185
vt 0.219605 0.259937
vt 0.221851 0.291185
vt 0.227100 0.352352
vt 0.224421 0.432896
vt 0.233291 0.044468
vt 0.220289 0.038309
vt 0.241572 0.048803
vt 0.234524 0.057708
vt 0.222030 0.058025
vt 0.235863 0.433513
vt 0.241006 0.433697
vt 0.235392 0.433482
vt 0.234820 0.433446
vt 0.234251 0.433408
vt 0.233539 0.433363
vt 0.226358 0.294743
vt 0.232982 0.433330
vt 0.231439 0.433234
vt 0.227945 0.401415
vt 0.229840 0.433141
vt 0.228491 0.433067
vt 0.242654 0.057513
vt 0.245809 0.433888
vt 0.249147 0.434010
vt 0.219011 0.058203
vt 0.224421 0.432896
vt 0.233291 0.044468
vt 0.220289 0.038309
vt 0.241572 0.048803
vt 0.245809 0.433888
vt 0.241006 0.433697
vt 0.235863 0.433513
vt 0.235392 0.433482
vt 0.234820 0.433445
vt 0.234251 0.433408
vt 0.233539 0.433363
vt 0.232982 0.433330
vt 0.231439 0.433234
vt 0.229840 0.433141
vt 0.228491 0.433067
vt 0.224421 0.432896
vn 0.000000 0.000000 -1.000000
vn 0.000000 0.000000 -1.000000
vn -0.000000 0.000000 -1.000000
vn -0.000000 0.000000 -1.000000
vn -0.001964 -0.000109 -0.999998
vn -0.000000 0.000000 -1.000000
vn 0.000000 0.000000 -1.000000
vn 0.000000 0.000000 -1.000000
vn 0.000000 0.000000 -1.000000
vn 0.000000 0.000000 -1.000000
vn 0.000000 0.000000 -1.000000
vn 0.000000 0.000000 -1.000000
vn 0.000000 0.000000 -1.000000
vn 0.000000 0.000000 -1.000000
vn 0.000000 0.000000 -1.000000
vn 0.000000 0.000000 -1.000000
vn 0.000000 0.000000 -1.000000
vn -0.000000 0.000000 -1.000000
vn 0.000000 0.000000 -1.000000
vn -0.000000 0.000000 -1.000000
vn 0.000000 0.000000 -1.000000
vn 0.000000 0.000000 -1.000000
vn 0.000000 0.000000 -1.000000
vn 0.000000 0.000000 -1.000000
vn 0.000000 0.000000 -1.000000
vn 0.000000 0.000000 -1.000000
vn 0.000000 0.000000 -1.000000
vn 0.000000 0.000000 -1.000000
vn 0.000000 0.000000 -1.000000
vn -0.000000 0.000000 -1.000000
vn 0.000000 0.000000 -1.000000
vn -0.000000 0.000000 -1.000000
vn 0.000000 0.000000 -1.000000
vn 0.000000 0.000000 -1.000000
vn 0.000000 0.000000 -1.000000
vn -0.009855 0.161311 -0.986855
vn -0.009855 0.161311 -0.986854
vn -0.000483 -0.000996 -0.999999
vn -0.001146 -0.000526 -0.999999
vn -0.001146 -0.000526 -0.999999
vn -0.009855 0.161309 -0.986855
vn -0.009855 0.161309 -0.986855
vn 0.097499 -0.995236 0.000000
vn 0.110324 -0.993896 0.000000
vn 0.110324 -0.993896 0.000000
vn -0.014591 -0.999894 -0.000001
vn -0.014591 -0.999894 -0.000001
vn -0.014591 -0.999894 0.000001
vn -0.014591 -0.999894 0.000001
vn -0.014591 -0.999894 -0.000001
vn -0.014591 -0.999894 0.000001
vn 0.107718 -0.994182 -0.000004
vn 0.107718 -0.994182 -0.000004
vn 0.107718 -0.994182 0.000004
vn 0.107718 -0.994182 0.000004
vn 0.107718 -0.994182 -0.000004
vn 0.107718 -0.994182 0.000004
vn -0.093354 -0.995633 0.000000
vn -0.093354 -0.995633 0.000000
vn -0.093354 -0.995633 0.000000
vn -0.093354 -0.995633 0.000000
vn -0.093354 -0.995633 0.000000
vn -0.093354 -0.995633 0.000000
vn 0.096470 -0.995336 0.000001
vn 0.096470 -0.995336 0.000001
vn 0.096470 -0.995336 -0.000001
vn 0.096470 -0.995336 -0.000001
vn 0.096470 -0.995336 0.000001
vn 0.096470 -0.995336 -0.000001
vn -0.030051 -0.999548 0.000000
vn -0.030051 -0.999548 0.000000
vn -0.030051 -0.999548 0.000000
vn -0.030051 -0.999548 0.000000
vn -0.030051 -0.999548 0.000000
vn -0.030051 -0.999548 0.000000
vn -0.016368 -0.999866 0.000000
vn -0.016368 -0.999866 0.000000
vn -0.024508 -0.999700 0.000000
vn -0.024508 -0.999700 0.000000
vn -0.024508 -0.999700 0.000000
vn -0.016368 -0.999866 0.000000
vn -0.016368 -0.999866 0.000000
vn 0.000000 0.000000 -1.000000
vn 0.000000 0.000000 -1.000000
vn -0.001964 -0.000109 -0.999998
vn -0.001964 -0.000109 -0.999998
vn 0.000000 0.000000 -1.000000
vn -0.030539 0.007005 -0.999509
vn 0.999804 -0.019790 0.000000
vn 0.999804 -0.019790 0.000000
vn 0.999804 -0.019790 0.000000
vn 0.999804 -0.019790 0.000000
vn 0.999804 -0.019790 0.000000
vn 0.999804 -0.019790 0.000000
vn -0.992768 -0.120051 0.000000
vn -0.992768 -0.120051 0.000000
vn -0.992768 -0.120051 0.000000
vn -0.992768 -0.120051 0.000000
vn -0.992768 -0.120051 0.000000
vn -0.992768 -0.120051 0.000000
vn 0.000000 0.000000 -1.000000
vn 0.000000 0.000000 -1.000000
vn 0.000000 0.000001 -1.000000
vn 0.000000 0.000001 -1.000000
vn 0.000000 0.000000 -1.000000
vn 0.000000 0.000001 -1.000000
vn 0.998863 0.047677 -0.000005
vn 0.998863 0.047677 -0.000005
vn 0.998863 0.047677 0.000005
vn 0.998863 0.047677 0.000005
vn 0.998863 0.047677 -0.000005
vn 0.998863 0.047677 0.000005
vn -0.997677 -0.068117 0.000015
vn -0.997677 -0.068117 0.000015
vn -0.997677 -0.068117 -0.000015
vn -0.997677 -0.068117 -0.000015
vn -0.997677 -0.068117 0.000015
vn -0.997677 -0.068117 -0.000015
vn 0.000000 0.000000 -1.000000
vn 0.000000 0.000000 -1.000000
vn 0.000000 0.000000 -1.000000
vn 0.000000 0.000000 -1.000000
vn 0.000000 0.000000 -1.000000
vn 0.000000 0.000000 -1.000000
vn 0.998572 0.053423 0.000000
vn 0.998572 0.053423 0.000000
vn 0.998572 0.053423 0.000000
vn 0.998572 0.053423 0.000000
vn 0.998572 0.053423 0.000000
vn 0.998572 0.053423 0.000000
vn -0.992190 -0.124736 0.000000
vn -0.992190 -0.124736 0.000000
vn -0.992190 -0.124736 0.000000
vn -0.992190 -0.124736 0.000000
vn -0.992190 -0.124736 0.000000
vn -0.992190 -0.124736 0.000000
vn 0.000000 0.000000 -1.000000
vn 0.000000 0.000000 -1.000000
vn 0.000000 0.000000 -1.000000
vn 0.000000 0.000000 -1.000000
vn 0.000000 0.000000 -1.000000
vn 0.000000 0.000000 -1.000000
vn 0.999992 0.003981 0.000000
vn 0.999992 0.003981 0.000000
vn 0.999992 0.003981 0.000000
vn 0.999992 0.003981 0.000000
vn 0.999992 0.003981 0.000000
vn 0.999992 0.003981 0.000000
vn 0.086969 -0.996211 0.000000
vn 0.086969 -0.996211 0.000000
vn 0.086969 -0.996211 0.000000
vn 0.086969 -0.996211 0.000000
vn 0.086969 -0.996211 0.000000
vn 0.086969 -0.996211 0.000000
vn -0.997614 -0.069035 0.000000
vn -0.997614 -0.069035 0.000000
vn -0.997614 -0.069035 0.000000
vn -0.997614 -0.069035 0.000000
vn -0.997614 -0.069035 0.000000
vn -0.997614 -0.069035 0.000000
vn 0.000000 0.000000 -1.000000
vn 0.000000 0.000000 -1.000000
vn 0.000000 0.000000 -1.000000
vn 0.000000 0.000000 -1.000000
vn 0.000000 0.000000 -1.000000
vn 0.000000 0.000000 -1.000000
vn -0.807213 0.590261 -0.000001
vn -0.807209 0.590265 -0.000001
vn -0.807213 0.590261 0.000001
vn -0.807213 0.590261 0.000001
vn -0.807209 0.590265 -0.000001
vn -0.807209 0.590265 0.000001
vn 0.000000 0.000000 -1.000000
vn 0.000000 -0.000001 -1.000000
vn 0.000000 0.000000 -1.000000
vn 0.000000 -0.000002 -1.000000
vn 0.000000 -0.000001 -1.000000
vn 0.000000 -0.000001 -1.000000
vn 0.907715 -0.419588 0.000000
vn 0.907715 -0.419588 0.000000
vn 0.907715 -0.419588 0.000000
vn 0.907715 -0.419588 0.000000
vn 0.907715 -0.419588 0.000000
vn 0.907715 -0.419588 0.000000
vn -0.732510 -0.680756 0.000000
vn -0.732510 -0.680756 0.000000
vn -0.732510 -0.680756 0.000000
vn -0.732510 -0.680756 0.000000
vn -0.732510 -0.680756 0.000000
vn -0.732510 -0.680756 0.000000
vn 0.000000 0.000000 -1.000000
vn 0.000000 0.000000 -1.000000
vn 0.000000 0.000000 -1.000000
vn 0.000000 0.000000 -1.000000
vn 0.000000 0.000000 -1.000000
vn 0.000000 0.000000 -1.000000
vn 0.935139 0.354281 0.000000
vn 0.935138 0.354285 0.000000
vn 0.935139 0.354281 0.000000
vn 0.935139 0.354281 0.000000
vn 0.935138 0.354285 0.000000
vn 0.935138 0.354285 0.000000
vn 0.000000 0.000000 -1.000000
vn 0.000000 0.000000 -1.000000
vn 0.000000 0.000000 -1.000000
vn 0.000000 0.000000 -1.000000
vn -0.001146 -0.000526 -0.999999
vn -0.001964 -0.000109 -0.999998
vn -0.057387 -0.013680 -0.998258
vn -0.057387 -0.013680 -0.998258
vn -0.001964 -0.000109 -0.999998
vn -0.062819 -0.000232 -0.998025
vn -0.000483 -0.000996 -0.999999
vn -0.001146 -0.000526 -0.999999
vn -0.032340 -0.039805 -0.998684
vn -0.032340 -0.039805 -0.998684
vn -0.001146 -0.000526 -0.999999
vn -0.057387 -0.013680 -0.998258
vn -0.001964 -0.000109 -0.999998
vn -0.030539 0.007005 -0.999509
vn -0.062819 -0.000232 -0.998025
vn 0.000000 0.000000 -1.000000
vn 0.000000 0.000000 -1.000000
vn 0.000000 0.000000 -1.000000
vn 0.000000 0.000000 -1.000000
vn 0.000000 -0.000001 -1.000000
vn 0.000000 -0.000002 -1.000000
vn 0.000000 0.000000 1.000000
vn -0.000000 0.000000 1.000000
vn 0.000000 0.000000 1.000000
vn -0.000000 0.000000 1.000000
vn -0.001964 -0.000109 0.999998
vn 0.000000 0.000000 1.000000
vn -0.000000 0.000000 1.000000
vn -0.000000 0.000000 1.000000
vn 0.000000 0.000000 1.000000
vn 0.000000 0.000000 1.000000
vn -0.000000 0.000000 1.000000
vn -0.000000 0.000000 1.000000
vn 0.000000 0.000000 1.000000
vn 0.000000 0.000000 1.000000
vn -0.000000 0.000000 1.000000
vn -0.000000 0.000000 1.000000
vn 0.000000 0.000000 1.000000
vn 0.000000 0.000000 1.000000
vn 0.000000 -0.000000 1.000000
vn 0.000000 -0.000000 1.000000
vn 0.000000 0.000000 1.000000
vn 0.000000 0.000000 1.000000
vn 0.000000 0.000000 1.000000
vn 0.000000 0.000000 1.000000
vn 0.000000 0.000000 1.000000
vn 0.000000 0.000000 1.000000
vn 0.000000 0.000000 1.000000
vn 0.000000 0.000000 1.000000
vn 0.000000 0.000000 1.000000
vn 0.000000 0.000000 1.000000
vn -0.000000 0.000000 1.000000
vn -0.000000 0.000000 1.000000
vn 0.000000 0.000000 1.000000
vn 0.000000 0.000000 1.000000
vn 0.000000 0.000000 1.000000
vn -0.001146 -0.000526 0.999999
vn -0.009855 0.161311 0.986854
vn -0.000483 -0.000996 0.999999
vn -0.009855 0.161311 0.986855
vn -0.001146 -0.000526 0.999999
vn -0.009855 0.161309 0.986855
vn -0.009855 0.161309 0.986855
vn 0.000000 0.000000 1.000000
vn -0.001964 -0.000109 0.999998
vn 0.000000 0.000000 1.000000
vn -0.001964 -0.000109 0.999998
vn -0.030539 0.007005 0.999509
vn 0.000000 0.000000 1.000000
vn 0.000000 0.000000 1.000000
vn 0.000000 0.000001 1.000000
vn 0.000000 0.000000 1.000000
vn 0.000000 0.000001 1.000000
vn 0.000000 0.000001 1.000000
vn 0.000000 0.000000 1.000000
vn 0.000000 0.000000 1.000000
vn 0.000000 0.000000 1.000000
vn 0.000000 0.000000 1.000000
vn 0.000000 0.000000 1.000000
vn 0.000000 0.000000 1.000000
vn 0.000000 0.000000 1.000000
vn 0.000000 0.000000 1.000000
vn 0.000000 0.000000 1.000000
vn 0.000000 0.000000 1.000000
vn 0.000000 0.000000 1.000000
vn 0.000000 0.000000 1.000000
vn 0.000000 0.000000 1.000000
vn 0.000000 0.000000 1.000000
vn 0.000000 0.000000 1.000000
vn 0.000000 0.000000 1.000000
vn 0.000000 0.000000 1.000000
vn 0.000000 0.000000 1.000000
vn 0.000000 0.000000 1.000000
vn 0.000000 0.000000 1.000000
vn 0.000000 0.000000 1.000000
vn 0.000000 -0.000001 1.000000
vn 0.000000 -0.000002 1.000000
vn 0.000000 -0.000001 1.000000
vn 0.000000 -0.000001 1.000000
vn 0.000000 0.000000 1.000000
vn 0.000000 0.000000 1.000000
vn 0.000000 0.000000 1.000000
vn 0.000000 0.000000 1.000000
vn 0.000000 0.000000 1.000000
vn 0.000000 0.000000 1.000000
vn 0.000000 0.000000 1.000000
vn 0.000000 0.000000 1.000000
vn 0.000000 -0.000000 1.000000
vn 0.000000 -0.000000 1.000000
vn -0.001146 -0.000526 0.999999
vn -0.057387 -0.013680 0.998258
vn -0.001964 -0.000109 0.999998
vn -0.057387 -0.013680 0.998258
vn -0.062819 -0.000232 0.998025
vn -0.001964 -0.000109 0.999998
vn -0.000483 -0.000996 0.999999
vn -0.032340 -0.039805 0.998684
vn -0.001146 -0.000526 0.999999
vn -0.032340 -0.039805 0.998684
vn -0.057387 -0.013680 0.998258
vn -0.001146 -0.000526 0.999999
vn -0.001964 -0.000109 0.999998
vn -0.062819 -0.000232 0.998025
vn -0.030539 0.007005 0.999509
vn 0.000000 0.000000 1.000000
vn 0.000000 0.000000 1.000000
vn 0.000000 0.000000 1.000000
vn 0.000000 0.000000 1.000000
vn 0.000000 -0.000002 1.000000
vn 0.000000 -0.000001 1.000000
vn -0.000000 0.000000 -1.000000
vn -0.000000 0.000000 -1.000000
vn 0.000000 0.000000 -1.000000
vn 0.000000 0.000000 1.000000
vn 0.000000 0.000000 1.000000
vn 0.000000 0.000000 1.000000
vn 1.000000 0.000000 0.000000
vn 1.000000 0.000002 0.000000
vn 1.000000 0.000000 -0.000001
vn 1.000000 0.000001 0.000000
vn 1.000000 -0.000002 0.000000
vn 1.000000 -0.000000 0.000000
vn 1.000000 0.000007 0.000000
vn 1.000000 0.000000 0.000000
vn 1.000000 0.000000 0.000000
vn 1.000000 -0.000002 0.000000
vn 1.000000 0.000000 0.000000
vn 1.000000 0.000000 0.000000
vn 1.000000 0.000000 0.000000
vn 1.000000 0.000000 0.000000
vn 1.000000 0.000000 0.000000
vn 1.000000 0.000000 0.000000
vn 1.000000 0.000000 0.000000
vn 1.000000 0.000000 0.000000
vn 1.000000 0.000000 0.000000
vn 1.000000 0.000000 0.000000
vn 1.000000 0.000000 0.000000
vn 1.000000 0.000000 0.000000
vn 1.000000 0.000000 0.000000
vn 1.000000 0.000026 0.000009
vn 1.000000 0.000000 0.000000
vn 1.000000 0.000022 0.000006
vn 1.000000 0.000000 0.000000
vn 1.000000 0.000000 -0.000009
vn 1.000000 0.000001 0.000000
vn 1.000000 0.000001 0.000000
vn 1.000000 0.000000 -0.000020
vn 1.000000 -0.000032 -0.000011
vn 1.000000 -0.000039 0.000021
vn 1.000000 -0.000024 0.000012
vn 1.000000 0.000000 0.000000
vn 1.000000 0.000000 0.000000
vn 1.000000 0.000000 0.000000
vn 1.000000 0.000000 0.000000
vn 1.000000 -0.000009 0.000000
vn 1.000000 -0.000036 0.000000
s 1
g blade_fragment
usemtl initialShadingGroup
f 746/1021/3685 747/1022/3686 695/1020/3687
f 695/1020/3687 747/1022/3686 696/1023/3688
s 2
f 696/1023/3689 747/1022/3690 697/1025/3691
f 697/1025/3691 747/1022/3690 748/1024/3692
s 3
f 697/1025/3693 748/1024/3694 698/1027/3695
f 698/1027/3695 748/1024/3694 749/1026/3696
s 4
f 698/1027/3697 749/1026/3698 699/1029/3699
f 699/1029/3699 749/1026/3698 750/1028/3700
s 5
f 699/1029/3701 750/1028/3702 700/1031/3703
f 700/1031/3703 750/1028/3702 751/1030/3704
s 6
f 700/1031/3705 751/1030/3706 701/1033/3707
f 701/1033/3707 751/1030/3706 752/1032/3708
s 7
f 701/1033/3709 752/1032/3710 702/1035/3711
f 702/1035/3711 752/1032/3710 753/1034/3712
s 8
f 702/1035/3713 753/1034/3714 703/1037/3715
f 703/1037/3715 753/1034/3714 754/1036/3716
s off
f 703/1037/3717 754/1036/3718 755/1038/3719
s 9
f 756/1040/3720 757/1041/3721 704/1039/3722
f 704/1039/3722 757/1041/3721 695/1020/3723
s off
f 695/1020/3724 757/1041/3725 746/1021/3726
f 705/1042/3727 706/1043/3728 732/1044/3729
f 707/1045/3730 708/1046/3731 733/1047/3732
f 733/1047/3733 708/1046/3734 734/1048/3735
f 709/1049/3736 710/1050/3737 735/1051/3738
f 735/1051/3739 710/1050/3740 736/1052/3741
f 711/1053/3742 712/1054/3743 737/1055/3744
f 737/1055/3745 712/1054/3746 738/1056/3747
f 713/1057/3748 714/1058/3749 739/1059/3750
f 739/1059/3751 714/1058/3752 740/1060/3753
f 715/1061/3754 716/1062/3755 741/1063/3756
f 741/1063/3757 716/1062/3758 742/1064/3759
s 10
f 758/1066/3760 759/1067/3761 717/1065/3762
f 717/1065/3762 759/1067/3761 743/1068/3763
s off
f 743/1068/3764 759/1067/3765 760/1069/3766
f 697/1025/3767 706/1043/3768 696/1023/3769
f 696/1023/3770 706/1043/3771 705/1042/3772
f 706/1043/3773 697/1025/3774 732/1044/3775
f 732/1044/3776 697/1025/3777 725/1070/3778
f 697/1025/3779 707/1045/3780 725/1070/3781
f 725/1070/3782 707/1045/3783 733/1047/3784
f 697/1025/3785 698/1027/3786 707/1045/3787
f 707/1045/3788 698/1027/3789 708/1046/3790
f 708/1046/3791 698/1027/3792 734/1048/3793
f 734/1048/3794 698/1027/3795 726/1071/3796
f 698/1027/3797 709/1049/3798 726/1071/3799
f 726/1071/3800 709/1049/3801 735/1051/3802
f 699/1029/3803 710/1050/3804 698/1027/3805
f 698/1027/3806 710/1050/3807 709/1049/3808
f 710/1050/3809 699/1029/3810 736/1052/3811
f 736/1052/3812 699/1029/3813 727/1072/3814
f 699/1029/3815 711/1053/3816 727/1072/3817
f 727/1072/3818 711/1053/3819 737/1055/3820
f 699/1029/3821 700/1031/3822 711/1053/3823
f 700/1031/3824 712/1054/3825 711/1053/3826
f 712/1054/3827 700/1031/3828 738/1056/3829
f 738/1056/3830 700/1031/3831 728/1073/3832
f 718/1074/3833 719/1075/3834 744/1076/3835
f 744/1076/3836 719/1075/3837 745/1077/3838
f 700/1031/3839 718/1074/3840 728/1073/3841
f 728/1073/3842 718/1074/3843 744/1076/3844
f 701/1033/3845 719/1075/3846 700/1031/3847
f 700/1031/3848 719/1075/3849 718/1074/3850
f 719/1075/3851 713/1057/3852 745/1077/3853
f 745/1077/3854 713/1057/3855 739/1059/3856
f 702/1035/3857 714/1058/3858 701/1033/3859
f 719/1075/3860 714/1058/3861 713/1057/3862
f 714/1058/3863 702/1035/3864 740/1060/3865
f 740/1060/3866 702/1035/3867 730/1078/3868
f 702/1035/3869 715/1061/3870 730/1078/3871
f 730/1078/3872 715/1061/3873 741/1063/3874
f 702/1035/3875 703/1037/3876 715/1061/3877
f 715/1061/3878 717/1065/3879 716/1062/3880
f 716/1062/3881 717/1065/3882 742/1064/3883
f 742/1064/3884 717/1065/3885 743/1068/3886
s 11
f 703/1037/3887 761/1079/3888 717/1065/3889
f 717/1065/3889 761/1079/3888 758/1066/3890
s off
f 695/1020/3891 696/1023/3892 720/1080/3893
f 720/1080/3894 696/1023/3895 721/1081/3896
f 704/1039/3897 695/1020/3898 722/1082/3899
f 722/1082/3900 695/1020/3901 720/1080/3902
f 696/1023/3903 705/1042/3904 721/1081/3905
f 715/1061/3906 703/1037/3907 717/1065/3908
f 701/1033/3909 714/1058/3910 719/1075/3911
s 12
f 724/1084/3912 762/1085/3913 723/1083/3914
f 723/1083/3914 762/1085/3913 763/1086/3915
s 13
f 724/1084/3916 725/1070/3917 762/1085/3918
f 762/1085/3918 725/1070/3917 764/1087/3919
s 14
f 725/1070/3920 726/1071/3921 764/1087/3922
f 764/1087/3922 726/1071/3921 765/1088/3923
s 15
f 726/1071/3924 727/1072/3925 765/1088/3926
f 765/1088/3926 727/1072/3925 766/1089/3927
s 16
f 727/1072/3928 728/1073/3929 766/1089/3930
f 766/1089/3930 728/1073/3929 767/1090/3931
s 17
f 728/1073/3932 729/1091/3933 767/1090/3934
f 767/1090/3934 729/1091/3933 768/1092/3935
s 18
f 729/1091/3936 730/1078/3937 768/1092/3938
f 768/1092/3938 730/1078/3937 769/1093/3939
s 19
f 730/1078/3940 731/1094/3941 769/1093/3942
f 769/1093/3942 731/1094/3941 770/1095/3943
s off
f 731/1094/3944 771/1096/3945 770/1095/3946
s 20
f 723/1083/3947 772/1098/3948 704/1097/3949
f 704/1097/3949 772/1098/3948 756/1099/3950
s off
f 723/1083/3951 763/1086/3952 772/1098/3953
f 725/1070/3954 724/1084/3955 732/1044/3956
f 724/1084/3957 705/1100/3958 732/1044/3959
f 725/1070/3960 733/1047/3961 726/1071/3962
f 733/1047/3963 734/1048/3964 726/1071/3965
f 727/1072/3966 726/1071/3967 736/1052/3968
f 726/1071/3969 735/1051/3970 736/1052/3971
f 727/1072/3972 737/1055/3973 728/1073/3974
f 728/1073/3975 737/1055/3976 738/1056/3977
f 729/1091/3978 728/1073/3979 745/1077/3980
f 728/1073/3981 744/1076/3982 745/1077/3983
f 730/1078/3984 729/1091/3985 740/1060/3986
f 745/1077/3987 739/1059/3988 740/1060/3989
f 730/1078/3990 741/1063/3991 731/1094/3992
f 741/1063/3993 742/1064/3994 743/1068/3995
s 21
f 731/1094/3996 743/1068/3997 773/1101/3998
f 773/1101/3998 743/1068/3997 760/1069/3999
s off
f 723/1083/4000 720/1102/4001 724/1084/4002
f 720/1102/4003 721/1103/4004 724/1084/4005
f 704/1097/4006 722/1104/4007 723/1083/4008
f 722/1104/4009 720/1102/4010 723/1083/4011
f 724/1084/4012 721/1103/4013 705/1100/4014
f 741/1063/4015 743/1068/4016 731/1094/4017
f 729/1091/4018 745/1077/4019 740/1060/4020
f 755/1038/4021 761/1079/4022 703/1037/4023
f 773/1101/4024 771/1096/4025 731/1094/4026
s 22
f 747/1022/4027 746/1021/4028 776/1107/4029
f 776/1107/4029 746/1021/4028 775/1106/4030
f 772/1098/4031 774/1105/4032 756/1099/4033
f 774/1105/4032 775/1106/4030 757/1041/4034
f 757/1041/4034 775/1106/4030 746/1021/4028
f 761/1079/4035 785/1116/4036 758/1066/4037
f 758/1066/4037 785/1116/4036 759/1067/4038
f 755/1038/4039 784/1115/4040 761/1079/4035
f 761/1079/4035 784/1115/4040 785/1116/4036
f 754/1036/4041 783/1114/4042 755/1038/4039
f 755/1038/4039 783/1114/4042 784/1115/4040
f 753/1034/4043 782/1113/4044 754/1036/4041
f 754/1036/4041 782/1113/4044 783/1114/4042
f 752/1032/4045 781/1112/4046 753/1034/4043
f 753/1034/4043 781/1112/4046 782/1113/4044
f 751/1030/4047 780/1111/4048 752/1032/4045
f 752/1032/4045 780/1111/4048 781/1112/4046
f 750/1028/4049 779/1110/4050 751/1030/4047
f 751/1030/4047 779/1110/4050 780/1111/4048
f 749/1026/4051 778/1109/4052 750/1028/4049
f 750/1028/4049 778/1109/4052 779/1110/4050
f 748/1024/4053 777/1108/4054 749/1026/4051
f 749/1026/4051 777/1108/4054 778/1109/4052
f 747/1022/4027 776/1107/4029 748/1024/4053
f 748/1024/4053 776/1107/4029 777/1108/4054
f 763/1086/4055 775/1106/4030 772/1098/4031
f 772/1098/4031 775/1106/4030 774/1105/4032
f 776/1107/4029 775/1106/4030 762/1085/4056
f 762/1085/4056 775/1106/4030 763/1086/4055
f 777/1108/4054 776/1107/4029 764/1087/4057
f 764/1087/4057 776/1107/4029 762/1085/4056
f 778/1109/4052 777/1108/4054 765/1088/4058
f 765/1088/4058 777/1108/4054 764/1087/4057
f 779/1110/4050 778/1109/4052 766/1089/4059
f 766/1089/4059 778/1109/4052 765/1088/4058
f 780/1111/4048 779/1110/4050 767/1090/4060
f 767/1090/4060 779/1110/4050 766/1089/4059
f 781/1112/4046 780/1111/4048 768/1092/4061
f 768/1092/4061 780/1111/4048 767/1090/4060
f 782/1113/4044 781/1112/4046 769/1093/4062
f 769/1093/4062 781/1112/4046 768/1092/4061
f 783/1114/4042 782/1113/4044 770/1095/4063
f 770/1095/4063 782/1113/4044 769/1093/4062
f 784/1115/4040 783/1114/4042 771/1096/4064
f 771/1096/4064 783/1114/4042 770/1095/4063
f 785/1116/4036 784/1115/4040 773/1101/4065
f 773/1101/4065 784/1115/4040 771/1096/4064
f 756/1099/4033 774/1105/4032 757/1041/4034
f 759/1067/4038 785/1116/4036 760/1069/4066
f 760/1069/4066 785/1116/4036 773/1101/4065
g default
v -33.414082 1.807005 -1.099300
v -41.868580 1.319120 -1.099300
v -33.955650 12.716960 -0.723000
v -42.410149 12.229090 -0.723000
v -33.677380 7.205946 -1.295900
v -42.129318 6.676878 -1.295900
v -33.414082 1.807005 1.099300
v -41.868580 1.319120 1.099300
v -33.955650 12.716960 0.723000
v -42.410149 12.229090 0.723000
v -33.677380 7.205946 1.295900
v -42.129318 6.676878 1.295900
v -32.456711 7.282362 -3.566901
v 41.924431 11.418100 -3.566901
v 42.239052 5.345744 -2.265600
v -32.140869 0.824003 -2.265600
v -32.767059 13.438470 -2.265600
v 41.686741 16.887079 -2.265600
v -35.037640 7.120802 -3.566901
v -35.350079 13.310250 -2.265600
v -34.723888 0.695798 -2.265600
v -32.456711 7.282362 3.566901
v 41.924431 11.418100 3.566901
v 42.239052 5.345744 2.265600
v -32.140869 0.824003 2.265600
v -32.767059 13.438470 2.265600
v 41.686741 16.887079 2.265600
v -35.037640 7.120802 3.566901
v -35.350079 13.310250 2.265600
v -34.723888 0.695798 2.265600
v -37.021812 4.451818 0.000000
v -37.031292 4.581624 0.435144
v -36.946411 7.102744 0.000000
v -37.058788 4.958351 0.827694
v -37.114834 2.832524 3.469209
v -37.155613 6.284469 1.339236
v -37.215446 7.104053 1.408156
v -37.275272 7.923641 1.339236
v -37.329247 8.662998 1.139222
v -37.372086 9.249758 0.827693
v -37.399590 9.626481 0.435144
v -37.409073 9.756290 0.000000
v -37.222805 6.865676 2.185077
v -37.278770 7.632449 1.886787
v -37.157398 6.452960 1.950795
v -37.212330 7.205363 2.283843
v -37.086449 5.513430 1.784662
v -37.141857 6.272358 1.682046
v -37.038063 4.438673 1.399781
v -37.099434 2.386016 3.656681
v -37.000553 4.160598 0.880905
v -37.037914 4.672253 1.064165
v -36.989941 4.162601 0.602538
v -37.009506 4.430677 0.968655
v -37.297268 8.384382 2.277421
v -37.337784 8.939455 1.748440
v -37.379124 12.063493 5.841206
v -37.355698 11.742566 5.258429
v -37.391769 9.519459 1.016400
v -37.430805 10.054050 0.919169
v -37.396046 10.197244 0.343655
v -37.406960 10.346707 0.091489
v -37.031292 4.581624 -0.435144
v -37.058788 4.958351 -0.827694
v -37.101639 5.545109 -1.139222
v -37.155613 6.284469 -1.339236
v -37.215446 7.104053 -1.408156
v -37.275272 7.923641 -1.339236
v -37.329247 8.662998 -1.139222
v -37.372086 9.249758 -0.827693
v -37.399590 9.626481 -0.435144
v -37.278770 7.632449 -1.886787
v -37.222805 6.865676 -2.185077
v -37.212330 7.205363 -2.283843
v -37.157398 6.452960 -1.950795
v -37.152473 4.090419 -4.553493
v -37.097065 3.331492 -4.656108
v -37.086239 5.098602 -1.326694
v -37.038063 4.438673 -1.399781
v -37.037914 4.672253 -1.064165
v -37.000553 4.160598 -0.880905
v -37.009506 4.430677 -0.968655
v -36.989941 4.162601 -0.602538
v -37.337997 9.784121 -5.499934
v -37.289375 9.118121 -5.120928
v -37.385166 9.720097 -1.275093
v -37.371784 9.536614 -1.914878
v -37.430805 10.054050 -0.919169
v -37.391769 9.519459 -1.016400
v -37.406960 10.346707 -0.091489
v -37.396046 10.197244 -0.343655
v -36.631077 4.467179 0.000000
v -36.631821 4.597328 0.435144
v -36.914356 7.104004 0.000000
v -36.633984 4.975051 0.827694
v -36.411224 2.860185 3.469209
v -36.641567 6.304678 1.339236
v -36.646259 7.126429 1.408156
v -36.650955 7.948185 1.339236
v -36.655193 8.689498 1.139222
v -36.658550 9.277809 0.827693
v -36.660702 9.655529 0.435144
v -36.661442 9.785682 0.000000
v -36.620213 6.889366 2.185077
v -36.624607 7.658166 1.886787
v -36.653011 6.472789 1.950795
v -36.657318 7.227182 2.283843
v -36.649982 5.530589 1.784662
v -36.654327 6.291524 1.682046
v -36.613853 4.455350 1.399781
v -36.391521 2.413846 3.656681
v -36.629410 4.175189 0.880905
v -36.632336 4.688197 1.064165
v -36.640144 4.176353 0.602538
v -36.641689 4.445138 0.968655
v -36.665203 8.409230 2.277421
v -36.668385 8.965772 1.748440
v -36.872421 12.083413 5.841206
v -36.870586 11.761638 5.258429
v -36.660099 9.548223 1.016400
v -36.663155 10.084229 0.919169
v -36.709045 10.224252 0.343655
v -36.709896 10.374111 0.091489
v -36.631821 4.597328 -0.435144
v -36.633984 4.975051 -0.827694
v -36.637329 5.563363 -1.139222
v -36.641567 6.304678 -1.339236
v -36.646259 7.126429 -1.408156
v -36.650955 7.948185 -1.339236
v -36.655193 8.689498 -1.139222
v -36.658550 9.277809 -0.827693
v -36.660702 9.655529 -0.435144
v -36.624607 7.658166 -1.886787
v -36.620213 6.889366 -2.185077
v -36.657318 7.227182 -2.283843
v -36.653011 6.472789 -1.950795
v -36.472446 4.117153 -4.553493
v -36.468109 3.356218 -4.656108
v -36.617630 5.117025 -1.326694
v -36.613853 4.455350 -1.399781
v -36.632336 4.688197 -1.064165
v -36.629410 4.175189 -0.880905
v -36.641689 4.445138 -0.968655
v -36.640144 4.176353 -0.602538
v -36.734482 9.807847 -5.499934
v -36.730671 9.140085 -5.120928
v -36.682434 9.747724 -1.275093
v -36.681366 9.563757 -1.914878
v -36.663155 10.084229 -0.919169
v -36.660099 9.548223 -1.016400
v -36.709896 10.374111 -0.091489
v -36.709045 10.224252 -0.343655
v -41.135571 8.781190 -0.744200
v -133.781601 -1.635616 -0.744200
v -115.194603 -0.500086 -0.744200
v -96.607498 0.635450 -0.744200
v -78.020279 1.770995 -0.744200
v -56.174049 3.000487 -0.744200
v -40.846119 4.042058 -0.744200
v -50.392262 1.482356 -0.744200
v -35.064331 2.523926 -0.744200
v -41.321442 11.823560 -0.245045
v -134.491898 -3.986182 -0.744200
v -131.777405 -5.945734 -0.744200
v -115.110802 -1.760857 -0.744200
v -115.035400 -2.896014 -0.744200
v -99.261597 -2.736226 -0.744200
v -97.352638 -0.311155 -0.744200
v -76.719620 -0.720552 -0.744200
v -75.774307 -2.531408 -0.744200
v -61.434898 -0.010351 -0.744200
v -110.081497 -2.070364 -0.744200
v -41.135571 8.781190 0.254110
v -133.781601 -1.635616 0.254110
v -115.194603 -0.500086 0.254110
v -96.607498 0.635450 0.254110
v -78.020279 1.770995 0.254110
v -56.174049 3.000487 0.254110
v -40.846119 4.042058 0.254110
v -50.392262 1.482356 0.254110
v -35.064331 2.523926 0.254110
v -134.491898 -3.986182 0.254110
v -131.777405 -5.945734 0.254110
v -115.110802 -1.760857 0.254110
v -115.035400 -2.896014 0.254110
v -99.261597 -2.736226 0.254110
v -97.352638 -0.311155 0.254110
v -76.719620 -0.720552 0.254110
v -75.774307 -2.531408 0.254110
v -61.434898 -0.010351 0.254110
v -110.081497 -2.070364 0.254110
v -36.066643 -5.303104 0.000000
v -36.103333 -4.691901 2.050201
v -36.109535 7.179392 0.000000
v -36.209778 -2.918059 3.899713
v -36.375572 -0.155264 5.367496
v -36.584484 3.326069 6.309870
v -36.816067 7.185140 6.634590
v -37.047653 11.044225 6.309869
v -37.256561 14.525558 5.367496
v -37.422363 17.288353 3.899713
v -37.528809 19.062183 2.050201
v -37.565483 19.673395 0.000000
v -36.813728 6.062683 10.295090
v -37.030380 9.673094 8.889676
v -36.604507 4.119432 9.191257
v -36.817108 7.662186 10.760420
v -36.332836 -0.304406 8.408512
v -36.547279 3.269062 7.925034
v -36.108116 -5.365026 6.595129
v -36.294579 -2.257700 6.250777
v -35.984367 -6.674337 4.150420
v -36.128933 -4.265172 5.013861
v -35.956665 -6.664886 2.838884
v -36.032417 -5.402632 4.563860
v -37.147259 13.213685 10.730160
v -37.304092 15.827287 8.237848
v -37.447609 18.639072 9.022031
v -37.499454 19.503004 6.007653
v -37.498566 18.558256 4.788811
v -37.649628 21.075445 4.330705
v -37.571373 21.749741 1.619145
v -37.613605 22.453497 0.431056
v -36.103333 -4.691901 -2.050201
v -36.209778 -2.918059 -3.899713
v -36.375572 -0.155264 -5.367496
v -36.584484 3.326069 -6.309869
v -36.816067 7.185140 -6.634589
v -37.047653 11.044225 -6.309869
v -37.256561 14.525558 -5.367496
v -37.422363 17.288353 -3.899713
v -37.528809 19.062183 -2.050201
v -37.030380 9.673094 -8.889676
v -36.813728 6.062684 -10.295090
v -36.817108 7.662186 -10.760420
v -36.604507 4.119432 -9.191257
v -36.547279 3.269062 -7.925034
v -36.332836 -0.304406 -8.408512
v -36.294579 -2.257700 -6.250777
v -36.108116 -5.365026 -6.595129
v -36.128933 -4.265172 -5.013861
v -35.984367 -6.674337 -4.150420
v -36.032417 -5.402632 -4.563860
v -35.956665 -6.664886 -2.838884
v -37.304092 15.827287 -8.237848
v -37.147259 13.213685 -10.730160
v -37.499454 19.503004 -6.007653
v -37.447609 18.639072 -9.022031
v -37.649628 21.075445 -4.330705
v -37.498566 18.558256 -4.788811
v -37.613605 22.453497 -0.431056
v -37.571373 21.749741 -1.619145
v -34.294674 -5.205038 0.000000
v -34.325661 -4.593518 2.050201
v -35.629478 7.205960 0.000000
v -34.415607 -2.818763 3.899713
v -34.555695 -0.054546 5.367496
v -34.732216 3.428580 6.309870
v -34.927895 7.289638 6.634590
v -35.123573 11.150710 6.309869
v -35.300098 14.633836 5.367496
v -35.440182 17.398054 3.899713
v -35.530125 19.172798 2.050201
v -35.561119 19.784323 0.000000
v -34.806358 6.173778 10.295090
v -34.989433 9.786047 8.889676
v -34.799866 4.219308 9.191257
v -34.979500 7.763885 10.760420
v -34.581711 -0.207492 8.408512
v -34.762905 3.367815 7.925034
v -34.246628 -5.262004 6.595129
v -34.404190 -2.153079 6.250777
v -34.225140 -6.576976 4.150420
v -34.347305 -4.166571 5.013861
v -34.253716 -6.570639 2.838884
v -34.317711 -5.307734 4.563860
v -35.263969 13.317912 10.730160
v -35.396500 15.932859 8.237848
v -35.564140 18.743309 9.022031
v -35.607948 19.607687 6.007653
v -35.504574 18.668612 4.788811
v -35.632210 21.187098 4.330705
v -35.784386 21.848640 1.619145
v -35.820076 22.552755 0.431056
v -34.325661 -4.593518 -2.050201
v -34.415607 -2.818763 -3.899713
v -34.555695 -0.054546 -5.367496
v -34.732216 3.428580 -6.309869
v -34.927895 7.289638 -6.634589
v -35.123573 11.150710 -6.309869
v -35.300098 14.633836 -5.367496
v -35.440182 17.398054 -3.899713
v -35.530125 19.172798 -2.050201
v -34.989433 9.786047 -8.889676
v -34.806358 6.173779 -10.295090
v -34.979500 7.763885 -10.760420
v -34.799866 4.219308 -9.191257
v -34.762905 3.367815 -7.925034
v -34.581711 -0.207492 -8.408512
v -34.404190 -2.153079 -6.250777
v -34.246628 -5.262004 -6.595129
v -34.347305 -4.166571 -5.013861
v -34.225140 -6.576976 -4.150420
v -34.317711 -5.307734 -4.563860
v -34.253716 -6.570639 -2.838884
v -35.396500 15.932859 -8.237848
v -35.263969 13.317912 -10.730160
v -35.607948 19.607687 -6.007653
v -35.564140 18.743309 -9.022031
v -35.632210 21.187098 -4.330705
v -35.504574 18.668612 -4.788811
v -35.820076 22.552755 -0.431056
v -35.784386 21.848640 -1.619145
v -140.379395 2.718137 -0.744200
v -140.379395 0.762058 -0.744200
v -140.379395 0.583107 -0.744200
v -140.379395 0.366044 -0.744200
v -140.379395 0.149663 -0.744200
v -140.379395 -0.120646 -0.744200
v -140.379395 -0.332312 -0.744200
v -140.379395 -0.918323 -0.744200
v -140.379395 -1.525982 -0.744200
v -140.379395 -2.038694 -0.744200
v -140.379395 5.771850 -0.245045
v -140.379395 4.519015 -0.449833
v -140.379395 -3.889802 -0.744200
v -140.379395 -3.889801 -0.408823
v -140.379395 -3.889801 0.254110
v -140.379395 -3.586028 -0.744200
v -140.379395 0.762057 0.254110
v -140.379395 2.718137 0.254110
v -140.379379 0.583107 0.254110
v -140.379395 0.366044 0.254110
v -140.379410 0.149663 0.254110
v -140.379395 -0.120646 0.254110
v -140.379395 -0.332312 0.254110
v -140.379395 -0.918323 0.254110
v -140.379395 -1.525981 0.254110
v -140.379395 -2.038694 0.254110
v -140.379395 4.519015 -0.040257
v -140.379395 -3.586028 0.254110
v -140.379395 4.519015 -0.245045
v -140.379395 2.718137 -0.245045
v -140.379395 0.762058 -0.245045
v -140.379395 0.583107 -0.245045
v -140.379395 0.366044 -0.245045
v -140.379395 0.149663 -0.245045
v -140.379395 -0.120646 -0.245045
v -140.379395 -0.332312 -0.245045
v -140.379395 -0.918323 -0.245045
v -140.379395 -1.525982 -0.245045
v -140.379395 -2.038694 -0.245045
v -140.379395 -3.586028 -0.245045
vt 0.316634 0.360509
vt 0.287315 0.361940
vt 0.316634 0.360509
vt 0.287315 0.361940
vt 0.291710 0.403193
vt 0.291710 0.403193
vt 0.322146 0.398013
vt 0.322146 0.398013
vt 0.288594 0.382700
vt 0.319608 0.378524
vt 0.319608 0.378524
vt 0.288594 0.382700
vt 0.140626 0.379148
vt 0.138613 0.181605
vt 0.154766 0.181504
vt 0.158074 0.379279
vt 0.123950 0.379373
vt 0.124012 0.181861
vt 0.140827 0.385711
vt 0.124566 0.385298
vt 0.157368 0.385309
vt 0.124012 0.181861
vt 0.123950 0.379373
vt 0.124566 0.385298
vt 0.140827 0.385711
vt 0.157368 0.385309
vt 0.158074 0.379279
vt 0.154766 0.181504
vt 0.138613 0.181605
vt 0.140626 0.379148
vt 0.335488 0.246693
vt 0.336708 0.247881
vt 0.330089 0.255464
vt 0.337134 0.250112
vt 0.349919 0.248520
vt 0.336162 0.255569
vt 0.334725 0.258525
vt 0.332509 0.261105
vt 0.330288 0.263346
vt 0.327951 0.264263
vt 0.325843 0.264632
vt 0.324159 0.264161
vt 0.334447 0.261221
vt 0.336654 0.260738
vt 0.337767 0.257307
vt 0.337369 0.259864
vt 0.339312 0.254232
vt 0.337379 0.255948
vt 0.340020 0.249537
vt 0.351297 0.247475
vt 0.338125 0.249555
vt 0.338846 0.248302
vt 0.337873 0.246573
vt 0.338569 0.247786
vt 0.331930 0.264838
vt 0.334317 0.264428
vt 0.333002 0.282496
vt 0.333700 0.284867
vt 0.327707 0.265409
vt 0.326548 0.266434
vt 0.324482 0.266191
vt 0.323711 0.266164
vt 0.333910 0.246079
vt 0.331757 0.246661
vt 0.329438 0.247937
vt 0.327373 0.249983
vt 0.325441 0.252513
vt 0.323752 0.255394
vt 0.322816 0.258152
vt 0.322632 0.260743
vt 0.323088 0.262792
vt 0.323134 0.253638
vt 0.322798 0.251388
vt 0.322983 0.250888
vt 0.325108 0.249453
vt 0.320515 0.237181
vt 0.321520 0.234610
vt 0.329884 0.246731
vt 0.329970 0.244805
vt 0.331727 0.245515
vt 0.332567 0.244374
vt 0.333189 0.244350
vt 0.334575 0.244464
vt 0.306917 0.252682
vt 0.309327 0.251360
vt 0.320466 0.261422
vt 0.319121 0.259998
vt 0.321033 0.262860
vt 0.321579 0.261393
vt 0.322448 0.265320
vt 0.322138 0.264603
vt 0.322798 0.251388
vt 0.323134 0.253638
vt 0.323752 0.255394
vt 0.309327 0.251360
vt 0.306917 0.252682
vt 0.322816 0.258152
vt 0.319121 0.259998
vt 0.320466 0.261422
vt 0.322632 0.260743
vt 0.321579 0.261393
vt 0.321033 0.262860
vt 0.323088 0.262792
vt 0.322138 0.264603
vt 0.322448 0.265320
vt 0.324159 0.264161
vt 0.323711 0.266164
vt 0.324482 0.266191
vt 0.325843 0.264632
vt 0.326548 0.266434
vt 0.327707 0.265409
vt 0.327951 0.264263
vt 0.333002 0.282496
vt 0.333700 0.284867
vt 0.330288 0.263346
vt 0.331930 0.264838
vt 0.334317 0.264428
vt 0.332509 0.261105
vt 0.334447 0.261221
vt 0.336654 0.260738
vt 0.334725 0.258525
vt 0.337369 0.259864
vt 0.337767 0.257307
vt 0.336162 0.255569
vt 0.337379 0.255948
vt 0.339312 0.254232
vt 0.349919 0.248520
vt 0.351297 0.247475
vt 0.340020 0.249537
vt 0.337134 0.250112
vt 0.338125 0.249555
vt 0.338846 0.248302
vt 0.336708 0.247881
vt 0.338569 0.247786
vt 0.337873 0.246573
vt 0.335488 0.246693
vt 0.334575 0.244464
vt 0.333189 0.244350
vt 0.333910 0.246079
vt 0.332567 0.244374
vt 0.331727 0.245515
vt 0.331757 0.246661
vt 0.329970 0.244805
vt 0.329884 0.246731
vt 0.329438 0.247937
vt 0.321520 0.234610
vt 0.320515 0.237181
vt 0.327373 0.249983
vt 0.325108 0.249453
vt 0.322983 0.250888
vt 0.325441 0.252513
vt 0.330089 0.255464
vt 0.245524 0.695758
vt 0.228791 0.450485
vt 0.229636 0.499554
vt 0.230480 0.548622
vt 0.231328 0.597717
vt 0.232067 0.655477
vt 0.232947 0.695979
vt 0.227531 0.670722
vt 0.227774 0.709923
vt 0.227531 0.670722
vt 0.227774 0.709923
vt 0.232947 0.695979
vt 0.245524 0.695758
vt 0.253659 0.695592
vt 0.222691 0.448355
vt 0.222691 0.448355
vt 0.217338 0.455390
vt 0.226303 0.499629
vt 0.217338 0.455390
vt 0.226303 0.499629
vt 0.223372 0.500122
vt 0.222027 0.541001
vt 0.223372 0.500122
vt 0.222027 0.541001
vt 0.228068 0.546554
vt 0.224613 0.600878
vt 0.228068 0.546554
vt 0.224613 0.600878
vt 0.219857 0.603430
vt 0.224814 0.641216
vt 0.219857 0.603430
vt 0.224814 0.641216
vt 0.224965 0.512936
vt 0.232067 0.655477
vt 0.253659 0.695592
vt 0.228791 0.450485
vt 0.229636 0.499554
vt 0.230480 0.548622
vt 0.231328 0.597717
vt 0.224965 0.512936
vt 0.355547 0.509664
vt 0.361599 0.515155
vt 0.330193 0.552244
vt 0.363762 0.525569
vt 0.362484 0.538261
vt 0.358823 0.552109
vt 0.352649 0.566057
vt 0.342800 0.578075
vt 0.332714 0.588224
vt 0.322253 0.594702
vt 0.312486 0.596803
vt 0.304419 0.594962
vt 0.351882 0.578988
vt 0.362900 0.575964
vt 0.366862 0.560121
vt 0.365436 0.572879
vt 0.371818 0.544809
vt 0.364149 0.553553
vt 0.368384 0.534042
vt 0.376532 0.529313
vt 0.368777 0.523527
vt 0.372241 0.517098
vt 0.366919 0.508722
vt 0.370436 0.514826
vt 0.339999 0.596851
vt 0.351798 0.594343
vt 0.325146 0.605663
vt 0.335324 0.608612
vt 0.321755 0.600666
vt 0.316036 0.606178
vt 0.306665 0.604743
vt 0.302688 0.604654
vt 0.347746 0.507104
vt 0.337599 0.510167
vt 0.327062 0.517249
vt 0.316602 0.526886
vt 0.307364 0.538922
vt 0.301524 0.553245
vt 0.297165 0.566852
vt 0.296289 0.579135
vt 0.299003 0.588728
vt 0.296459 0.545844
vt 0.293778 0.534847
vt 0.295069 0.531133
vt 0.305622 0.523786
vt 0.312770 0.522847
vt 0.316998 0.512021
vt 0.328014 0.510157
vt 0.328328 0.500828
vt 0.336959 0.504850
vt 0.340951 0.498799
vt 0.343174 0.499240
vt 0.350226 0.499274
vt 0.286060 0.564375
vt 0.283112 0.552694
vt 0.285236 0.581715
vt 0.278077 0.573968
vt 0.288986 0.590092
vt 0.291265 0.582447
vt 0.296766 0.601414
vt 0.294889 0.597789
vt 0.316998 0.512021
vt 0.312770 0.522847
vt 0.316602 0.526886
vt 0.305622 0.523786
vt 0.295069 0.531133
vt 0.307364 0.538922
vt 0.293778 0.534847
vt 0.296459 0.545844
vt 0.301524 0.553245
vt 0.283112 0.552694
vt 0.286060 0.564375
vt 0.297165 0.566852
vt 0.278077 0.573968
vt 0.285236 0.581715
vt 0.296289 0.579135
vt 0.291265 0.582447
vt 0.288986 0.590092
vt 0.299003 0.588728
vt 0.294889 0.597789
vt 0.296766 0.601414
vt 0.304419 0.594962
vt 0.302688 0.604654
vt 0.306665 0.604743
vt 0.312486 0.596803
vt 0.316036 0.606178
vt 0.321755 0.600666
vt 0.322253 0.594702
vt 0.325146 0.605663
vt 0.335324 0.608612
vt 0.332714 0.588224
vt 0.339999 0.596851
vt 0.351798 0.594343
vt 0.342800 0.578075
vt 0.351882 0.578988
vt 0.362900 0.575964
vt 0.352649 0.566057
vt 0.365436 0.572879
vt 0.366862 0.560121
vt 0.358823 0.552109
vt 0.364149 0.553553
vt 0.371818 0.544809
vt 0.362484 0.538261
vt 0.368384 0.534042
vt 0.376532 0.529313
vt 0.363762 0.525569
vt 0.368777 0.523527
vt 0.372241 0.517098
vt 0.361599 0.515155
vt 0.370436 0.514826
vt 0.366919 0.508722
vt 0.355547 0.509664
vt 0.350226 0.499274
vt 0.343174 0.499240
vt 0.347746 0.507104
vt 0.340951 0.498799
vt 0.336959 0.504850
vt 0.337599 0.510167
vt 0.328328 0.500828
vt 0.328014 0.510157
vt 0.327062 0.517249
vt 0.330193 0.552244
vt 0.241006 0.433697
vt 0.235863 0.433509
vt 0.235392 0.433482
vt 0.234820 0.433445
vt 0.234251 0.433408
vt 0.233539 0.433363
vt 0.232982 0.433330
vt 0.231439 0.433234
vt 0.229840 0.433141
vt 0.228491 0.433067
vt 0.249147 0.434010
vt 0.249147 0.434010
vt 0.245809 0.433888
vt 0.223620 0.432867
vt 0.223620 0.432867
vt 0.223620 0.432867
vt 0.224421 0.432896
vt 0.235863 0.433513
vt 0.241006 0.433697
vt 0.235392 0.433482
vt 0.234820 0.433445
vt 0.234251 0.433408
vt 0.233539 0.433363
vt 0.232982 0.433330
vt 0.231439 0.433234
vt 0.229840 0.433141
vt 0.228491 0.433067
vt 0.245809 0.433888
vt 0.224421 0.432896
vt 0.245809 0.433888
vt 0.241006 0.433697
vt 0.235863 0.433511
vt 0.235392 0.433482
vt 0.234820 0.433445
vt 0.234251 0.433408
vt 0.233539 0.433363
vt 0.232982 0.433330
vt 0.231439 0.433234
vt 0.229840 0.433141
vt 0.228491 0.433067
vt 0.224421 0.432896
vn 0.057611 -0.998339 0.000000
vn 0.057611 -0.998339 0.000000
vn 0.057611 -0.998339 0.000000
vn 0.057611 -0.998339 0.000000
vn 0.057611 -0.998339 0.000000
vn 0.057611 -0.998339 0.000000
vn -0.057610 0.998339 0.000000
vn -0.057610 0.998339 0.000000
vn -0.057610 0.998339 0.000000
vn -0.057610 0.998339 0.000000
vn -0.057610 0.998339 0.000000
vn -0.057610 0.998339 0.000000
vn -0.006180 0.102710 -0.994692
vn -0.000690 0.010100 -0.999949
vn -0.003360 0.056410 -0.998402
vn -0.005910 0.102340 -0.994732
vn -0.006180 0.102710 -0.994692
vn -0.003360 0.056410 -0.998402
vn -0.000690 0.010100 -0.999949
vn 0.002090 -0.036290 -0.999339
vn 0.002190 -0.036420 -0.999334
vn -0.003360 0.056410 -0.998402
vn -0.000690 0.010100 -0.999949
vn 0.002190 -0.036420 -0.999334
vn -0.998723 -0.050520 0.000000
vn -0.998764 -0.049650 -0.002390
vn -0.998723 -0.050520 0.000000
vn -0.998723 -0.050520 0.000000
vn -0.998764 -0.049650 -0.002390
vn -0.998764 -0.049650 0.002390
vn -0.998764 -0.049650 -0.002390
vn -0.998790 -0.049180 -0.000430
vn -0.998764 -0.049650 0.002390
vn -0.998764 -0.049650 0.002390
vn -0.998790 -0.049180 -0.000430
vn -0.998790 -0.049180 0.000430
vn -0.006180 0.102710 0.994692
vn -0.003360 0.056410 0.998402
vn -0.000690 0.010100 0.999949
vn -0.005910 0.102340 0.994732
vn -0.003360 0.056410 0.998402
vn -0.006180 0.102710 0.994692
vn -0.000690 0.010100 0.999949
vn 0.002190 -0.036420 0.999334
vn 0.002090 -0.036290 0.999339
vn -0.003360 0.056410 0.998402
vn 0.002190 -0.036420 0.999334
vn -0.000690 0.010100 0.999949
vn 0.011618 -0.208952 -0.977857
vn 0.011618 -0.208952 -0.977857
vn 0.011618 -0.208952 -0.977857
vn 0.011973 -0.196945 -0.980341
vn 0.011973 -0.196945 -0.980341
vn 0.011973 -0.196944 -0.980342
vn -0.009558 0.206343 -0.978433
vn -0.009558 0.206343 -0.978433
vn -0.009558 0.206343 -0.978433
vn -0.012840 0.230932 -0.972885
vn -0.012840 0.230932 -0.972885
vn -0.012840 0.230932 -0.972885
vn -0.012906 0.206174 -0.978430
vn -0.012906 0.206174 -0.978430
vn -0.012906 0.206174 -0.978430
vn -0.010188 0.205243 -0.978658
vn -0.010188 0.205243 -0.978658
vn -0.010188 0.205243 -0.978658
vn 0.009781 -0.197052 -0.980344
vn 0.009781 -0.197052 -0.980344
vn 0.009781 -0.197052 -0.980344
vn 0.012389 -0.197910 -0.980142
vn 0.012389 -0.197910 -0.980142
vn 0.012389 -0.197910 -0.980142
vn -0.046269 0.998929 0.000000
vn -0.046269 0.998929 0.000000
vn -0.046269 0.998929 0.000000
vn -0.046269 0.998929 0.000000
vn -0.046269 0.998929 0.000000
vn -0.046269 0.998929 0.000000
vn -0.049578 0.998770 0.000000
vn -0.049578 0.998770 0.000000
vn -0.049578 0.998770 0.000000
vn -0.049578 0.998770 0.000000
vn -0.049578 0.998770 0.000000
vn -0.049578 0.998770 0.000000
vn -0.998728 -0.050415 0.000000
vn -0.998728 -0.050415 0.000000
vn -0.998728 -0.050415 0.000000
vn -0.998728 -0.050415 0.000000
vn -0.998728 -0.050415 0.000000
vn -0.998728 -0.050415 0.000000
vn -0.998810 -0.048775 0.000000
vn -0.998810 -0.048775 0.000000
vn -0.998810 -0.048775 0.000000
vn -0.998810 -0.048775 0.000000
vn -0.998810 -0.048775 0.000000
vn -0.998810 -0.048775 0.000000
vn 0.049573 -0.998771 0.000000
vn 0.049573 -0.998771 0.000000
vn 0.049573 -0.998771 0.000000
vn 0.049573 -0.998771 0.000000
vn 0.049573 -0.998771 0.000000
vn 0.049573 -0.998771 0.000000
vn 0.060680 -0.998157 0.000000
vn 0.060680 -0.998157 0.000000
vn 0.060680 -0.998157 0.000000
vn 0.060680 -0.998157 0.000000
vn 0.060680 -0.998157 0.000000
vn 0.060680 -0.998157 0.000000
vn 0.998831 0.047882 -0.006587
vn 0.998831 0.047882 -0.006587
vn 0.998831 0.047882 0.006587
vn 0.998831 0.047882 0.006587
vn 0.998831 0.047882 -0.006587
vn 0.998831 0.047882 0.006587
vn 0.998840 0.047708 -0.006587
vn 0.998840 0.047708 -0.006587
vn 0.998840 0.047708 0.006587
vn 0.998840 0.047708 0.006587
vn 0.998840 0.047708 -0.006587
vn 0.998840 0.047708 0.006587
vn 0.011618 -0.208952 0.977857
vn 0.011618 -0.208952 0.977857
vn 0.011618 -0.208952 0.977857
vn 0.011973 -0.196945 0.980341
vn 0.011973 -0.196944 0.980342
vn 0.011973 -0.196945 0.980341
vn -0.009558 0.206343 0.978433
vn -0.009558 0.206343 0.978433
vn -0.009558 0.206343 0.978433
vn -0.012840 0.230932 0.972885
vn -0.012840 0.230932 0.972885
vn -0.012840 0.230932 0.972885
vn -0.012906 0.206174 0.978430
vn -0.012906 0.206174 0.978430
vn -0.012906 0.206174 0.978430
vn -0.010188 0.205243 0.978658
vn -0.010188 0.205243 0.978658
vn -0.010188 0.205243 0.978658
vn 0.009781 -0.197052 0.980344
vn 0.009781 -0.197052 0.980344
vn 0.009781 -0.197052 0.980344
vn 0.012389 -0.197910 0.980142
vn 0.012389 -0.197910 0.980142
vn 0.012389 -0.197910 0.980142
vn -0.999139 0.028415 -0.030244
vn -0.999139 0.028415 -0.030244
vn -0.999139 0.028415 -0.030244
vn -0.999420 -0.015911 -0.030117
vn -0.998843 0.047485 0.007659
vn -0.997480 -0.069810 -0.012686
vn -0.998843 0.047485 0.007659
vn -0.985838 -0.109552 -0.126969
vn -0.997480 -0.069810 -0.012686
vn -0.985838 -0.109552 -0.126969
vn -0.966515 -0.137304 -0.216787
vn -0.997480 -0.069810 -0.012686
vn -0.966515 -0.137304 -0.216787
vn -0.987732 -0.075515 -0.136689
vn -0.997480 -0.069810 -0.012686
vn -0.987732 -0.075515 -0.136689
vn -0.990559 -0.091410 -0.102160
vn -0.997480 -0.069810 -0.012686
vn -0.990559 -0.091410 -0.102160
vn -0.997036 -0.068202 -0.035607
vn -0.997480 -0.069810 -0.012686
vn -0.997036 -0.068202 -0.035607
vn -0.997062 -0.072469 -0.024801
vn -0.997480 -0.069810 -0.012686
vn -0.997062 -0.072469 -0.024801
vn -0.987749 -0.150523 -0.041162
vn -0.997480 -0.069810 -0.012686
vn -0.987749 -0.150523 -0.041162
vn -0.985139 -0.171761 0.000000
vn -0.997480 -0.069810 -0.012686
vn -0.990559 -0.091410 -0.102160
vn -0.987732 -0.075515 -0.136689
vn -0.995772 -0.082184 -0.041030
vn -0.995772 -0.082184 -0.041030
vn -0.987732 -0.075515 -0.136689
vn -0.995772 -0.082184 -0.041030
vn -0.996956 -0.076552 0.014768
vn -0.996956 -0.076552 0.014768
vn -0.996956 -0.076552 0.014768
vn -0.996956 -0.076552 0.014768
vn -0.996956 -0.076552 0.014768
vn -0.996956 -0.076552 0.014768
vn -0.985838 -0.109552 -0.126969
vn -0.534212 0.386452 0.751846
vn -0.966515 -0.137304 -0.216787
vn -0.966515 -0.137304 -0.216787
vn -0.534212 0.386452 0.751846
vn -0.534212 0.386452 0.751846
vn -0.998843 0.047485 0.007659
vn -0.972243 -0.165995 -0.164894
vn -0.985838 -0.109552 -0.126969
vn -0.985838 -0.109552 -0.126969
vn -0.972243 -0.165995 -0.164894
vn -0.972243 -0.165995 -0.164894
vn -0.998843 0.047485 0.007659
vn -0.999420 -0.015911 -0.030117
vn -0.997346 -0.072810 -0.000001
vn -0.997346 -0.072810 -0.000001
vn -0.999420 -0.015911 -0.030117
vn -0.997346 -0.072810 -0.000001
vn -0.999969 0.007835 0.000000
vn -0.995515 -0.094008 0.010592
vn -0.999420 -0.015911 -0.030117
vn -0.999420 -0.015911 -0.030117
vn -0.995515 -0.094008 0.010592
vn -0.995515 -0.094007 0.010592
vn -0.997036 -0.068202 -0.035607
vn -0.990559 -0.091410 -0.102160
vn -0.997738 -0.066171 0.011843
vn -0.997738 -0.066171 0.011843
vn -0.990559 -0.091410 -0.102160
vn -0.997738 -0.066171 0.011843
vn -0.997062 -0.072469 -0.024801
vn -0.997036 -0.068202 -0.035607
vn -0.999545 -0.026892 0.013696
vn -0.999545 -0.026892 0.013696
vn -0.997036 -0.068202 -0.035607
vn -0.999545 -0.026892 0.013696
vn -0.997062 -0.072469 -0.024801
vn -0.997346 -0.072811 0.000002
vn -0.987749 -0.150523 -0.041162
vn -0.987749 -0.150523 -0.041162
vn -0.997346 -0.072811 0.000002
vn -0.997346 -0.072811 0.000002
vn -0.999488 0.004856 0.031620
vn -0.999488 0.004856 0.031620
vn -0.999488 0.004856 0.031620
vn -0.999488 0.004856 0.031620
vn -0.999488 0.004856 0.031620
vn -0.999488 0.004856 0.031620
vn -0.999969 0.007835 0.000000
vn -0.997480 -0.069810 -0.012686
vn -0.999420 -0.015910 0.030117
vn -0.999420 -0.015910 0.030117
vn -0.997480 -0.069810 -0.012686
vn -0.997172 -0.016555 0.073314
vn -0.997172 -0.016555 0.073314
vn -0.997480 -0.069810 -0.012686
vn -0.996088 -0.054576 0.069502
vn -0.996088 -0.054576 0.069502
vn -0.997480 -0.069810 -0.012686
vn -0.994154 -0.058669 0.090638
vn -0.994154 -0.058669 0.090638
vn -0.997480 -0.069810 -0.012686
vn -0.987731 -0.075516 0.136689
vn -0.987731 -0.075516 0.136689
vn -0.997480 -0.069810 -0.012686
vn -0.995693 -0.084336 0.038520
vn -0.995693 -0.084336 0.038520
vn -0.997480 -0.069810 -0.012686
vn -0.995776 -0.088686 0.023764
vn -0.995776 -0.088686 0.023764
vn -0.997480 -0.069810 -0.012686
vn -0.992441 -0.112121 0.049906
vn -0.992441 -0.112121 0.049906
vn -0.997480 -0.069810 -0.012686
vn -0.987749 -0.150523 0.041162
vn -0.987749 -0.150523 0.041162
vn -0.997480 -0.069810 -0.012686
vn -0.985139 -0.171761 0.000000
vn -0.995693 -0.084336 0.038520
vn -0.995772 -0.082186 0.041030
vn -0.987731 -0.075516 0.136689
vn -0.987731 -0.075516 0.136689
vn -0.995772 -0.082186 0.041030
vn -0.995772 -0.082186 0.041030
vn -0.996956 -0.076555 -0.014768
vn -0.996956 -0.076555 -0.014768
vn -0.996956 -0.076555 -0.014768
vn -0.996956 -0.076555 -0.014768
vn -0.996956 -0.076555 -0.014768
vn -0.996956 -0.076555 -0.014768
vn -0.994154 -0.058669 0.090638
vn -0.996560 -0.069854 0.044601
vn -0.996088 -0.054576 0.069502
vn -0.996088 -0.054576 0.069502
vn -0.996560 -0.069854 0.044601
vn -0.996560 -0.069854 0.044601
vn -0.996088 -0.054576 0.069502
vn -0.997168 -0.065847 0.036333
vn -0.997172 -0.016555 0.073314
vn -0.997172 -0.016555 0.073314
vn -0.997168 -0.065847 0.036333
vn -0.997168 -0.065847 0.036333
vn -0.997172 -0.016555 0.073314
vn -0.997346 -0.072806 0.000001
vn -0.999420 -0.015910 0.030117
vn -0.999420 -0.015910 0.030117
vn -0.997346 -0.072806 0.000001
vn -0.997346 -0.072806 0.000001
vn -0.995515 -0.094007 -0.010592
vn -0.995515 -0.094007 -0.010592
vn -0.999420 -0.015910 0.030117
vn -0.999420 -0.015910 0.030117
vn -0.995515 -0.094007 -0.010592
vn -0.999969 0.007835 0.000000
vn -0.996999 -0.075150 -0.018575
vn -0.996999 -0.075150 -0.018575
vn -0.995776 -0.088686 0.023764
vn -0.995776 -0.088686 0.023764
vn -0.996999 -0.075150 -0.018575
vn -0.995693 -0.084336 0.038520
vn -0.992441 -0.112121 0.049906
vn -0.998394 -0.054701 -0.014721
vn -0.995776 -0.088686 0.023764
vn -0.995776 -0.088686 0.023764
vn -0.998394 -0.054701 -0.014721
vn -0.998394 -0.054701 -0.014721
vn -0.997346 -0.072811 -0.000002
vn -0.997346 -0.072811 -0.000002
vn -0.987749 -0.150523 0.041162
vn -0.987749 -0.150523 0.041162
vn -0.997346 -0.072811 -0.000002
vn -0.992441 -0.112121 0.049906
vn -0.999488 0.004853 -0.031620
vn -0.999488 0.004853 -0.031620
vn -0.999488 0.004853 -0.031620
vn -0.999488 0.004853 -0.031620
vn -0.999488 0.004853 -0.031620
vn -0.999488 0.004853 -0.031620
vn -0.026337 0.360760 -0.932287
vn -0.026337 0.360760 -0.932287
vn -0.002066 0.361714 -0.932287
vn -0.002066 0.361714 -0.932287
vn -0.026337 0.360760 -0.932287
vn -0.002066 0.361714 -0.932287
vn -0.064334 0.881251 -0.468250
vn -0.064334 0.881251 -0.468250
vn -0.005047 0.883582 -0.468250
vn -0.005047 0.883582 -0.468250
vn -0.064334 0.881251 -0.468250
vn -0.005047 0.883582 -0.468250
vn 0.069442 -0.951188 -0.300699
vn 0.069442 -0.951188 -0.300699
vn 0.005445 -0.953704 -0.300699
vn 0.005445 -0.953704 -0.300699
vn 0.069442 -0.951188 -0.300699
vn 0.005445 -0.953704 -0.300699
vn 0.035940 -0.492292 -0.869688
vn 0.035940 -0.492292 -0.869688
vn 0.002818 -0.493594 -0.869688
vn 0.002818 -0.493594 -0.869688
vn 0.035940 -0.492292 -0.869688
vn 0.002818 -0.493594 -0.869688
vn -0.070527 0.966058 0.248512
vn -0.070527 0.966058 0.248512
vn -0.005531 0.968613 0.248512
vn -0.005531 0.968613 0.248512
vn -0.070527 0.966058 0.248512
vn -0.005531 0.968613 0.248512
vn 0.048318 -0.661847 -0.748080
vn 0.048318 -0.661847 -0.748080
vn 0.003790 -0.663598 -0.748080
vn 0.003790 -0.663598 -0.748080
vn 0.048318 -0.661847 -0.748080
vn 0.003790 -0.663598 -0.748080
vn -0.069975 0.958506 -0.276351
vn -0.069975 0.958506 -0.276351
vn -0.005488 0.961041 -0.276351
vn -0.005488 0.961041 -0.276351
vn -0.069975 0.958506 -0.276351
vn -0.005488 0.961041 -0.276351
vn -0.050198 0.687619 0.724334
vn -0.050198 0.687619 0.724334
vn -0.003938 0.689438 0.724334
vn -0.003938 0.689438 0.724334
vn -0.050198 0.687619 0.724334
vn -0.003938 0.689438 0.724334
vn 0.041668 -0.570751 -0.820065
vn 0.041668 -0.570751 -0.820065
vn 0.003268 -0.572260 -0.820065
vn 0.003268 -0.572260 -0.820065
vn 0.041668 -0.570751 -0.820065
vn 0.003268 -0.572260 -0.820065
vn -0.012996 0.178007 -0.983943
vn -0.012996 0.178007 -0.983943
vn -0.001018 0.178478 -0.983943
vn -0.001018 0.178478 -0.983943
vn -0.012996 0.178007 -0.983943
vn -0.001018 0.178478 -0.983943
vn -0.054505 0.746592 0.663046
vn -0.054505 0.746592 0.663046
vn -0.004274 0.748567 0.663046
vn -0.004274 0.748567 0.663046
vn -0.054505 0.746592 0.663046
vn -0.004274 0.748567 0.663046
vn -0.011559 0.158330 -0.987319
vn -0.011559 0.158330 -0.987319
vn -0.000907 0.158749 -0.987319
vn -0.000907 0.158749 -0.987319
vn -0.011559 0.158330 -0.987319
vn -0.000907 0.158749 -0.987319
vn -0.062592 0.857369 -0.510883
vn -0.062592 0.857369 -0.510883
vn -0.004908 0.859636 -0.510883
vn -0.004908 0.859636 -0.510883
vn -0.062592 0.857369 -0.510883
vn -0.004908 0.859636 -0.510883
vn -0.011182 0.153159 0.988138
vn -0.011182 0.153159 0.988138
vn -0.000876 0.153564 0.988138
vn -0.000876 0.153564 0.988138
vn -0.011182 0.153159 0.988138
vn -0.000876 0.153564 0.988138
vn -0.011182 0.153159 -0.988138
vn -0.011182 0.153159 -0.988138
vn -0.000876 0.153564 -0.988138
vn -0.000876 0.153564 -0.988138
vn -0.011182 0.153159 -0.988138
vn -0.000876 0.153564 -0.988138
vn -0.062592 0.857367 0.510885
vn -0.062592 0.857367 0.510885
vn -0.004908 0.859635 0.510885
vn -0.004908 0.859635 0.510885
vn -0.062592 0.857367 0.510885
vn -0.004908 0.859635 0.510885
vn -0.011559 0.158330 0.987319
vn -0.011559 0.158330 0.987319
vn -0.000907 0.158749 0.987319
vn -0.000907 0.158749 0.987319
vn -0.011559 0.158330 0.987319
vn -0.000907 0.158749 0.987319
vn -0.054505 0.746592 -0.663046
vn -0.054505 0.746592 -0.663046
vn -0.004274 0.748567 -0.663046
vn -0.004274 0.748567 -0.663046
vn -0.054505 0.746592 -0.663046
vn -0.004274 0.748567 -0.663046
vn -0.012996 0.178007 0.983943
vn -0.012996 0.178007 0.983943
vn -0.001018 0.178478 0.983943
vn -0.001018 0.178478 0.983943
vn -0.012996 0.178007 0.983943
vn -0.001018 0.178478 0.983943
vn 0.041668 -0.570751 0.820065
vn 0.041668 -0.570751 0.820065
vn 0.003268 -0.572261 0.820065
vn 0.003268 -0.572261 0.820065
vn 0.041668 -0.570751 0.820065
vn 0.003268 -0.572261 0.820065
vn -0.063504 0.869872 -0.489172
vn -0.063504 0.869872 -0.489172
vn -0.004982 0.872173 -0.489172
vn -0.004982 0.872173 -0.489172
vn -0.063504 0.869872 -0.489172
vn -0.004982 0.872173 -0.489172
vn -0.063740 0.873096 -0.483364
vn -0.063740 0.873096 -0.483364
vn -0.004999 0.875405 -0.483364
vn -0.004999 0.875405 -0.483364
vn -0.063740 0.873096 -0.483364
vn -0.004999 0.875405 -0.483364
vn 0.059030 -0.808591 0.585403
vn 0.059030 -0.808591 0.585403
vn 0.004631 -0.810729 0.585403
vn 0.004631 -0.810729 0.585403
vn 0.059030 -0.808591 0.585403
vn 0.004631 -0.810729 0.585403
vn -0.066307 0.908270 -0.413096
vn -0.066307 0.908270 -0.413096
vn -0.005202 0.910673 -0.413096
vn -0.005202 0.910673 -0.413096
vn -0.066307 0.908270 -0.413096
vn -0.005202 0.910673 -0.413096
vn -0.050161 0.687093 0.724836
vn -0.050161 0.687093 0.724836
vn -0.003934 0.688910 0.724836
vn -0.003934 0.688910 0.724836
vn -0.050161 0.687093 0.724836
vn -0.003934 0.688910 0.724836
vn 0.065345 -0.895076 0.441100
vn 0.065345 -0.895076 0.441100
vn 0.005125 -0.897443 0.441100
vn 0.005125 -0.897443 0.441100
vn 0.065345 -0.895076 0.441100
vn 0.005125 -0.897443 0.441100
vn -0.064334 0.881251 0.468250
vn -0.064334 0.881251 0.468250
vn -0.005047 0.883582 0.468250
vn -0.005047 0.883582 0.468250
vn -0.064334 0.881251 0.468250
vn -0.005047 0.883582 0.468250
vn -0.026337 0.360760 0.932287
vn -0.026337 0.360759 0.932287
vn -0.002066 0.361714 0.932287
vn -0.002066 0.361714 0.932287
vn -0.026337 0.360759 0.932287
vn -0.002066 0.361714 0.932287
vn 0.069640 -0.953877 -0.292008
vn 0.069640 -0.953877 -0.292008
vn 0.005459 -0.956400 -0.292008
vn 0.005459 -0.956400 -0.292008
vn 0.069640 -0.953877 -0.292008
vn 0.005459 -0.956400 -0.292008
vn -0.072338 0.990801 -0.114374
vn -0.072338 0.990801 -0.114374
vn -0.005668 0.993422 -0.114374
vn -0.005668 0.993422 -0.114374
vn -0.072338 0.990801 -0.114374
vn -0.005668 0.993422 -0.114374
vn 0.029409 -0.402794 0.914818
vn 0.029409 -0.402794 0.914818
vn 0.002303 -0.403860 0.914818
vn 0.002303 -0.403860 0.914818
vn 0.029409 -0.402794 0.914818
vn 0.002303 -0.403860 0.914818
vn 0.070204 -0.961647 0.265153
vn 0.070204 -0.961647 0.265153
vn 0.005507 -0.964191 0.265153
vn 0.005507 -0.964191 0.265153
vn 0.070204 -0.961647 0.265153
vn 0.005507 -0.964191 0.265153
vn -0.072755 0.996621 0.038124
vn -0.072755 0.996621 0.038124
vn -0.005709 0.999257 0.038124
vn -0.005709 0.999257 0.038124
vn -0.072755 0.996621 0.038124
vn -0.005709 0.999257 0.038124
vn -0.009731 0.133288 0.991030
vn -0.009731 0.133288 0.991030
vn -0.000763 0.133640 0.991030
vn -0.000763 0.133640 0.991030
vn -0.009731 0.133288 0.991030
vn -0.000763 0.133640 0.991030
vn -0.038836 0.531928 0.845898
vn -0.038835 0.531928 0.845899
vn -0.003043 0.533336 0.845898
vn -0.003043 0.533336 0.845898
vn -0.038835 0.531928 0.845899
vn -0.003043 0.533335 0.845899
vn -0.028192 0.386146 0.922007
vn -0.028192 0.386146 0.922007
vn -0.002210 0.387167 0.922007
vn -0.002210 0.387167 0.922007
vn -0.028192 0.386146 0.922007
vn -0.002210 0.387167 0.922007
vn 0.053985 -0.739439 -0.671056
vn 0.053985 -0.739439 -0.671056
vn 0.004231 -0.741395 -0.671056
vn 0.004231 -0.741395 -0.671056
vn 0.053985 -0.739439 -0.671056
vn 0.004231 -0.741395 -0.671056
vn 0.053886 -0.738154 -0.672477
vn 0.053886 -0.738154 -0.672477
vn 0.004229 -0.740106 -0.672477
vn 0.004229 -0.740106 -0.672477
vn 0.053886 -0.738154 -0.672477
vn 0.004229 -0.740106 -0.672477
vn -0.046313 0.634396 0.771619
vn -0.046313 0.634396 0.771619
vn -0.003633 0.636074 0.771619
vn -0.003633 0.636074 0.771619
vn -0.046313 0.634396 0.771619
vn -0.003633 0.636074 0.771619
vn 0.024494 -0.335509 0.941719
vn 0.024494 -0.335509 0.941719
vn 0.001921 -0.336396 0.941719
vn 0.001921 -0.336396 0.941719
vn 0.024494 -0.335509 0.941719
vn 0.001921 -0.336396 0.941719
vn 0.052868 -0.724148 -0.687615
vn 0.052868 -0.724148 -0.687615
vn 0.004144 -0.726064 -0.687615
vn 0.004144 -0.726064 -0.687615
vn 0.052868 -0.724148 -0.687615
vn 0.004144 -0.726064 -0.687615
vn -0.070028 0.959113 0.274222
vn -0.070028 0.959113 0.274222
vn -0.005484 0.961651 0.274222
vn -0.005484 0.961651 0.274222
vn -0.070028 0.959113 0.274222
vn -0.005484 0.961651 0.274222
vn 0.058696 -0.803945 0.591800
vn 0.058696 -0.803945 0.591800
vn 0.004599 -0.806072 0.591800
vn 0.004599 -0.806072 0.591800
vn 0.058696 -0.803945 0.591800
vn 0.004599 -0.806072 0.591800
vn 0.065576 -0.898224 -0.434619
vn 0.065576 -0.898224 -0.434619
vn 0.005142 -0.900600 -0.434619
vn 0.005142 -0.900600 -0.434619
vn 0.065576 -0.898224 -0.434619
vn 0.005142 -0.900600 -0.434619
vn 0.065576 -0.898224 0.434619
vn 0.065576 -0.898224 0.434619
vn 0.005142 -0.900600 0.434619
vn 0.005142 -0.900600 0.434619
vn 0.065576 -0.898224 0.434619
vn 0.005142 -0.900600 0.434619
vn 0.058696 -0.803945 -0.591800
vn 0.058696 -0.803945 -0.591800
vn 0.004599 -0.806072 -0.591800
vn 0.004599 -0.806072 -0.591800
vn 0.058696 -0.803945 -0.591800
vn 0.004599 -0.806072 -0.591800
vn -0.070027 0.959114 -0.274221
vn -0.070027 0.959114 -0.274221
vn -0.005484 0.961651 -0.274221
vn -0.005484 0.961651 -0.274221
vn -0.070027 0.959114 -0.274221
vn -0.005484 0.961651 -0.274221
vn 0.052867 -0.724148 0.687615
vn 0.052867 -0.724148 0.687615
vn 0.004145 -0.726063 0.687615
vn 0.004145 -0.726063 0.687615
vn 0.052867 -0.724148 0.687615
vn 0.004145 -0.726063 0.687615
vn 0.024494 -0.335510 -0.941718
vn 0.024494 -0.335510 -0.941718
vn 0.001921 -0.336398 -0.941718
vn 0.001921 -0.336398 -0.941718
vn 0.024494 -0.335510 -0.941718
vn 0.001921 -0.336398 -0.941718
vn -0.046313 0.634397 -0.771619
vn -0.046313 0.634397 -0.771619
vn -0.003633 0.636075 -0.771619
vn -0.003633 0.636075 -0.771619
vn -0.046313 0.634397 -0.771619
vn -0.003633 0.636075 -0.771619
vn 0.053886 -0.738154 0.672477
vn 0.053886 -0.738154 0.672477
vn 0.004229 -0.740106 0.672477
vn 0.004229 -0.740106 0.672477
vn 0.053886 -0.738154 0.672477
vn 0.004229 -0.740106 0.672477
vn -0.007995 0.109496 -0.993955
vn -0.007995 0.109496 -0.993955
vn -0.000625 0.109786 -0.993955
vn -0.000625 0.109786 -0.993955
vn -0.007995 0.109496 -0.993955
vn -0.000625 0.109786 -0.993955
vn -0.028193 0.386146 -0.922007
vn -0.028193 0.386146 -0.922007
vn -0.002209 0.387167 -0.922007
vn -0.002209 0.387167 -0.922007
vn -0.028193 0.386146 -0.922007
vn -0.002209 0.387167 -0.922007
vn 0.061667 -0.844663 0.531734
vn 0.061667 -0.844663 0.531734
vn 0.004833 -0.846898 0.531734
vn 0.004833 -0.846898 0.531734
vn 0.061667 -0.844663 0.531734
vn 0.004833 -0.846898 0.531734
vn -0.009731 0.133287 -0.991030
vn -0.009731 0.133287 -0.991030
vn -0.000763 0.133639 -0.991030
vn -0.000763 0.133639 -0.991030
vn -0.009731 0.133287 -0.991030
vn -0.000763 0.133639 -0.991030
vn -0.060183 0.824403 -0.562795
vn -0.060183 0.824403 -0.562795
vn -0.004723 0.826583 -0.562795
vn -0.004723 0.826583 -0.562795
vn -0.060183 0.824403 -0.562795
vn -0.004723 0.826583 -0.562795
vn 0.070204 -0.961647 -0.265153
vn 0.070204 -0.961647 -0.265153
vn 0.005507 -0.964191 -0.265153
vn 0.005507 -0.964191 -0.265153
vn 0.070204 -0.961647 -0.265153
vn 0.005507 -0.964191 -0.265153
vn 0.029409 -0.402795 -0.914818
vn 0.029409 -0.402795 -0.914818
vn 0.002304 -0.403860 -0.914818
vn 0.002304 -0.403860 -0.914818
vn 0.029409 -0.402795 -0.914818
vn 0.002304 -0.403860 -0.914818
vn -0.072338 0.990801 0.114374
vn -0.072338 0.990801 0.114374
vn -0.005668 0.993422 0.114374
vn -0.005668 0.993422 0.114374
vn -0.072338 0.990801 0.114374
vn -0.005668 0.993422 0.114374
vn 0.069640 -0.953877 0.292008
vn 0.069640 -0.953877 0.292008
vn 0.005459 -0.956400 0.292008
vn 0.005459 -0.956400 0.292008
vn 0.069640 -0.953877 0.292008
vn 0.005459 -0.956400 0.292008
vn 0.993824 0.106769 -0.030235
vn 0.993824 0.106769 -0.030235
vn 0.993824 0.106769 -0.030235
vn 0.997584 0.062598 -0.030117
vn 0.999882 0.008713 -0.012686
vn 0.992032 0.125753 0.007659
vn 0.992032 0.125753 0.007659
vn 0.999882 0.008713 -0.012686
vn 0.991396 -0.031821 -0.126969
vn 0.991396 -0.031821 -0.126969
vn 0.999882 0.008713 -0.012686
vn 0.974311 -0.061004 -0.216787
vn 0.974311 -0.061004 -0.216787
vn 0.999882 0.008713 -0.012686
vn 0.990611 0.002260 -0.136689
vn 0.990611 0.002260 -0.136689
vn 0.999882 0.008713 -0.012686
vn 0.994678 -0.013364 -0.102160
vn 0.994678 -0.013364 -0.102160
vn 0.999882 0.008713 -0.012686
vn 0.999313 0.010281 -0.035607
vn 0.999313 0.010281 -0.035607
vn 0.999882 0.008713 -0.012686
vn 0.999674 0.006029 -0.024801
vn 0.999674 0.006029 -0.024801
vn 0.999882 0.008713 -0.012686
vn 0.996518 -0.072515 -0.041162
vn 0.996518 -0.072515 -0.041162
vn 0.999882 0.008713 -0.012686
vn 0.995582 -0.093893 0.000000
vn 0.994678 -0.013364 -0.102160
vn 0.999151 -0.003758 -0.041030
vn 0.990611 0.002260 -0.136689
vn 0.990611 0.002260 -0.136689
vn 0.999151 -0.003758 -0.041030
vn 0.999151 -0.003758 -0.041030
vn 0.999889 0.001950 0.014768
vn 0.999889 0.001950 0.014768
vn 0.999889 0.001950 0.014768
vn 0.999889 0.001950 0.014768
vn 0.999889 0.001950 0.014768
vn 0.999889 0.001950 0.014768
vn 0.991396 -0.031821 -0.126969
vn 0.974311 -0.061004 -0.216787
vn 0.502225 0.427197 0.751846
vn 0.974311 -0.061004 -0.216787
vn 0.502225 0.427197 0.751846
vn 0.502225 0.427197 0.751846
vn 0.982273 -0.089156 -0.164894
vn 0.982273 -0.089156 -0.164894
vn 0.991396 -0.031821 -0.126969
vn 0.991396 -0.031821 -0.126969
vn 0.982273 -0.089156 -0.164894
vn 0.992032 0.125753 0.007659
vn 0.992032 0.125753 0.007659
vn 0.999984 0.005712 -0.000001
vn 0.997584 0.062598 -0.030117
vn 0.997584 0.062598 -0.030117
vn 0.999984 0.005712 -0.000001
vn 0.999984 0.005712 -0.000001
vn 0.999823 -0.015564 0.010592
vn 0.999823 -0.015565 0.010592
vn 0.997584 0.062598 -0.030117
vn 0.997584 0.062598 -0.030117
vn 0.999823 -0.015565 0.010592
vn 0.996268 0.086314 0.000000
vn 0.999313 0.010281 -0.035607
vn 0.999854 0.012361 0.011843
vn 0.994678 -0.013364 -0.102160
vn 0.994678 -0.013364 -0.102160
vn 0.999854 0.012361 0.011843
vn 0.999854 0.012361 0.011843
vn 0.999674 0.006029 -0.024801
vn 0.998571 0.051660 0.013696
vn 0.999313 0.010281 -0.035607
vn 0.999313 0.010281 -0.035607
vn 0.998571 0.051660 0.013696
vn 0.998571 0.051660 0.013696
vn 0.999984 0.005710 0.000002
vn 0.999984 0.005710 0.000002
vn 0.996518 -0.072515 -0.041162
vn 0.996518 -0.072515 -0.041162
vn 0.999984 0.005710 0.000002
vn 0.999674 0.006029 -0.024801
vn 0.996022 0.083306 0.031620
vn 0.996022 0.083306 0.031620
vn 0.996022 0.083306 0.031620
vn 0.996022 0.083306 0.031620
vn 0.996022 0.083306 0.031620
vn 0.996022 0.083306 0.031620
vn 0.996268 0.086314 0.000000
vn 0.997584 0.062599 0.030117
vn 0.999882 0.008713 -0.012686
vn 0.997584 0.062599 0.030117
vn 0.995394 0.061779 0.073314
vn 0.999882 0.008713 -0.012686
vn 0.995394 0.061779 0.073314
vn 0.997298 0.023790 0.069502
vn 0.999882 0.008713 -0.012686
vn 0.997298 0.023790 0.069502
vn 0.995692 0.019558 0.090638
vn 0.999882 0.008713 -0.012686
vn 0.995692 0.019558 0.090638
vn 0.990611 0.002259 0.136689
vn 0.999882 0.008713 -0.012686
vn 0.990611 0.002259 0.136689
vn 0.999240 -0.005909 0.038520
vn 0.999882 0.008713 -0.012686
vn 0.999240 -0.005909 0.038520
vn 0.999665 -0.010239 0.023764
vn 0.999882 0.008713 -0.012686
vn 0.999665 -0.010239 0.023764
vn 0.998180 -0.033863 0.049906
vn 0.999882 0.008713 -0.012686
vn 0.998180 -0.033863 0.049906
vn 0.996518 -0.072515 0.041162
vn 0.999882 0.008713 -0.012686
vn 0.996518 -0.072515 0.041162
vn 0.995582 -0.093893 0.000000
vn 0.999882 0.008713 -0.012686
vn 0.999240 -0.005909 0.038520
vn 0.990611 0.002259 0.136689
vn 0.999151 -0.003760 0.041030
vn 0.999151 -0.003760 0.041030
vn 0.990611 0.002259 0.136689
vn 0.999151 -0.003760 0.041030
vn 0.999889 0.001947 -0.014768
vn 0.999889 0.001947 -0.014768
vn 0.999889 0.001947 -0.014768
vn 0.999889 0.001947 -0.014768
vn 0.999889 0.001947 -0.014768
vn 0.999889 0.001947 -0.014768
vn 0.995692 0.019558 0.090638
vn 0.997298 0.023790 0.069502
vn 0.998968 0.008596 0.044601
vn 0.998968 0.008596 0.044601
vn 0.997298 0.023790 0.069502
vn 0.998968 0.008596 0.044601
vn 0.997298 0.023790 0.069502
vn 0.995394 0.061779 0.073314
vn 0.999260 0.012639 0.036333
vn 0.999260 0.012639 0.036333
vn 0.995394 0.061779 0.073314
vn 0.999260 0.012639 0.036333
vn 0.995394 0.061779 0.073314
vn 0.997584 0.062599 0.030117
vn 0.999984 0.005716 0.000001
vn 0.999984 0.005716 0.000001
vn 0.997584 0.062599 0.030117
vn 0.999984 0.005716 0.000001
vn 0.996268 0.086314 0.000000
vn 0.999823 -0.015564 -0.010592
vn 0.997584 0.062599 0.030117
vn 0.997584 0.062599 0.030117
vn 0.999823 -0.015564 -0.010592
vn 0.999823 -0.015564 -0.010592
vn 0.999240 -0.005909 0.038520
vn 0.999822 0.003351 -0.018575
vn 0.999665 -0.010239 0.023764
vn 0.999665 -0.010239 0.023764
vn 0.999822 0.003351 -0.018575
vn 0.999822 0.003351 -0.018575
vn 0.998180 -0.033863 0.049906
vn 0.999665 -0.010239 0.023764
vn 0.999607 0.023847 -0.014721
vn 0.999607 0.023847 -0.014721
vn 0.999665 -0.010239 0.023764
vn 0.999607 0.023847 -0.014721
vn 0.998180 -0.033863 0.049906
vn 0.999984 0.005710 -0.000002
vn 0.996518 -0.072515 0.041162
vn 0.996518 -0.072515 0.041162
vn 0.999984 0.005710 -0.000002
vn 0.999984 0.005710 -0.000002
vn 0.996023 0.083303 -0.031620
vn 0.996023 0.083303 -0.031620
vn 0.996023 0.083303 -0.031620
vn 0.996023 0.083303 -0.031620
vn 0.996023 0.083303 -0.031620
vn 0.996023 0.083303 -0.031620
vn 0.000000 0.000000 -1.000000
vn 0.000000 0.000000 -1.000000
vn 0.000000 0.000000 -1.000000
vn 0.000000 0.000000 -1.000000
vn 0.000000 0.000000 -1.000000
vn 0.000000 0.000000 -1.000000
vn 0.000000 0.000000 -1.000000
vn 0.000000 0.000000 -1.000000
vn 0.000000 0.000000 -1.000000
vn 0.000000 0.000000 -1.000000
vn 0.000000 0.000000 -1.000000
vn 0.000000 0.000000 -1.000000
vn 0.000000 0.000000 -1.000000
vn 0.000000 0.000000 -1.000000
vn 0.000000 0.000000 -1.000000
vn -0.022570 -0.999745 0.000000
vn 0.067796 -0.997699 0.000000
vn -0.022570 -0.999745 0.000000
vn -0.022570 -0.999745 0.000000
vn 0.067796 -0.997699 0.000000
vn 0.067796 -0.997699 0.000000
vn 0.998140 0.060964 0.000000
vn 0.998140 0.060964 0.000000
vn 0.998140 0.060964 0.000000
vn 0.998140 0.060964 0.000000
vn 0.998140 0.060964 0.000000
vn 0.998140 0.060964 0.000000
vn 0.202173 -0.979350 0.000000
vn 0.202173 -0.979350 0.000000
vn 0.202173 -0.979350 0.000000
vn 0.202173 -0.979350 0.000000
vn 0.202173 -0.979350 0.000000
vn 0.202173 -0.979350 0.000000
vn 0.008581 -0.999963 0.000000
vn 0.008581 -0.999963 0.000000
vn 0.008581 -0.999963 0.000000
vn 0.008581 -0.999963 0.000000
vn 0.008581 -0.999963 0.000000
vn 0.008581 -0.999963 0.000000
vn -0.037992 -0.999278 0.000000
vn -0.037992 -0.999278 0.000000
vn -0.037992 -0.999278 0.000000
vn -0.037992 -0.999278 0.000000
vn -0.037992 -0.999278 0.000000
vn -0.037992 -0.999278 0.000000
vn 0.182375 -0.983229 0.000000
vn 0.182375 -0.983229 0.000000
vn 0.182375 -0.983229 0.000000
vn 0.182375 -0.983229 0.000000
vn 0.182375 -0.983229 0.000000
vn 0.182375 -0.983229 0.000000
vn 0.000000 0.000000 -1.000000
vn 0.000000 0.000000 -1.000000
vn 0.000000 0.000000 -1.000000
vn 0.000000 0.000000 -1.000000
vn -0.585303 -0.810815 0.000000
vn -0.906757 -0.421654 0.000000
vn -0.585303 -0.810815 0.000000
vn -0.585303 -0.810815 0.000000
vn -0.906757 -0.421654 0.000000
vn -0.906757 -0.421654 0.000000
vn 0.000000 0.000000 -1.000000
vn 0.000000 0.000000 -1.000000
vn 0.000000 0.000000 -1.000000
vn 0.000000 0.000000 -1.000000
vn 0.000000 0.000000 -1.000000
vn 0.000000 0.000000 -1.000000
vn -0.997800 -0.066296 0.000000
vn -0.997800 -0.066297 0.000000
vn -0.997800 -0.066296 0.000000
vn -0.997800 -0.066296 0.000000
vn -0.997800 -0.066297 0.000000
vn -0.997800 -0.066297 0.000000
vn 0.000000 0.000000 -1.000000
vn 0.000000 0.000000 -1.000000
vn 0.000000 0.000000 -1.000000
vn 0.000000 0.000000 -1.000000
vn 0.000000 0.000000 -1.000000
vn 0.000000 0.000000 -1.000000
vn 0.000000 0.000000 -1.000000
vn 0.000000 0.000000 -1.000000
vn 0.000000 0.000000 -1.000000
vn 0.000000 0.000000 -1.000000
vn 0.000000 0.000000 -1.000000
vn 0.000000 0.000000 -1.000000
vn 0.000000 0.000000 -1.000000
vn 0.000000 0.000000 -1.000000
vn 0.000000 0.000000 -1.000000
vn 0.000000 0.000000 -1.000000
vn 0.000000 0.000000 -1.000000
vn 0.000000 0.000000 -1.000000
vn 0.496716 -0.867913 0.000000
vn 0.496716 -0.867913 0.000000
vn 0.496716 -0.867913 0.000000
vn 0.496716 -0.867913 0.000000
vn 0.496716 -0.867913 0.000000
vn 0.496716 -0.867913 0.000000
vn -0.253963 -0.967214 0.000000
vn -0.022570 -0.999745 0.000000
vn -0.253963 -0.967214 0.000000
vn -0.253963 -0.967214 0.000000
vn -0.022570 -0.999745 0.000000
vn -0.022570 -0.999745 0.000000
vn 0.000000 0.000000 -1.000000
vn 0.000000 0.000000 -1.000000
vn 0.000000 0.000000 -1.000000
vn 0.000000 0.000000 -1.000000
vn 0.000000 0.000000 -1.000000
vn 0.000000 0.000000 -1.000000
vn 0.253963 0.967214 0.000000
vn 0.253963 0.967214 0.000000
vn 0.253963 0.967214 0.000000
vn 0.253963 0.967214 0.000000
vn 0.253963 0.967214 0.000000
vn 0.253963 0.967214 0.000000
vn -0.886480 -0.462767 0.000000
vn -0.886480 -0.462767 0.000000
vn -0.886480 -0.462767 0.000000
vn -0.886480 -0.462767 0.000000
vn -0.886480 -0.462767 0.000000
vn -0.886480 -0.462767 0.000000
vn 0.785760 -0.618532 0.000000
vn 0.785760 -0.618532 0.000000
vn 0.785760 -0.618532 0.000000
vn 0.785760 -0.618532 0.000000
vn 0.785760 -0.618532 0.000000
vn 0.785760 -0.618532 0.000000
vn 0.000000 0.000000 -1.000000
vn 0.000000 0.000000 -1.000000
vn 0.000000 0.000000 -1.000000
vn 0.000000 0.000000 -1.000000
vn 0.000000 0.000000 -1.000000
vn 0.000000 0.000000 -1.000000
vn 0.000000 0.000000 -1.000000
vn 0.000000 0.000000 -1.000000
vn 0.000000 0.000000 -1.000000
vn 0.000000 0.000000 -1.000000
vn 0.000000 0.000000 -1.000000
vn 0.000000 0.000000 -1.000000
vn 0.000000 0.000000 -1.000000
vn 0.000000 0.000000 -1.000000
vn 0.000000 0.000000 -1.000000
vn 0.000000 0.000000 -1.000000
vn 0.000000 0.000000 -1.000000
vn 0.000000 0.000000 -1.000000
vn 0.998139 0.060980 0.000000
vn 0.998139 0.060980 0.000000
vn 0.998139 0.060980 0.000000
vn 0.000000 0.000000 1.000000
vn 0.000000 0.000000 1.000000
vn 0.000000 0.000000 1.000000
vn 0.000000 0.000000 1.000000
vn 0.000000 0.000000 1.000000
vn 0.000000 0.000000 1.000000
vn 0.000000 0.000000 1.000000
vn 0.000000 0.000000 1.000000
vn 0.000000 0.000000 1.000000
vn 0.000000 0.000000 1.000000
vn 0.000000 0.000000 1.000000
vn 0.000000 0.000000 1.000000
vn 0.000000 0.000000 1.000000
vn 0.000000 0.000000 1.000000
vn 0.000000 0.000000 1.000000
vn 0.000000 0.000000 1.000000
vn -0.000000 0.000000 1.000000
vn 0.000000 0.000000 1.000000
vn -0.000000 0.000000 1.000000
vn 0.000000 0.000000 1.000000
vn 0.000000 0.000000 1.000000
vn 0.000000 0.000000 1.000000
vn 0.000000 0.000000 1.000000
vn 0.000000 0.000000 1.000000
vn 0.000000 0.000000 1.000000
vn 0.000000 0.000000 1.000000
vn 0.000000 0.000000 1.000000
vn 0.000000 0.000000 1.000000
vn 0.000000 0.000000 1.000000
vn 0.000000 0.000000 1.000000
vn 0.000000 0.000000 1.000000
vn 0.000000 0.000000 1.000000
vn 0.000000 0.000000 1.000000
vn 0.000000 0.000000 1.000000
vn 0.000000 0.000000 1.000000
vn 0.000000 0.000000 1.000000
vn 0.000000 0.000000 1.000000
vn 0.000000 0.000000 1.000000
vn 0.000000 0.000000 1.000000
vn 0.000000 0.000000 1.000000
vn 0.000000 0.000000 1.000000
vn 0.000000 0.000000 1.000000
vn 0.000000 0.000000 1.000000
vn 0.000000 0.000000 1.000000
vn 0.000000 0.000000 1.000000
vn 0.000000 0.000000 1.000000
vn 0.000000 0.000000 1.000000
vn 0.000000 0.000000 1.000000
vn 0.000000 0.000000 1.000000
vn 0.000000 0.000000 1.000000
vn 0.000000 0.000000 1.000000
vn 0.000000 0.000000 1.000000
vn 0.000000 0.000000 1.000000
vn 0.000000 0.000000 1.000000
vn 0.000000 0.000000 1.000000
vn 0.000000 0.000000 1.000000
vn 0.000000 0.000000 1.000000
vn 0.000000 0.000000 1.000000
vn 0.000000 0.000000 1.000000
vn 0.000000 0.000000 1.000000
vn 0.000000 0.000000 1.000000
vn 0.000000 0.000000 1.000000
vn 0.000000 0.000000 1.000000
vn 0.000000 0.000000 1.000000
vn 0.000000 0.000000 1.000000
vn 0.000000 0.000000 1.000000
vn 0.000000 0.000000 1.000000
vn -0.999852 -0.003436 -0.016869
vn -0.999852 -0.003436 -0.016869
vn -0.999852 -0.003436 -0.016869
vn -0.999462 -0.028162 -0.016786
vn -0.998755 -0.028520 -0.040924
vn -0.998222 -0.059615 0.000000
vn -0.998755 -0.028520 -0.040924
vn -0.997834 -0.034955 -0.055731
vn -0.998222 -0.059615 0.000000
vn -0.997834 -0.034955 -0.055731
vn -0.996645 -0.046056 -0.067654
vn -0.998222 -0.059615 0.000000
vn -0.996645 -0.046056 -0.067654
vn -0.995143 -0.061634 -0.076752
vn -0.998222 -0.059615 0.000000
vn -0.995143 -0.061634 -0.076752
vn -0.995870 -0.070468 -0.057243
vn -0.998222 -0.059615 0.000000
vn -0.995870 -0.070468 -0.057243
vn -0.996588 -0.074154 -0.036253
vn -0.998222 -0.059615 0.000000
vn -0.996588 -0.074154 -0.036253
vn -0.996242 -0.081993 -0.027921
vn -0.998222 -0.059615 0.000000
vn -0.996242 -0.081993 -0.027921
vn -0.994341 -0.103693 -0.023093
vn -0.998222 -0.059615 0.000000
vn -0.994341 -0.103693 -0.023093
vn -0.993279 -0.115748 0.000000
vn -0.998222 -0.059615 0.000000
vn -0.995870 -0.070468 -0.057243
vn -0.995143 -0.061634 -0.076752
vn -0.997611 -0.065172 -0.022907
vn -0.997611 -0.065172 -0.022907
vn -0.995143 -0.061634 -0.076752
vn -0.997611 -0.065172 -0.022907
vn -0.998042 -0.062001 0.008239
vn -0.998042 -0.062001 0.008239
vn -0.998042 -0.062001 0.008239
vn -0.998042 -0.062001 0.008239
vn -0.998042 -0.062001 0.008239
vn -0.998042 -0.062001 0.008239
vn -0.997834 -0.034955 -0.055731
vn -0.998044 -0.060832 0.014442
vn -0.996645 -0.046056 -0.067654
vn -0.996645 -0.046056 -0.067654
vn -0.998044 -0.060832 0.014442
vn -0.998044 -0.060832 0.014442
vn -0.997834 -0.034955 -0.055731
vn -0.998755 -0.028520 -0.040924
vn -0.998224 -0.056024 -0.020272
vn -0.998224 -0.056024 -0.020272
vn -0.998755 -0.028520 -0.040924
vn -0.998224 -0.056024 -0.020272
vn -0.998755 -0.028520 -0.040924
vn -0.999462 -0.028162 -0.016786
vn -0.998204 -0.059900 0.000000
vn -0.998204 -0.059900 0.000000
vn -0.999462 -0.028162 -0.016786
vn -0.998204 -0.059900 0.000000
vn -0.999889 -0.014926 0.000000
vn -0.997403 -0.071780 0.005914
vn -0.999462 -0.028162 -0.016786
vn -0.999462 -0.028162 -0.016786
vn -0.997403 -0.071780 0.005914
vn -0.997403 -0.071780 0.005914
vn -0.996588 -0.074154 -0.036253
vn -0.995870 -0.070468 -0.057243
vn -0.998398 -0.056190 0.006604
vn -0.998398 -0.056190 0.006604
vn -0.995870 -0.070468 -0.057243
vn -0.998398 -0.056190 0.006604
vn -0.996242 -0.081993 -0.027921
vn -0.996588 -0.074154 -0.036253
vn -0.998726 -0.049793 0.008207
vn -0.998726 -0.049793 0.008207
vn -0.996588 -0.074154 -0.036253
vn -0.998726 -0.049793 0.008207
vn -0.996242 -0.081993 -0.027921
vn -0.998204 -0.059902 0.000001
vn -0.994341 -0.103693 -0.023093
vn -0.994341 -0.103693 -0.023093
vn -0.998204 -0.059902 0.000001
vn -0.998204 -0.059902 0.000001
vn -0.999707 -0.016581 0.017627
vn -0.999707 -0.016581 0.017627
vn -0.999707 -0.016581 0.017627
vn -0.999707 -0.016581 0.017627
vn -0.999707 -0.016581 0.017627
vn -0.999707 -0.016581 0.017627
vn -0.999889 -0.014926 0.000000
vn -0.998222 -0.059615 0.000000
vn -0.999462 -0.028162 0.016786
vn -0.999462 -0.028162 0.016786
vn -0.998222 -0.059615 0.000000
vn -0.998755 -0.028520 0.040924
vn -0.998755 -0.028520 0.040924
vn -0.998222 -0.059615 0.000000
vn -0.997834 -0.034955 0.055731
vn -0.997834 -0.034955 0.055731
vn -0.998222 -0.059615 0.000000
vn -0.996645 -0.046056 0.067654
vn -0.996645 -0.046056 0.067654
vn -0.998222 -0.059615 0.000000
vn -0.995143 -0.061634 0.076752
vn -0.995143 -0.061634 0.076752
vn -0.998222 -0.059615 0.000000
vn -0.995870 -0.070469 0.057243
vn -0.995870 -0.070469 0.057243
vn -0.998222 -0.059615 0.000000
vn -0.996588 -0.074154 0.036253
vn -0.996588 -0.074154 0.036253
vn -0.998222 -0.059615 0.000000
vn -0.996242 -0.081992 0.027921
vn -0.996242 -0.081992 0.027921
vn -0.998222 -0.059615 0.000000
vn -0.994341 -0.103693 0.023093
vn -0.994341 -0.103693 0.023093
vn -0.998222 -0.059615 0.000000
vn -0.993279 -0.115748 0.000000
vn -0.995870 -0.070469 0.057243
vn -0.997611 -0.065173 0.022907
vn -0.995143 -0.061634 0.076752
vn -0.995143 -0.061634 0.076752
vn -0.997611 -0.065173 0.022907
vn -0.997611 -0.065173 0.022907
vn -0.998042 -0.062002 -0.008239
vn -0.998042 -0.062002 -0.008239
vn -0.998042 -0.062002 -0.008239
vn -0.998042 -0.062002 -0.008239
vn -0.998042 -0.062002 -0.008239
vn -0.998042 -0.062002 -0.008239
vn -0.998044 -0.060832 -0.014442
vn -0.998044 -0.060832 -0.014442
vn -0.996645 -0.046056 0.067654
vn -0.996645 -0.046056 0.067654
vn -0.998044 -0.060832 -0.014442
vn -0.997834 -0.034955 0.055731
vn -0.997834 -0.034955 0.055731
vn -0.998224 -0.056024 0.020272
vn -0.998755 -0.028520 0.040924
vn -0.998755 -0.028520 0.040924
vn -0.998224 -0.056024 0.020272
vn -0.998224 -0.056024 0.020272
vn -0.998755 -0.028520 0.040924
vn -0.998204 -0.059900 0.000000
vn -0.999462 -0.028162 0.016786
vn -0.999462 -0.028162 0.016786
vn -0.998204 -0.059900 0.000000
vn -0.998204 -0.059900 0.000000
vn -0.997403 -0.071780 -0.005914
vn -0.997403 -0.071780 -0.005914
vn -0.999462 -0.028162 0.016786
vn -0.999462 -0.028162 0.016786
vn -0.997403 -0.071780 -0.005914
vn -0.999889 -0.014926 0.000000
vn -0.996588 -0.074154 0.036253
vn -0.998398 -0.056191 -0.006604
vn -0.995870 -0.070469 0.057243
vn -0.995870 -0.070469 0.057243
vn -0.998398 -0.056191 -0.006604
vn -0.998398 -0.056191 -0.006604
vn -0.996242 -0.081992 0.027921
vn -0.998726 -0.049791 -0.008207
vn -0.996588 -0.074154 0.036253
vn -0.996588 -0.074154 0.036253
vn -0.998726 -0.049791 -0.008207
vn -0.998726 -0.049791 -0.008207
vn -0.998204 -0.059901 -0.000001
vn -0.998204 -0.059901 -0.000001
vn -0.994341 -0.103693 0.023093
vn -0.994341 -0.103693 0.023093
vn -0.998204 -0.059901 -0.000001
vn -0.996242 -0.081992 0.027921
vn -0.999707 -0.016582 -0.017627
vn -0.999707 -0.016582 -0.017627
vn -0.999707 -0.016582 -0.017627
vn -0.999707 -0.016582 -0.017627
vn -0.999707 -0.016582 -0.017627
vn -0.999707 -0.016582 -0.017627
vn -0.017537 0.133021 -0.990958
vn -0.017537 0.133021 -0.990958
vn 0.002751 0.134143 -0.990958
vn 0.002751 0.134143 -0.990958
vn -0.017537 0.133021 -0.990958
vn 0.002751 0.134143 -0.990958
vn -0.130606 0.990707 -0.037970
vn -0.130606 0.990707 -0.037970
vn 0.020485 0.999069 -0.037970
vn 0.020485 0.999069 -0.037970
vn -0.130606 0.990707 -0.037970
vn 0.020485 0.999069 -0.037970
vn 0.126064 -0.956204 -0.264163
vn 0.126064 -0.956204 -0.264163
vn -0.019778 -0.964275 -0.264163
vn -0.019778 -0.964275 -0.264163
vn 0.126064 -0.956204 -0.264163
vn -0.019778 -0.964275 -0.264163
vn 0.052971 -0.401750 -0.914216
vn 0.052971 -0.401750 -0.914216
vn -0.008315 -0.405142 -0.914216
vn -0.008315 -0.405142 -0.914216
vn 0.052971 -0.401750 -0.914216
vn -0.008315 -0.405142 -0.914216
vn -0.129865 0.984966 0.113921
vn -0.129865 0.984966 0.113921
vn 0.020382 0.993281 0.113921
vn 0.020382 0.993281 0.113921
vn -0.129865 0.984966 0.113921
vn 0.020382 0.993281 0.113921
vn 0.125059 -0.948534 0.290936
vn 0.125059 -0.948534 0.290936
vn -0.019626 -0.956541 0.290936
vn -0.019626 -0.956541 0.290936
vn 0.125059 -0.948534 0.290936
vn -0.019626 -0.956541 0.290936
vn -0.047445 0.359868 -0.931796
vn -0.047445 0.359868 -0.931796
vn 0.007444 0.362906 -0.931796
vn 0.007444 0.362906 -0.931796
vn -0.047445 0.359868 -0.931796
vn 0.007444 0.362906 -0.931796
vn -0.115592 0.876788 -0.466777
vn -0.115592 0.876788 -0.466777
vn 0.018133 0.884189 -0.466777
vn 0.018133 0.884189 -0.466777
vn -0.115592 0.876788 -0.466777
vn 0.018133 0.884189 -0.466777
vn 0.117398 -0.890452 -0.439674
vn 0.117398 -0.890452 -0.439674
vn -0.018420 -0.897969 -0.439674
vn -0.018420 -0.897969 -0.439674
vn 0.117398 -0.890452 -0.439674
vn -0.018420 -0.897969 -0.439674
vn -0.090239 0.684459 -0.723445
vn -0.090239 0.684459 -0.723445
vn 0.014158 0.690237 -0.723445
vn 0.014158 0.690237 -0.723445
vn -0.090239 0.684459 -0.723445
vn 0.014158 0.690237 -0.723445
vn -0.119115 0.903494 0.411716
vn -0.119115 0.903494 0.411716
vn 0.018688 0.911121 0.411716
vn 0.018688 0.911121 0.411716
vn -0.119115 0.903494 0.411716
vn 0.018688 0.911121 0.411716
vn 0.086933 -0.659394 -0.746754
vn 0.086933 -0.659394 -0.746754
vn -0.013638 -0.664960 -0.746754
vn -0.013638 -0.664960 -0.746754
vn 0.086933 -0.659394 -0.746754
vn -0.013638 -0.664960 -0.746754
vn -0.125655 0.953104 -0.275324
vn -0.125655 0.953104 -0.275324
vn 0.019714 0.961149 -0.275324
vn 0.019714 0.961149 -0.275324
vn -0.125655 0.953104 -0.275324
vn 0.019714 0.961149 -0.275324
vn -0.090303 0.684973 0.722951
vn -0.090303 0.684973 0.722951
vn 0.014166 0.690754 0.722951
vn 0.014166 0.690754 0.722951
vn -0.090303 0.684973 0.722951
vn 0.014166 0.690754 0.722951
vn 0.075002 -0.568896 -0.818982
vn 0.075002 -0.568896 -0.818982
vn -0.011767 -0.573698 -0.818982
vn -0.011767 -0.573698 -0.818982
vn 0.075002 -0.568896 -0.818982
vn -0.011767 -0.573698 -0.818982
vn -0.023421 0.177641 -0.983817
vn -0.023421 0.177641 -0.983817
vn 0.003675 0.179140 -0.983817
vn 0.003675 0.179140 -0.983817
vn -0.023421 0.177641 -0.983817
vn 0.003675 0.179140 -0.983817
vn -0.098018 0.743473 0.661544
vn -0.098018 0.743473 0.661544
vn 0.015378 0.749748 0.661544
vn 0.015378 0.749748 0.661544
vn -0.098018 0.743473 0.661544
vn 0.015378 0.749748 0.661544
vn -0.020832 0.158009 -0.987218
vn -0.020832 0.158009 -0.987218
vn 0.003269 0.159342 -0.987218
vn 0.003269 0.159342 -0.987218
vn -0.020832 0.158009 -0.987218
vn 0.003269 0.159342 -0.987218
vn -0.112484 0.853167 -0.509365
vn -0.112484 0.853167 -0.509365
vn 0.017651 0.860369 -0.509365
vn 0.017651 0.860369 -0.509365
vn -0.112484 0.853167 -0.509365
vn 0.017651 0.860369 -0.509365
vn -0.020152 0.152848 0.988044
vn -0.020152 0.152848 0.988044
vn 0.003162 0.154138 0.988044
vn 0.003162 0.154138 0.988044
vn -0.020152 0.152848 0.988044
vn 0.003162 0.154138 0.988044
vn -0.020152 0.152848 -0.988044
vn -0.020152 0.152848 -0.988044
vn 0.003162 0.154138 -0.988044
vn 0.003162 0.154138 -0.988044
vn -0.020152 0.152848 -0.988044
vn 0.003162 0.154138 -0.988044
vn -0.112484 0.853167 0.509365
vn -0.112484 0.853167 0.509365
vn 0.017651 0.860369 0.509365
vn 0.017651 0.860369 0.509365
vn -0.112484 0.853167 0.509365
vn 0.017651 0.860369 0.509365
vn -0.020832 0.158009 0.987218
vn -0.020832 0.158009 0.987218
vn 0.003269 0.159342 0.987218
vn 0.003269 0.159342 0.987218
vn -0.020832 0.158009 0.987218
vn 0.003269 0.159342 0.987218
vn -0.098018 0.743473 -0.661544
vn -0.098018 0.743473 -0.661544
vn 0.015378 0.749748 -0.661544
vn 0.015378 0.749748 -0.661544
vn -0.098018 0.743473 -0.661544
vn 0.015378 0.749748 -0.661544
vn -0.023421 0.177641 0.983817
vn -0.023421 0.177641 0.983817
vn 0.003675 0.179140 0.983817
vn 0.003675 0.179140 0.983817
vn -0.023421 0.177641 0.983817
vn 0.003675 0.179140 0.983817
vn 0.075002 -0.568896 0.818982
vn 0.075002 -0.568896 0.818982
vn -0.011767 -0.573698 0.818982
vn -0.011767 -0.573698 0.818982
vn 0.075002 -0.568896 0.818982
vn -0.011767 -0.573698 0.818982
vn -0.090303 0.684973 -0.722951
vn -0.090303 0.684973 -0.722951
vn 0.014166 0.690754 -0.722951
vn 0.014166 0.690754 -0.722951
vn -0.090303 0.684973 -0.722951
vn 0.014166 0.690754 -0.722951
vn -0.125655 0.953104 0.275325
vn -0.125655 0.953104 0.275325
vn 0.019714 0.961149 0.275325
vn 0.019714 0.961149 0.275325
vn -0.125655 0.953104 0.275325
vn 0.019714 0.961149 0.275325
vn 0.086933 -0.659394 0.746754
vn 0.086933 -0.659394 0.746754
vn -0.013638 -0.664960 0.746754
vn -0.013638 -0.664960 0.746754
vn 0.086933 -0.659394 0.746754
vn -0.013638 -0.664960 0.746754
vn -0.119115 0.903494 -0.411716
vn -0.119115 0.903494 -0.411716
vn 0.018688 0.911121 -0.411716
vn 0.018688 0.911121 -0.411716
vn -0.119115 0.903494 -0.411716
vn 0.018688 0.911121 -0.411716
vn -0.090239 0.684458 0.723446
vn -0.090239 0.684458 0.723446
vn 0.014158 0.690236 0.723446
vn 0.014158 0.690236 0.723446
vn -0.090239 0.684458 0.723446
vn 0.014158 0.690236 0.723446
vn 0.117398 -0.890452 0.439674
vn 0.117398 -0.890452 0.439674
vn -0.018420 -0.897969 0.439674
vn -0.018420 -0.897969 0.439674
vn 0.117398 -0.890452 0.439674
vn -0.018420 -0.897969 0.439674
vn -0.115592 0.876788 0.466777
vn -0.115592 0.876788 0.466777
vn 0.018133 0.884189 0.466777
vn 0.018133 0.884189 0.466777
vn -0.115592 0.876788 0.466777
vn 0.018133 0.884189 0.466777
vn -0.047445 0.359868 0.931796
vn -0.047445 0.359868 0.931796
vn 0.007444 0.362906 0.931796
vn 0.007444 0.362906 0.931796
vn -0.047445 0.359868 0.931796
vn 0.007444 0.362906 0.931796
vn 0.125059 -0.948534 -0.290936
vn 0.125059 -0.948534 -0.290936
vn -0.019626 -0.956541 -0.290936
vn -0.019626 -0.956541 -0.290936
vn 0.125059 -0.948534 -0.290936
vn -0.019626 -0.956541 -0.290936
vn -0.129865 0.984966 -0.113921
vn -0.129865 0.984966 -0.113921
vn 0.020382 0.993281 -0.113921
vn 0.020382 0.993281 -0.113921
vn -0.129865 0.984966 -0.113921
vn 0.020382 0.993281 -0.113921
vn 0.052971 -0.401749 0.914217
vn 0.052971 -0.401749 0.914217
vn -0.008315 -0.405140 0.914217
vn -0.008315 -0.405140 0.914217
vn 0.052971 -0.401749 0.914217
vn -0.008315 -0.405140 0.914217
vn 0.126064 -0.956204 0.264163
vn 0.126064 -0.956204 0.264163
vn -0.019778 -0.964275 0.264163
vn -0.019778 -0.964275 0.264163
vn 0.126064 -0.956204 0.264163
vn -0.019778 -0.964275 0.264163
vn -0.130606 0.990707 0.037971
vn -0.130606 0.990707 0.037971
vn 0.020485 0.999069 0.037971
vn 0.020485 0.999069 0.037971
vn -0.130606 0.990707 0.037971
vn 0.020485 0.999069 0.037971
vn -0.017537 0.133021 0.990958
vn -0.017537 0.133021 0.990958
vn 0.002751 0.134143 0.990958
vn 0.002751 0.134143 0.990958
vn -0.017537 0.133021 0.990958
vn 0.002751 0.134143 0.990958
vn 0.130546 -0.990161 -0.050396
vn 0.130546 -0.990161 -0.050396
vn -0.020486 -0.998519 -0.050396
vn -0.020486 -0.998519 -0.050396
vn 0.130546 -0.990161 -0.050396
vn -0.020486 -0.998519 -0.050396
vn -0.050783 0.385166 0.921449
vn -0.050783 0.385166 0.921449
vn 0.007970 0.388418 0.921449
vn 0.007970 0.388418 0.921449
vn -0.050783 0.385166 0.921449
vn 0.007970 0.388418 0.921449
vn -0.014411 0.109280 0.993907
vn -0.014411 0.109280 0.993907
vn 0.002264 0.110203 0.993907
vn 0.002264 0.110203 0.993907
vn -0.014411 0.109280 0.993907
vn 0.002264 0.110203 0.993907
vn 0.096913 -0.735100 -0.670996
vn 0.096913 -0.735100 -0.670996
vn -0.015203 -0.741305 -0.670996
vn -0.015203 -0.741305 -0.670996
vn 0.096913 -0.735100 -0.670996
vn -0.015203 -0.741305 -0.670996
vn -0.083339 0.632139 0.770360
vn -0.083339 0.632139 0.770360
vn 0.013074 0.637475 0.770360
vn 0.013074 0.637475 0.770360
vn -0.083339 0.632139 0.770360
vn 0.013074 0.637475 0.770360
vn 0.044128 -0.334707 0.941288
vn 0.044128 -0.334706 0.941289
vn -0.006924 -0.337533 0.941288
vn -0.006924 -0.337533 0.941288
vn 0.044128 -0.334706 0.941289
vn -0.006924 -0.337531 0.941289
vn 0.095088 -0.721212 -0.686157
vn 0.095088 -0.721212 -0.686157
vn -0.014922 -0.727300 -0.686157
vn -0.014922 -0.727300 -0.686157
vn 0.095088 -0.721212 -0.686157
vn -0.014922 -0.727300 -0.686157
vn -0.125750 0.953701 0.273204
vn -0.125750 0.953701 0.273204
vn 0.019742 0.961754 0.273204
vn 0.019742 0.961754 0.273204
vn -0.125750 0.953701 0.273204
vn 0.019742 0.961754 0.273204
vn 0.105517 -0.800293 0.590252
vn 0.105517 -0.800293 0.590252
vn -0.016562 -0.807049 0.590252
vn -0.016562 -0.807049 0.590252
vn 0.105517 -0.800293 0.590252
vn -0.016562 -0.807049 0.590252
vn 0.117808 -0.893567 -0.433197
vn 0.117808 -0.893567 -0.433197
vn -0.018484 -0.901110 -0.433197
vn -0.018484 -0.901110 -0.433197
vn 0.117808 -0.893567 -0.433197
vn -0.018484 -0.901110 -0.433197
vn 0.117808 -0.893567 0.433197
vn 0.117808 -0.893567 0.433197
vn -0.018484 -0.901110 0.433197
vn -0.018484 -0.901110 0.433197
vn 0.117808 -0.893567 0.433197
vn -0.018484 -0.901110 0.433197
vn 0.105517 -0.800293 -0.590252
vn 0.105517 -0.800293 -0.590252
vn -0.016562 -0.807049 -0.590252
vn -0.016562 -0.807049 -0.590252
vn 0.105517 -0.800293 -0.590252
vn -0.016562 -0.807049 -0.590252
vn -0.125750 0.953701 -0.273204
vn -0.125750 0.953701 -0.273204
vn 0.019742 0.961754 -0.273204
vn 0.019742 0.961754 -0.273204
vn -0.125750 0.953701 -0.273204
vn 0.019742 0.961754 -0.273204
vn 0.095088 -0.721212 0.686157
vn 0.095088 -0.721212 0.686157
vn -0.014922 -0.727300 0.686157
vn -0.014922 -0.727300 0.686157
vn 0.095088 -0.721212 0.686157
vn -0.014922 -0.727300 0.686157
vn 0.044128 -0.334706 -0.941289
vn 0.044128 -0.334706 -0.941289
vn -0.006924 -0.337531 -0.941289
vn -0.006924 -0.337531 -0.941289
vn 0.044128 -0.334706 -0.941289
vn -0.006924 -0.337531 -0.941289
vn -0.083339 0.632139 -0.770360
vn -0.083339 0.632139 -0.770360
vn 0.013074 0.637475 -0.770360
vn 0.013074 0.637475 -0.770360
vn -0.083339 0.632139 -0.770360
vn 0.013074 0.637475 -0.770360
vn 0.096913 -0.735100 0.670996
vn 0.096913 -0.735100 0.670996
vn -0.015203 -0.741305 0.670996
vn -0.015203 -0.741305 0.670996
vn 0.096913 -0.735100 0.670996
vn -0.015203 -0.741305 0.670996
vn -0.014411 0.109280 -0.993907
vn -0.014411 0.109280 -0.993907
vn 0.002264 0.110203 -0.993907
vn 0.002264 0.110203 -0.993907
vn -0.014411 0.109280 -0.993907
vn 0.002264 0.110203 -0.993907
vn -0.050783 0.385166 -0.921449
vn -0.050783 0.385166 -0.921449
vn 0.007970 0.388418 -0.921449
vn 0.007970 0.388418 -0.921449
vn -0.050783 0.385166 -0.921449
vn 0.007970 0.388418 -0.921449
vn 0.130546 -0.990161 0.050396
vn 0.130546 -0.990161 0.050396
vn -0.020486 -0.998519 0.050396
vn -0.020486 -0.998519 0.050396
vn 0.130546 -0.990161 0.050396
vn -0.020486 -0.998519 0.050396
vn 0.994125 0.106918 -0.016866
vn 0.994125 0.106918 -0.016866
vn 0.994125 0.106918 -0.016866
vn 0.996466 0.082300 -0.016786
vn 0.998704 0.050902 0.000000
vn 0.995803 0.081866 -0.040924
vn 0.995803 0.081866 -0.040924
vn 0.998704 0.050902 0.000000
vn 0.995597 0.075368 -0.055731
vn 0.995597 0.075368 -0.055731
vn 0.998704 0.050902 0.000000
vn 0.995641 0.064204 -0.067654
vn 0.995641 0.064204 -0.067654
vn 0.998704 0.050902 0.000000
vn 0.995867 0.048556 -0.076752
vn 0.995867 0.048556 -0.076752
vn 0.998704 0.050902 0.000000
vn 0.997564 0.039856 -0.057243
vn 0.997564 0.039856 -0.057243
vn 0.998704 0.050902 0.000000
vn 0.998684 0.036271 -0.036253
vn 0.998684 0.036271 -0.036253
vn 0.998704 0.050902 0.000000
vn 0.999205 0.028442 -0.027921
vn 0.999205 0.028442 -0.027921
vn 0.998704 0.050902 0.000000
vn 0.999711 0.006665 -0.023093
vn 0.999711 0.006665 -0.023093
vn 0.998704 0.050902 0.000000
vn 0.999985 -0.005434 0.000000
vn 0.997564 0.039856 -0.057243
vn 0.998710 0.045312 -0.022907
vn 0.995867 0.048556 -0.076752
vn 0.995867 0.048556 -0.076752
vn 0.998710 0.045312 -0.022907
vn 0.998710 0.045312 -0.022907
vn 0.998789 0.048511 0.008239
vn 0.998789 0.048511 0.008239
vn 0.998789 0.048511 0.008239
vn 0.998789 0.048511 0.008239
vn 0.998789 0.048511 0.008239
vn 0.998789 0.048511 0.008239
vn 0.998661 0.049672 0.014442
vn 0.998661 0.049672 0.014442
vn 0.995641 0.064204 -0.067654
vn 0.995641 0.064204 -0.067654
vn 0.998661 0.049672 0.014442
vn 0.995597 0.075368 -0.055731
vn 0.995597 0.075368 -0.055731
vn 0.998310 0.054471 -0.020272
vn 0.995803 0.081866 -0.040924
vn 0.995803 0.081866 -0.040924
vn 0.998310 0.054471 -0.020272
vn 0.998310 0.054471 -0.020272
vn 0.995803 0.081866 -0.040924
vn 0.998718 0.050616 0.000000
vn 0.996466 0.082300 -0.016786
vn 0.996466 0.082300 -0.016786
vn 0.998718 0.050616 0.000000
vn 0.998718 0.050616 0.000000
vn 0.999233 0.038720 0.005914
vn 0.999233 0.038720 0.005914
vn 0.996466 0.082300 -0.016786
vn 0.996466 0.082300 -0.016786
vn 0.999233 0.038720 0.005914
vn 0.995429 0.095501 0.000000
vn 0.998684 0.036271 -0.036253
vn 0.998501 0.054325 0.006604
vn 0.997564 0.039856 -0.057243
vn 0.997564 0.039856 -0.057243
vn 0.998501 0.054325 0.006604
vn 0.998501 0.054325 0.006604
vn 0.999205 0.028442 -0.027921
vn 0.998121 0.060720 0.008207
vn 0.998684 0.036271 -0.036253
vn 0.998684 0.036271 -0.036253
vn 0.998121 0.060720 0.008207
vn 0.998121 0.060720 0.008207
vn 0.998718 0.050615 0.000001
vn 0.998718 0.050615 0.000001
vn 0.999711 0.006665 -0.023093
vn 0.999711 0.006665 -0.023093
vn 0.998718 0.050615 0.000001
vn 0.999205 0.028442 -0.027921
vn 0.995432 0.093837 0.017627
vn 0.995432 0.093837 0.017627
vn 0.995432 0.093837 0.017627
vn 0.995432 0.093837 0.017627
vn 0.995432 0.093837 0.017627
vn 0.995432 0.093837 0.017627
vn 0.995429 0.095501 0.000000
vn 0.996466 0.082300 0.016786
vn 0.998704 0.050902 0.000000
vn 0.996466 0.082300 0.016786
vn 0.995803 0.081866 0.040924
vn 0.998704 0.050902 0.000000
vn 0.995803 0.081866 0.040924
vn 0.995597 0.075368 0.055731
vn 0.998704 0.050902 0.000000
vn 0.995597 0.075368 0.055731
vn 0.995641 0.064204 0.067654
vn 0.998704 0.050902 0.000000
vn 0.995641 0.064204 0.067654
vn 0.995867 0.048555 0.076752
vn 0.998704 0.050902 0.000000
vn 0.995867 0.048555 0.076752
vn 0.997564 0.039855 0.057243
vn 0.998704 0.050902 0.000000
vn 0.997564 0.039855 0.057243
vn 0.998684 0.036271 0.036253
vn 0.998704 0.050902 0.000000
vn 0.998684 0.036271 0.036253
vn 0.999205 0.028443 0.027921
vn 0.998704 0.050902 0.000000
vn 0.999205 0.028443 0.027921
vn 0.999711 0.006665 0.023093
vn 0.998704 0.050902 0.000000
vn 0.999711 0.006665 0.023093
vn 0.999985 -0.005434 0.000000
vn 0.998704 0.050902 0.000000
vn 0.997564 0.039855 0.057243
vn 0.995867 0.048555 0.076752
vn 0.998710 0.045311 0.022907
vn 0.998710 0.045311 0.022907
vn 0.995867 0.048555 0.076752
vn 0.998710 0.045311 0.022907
vn 0.998789 0.048510 -0.008239
vn 0.998789 0.048510 -0.008239
vn 0.998789 0.048510 -0.008239
vn 0.998789 0.048510 -0.008239
vn 0.998789 0.048510 -0.008239
vn 0.998789 0.048510 -0.008239
vn 0.995597 0.075368 0.055731
vn 0.998661 0.049672 -0.014442
vn 0.995641 0.064204 0.067654
vn 0.995641 0.064204 0.067654
vn 0.998661 0.049672 -0.014442
vn 0.998661 0.049672 -0.014442
vn 0.995597 0.075368 0.055731
vn 0.995803 0.081866 0.040924
vn 0.998310 0.054471 0.020272
vn 0.998310 0.054471 0.020272
vn 0.995803 0.081866 0.040924
vn 0.998310 0.054471 0.020272
vn 0.995803 0.081866 0.040924
vn 0.996466 0.082300 0.016786
vn 0.998718 0.050616 0.000000
vn 0.998718 0.050616 0.000000
vn 0.996466 0.082300 0.016786
vn 0.998718 0.050616 0.000000
vn 0.995429 0.095501 0.000000
vn 0.999233 0.038721 -0.005914
vn 0.996466 0.082300 0.016786
vn 0.996466 0.082300 0.016786
vn 0.999233 0.038721 -0.005914
vn 0.999233 0.038721 -0.005914
vn 0.998684 0.036271 0.036253
vn 0.997564 0.039855 0.057243
vn 0.998502 0.054324 -0.006604
vn 0.998502 0.054324 -0.006604
vn 0.997564 0.039855 0.057243
vn 0.998502 0.054324 -0.006604
vn 0.999205 0.028443 0.027921
vn 0.998684 0.036271 0.036253
vn 0.998121 0.060721 -0.008207
vn 0.998121 0.060721 -0.008207
vn 0.998684 0.036271 0.036253
vn 0.998121 0.060721 -0.008207
vn 0.999205 0.028443 0.027921
vn 0.998718 0.050615 -0.000001
vn 0.999711 0.006665 0.023093
vn 0.999711 0.006665 0.023093
vn 0.998718 0.050615 -0.000001
vn 0.998718 0.050615 -0.000001
vn 0.995432 0.093836 -0.017627
vn 0.995432 0.093836 -0.017627
vn 0.995432 0.093836 -0.017627
vn 0.995432 0.093836 -0.017627
vn 0.995432 0.093836 -0.017627
vn 0.995432 0.093836 -0.017627
vn 0.000000 0.000000 -1.000000
vn 0.000000 0.000000 -1.000000
vn -0.000000 0.000000 -1.000000
vn -0.000000 0.000000 -1.000000
vn -0.000000 0.000000 -1.000000
vn 0.000000 0.000000 -1.000000
vn 0.000000 0.000000 -1.000000
vn 0.000000 0.000000 -1.000000
vn 0.000000 0.000000 -1.000000
vn -0.000000 0.000000 -1.000000
vn -0.000000 0.000000 -1.000000
vn 0.000000 0.000000 -1.000000
vn 0.000000 0.000000 -1.000000
vn 0.000000 0.000000 -1.000000
vn 0.000000 0.000000 -1.000000
vn 0.000000 0.000000 -1.000000
vn 0.000000 0.000000 -1.000000
vn 0.000000 0.000000 -1.000000
vn 0.000000 0.000000 -1.000000
vn 0.000000 0.000000 -1.000000
vn 0.000000 0.000000 -1.000000
vn 0.000000 0.000000 -1.000000
vn 0.000000 0.000000 -1.000000
vn 0.000000 0.000000 -1.000000
vn 0.000000 0.000000 -1.000000
vn -0.000000 0.000000 -1.000000
vn 0.000000 0.000000 -1.000000
vn 0.000000 0.000000 -1.000000
vn -0.009855 0.161311 -0.986855
vn -0.009855 0.161311 -0.986855
vn 0.000024 -0.000379 -1.000000
vn -0.009855 0.161309 -0.986855
vn -0.009855 0.161309 -0.986855
vn 0.000024 -0.000379 -1.000000
vn 0.000024 -0.000379 -1.000000
vn -0.016368 -0.999866 0.000000
vn -0.016368 -0.999866 0.000000
vn -0.024508 -0.999700 0.000000
vn -0.016368 -0.999866 0.000000
vn -0.016368 -0.999866 0.000000
vn -0.024508 -0.999700 0.000000
vn -0.024508 -0.999700 0.000000
vn -0.000000 0.000000 -1.000000
vn -0.000000 0.000000 -1.000000
vn 0.000000 0.000000 -1.000000
vn -0.000000 0.000000 1.000000
vn -0.000000 0.000000 1.000000
vn 0.000000 0.000000 1.000000
vn 0.000000 0.000000 1.000000
vn 0.000000 0.000000 1.000000
vn 0.000000 0.000000 1.000000
vn -0.000000 0.000000 1.000000
vn -0.000000 0.000000 1.000000
vn 0.000000 0.000000 1.000000
vn -0.000000 0.000000 1.000000
vn -0.000000 0.000000 1.000000
vn 0.000000 0.000000 1.000000
vn 0.000000 -0.000000 1.000000
vn 0.000000 -0.000000 1.000000
vn 0.000000 0.000000 1.000000
vn 0.000000 0.000000 1.000000
vn 0.000000 0.000000 1.000000
vn 0.000000 0.000000 1.000000
vn -0.000000 0.000000 1.000000
vn -0.000000 0.000000 1.000000
vn 0.000000 0.000000 1.000000
vn 0.000000 0.000000 1.000000
vn 0.000000 0.000000 1.000000
vn 0.000000 0.000000 1.000000
vn 0.000000 0.000000 1.000000
vn 0.000000 0.000000 1.000000
vn -0.000000 0.000000 1.000000
vn 0.000000 0.000000 1.000000
vn -0.009855 0.161311 0.986855
vn -0.009855 0.161311 0.986855
vn 0.000024 -0.000379 1.000000
vn -0.009855 0.161309 0.986855
vn 0.000024 -0.000379 1.000000
vn -0.009855 0.161309 0.986855
vn 0.000024 -0.000379 1.000000
vn -0.000000 -0.000000 1.000000
vn -0.000000 -0.000000 1.000000
vn 0.000000 0.000000 1.000000
vn -1.000000 0.000000 0.000000
vn -1.000000 0.000000 0.000000
vn -1.000000 -0.000007 0.000000
vn -1.000000 0.000002 0.000000
vn -1.000000 0.000002 0.000000
vn -1.000000 0.000003 0.000000
vn -1.000000 -0.000003 0.000000
vn -1.000000 -0.000008 0.000002
vn -1.000000 0.000000 0.000004
vn -1.000000 0.000000 0.000031
vn -1.000000 0.000032 0.000011
vn -1.000000 -0.000022 -0.000006
vn -1.000000 0.000039 -0.000021
vn -1.000000 -0.000026 -0.000009
vn -1.000000 0.000024 -0.000012
vn -1.000000 0.000000 0.000000
vn -1.000000 0.000000 0.000000
vn -1.000000 0.000000 0.000000
vn -1.000000 0.000000 0.000000
vn -1.000000 0.000000 0.000000
vn -1.000000 0.000000 0.000000
vn -1.000000 0.000000 0.000000
vn -1.000000 0.000000 0.000000
vn -1.000000 0.000000 0.000000
vn -1.000000 0.000009 0.000000
vn -1.000000 -0.000006 0.000000
vn -1.000000 0.000000 0.000000
vn -1.000000 -0.000033 0.000000
vn -1.000000 0.000000 0.000000
vn -1.000000 0.000000 0.000000
vn -1.000000 0.000000 0.000000
vn -1.000000 0.000000 0.000000
vn -1.000000 0.000000 0.000000
vn -1.000000 0.000000 0.000000
vn -1.000000 0.000000 0.000000
vn -1.000000 0.000000 0.000000
vn -1.000000 0.000000 0.000000
vn -1.000000 0.000000 0.000000
vn -1.000000 0.000000 0.000000
vn -1.000000 0.000001 0.000000
s off
g blade_damaged
usemtl initialShadingGroup
f 787/1117/4067 786/1118/4068 793/1119/4069
f 793/1119/4070 786/1118/4071 792/1120/4072
f 794/1121/4073 788/1122/4074 795/1123/4075
f 795/1123/4076 788/1122/4077 789/1124/4078
f 788/1122/4079 790/1125/4080 791/1126/4081
f 789/1124/4082 788/1122/4083 791/1126/4084
f 790/1125/4085 786/1118/4086 787/1117/4087
f 791/1126/4088 790/1125/4089 787/1117/4090
f 789/1124/4091 791/1126/4092 795/1123/4093
f 795/1123/4094 791/1126/4095 797/1127/4096
f 791/1126/4097 787/1117/4098 797/1127/4099
f 797/1127/4100 787/1117/4101 793/1119/4102
f 794/1121/4103 797/1127/4104 796/1128/4105
f 795/1123/4106 797/1127/4107 794/1121/4108
f 796/1128/4109 793/1119/4110 792/1120/4111
f 797/1127/4112 793/1119/4113 796/1128/4114
f 798/1129/4115 799/1130/4116 800/1131/4117
f 801/1132/4118 798/1129/4119 800/1131/4120
f 798/1129/4121 802/1133/4122 803/1134/4123
f 799/1130/4124 798/1129/4125 803/1134/4126
f 802/1133/4127 798/1129/4128 804/1135/4129
f 805/1136/4130 802/1133/4131 804/1135/4132
f 798/1129/4133 801/1132/4134 806/1137/4135
f 804/1135/4136 798/1129/4137 806/1137/4138
f 803/1134/4139 802/1133/4140 812/1138/4141
f 812/1138/4142 802/1133/4143 811/1139/4144
f 802/1133/4145 805/1136/4146 811/1139/4147
f 811/1139/4148 805/1136/4149 814/1140/4150
f 805/1136/4151 804/1135/4152 814/1140/4153
f 814/1140/4154 804/1135/4155 813/1141/4156
f 804/1135/4157 806/1137/4158 813/1141/4159
f 813/1141/4160 806/1137/4161 815/1142/4162
f 806/1137/4163 801/1132/4164 815/1142/4165
f 815/1142/4166 801/1132/4167 810/1143/4168
f 801/1132/4169 800/1131/4170 810/1143/4171
f 810/1143/4172 800/1131/4173 809/1144/4174
f 800/1131/4175 799/1130/4176 809/1144/4177
f 809/1144/4178 799/1130/4179 808/1145/4180
f 799/1130/4181 803/1134/4182 808/1145/4183
f 808/1145/4184 803/1134/4185 812/1138/4186
f 807/1146/4187 809/1144/4188 808/1145/4189
f 810/1143/4190 809/1144/4191 807/1146/4192
f 807/1146/4193 812/1138/4194 811/1139/4195
f 808/1145/4196 812/1138/4197 807/1146/4198
f 811/1139/4199 813/1141/4200 807/1146/4201
f 814/1140/4202 813/1141/4203 811/1139/4204
f 807/1146/4205 815/1142/4206 810/1143/4207
f 813/1141/4208 815/1142/4209 807/1146/4210
f 816/1147/4211 817/1148/4212 818/1149/4213
f 817/1148/4214 819/1150/4215 818/1149/4216
f 819/1150/4217 820/1151/4218 818/1149/4219
f 820/1151/4220 821/1152/4221 818/1149/4222
f 821/1152/4223 822/1153/4224 818/1149/4225
f 822/1153/4226 823/1154/4227 818/1149/4228
f 823/1154/4229 824/1155/4230 818/1149/4231
f 824/1155/4232 825/1156/4233 818/1149/4234
f 825/1156/4235 826/1157/4236 818/1149/4237
f 826/1157/4238 827/1158/4239 818/1149/4240
f 823/1154/4241 822/1153/4242 829/1159/4243
f 829/1159/4244 822/1153/4245 828/1160/4246
f 821/1152/4247 830/1161/4248 822/1153/4249
f 822/1153/4250 830/1161/4251 831/1162/4252
f 820/1151/4253 832/1163/4254 821/1152/4255
f 821/1152/4256 832/1163/4257 833/1164/4258
f 819/1150/4259 834/1165/4260 820/1151/4261
f 820/1151/4262 834/1165/4263 835/1166/4264
f 819/1150/4265 817/1148/4266 837/1167/4267
f 837/1167/4268 817/1148/4269 836/1168/4270
f 816/1147/4271 838/1169/4272 817/1148/4273
f 817/1148/4274 838/1169/4275 839/1170/4276
f 824/1155/4277 823/1154/4278 841/1171/4279
f 841/1171/4280 823/1154/4281 840/1172/4282
f 825/1156/4283 824/1155/4284 843/1173/4285
f 843/1173/4286 824/1155/4287 842/1174/4288
f 825/1156/4289 844/1175/4290 826/1157/4291
f 826/1157/4292 844/1175/4293 845/1176/4294
f 826/1157/4295 846/1177/4296 827/1158/4297
f 827/1158/4298 846/1177/4299 847/1178/4300
f 816/1147/4301 818/1149/4302 848/1179/4303
f 848/1179/4304 818/1149/4305 849/1180/4306
f 849/1180/4307 818/1149/4308 850/1181/4309
f 850/1181/4310 818/1149/4311 851/1182/4312
f 851/1182/4313 818/1149/4314 852/1183/4315
f 852/1183/4316 818/1149/4317 853/1184/4318
f 853/1184/4319 818/1149/4320 854/1185/4321
f 854/1185/4322 818/1149/4323 855/1186/4324
f 855/1186/4325 818/1149/4326 856/1187/4327
f 856/1187/4328 818/1149/4329 827/1158/4330
f 853/1184/4331 857/1188/4332 852/1183/4333
f 852/1183/4334 857/1188/4335 858/1189/4336
f 859/1190/4337 860/1191/4338 852/1183/4339
f 852/1183/4340 860/1191/4341 851/1182/4342
f 851/1182/4343 861/1192/4344 850/1181/4345
f 850/1181/4346 861/1192/4347 862/1193/4348
f 850/1181/4349 863/1194/4350 849/1180/4351
f 849/1180/4352 863/1194/4353 864/1195/4354
f 849/1180/4355 865/1196/4356 848/1179/4357
f 848/1179/4358 865/1196/4359 866/1197/4360
f 867/1198/4361 868/1199/4362 848/1179/4363
f 848/1179/4364 868/1199/4365 816/1147/4366
f 869/1200/4367 870/1201/4368 854/1185/4369
f 854/1185/4370 870/1201/4371 853/1184/4372
f 855/1186/4373 871/1202/4374 854/1185/4375
f 854/1185/4376 871/1202/4377 872/1203/4378
f 873/1204/4379 874/1205/4380 856/1187/4381
f 856/1187/4382 874/1205/4383 855/1186/4384
f 875/1206/4385 876/1207/4386 827/1158/4387
f 827/1158/4388 876/1207/4389 856/1187/4390
f 858/1189/4391 857/1188/4392 919/1208/4393
f 919/1208/4394 857/1188/4395 918/1209/4396
f 857/1188/4397 853/1184/4398 918/1209/4399
f 918/1209/4400 853/1184/4401 914/1210/4402
f 853/1184/4403 870/1201/4404 914/1210/4405
f 914/1210/4406 870/1201/4407 931/1211/4408
f 870/1201/4409 869/1200/4410 931/1211/4411
f 931/1211/4412 869/1200/4413 930/1212/4414
f 869/1200/4415 854/1185/4416 930/1212/4417
f 930/1212/4418 854/1185/4419 915/1213/4420
f 854/1185/4421 872/1203/4422 915/1213/4423
f 915/1213/4424 872/1203/4425 933/1214/4426
f 872/1203/4427 871/1202/4428 933/1214/4429
f 933/1214/4430 871/1202/4431 932/1215/4432
f 871/1202/4433 855/1186/4434 932/1215/4435
f 932/1215/4436 855/1186/4437 916/1216/4438
f 855/1186/4439 874/1205/4440 916/1216/4441
f 916/1216/4442 874/1205/4443 935/1217/4444
f 874/1205/4445 873/1204/4446 935/1217/4447
f 935/1217/4448 873/1204/4449 934/1218/4450
f 873/1204/4451 856/1187/4452 934/1218/4453
f 934/1218/4454 856/1187/4455 917/1219/4456
f 856/1187/4457 876/1207/4458 917/1219/4459
f 917/1219/4460 876/1207/4461 937/1220/4462
f 876/1207/4463 875/1206/4464 937/1220/4465
f 937/1220/4466 875/1206/4467 936/1221/4468
f 875/1206/4469 827/1158/4470 936/1221/4471
f 936/1221/4472 827/1158/4473 888/1222/4474
f 827/1158/4475 847/1178/4476 888/1222/4477
f 888/1222/4478 847/1178/4479 908/1223/4480
f 847/1178/4481 846/1177/4482 908/1223/4483
f 908/1223/4484 846/1177/4485 907/1224/4486
f 846/1177/4487 826/1157/4488 907/1224/4489
f 907/1224/4490 826/1157/4491 887/1225/4492
f 826/1157/4493 845/1176/4494 887/1225/4495
f 887/1225/4496 845/1176/4497 906/1226/4498
f 845/1176/4499 844/1175/4500 906/1226/4501
f 906/1226/4502 844/1175/4503 905/1227/4504
f 844/1175/4505 825/1156/4506 905/1227/4507
f 905/1227/4508 825/1156/4509 886/1228/4510
f 825/1156/4511 843/1173/4512 886/1228/4513
f 886/1228/4514 843/1173/4515 904/1229/4516
f 843/1173/4517 842/1174/4518 904/1229/4519
f 904/1229/4520 842/1174/4521 903/1230/4522
f 842/1174/4523 824/1155/4524 903/1230/4525
f 903/1230/4526 824/1155/4527 885/1231/4528
f 824/1155/4529 841/1171/4530 885/1231/4531
f 885/1231/4532 841/1171/4533 902/1232/4534
f 841/1171/4535 840/1172/4536 902/1232/4537
f 902/1232/4538 840/1172/4539 901/1233/4540
f 840/1172/4541 823/1154/4542 901/1233/4543
f 901/1233/4544 823/1154/4545 884/1234/4546
f 823/1154/4547 829/1159/4548 884/1234/4549
f 884/1234/4550 829/1159/4551 890/1235/4552
f 829/1159/4553 828/1160/4554 890/1235/4555
f 890/1235/4556 828/1160/4557 889/1236/4558
f 828/1160/4559 822/1153/4560 889/1236/4561
f 889/1236/4562 822/1153/4563 883/1237/4564
f 822/1153/4565 831/1162/4566 883/1237/4567
f 883/1237/4568 831/1162/4569 892/1238/4570
f 831/1162/4571 830/1161/4572 892/1238/4573
f 892/1238/4574 830/1161/4575 891/1239/4576
f 830/1161/4577 821/1152/4578 891/1239/4579
f 891/1239/4580 821/1152/4581 882/1240/4582
f 821/1152/4583 833/1164/4584 882/1240/4585
f 882/1240/4586 833/1164/4587 894/1241/4588
f 833/1164/4589 832/1163/4590 894/1241/4591
f 894/1241/4592 832/1163/4593 893/1242/4594
f 832/1163/4595 820/1151/4596 893/1242/4597
f 893/1242/4598 820/1151/4599 881/1243/4600
f 820/1151/4601 835/1166/4602 881/1243/4603
f 881/1243/4604 835/1166/4605 896/1244/4606
f 835/1166/4607 834/1165/4608 896/1244/4609
f 896/1244/4610 834/1165/4611 895/1245/4612
f 834/1165/4613 819/1150/4614 895/1245/4615
f 895/1245/4616 819/1150/4617 880/1246/4618
f 819/1150/4619 837/1167/4620 880/1246/4621
f 880/1246/4622 837/1167/4623 898/1247/4624
f 837/1167/4625 836/1168/4626 898/1247/4627
f 898/1247/4628 836/1168/4629 897/1248/4630
f 836/1168/4631 817/1148/4632 897/1248/4633
f 897/1248/4634 817/1148/4635 878/1249/4636
f 817/1148/4637 839/1170/4638 878/1249/4639
f 878/1249/4640 839/1170/4641 900/1250/4642
f 839/1170/4643 838/1169/4644 900/1250/4645
f 900/1250/4646 838/1169/4647 899/1251/4648
f 838/1169/4649 816/1147/4650 899/1251/4651
f 899/1251/4652 816/1147/4653 877/1252/4654
f 816/1147/4655 868/1199/4656 877/1252/4657
f 877/1252/4658 868/1199/4659 929/1253/4660
f 868/1199/4661 867/1198/4662 929/1253/4663
f 929/1253/4664 867/1198/4665 928/1254/4666
f 867/1198/4667 848/1179/4668 928/1254/4669
f 928/1254/4670 848/1179/4671 909/1255/4672
f 848/1179/4673 866/1197/4674 909/1255/4675
f 909/1255/4676 866/1197/4677 927/1256/4678
f 866/1197/4679 865/1196/4680 927/1256/4681
f 927/1256/4682 865/1196/4683 926/1257/4684
f 865/1196/4685 849/1180/4686 926/1257/4687
f 926/1257/4688 849/1180/4689 910/1258/4690
f 849/1180/4691 864/1195/4692 910/1258/4693
f 910/1258/4694 864/1195/4695 925/1259/4696
f 864/1195/4697 863/1194/4698 925/1259/4699
f 925/1259/4700 863/1194/4701 924/1260/4702
f 863/1194/4703 850/1181/4704 924/1260/4705
f 924/1260/4706 850/1181/4707 911/1261/4708
f 850/1181/4709 862/1193/4710 911/1261/4711
f 911/1261/4712 862/1193/4713 923/1262/4714
f 862/1193/4715 861/1192/4716 923/1262/4717
f 923/1262/4718 861/1192/4719 922/1263/4720
f 861/1192/4721 851/1182/4722 922/1263/4723
f 922/1263/4724 851/1182/4725 912/1264/4726
f 851/1182/4727 860/1191/4728 912/1264/4729
f 912/1264/4730 860/1191/4731 921/1265/4732
f 860/1191/4733 859/1190/4734 921/1265/4735
f 921/1265/4736 859/1190/4737 920/1266/4738
f 859/1190/4739 852/1183/4740 920/1266/4741
f 920/1266/4742 852/1183/4743 913/1267/4744
f 852/1183/4745 858/1189/4746 913/1267/4747
f 913/1267/4748 858/1189/4749 919/1208/4750
f 877/1252/4751 879/1268/4752 878/1249/4753
f 878/1249/4754 879/1268/4755 880/1246/4756
f 880/1246/4757 879/1268/4758 881/1243/4759
f 881/1243/4760 879/1268/4761 882/1240/4762
f 882/1240/4763 879/1268/4764 883/1237/4765
f 883/1237/4766 879/1268/4767 884/1234/4768
f 884/1234/4769 879/1268/4770 885/1231/4771
f 885/1231/4772 879/1268/4773 886/1228/4774
f 886/1228/4775 879/1268/4776 887/1225/4777
f 887/1225/4778 879/1268/4779 888/1222/4780
f 884/1234/4781 890/1235/4782 883/1237/4783
f 883/1237/4784 890/1235/4785 889/1236/4786
f 892/1238/4787 891/1239/4788 883/1237/4789
f 883/1237/4790 891/1239/4791 882/1240/4792
f 881/1243/4793 882/1240/4794 893/1242/4795
f 882/1240/4796 894/1241/4797 893/1242/4798
f 896/1244/4799 895/1245/4800 881/1243/4801
f 881/1243/4802 895/1245/4803 880/1246/4804
f 880/1246/4805 898/1247/4806 878/1249/4807
f 878/1249/4808 898/1247/4809 897/1248/4810
f 900/1250/4811 899/1251/4812 878/1249/4813
f 878/1249/4814 899/1251/4815 877/1252/4816
f 885/1231/4817 902/1232/4818 884/1234/4819
f 884/1234/4820 902/1232/4821 901/1233/4822
f 886/1228/4823 904/1229/4824 885/1231/4825
f 885/1231/4826 904/1229/4827 903/1230/4828
f 906/1226/4829 905/1227/4830 887/1225/4831
f 887/1225/4832 905/1227/4833 886/1228/4834
f 908/1223/4835 907/1224/4836 888/1222/4837
f 888/1222/4838 907/1224/4839 887/1225/4840
f 877/1252/4841 909/1255/4842 879/1268/4843
f 909/1255/4844 910/1258/4845 879/1268/4846
f 910/1258/4847 911/1261/4848 879/1268/4849
f 911/1261/4850 912/1264/4851 879/1268/4852
f 912/1264/4853 913/1267/4854 879/1268/4855
f 913/1267/4856 914/1210/4857 879/1268/4858
f 914/1210/4859 915/1213/4860 879/1268/4861
f 915/1213/4862 916/1216/4863 879/1268/4864
f 916/1216/4865 917/1219/4866 879/1268/4867
f 917/1219/4868 888/1222/4869 879/1268/4870
f 914/1210/4871 913/1267/4872 918/1209/4873
f 918/1209/4874 913/1267/4875 919/1208/4876
f 912/1264/4877 921/1265/4878 913/1267/4879
f 913/1267/4880 921/1265/4881 920/1266/4882
f 912/1264/4883 911/1261/4884 922/1263/4885
f 922/1263/4886 911/1261/4887 923/1262/4888
f 911/1261/4889 910/1258/4890 924/1260/4891
f 924/1260/4892 910/1258/4893 925/1259/4894
f 910/1258/4895 909/1255/4896 926/1257/4897
f 926/1257/4898 909/1255/4899 927/1256/4900
f 877/1252/4901 929/1253/4902 909/1255/4903
f 909/1255/4904 929/1253/4905 928/1254/4906
f 914/1210/4907 931/1211/4908 915/1213/4909
f 915/1213/4910 931/1211/4911 930/1212/4912
f 916/1216/4913 915/1213/4914 932/1215/4915
f 932/1215/4916 915/1213/4917 933/1214/4918
f 916/1216/4919 935/1217/4920 917/1219/4921
f 917/1219/4922 935/1217/4923 934/1218/4924
f 917/1219/4925 937/1220/4926 888/1222/4927
f 888/1222/4928 937/1220/4929 936/1221/4930
f 939/1270/4931 938/1269/4932 940/1271/4933
f 940/1271/4934 938/1269/4935 941/1272/4936
f 941/1272/4937 938/1269/4938 942/1273/4939
f 942/1273/4940 938/1269/4941 943/1274/4942
f 938/1269/4943 944/1275/4944 943/1274/4945
f 945/1276/4946 946/1277/4947 965/1278/4948
f 965/1278/4949 946/1277/4950 966/1279/4951
f 944/1275/4952 938/1269/4953 964/1280/4954
f 964/1280/4955 938/1269/4956 958/1281/4957
f 949/1285/4958 950/1286/4959 968/1287/4960
f 968/1287/4961 950/1286/4962 969/1288/4963
f 951/1289/4964 952/1290/4965 970/1291/4966
f 970/1291/4967 952/1290/4968 971/1292/4969
f 953/1293/4970 954/1294/4971 972/1295/4972
f 972/1295/4973 954/1294/4974 973/1296/4975
f 955/1297/4976 956/1298/4977 974/1299/4978
f 974/1299/4979 956/1298/4980 975/1300/4981
s 1
f 939/1270/4982 948/1283/4983 1108/1440/4984
f 1108/1440/4984 948/1283/4983 1114/1447/4985
s off
f 948/1283/4986 949/1285/4987 967/1284/4988
f 967/1284/4989 949/1285/4990 968/1287/4991
f 948/1283/4992 940/1271/4993 949/1285/4994
f 949/1285/4995 940/1271/4996 950/1286/4997
f 950/1286/4998 951/1289/4999 969/1288/5000
f 969/1288/5001 951/1289/5002 970/1291/5003
f 950/1286/5004 957/1301/5005 951/1289/5006
f 941/1272/5007 942/1273/5008 953/1293/5009
f 953/1293/5010 942/1273/5011 954/1294/5012
f 943/1274/5013 956/1298/5014 942/1273/5015
f 942/1273/5016 956/1298/5017 954/1294/5018
f 956/1298/5019 955/1297/5020 954/1294/5021
f 956/1298/5022 943/1274/5023 975/1300/5024
f 975/1300/5025 943/1274/5026 963/1302/5027
f 943/1274/5028 945/1276/5029 963/1302/5030
f 963/1302/5031 945/1276/5032 965/1278/5033
f 943/1274/5034 944/1275/5035 945/1276/5036
f 945/1276/5037 944/1275/5038 946/1277/5039
f 946/1277/5040 944/1275/5041 966/1279/5042
f 966/1279/5043 944/1275/5044 964/1280/5045
f 954/1294/5046 955/1297/5047 973/1296/5048
f 973/1296/5049 955/1297/5050 974/1299/5051
f 952/1290/5052 953/1293/5053 971/1292/5054
f 971/1292/5055 953/1293/5056 972/1295/5057
f 951/1289/5058 957/1301/5059 952/1290/5060
f 941/1272/5061 957/1301/5062 940/1271/5063
f 940/1271/5064 957/1301/5065 950/1286/5066
f 957/1301/5067 941/1272/5068 953/1293/5069
f 952/1290/5070 957/1301/5071 953/1293/5072
f 939/1270/5073 940/1271/5074 948/1283/5075
f 938/1269/5076 947/1303/5077 958/1281/5078
f 959/1304/5079 960/1305/5080 958/1281/5081
f 960/1305/5082 961/1306/5083 958/1281/5084
f 961/1306/5085 962/1307/5086 958/1281/5087
f 962/1307/5088 963/1302/5089 958/1281/5090
f 958/1281/5091 963/1302/5092 964/1280/5093
s 2
f 959/1304/5094 1124/1457/5095 967/1284/5096
f 967/1284/5096 1124/1457/5095 1126/1459/5097
s off
f 967/1284/5098 968/1287/5099 960/1305/5100
f 968/1287/5101 969/1288/5102 960/1305/5103
f 969/1288/5104 970/1291/5105 976/1308/5106
f 961/1306/5107 972/1295/5108 962/1307/5109
f 972/1295/5110 973/1296/5111 962/1307/5112
f 963/1302/5113 962/1307/5114 975/1300/5115
f 962/1307/5116 973/1296/5117 975/1300/5118
f 973/1296/5119 974/1299/5120 975/1300/5121
f 963/1302/5122 965/1278/5123 964/1280/5124
f 965/1278/5125 966/1279/5126 964/1280/5127
f 970/1291/5128 971/1292/5129 976/1308/5130
f 969/1288/5131 976/1308/5132 960/1305/5133
f 960/1305/5134 976/1308/5135 961/1306/5136
f 976/1308/5137 972/1295/5138 961/1306/5139
f 971/1292/5140 972/1295/5141 976/1308/5142
f 959/1304/5143 967/1284/5144 960/1305/5145
f 977/1309/5146 978/1310/5147 979/1311/5148
f 978/1310/5149 980/1312/5150 979/1311/5151
f 980/1312/5152 981/1313/5153 979/1311/5154
f 981/1313/5155 982/1314/5156 979/1311/5157
f 982/1314/5158 983/1315/5159 979/1311/5160
f 983/1315/5161 984/1316/5162 979/1311/5163
f 984/1316/5164 985/1317/5165 979/1311/5166
f 985/1317/5167 986/1318/5168 979/1311/5169
f 986/1318/5170 987/1319/5171 979/1311/5172
f 987/1319/5173 988/1320/5174 979/1311/5175
f 984/1316/5176 983/1315/5177 990/1321/5178
f 990/1321/5179 983/1315/5180 989/1322/5181
f 982/1314/5182 991/1323/5183 983/1315/5184
f 983/1315/5185 991/1323/5186 992/1324/5187
f 981/1313/5188 993/1325/5189 982/1314/5190
f 982/1314/5191 993/1325/5192 994/1326/5193
f 981/1313/5194 980/1312/5195 996/1327/5196
f 996/1327/5197 980/1312/5198 995/1328/5199
f 980/1312/5200 978/1310/5201 998/1329/5202
f 998/1329/5203 978/1310/5204 997/1330/5205
f 977/1309/5206 999/1331/5207 978/1310/5208
f 978/1310/5209 999/1331/5210 1000/1332/5211
f 985/1317/5212 984/1316/5213 1002/1333/5214
f 1002/1333/5215 984/1316/5216 1001/1334/5217
f 986/1318/5218 985/1317/5219 1004/1335/5220
f 1004/1335/5221 985/1317/5222 1003/1336/5223
f 986/1318/5224 1005/1337/5225 987/1319/5226
f 987/1319/5227 1005/1337/5228 1006/1338/5229
f 987/1319/5230 1007/1339/5231 988/1320/5232
f 988/1320/5233 1007/1339/5234 1008/1340/5235
f 977/1309/5236 979/1311/5237 1009/1341/5238
f 1009/1341/5239 979/1311/5240 1010/1342/5241
f 1010/1342/5242 979/1311/5243 1011/1343/5244
f 1011/1343/5245 979/1311/5246 1012/1344/5247
f 1012/1344/5248 979/1311/5249 1013/1345/5250
f 1013/1345/5251 979/1311/5252 1014/1346/5253
f 1014/1346/5254 979/1311/5255 1015/1347/5256
f 1015/1347/5257 979/1311/5258 1016/1348/5259
f 1016/1348/5260 979/1311/5261 1017/1349/5262
f 1017/1349/5263 979/1311/5264 988/1320/5265
f 1014/1346/5266 1018/1350/5267 1013/1345/5268
f 1013/1345/5269 1018/1350/5270 1019/1351/5271
f 1020/1352/5272 1021/1353/5273 1013/1345/5274
f 1013/1345/5275 1021/1353/5276 1012/1344/5277
f 1022/1354/5278 1023/1355/5279 1012/1344/5280
f 1012/1344/5281 1023/1355/5282 1011/1343/5283
f 1011/1343/5284 1024/1356/5285 1010/1342/5286
f 1010/1342/5287 1024/1356/5288 1025/1357/5289
f 1010/1342/5290 1026/1358/5291 1009/1341/5292
f 1009/1341/5293 1026/1358/5294 1027/1359/5295
f 1028/1360/5296 1029/1361/5297 1009/1341/5298
f 1009/1341/5299 1029/1361/5300 977/1309/5301
f 1015/1347/5302 1030/1362/5303 1014/1346/5304
f 1014/1346/5305 1030/1362/5306 1031/1363/5307
f 1016/1348/5308 1032/1364/5309 1015/1347/5310
f 1015/1347/5311 1032/1364/5312 1033/1365/5313
f 1034/1366/5314 1035/1367/5315 1017/1349/5316
f 1017/1349/5317 1035/1367/5318 1016/1348/5319
f 1036/1368/5320 1037/1369/5321 988/1320/5322
f 988/1320/5323 1037/1369/5324 1017/1349/5325
f 1023/1355/5326 1022/1354/5327 1084/1370/5328
f 1084/1370/5329 1022/1354/5330 1083/1371/5331
f 1022/1354/5332 1012/1344/5333 1083/1371/5334
f 1083/1371/5335 1012/1344/5336 1073/1372/5337
f 1012/1344/5338 1021/1353/5339 1073/1372/5340
f 1073/1372/5341 1021/1353/5342 1082/1373/5343
f 1021/1353/5344 1020/1352/5345 1082/1373/5346
f 1082/1373/5347 1020/1352/5348 1081/1374/5349
f 1020/1352/5350 1013/1345/5351 1081/1374/5352
f 1081/1374/5353 1013/1345/5354 1074/1375/5355
f 1013/1345/5356 1019/1351/5357 1074/1375/5358
f 1074/1375/5359 1019/1351/5360 1080/1376/5361
f 1019/1351/5362 1018/1350/5363 1080/1376/5364
f 1080/1376/5365 1018/1350/5366 1079/1377/5367
f 1018/1350/5368 1014/1346/5369 1079/1377/5370
f 1079/1377/5371 1014/1346/5372 1075/1378/5373
f 1014/1346/5374 1031/1363/5375 1075/1378/5376
f 1075/1378/5377 1031/1363/5378 1092/1379/5379
f 1031/1363/5380 1030/1362/5381 1092/1379/5382
f 1092/1379/5383 1030/1362/5384 1091/1380/5385
f 1030/1362/5386 1015/1347/5387 1091/1380/5388
f 1091/1380/5389 1015/1347/5390 1076/1381/5391
f 1015/1347/5392 1033/1365/5393 1076/1381/5394
f 1076/1381/5395 1033/1365/5396 1094/1382/5397
f 1033/1365/5398 1032/1364/5399 1094/1382/5400
f 1094/1382/5401 1032/1364/5402 1093/1383/5403
f 1032/1364/5404 1016/1348/5405 1093/1383/5406
f 1093/1383/5407 1016/1348/5408 1077/1384/5409
f 1016/1348/5410 1035/1367/5411 1077/1384/5412
f 1077/1384/5413 1035/1367/5414 1096/1385/5415
f 1035/1367/5416 1034/1366/5417 1096/1385/5418
f 1096/1385/5419 1034/1366/5420 1095/1386/5421
f 1034/1366/5422 1017/1349/5423 1095/1386/5424
f 1095/1386/5425 1017/1349/5426 1078/1387/5427
f 1017/1349/5428 1037/1369/5429 1078/1387/5430
f 1078/1387/5431 1037/1369/5432 1098/1388/5433
f 1037/1369/5434 1036/1368/5435 1098/1388/5436
f 1098/1388/5437 1036/1368/5438 1097/1389/5439
f 1036/1368/5440 988/1320/5441 1097/1389/5442
f 1097/1389/5443 988/1320/5444 1049/1390/5445
f 988/1320/5446 1008/1340/5447 1049/1390/5448
f 1049/1390/5449 1008/1340/5450 1069/1391/5451
f 1008/1340/5452 1007/1339/5453 1069/1391/5454
f 1069/1391/5455 1007/1339/5456 1068/1392/5457
f 1007/1339/5458 987/1319/5459 1068/1392/5460
f 1068/1392/5461 987/1319/5462 1048/1393/5463
f 987/1319/5464 1006/1338/5465 1048/1393/5466
f 1048/1393/5467 1006/1338/5468 1067/1394/5469
f 1006/1338/5470 1005/1337/5471 1067/1394/5472
f 1067/1394/5473 1005/1337/5474 1066/1395/5475
f 1005/1337/5476 986/1318/5477 1066/1395/5478
f 1066/1395/5479 986/1318/5480 1047/1396/5481
f 986/1318/5482 1004/1335/5483 1047/1396/5484
f 1047/1396/5485 1004/1335/5486 1065/1397/5487
f 1004/1335/5488 1003/1336/5489 1065/1397/5490
f 1065/1397/5491 1003/1336/5492 1064/1398/5493
f 1003/1336/5494 985/1317/5495 1064/1398/5496
f 1064/1398/5497 985/1317/5498 1046/1399/5499
f 985/1317/5500 1002/1333/5501 1046/1399/5502
f 1046/1399/5503 1002/1333/5504 1063/1400/5505
f 1002/1333/5506 1001/1334/5507 1063/1400/5508
f 1063/1400/5509 1001/1334/5510 1062/1401/5511
f 1001/1334/5512 984/1316/5513 1062/1401/5514
f 1062/1401/5515 984/1316/5516 1045/1402/5517
f 984/1316/5518 990/1321/5519 1045/1402/5520
f 1045/1402/5521 990/1321/5522 1051/1403/5523
f 990/1321/5524 989/1322/5525 1051/1403/5526
f 1051/1403/5527 989/1322/5528 1050/1404/5529
f 989/1322/5530 983/1315/5531 1050/1404/5532
f 1050/1404/5533 983/1315/5534 1044/1405/5535
f 983/1315/5536 992/1324/5537 1044/1405/5538
f 1044/1405/5539 992/1324/5540 1053/1406/5541
f 992/1324/5542 991/1323/5543 1053/1406/5544
f 1053/1406/5545 991/1323/5546 1052/1407/5547
f 991/1323/5548 982/1314/5549 1052/1407/5550
f 1052/1407/5551 982/1314/5552 1043/1408/5553
f 982/1314/5554 994/1326/5555 1043/1408/5556
f 1043/1408/5557 994/1326/5558 1055/1409/5559
f 994/1326/5560 993/1325/5561 1055/1409/5562
f 1055/1409/5563 993/1325/5564 1054/1410/5565
f 993/1325/5566 981/1313/5567 1054/1410/5568
f 1054/1410/5569 981/1313/5570 1042/1411/5571
f 981/1313/5572 996/1327/5573 1042/1411/5574
f 1042/1411/5575 996/1327/5576 1057/1412/5577
f 996/1327/5578 995/1328/5579 1057/1412/5580
f 1057/1412/5581 995/1328/5582 1056/1413/5583
f 995/1328/5584 980/1312/5585 1056/1413/5586
f 1056/1413/5587 980/1312/5588 1041/1414/5589
f 980/1312/5590 998/1329/5591 1041/1414/5592
f 1041/1414/5593 998/1329/5594 1059/1415/5595
f 998/1329/5596 997/1330/5597 1059/1415/5598
f 1059/1415/5599 997/1330/5600 1058/1416/5601
f 997/1330/5602 978/1310/5603 1058/1416/5604
f 1058/1416/5605 978/1310/5606 1039/1417/5607
f 978/1310/5608 1000/1332/5609 1039/1417/5610
f 1039/1417/5611 1000/1332/5612 1061/1418/5613
f 1000/1332/5614 999/1331/5615 1061/1418/5616
f 1061/1418/5617 999/1331/5618 1060/1419/5619
f 999/1331/5620 977/1309/5621 1060/1419/5622
f 1060/1419/5623 977/1309/5624 1038/1420/5625
f 977/1309/5626 1029/1361/5627 1038/1420/5628
f 1038/1420/5629 1029/1361/5630 1090/1421/5631
f 1029/1361/5632 1028/1360/5633 1090/1421/5634
f 1090/1421/5635 1028/1360/5636 1089/1422/5637
f 1028/1360/5638 1009/1341/5639 1089/1422/5640
f 1089/1422/5641 1009/1341/5642 1070/1423/5643
f 1009/1341/5644 1027/1359/5645 1070/1423/5646
f 1070/1423/5647 1027/1359/5648 1088/1424/5649
f 1027/1359/5650 1026/1358/5651 1088/1424/5652
f 1088/1424/5653 1026/1358/5654 1087/1425/5655
f 1026/1358/5656 1010/1342/5657 1087/1425/5658
f 1087/1425/5659 1010/1342/5660 1071/1426/5661
f 1010/1342/5662 1025/1357/5663 1071/1426/5664
f 1071/1426/5665 1025/1357/5666 1086/1427/5667
f 1025/1357/5668 1024/1356/5669 1086/1427/5670
f 1086/1427/5671 1024/1356/5672 1085/1428/5673
f 1024/1356/5674 1011/1343/5675 1085/1428/5676
f 1085/1428/5677 1011/1343/5678 1072/1429/5679
f 1011/1343/5680 1023/1355/5681 1072/1429/5682
f 1072/1429/5683 1023/1355/5684 1084/1370/5685
f 1038/1420/5686 1040/1430/5687 1039/1417/5688
f 1039/1417/5689 1040/1430/5690 1041/1414/5691
f 1041/1414/5692 1040/1430/5693 1042/1411/5694
f 1042/1411/5695 1040/1430/5696 1043/1408/5697
f 1043/1408/5698 1040/1430/5699 1044/1405/5700
f 1044/1405/5701 1040/1430/5702 1045/1402/5703
f 1045/1402/5704 1040/1430/5705 1046/1399/5706
f 1046/1399/5707 1040/1430/5708 1047/1396/5709
f 1047/1396/5710 1040/1430/5711 1048/1393/5712
f 1048/1393/5713 1040/1430/5714 1049/1390/5715
f 1045/1402/5716 1051/1403/5717 1044/1405/5718
f 1044/1405/5719 1051/1403/5720 1050/1404/5721
f 1053/1406/5722 1052/1407/5723 1044/1405/5724
f 1044/1405/5725 1052/1407/5726 1043/1408/5727
f 1055/1409/5728 1054/1410/5729 1043/1408/5730
f 1043/1408/5731 1054/1410/5732 1042/1411/5733
f 1042/1411/5734 1057/1412/5735 1041/1414/5736
f 1041/1414/5737 1057/1412/5738 1056/1413/5739
f 1041/1414/5740 1059/1415/5741 1039/1417/5742
f 1039/1417/5743 1059/1415/5744 1058/1416/5745
f 1061/1418/5746 1060/1419/5747 1039/1417/5748
f 1039/1417/5749 1060/1419/5750 1038/1420/5751
f 1046/1399/5752 1063/1400/5753 1045/1402/5754
f 1045/1402/5755 1063/1400/5756 1062/1401/5757
f 1047/1396/5758 1065/1397/5759 1046/1399/5760
f 1046/1399/5761 1065/1397/5762 1064/1398/5763
f 1067/1394/5764 1066/1395/5765 1048/1393/5766
f 1048/1393/5767 1066/1395/5768 1047/1396/5769
f 1069/1391/5770 1068/1392/5771 1049/1390/5772
f 1049/1390/5773 1068/1392/5774 1048/1393/5775
f 1038/1420/5776 1070/1423/5777 1040/1430/5778
f 1070/1423/5779 1071/1426/5780 1040/1430/5781
f 1071/1426/5782 1072/1429/5783 1040/1430/5784
f 1072/1429/5785 1073/1372/5786 1040/1430/5787
f 1073/1372/5788 1074/1375/5789 1040/1430/5790
f 1074/1375/5791 1075/1378/5792 1040/1430/5793
f 1075/1378/5794 1076/1381/5795 1040/1430/5796
f 1076/1381/5797 1077/1384/5798 1040/1430/5799
f 1077/1384/5800 1078/1387/5801 1040/1430/5802
f 1078/1387/5803 1049/1390/5804 1040/1430/5805
f 1075/1378/5806 1074/1375/5807 1079/1377/5808
f 1079/1377/5809 1074/1375/5810 1080/1376/5811
f 1073/1372/5812 1082/1373/5813 1074/1375/5814
f 1074/1375/5815 1082/1373/5816 1081/1374/5817
f 1072/1429/5818 1084/1370/5819 1073/1372/5820
f 1073/1372/5821 1084/1370/5822 1083/1371/5823
f 1072/1429/5824 1071/1426/5825 1085/1428/5826
f 1085/1428/5827 1071/1426/5828 1086/1427/5829
f 1071/1426/5830 1070/1423/5831 1087/1425/5832
f 1087/1425/5833 1070/1423/5834 1088/1424/5835
f 1038/1420/5836 1090/1421/5837 1070/1423/5838
f 1070/1423/5839 1090/1421/5840 1089/1422/5841
f 1076/1381/5842 1075/1378/5843 1091/1380/5844
f 1091/1380/5845 1075/1378/5846 1092/1379/5847
f 1077/1384/5848 1076/1381/5849 1093/1383/5850
f 1093/1383/5851 1076/1381/5852 1094/1382/5853
f 1077/1384/5854 1096/1385/5855 1078/1387/5856
f 1078/1387/5857 1096/1385/5858 1095/1386/5859
f 1078/1387/5860 1098/1388/5861 1049/1390/5862
f 1049/1390/5863 1098/1388/5864 1097/1389/5865
f 1100/1432/5866 1099/1431/5867 938/1269/5868
f 1101/1433/5869 1100/1432/5870 938/1269/5871
f 1102/1434/5872 1101/1433/5873 938/1269/5874
f 1103/1435/5875 1102/1434/5876 938/1269/5877
f 1104/1436/5878 1103/1435/5879 938/1269/5880
f 1105/1437/5881 1104/1436/5882 938/1269/5883
f 1106/1438/5884 1105/1437/5885 938/1269/5886
f 1107/1439/5887 1106/1438/5888 938/1269/5889
s 3
f 1108/1440/5890 1107/1439/5891 939/1270/5892
f 1107/1439/5891 938/1269/5893 939/1270/5892
s off
f 1110/1443/5894 1109/1441/5895 947/1282/5896
s 4
f 1099/1431/5897 1110/1443/5898 938/1269/5899
f 938/1269/5899 1110/1443/5898 947/1282/5900
s off
f 1112/1445/5901 1111/1444/5902 948/1283/5903
s 5
f 1113/1446/5904 1112/1445/5905 967/1284/5906
f 967/1284/5906 1112/1445/5905 948/1283/5907
s off
f 1111/1444/5908 1114/1447/5909 948/1283/5910
f 1116/1449/5911 1115/1448/5912 958/1281/5913
f 1115/1448/5914 1117/1450/5915 958/1281/5916
f 1117/1450/5917 1118/1451/5918 958/1281/5919
f 1118/1451/5920 1119/1452/5921 958/1281/5922
f 1119/1452/5923 1120/1453/5924 958/1281/5925
f 1120/1453/5926 1121/1454/5927 958/1281/5928
f 1121/1454/5929 1122/1455/5930 958/1281/5931
f 1122/1455/5932 1123/1456/5933 958/1281/5934
s 6
f 1124/1457/5935 959/1304/5936 1123/1456/5937
f 1123/1456/5937 959/1304/5936 958/1281/5938
s off
f 1109/1442/5939 1125/1458/5940 947/1303/5941
s 7
f 1116/1449/5942 958/1281/5943 1125/1458/5944
f 1125/1458/5944 958/1281/5943 947/1303/5945
s off
f 1126/1459/5946 1113/1446/5947 967/1284/5948
s 8
f 1110/1443/5949 1127/1460/5950 1109/1441/5951
f 1127/1460/5950 1128/1461/5952 1125/1458/5953
f 1125/1458/5953 1128/1461/5952 1116/1449/5954
f 1128/1461/5952 1129/1462/5955 1116/1449/5954
f 1116/1449/5954 1129/1462/5955 1115/1448/5956
f 1129/1462/5955 1130/1463/5957 1115/1448/5956
f 1115/1448/5956 1130/1463/5957 1117/1450/5958
f 1117/1450/5958 1130/1463/5957 1118/1451/5959
f 1118/1451/5959 1130/1463/5957 1131/1464/5960
f 1118/1451/5959 1131/1464/5960 1119/1452/5961
f 1119/1452/5961 1131/1464/5960 1132/1465/5962
f 1119/1452/5961 1132/1465/5962 1120/1453/5963
f 1120/1453/5963 1132/1465/5962 1133/1466/5964
f 1120/1453/5963 1133/1466/5964 1121/1454/5965
f 1121/1454/5965 1133/1466/5964 1134/1467/5966
f 1121/1454/5965 1134/1467/5966 1122/1455/5967
f 1122/1455/5967 1134/1467/5966 1135/1468/5968
f 1122/1455/5967 1135/1468/5968 1123/1456/5969
f 1123/1456/5969 1135/1468/5968 1136/1469/5970
f 1123/1456/5969 1136/1469/5970 1124/1457/5971
f 1124/1457/5971 1136/1469/5970 1137/1470/5972
f 1124/1457/5971 1137/1470/5972 1126/1459/5973
f 1126/1459/5973 1137/1470/5972 1138/1471/5974
f 1138/1471/5974 1114/1447/5975 1112/1445/5976
f 1112/1445/5976 1114/1447/5975 1111/1444/5977
f 1099/1431/5978 1128/1461/5952 1110/1443/5949
f 1110/1443/5949 1128/1461/5952 1127/1460/5950
f 1100/1432/5979 1129/1462/5955 1099/1431/5978
f 1099/1431/5978 1129/1462/5955 1128/1461/5952
f 1100/1432/5979 1101/1433/5980 1129/1462/5955
f 1129/1462/5955 1101/1433/5980 1130/1463/5957
f 1131/1464/5960 1130/1463/5957 1102/1434/5981
f 1102/1434/5981 1130/1463/5957 1101/1433/5980
f 1132/1465/5962 1131/1464/5960 1103/1435/5982
f 1103/1435/5982 1131/1464/5960 1102/1434/5981
f 1133/1466/5964 1132/1465/5962 1104/1436/5983
f 1104/1436/5983 1132/1465/5962 1103/1435/5982
f 1134/1467/5966 1133/1466/5964 1105/1437/5984
f 1105/1437/5984 1133/1466/5964 1104/1436/5983
f 1135/1468/5968 1134/1467/5966 1106/1438/5985
f 1106/1438/5985 1134/1467/5966 1105/1437/5984
f 1136/1469/5970 1135/1468/5968 1107/1439/5986
f 1107/1439/5986 1135/1468/5968 1106/1438/5985
f 1137/1470/5972 1136/1469/5970 1108/1440/5987
f 1108/1440/5987 1136/1469/5970 1107/1439/5986
f 1138/1471/5974 1137/1470/5972 1114/1447/5975
f 1114/1447/5975 1137/1470/5972 1108/1440/5987
f 1126/1459/5973 1138/1471/5974 1113/1446/5988
f 1113/1446/5988 1138/1471/5974 1112/1445/5976
f 1109/1441/5951 1127/1460/5950 1125/1458/5953
g default
v 0.000001 56.223221 -4.000004
v 0.000001 71.277710 -0.000005
v 70.710701 0.567014 0.000000
v 55.656200 0.567014 -4.000000
v -0.000001 -70.143593 0.000005
v 0.000002 -55.089081 -3.999996
v -70.710701 0.567014 0.000000
v -55.656101 0.567014 -4.000000
v 0.000001 56.223221 3.999996
v 55.656200 0.567014 4.000000
v 0.000002 -55.089081 4.000004
v -55.656101 0.567014 4.000000
v 46.938129 31.726429 11.572841
v 42.712208 28.861223 11.572841
v 43.286339 37.206894 11.799710
v 39.060410 34.341694 11.799710
v 45.133427 34.439968 11.454310
v 40.921555 31.554232 11.454310
v 46.938129 31.726429 12.898368
v 42.712208 28.861223 12.898368
v 43.286339 37.206894 12.671498
v 39.060410 34.341694 12.671498
v 45.133427 34.439968 13.016898
v 40.921555 31.554232 13.016898
v 45.741722 34.856743 10.085133
v 82.969009 59.983238 10.085133
v 85.008385 56.936951 10.869682
v 47.901012 31.611006 10.869682
v 43.678680 37.947704 10.869682
v 81.155922 62.740948 10.869682
v 44.455563 33.975536 10.085133
v 42.381138 37.083115 10.869682
v 46.603462 30.746424 10.869682
v 45.741722 34.856743 14.386076
v 82.969009 59.983238 14.386076
v 85.008385 56.936951 13.601526
v 47.901012 31.611006 13.601526
v 43.678680 37.947704 13.601526
v 81.155922 62.740948 13.601526
v 44.455563 33.975536 14.386076
v 42.381138 37.083115 13.601526
v 46.603462 30.746424 13.601526
v 44.253181 31.980711 12.235604
v 44.208160 32.044979 12.497952
v 43.473019 33.376335 12.235604
v 44.077515 32.231506 12.734618
v 44.705429 31.113697 14.327178
v 43.617584 32.888084 13.043025
v 43.333344 33.293873 13.084577
v 43.049099 33.699665 13.043025
v 42.792679 34.065735 12.922437
v 42.589180 34.356247 12.734617
v 42.458527 34.542770 12.497952
v 42.413502 34.607037 12.235604
v 43.403198 33.168198 13.552979
v 43.137276 33.547844 13.373141
v 43.564594 32.974754 13.411732
v 43.303650 33.347282 13.612525
v 43.891663 32.510307 13.311570
v 43.628448 32.886066 13.249703
v 44.248833 31.968885 13.079527
v 44.851383 30.887308 14.440205
v 44.354183 31.836523 12.766699
v 44.176727 32.089851 12.877186
v 44.359058 31.840839 12.598872
v 44.266087 31.973572 12.819603
v 42.895332 33.931385 13.608653
v 42.702827 34.206211 13.289732
v 41.716026 35.810677 15.757246
v 41.827328 35.651779 15.405892
v 42.495644 34.489784 12.848389
v 42.310234 34.754463 12.789768
v 42.283981 34.839333 12.442793
v 42.232143 34.913334 12.290763
v 44.208160 32.044979 11.973257
v 44.077515 32.231506 11.736590
v 43.874008 32.522015 11.548772
v 43.617584 32.888084 11.428184
v 43.333344 33.293873 11.386632
v 43.049099 33.699665 11.428184
v 42.792679 34.065735 11.548772
v 42.589180 34.356247 11.736591
v 42.458527 34.542770 11.973257
v 43.137276 33.547844 11.098067
v 43.403198 33.168198 10.918229
v 43.303650 33.347282 10.858684
v 43.564594 32.974754 11.059477
v 44.297226 31.753246 9.490320
v 44.560436 31.377491 9.428453
v 44.019958 32.295628 11.435745
v 44.248833 31.968885 11.391682
v 44.176727 32.089851 11.594023
v 44.354183 31.836523 11.704510
v 44.266087 31.973572 11.651606
v 44.359058 31.840839 11.872336
v 42.441696 34.643410 8.919714
v 42.672676 34.313663 9.148215
v 42.437065 34.595688 11.466855
v 42.500690 34.504837 11.081131
v 42.310234 34.754463 11.681440
v 42.495644 34.489784 11.622820
v 42.232143 34.913334 12.180446
v 42.283981 34.839333 12.028416
v 44.450710 32.109409 12.235604
v 44.410107 32.176556 12.497952
v 43.489223 33.386890 12.235604
v 44.292259 32.371426 12.734618
v 45.061123 31.345448 14.327178
v 43.877449 33.057396 13.043025
v 43.621082 33.481350 13.084577
v 43.364708 33.905300 13.043025
v 43.133430 34.287750 12.922437
v 42.949890 34.591267 12.734617
v 42.832054 34.786140 12.497952
v 42.791451 34.853287 12.235604
v 43.707825 33.366676 13.552979
v 43.467972 33.763306 13.373141
v 43.819576 33.140888 13.411732
v 43.584221 33.530090 13.612525
v 44.112305 32.654068 13.311570
v 43.874908 33.046646 13.249703
v 44.463284 32.108608 13.079527
v 45.209251 31.120478 14.440205
v 44.541809 31.958771 12.766699
v 44.381760 32.223434 12.877186
v 44.535889 31.956055 12.598872
v 44.452030 32.094719 12.819603
v 43.214859 34.139568 13.608653
v 43.041229 34.426693 13.289732
v 41.972176 35.977570 15.757246
v 42.072563 35.811562 15.405892
v 42.865524 34.730774 12.848389
v 42.698303 35.007309 12.789768
v 42.631279 35.065613 12.442793
v 42.584526 35.142929 12.290763
v 44.410107 32.176556 11.973257
v 44.292259 32.371426 11.736590
v 44.108727 32.674946 11.548772
v 43.877449 33.057396 11.428184
v 43.621082 33.481350 11.386632
v 43.364708 33.905300 11.428184
v 43.133430 34.287750 11.548772
v 42.949890 34.591267 11.736591
v 42.832054 34.786140 11.973257
v 43.467972 33.763306 11.098067
v 43.707825 33.366676 10.918229
v 43.584221 33.530090 10.858684
v 43.819576 33.140888 11.059477
v 44.640999 31.977230 9.490320
v 44.878387 31.584654 9.428453
v 44.256855 32.449974 11.435745
v 44.463284 32.108608 11.391682
v 44.381760 32.223434 11.594023
v 44.541809 31.958771 11.704510
v 44.452030 32.094719 11.651606
v 44.535889 31.956055 11.872336
v 42.746788 34.842194 8.919714
v 42.955116 34.497684 9.148215
v 42.792313 34.827152 11.466855
v 42.849716 34.732246 11.081131
v 42.698303 35.007309 11.681440
v 42.865524 34.730774 11.622820
v 42.584526 35.142929 12.180446
v 42.631279 35.065613 12.028416
v -79.739868 -49.361370 11.786929
v 40.785713 32.950676 11.786929
v -78.125427 -51.725216 11.786929
v -70.441040 -46.553844 11.786929
v -59.533295 -39.086742 11.786929
v -50.252617 -32.721546 11.786929
v -41.023804 -26.400974 11.786929
v -33.418282 -21.123238 11.786929
v -22.498299 -13.735081 11.786929
v -13.227058 -7.403355 11.786929
v -3.955872 -1.071663 11.786929
v 5.315262 5.259991 11.786929
v 14.586452 11.591686 11.786929
v 23.857700 17.923420 11.786929
v 34.787025 25.310900 11.786929
v 42.400055 30.586788 11.786929
v 38.249260 26.311708 11.786929
v 45.862289 31.587597 11.786929
v -80.776199 -47.843838 12.087868
v 39.749329 34.468197 12.087868
v -77.772308 -52.236782 12.087868
v -71.256409 -47.711689 11.786929
v -69.205475 -46.202976 11.786928
v -59.653702 -40.725727 11.786928
v -58.906151 -39.991131 11.786929
v -49.920723 -33.215557 11.786929
v -49.605385 -32.661442 11.786929
v -39.980904 -28.132290 11.786929
v -33.638512 -23.478962 11.786932
v -22.347481 -15.163383 11.786932
v -21.614273 -13.992954 11.786929
v -11.805580 -8.530632 11.786929
v -12.758240 -7.775177 11.786929
v -3.597198 -2.507992 11.786929
v -1.586426 -2.683567 11.786929
v 5.748253 4.633221 11.786929
v 6.138073 4.068878 11.786929
v 14.254417 9.026073 11.786929
v 14.493233 10.871387 11.786929
v 25.300968 17.035542 11.786929
v 26.349930 16.390228 11.786929
v 32.994034 22.126535 11.786929
v -39.238678 -26.851208 11.786930
v -33.540894 -22.435059 11.786931
v 8.447445 6.027168 11.786929
v -82.180115 -51.056652 12.087868
v -81.999359 -54.306362 12.087868
v -82.295761 -48.976704 12.087868
v -79.739868 -49.361370 12.388806
v 40.785713 32.950676 12.388806
v -78.125427 -51.725216 12.388806
v -70.441040 -46.553844 12.388806
v -59.533295 -39.086742 12.388806
v -50.252617 -32.721546 12.388806
v -41.023804 -26.400974 12.388806
v -33.418282 -21.123238 12.388806
v -22.498299 -13.735081 12.388806
v -13.227058 -7.403355 12.388806
v -3.955872 -1.071663 12.388806
v 5.315262 5.259991 12.388806
v 14.586452 11.591686 12.388806
v 23.857700 17.923420 12.388806
v 34.787025 25.310900 12.388806
v 42.400055 30.586788 12.388806
v 38.249260 26.311708 12.388806
v 45.862289 31.587597 12.388806
v -71.256409 -47.711689 12.388806
v -69.205475 -46.202976 12.388807
v -59.653702 -40.725727 12.388807
v -58.906151 -39.991131 12.388806
v -49.920723 -33.215557 12.388806
v -49.605385 -32.661442 12.388806
v -39.980904 -28.132290 12.388806
v -33.638512 -23.478962 12.388803
v -22.347481 -15.163383 12.388803
v -21.614273 -13.992954 12.388806
v -11.805580 -8.530632 12.388806
v -12.758240 -7.775177 12.388806
v -3.597198 -2.507992 12.388806
v -1.586426 -2.683567 12.388806
v 5.748253 4.633221 12.388806
v 6.138073 4.068878 12.388806
v 14.254417 9.026073 12.388806
v 14.493233 10.871387 12.388806
v 25.300968 17.035542 12.388806
v 26.349930 16.390228 12.388806
v 32.994034 22.126535 12.388806
v -39.238678 -26.851208 12.388805
v -33.540894 -22.435059 12.388804
v 8.447445 6.027168 12.388806
v 47.762154 27.225994 12.235604
v 47.554283 27.531059 13.471663
v 43.882565 33.674625 12.235604
v 46.951019 28.416441 14.586727
v 46.011421 29.795441 15.471648
v 44.827461 31.533085 16.039803
v 43.515034 33.459267 16.235575
v 42.202599 35.385456 16.039801
v 41.018639 37.123104 15.471648
v 40.079037 38.502098 14.586727
v 39.475777 39.387474 13.471663
v 39.267914 39.692551 12.235604
v 43.863110 32.878922 18.442476
v 42.635254 34.680992 17.595158
v 44.571930 31.937601 17.776981
v 43.367073 33.705902 18.723022
v 46.079636 29.731440 17.305065
v 44.864338 31.515070 17.013578
v 47.759819 27.181122 16.211784
v 46.703056 28.732086 16.004175
v 48.228489 26.541565 14.737878
v 47.409164 27.744057 15.258443
v 48.239906 26.555016 13.947157
v 47.810627 27.185047 14.987139
v 41.480621 36.477753 18.704779
v 40.591766 37.782288 17.202173
v 39.648563 39.193531 17.674953
v 39.354752 39.624748 15.857596
v 39.647156 39.135948 15.122761
v 38.791084 40.392353 14.846571
v 38.623222 40.765602 13.211781
v 38.383884 41.116871 12.495486
v 47.554283 27.531059 10.999546
v 46.951019 28.416441 9.884481
v 46.011421 29.795441 8.999560
v 44.827461 31.533085 8.431407
v 43.515034 33.459267 8.235634
v 42.202599 35.385456 8.431407
v 41.018639 37.123104 8.999560
v 40.079037 38.502098 9.884481
v 39.475777 39.387474 10.999546
v 42.635254 34.680992 6.876050
v 43.863110 32.878922 6.028732
v 43.367073 33.705902 5.748186
v 44.571930 31.937601 6.694228
v 44.864338 31.515070 7.457630
v 46.079636 29.731440 7.166142
v 46.703056 28.732086 8.467033
v 47.759819 27.181122 8.259424
v 47.409164 27.744057 9.212766
v 48.228489 26.541565 9.733331
v 47.810627 27.185047 9.484070
v 48.239906 26.555016 10.524052
v 40.591766 37.782288 7.269035
v 41.480621 36.477753 5.766430
v 39.354752 39.624748 8.613612
v 39.648563 39.193531 6.796255
v 38.791084 40.392353 9.624638
v 39.647156 39.135948 9.348448
v 38.383884 41.116871 11.975722
v 38.623222 40.765602 11.259428
v 48.649155 27.824339 12.235604
v 48.444138 28.131332 13.471663
v 44.122864 33.836731 12.235604
v 47.849136 29.022285 14.586727
v 46.922409 30.409964 15.471648
v 45.754658 32.158546 16.039803
v 44.460201 34.096851 16.235575
v 43.165741 36.035168 16.039801
v 41.997990 37.783749 15.471648
v 41.071266 39.171429 14.586727
v 40.476265 40.062378 13.471663
v 40.271244 40.369370 12.235604
v 44.867947 33.556755 18.442476
v 43.656895 35.370167 17.595158
v 45.475285 32.546982 17.776981
v 44.286934 34.326412 18.723022
v 46.956200 30.322748 17.305065
v 45.757549 32.117607 17.013578
v 48.691631 27.809696 16.211784
v 47.649334 29.370422 16.004175
v 49.109112 27.135609 14.737878
v 48.300999 28.345665 15.258443
v 49.092361 27.130058 13.947157
v 48.668964 27.764057 14.987139
v 42.423347 37.113693 18.704779
v 41.546658 38.426430 17.202173
v 40.591377 39.829529 17.674953
v 40.301586 40.263458 15.857596
v 40.645298 39.809265 15.122761
v 39.800953 41.073586 14.846571
v 39.517742 41.369022 13.211781
v 39.281677 41.722496 12.495486
v 48.444138 28.131332 10.999546
v 47.849136 29.022285 9.884481
v 46.922409 30.409964 8.999560
v 45.754658 32.158546 8.431407
v 44.460201 34.096851 8.235634
v 43.165741 36.035168 8.431407
v 41.997990 37.783749 8.999560
v 41.071266 39.171429 9.884481
v 40.476265 40.062378 10.999546
v 43.656895 35.370167 6.876050
v 44.867947 33.556755 6.028732
v 44.286934 34.326412 5.748186
v 45.475285 32.546982 6.694228
v 45.757549 32.117607 7.457630
v 46.956200 30.322748 7.166142
v 47.649334 29.370422 8.467033
v 48.691631 27.809696 8.259424
v 48.300999 28.345665 9.212766
v 49.109112 27.135609 9.733331
v 48.668964 27.764057 9.484070
v 49.092361 27.130058 10.524052
v 41.546658 38.426430 7.269035
v 42.423347 37.113693 5.766430
v 40.301586 40.263458 8.613612
v 40.591377 39.829529 6.796255
v 39.800953 41.073586 9.624638
v 40.645298 39.809265 9.348448
v 39.281677 41.722496 11.975722
v 39.517742 41.369022 11.259428
v -53.196228 60.428322 14.748682
v -58.812035 55.151985 14.748681
v -56.002716 57.797379 13.976370
v 56.673340 -53.575966 14.748682
v 51.117096 -58.914116 14.748682
v 53.900345 -56.241669 13.976372
v 27.448385 -23.251198 14.748682
v 21.893595 -28.590820 14.748682
v 24.675398 -25.916901 13.976372
v 3.672823 1.419117 14.748682
v -1.893839 -3.908195 14.748682
v 0.893373 -1.239895 13.976372
v -21.788670 27.838802 14.748682
v -27.369463 22.526142 14.748681
v -24.575954 25.187927 13.976372
v -52.912067 60.696308 14.590591
v -59.739197 54.331123 14.590590
v -56.323418 57.521851 13.732391
v 61.964569 -57.444221 14.590592
v 55.132980 -63.801308 14.590591
v 58.554985 -60.618683 13.732392
v 31.457365 -25.977829 14.590592
v 24.627340 -32.336494 14.590591
v 28.047770 -29.152283 13.732392
v 6.638615 -0.378723 14.590592
v -0.203751 -6.724689 14.590591
v 3.222242 -3.546196 13.732391
v -19.940044 27.035610 14.590591
v -26.797131 20.704815 14.590590
v -23.364527 23.876513 13.732391
v 46.476418 -48.160339 13.732392
v 47.618591 -45.477394 14.227595
v 48.455879 -43.510788 14.590592
v 44.408768 -52.739899 14.590591
v 45.692612 -49.896584 14.057746
v 45.465088 -43.681061 14.173104
v 43.321754 -47.920227 14.117717
v 44.337921 -45.954605 13.732392
v 46.532845 -41.527298 14.590592
v 42.074577 -50.332321 14.590591
v 40.772842 -39.766991 14.054376
v 36.099892 -41.900055 14.300393
v 39.082359 -40.533813 13.732392
v 43.588127 -38.489990 14.590592
v 34.576141 -42.598122 14.590591
v 33.418213 -33.632080 13.868278
v 27.591803 -34.807686 14.515606
v 32.548203 -33.794212 13.732392
v 38.042542 -32.770050 14.590592
v 27.117292 -34.904747 14.590591
v 22.164782 -23.084305 13.732392
v 24.349489 -20.330917 14.374550
v 25.084490 -19.404579 14.590592
v 19.364714 -26.908409 14.590591
v 21.517649 -23.968327 13.930758
v 15.392691 -13.215111 14.102308
v 17.102949 -11.172089 14.590592
v 12.550200 -16.849468 14.203163
v 14.097101 -14.762978 13.732392
v 11.277151 -18.566566 14.590591
v 12.431971 -16.755623 14.206755
v 14.630926 -15.313587 13.732392
v 16.609297 -14.181660 14.139288
v 18.803556 -12.926163 14.590592
v 10.652655 -17.922436 14.590591
v 12.797499 -16.515793 14.127888
v 19.889257 -20.737255 13.732392
v 16.469454 -23.922119 14.590591
v 18.765646 -21.783638 14.014356
v 22.297552 -18.700737 14.312181
v 23.454084 -17.722916 14.590592
v 7.730230 -7.127575 13.869411
v 10.707331 -4.575371 14.590592
v 4.407869 -10.385654 14.450503
v 7.164709 -7.612625 13.732391
v 3.870064 -10.926590 14.590591
v 8.777332 -9.275940 13.732392
v 4.625061 -11.705330 14.590591
v 9.801962 -8.773521 13.932381
v 13.174028 -7.119633 14.590592
v 5.457003 -11.218491 14.418633
v -1.521740 1.346943 13.732391
v 1.396759 3.858910 14.440656
v -4.739634 -2.046196 14.590591
v -2.091358 0.746376 13.884296
v -2.051146 6.646286 14.342033
v -1.480579 7.995745 14.590592
v -3.839357 2.158478 13.934270
v -3.450533 3.336388 13.732391
v -5.103584 -1.670792 14.590591
v -12.331161 14.956900 14.047987
v -12.071222 8.808554 14.169603
v -12.262858 12.425787 13.732391
v -11.886728 5.325611 14.590591
v -14.453623 16.672724 13.987275
v -22.871302 17.533356 14.478358
v -9.170243 15.927189 14.590591
v -16.685736 16.987726 13.732391
v -23.801945 17.615461 14.590590
v -12.369482 16.378653 14.225268
v -12.299834 19.155184 14.590591
v -14.132314 14.354021 13.732391
v -15.716232 9.275524 14.590591
v -13.531759 15.927481 14.013645
v -15.099018 11.254559 14.256162
v -13.308969 16.511246 14.117990
v -17.533995 19.162973 13.899165
v -15.571757 22.529976 14.590591
v -19.648239 14.929619 14.386215
v -18.007320 18.350866 13.732391
v -18.580929 17.154919 13.960945
v -20.161148 13.860191 14.590590
v -26.426048 33.657085 14.590591
v -32.906265 26.940842 14.590590
v -29.847973 30.494995 13.732391
v -30.443275 29.803181 13.899403
v -27.099564 33.034691 14.421714
v -48.279305 42.633194 14.590590
v -43.362137 44.290623 13.732391
v -37.968323 45.440445 14.590591
v -46.488365 43.236900 14.277959
v -41.106598 44.771423 14.091320
v -44.167679 45.112946 13.732391
v -44.625992 41.677628 14.234020
v -44.951679 39.236458 14.590590
v -43.008598 50.585991 14.590591
v -43.767754 47.001251 14.028550
v -44.320484 43.967609 13.899633
v -56.577827 51.104095 14.590590
v -52.007751 53.116306 13.732391
v -56.123703 51.304054 14.505289
v -46.927864 54.587120 14.590591
v -51.307602 53.319016 13.850702
v 51.117096 -58.914116 16.170191
v 21.893595 -28.590820 16.170191
v -1.893839 -3.908195 16.170191
v -27.369463 22.526142 16.170191
v -58.812035 55.151985 16.170191
v -56.002716 57.797379 16.170191
v -53.196228 60.428322 16.170191
v -21.788670 27.838802 16.170191
v 3.672823 1.419117 16.170191
v 27.448385 -23.251198 16.170191
v 56.673340 -53.575966 16.170191
v -23.413340 17.214640 16.170191
v -26.797131 20.704815 16.170191
v -32.562305 26.589745 16.170191
v -44.603760 38.881310 16.170191
v -47.825668 42.170139 16.170191
v -56.094666 50.610893 16.170191
v -59.739197 54.331123 16.170191
v -56.323418 57.521851 16.170191
v -52.912064 60.696312 16.170191
v -46.444740 54.093903 16.170191
v -42.660683 50.230804 16.170191
v -37.514732 44.977379 16.170191
v -26.082085 33.305939 16.170191
v -19.940044 27.035610 16.170191
v -15.305955 22.255821 16.170191
v -12.066086 18.914082 16.170191
v -8.781634 15.526363 16.170191
v -1.183701 7.689533 16.170191
v 6.638615 -0.378723 16.170191
v 10.945414 -4.820934 16.170191
v 13.411142 -7.364204 16.170191
v 17.282362 -11.357147 16.170191
v 18.994074 -13.122658 16.170191
v 23.597498 -17.870831 16.170191
v 25.202627 -19.526432 16.170191
v 31.457365 -25.977829 16.170191
v 38.116600 -32.846443 16.170191
v 43.600655 -38.502914 16.170191
v 46.476273 -41.468948 16.170191
v 48.380630 -43.433189 16.170191
v 61.964569 -57.444221 16.170191
v 55.132980 -63.801308 16.170191
v 44.333527 -52.662300 16.170191
v 42.018051 -50.274025 16.170191
v 34.588684 -42.611053 16.170191
v 27.191355 -34.981140 16.170191
v 24.627340 -32.336494 16.170191
v 19.482851 -27.030258 16.170191
v -4.436869 -2.358482 16.170191
v -0.203751 -6.724689 16.170191
v 4.108145 -11.172157 16.170191
v 4.862175 -11.949894 16.170191
v 10.843168 -18.118935 16.170191
v 16.612947 -24.070129 16.170191
v 11.456606 -18.751663 16.170191
v -19.895311 13.585995 16.170191
v -15.482484 9.034420 16.170191
v -11.712197 5.145592 16.170191
v -4.806671 -1.977047 16.170191
v 61.964569 -57.444221 16.210550
v 58.554985 -60.618683 16.170191
v 53.915886 -56.259949 16.170191
v -53.196228 60.428322 17.591700
v -58.812035 55.151985 17.591700
v -56.002716 57.797379 18.364010
v 56.673340 -53.575966 17.591702
v 51.117096 -58.914116 17.591700
v 53.900345 -56.241669 18.364010
v 27.448385 -23.251198 17.591702
v 21.893595 -28.590820 17.591700
v 24.675398 -25.916901 18.364010
v 3.672823 1.419117 17.591702
v -1.893839 -3.908195 17.591700
v 0.893373 -1.239895 18.364010
v -21.788670 27.838802 17.591700
v -27.369463 22.526142 17.591700
v -24.575954 25.187927 18.364010
v -52.912067 60.696308 17.749790
v -59.739197 54.331123 17.749790
v -56.323418 57.521851 18.607990
v 61.964569 -57.444221 17.749790
v 55.132980 -63.801308 17.749790
v 58.554985 -60.618683 18.607990
v 31.457365 -25.977829 17.749790
v 24.627340 -32.336494 17.749790
v 28.047770 -29.152283 18.607990
v 6.638615 -0.378723 17.749790
v -0.203751 -6.724689 17.749790
v 3.222242 -3.546196 18.607990
v -19.940044 27.035610 17.749790
v -26.797131 20.704815 17.749790
v -23.364527 23.876513 18.607990
v 46.476418 -48.160339 18.607990
v 47.618591 -45.477394 18.112787
v 48.455879 -43.510788 17.749790
v 44.408768 -52.739899 17.749790
v 45.692612 -49.896584 18.282637
v 45.465088 -43.681061 18.167278
v 43.321754 -47.920227 18.222666
v 44.337921 -45.954605 18.607990
v 46.532845 -41.527298 17.749790
v 42.074577 -50.332321 17.749790
v 40.772842 -39.766991 18.286007
v 36.099892 -41.900055 18.039988
v 39.082359 -40.533813 18.607990
v 43.588127 -38.489990 17.749790
v 34.576141 -42.598122 17.749790
v 33.418213 -33.632080 18.472105
v 27.591803 -34.807686 17.824776
v 32.548203 -33.794212 18.607990
v 38.042542 -32.770050 17.749790
v 27.117292 -34.904747 17.749790
v 22.164782 -23.084305 18.607990
v 24.349489 -20.330917 17.965832
v 25.084490 -19.404579 17.749790
v 19.364714 -26.908409 17.749790
v 21.517649 -23.968327 18.409624
v 15.392691 -13.215111 18.238073
v 17.102949 -11.172089 17.749790
v 12.550200 -16.849468 18.137218
v 14.097101 -14.762981 18.607990
v 11.277151 -18.566566 17.749790
v 12.431971 -16.755623 18.133627
v 14.630926 -15.313587 18.607990
v 16.609297 -14.181660 18.201096
v 18.803556 -12.926163 17.749790
v 10.652655 -17.922436 17.749790
v 12.797499 -16.515793 18.212494
v 19.889257 -20.737255 18.607990
v 16.469454 -23.922119 17.749790
v 18.765646 -21.783638 18.326027
v 22.297552 -18.700737 18.028202
v 23.454084 -17.722916 17.749790
v 7.730230 -7.127575 18.470970
v 10.707331 -4.575371 17.749790
v 4.407869 -10.385654 17.889877
v 7.164709 -7.612625 18.607990
v 3.870064 -10.926590 17.749790
v 8.777332 -9.275940 18.607990
v 4.625061 -11.705330 17.749790
v 9.801962 -8.773521 18.408001
v 13.174028 -7.119633 17.749790
v 5.457003 -11.218491 17.921749
v -1.521740 1.346943 18.607990
v 1.396759 3.858910 17.899727
v -4.739634 -2.046196 17.749790
v -2.091358 0.746376 18.456085
v -2.051146 6.646286 17.998348
v -1.480579 7.995745 17.749790
v -3.839357 2.158478 18.406113
v -3.450533 3.336388 18.607990
v -5.103584 -1.670792 17.749790
v -12.331161 14.956900 18.292395
v -12.071222 8.808554 18.170778
v -12.262858 12.425787 18.607990
v -11.886728 5.325611 17.749790
v -14.453623 16.672724 18.353106
v -22.871302 17.533356 17.862024
v -9.170243 15.927189 17.749790
v -16.685736 16.987726 18.607990
v -23.801945 17.615461 17.749790
v -12.369482 16.378653 18.115114
v -12.299834 19.155184 17.749790
v -14.132314 14.354021 18.607990
v -15.716232 9.275524 17.749790
v -13.531759 15.927481 18.326736
v -15.099018 11.254559 18.084219
v -13.308969 16.511246 18.222393
v -17.533995 19.162973 18.441216
v -15.571757 22.529976 17.749790
v -19.648239 14.929619 17.954166
v -18.007320 18.350866 18.607990
v -18.580929 17.154919 18.379436
v -20.161148 13.860191 17.749790
v -26.426048 33.657085 17.749790
v -32.906265 26.940842 17.749790
v -29.847973 30.494995 18.607990
v -30.443277 29.803181 18.440979
v -27.099564 33.034691 17.918667
v -48.279308 42.633194 17.749790
v -43.362137 44.290623 18.607990
v -37.968323 45.440445 17.749790
v -46.488365 43.236900 18.062422
v -41.106598 44.771423 18.249062
v -44.167679 45.112946 18.607990
v -44.625992 41.677628 18.106361
v -44.951679 39.236458 17.749790
v -43.008598 50.585991 17.749790
v -43.767754 47.001251 18.311831
v -44.320484 43.967609 18.440748
v -56.577827 51.104095 17.749790
v -52.007751 53.116306 18.607990
v -56.123703 51.304054 17.835091
v -46.927864 54.587120 17.749790
v -51.307602 53.319016 18.489679
v 61.964569 -57.444221 16.129833
vt 0.454770 0.757457
vt 0.483792 0.753306
vt 0.371132 0.902715
vt 0.366981 0.873692
vt 0.221723 0.790054
vt 0.250745 0.785904
vt 0.334383 0.640646
vt 0.338534 0.669669
vt 0.454770 0.757457
vt 0.366981 0.873692
vt 0.454770 0.757457
vt 0.366981 0.873692
vt 0.250745 0.785904
vt 0.366981 0.873692
vt 0.250745 0.785904
vt 0.338534 0.669669
vt 0.250745 0.785904
vt 0.338534 0.669669
vt 0.454770 0.757457
vt 0.338534 0.669669
vt 0.366981 0.873692
vt 0.338534 0.669669
vt 0.250745 0.785904
vt 0.454770 0.757457
vt 0.338534 0.669669
vt 0.366981 0.873692
vt 0.316634 0.360509
vt 0.287315 0.361940
vt 0.316634 0.360509
vt 0.287315 0.361940
vt 0.291710 0.403193
vt 0.291710 0.403193
vt 0.322146 0.398013
vt 0.322146 0.398013
vt 0.288594 0.382700
vt 0.319608 0.378524
vt 0.319608 0.378524
vt 0.288594 0.382700
vt 0.140626 0.379148
vt 0.138613 0.181605
vt 0.154766 0.181504
vt 0.158074 0.379279
vt 0.123950 0.379373
vt 0.124012 0.181861
vt 0.140827 0.385711
vt 0.124566 0.385298
vt 0.157368 0.385309
vt 0.124012 0.181861
vt 0.123950 0.379373
vt 0.124566 0.385298
vt 0.140827 0.385711
vt 0.157368 0.385309
vt 0.158074 0.379279
vt 0.154766 0.181504
vt 0.138613 0.181605
vt 0.140626 0.379148
vt 0.335488 0.246693
vt 0.336708 0.247881
vt 0.330089 0.255464
vt 0.337134 0.250112
vt 0.349919 0.248520
vt 0.336162 0.255569
vt 0.334725 0.258525
vt 0.332509 0.261105
vt 0.330288 0.263346
vt 0.327951 0.264263
vt 0.325843 0.264632
vt 0.324159 0.264161
vt 0.334447 0.261221
vt 0.336654 0.260738
vt 0.337767 0.257307
vt 0.337369 0.259864
vt 0.339312 0.254232
vt 0.337379 0.255948
vt 0.340020 0.249537
vt 0.351297 0.247475
vt 0.338125 0.249555
vt 0.338846 0.248302
vt 0.337873 0.246573
vt 0.338569 0.247786
vt 0.331930 0.264838
vt 0.334317 0.264428
vt 0.333002 0.282496
vt 0.333700 0.284867
vt 0.327707 0.265409
vt 0.326548 0.266434
vt 0.324482 0.266191
vt 0.323711 0.266164
vt 0.333910 0.246079
vt 0.331757 0.246661
vt 0.329438 0.247937
vt 0.327373 0.249983
vt 0.325441 0.252513
vt 0.323752 0.255394
vt 0.322816 0.258152
vt 0.322632 0.260743
vt 0.323088 0.262792
vt 0.323134 0.253638
vt 0.322798 0.251388
vt 0.322983 0.250888
vt 0.325108 0.249453
vt 0.320515 0.237181
vt 0.321520 0.234610
vt 0.329884 0.246731
vt 0.329970 0.244805
vt 0.331727 0.245515
vt 0.332567 0.244374
vt 0.333189 0.244350
vt 0.334575 0.244464
vt 0.306917 0.252682
vt 0.309327 0.251360
vt 0.320466 0.261422
vt 0.319121 0.259998
vt 0.321033 0.262860
vt 0.321579 0.261393
vt 0.322448 0.265320
vt 0.322138 0.264603
vt 0.322798 0.251388
vt 0.323134 0.253638
vt 0.323752 0.255394
vt 0.309327 0.251360
vt 0.306917 0.252682
vt 0.322816 0.258152
vt 0.319121 0.259998
vt 0.320466 0.261422
vt 0.322632 0.260743
vt 0.321579 0.261393
vt 0.321033 0.262860
vt 0.323088 0.262792
vt 0.322138 0.264603
vt 0.322448 0.265320
vt 0.324159 0.264161
vt 0.323711 0.266164
vt 0.324482 0.266191
vt 0.325843 0.264632
vt 0.326548 0.266434
vt 0.327707 0.265409
vt 0.327951 0.264263
vt 0.333002 0.282496
vt 0.333700 0.284867
vt 0.330288 0.263346
vt 0.331930 0.264838
vt 0.334317 0.264428
vt 0.332509 0.261105
vt 0.334447 0.261221
vt 0.336654 0.260738
vt 0.334725 0.258525
vt 0.337369 0.259864
vt 0.337767 0.257307
vt 0.336162 0.255569
vt 0.337379 0.255948
vt 0.339312 0.254232
vt 0.349919 0.248520
vt 0.351297 0.247475
vt 0.340020 0.249537
vt 0.337134 0.250112
vt 0.338125 0.249555
vt 0.338846 0.248302
vt 0.336708 0.247881
vt 0.338569 0.247786
vt 0.337873 0.246573
vt 0.335488 0.246693
vt 0.334575 0.244464
vt 0.333189 0.244350
vt 0.333910 0.246079
vt 0.332567 0.244374
vt 0.331727 0.245515
vt 0.331757 0.246661
vt 0.329970 0.244805
vt 0.329884 0.246731
vt 0.329438 0.247937
vt 0.321520 0.234610
vt 0.320515 0.237181
vt 0.327373 0.249983
vt 0.325108 0.249453
vt 0.322983 0.250888
vt 0.325441 0.252513
vt 0.330089 0.255464
vt 0.234524 0.057708
vt 0.245524 0.695758
vt 0.222030 0.058025
vt 0.222450 0.098493
vt 0.223509 0.156248
vt 0.224454 0.205418
vt 0.225360 0.254292
vt 0.226358 0.294743
vt 0.227100 0.352352
vt 0.227945 0.401415
vt 0.228791 0.450485
vt 0.229636 0.499554
vt 0.230480 0.548622
vt 0.231328 0.597717
vt 0.232067 0.655477
vt 0.232947 0.695979
vt 0.227531 0.670722
vt 0.227774 0.709923
vt 0.227531 0.670722
vt 0.227774 0.709923
vt 0.232947 0.695979
vt 0.245524 0.695758
vt 0.242654 0.057513
vt 0.253659 0.695592
vt 0.219011 0.058203
vt 0.220211 0.092731
vt 0.220211 0.092731
vt 0.220779 0.103860
vt 0.217912 0.151709
vt 0.220779 0.103860
vt 0.217912 0.151709
vt 0.218777 0.156732
vt 0.221897 0.205288
vt 0.218777 0.156732
vt 0.221897 0.205288
vt 0.223145 0.207960
vt 0.216669 0.253391
vt 0.223145 0.207960
vt 0.216669 0.253391
vt 0.218257 0.288689
vt 0.221619 0.349287
vt 0.218257 0.288689
vt 0.221619 0.349287
vt 0.224108 0.355089
vt 0.220448 0.403444
vt 0.224108 0.355089
vt 0.220448 0.403444
vt 0.225455 0.402251
vt 0.222691 0.448355
vt 0.225455 0.402251
vt 0.222691 0.448355
vt 0.217338 0.455390
vt 0.226303 0.499629
vt 0.217338 0.455390
vt 0.226303 0.499629
vt 0.223372 0.500122
vt 0.222027 0.541001
vt 0.223372 0.500122
vt 0.222027 0.541001
vt 0.228068 0.546554
vt 0.224613 0.600878
vt 0.228068 0.546554
vt 0.224613 0.600878
vt 0.219857 0.603430
vt 0.224814 0.641216
vt 0.219857 0.603430
vt 0.224814 0.641216
vt 0.222450 0.098493
vt 0.223509 0.156248
vt 0.224454 0.205418
vt 0.225360 0.254292
vt 0.219605 0.259937
vt 0.221851 0.291185
vt 0.219605 0.259937
vt 0.221851 0.291185
vt 0.227100 0.352352
vt 0.224965 0.512936
vt 0.232067 0.655477
vt 0.233291 0.044468
vt 0.220289 0.038309
vt 0.241572 0.048803
vt 0.253659 0.695592
vt 0.234524 0.057708
vt 0.222030 0.058025
vt 0.226358 0.294743
vt 0.227945 0.401415
vt 0.228791 0.450485
vt 0.229636 0.499554
vt 0.230480 0.548622
vt 0.231328 0.597717
vt 0.242654 0.057513
vt 0.219011 0.058203
vt 0.224965 0.512936
vt 0.233291 0.044468
vt 0.220289 0.038309
vt 0.241572 0.048803
vt 0.355547 0.509664
vt 0.361599 0.515155
vt 0.330193 0.552244
vt 0.363762 0.525569
vt 0.362484 0.538261
vt 0.358823 0.552109
vt 0.352649 0.566057
vt 0.342800 0.578075
vt 0.332714 0.588224
vt 0.322253 0.594702
vt 0.312486 0.596803
vt 0.304419 0.594962
vt 0.351882 0.578988
vt 0.362900 0.575964
vt 0.366862 0.560121
vt 0.365436 0.572879
vt 0.371818 0.544809
vt 0.364149 0.553553
vt 0.368384 0.534042
vt 0.376532 0.529313
vt 0.368777 0.523527
vt 0.372241 0.517098
vt 0.366919 0.508722
vt 0.370436 0.514826
vt 0.339999 0.596851
vt 0.351798 0.594343
vt 0.325146 0.605663
vt 0.335324 0.608612
vt 0.321755 0.600666
vt 0.316036 0.606178
vt 0.306665 0.604743
vt 0.302688 0.604654
vt 0.347746 0.507104
vt 0.337599 0.510167
vt 0.327062 0.517249
vt 0.316602 0.526886
vt 0.307364 0.538922
vt 0.301524 0.553245
vt 0.297165 0.566852
vt 0.296289 0.579135
vt 0.299003 0.588728
vt 0.296459 0.545844
vt 0.293778 0.534847
vt 0.295069 0.531133
vt 0.305622 0.523786
vt 0.312770 0.522847
vt 0.316998 0.512021
vt 0.328014 0.510157
vt 0.328328 0.500828
vt 0.336959 0.504850
vt 0.340951 0.498799
vt 0.343174 0.499240
vt 0.350226 0.499274
vt 0.286060 0.564375
vt 0.283112 0.552694
vt 0.285236 0.581715
vt 0.278077 0.573968
vt 0.288986 0.590092
vt 0.291265 0.582447
vt 0.296766 0.601414
vt 0.294889 0.597789
vt 0.316998 0.512021
vt 0.312770 0.522847
vt 0.316602 0.526886
vt 0.305622 0.523786
vt 0.295069 0.531133
vt 0.307364 0.538922
vt 0.293778 0.534847
vt 0.296459 0.545844
vt 0.301524 0.553245
vt 0.283112 0.552694
vt 0.286060 0.564375
vt 0.297165 0.566852
vt 0.278077 0.573968
vt 0.285236 0.581715
vt 0.296289 0.579135
vt 0.291265 0.582447
vt 0.288986 0.590092
vt 0.299003 0.588728
vt 0.294889 0.597789
vt 0.296766 0.601414
vt 0.304419 0.594962
vt 0.302688 0.604654
vt 0.306665 0.604743
vt 0.312486 0.596803
vt 0.316036 0.606178
vt 0.321755 0.600666
vt 0.322253 0.594702
vt 0.325146 0.605663
vt 0.335324 0.608612
vt 0.332714 0.588224
vt 0.339999 0.596851
vt 0.351798 0.594343
vt 0.342800 0.578075
vt 0.351882 0.578988
vt 0.362900 0.575964
vt 0.352649 0.566057
vt 0.365436 0.572879
vt 0.366862 0.560121
vt 0.358823 0.552109
vt 0.364149 0.553553
vt 0.371818 0.544809
vt 0.362484 0.538261
vt 0.368384 0.534042
vt 0.376532 0.529313
vt 0.363762 0.525569
vt 0.368777 0.523527
vt 0.372241 0.517098
vt 0.361599 0.515155
vt 0.370436 0.514826
vt 0.366919 0.508722
vt 0.355547 0.509664
vt 0.350226 0.499274
vt 0.343174 0.499240
vt 0.347746 0.507104
vt 0.340951 0.498799
vt 0.336959 0.504850
vt 0.337599 0.510167
vt 0.328328 0.500828
vt 0.328014 0.510157
vt 0.327062 0.517249
vt 0.330193 0.552244
vt 0.079806 0.885336
vt 0.063063 0.885750
vt 0.062769 0.701545
vt 0.085713 0.886549
vt 0.086217 0.701575
vt 0.079981 0.701571
vt 0.046263 0.885702
vt 0.045521 0.701561
vt 0.040359 0.886587
vt 0.039299 0.701597
vt 0.062208 0.551555
vt 0.079380 0.551503
vt 0.085602 0.551463
vt 0.044984 0.551615
vt 0.038762 0.551657
vt 0.060981 0.390923
vt 0.078173 0.390909
vt 0.084395 0.390845
vt 0.043731 0.390922
vt 0.037509 0.390952
vt 0.076466 0.193297
vt 0.082414 0.192112
vt 0.042850 0.192846
vt 0.036921 0.192041
vt 0.059670 0.192817
vt 0.060221 0.183838
vt 0.136295 0.504991
vt 0.136569 0.429444
vt 0.156913 0.505475
vt 0.148484 0.424562
vt 0.157219 0.420984
vt 0.163789 0.505500
vt 0.164097 0.420538
vt 0.112515 0.852700
vt 0.105642 0.852481
vt 0.113823 0.811533
vt 0.106964 0.810852
vt 0.115615 0.504493
vt 0.115858 0.437418
vt 0.128717 0.432468
vt 0.134005 0.825630
vt 0.152494 0.838076
vt 0.133111 0.853764
vt 0.153769 0.854833
vt 0.108737 0.504468
vt 0.108982 0.436922
vt 0.154264 0.839268
vt 0.160643 0.855052
vt 0.161152 0.839023
vt 0.116459 0.892036
vt 0.131943 0.890542
vt 0.114263 0.638244
vt 0.131564 0.639654
vt 0.113725 0.663686
vt 0.134330 0.664575
vt 0.104399 0.891582
vt 0.111249 0.892540
vt 0.106850 0.663541
vt 0.107419 0.636610
vt 0.136746 0.889892
vt 0.152724 0.887733
vt 0.134852 0.639921
vt 0.152160 0.639974
vt 0.154998 0.665459
vt 0.159621 0.887212
vt 0.116711 0.692888
vt 0.133703 0.694240
vt 0.189509 0.963356
vt 0.162081 0.963968
vt 0.189563 0.942632
vt 0.157112 0.947381
vt 0.189682 0.970263
vt 0.160568 0.970912
vt 0.137366 0.694166
vt 0.154398 0.693823
vt 0.189623 0.921840
vt 0.167761 0.925050
vt 0.153783 0.937894
vt 0.155914 0.943380
vt 0.170794 0.922264
vt 0.189462 0.914931
vt 0.168198 0.915412
vt 0.108415 0.545096
vt 0.108664 0.524814
vt 0.115467 0.545121
vt 0.119277 0.524853
vt 0.394624 0.953415
vt 0.399580 0.958162
vt 0.359504 0.958923
vt 0.357608 0.966134
vt 0.228052 0.969286
vt 0.230019 0.962326
vt 0.394310 0.917220
vt 0.375366 0.915693
vt 0.398204 0.912410
vt 0.372858 0.908861
vt 0.394940 0.935256
vt 0.374426 0.917794
vt 0.368105 0.936900
vt 0.227813 0.920863
vt 0.229631 0.937563
vt 0.366811 0.939841
vt 0.230070 0.941600
vt 0.230028 0.958247
vt 0.405426 0.935142
vt 0.130810 0.823398
vt 0.136347 0.751927
vt 0.135303 0.784782
vt 0.125646 0.755280
vt 0.127657 0.781812
vt 0.115510 0.758456
vt 0.114925 0.776865
vt 0.108625 0.758591
vt 0.108054 0.776568
vt 0.157235 0.745763
vt 0.155746 0.792639
vt 0.145726 0.749159
vt 0.148833 0.789982
vt 0.164097 0.746335
vt 0.162622 0.792779
vt 0.136534 0.560352
vt 0.143325 0.560630
vt 0.135839 0.593234
vt 0.147150 0.594978
vt 0.145330 0.595233
vt 0.156516 0.593666
vt 0.157203 0.561198
vt 0.163416 0.592690
vt 0.164097 0.560446
vt 0.126863 0.597296
vt 0.135768 0.596572
vt 0.130294 0.628202
vt 0.135065 0.629838
vt 0.108257 0.596983
vt 0.115109 0.598251
vt 0.107745 0.621191
vt 0.114589 0.622819
vt 0.147223 0.595631
vt 0.126117 0.590570
vt 0.115334 0.587616
vt 0.122627 0.559125
vt 0.115949 0.558536
vt 0.108483 0.586280
vt 0.109092 0.557493
vt 0.156434 0.597572
vt 0.151515 0.634177
vt 0.155637 0.635263
vt 0.155537 0.639984
vt 0.064471 0.945436
vt 0.119829 0.944193
vt 0.070933 0.960010
vt 0.128154 0.951625
vt 0.071858 0.972900
vt 0.073568 0.965951
vt 0.119587 0.971828
vt 0.121873 0.964867
vt 0.053316 0.924904
vt 0.095927 0.923947
vt 0.061847 0.940606
vt 0.107652 0.933878
vt 0.132830 0.955800
vt 0.131572 0.943929
vt 0.134836 0.950646
vt 0.141530 0.964428
vt 0.140218 0.971368
vt 0.119983 0.923406
vt 0.124500 0.931404
vt 0.139967 0.949894
vt 0.136047 0.953138
vt 0.149815 0.927684
vt 0.147613 0.943568
vt 0.147908 0.922778
vt 0.299508 0.967557
vt 0.302162 0.960584
vt 0.225497 0.914009
vt 0.303085 0.919006
vt 0.309902 0.927496
vt 0.309363 0.948362
vt 0.314539 0.939582
vt 0.323822 0.918171
vt 0.320885 0.911340
vt 0.300776 0.912149
vt 0.320342 0.925993
vt 0.316355 0.935493
vt 0.333280 0.967196
vt 0.334996 0.960158
vt 0.319704 0.939506
vt 0.324849 0.946646
vt 0.161874 0.665604
vt 0.161314 0.692075
vt 0.162444 0.638641
vt 0.162544 0.633926
vt 0.163334 0.596525
vt 0.118360 0.916532
vt 0.146082 0.915909
vt 0.094675 0.917064
vt 0.051296 0.918039
vt 0.063590 0.894737
vt 0.079806 0.885336
vt 0.062769 0.701545
vt 0.063063 0.885750
vt 0.079806 0.885336
vt 0.079981 0.701571
vt 0.063063 0.885750
vt 0.045521 0.701561
vt 0.046263 0.885702
vt 0.062769 0.701545
vt 0.045521 0.701561
vt 0.063063 0.885750
vt 0.046263 0.885702
vt 0.045521 0.701561
vt 0.079981 0.701571
vt 0.062208 0.551555
vt 0.062769 0.701545
vt 0.079380 0.551503
vt 0.062208 0.551555
vt 0.079981 0.701571
vt 0.079981 0.701571
vt 0.079380 0.551503
vt 0.062769 0.701545
vt 0.044984 0.551615
vt 0.045521 0.701561
vt 0.062208 0.551555
vt 0.044984 0.551615
vt 0.062769 0.701545
vt 0.045521 0.701561
vt 0.044984 0.551615
vt 0.079380 0.551503
vt 0.060981 0.390923
vt 0.062208 0.551555
vt 0.078173 0.390909
vt 0.060981 0.390923
vt 0.079380 0.551503
vt 0.079380 0.551503
vt 0.078173 0.390909
vt 0.062208 0.551555
vt 0.043731 0.390922
vt 0.044984 0.551615
vt 0.060981 0.390923
vt 0.043731 0.390922
vt 0.062208 0.551555
vt 0.044984 0.551615
vt 0.043731 0.390922
vt 0.076466 0.193297
vt 0.078173 0.390909
vt 0.042850 0.192846
vt 0.043731 0.390922
vt 0.042850 0.192846
vt 0.060981 0.390923
vt 0.059670 0.192817
vt 0.043731 0.390922
vt 0.060981 0.390923
vt 0.042850 0.192846
vt 0.059670 0.192817
vt 0.078173 0.390909
vt 0.076466 0.193297
vt 0.060981 0.390923
vt 0.078173 0.390909
vt 0.059670 0.192817
vt 0.042850 0.192846
vt 0.059670 0.192817
vt 0.059670 0.192817
vt 0.076466 0.193297
vt 0.062769 0.701545
vt 0.079806 0.885336
vt 0.079981 0.701571
vt 0.148484 0.424562
vt 0.136569 0.429444
vt 0.156913 0.505475
vt 0.136295 0.504991
vt 0.157219 0.420984
vt 0.156913 0.505475
vt 0.112515 0.852700
vt 0.113823 0.811533
vt 0.128717 0.432468
vt 0.115858 0.437418
vt 0.136295 0.504991
vt 0.115615 0.504493
vt 0.153769 0.854833
vt 0.152494 0.838076
vt 0.133111 0.853764
vt 0.134005 0.825630
vt 0.115615 0.504493
vt 0.115858 0.437418
vt 0.154264 0.839268
vt 0.153769 0.854833
vt 0.112515 0.852700
vt 0.116459 0.892036
vt 0.133111 0.853764
vt 0.131943 0.890542
vt 0.134330 0.664575
vt 0.131564 0.639654
vt 0.113725 0.663686
vt 0.114263 0.638244
vt 0.112515 0.852700
vt 0.111249 0.892540
vt 0.113725 0.663686
vt 0.114263 0.638244
vt 0.133111 0.853764
vt 0.136746 0.889892
vt 0.153769 0.854833
vt 0.152724 0.887733
vt 0.154998 0.665459
vt 0.152160 0.639974
vt 0.134330 0.664575
vt 0.134852 0.639921
vt 0.152724 0.887733
vt 0.153769 0.854833
vt 0.113725 0.663686
vt 0.116711 0.692888
vt 0.134330 0.664575
vt 0.133703 0.694240
vt 0.189509 0.963356
vt 0.189563 0.942632
vt 0.162081 0.963968
vt 0.157112 0.947381
vt 0.189509 0.963356
vt 0.162081 0.963968
vt 0.134330 0.664575
vt 0.137366 0.694166
vt 0.154998 0.665459
vt 0.154398 0.693823
vt 0.189623 0.921840
vt 0.167761 0.925050
vt 0.189563 0.942632
vt 0.153783 0.937894
vt 0.155914 0.943380
vt 0.170794 0.922264
vt 0.189623 0.921840
vt 0.108415 0.545096
vt 0.115467 0.545121
vt 0.119277 0.524853
vt 0.394624 0.953415
vt 0.359504 0.958923
vt 0.189509 0.963356
vt 0.230019 0.962326
vt 0.394310 0.917220
vt 0.375366 0.915693
vt 0.394310 0.917220
vt 0.374426 0.917794
vt 0.394940 0.935256
vt 0.368105 0.936900
vt 0.189563 0.942632
vt 0.229631 0.937563
vt 0.189623 0.921840
vt 0.227813 0.920863
vt 0.394940 0.935256
vt 0.366811 0.939841
vt 0.394624 0.953415
vt 0.359504 0.958923
vt 0.189509 0.963356
vt 0.230028 0.958247
vt 0.189563 0.942632
vt 0.230070 0.941600
vt 0.394310 0.917220
vt 0.394940 0.935256
vt 0.394940 0.935256
vt 0.394624 0.953415
vt 0.133111 0.853764
vt 0.130810 0.823398
vt 0.112515 0.852700
vt 0.113823 0.811533
vt 0.128717 0.432468
vt 0.136295 0.504991
vt 0.136569 0.429444
vt 0.148484 0.424562
vt 0.156913 0.505475
vt 0.157219 0.420984
vt 0.127657 0.781812
vt 0.135303 0.784782
vt 0.125646 0.755280
vt 0.136347 0.751927
vt 0.114925 0.776865
vt 0.115510 0.758456
vt 0.148833 0.789982
vt 0.155746 0.792639
vt 0.145726 0.749159
vt 0.157235 0.745763
vt 0.157235 0.745763
vt 0.155746 0.792639
vt 0.148833 0.789982
vt 0.145726 0.749159
vt 0.135303 0.784782
vt 0.136347 0.751927
vt 0.127657 0.781812
vt 0.125646 0.755280
vt 0.114925 0.776865
vt 0.115510 0.758456
vt 0.127657 0.781812
vt 0.130810 0.823398
vt 0.135303 0.784782
vt 0.134005 0.825630
vt 0.114925 0.776865
vt 0.113823 0.811533
vt 0.148833 0.789982
vt 0.152494 0.838076
vt 0.155746 0.792639
vt 0.154264 0.839268
vt 0.154264 0.839268
vt 0.155746 0.792639
vt 0.152494 0.838076
vt 0.148833 0.789982
vt 0.134005 0.825630
vt 0.135303 0.784782
vt 0.130810 0.823398
vt 0.127657 0.781812
vt 0.113823 0.811533
vt 0.114925 0.776865
vt 0.130810 0.823398
vt 0.133111 0.853764
vt 0.134005 0.825630
vt 0.152494 0.838076
vt 0.153769 0.854833
vt 0.154264 0.839268
vt 0.116459 0.892036
vt 0.112515 0.852700
vt 0.111249 0.892540
vt 0.136746 0.889892
vt 0.133111 0.853764
vt 0.131943 0.890542
vt 0.136534 0.560352
vt 0.135839 0.593234
vt 0.143325 0.560630
vt 0.147150 0.594978
vt 0.145330 0.595233
vt 0.157203 0.561198
vt 0.156516 0.593666
vt 0.126863 0.597296
vt 0.130294 0.628202
vt 0.135768 0.596572
vt 0.135065 0.629838
vt 0.115109 0.598251
vt 0.114589 0.622819
vt 0.147223 0.595631
vt 0.147150 0.594978
vt 0.145330 0.595233
vt 0.126117 0.590570
vt 0.122627 0.559125
vt 0.115334 0.587616
vt 0.115949 0.558536
vt 0.115334 0.587616
vt 0.115949 0.558536
vt 0.147223 0.595631
vt 0.151515 0.634177
vt 0.156434 0.597572
vt 0.155637 0.635263
vt 0.122627 0.559125
vt 0.126117 0.590570
vt 0.136534 0.560352
vt 0.135839 0.593234
vt 0.143325 0.560630
vt 0.147150 0.594978
vt 0.157203 0.561198
vt 0.156516 0.593666
vt 0.131564 0.639654
vt 0.130294 0.628202
vt 0.114263 0.638244
vt 0.114589 0.622819
vt 0.114263 0.638244
vt 0.114589 0.622819
vt 0.152160 0.639974
vt 0.151515 0.634177
vt 0.134852 0.639921
vt 0.135065 0.629838
vt 0.131564 0.639654
vt 0.134330 0.664575
vt 0.134852 0.639921
vt 0.152160 0.639974
vt 0.154998 0.665459
vt 0.155537 0.639984
vt 0.130294 0.628202
vt 0.131564 0.639654
vt 0.135065 0.629838
vt 0.134852 0.639921
vt 0.151515 0.634177
vt 0.152160 0.639974
vt 0.155637 0.635263
vt 0.155537 0.639984
vt 0.130294 0.628202
vt 0.126863 0.597296
vt 0.114589 0.622819
vt 0.115109 0.598251
vt 0.151515 0.634177
vt 0.147223 0.595631
vt 0.135065 0.629838
vt 0.145330 0.595233
vt 0.135768 0.596572
vt 0.137366 0.694166
vt 0.134330 0.664575
vt 0.133703 0.694240
vt 0.128154 0.951625
vt 0.119829 0.944193
vt 0.070933 0.960010
vt 0.064471 0.945436
vt 0.073568 0.965951
vt 0.121873 0.964867
vt 0.107652 0.933878
vt 0.095927 0.923947
vt 0.061847 0.940606
vt 0.053316 0.924904
vt 0.070933 0.960010
vt 0.073568 0.965951
vt 0.128154 0.951625
vt 0.132830 0.955800
vt 0.121873 0.964867
vt 0.061847 0.940606
vt 0.064471 0.945436
vt 0.107652 0.933878
vt 0.119829 0.944193
vt 0.134836 0.950646
vt 0.131572 0.943929
vt 0.128154 0.951625
vt 0.119829 0.944193
vt 0.162081 0.963968
vt 0.141530 0.964428
vt 0.124500 0.931404
vt 0.119983 0.923406
vt 0.107652 0.933878
vt 0.095927 0.923947
vt 0.139967 0.949894
vt 0.134836 0.950646
vt 0.136047 0.953138
vt 0.167761 0.925050
vt 0.149815 0.927684
vt 0.153783 0.937894
vt 0.139967 0.949894
vt 0.157112 0.947381
vt 0.147613 0.943568
vt 0.155914 0.943380
vt 0.167761 0.925050
vt 0.189623 0.921840
vt 0.170794 0.922264
vt 0.134836 0.950646
vt 0.139967 0.949894
vt 0.131572 0.943929
vt 0.147613 0.943568
vt 0.149815 0.927684
vt 0.147908 0.922778
vt 0.124500 0.931404
vt 0.119983 0.923406
vt 0.128154 0.951625
vt 0.132830 0.955800
vt 0.134836 0.950646
vt 0.136047 0.953138
vt 0.107652 0.933878
vt 0.119829 0.944193
vt 0.124500 0.931404
vt 0.131572 0.943929
vt 0.162081 0.963968
vt 0.157112 0.947381
vt 0.141530 0.964428
vt 0.136047 0.953138
vt 0.139967 0.949894
vt 0.153783 0.937894
vt 0.147613 0.943568
vt 0.155914 0.943380
vt 0.124500 0.931404
vt 0.131572 0.943929
vt 0.149815 0.927684
vt 0.147613 0.943568
vt 0.153783 0.937894
vt 0.157112 0.947381
vt 0.189563 0.942632
vt 0.155914 0.943380
vt 0.230019 0.962326
vt 0.302162 0.960584
vt 0.227813 0.920863
vt 0.189623 0.921840
vt 0.229631 0.937563
vt 0.189563 0.942632
vt 0.230070 0.941600
vt 0.309902 0.927496
vt 0.303085 0.919006
vt 0.229631 0.937563
vt 0.227813 0.920863
vt 0.230028 0.958247
vt 0.189509 0.963356
vt 0.230019 0.962326
vt 0.230028 0.958247
vt 0.309363 0.948362
vt 0.230070 0.941600
vt 0.314539 0.939582
vt 0.323822 0.918171
vt 0.303085 0.919006
vt 0.320342 0.925993
vt 0.309902 0.927496
vt 0.316355 0.935493
vt 0.309363 0.948362
vt 0.230028 0.958247
vt 0.302162 0.960584
vt 0.230019 0.962326
vt 0.320342 0.925993
vt 0.374426 0.917794
vt 0.323822 0.918171
vt 0.375366 0.915693
vt 0.320342 0.925993
vt 0.323822 0.918171
vt 0.309902 0.927496
vt 0.303085 0.919006
vt 0.227813 0.920863
vt 0.303085 0.919006
vt 0.229631 0.937563
vt 0.230070 0.941600
vt 0.309902 0.927496
vt 0.314539 0.939582
vt 0.316355 0.935493
vt 0.334996 0.960158
vt 0.359504 0.958923
vt 0.366811 0.939841
vt 0.368105 0.936900
vt 0.324849 0.946646
vt 0.319704 0.939506
vt 0.323822 0.918171
vt 0.375366 0.915693
vt 0.374426 0.917794
vt 0.320342 0.925993
vt 0.368105 0.936900
vt 0.316355 0.935493
vt 0.319704 0.939506
vt 0.366811 0.939841
vt 0.324849 0.946646
vt 0.359504 0.958923
vt 0.334996 0.960158
vt 0.374426 0.917794
vt 0.394310 0.917220
vt 0.375366 0.915693
vt 0.366811 0.939841
vt 0.394940 0.935256
vt 0.368105 0.936900
vt 0.154398 0.693823
vt 0.154998 0.665459
vt 0.155537 0.639984
vt 0.154998 0.665459
vt 0.155537 0.639984
vt 0.155637 0.635263
vt 0.155637 0.635263
vt 0.156434 0.597572
vt 0.119983 0.923406
vt 0.147908 0.922778
vt 0.119983 0.923406
vt 0.095927 0.923947
vt 0.095927 0.923947
vt 0.053316 0.924904
vt 0.115615 0.504493
vt 0.119277 0.524853
vt 0.046263 0.885702
vt 0.063063 0.885750
vt 0.079806 0.885336
vt 0.063063 0.885750
vn 0.248702 0.248702 -0.936106
vn 0.248702 0.248702 -0.936106
vn 0.248702 0.248702 -0.936106
vn 0.153196 -0.051099 -0.986874
vn 0.063902 0.191906 -0.979331
vn 0.255815 0.085305 -0.962955
vn 0.153098 -0.051099 -0.986889
vn 0.255908 0.085303 -0.962930
vn 0.085303 -0.255908 -0.962930
vn -0.064002 -0.191905 -0.979324
vn 0.153098 -0.051099 -0.986889
vn 0.085305 -0.255815 -0.962955
vn -0.063902 -0.191906 -0.979331
vn 0.085303 -0.255908 -0.962930
vn -0.255908 -0.085303 -0.962930
vn -0.153196 0.051099 -0.986874
vn -0.063902 -0.191906 -0.979331
vn -0.255815 -0.085305 -0.962955
vn -0.153098 0.051099 -0.986889
vn -0.255790 -0.085297 -0.962962
vn -0.085305 0.255815 -0.962955
vn 0.064002 0.191905 -0.979324
vn -0.153098 0.051099 -0.986889
vn -0.085305 0.255815 -0.962955
vn 0.153098 -0.051099 -0.986889
vn -0.064002 -0.191905 -0.979324
vn -0.153098 0.051099 -0.986889
vn 0.064002 0.191905 -0.979324
vn 0.153098 -0.051099 -0.986889
vn -0.153098 0.051099 -0.986889
vn 0.248702 0.248702 0.936106
vn 0.248702 0.248702 0.936106
vn 0.248702 0.248702 0.936106
vn 0.153196 -0.051099 0.986874
vn 0.255815 0.085305 0.962955
vn 0.063902 0.191906 0.979331
vn 0.153098 -0.051099 0.986889
vn 0.085303 -0.255908 0.962930
vn 0.255908 0.085303 0.962930
vn -0.064002 -0.191905 0.979324
vn 0.085305 -0.255815 0.962955
vn 0.153098 -0.051099 0.986889
vn -0.063902 -0.191906 0.979331
vn -0.255908 -0.085303 0.962930
vn 0.085303 -0.255908 0.962930
vn -0.153196 0.051099 0.986874
vn -0.255815 -0.085305 0.962955
vn -0.063902 -0.191906 0.979331
vn -0.153098 0.051099 0.986889
vn -0.085305 0.255815 0.962955
vn -0.255790 -0.085297 0.962962
vn 0.064002 0.191905 0.979324
vn -0.085305 0.255815 0.962955
vn -0.153098 0.051099 0.986889
vn 0.153098 -0.051099 0.986889
vn -0.153098 0.051099 0.986889
vn -0.064002 -0.191905 0.979324
vn 0.064002 0.191905 0.979324
vn -0.153098 0.051099 0.986889
vn 0.153098 -0.051099 0.986889
vn 0.561182 -0.827693 0.000000
vn 0.561182 -0.827693 0.000000
vn 0.561182 -0.827693 0.000000
vn 0.561181 -0.827693 0.000000
vn 0.561181 -0.827693 0.000000
vn 0.561181 -0.827693 0.000000
vn -0.561180 0.827694 0.000000
vn -0.561180 0.827694 0.000000
vn -0.561180 0.827694 0.000000
vn -0.561180 0.827694 0.000000
vn -0.561180 0.827694 0.000000
vn -0.561180 0.827694 0.000000
vn -0.057952 0.085024 -0.994692
vn -0.005769 0.008319 -0.999949
vn -0.031799 0.046714 -0.998402
vn -0.057531 0.084845 -0.994732
vn -0.057952 0.085024 -0.994692
vn -0.031799 0.046714 -0.998402
vn -0.005769 0.008319 -0.999949
vn 0.020396 -0.030089 -0.999339
vn 0.020548 -0.030149 -0.999334
vn -0.031799 0.046714 -0.998402
vn -0.005769 0.008319 -0.999949
vn 0.020548 -0.030149 -0.999334
vn -0.831657 -0.555289 0.000000
vn -0.832138 -0.554563 -0.002390
vn -0.831657 -0.555289 0.000000
vn -0.831657 -0.555289 0.000000
vn -0.832138 -0.554563 -0.002390
vn -0.832138 -0.554563 0.002390
vn -0.832138 -0.554563 -0.002390
vn -0.832401 -0.554173 -0.000430
vn -0.832138 -0.554563 0.002390
vn -0.832138 -0.554563 0.002390
vn -0.832401 -0.554173 -0.000430
vn -0.832401 -0.554173 0.000430
vn -0.057952 0.085024 0.994692
vn -0.031799 0.046714 0.998402
vn -0.005769 0.008319 0.999949
vn -0.057531 0.084845 0.994732
vn -0.031799 0.046714 0.998402
vn -0.057952 0.085024 0.994692
vn -0.005769 0.008319 0.999949
vn 0.020548 -0.030149 0.999334
vn 0.020396 -0.030089 0.999339
vn -0.031799 0.046714 0.998402
vn 0.020548 -0.030149 0.999334
vn -0.005769 0.008319 0.999949
vn 0.117077 -0.173461 -0.977857
vn 0.117077 -0.173461 -0.977857
vn 0.117077 -0.173461 -0.977857
vn 0.111228 -0.162970 -0.980341
vn 0.111228 -0.162970 -0.980341
vn 0.111227 -0.162969 -0.980342
vn -0.113971 0.172277 -0.978433
vn -0.113971 0.172277 -0.978433
vn -0.113971 0.172277 -0.978433
vn -0.129393 0.191708 -0.972885
vn -0.129393 0.191708 -0.972885
vn -0.129393 0.191708 -0.972885
vn -0.116759 0.170416 -0.978430
vn -0.116759 0.170416 -0.978430
vn -0.116759 0.170416 -0.978430
vn -0.113948 0.171010 -0.978658
vn -0.113948 0.171010 -0.978658
vn -0.113948 0.171010 -0.978658
vn 0.109400 -0.164185 -0.980344
vn 0.109400 -0.164185 -0.980344
vn 0.109400 -0.164185 -0.980344
vn 0.112080 -0.163585 -0.980142
vn 0.112080 -0.163585 -0.980142
vn 0.112080 -0.163585 -0.980142
vn -0.551745 0.834013 0.000000
vn -0.551745 0.834013 0.000000
vn -0.551745 0.834013 0.000000
vn -0.551745 0.834013 0.000000
vn -0.551745 0.834013 0.000000
vn -0.551745 0.834013 0.000000
vn -0.554505 0.832181 0.000000
vn -0.554505 0.832181 0.000000
vn -0.554505 0.832181 0.000000
vn -0.554505 0.832181 0.000000
vn -0.554505 0.832181 0.000000
vn -0.554505 0.832181 0.000000
vn -0.831716 -0.555202 0.000000
vn -0.831716 -0.555202 0.000000
vn -0.831716 -0.555202 0.000000
vn -0.831716 -0.555202 0.000000
vn -0.831716 -0.555202 0.000000
vn -0.831716 -0.555202 0.000000
vn -0.832626 -0.553836 0.000000
vn -0.832626 -0.553836 0.000000
vn -0.832626 -0.553836 0.000000
vn -0.832626 -0.553836 0.000000
vn -0.832626 -0.553836 0.000000
vn -0.832626 -0.553836 0.000000
vn 0.554501 -0.832183 0.000000
vn 0.554501 -0.832183 0.000000
vn 0.554501 -0.832183 0.000000
vn 0.554501 -0.832183 0.000000
vn 0.554501 -0.832183 0.000000
vn 0.554501 -0.832183 0.000000
vn 0.563723 -0.825964 0.000000
vn 0.563723 -0.825964 0.000000
vn 0.563723 -0.825964 0.000000
vn 0.563723 -0.825964 0.000000
vn 0.563723 -0.825964 0.000000
vn 0.563723 -0.825964 0.000000
vn 0.833102 0.553080 -0.006587
vn 0.833102 0.553080 -0.006587
vn 0.833102 0.553080 0.006587
vn 0.833102 0.553080 0.006587
vn 0.833102 0.553080 -0.006587
vn 0.833102 0.553080 0.006587
vn 0.833199 0.552935 -0.006587
vn 0.833199 0.552935 -0.006587
vn 0.833199 0.552935 0.006587
vn 0.833199 0.552935 0.006587
vn 0.833199 0.552935 -0.006587
vn 0.833199 0.552935 0.006587
vn 0.117077 -0.173461 0.977857
vn 0.117077 -0.173461 0.977857
vn 0.117077 -0.173461 0.977857
vn 0.111228 -0.162970 0.980341
vn 0.111227 -0.162969 0.980342
vn 0.111228 -0.162970 0.980341
vn -0.113971 0.172277 0.978433
vn -0.113971 0.172277 0.978433
vn -0.113971 0.172277 0.978433
vn -0.129393 0.191708 0.972885
vn -0.129393 0.191708 0.972885
vn -0.129393 0.191708 0.972885
vn -0.116759 0.170416 0.978430
vn -0.116759 0.170416 0.978430
vn -0.116759 0.170416 0.978430
vn -0.113948 0.171010 0.978658
vn -0.113948 0.171010 0.978658
vn -0.113948 0.171010 0.978658
vn 0.109400 -0.164185 0.980344
vn 0.109400 -0.164185 0.980344
vn 0.109400 -0.164185 0.980344
vn 0.112080 -0.163585 0.980142
vn 0.112080 -0.163585 0.980142
vn 0.112080 -0.163585 0.980142
vn -0.872473 -0.487725 -0.030244
vn -0.872473 -0.487725 -0.030244
vn -0.872473 -0.487725 -0.030244
vn -0.849995 -0.525930 -0.030117
vn -0.881994 -0.471199 0.007659
vn -0.820702 -0.571215 -0.012686
vn -0.881994 -0.471199 0.007659
vn -0.790336 -0.599373 -0.126969
vn -0.820702 -0.571215 -0.012686
vn -0.790336 -0.599373 -0.126969
vn -0.759519 -0.613298 -0.216787
vn -0.820702 -0.571215 -0.012686
vn -0.759519 -0.613298 -0.216787
vn -0.809408 -0.571117 -0.136689
vn -0.820702 -0.571215 -0.012686
vn -0.809408 -0.571117 -0.136689
vn -0.803689 -0.586215 -0.102160
vn -0.820702 -0.571215 -0.012686
vn -0.803689 -0.586215 -0.102160
vn -0.821145 -0.569607 -0.035607
vn -0.820702 -0.571215 -0.012686
vn -0.821145 -0.569607 -0.035607
vn -0.818981 -0.573285 -0.024801
vn -0.820702 -0.571215 -0.012686
vn -0.818981 -0.573285 -0.024801
vn -0.770976 -0.635532 -0.041162
vn -0.820702 -0.571215 -0.012686
vn -0.770976 -0.635532 -0.041162
vn -0.757849 -0.652430 0.000000
vn -0.820702 -0.571215 -0.012686
vn -0.803689 -0.586215 -0.102160
vn -0.809408 -0.571117 -0.136689
vn -0.812894 -0.580965 -0.041030
vn -0.812894 -0.580965 -0.041030
vn -0.809408 -0.571117 -0.136689
vn -0.812894 -0.580965 -0.041030
vn -0.816797 -0.576736 0.014768
vn -0.816797 -0.576736 0.014768
vn -0.816797 -0.576736 0.014768
vn -0.816797 -0.576736 0.014768
vn -0.816797 -0.576736 0.014768
vn -0.816797 -0.576736 0.014768
vn -0.790336 -0.599373 -0.126969
vn -0.656782 0.058008 0.751846
vn -0.759519 -0.613298 -0.216787
vn -0.759519 -0.613298 -0.216787
vn -0.656782 0.058008 0.751846
vn -0.656782 0.058008 0.751846
vn -0.881994 -0.471199 0.007659
vn -0.749731 -0.640869 -0.164894
vn -0.790336 -0.599373 -0.126969
vn -0.790336 -0.599373 -0.126969
vn -0.749731 -0.640869 -0.164894
vn -0.749731 -0.640869 -0.164894
vn -0.881994 -0.471199 0.007659
vn -0.849995 -0.525930 -0.030117
vn -0.819050 -0.573723 -0.000001
vn -0.819050 -0.573723 -0.000001
vn -0.849995 -0.525930 -0.030117
vn -0.819050 -0.573723 -0.000001
vn -0.862638 -0.505822 0.000000
vn -0.806612 -0.590986 0.010592
vn -0.849995 -0.525930 -0.030117
vn -0.849995 -0.525930 -0.030117
vn -0.806612 -0.590986 0.010592
vn -0.806613 -0.590985 0.010592
vn -0.821145 -0.569607 -0.035607
vn -0.803689 -0.586215 -0.102160
vn -0.822789 -0.568223 0.011843
vn -0.822789 -0.568223 0.011843
vn -0.803689 -0.586215 -0.102160
vn -0.822789 -0.568223 0.011843
vn -0.818981 -0.573285 -0.024801
vn -0.821145 -0.569607 -0.035607
vn -0.844473 -0.535422 0.013696
vn -0.844473 -0.535422 0.013696
vn -0.821145 -0.569607 -0.035607
vn -0.844473 -0.535422 0.013696
vn -0.818981 -0.573285 -0.024801
vn -0.819049 -0.573724 0.000002
vn -0.770976 -0.635532 -0.041162
vn -0.770976 -0.635532 -0.041162
vn -0.819049 -0.573724 0.000002
vn -0.819049 -0.573724 0.000002
vn -0.860698 -0.508133 0.031620
vn -0.860698 -0.508133 0.031620
vn -0.860698 -0.508133 0.031620
vn -0.860698 -0.508133 0.031620
vn -0.860698 -0.508133 0.031620
vn -0.860698 -0.508133 0.031620
vn -0.862638 -0.505822 0.000000
vn -0.820702 -0.571215 -0.012686
vn -0.849995 -0.525929 0.030117
vn -0.849995 -0.525929 0.030117
vn -0.820702 -0.571215 -0.012686
vn -0.847734 -0.525330 0.073314
vn -0.847734 -0.525330 0.073314
vn -0.820702 -0.571215 -0.012686
vn -0.827316 -0.557421 0.069502
vn -0.827316 -0.557421 0.069502
vn -0.820702 -0.571215 -0.012686
vn -0.823557 -0.559945 0.090638
vn -0.823557 -0.559945 0.090638
vn -0.820702 -0.571215 -0.012686
vn -0.809407 -0.571118 0.136689
vn -0.809407 -0.571118 0.136689
vn -0.820702 -0.571215 -0.012686
vn -0.811722 -0.582772 0.038520
vn -0.811722 -0.582772 0.038520
vn -0.820702 -0.571215 -0.012686
vn -0.809564 -0.586550 0.023764
vn -0.809564 -0.586550 0.023764
vn -0.820702 -0.571215 -0.012686
vn -0.794688 -0.604963 0.049906
vn -0.794688 -0.604963 0.049906
vn -0.820702 -0.571215 -0.012686
vn -0.770976 -0.635532 0.041162
vn -0.770976 -0.635532 0.041162
vn -0.820702 -0.571215 -0.012686
vn -0.757849 -0.652430 0.000000
vn -0.811722 -0.582772 0.038520
vn -0.812892 -0.580967 0.041030
vn -0.809407 -0.571118 0.136689
vn -0.809407 -0.571118 0.136689
vn -0.812892 -0.580967 0.041030
vn -0.812892 -0.580967 0.041030
vn -0.816795 -0.576739 -0.014768
vn -0.816795 -0.576739 -0.014768
vn -0.816795 -0.576739 -0.014768
vn -0.816795 -0.576739 -0.014768
vn -0.816795 -0.576739 -0.014768
vn -0.816795 -0.576739 -0.014768
vn -0.823557 -0.559945 0.090638
vn -0.819890 -0.570782 0.044601
vn -0.827316 -0.557421 0.069502
vn -0.827316 -0.557421 0.069502
vn -0.819890 -0.570782 0.044601
vn -0.819890 -0.570782 0.044601
vn -0.827316 -0.557421 0.069502
vn -0.822466 -0.567653 0.036333
vn -0.847734 -0.525330 0.073314
vn -0.847734 -0.525330 0.073314
vn -0.822466 -0.567653 0.036333
vn -0.822466 -0.567653 0.036333
vn -0.847734 -0.525330 0.073314
vn -0.819052 -0.573720 0.000001
vn -0.849995 -0.525929 0.030117
vn -0.849995 -0.525929 0.030117
vn -0.819052 -0.573720 0.000001
vn -0.819052 -0.573720 0.000001
vn -0.806613 -0.590985 -0.010592
vn -0.806613 -0.590985 -0.010592
vn -0.849995 -0.525929 0.030117
vn -0.849995 -0.525929 0.030117
vn -0.806613 -0.590985 -0.010592
vn -0.862638 -0.505822 0.000000
vn -0.817553 -0.575554 -0.018575
vn -0.817553 -0.575554 -0.018575
vn -0.809564 -0.586550 0.023764
vn -0.809564 -0.586550 0.023764
vn -0.817553 -0.575554 -0.018575
vn -0.811722 -0.582772 0.038520
vn -0.794688 -0.604963 0.049906
vn -0.829232 -0.558711 -0.014721
vn -0.809564 -0.586550 0.023764
vn -0.809564 -0.586550 0.023764
vn -0.829232 -0.558711 -0.014721
vn -0.829232 -0.558711 -0.014721
vn -0.819049 -0.573724 -0.000002
vn -0.819049 -0.573724 -0.000002
vn -0.770976 -0.635532 0.041162
vn -0.770976 -0.635532 0.041162
vn -0.819049 -0.573724 -0.000002
vn -0.794688 -0.604963 0.049906
vn -0.860696 -0.508136 -0.031620
vn -0.860696 -0.508136 -0.031620
vn -0.860696 -0.508136 -0.031620
vn -0.860696 -0.508136 -0.031620
vn -0.860696 -0.508136 -0.031620
vn -0.860696 -0.508136 -0.031620
vn -0.207527 0.296267 -0.932287
vn -0.207527 0.296267 -0.932287
vn -0.187176 0.309526 -0.932287
vn -0.187176 0.309526 -0.932287
vn -0.207527 0.296267 -0.932287
vn -0.187176 0.309526 -0.932287
vn -0.506939 0.723709 -0.468250
vn -0.506939 0.723709 -0.468250
vn -0.457227 0.756099 -0.468250
vn -0.457227 0.756099 -0.468250
vn -0.506939 0.723709 -0.468250
vn -0.457227 0.756099 -0.468250
vn 0.547172 -0.781142 -0.300699
vn 0.547172 -0.781142 -0.300699
vn 0.493510 -0.816105 -0.300699
vn 0.493510 -0.816105 -0.300699
vn 0.547172 -0.781142 -0.300699
vn 0.493510 -0.816105 -0.300699
vn 0.283191 -0.404284 -0.869688
vn 0.283191 -0.404284 -0.869688
vn 0.255419 -0.422379 -0.869688
vn 0.255419 -0.422379 -0.869688
vn 0.283191 -0.404284 -0.869688
vn 0.255419 -0.422379 -0.869688
vn -0.555725 0.793354 0.248512
vn -0.555725 0.793354 0.248512
vn -0.501226 0.828863 0.248512
vn -0.501226 0.828863 0.248512
vn -0.555725 0.793354 0.248512
vn -0.501226 0.828863 0.248512
vn 0.380728 -0.543528 -0.748080
vn 0.380728 -0.543528 -0.748080
vn 0.343391 -0.567855 -0.748080
vn 0.343391 -0.567855 -0.748080
vn 0.380728 -0.543528 -0.748080
vn 0.343391 -0.567855 -0.748080
vn -0.551381 0.787153 -0.276351
vn -0.551381 0.787153 -0.276351
vn -0.497308 0.822384 -0.276351
vn -0.497308 0.822384 -0.276351
vn -0.551381 0.787153 -0.276351
vn -0.497308 0.822384 -0.276351
vn -0.395552 0.564693 0.724334
vn -0.395552 0.564693 0.724334
vn -0.356763 0.589966 0.724334
vn -0.356763 0.589966 0.724334
vn -0.395552 0.564693 0.724334
vn -0.356763 0.589966 0.724334
vn 0.328325 -0.468717 -0.820065
vn 0.328325 -0.468717 -0.820065
vn 0.296127 -0.489695 -0.820065
vn 0.296127 -0.489695 -0.820065
vn 0.328325 -0.468717 -0.820065
vn 0.296127 -0.489695 -0.820065
vn -0.102399 0.146184 -0.983943
vn -0.102399 0.146184 -0.983943
vn -0.092356 0.152728 -0.983943
vn -0.092356 0.152728 -0.983943
vn -0.102399 0.146184 -0.983943
vn -0.092356 0.152728 -0.983943
vn -0.429477 0.613123 0.663046
vn -0.429477 0.613123 0.663046
vn -0.387359 0.640565 0.663046
vn -0.387359 0.640565 0.663046
vn -0.429477 0.613123 0.663046
vn -0.387359 0.640565 0.663046
vn -0.091080 0.130025 -0.987319
vn -0.091080 0.130025 -0.987319
vn -0.082148 0.135845 -0.987319
vn -0.082148 0.135845 -0.987319
vn -0.091080 0.130025 -0.987319
vn -0.082148 0.135845 -0.987319
vn -0.493202 0.704096 -0.510883
vn -0.493202 0.704096 -0.510883
vn -0.444834 0.735610 -0.510883
vn -0.444834 0.735610 -0.510883
vn -0.493202 0.704096 -0.510883
vn -0.444834 0.735610 -0.510883
vn -0.088105 0.125778 0.988138
vn -0.088105 0.125778 0.988138
vn -0.079464 0.131409 0.988138
vn -0.079464 0.131409 0.988138
vn -0.088105 0.125778 0.988138
vn -0.079464 0.131409 0.988138
vn -0.088105 0.125778 -0.988138
vn -0.088105 0.125778 -0.988138
vn -0.079464 0.131409 -0.988138
vn -0.079464 0.131409 -0.988138
vn -0.088105 0.125778 -0.988138
vn -0.079464 0.131409 -0.988138
vn -0.493201 0.704095 0.510885
vn -0.493201 0.704095 0.510885
vn -0.444833 0.735609 0.510885
vn -0.444833 0.735609 0.510885
vn -0.493201 0.704095 0.510885
vn -0.444833 0.735609 0.510885
vn -0.091080 0.130025 0.987319
vn -0.091080 0.130025 0.987319
vn -0.082148 0.135845 0.987319
vn -0.082148 0.135845 0.987319
vn -0.091080 0.130025 0.987319
vn -0.082148 0.135845 0.987319
vn -0.429477 0.613123 -0.663046
vn -0.429477 0.613123 -0.663046
vn -0.387359 0.640565 -0.663046
vn -0.387359 0.640565 -0.663046
vn -0.429477 0.613123 -0.663046
vn -0.387359 0.640565 -0.663046
vn -0.102399 0.146184 0.983943
vn -0.102399 0.146184 0.983943
vn -0.092356 0.152728 0.983943
vn -0.092356 0.152728 0.983943
vn -0.102399 0.146184 0.983943
vn -0.092356 0.152728 0.983943
vn 0.328325 -0.468717 0.820065
vn 0.328325 -0.468717 0.820065
vn 0.296127 -0.489696 0.820065
vn 0.296127 -0.489696 0.820065
vn 0.328325 -0.468717 0.820065
vn 0.296127 -0.489696 0.820065
vn -0.500394 0.714365 -0.489172
vn -0.500394 0.714365 -0.489172
vn -0.451323 0.746337 -0.489172
vn -0.451323 0.746337 -0.489172
vn -0.500394 0.714365 -0.489172
vn -0.451323 0.746337 -0.489172
vn -0.502249 0.717012 -0.483364
vn -0.502249 0.717012 -0.483364
vn -0.452994 0.749103 -0.483364
vn -0.452994 0.749103 -0.483364
vn -0.502249 0.717012 -0.483364
vn -0.452994 0.749103 -0.483364
vn 0.465141 -0.664039 0.585403
vn 0.465141 -0.664039 0.585403
vn 0.419528 -0.693758 0.585403
vn 0.419528 -0.693758 0.585403
vn 0.465141 -0.664039 0.585403
vn 0.419528 -0.693758 0.585403
vn -0.522482 0.745898 -0.413096
vn -0.522482 0.745898 -0.413096
vn -0.471246 0.779281 -0.413096
vn -0.471246 0.779281 -0.413096
vn -0.522482 0.745898 -0.413096
vn -0.471246 0.779281 -0.413096
vn -0.395251 0.564261 0.724836
vn -0.395251 0.564261 0.724836
vn -0.356489 0.589515 0.724836
vn -0.356489 0.589515 0.724836
vn -0.395251 0.564261 0.724836
vn -0.356489 0.589515 0.724836
vn 0.514893 -0.735062 0.441100
vn 0.514893 -0.735062 0.441100
vn 0.464399 -0.767961 0.441100
vn 0.464399 -0.767961 0.441100
vn 0.514893 -0.735062 0.441100
vn 0.464399 -0.767961 0.441100
vn -0.506939 0.723709 0.468250
vn -0.506939 0.723709 0.468250
vn -0.457227 0.756099 0.468250
vn -0.457227 0.756099 0.468250
vn -0.506939 0.723709 0.468250
vn -0.457227 0.756099 0.468250
vn -0.207527 0.296267 0.932287
vn -0.207527 0.296266 0.932287
vn -0.187176 0.309526 0.932287
vn -0.187176 0.309526 0.932287
vn -0.207527 0.296266 0.932287
vn -0.187176 0.309526 0.932287
vn 0.548720 -0.783350 -0.292008
vn 0.548720 -0.783350 -0.292008
vn 0.494905 -0.818414 -0.292008
vn 0.494905 -0.818414 -0.292008
vn 0.548720 -0.783350 -0.292008
vn 0.494905 -0.818414 -0.292008
vn -0.569963 0.813672 -0.114374
vn -0.569963 0.813672 -0.114374
vn -0.514060 0.850095 -0.114374
vn -0.514060 0.850095 -0.114374
vn -0.569963 0.813672 -0.114374
vn -0.514060 0.850095 -0.114374
vn 0.231710 -0.330784 0.914818
vn 0.231710 -0.330784 0.914818
vn 0.208982 -0.345593 0.914818
vn 0.208982 -0.345593 0.914818
vn 0.231710 -0.330784 0.914818
vn 0.208982 -0.345593 0.914818
vn 0.553187 -0.789733 0.265153
vn 0.553187 -0.789733 0.265153
vn 0.498939 -0.825078 0.265153
vn 0.498939 -0.825078 0.265153
vn 0.553187 -0.789733 0.265153
vn 0.498939 -0.825078 0.265153
vn -0.573304 0.818455 0.038124
vn -0.573304 0.818455 0.038124
vn -0.517086 0.855084 0.038124
vn -0.517086 0.855084 0.038124
vn -0.573304 0.818455 0.038124
vn -0.517086 0.855084 0.038124
vn -0.076674 0.109460 0.991030
vn -0.076674 0.109460 0.991030
vn -0.069154 0.114359 0.991030
vn -0.069154 0.114359 0.991030
vn -0.076674 0.109460 0.991030
vn -0.069154 0.114359 0.991030
vn -0.305994 0.436833 0.845898
vn -0.305993 0.436834 0.845899
vn -0.275982 0.456388 0.845898
vn -0.275982 0.456388 0.845898
vn -0.305993 0.436834 0.845899
vn -0.275982 0.456387 0.845899
vn -0.222132 0.317113 0.922007
vn -0.222132 0.317113 0.922007
vn -0.200346 0.331308 0.922007
vn -0.200346 0.331308 0.922007
vn -0.222132 0.317113 0.922007
vn -0.200346 0.331308 0.922007
vn 0.425365 -0.607247 -0.671056
vn 0.425365 -0.607247 -0.671056
vn 0.383646 -0.634429 -0.671056
vn 0.383646 -0.634429 -0.671056
vn 0.425365 -0.607247 -0.671056
vn 0.383646 -0.634429 -0.671056
vn 0.424621 -0.606195 -0.672477
vn 0.424621 -0.606195 -0.672477
vn 0.382984 -0.633323 -0.672477
vn 0.382984 -0.633323 -0.672477
vn 0.424621 -0.606195 -0.672477
vn 0.382984 -0.633323 -0.672477
vn -0.364936 0.520985 0.771619
vn -0.364936 0.520985 0.771619
vn -0.329149 0.544302 0.771619
vn -0.329149 0.544302 0.771619
vn -0.364936 0.520985 0.771619
vn -0.329149 0.544302 0.771619
vn 0.193002 -0.275529 0.941719
vn 0.193002 -0.275529 0.941719
vn 0.174074 -0.287861 0.941719
vn 0.174074 -0.287861 0.941719
vn 0.193002 -0.275529 0.941719
vn 0.174074 -0.287861 0.941719
vn 0.416568 -0.594690 -0.687615
vn 0.416568 -0.594690 -0.687615
vn 0.375713 -0.621310 -0.687615
vn 0.375713 -0.621310 -0.687615
vn 0.416568 -0.594690 -0.687615
vn 0.375713 -0.621310 -0.687615
vn -0.551737 0.787647 0.274222
vn -0.551737 0.787647 0.274222
vn -0.497617 0.822909 0.274222
vn -0.497617 0.822909 0.274222
vn -0.551737 0.787647 0.274222
vn -0.497617 0.822909 0.274222
vn 0.462473 -0.660221 0.591800
vn 0.462473 -0.660221 0.591800
vn 0.417113 -0.689775 0.591800
vn 0.417113 -0.689775 0.591800
vn 0.462473 -0.660221 0.591800
vn 0.417113 -0.689775 0.591800
vn 0.516705 -0.737647 -0.434619
vn 0.516705 -0.737647 -0.434619
vn 0.466031 -0.770663 -0.434619
vn 0.466031 -0.770663 -0.434619
vn 0.516705 -0.737647 -0.434619
vn 0.466031 -0.770663 -0.434619
vn 0.516705 -0.737647 0.434619
vn 0.516705 -0.737647 0.434619
vn 0.466031 -0.770663 0.434619
vn 0.466031 -0.770663 0.434619
vn 0.516705 -0.737647 0.434619
vn 0.466031 -0.770663 0.434619
vn 0.462473 -0.660221 -0.591800
vn 0.462473 -0.660221 -0.591800
vn 0.417113 -0.689775 -0.591800
vn 0.417113 -0.689775 -0.591800
vn 0.462473 -0.660221 -0.591800
vn 0.417113 -0.689775 -0.591800
vn -0.551737 0.787648 -0.274221
vn -0.551737 0.787648 -0.274221
vn -0.497618 0.822909 -0.274221
vn -0.497618 0.822909 -0.274221
vn -0.551737 0.787648 -0.274221
vn -0.497618 0.822909 -0.274221
vn 0.416567 -0.594691 0.687615
vn 0.416567 -0.594691 0.687615
vn 0.375714 -0.621309 0.687615
vn 0.375714 -0.621309 0.687615
vn 0.416567 -0.594691 0.687615
vn 0.375714 -0.621309 0.687615
vn 0.193002 -0.275530 -0.941718
vn 0.193002 -0.275530 -0.941718
vn 0.174075 -0.287863 -0.941718
vn 0.174075 -0.287863 -0.941718
vn 0.193002 -0.275530 -0.941718
vn 0.174075 -0.287863 -0.941718
vn -0.364936 0.520985 -0.771619
vn -0.364936 0.520985 -0.771619
vn -0.329149 0.544303 -0.771619
vn -0.329149 0.544303 -0.771619
vn -0.364936 0.520985 -0.771619
vn -0.329149 0.544303 -0.771619
vn 0.424621 -0.606195 0.672477
vn 0.424621 -0.606195 0.672477
vn 0.382984 -0.633323 0.672477
vn 0.382984 -0.633323 0.672477
vn 0.424621 -0.606195 0.672477
vn 0.382984 -0.633323 0.672477
vn -0.062989 0.089921 -0.993955
vn -0.062989 0.089921 -0.993955
vn -0.056809 0.093947 -0.993955
vn -0.056809 0.093947 -0.993955
vn -0.062989 0.089921 -0.993955
vn -0.056809 0.093947 -0.993955
vn -0.222133 0.317113 -0.922007
vn -0.222133 0.317113 -0.922007
vn -0.200345 0.331308 -0.922007
vn -0.200345 0.331308 -0.922007
vn -0.222133 0.317113 -0.922007
vn -0.200345 0.331308 -0.922007
vn 0.485895 -0.693660 0.531734
vn 0.485895 -0.693660 0.531734
vn 0.438240 -0.724710 0.531734
vn 0.438240 -0.724710 0.531734
vn 0.485895 -0.693660 0.531734
vn 0.438240 -0.724710 0.531734
vn -0.076674 0.109459 -0.991030
vn -0.076674 0.109459 -0.991030
vn -0.069154 0.114358 -0.991030
vn -0.069154 0.114358 -0.991030
vn -0.076674 0.109459 -0.991030
vn -0.069154 0.114358 -0.991030
vn -0.474236 0.677024 -0.562795
vn -0.474236 0.677024 -0.562795
vn -0.427733 0.707323 -0.562795
vn -0.427733 0.707323 -0.562795
vn -0.474236 0.677024 -0.562795
vn -0.427733 0.707323 -0.562795
vn 0.553187 -0.789733 -0.265153
vn 0.553187 -0.789733 -0.265153
vn 0.498939 -0.825078 -0.265153
vn 0.498939 -0.825078 -0.265153
vn 0.553187 -0.789733 -0.265153
vn 0.498939 -0.825078 -0.265153
vn 0.231711 -0.330785 -0.914818
vn 0.231711 -0.330785 -0.914818
vn 0.208983 -0.345593 -0.914818
vn 0.208983 -0.345593 -0.914818
vn 0.231711 -0.330785 -0.914818
vn 0.208983 -0.345593 -0.914818
vn -0.569963 0.813672 0.114374
vn -0.569963 0.813672 0.114374
vn -0.514060 0.850095 0.114374
vn -0.514060 0.850095 0.114374
vn -0.569963 0.813672 0.114374
vn -0.514060 0.850095 0.114374
vn 0.548720 -0.783350 0.292008
vn 0.548720 -0.783350 0.292008
vn 0.494905 -0.818414 0.292008
vn 0.494905 -0.818414 0.292008
vn 0.548720 -0.783350 0.292008
vn 0.494905 -0.818414 0.292008
vn 0.798619 0.601076 -0.030235
vn 0.798619 0.601076 -0.030235
vn 0.798619 0.601076 -0.030235
vn 0.824489 0.565076 -0.030117
vn 0.854081 0.519986 -0.012686
vn 0.787350 0.616459 0.007659
vn 0.787350 0.616459 0.007659
vn 0.854081 0.519986 -0.012686
vn 0.867571 0.480832 -0.126969
vn 0.867571 0.480832 -0.126969
vn 0.854081 0.519986 -0.012686
vn 0.867859 0.447017 -0.216787
vn 0.867859 0.447017 -0.216787
vn 0.854081 0.519986 -0.012686
vn 0.849429 0.509693 -0.136689
vn 0.849429 0.509693 -0.136689
vn 0.854081 0.519986 -0.012686
vn 0.860929 0.498362 -0.102160
vn 0.860929 0.498362 -0.102160
vn 0.854081 0.519986 -0.012686
vn 0.852789 0.521041 -0.035607
vn 0.852789 0.521041 -0.035607
vn 0.854081 0.519986 -0.012686
vn 0.855279 0.517575 -0.024801
vn 0.855279 0.517575 -0.024801
vn 0.854081 0.519986 -0.012686
vn 0.892827 0.448515 -0.041162
vn 0.892827 0.448515 -0.041162
vn 0.854081 0.519986 -0.012686
vn 0.902981 0.429680 0.000000
vn 0.860929 0.498362 -0.102160
vn 0.859846 0.508903 -0.041030
vn 0.849429 0.509693 -0.136689
vn 0.849429 0.509693 -0.136689
vn 0.859846 0.508903 -0.041030
vn 0.859846 0.508903 -0.041030
vn 0.857554 0.514183 0.014768
vn 0.857554 0.514183 0.014768
vn 0.857554 0.514183 0.014768
vn 0.857554 0.514183 0.014768
vn 0.857554 0.514183 0.014768
vn 0.857554 0.514183 0.014768
vn 0.867571 0.480832 -0.126969
vn 0.867859 0.447017 -0.216787
vn 0.212269 0.624235 0.751846
vn 0.867859 0.447017 -0.216787
vn 0.212269 0.624235 0.751846
vn 0.212269 0.624235 0.751846
vn 0.889126 0.426925 -0.164894
vn 0.889126 0.426925 -0.164894
vn 0.867571 0.480832 -0.126969
vn 0.867571 0.480832 -0.126969
vn 0.889126 0.426925 -0.164894
vn 0.787350 0.616459 0.007659
vn 0.787350 0.616459 0.007659
vn 0.855707 0.517461 -0.000001
vn 0.824489 0.565076 -0.030117
vn 0.824489 0.565076 -0.030117
vn 0.855707 0.517461 -0.000001
vn 0.855707 0.517461 -0.000001
vn 0.866474 0.499110 0.010592
vn 0.866474 0.499109 0.010592
vn 0.824489 0.565076 -0.030117
vn 0.824489 0.565076 -0.030117
vn 0.866474 0.499109 0.010592
vn 0.811202 0.584765 0.000000
vn 0.852789 0.521041 -0.035607
vn 0.852187 0.523104 0.011843
vn 0.860929 0.498362 -0.102160
vn 0.860929 0.498362 -0.102160
vn 0.852187 0.523104 0.011843
vn 0.852187 0.523104 0.011843
vn 0.855279 0.517575 -0.024801
vn 0.830942 0.556190 0.013696
vn 0.852789 0.521041 -0.035607
vn 0.852789 0.521041 -0.035607
vn 0.830942 0.556190 0.013696
vn 0.830942 0.556190 0.013696
vn 0.855708 0.517460 0.000002
vn 0.855708 0.517460 0.000002
vn 0.892827 0.448515 -0.041162
vn 0.892827 0.448515 -0.041162
vn 0.855708 0.517460 0.000002
vn 0.855279 0.517575 -0.024801
vn 0.812533 0.582057 0.031620
vn 0.812533 0.582057 0.031620
vn 0.812533 0.582057 0.031620
vn 0.812533 0.582057 0.031620
vn 0.812533 0.582057 0.031620
vn 0.812533 0.582057 0.031620
vn 0.811202 0.584765 0.000000
vn 0.824488 0.565077 0.030117
vn 0.854081 0.519986 -0.012686
vn 0.824488 0.565077 0.030117
vn 0.823028 0.563250 0.073314
vn 0.854081 0.519986 -0.012686
vn 0.823028 0.563250 0.073314
vn 0.844135 0.531607 0.069502
vn 0.854081 0.519986 -0.012686
vn 0.844135 0.531607 0.069502
vn 0.844925 0.527150 0.090638
vn 0.854081 0.519986 -0.012686
vn 0.844925 0.527150 0.090638
vn 0.849429 0.509692 0.136689
vn 0.854081 0.519986 -0.012686
vn 0.849429 0.509692 0.136689
vn 0.861025 0.507102 0.038520
vn 0.854081 0.519986 -0.012686
vn 0.861025 0.507102 0.038520
vn 0.863609 0.503602 0.023764
vn 0.854081 0.519986 -0.012686
vn 0.863609 0.503602 0.023764
vn 0.874443 0.482556 0.049906
vn 0.854081 0.519986 -0.012686
vn 0.874443 0.482556 0.049906
vn 0.892827 0.448515 0.041162
vn 0.854081 0.519986 -0.012686
vn 0.892827 0.448515 0.041162
vn 0.902981 0.429680 0.000000
vn 0.854081 0.519986 -0.012686
vn 0.861025 0.507102 0.038520
vn 0.849429 0.509692 0.136689
vn 0.859847 0.508901 0.041030
vn 0.859847 0.508901 0.041030
vn 0.849429 0.509692 0.136689
vn 0.859847 0.508901 0.041030
vn 0.857555 0.514180 -0.014768
vn 0.857555 0.514180 -0.014768
vn 0.857555 0.514180 -0.014768
vn 0.857555 0.514180 -0.014768
vn 0.857555 0.514180 -0.014768
vn 0.857555 0.514180 -0.014768
vn 0.844925 0.527150 0.090638
vn 0.844135 0.531607 0.069502
vn 0.853356 0.519417 0.044601
vn 0.853356 0.519417 0.044601
vn 0.844135 0.531607 0.069502
vn 0.853356 0.519417 0.044601
vn 0.844135 0.531607 0.069502
vn 0.823028 0.563250 0.073314
vn 0.851535 0.523038 0.036333
vn 0.851535 0.523038 0.036333
vn 0.823028 0.563250 0.073314
vn 0.851535 0.523038 0.036333
vn 0.823028 0.563250 0.073314
vn 0.824488 0.565077 0.030117
vn 0.855705 0.517465 0.000001
vn 0.855705 0.517465 0.000001
vn 0.824488 0.565077 0.030117
vn 0.855705 0.517465 0.000001
vn 0.811202 0.584765 0.000000
vn 0.866474 0.499110 -0.010592
vn 0.824488 0.565077 0.030117
vn 0.824488 0.565077 0.030117
vn 0.866474 0.499110 -0.010592
vn 0.866474 0.499110 -0.010592
vn 0.861025 0.507102 0.038520
vn 0.856778 0.515351 -0.018575
vn 0.863609 0.503602 0.023764
vn 0.863609 0.503602 0.023764
vn 0.856778 0.515351 -0.018575
vn 0.856778 0.515351 -0.018575
vn 0.874443 0.482556 0.049906
vn 0.863609 0.503602 0.023764
vn 0.846088 0.532840 -0.014721
vn 0.846088 0.532840 -0.014721
vn 0.863609 0.503602 0.023764
vn 0.846088 0.532840 -0.014721
vn 0.874443 0.482556 0.049906
vn 0.855708 0.517460 -0.000002
vn 0.892827 0.448515 0.041162
vn 0.892827 0.448515 0.041162
vn 0.855708 0.517460 -0.000002
vn 0.855708 0.517460 -0.000002
vn 0.812535 0.582054 -0.031620
vn 0.812535 0.582054 -0.031620
vn 0.812535 0.582054 -0.031620
vn 0.812535 0.582054 -0.031620
vn 0.812535 0.582054 -0.031620
vn 0.812535 0.582054 -0.031620
vn -0.000000 0.000000 -1.000000
vn -0.000000 0.000000 -1.000000
vn -0.000000 0.000000 -1.000000
vn -0.001631 -0.001100 -0.999998
vn 0.000000 0.000000 -1.000000
vn 0.000000 0.000000 -1.000000
vn 0.000000 0.000000 -1.000000
vn 0.000000 0.000000 -1.000000
vn 0.000000 0.000000 -1.000000
vn 0.000000 0.000000 -1.000000
vn 0.000000 0.000000 -1.000000
vn 0.000000 0.000000 -1.000000
vn 0.000000 0.000000 -1.000000
vn 0.000000 0.000000 -1.000000
vn 0.000000 0.000000 -1.000000
vn 0.000000 0.000000 -1.000000
vn 0.000000 0.000000 -1.000000
vn 0.000000 0.000000 -1.000000
vn 0.000000 0.000000 -1.000000
vn 0.000000 0.000000 -1.000000
vn 0.000000 0.000000 -1.000000
vn 0.000000 0.000000 -1.000000
vn 0.000000 0.000000 -1.000000
vn 0.000000 0.000000 -1.000000
vn 0.000000 0.000000 -1.000000
vn 0.000000 0.000000 -1.000000
vn 0.000000 0.000000 -1.000000
vn 0.000000 0.000000 -1.000000
vn 0.000000 0.000000 -1.000000
vn 0.000000 0.000000 -1.000000
vn 0.000000 0.000000 -1.000000
vn 0.000000 0.000000 -1.000000
vn 0.000000 0.000000 -1.000000
vn 0.000000 0.000000 -1.000000
vn 0.000000 0.000000 -1.000000
vn 0.000000 0.000000 -1.000000
vn 0.000000 0.000000 -1.000000
vn 0.000000 0.000000 -1.000000
vn 0.000000 0.000000 -1.000000
vn 0.000000 0.000000 -1.000000
vn 0.000000 0.000000 -1.000000
vn 0.000000 0.000000 -1.000000
vn 0.493055 -0.869998 0.000000
vn 0.569599 -0.821923 0.000000
vn 0.493055 -0.869998 0.000000
vn 0.493055 -0.869998 0.000000
vn 0.569599 -0.821923 0.000000
vn 0.569599 -0.821923 0.000000
vn 0.825803 0.563958 0.000000
vn 0.825803 0.563958 0.000000
vn 0.825803 0.563958 0.000000
vn 0.825803 0.563958 0.000000
vn 0.825803 0.563958 0.000000
vn 0.825803 0.563958 0.000000
vn 0.000096 -0.001103 -0.999999
vn 0.000215 -0.000313 -1.000000
vn -0.000714 -0.001039 -0.999999
vn -0.000714 -0.001039 -0.999999
vn 0.000215 -0.000313 -1.000000
vn 0.000215 -0.000313 -1.000000
vn 0.593840 -0.804583 0.000000
vn 0.604166 -0.796859 0.000000
vn 0.604166 -0.796859 0.000000
vn 0.499982 -0.866036 -0.000001
vn 0.499982 -0.866036 -0.000001
vn 0.499982 -0.866036 0.000001
vn 0.499982 -0.866036 0.000001
vn 0.499982 -0.866036 -0.000001
vn 0.499982 -0.866036 0.000001
vn 0.602075 -0.798440 -0.000004
vn 0.602075 -0.798440 -0.000004
vn 0.602075 -0.798440 0.000004
vn 0.602075 -0.798440 0.000004
vn 0.602075 -0.798440 -0.000004
vn 0.602075 -0.798440 0.000004
vn 0.430168 -0.902749 0.000000
vn 0.430168 -0.902749 0.000000
vn 0.430168 -0.902749 0.000000
vn 0.430168 -0.902749 0.000000
vn 0.430168 -0.902749 0.000000
vn 0.430168 -0.902749 0.000000
vn 0.593008 -0.805196 0.000001
vn 0.593008 -0.805196 0.000001
vn 0.593008 -0.805196 -0.000001
vn 0.593008 -0.805196 -0.000001
vn 0.593008 -0.805196 0.000001
vn 0.593008 -0.805196 -0.000001
vn 0.486530 -0.873664 0.000000
vn 0.486530 -0.873664 0.000000
vn 0.486530 -0.873664 0.000000
vn 0.486530 -0.873664 0.000000
vn 0.486530 -0.873664 0.000000
vn 0.486530 -0.873664 0.000000
vn 0.491367 -0.870952 0.000000
vn 0.491367 -0.870952 0.000000
vn 0.491367 -0.870952 0.000000
vn 0.491367 -0.870952 0.000000
vn 0.491367 -0.870952 0.000000
vn 0.491367 -0.870952 0.000000
vn 0.675576 -0.737290 0.000000
vn 0.675576 -0.737290 0.000000
vn 0.675576 -0.737290 0.000000
vn 0.675576 -0.737290 0.000000
vn 0.675576 -0.737290 0.000000
vn 0.675576 -0.737290 0.000000
vn 0.519914 -0.854218 0.000000
vn 0.519914 -0.854218 0.000000
vn 0.519914 -0.854218 0.000000
vn 0.519914 -0.854218 0.000000
vn 0.519914 -0.854218 0.000000
vn 0.519914 -0.854218 0.000000
vn 0.479573 -0.877502 0.000000
vn 0.479573 -0.877502 0.000000
vn 0.479573 -0.877502 0.000000
vn 0.479573 -0.877502 0.000000
vn 0.479573 -0.877502 0.000000
vn 0.479573 -0.877502 0.000000
vn 0.660565 -0.750769 0.000000
vn 0.660565 -0.750769 0.000000
vn 0.660565 -0.750769 0.000000
vn 0.660565 -0.750769 0.000000
vn 0.660565 -0.750769 0.000000
vn 0.660565 -0.750769 0.000000
vn 0.000000 0.000000 -1.000000
vn 0.000000 0.000000 -1.000000
vn -0.001631 -0.001100 -0.999998
vn -0.001631 -0.001100 -0.999998
vn 0.000000 0.000000 -1.000000
vn -0.029813 -0.009638 -0.999509
vn 0.868624 0.495472 0.000000
vn 0.868624 0.495472 0.000000
vn 0.868624 0.495472 0.000000
vn 0.868624 0.495472 0.000000
vn 0.868624 0.495472 0.000000
vn 0.868624 0.495472 0.000000
vn -0.790905 -0.611940 0.000000
vn -0.790905 -0.611940 0.000000
vn -0.790905 -0.611940 0.000000
vn -0.790905 -0.611940 0.000000
vn -0.790905 -0.611940 0.000000
vn -0.790905 -0.611940 0.000000
vn 0.000000 0.000000 -1.000000
vn 0.000000 0.000000 -1.000000
vn -0.000001 0.000001 -1.000000
vn -0.000001 0.000001 -1.000000
vn 0.000000 0.000000 -1.000000
vn -0.000001 0.000001 -1.000000
vn 0.833234 0.552920 -0.000005
vn 0.833234 0.552920 -0.000005
vn 0.833234 0.552920 0.000005
vn 0.833234 0.552920 0.000005
vn 0.833234 0.552920 -0.000005
vn 0.833234 0.552920 0.000005
vn -0.821740 -0.569863 0.000015
vn -0.821740 -0.569863 0.000015
vn -0.821740 -0.569863 -0.000015
vn -0.821740 -0.569863 -0.000015
vn -0.821740 -0.569863 0.000015
vn -0.821740 -0.569863 -0.000015
vn 0.000000 0.000000 -1.000000
vn 0.000000 0.000000 -1.000000
vn 0.000000 0.000000 -1.000000
vn 0.000000 0.000000 -1.000000
vn 0.000000 0.000000 -1.000000
vn 0.000000 0.000000 -1.000000
vn 0.830040 0.557705 0.000000
vn 0.830040 0.557705 0.000000
vn 0.830040 0.557705 0.000000
vn 0.830040 0.557705 0.000000
vn 0.830040 0.557705 0.000000
vn 0.830040 0.557705 0.000000
vn -0.788007 -0.615666 0.000000
vn -0.788007 -0.615666 0.000000
vn -0.788007 -0.615666 0.000000
vn -0.788007 -0.615666 0.000000
vn -0.788007 -0.615666 0.000000
vn -0.788007 -0.615666 0.000000
vn 0.000000 0.000000 -1.000000
vn 0.000000 0.000000 -1.000000
vn 0.000000 0.000000 -1.000000
vn 0.000000 0.000000 -1.000000
vn 0.000000 0.000000 -1.000000
vn 0.000000 0.000000 -1.000000
vn 0.856601 0.515979 0.000000
vn 0.856601 0.515979 0.000000
vn 0.856601 0.515979 0.000000
vn 0.856601 0.515979 0.000000
vn 0.856601 0.515979 0.000000
vn 0.856601 0.515979 0.000000
vn 0.585299 -0.810818 0.000000
vn 0.585299 -0.810818 0.000000
vn 0.585299 -0.810818 0.000000
vn 0.585299 -0.810818 0.000000
vn 0.585299 -0.810818 0.000000
vn 0.585299 -0.810818 0.000000
vn -0.821215 -0.570619 0.000000
vn -0.821215 -0.570619 0.000000
vn -0.821215 -0.570619 0.000000
vn -0.821215 -0.570619 0.000000
vn -0.821215 -0.570619 0.000000
vn -0.821215 -0.570619 0.000000
vn 0.000000 0.000000 -1.000000
vn 0.000000 0.000000 -1.000000
vn 0.000000 0.000000 -1.000000
vn 0.000000 0.000000 -1.000000
vn 0.000000 0.000000 -1.000000
vn 0.000000 0.000000 -1.000000
vn -0.995659 0.093078 -0.000001
vn -0.995658 0.093083 -0.000001
vn -0.995659 0.093078 0.000001
vn -0.995659 0.093078 0.000001
vn -0.995658 0.093083 -0.000001
vn -0.995658 0.093083 0.000001
vn 0.000000 0.000000 -1.000000
vn 0.000001 -0.000001 -1.000000
vn 0.000000 0.000000 -1.000000
vn 0.000001 -0.000002 -1.000000
vn 0.000001 -0.000001 -1.000000
vn 0.000001 -0.000001 -1.000000
vn 0.994474 0.104984 0.000000
vn 0.994474 0.104984 0.000000
vn 0.994474 0.104984 0.000000
vn 0.994474 0.104984 0.000000
vn 0.994474 0.104984 0.000000
vn 0.994474 0.104984 0.000000
vn -0.280037 -0.959989 0.000000
vn -0.280037 -0.959989 0.000000
vn -0.280037 -0.959989 0.000000
vn -0.280037 -0.959989 0.000000
vn -0.280037 -0.959989 0.000000
vn -0.280037 -0.959989 0.000000
vn 0.000000 0.000000 -1.000000
vn 0.000000 0.000000 -1.000000
vn 0.000000 0.000000 -1.000000
vn 0.000000 0.000000 -1.000000
vn 0.000000 0.000000 -1.000000
vn 0.000000 0.000000 -1.000000
vn 0.621364 0.783522 0.000000
vn 0.621360 0.783525 0.000000
vn 0.621364 0.783522 0.000000
vn 0.621364 0.783522 0.000000
vn 0.621360 0.783525 0.000000
vn 0.621360 0.783525 0.000000
vn 0.000000 0.000000 -1.000000
vn 0.000000 0.000000 -1.000000
vn 0.000000 0.000000 -1.000000
vn 0.000000 0.000000 -1.000000
vn 0.000000 0.000000 -1.000000
vn 0.000000 0.000000 -1.000000
vn -0.086974 -0.996211 0.000000
vn -0.562460 -0.826824 0.000000
vn -0.086974 -0.996211 0.000000
vn -0.086974 -0.996211 0.000000
vn -0.562460 -0.826824 0.000000
vn -0.562460 -0.826824 0.000000
vn 0.000000 0.000000 -1.000000
vn 0.000000 0.000000 -1.000000
vn 0.000000 0.000000 -1.000000
vn 0.000000 0.000000 -1.000000
vn 0.000000 0.000000 -1.000000
vn 0.000000 0.000000 -1.000000
vn -0.822778 -0.568362 0.000000
vn -0.822778 -0.568363 0.000000
vn -0.822778 -0.568362 0.000000
vn -0.822778 -0.568362 0.000000
vn -0.822778 -0.568363 0.000000
vn -0.822778 -0.568363 0.000000
vn 0.000000 0.000000 -1.000000
vn 0.000000 0.000000 -1.000000
vn 0.000000 0.000000 -1.000000
vn 0.000000 0.000000 -1.000000
vn 0.000000 0.000000 -1.000000
vn 0.000000 0.000000 -1.000000
vn 0.000000 0.000000 -1.000000
vn 0.000000 0.000000 -1.000000
vn 0.000000 0.000000 -1.000000
vn 0.000000 0.000000 -1.000000
vn 0.000000 0.000000 -1.000000
vn 0.000000 0.000000 -1.000000
vn 0.000000 0.000000 -1.000000
vn 0.000000 0.000000 -1.000000
vn 0.000000 0.000000 -1.000000
vn 0.000000 0.000000 -1.000000
vn 0.000000 0.000000 -1.000000
vn 0.000000 0.000000 -1.000000
vn 0.871366 -0.490633 0.000000
vn 0.871366 -0.490633 0.000000
vn 0.871366 -0.490633 0.000000
vn 0.871366 -0.490633 0.000000
vn 0.871366 -0.490633 0.000000
vn 0.871366 -0.490633 0.000000
vn 0.277695 -0.960669 0.000000
vn 0.493055 -0.869998 0.000000
vn 0.277695 -0.960669 0.000000
vn 0.277695 -0.960669 0.000000
vn 0.493055 -0.869998 0.000000
vn 0.493055 -0.869998 0.000000
vn 0.000000 0.000000 -1.000000
vn 0.000000 0.000000 -1.000000
vn 0.000000 0.000000 -1.000000
vn 0.000000 0.000000 -1.000000
vn 0.000000 0.000000 -1.000000
vn 0.000000 0.000000 -1.000000
vn -0.277695 0.960669 0.000000
vn -0.277695 0.960669 0.000000
vn -0.277695 0.960669 0.000000
vn -0.277695 0.960669 0.000000
vn -0.277695 0.960669 0.000000
vn -0.277695 0.960669 0.000000
vn -0.000714 -0.001039 -0.999999
vn -0.001631 -0.001100 -0.999998
vn -0.042263 -0.041161 -0.998258
vn -0.042263 -0.041161 -0.998258
vn -0.001631 -0.001100 -0.999998
vn -0.053821 -0.032398 -0.998025
vn 0.000096 -0.001103 -0.999999
vn -0.000714 -0.001039 -0.999999
vn -0.007366 -0.050755 -0.998684
vn -0.007366 -0.050755 -0.998684
vn -0.000714 -0.001039 -0.999999
vn -0.042263 -0.041161 -0.998258
vn -0.001631 -0.001100 -0.999998
vn -0.029813 -0.009638 -0.999509
vn -0.053821 -0.032398 -0.998025
vn -0.523977 -0.851733 0.000000
vn -0.523977 -0.851733 0.000000
vn -0.523977 -0.851733 0.000000
vn -0.523977 -0.851733 0.000000
vn -0.523977 -0.851733 0.000000
vn -0.523977 -0.851733 0.000000
vn 0.991729 -0.128348 0.000000
vn 0.991729 -0.128348 0.000000
vn 0.991729 -0.128348 0.000000
vn 0.991729 -0.128348 0.000000
vn 0.991729 -0.128348 0.000000
vn 0.991729 -0.128348 0.000000
vn 0.000000 0.000000 -1.000000
vn 0.000000 0.000000 -1.000000
vn 0.000000 0.000000 -1.000000
vn 0.000000 0.000000 -1.000000
vn 0.000000 0.000000 -1.000000
vn 0.000000 0.000000 -1.000000
vn 0.000000 0.000000 -1.000000
vn 0.000000 0.000000 -1.000000
vn 0.000000 0.000000 -1.000000
vn 0.000000 0.000000 -1.000000
vn 0.000000 0.000000 -1.000000
vn 0.000000 0.000000 -1.000000
vn 0.000000 0.000000 -1.000000
vn 0.000000 0.000000 -1.000000
vn 0.000000 0.000000 -1.000000
vn 0.000000 0.000000 -1.000000
vn 0.000000 0.000000 -1.000000
vn 0.000000 0.000000 -1.000000
vn 0.000000 0.000000 -1.000000
vn 0.000000 0.000000 -1.000000
vn 0.000000 0.000000 -1.000000
vn 0.000000 0.000000 -1.000000
vn 0.000001 -0.000001 -1.000000
vn 0.000001 -0.000002 -1.000000
vn 0.825794 0.563972 0.000000
vn 0.825794 0.563972 0.000000
vn 0.825794 0.563972 0.000000
vn 0.000000 0.000000 1.000000
vn 0.000000 0.000000 1.000000
vn 0.000000 0.000000 1.000000
vn -0.001631 -0.001100 0.999998
vn 0.000000 0.000000 1.000000
vn 0.000000 0.000000 1.000000
vn 0.000000 0.000000 1.000000
vn 0.000000 0.000000 1.000000
vn 0.000000 0.000000 1.000000
vn 0.000000 0.000000 1.000000
vn 0.000000 0.000000 1.000000
vn 0.000000 0.000000 1.000000
vn 0.000000 0.000000 1.000000
vn 0.000000 0.000000 1.000000
vn 0.000000 0.000000 1.000000
vn 0.000000 0.000000 1.000000
vn 0.000000 0.000000 1.000000
vn 0.000000 0.000000 1.000000
vn 0.000000 0.000000 1.000000
vn 0.000000 0.000000 1.000000
vn 0.000000 0.000000 1.000000
vn 0.000000 0.000000 1.000000
vn 0.000000 0.000000 1.000000
vn 0.000000 0.000000 1.000000
vn 0.000000 0.000000 1.000000
vn 0.000000 0.000000 1.000000
vn 0.000000 0.000000 1.000000
vn 0.000000 0.000000 1.000000
vn 0.000000 0.000000 1.000000
vn 0.000000 0.000000 1.000000
vn 0.000000 0.000000 1.000000
vn 0.000000 0.000000 1.000000
vn 0.000000 0.000000 1.000000
vn 0.000000 0.000000 1.000000
vn 0.000000 0.000000 1.000000
vn 0.000000 0.000000 1.000000
vn 0.000000 0.000000 1.000000
vn 0.000000 0.000000 1.000000
vn 0.000000 0.000000 1.000000
vn 0.000000 0.000000 1.000000
vn 0.000000 0.000000 1.000000
vn 0.000000 0.000000 1.000000
vn 0.000096 -0.001103 0.999999
vn -0.000714 -0.001039 0.999999
vn 0.000215 -0.000313 1.000000
vn -0.000714 -0.001039 0.999999
vn 0.000215 -0.000313 1.000000
vn 0.000215 -0.000313 1.000000
vn 0.000000 0.000000 1.000000
vn -0.001631 -0.001100 0.999998
vn 0.000000 0.000000 1.000000
vn -0.001631 -0.001100 0.999998
vn -0.029813 -0.009638 0.999509
vn 0.000000 0.000000 1.000000
vn 0.000000 0.000000 1.000000
vn -0.000001 0.000001 1.000000
vn 0.000000 0.000000 1.000000
vn -0.000001 0.000001 1.000000
vn -0.000001 0.000001 1.000000
vn 0.000000 0.000000 1.000000
vn 0.000000 0.000000 1.000000
vn 0.000000 0.000000 1.000000
vn 0.000000 0.000000 1.000000
vn 0.000000 0.000000 1.000000
vn 0.000000 0.000000 1.000000
vn 0.000000 0.000000 1.000000
vn 0.000000 0.000000 1.000000
vn 0.000000 0.000000 1.000000
vn 0.000000 0.000000 1.000000
vn 0.000000 0.000000 1.000000
vn 0.000000 0.000000 1.000000
vn 0.000000 0.000000 1.000000
vn 0.000000 0.000000 1.000000
vn 0.000000 0.000000 1.000000
vn 0.000000 0.000000 1.000000
vn 0.000000 0.000000 1.000000
vn 0.000000 0.000000 1.000000
vn 0.000000 0.000000 1.000000
vn 0.000000 0.000000 1.000000
vn 0.000000 0.000000 1.000000
vn 0.000001 -0.000001 1.000000
vn 0.000001 -0.000002 1.000000
vn 0.000001 -0.000001 1.000000
vn 0.000001 -0.000001 1.000000
vn 0.000000 0.000000 1.000000
vn 0.000000 0.000000 1.000000
vn 0.000000 0.000000 1.000000
vn 0.000000 0.000000 1.000000
vn 0.000000 0.000000 1.000000
vn 0.000000 0.000000 1.000000
vn 0.000000 0.000000 1.000000
vn 0.000000 0.000000 1.000000
vn 0.000000 0.000000 1.000000
vn 0.000000 0.000000 1.000000
vn 0.000000 0.000000 1.000000
vn 0.000000 0.000000 1.000000
vn 0.000000 0.000000 1.000000
vn 0.000000 0.000000 1.000000
vn 0.000000 0.000000 1.000000
vn 0.000000 0.000000 1.000000
vn 0.000000 0.000000 1.000000
vn 0.000000 0.000000 1.000000
vn 0.000000 0.000000 1.000000
vn 0.000000 0.000000 1.000000
vn 0.000000 0.000000 1.000000
vn 0.000000 0.000000 1.000000
vn 0.000000 0.000000 1.000000
vn 0.000000 0.000000 1.000000
vn 0.000000 0.000000 1.000000
vn 0.000000 0.000000 1.000000
vn 0.000000 0.000000 1.000000
vn 0.000000 0.000000 1.000000
vn 0.000000 0.000000 1.000000
vn 0.000000 0.000000 1.000000
vn 0.000000 0.000000 1.000000
vn 0.000000 0.000000 1.000000
vn 0.000000 0.000000 1.000000
vn 0.000000 0.000000 1.000000
vn 0.000000 0.000000 1.000000
vn 0.000000 0.000000 1.000000
vn 0.000000 0.000000 1.000000
vn 0.000000 0.000000 1.000000
vn 0.000000 0.000000 1.000000
vn 0.000000 0.000000 1.000000
vn 0.000000 0.000000 1.000000
vn 0.000000 0.000000 1.000000
vn -0.000714 -0.001039 0.999999
vn -0.042263 -0.041161 0.998258
vn -0.001631 -0.001100 0.999998
vn -0.042263 -0.041161 0.998258
vn -0.053821 -0.032398 0.998025
vn -0.001631 -0.001100 0.999998
vn 0.000096 -0.001103 0.999999
vn -0.007366 -0.050755 0.998684
vn -0.000714 -0.001039 0.999999
vn -0.007366 -0.050755 0.998684
vn -0.042263 -0.041161 0.998258
vn -0.000714 -0.001039 0.999999
vn -0.001631 -0.001100 0.999998
vn -0.053821 -0.032398 0.998025
vn -0.029813 -0.009638 0.999509
vn 0.000000 0.000000 1.000000
vn 0.000000 0.000000 1.000000
vn 0.000000 0.000000 1.000000
vn 0.000000 0.000000 1.000000
vn 0.000000 0.000000 1.000000
vn 0.000000 0.000000 1.000000
vn 0.000000 0.000000 1.000000
vn 0.000000 0.000000 1.000000
vn 0.000000 0.000000 1.000000
vn 0.000000 0.000000 1.000000
vn 0.000000 0.000000 1.000000
vn 0.000000 0.000000 1.000000
vn 0.000000 0.000000 1.000000
vn 0.000000 0.000000 1.000000
vn 0.000000 0.000000 1.000000
vn 0.000000 0.000000 1.000000
vn 0.000000 0.000000 1.000000
vn 0.000000 0.000000 1.000000
vn 0.000000 0.000000 1.000000
vn 0.000000 0.000000 1.000000
vn 0.000000 0.000000 1.000000
vn 0.000000 0.000000 1.000000
vn 0.000001 -0.000002 1.000000
vn 0.000001 -0.000001 1.000000
vn -0.856760 -0.515439 -0.016869
vn -0.856760 -0.515439 -0.016869
vn -0.856760 -0.515439 -0.016869
vn -0.843752 -0.536471 -0.016786
vn -0.842961 -0.536416 -0.040924
vn -0.826565 -0.562842 0.000000
vn -0.842961 -0.536416 -0.040924
vn -0.838872 -0.541469 -0.055731
vn -0.826565 -0.562842 0.000000
vn -0.838872 -0.541469 -0.055731
vn -0.832161 -0.550391 -0.067654
vn -0.826565 -0.562842 0.000000
vn -0.832161 -0.550391 -0.067654
vn -0.822887 -0.562998 -0.076752
vn -0.826565 -0.562842 0.000000
vn -0.822887 -0.562998 -0.076752
vn -0.818983 -0.570955 -0.057243
vn -0.826565 -0.562842 0.000000
vn -0.818983 -0.570955 -0.057243
vn -0.817710 -0.574488 -0.036253
vn -0.826565 -0.562842 0.000000
vn -0.817710 -0.574488 -0.036253
vn -0.813395 -0.581042 -0.027921
vn -0.826565 -0.562842 0.000000
vn -0.813395 -0.581042 -0.027921
vn -0.800640 -0.598700 -0.023093
vn -0.826565 -0.562842 0.000000
vn -0.800640 -0.598700 -0.023093
vn -0.793549 -0.608507 0.000000
vn -0.826565 -0.562842 0.000000
vn -0.818983 -0.570955 -0.057243
vn -0.822887 -0.562998 -0.076752
vn -0.823192 -0.567300 -0.022907
vn -0.823192 -0.567300 -0.022907
vn -0.822887 -0.562998 -0.076752
vn -0.823192 -0.567300 -0.022907
vn -0.825188 -0.564799 0.008239
vn -0.825188 -0.564799 0.008239
vn -0.825188 -0.564799 0.008239
vn -0.825188 -0.564799 0.008239
vn -0.825188 -0.564799 0.008239
vn -0.825188 -0.564799 0.008239
vn -0.838872 -0.541469 -0.055731
vn -0.825788 -0.563795 0.014442
vn -0.832161 -0.550391 -0.067654
vn -0.832161 -0.550391 -0.067654
vn -0.825788 -0.563795 0.014442
vn -0.825788 -0.563795 0.014442
vn -0.838872 -0.541469 -0.055731
vn -0.842961 -0.536416 -0.040924
vn -0.828407 -0.559759 -0.020272
vn -0.828407 -0.559759 -0.020272
vn -0.842961 -0.536416 -0.040924
vn -0.828407 -0.559759 -0.020272
vn -0.842961 -0.536416 -0.040924
vn -0.843752 -0.536471 -0.016786
vn -0.826404 -0.563078 0.000000
vn -0.826404 -0.563078 0.000000
vn -0.843752 -0.536471 -0.016786
vn -0.826404 -0.563078 0.000000
vn -0.850902 -0.525324 0.000000
vn -0.819627 -0.572868 0.005914
vn -0.843752 -0.536471 -0.016786
vn -0.843752 -0.536471 -0.016786
vn -0.819627 -0.572868 0.005914
vn -0.819627 -0.572868 0.005914
vn -0.817710 -0.574488 -0.036253
vn -0.818983 -0.570955 -0.057243
vn -0.828472 -0.559991 0.006604
vn -0.828472 -0.559991 0.006604
vn -0.818983 -0.570955 -0.057243
vn -0.828472 -0.559991 0.006604
vn -0.813395 -0.581042 -0.027921
vn -0.817710 -0.574488 -0.036253
vn -0.832032 -0.554667 0.008207
vn -0.832032 -0.554667 0.008207
vn -0.817710 -0.574488 -0.036253
vn -0.832032 -0.554667 0.008207
vn -0.813395 -0.581042 -0.027921
vn -0.826403 -0.563079 0.000001
vn -0.800640 -0.598700 -0.023093
vn -0.800640 -0.598700 -0.023093
vn -0.826403 -0.563079 0.000001
vn -0.826403 -0.563079 0.000001
vn -0.849898 -0.526652 0.017627
vn -0.849898 -0.526652 0.017627
vn -0.849898 -0.526652 0.017627
vn -0.849898 -0.526652 0.017627
vn -0.849898 -0.526652 0.017627
vn -0.849898 -0.526652 0.017627
vn -0.850902 -0.525324 0.000000
vn -0.826565 -0.562842 0.000000
vn -0.843752 -0.536471 0.016786
vn -0.843752 -0.536471 0.016786
vn -0.826565 -0.562842 0.000000
vn -0.842961 -0.536416 0.040924
vn -0.842961 -0.536416 0.040924
vn -0.826565 -0.562842 0.000000
vn -0.838872 -0.541469 0.055731
vn -0.838872 -0.541469 0.055731
vn -0.826565 -0.562842 0.000000
vn -0.832161 -0.550391 0.067654
vn -0.832161 -0.550391 0.067654
vn -0.826565 -0.562842 0.000000
vn -0.822887 -0.562998 0.076752
vn -0.822887 -0.562998 0.076752
vn -0.826565 -0.562842 0.000000
vn -0.818982 -0.570956 0.057243
vn -0.818982 -0.570956 0.057243
vn -0.826565 -0.562842 0.000000
vn -0.817710 -0.574488 0.036253
vn -0.817710 -0.574488 0.036253
vn -0.826565 -0.562842 0.000000
vn -0.813395 -0.581041 0.027921
vn -0.813395 -0.581041 0.027921
vn -0.826565 -0.562842 0.000000
vn -0.800640 -0.598700 0.023093
vn -0.800640 -0.598700 0.023093
vn -0.826565 -0.562842 0.000000
vn -0.793549 -0.608507 0.000000
vn -0.818982 -0.570956 0.057243
vn -0.823192 -0.567301 0.022907
vn -0.822887 -0.562998 0.076752
vn -0.822887 -0.562998 0.076752
vn -0.823192 -0.567301 0.022907
vn -0.823192 -0.567301 0.022907
vn -0.825187 -0.564799 -0.008239
vn -0.825187 -0.564799 -0.008239
vn -0.825187 -0.564799 -0.008239
vn -0.825187 -0.564799 -0.008239
vn -0.825187 -0.564799 -0.008239
vn -0.825187 -0.564799 -0.008239
vn -0.825788 -0.563795 -0.014442
vn -0.825788 -0.563795 -0.014442
vn -0.832161 -0.550391 0.067654
vn -0.832161 -0.550391 0.067654
vn -0.825788 -0.563795 -0.014442
vn -0.838872 -0.541469 0.055731
vn -0.838872 -0.541469 0.055731
vn -0.828407 -0.559759 0.020272
vn -0.842961 -0.536416 0.040924
vn -0.842961 -0.536416 0.040924
vn -0.828407 -0.559759 0.020272
vn -0.828407 -0.559759 0.020272
vn -0.842961 -0.536416 0.040924
vn -0.826404 -0.563078 0.000000
vn -0.843752 -0.536471 0.016786
vn -0.843752 -0.536471 0.016786
vn -0.826404 -0.563078 0.000000
vn -0.826404 -0.563078 0.000000
vn -0.819627 -0.572868 -0.005914
vn -0.819627 -0.572868 -0.005914
vn -0.843752 -0.536471 0.016786
vn -0.843752 -0.536471 0.016786
vn -0.819627 -0.572868 -0.005914
vn -0.850902 -0.525324 0.000000
vn -0.817710 -0.574488 0.036253
vn -0.828472 -0.559992 -0.006604
vn -0.818982 -0.570956 0.057243
vn -0.818982 -0.570956 0.057243
vn -0.828472 -0.559992 -0.006604
vn -0.828472 -0.559992 -0.006604
vn -0.813395 -0.581041 0.027921
vn -0.832033 -0.554665 -0.008207
vn -0.817710 -0.574488 0.036253
vn -0.817710 -0.574488 0.036253
vn -0.832033 -0.554665 -0.008207
vn -0.832033 -0.554665 -0.008207
vn -0.826403 -0.563079 -0.000001
vn -0.826403 -0.563079 -0.000001
vn -0.800640 -0.598700 0.023093
vn -0.800640 -0.598700 0.023093
vn -0.826403 -0.563079 -0.000001
vn -0.813395 -0.581041 0.027921
vn -0.849898 -0.526653 -0.017627
vn -0.849898 -0.526653 -0.017627
vn -0.849898 -0.526653 -0.017627
vn -0.849898 -0.526653 -0.017627
vn -0.849898 -0.526653 -0.017627
vn -0.849898 -0.526653 -0.017627
vn -0.083240 0.105229 -0.990958
vn -0.083240 0.105229 -0.990958
vn -0.066395 0.116592 -0.990958
vn -0.066395 0.116592 -0.990958
vn -0.083240 0.105229 -0.990958
vn -0.066395 0.116592 -0.990958
vn -0.619946 0.783725 -0.037970
vn -0.619946 0.783725 -0.037970
vn -0.494498 0.868349 -0.037970
vn -0.494498 0.868349 -0.037970
vn -0.619946 0.783725 -0.037970
vn -0.494498 0.868349 -0.037970
vn 0.598361 -0.756427 -0.264163
vn 0.598361 -0.756427 -0.264163
vn 0.477271 -0.838111 -0.264163
vn 0.477271 -0.838111 -0.264163
vn 0.598361 -0.756427 -0.264163
vn 0.477271 -0.838111 -0.264163
vn 0.251406 -0.317811 -0.914216
vn 0.251406 -0.317811 -0.914216
vn 0.200522 -0.352137 -0.914216
vn 0.200522 -0.352137 -0.914216
vn 0.251406 -0.317811 -0.914216
vn 0.200522 -0.352137 -0.914216
vn -0.616367 0.779175 0.113921
vn -0.616367 0.779175 0.113921
vn -0.491620 0.863326 0.113921
vn -0.491620 0.863326 0.113921
vn -0.616367 0.779175 0.113921
vn -0.491620 0.863326 0.113921
vn 0.593567 -0.750356 0.290936
vn 0.593567 -0.750356 0.290936
vn 0.473438 -0.831392 0.290936
vn 0.473438 -0.831392 0.290936
vn 0.593567 -0.750356 0.290936
vn 0.473438 -0.831392 0.290936
vn -0.225194 0.284681 -0.931796
vn -0.225194 0.284681 -0.931796
vn -0.179621 0.315424 -0.931796
vn -0.179621 0.315424 -0.931796
vn -0.225194 0.284681 -0.931796
vn -0.179621 0.315424 -0.931796
vn -0.548664 0.693604 -0.466777
vn -0.548664 0.693604 -0.466777
vn -0.437635 0.768502 -0.466777
vn -0.437635 0.768502 -0.466777
vn -0.548664 0.693604 -0.466777
vn -0.437635 0.768502 -0.466777
vn 0.557218 -0.704411 -0.439674
vn 0.557218 -0.704411 -0.439674
vn 0.444451 -0.780481 -0.439674
vn 0.444451 -0.780481 -0.439674
vn 0.557218 -0.704411 -0.439674
vn 0.444451 -0.780481 -0.439674
vn -0.428313 0.541456 -0.723445
vn -0.428313 0.541456 -0.723445
vn -0.341635 0.599928 -0.723445
vn -0.341635 0.599928 -0.723445
vn -0.428313 0.541456 -0.723445
vn -0.341635 0.599928 -0.723445
vn -0.565377 0.714730 0.411716
vn -0.565377 0.714730 0.411716
vn -0.450962 0.791911 0.411716
vn -0.450962 0.791911 0.411716
vn -0.565377 0.714730 0.411716
vn -0.450962 0.791911 0.411716
vn 0.412627 -0.521629 -0.746754
vn 0.412627 -0.521629 -0.746754
vn 0.329125 -0.577957 -0.746754
vn 0.329125 -0.577957 -0.746754
vn 0.412627 -0.521629 -0.746754
vn 0.329125 -0.577957 -0.746754
vn -0.596421 0.753975 -0.275324
vn -0.596421 0.753975 -0.275324
vn -0.475724 0.835394 -0.275324
vn -0.475724 0.835394 -0.275324
vn -0.596421 0.753975 -0.275324
vn -0.475724 0.835394 -0.275324
vn -0.428632 0.541865 0.722951
vn -0.428632 0.541865 0.722951
vn -0.341893 0.600376 0.722951
vn -0.341893 0.600376 0.722951
vn -0.428632 0.541865 0.722951
vn -0.341893 0.600376 0.722951
vn 0.355997 -0.450038 -0.818982
vn 0.355997 -0.450038 -0.818982
vn 0.283954 -0.498636 -0.818982
vn 0.283954 -0.498636 -0.818982
vn 0.355997 -0.450038 -0.818982
vn 0.283954 -0.498636 -0.818982
vn -0.111163 0.140526 -0.983817
vn -0.111163 0.140526 -0.983817
vn -0.088665 0.155702 -0.983817
vn -0.088665 0.155702 -0.983817
vn -0.111163 0.140526 -0.983817
vn -0.088665 0.155702 -0.983817
vn -0.465241 0.588141 0.661544
vn -0.465241 0.588141 0.661544
vn -0.371090 0.651652 0.661544
vn -0.371090 0.651652 0.661544
vn -0.465241 0.588141 0.661544
vn -0.371090 0.651652 0.661544
vn -0.098877 0.124996 -0.987218
vn -0.098877 0.124996 -0.987218
vn -0.078866 0.138494 -0.987218
vn -0.078866 0.138494 -0.987218
vn -0.098877 0.124996 -0.987218
vn -0.078866 0.138494 -0.987218
vn -0.533888 0.674915 -0.509365
vn -0.533888 0.674915 -0.509365
vn -0.425839 0.747802 -0.509365
vn -0.425839 0.747802 -0.509365
vn -0.533888 0.674915 -0.509365
vn -0.425839 0.747802 -0.509365
vn -0.095648 0.120914 0.988044
vn -0.095648 0.120914 0.988044
vn -0.076291 0.133971 0.988044
vn -0.076291 0.133971 0.988044
vn -0.095648 0.120914 0.988044
vn -0.076291 0.133971 0.988044
vn -0.095648 0.120914 -0.988044
vn -0.095648 0.120914 -0.988044
vn -0.076291 0.133971 -0.988044
vn -0.076291 0.133971 -0.988044
vn -0.095648 0.120914 -0.988044
vn -0.076291 0.133971 -0.988044
vn -0.533888 0.674915 0.509365
vn -0.533888 0.674915 0.509365
vn -0.425839 0.747802 0.509365
vn -0.425839 0.747802 0.509365
vn -0.533888 0.674915 0.509365
vn -0.425839 0.747802 0.509365
vn -0.098877 0.124996 0.987218
vn -0.098877 0.124996 0.987218
vn -0.078866 0.138494 0.987218
vn -0.078866 0.138494 0.987218
vn -0.098877 0.124996 0.987218
vn -0.078866 0.138494 0.987218
vn -0.465241 0.588141 -0.661544
vn -0.465241 0.588141 -0.661544
vn -0.371090 0.651652 -0.661544
vn -0.371090 0.651652 -0.661544
vn -0.465241 0.588141 -0.661544
vn -0.371090 0.651652 -0.661544
vn -0.111163 0.140526 0.983817
vn -0.111163 0.140526 0.983817
vn -0.088665 0.155702 0.983817
vn -0.088665 0.155702 0.983817
vn -0.111163 0.140526 0.983817
vn -0.088665 0.155702 0.983817
vn 0.355997 -0.450038 0.818982
vn 0.355997 -0.450038 0.818982
vn 0.283954 -0.498636 0.818982
vn 0.283954 -0.498636 0.818982
vn 0.355997 -0.450038 0.818982
vn 0.283954 -0.498636 0.818982
vn -0.428632 0.541865 -0.722951
vn -0.428632 0.541865 -0.722951
vn -0.341893 0.600376 -0.722951
vn -0.341893 0.600376 -0.722951
vn -0.428632 0.541865 -0.722951
vn -0.341893 0.600376 -0.722951
vn -0.596421 0.753975 0.275325
vn -0.596421 0.753975 0.275325
vn -0.475724 0.835394 0.275325
vn -0.475724 0.835394 0.275325
vn -0.596421 0.753975 0.275325
vn -0.475724 0.835394 0.275325
vn 0.412627 -0.521629 0.746754
vn 0.412627 -0.521629 0.746754
vn 0.329125 -0.577957 0.746754
vn 0.329125 -0.577957 0.746754
vn 0.412627 -0.521629 0.746754
vn 0.329125 -0.577957 0.746754
vn -0.565377 0.714730 -0.411716
vn -0.565377 0.714730 -0.411716
vn -0.450962 0.791911 -0.411716
vn -0.450962 0.791911 -0.411716
vn -0.565377 0.714730 -0.411716
vn -0.450962 0.791911 -0.411716
vn -0.428313 0.541455 0.723446
vn -0.428313 0.541455 0.723446
vn -0.341634 0.599927 0.723446
vn -0.341634 0.599927 0.723446
vn -0.428313 0.541455 0.723446
vn -0.341634 0.599927 0.723446
vn 0.557218 -0.704411 0.439674
vn 0.557218 -0.704411 0.439674
vn 0.444451 -0.780481 0.439674
vn 0.444451 -0.780481 0.439674
vn 0.557218 -0.704411 0.439674
vn 0.444451 -0.780481 0.439674
vn -0.548664 0.693604 0.466777
vn -0.548664 0.693604 0.466777
vn -0.437635 0.768502 0.466777
vn -0.437635 0.768502 0.466777
vn -0.548664 0.693604 0.466777
vn -0.437635 0.768502 0.466777
vn -0.225194 0.284681 0.931796
vn -0.225194 0.284681 0.931796
vn -0.179621 0.315424 0.931796
vn -0.179621 0.315424 0.931796
vn -0.225194 0.284681 0.931796
vn -0.179621 0.315424 0.931796
vn 0.593567 -0.750356 -0.290936
vn 0.593567 -0.750356 -0.290936
vn 0.473438 -0.831392 -0.290936
vn 0.473438 -0.831392 -0.290936
vn 0.593567 -0.750356 -0.290936
vn 0.473438 -0.831392 -0.290936
vn -0.616367 0.779175 -0.113921
vn -0.616367 0.779175 -0.113921
vn -0.491620 0.863326 -0.113921
vn -0.491620 0.863326 -0.113921
vn -0.616367 0.779175 -0.113921
vn -0.491620 0.863326 -0.113921
vn 0.251406 -0.317810 0.914217
vn 0.251406 -0.317810 0.914217
vn 0.200521 -0.352135 0.914217
vn 0.200521 -0.352135 0.914217
vn 0.251406 -0.317810 0.914217
vn 0.200521 -0.352135 0.914217
vn 0.598361 -0.756427 0.264163
vn 0.598361 -0.756427 0.264163
vn 0.477271 -0.838111 0.264163
vn 0.477271 -0.838111 0.264163
vn 0.598361 -0.756427 0.264163
vn 0.477271 -0.838111 0.264163
vn -0.619946 0.783725 0.037971
vn -0.619946 0.783725 0.037971
vn -0.494498 0.868349 0.037971
vn -0.494498 0.868349 0.037971
vn -0.619946 0.783725 0.037971
vn -0.494498 0.868349 0.037971
vn -0.083240 0.105229 0.990958
vn -0.083240 0.105229 0.990958
vn -0.066395 0.116592 0.990958
vn -0.066395 0.116592 0.990958
vn -0.083240 0.105229 0.990958
vn -0.066395 0.116592 0.990958
vn 0.619615 -0.783287 -0.050396
vn 0.619615 -0.783287 -0.050396
vn 0.494216 -0.867877 -0.050396
vn 0.494216 -0.867877 -0.050396
vn 0.619615 -0.783287 -0.050396
vn 0.494216 -0.867877 -0.050396
vn -0.241027 0.304693 0.921449
vn -0.241027 0.304693 0.921449
vn -0.192246 0.337600 0.921449
vn -0.192246 0.337600 0.921449
vn -0.241027 0.304693 0.921449
vn -0.192246 0.337600 0.921449
vn -0.068387 0.086446 0.993907
vn -0.068387 0.086446 0.993907
vn -0.054542 0.095786 0.993907
vn -0.054542 0.095786 0.993907
vn -0.068387 0.086446 0.993907
vn -0.054542 0.095786 0.993907
vn 0.460001 -0.581518 -0.670996
vn 0.460001 -0.581518 -0.670996
vn 0.366913 -0.644313 -0.670996
vn 0.366913 -0.644313 -0.670996
vn 0.460001 -0.581518 -0.670996
vn 0.366913 -0.644313 -0.670996
vn -0.395571 0.500069 0.770360
vn -0.395571 0.500069 0.770360
vn -0.315521 0.554068 0.770360
vn -0.315521 0.554068 0.770360
vn -0.395571 0.500069 0.770360
vn -0.315521 0.554068 0.770360
vn 0.209450 -0.264777 0.941288
vn 0.209449 -0.264776 0.941289
vn 0.167062 -0.293371 0.941288
vn 0.167062 -0.293371 0.941288
vn 0.209449 -0.264776 0.941289
vn 0.167061 -0.293369 0.941289
vn 0.451315 -0.570529 -0.686157
vn 0.451315 -0.570529 -0.686157
vn 0.359976 -0.632144 -0.686157
vn 0.359976 -0.632144 -0.686157
vn 0.451315 -0.570529 -0.686157
vn 0.359976 -0.632144 -0.686157
vn -0.596809 0.754439 0.273204
vn -0.596809 0.754439 0.273204
vn -0.476010 0.835927 0.273204
vn -0.476010 0.835927 0.273204
vn -0.596809 0.754439 0.273204
vn -0.476010 0.835927 0.273204
vn 0.500804 -0.633086 0.590252
vn 0.500804 -0.633086 0.590252
vn 0.399444 -0.701461 0.590252
vn 0.399444 -0.701461 0.590252
vn 0.500804 -0.633086 0.590252
vn 0.399444 -0.701461 0.590252
vn 0.559167 -0.706876 -0.433197
vn 0.559167 -0.706876 -0.433197
vn 0.446006 -0.783211 -0.433197
vn 0.446006 -0.783211 -0.433197
vn 0.559167 -0.706876 -0.433197
vn 0.446006 -0.783211 -0.433197
vn 0.559167 -0.706876 0.433197
vn 0.559167 -0.706876 0.433197
vn 0.446006 -0.783211 0.433197
vn 0.446006 -0.783211 0.433197
vn 0.559167 -0.706876 0.433197
vn 0.446006 -0.783211 0.433197
vn 0.500804 -0.633086 -0.590252
vn 0.500804 -0.633086 -0.590252
vn 0.399444 -0.701461 -0.590252
vn 0.399444 -0.701461 -0.590252
vn 0.500804 -0.633086 -0.590252
vn 0.399444 -0.701461 -0.590252
vn -0.596809 0.754439 -0.273204
vn -0.596809 0.754439 -0.273204
vn -0.476010 0.835927 -0.273204
vn -0.476010 0.835927 -0.273204
vn -0.596809 0.754439 -0.273204
vn -0.476010 0.835927 -0.273204
vn 0.451315 -0.570529 0.686157
vn 0.451315 -0.570529 0.686157
vn 0.359976 -0.632144 0.686157
vn 0.359976 -0.632144 0.686157
vn 0.451315 -0.570529 0.686157
vn 0.359976 -0.632144 0.686157
vn 0.209449 -0.264776 -0.941289
vn 0.209449 -0.264776 -0.941289
vn 0.167061 -0.293369 -0.941289
vn 0.167061 -0.293369 -0.941289
vn 0.209449 -0.264776 -0.941289
vn 0.167061 -0.293369 -0.941289
vn -0.395571 0.500069 -0.770360
vn -0.395571 0.500069 -0.770360
vn -0.315521 0.554068 -0.770360
vn -0.315521 0.554068 -0.770360
vn -0.395571 0.500069 -0.770360
vn -0.315521 0.554068 -0.770360
vn 0.460001 -0.581518 0.670996
vn 0.460001 -0.581518 0.670996
vn 0.366913 -0.644313 0.670996
vn 0.366913 -0.644313 0.670996
vn 0.460001 -0.581518 0.670996
vn 0.366913 -0.644313 0.670996
vn -0.068387 0.086446 -0.993907
vn -0.068387 0.086446 -0.993907
vn -0.054542 0.095786 -0.993907
vn -0.054542 0.095786 -0.993907
vn -0.068387 0.086446 -0.993907
vn -0.054542 0.095786 -0.993907
vn -0.241027 0.304693 -0.921449
vn -0.241027 0.304693 -0.921449
vn -0.192246 0.337600 -0.921449
vn -0.192246 0.337600 -0.921449
vn -0.241027 0.304693 -0.921449
vn -0.192246 0.337600 -0.921449
vn 0.619615 -0.783287 0.050396
vn 0.619615 -0.783287 0.050396
vn 0.494216 -0.867877 0.050396
vn 0.494216 -0.867877 0.050396
vn 0.619615 -0.783287 0.050396
vn 0.494216 -0.867877 0.050396
vn 0.798801 0.601359 -0.016866
vn 0.798801 0.601359 -0.016866
vn 0.798801 0.601359 -0.016866
vn 0.813430 0.581420 -0.016786
vn 0.831445 0.555607 0.000000
vn 0.813083 0.580708 -0.040924
vn 0.813083 0.580708 -0.040924
vn 0.831445 0.555607 0.000000
vn 0.816237 0.575023 -0.055731
vn 0.816237 0.575023 -0.055731
vn 0.831445 0.555607 0.000000
vn 0.821997 0.565459 -0.067654
vn 0.821997 0.565459 -0.067654
vn 0.831445 0.555607 0.000000
vn 0.830212 0.552139 -0.076752
vn 0.830212 0.552139 -0.076752
vn 0.831445 0.555607 0.000000
vn 0.836128 0.545539 -0.057243
vn 0.836128 0.545539 -0.057243
vn 0.831445 0.555607 0.000000
vn 0.838927 0.543035 -0.036253
vn 0.838927 0.543035 -0.036253
vn 0.831445 0.555607 0.000000
vn 0.843388 0.536579 -0.027921
vn 0.843388 0.536579 -0.027921
vn 0.831445 0.555607 0.000000
vn 0.854984 0.518140 -0.023093
vn 0.854984 0.518140 -0.023093
vn 0.831445 0.555607 0.000000
vn 0.861421 0.507892 0.000000
vn 0.836128 0.545539 -0.057243
vn 0.834316 0.550811 -0.022907
vn 0.830212 0.552139 -0.076752
vn 0.830212 0.552139 -0.076752
vn 0.834316 0.550811 -0.022907
vn 0.834316 0.550811 -0.022907
vn 0.832743 0.553598 0.008239
vn 0.832743 0.553598 0.008239
vn 0.832743 0.553598 0.008239
vn 0.832743 0.553598 0.008239
vn 0.832743 0.553598 0.008239
vn 0.832743 0.553598 0.008239
vn 0.832039 0.554530 0.014442
vn 0.832039 0.554530 0.014442
vn 0.821997 0.565459 -0.067654
vn 0.821997 0.565459 -0.067654
vn 0.832039 0.554530 0.014442
vn 0.816237 0.575023 -0.055731
vn 0.816237 0.575023 -0.055731
vn 0.829277 0.558470 -0.020272
vn 0.813083 0.580708 -0.040924
vn 0.813083 0.580708 -0.040924
vn 0.829277 0.558470 -0.020272
vn 0.829277 0.558470 -0.020272
vn 0.813083 0.580708 -0.040924
vn 0.831604 0.555369 0.000000
vn 0.813430 0.581420 -0.016786
vn 0.813430 0.581420 -0.016786
vn 0.831604 0.555369 0.000000
vn 0.831604 0.555369 0.000000
vn 0.838143 0.545419 0.005914
vn 0.838143 0.545419 0.005914
vn 0.813430 0.581420 -0.016786
vn 0.813430 0.581420 -0.016786
vn 0.838143 0.545419 0.005914
vn 0.805773 0.592224 0.000000
vn 0.838927 0.543035 -0.036253
vn 0.829517 0.558443 0.006604
vn 0.836128 0.545539 -0.057243
vn 0.836128 0.545539 -0.057243
vn 0.829517 0.558443 0.006604
vn 0.829517 0.558443 0.006604
vn 0.843388 0.536579 -0.027921
vn 0.825912 0.563739 0.008207
vn 0.838927 0.543035 -0.036253
vn 0.838927 0.543035 -0.036253
vn 0.825912 0.563739 0.008207
vn 0.825912 0.563739 0.008207
vn 0.831604 0.555369 0.000001
vn 0.831604 0.555369 0.000001
vn 0.854984 0.518140 -0.023093
vn 0.854984 0.518140 -0.023093
vn 0.831604 0.555369 0.000001
vn 0.843388 0.536579 -0.027921
vn 0.806628 0.590796 0.017627
vn 0.806628 0.590796 0.017627
vn 0.806628 0.590796 0.017627
vn 0.806628 0.590796 0.017627
vn 0.806628 0.590796 0.017627
vn 0.806628 0.590796 0.017627
vn 0.805773 0.592224 0.000000
vn 0.813430 0.581420 0.016786
vn 0.831445 0.555607 0.000000
vn 0.813430 0.581420 0.016786
vn 0.813083 0.580708 0.040924
vn 0.831445 0.555607 0.000000
vn 0.813083 0.580708 0.040924
vn 0.816237 0.575023 0.055731
vn 0.831445 0.555607 0.000000
vn 0.816237 0.575023 0.055731
vn 0.821997 0.565459 0.067654
vn 0.831445 0.555607 0.000000
vn 0.821997 0.565459 0.067654
vn 0.830212 0.552138 0.076752
vn 0.831445 0.555607 0.000000
vn 0.830212 0.552138 0.076752
vn 0.836129 0.545538 0.057243
vn 0.831445 0.555607 0.000000
vn 0.836129 0.545538 0.057243
vn 0.838927 0.543035 0.036253
vn 0.831445 0.555607 0.000000
vn 0.838927 0.543035 0.036253
vn 0.843387 0.536580 0.027921
vn 0.831445 0.555607 0.000000
vn 0.843387 0.536580 0.027921
vn 0.854984 0.518140 0.023093
vn 0.831445 0.555607 0.000000
vn 0.854984 0.518140 0.023093
vn 0.861421 0.507892 0.000000
vn 0.831445 0.555607 0.000000
vn 0.836129 0.545538 0.057243
vn 0.830212 0.552138 0.076752
vn 0.834316 0.550810 0.022907
vn 0.834316 0.550810 0.022907
vn 0.830212 0.552138 0.076752
vn 0.834316 0.550810 0.022907
vn 0.832744 0.553597 -0.008239
vn 0.832744 0.553597 -0.008239
vn 0.832744 0.553597 -0.008239
vn 0.832744 0.553597 -0.008239
vn 0.832744 0.553597 -0.008239
vn 0.832744 0.553597 -0.008239
vn 0.816237 0.575023 0.055731
vn 0.832039 0.554530 -0.014442
vn 0.821997 0.565459 0.067654
vn 0.821997 0.565459 0.067654
vn 0.832039 0.554530 -0.014442
vn 0.832039 0.554530 -0.014442
vn 0.816237 0.575023 0.055731
vn 0.813083 0.580708 0.040924
vn 0.829277 0.558470 0.020272
vn 0.829277 0.558470 0.020272
vn 0.813083 0.580708 0.040924
vn 0.829277 0.558470 0.020272
vn 0.813083 0.580708 0.040924
vn 0.813430 0.581420 0.016786
vn 0.831604 0.555369 0.000000
vn 0.831604 0.555369 0.000000
vn 0.813430 0.581420 0.016786
vn 0.831604 0.555369 0.000000
vn 0.805773 0.592224 0.000000
vn 0.838143 0.545419 -0.005914
vn 0.813430 0.581420 0.016786
vn 0.813430 0.581420 0.016786
vn 0.838143 0.545419 -0.005914
vn 0.838143 0.545419 -0.005914
vn 0.838927 0.543035 0.036253
vn 0.836129 0.545538 0.057243
vn 0.829517 0.558442 -0.006604
vn 0.829517 0.558442 -0.006604
vn 0.836129 0.545538 0.057243
vn 0.829517 0.558442 -0.006604
vn 0.843387 0.536580 0.027921
vn 0.838927 0.543035 0.036253
vn 0.825912 0.563740 -0.008207
vn 0.825912 0.563740 -0.008207
vn 0.838927 0.543035 0.036253
vn 0.825912 0.563740 -0.008207
vn 0.843387 0.536580 0.027921
vn 0.831604 0.555369 -0.000001
vn 0.854984 0.518140 0.023093
vn 0.854984 0.518140 0.023093
vn 0.831604 0.555369 -0.000001
vn 0.831604 0.555369 -0.000001
vn 0.806629 0.590796 -0.017627
vn 0.806629 0.590796 -0.017627
vn 0.806629 0.590796 -0.017627
vn 0.806629 0.590796 -0.017627
vn 0.806629 0.590796 -0.017627
vn 0.806629 0.590796 -0.017627
vn 0.141744 0.136603 -0.980433
vn 0.141744 0.136603 -0.980433
vn 0.141744 0.136603 -0.980433
vn 0.720025 0.693948 0.000000
vn 0.720025 0.693948 0.000000
vn 0.720025 0.693948 0.000000
vn 0.720025 0.693948 0.000000
vn 0.720025 0.693948 0.000000
vn 0.720025 0.693948 0.000000
vn -0.141302 -0.136228 -0.980549
vn -0.141302 -0.136228 -0.980549
vn -0.141302 -0.136228 -0.980549
vn -0.141302 -0.136228 -0.980549
vn -0.141302 -0.136228 -0.980549
vn -0.141302 -0.136228 -0.980549
vn -0.720025 -0.693948 0.000000
vn -0.720025 -0.693948 0.000000
vn -0.720025 -0.693948 0.000000
vn -0.720025 -0.693948 0.000000
vn -0.720025 -0.693948 0.000000
vn -0.720025 -0.693948 0.000000
vn 0.141770 0.136627 -0.980426
vn 0.141770 0.136627 -0.980426
vn 0.141770 0.136627 -0.980426
vn 0.141770 0.136627 -0.980426
vn 0.141770 0.136627 -0.980426
vn 0.141770 0.136627 -0.980426
vn 0.720025 0.693948 0.000000
vn 0.720025 0.693948 0.000000
vn 0.720025 0.693948 0.000000
vn 0.720025 0.693948 0.000000
vn 0.720025 0.693948 0.000000
vn 0.720025 0.693948 0.000000
vn -0.141302 -0.136228 -0.980549
vn -0.141302 -0.136228 -0.980549
vn -0.141302 -0.136228 -0.980549
vn -0.141302 -0.136228 -0.980549
vn -0.141302 -0.136228 -0.980549
vn -0.141302 -0.136228 -0.980549
vn -0.720025 -0.693948 0.000000
vn -0.720025 -0.693948 0.000000
vn -0.720025 -0.693948 0.000000
vn -0.720025 -0.693948 0.000000
vn -0.720025 -0.693948 0.000000
vn -0.720025 -0.693948 0.000000
vn 0.141770 0.136627 -0.980426
vn 0.141770 0.136627 -0.980426
vn 0.141770 0.136627 -0.980426
vn 0.141770 0.136627 -0.980426
vn 0.141770 0.136627 -0.980426
vn 0.141770 0.136627 -0.980426
vn 0.720025 0.693948 0.000000
vn 0.720025 0.693948 0.000000
vn 0.720025 0.693948 0.000000
vn 0.720025 0.693948 0.000000
vn 0.720025 0.693948 0.000000
vn 0.720025 0.693948 0.000000
vn -0.141302 -0.136228 -0.980549
vn -0.141302 -0.136228 -0.980549
vn -0.141302 -0.136228 -0.980549
vn -0.141302 -0.136228 -0.980549
vn -0.141302 -0.136228 -0.980549
vn -0.141302 -0.136228 -0.980549
vn -0.720025 -0.693948 0.000000
vn -0.720025 -0.693948 0.000000
vn -0.720025 -0.693948 0.000000
vn -0.720025 -0.693948 0.000000
vn -0.720025 -0.693948 0.000000
vn -0.720025 -0.693948 0.000000
vn 0.720025 0.693948 0.000000
vn 0.720025 0.693948 0.000000
vn 0.720025 0.693948 0.000000
vn 0.720025 0.693948 0.000000
vn 0.720025 0.693948 0.000000
vn 0.720025 0.693948 0.000000
vn -0.720025 -0.693948 0.000000
vn -0.720025 -0.693948 0.000000
vn -0.720025 -0.693948 0.000000
vn -0.720025 -0.693948 0.000000
vn -0.720025 -0.693948 0.000000
vn -0.720025 -0.693948 0.000000
vn -0.141302 -0.136228 -0.980549
vn -0.141302 -0.136228 -0.980549
vn -0.141302 -0.136228 -0.980549
vn -0.141302 -0.136228 -0.980549
vn -0.141302 -0.136228 -0.980549
vn -0.141302 -0.136228 -0.980549
vn 0.141770 0.136627 -0.980426
vn 0.141770 0.136627 -0.980426
vn 0.141770 0.136627 -0.980426
vn 0.141770 0.136627 -0.980426
vn 0.141770 0.136627 -0.980426
vn 0.141770 0.136627 -0.980426
vn -0.685534 0.728041 0.000000
vn -0.685534 0.728041 0.000000
vn -0.685534 0.728041 0.000000
vn -0.685534 0.728041 0.000000
vn -0.685534 0.728041 0.000000
vn -0.685534 0.728041 0.000000
vn -0.683929 0.729549 0.000000
vn -0.683929 0.729549 0.000000
vn -0.683929 0.729549 0.000000
vn -0.683929 0.729549 0.000000
vn -0.683929 0.729549 0.000000
vn -0.683929 0.729549 0.000000
vn 0.141770 0.136627 -0.980426
vn 0.141770 0.136627 -0.980426
vn 0.141770 0.136627 -0.980426
vn 0.130068 0.126158 -0.983446
vn 0.130068 0.126158 -0.983446
vn 0.130068 0.126158 -0.983446
vn 0.130068 0.126158 -0.983446
vn 0.130068 0.126158 -0.983446
vn 0.130068 0.126158 -0.983446
vn 0.717940 0.696105 0.000000
vn 0.717940 0.696105 0.000000
vn 0.717940 0.696105 0.000000
vn 0.717940 0.696105 0.000000
vn 0.717940 0.696105 0.000000
vn 0.717940 0.696105 0.000000
vn 0.717940 0.696105 0.000000
vn 0.717940 0.696105 0.000000
vn 0.717940 0.696105 0.000000
vn 0.717940 0.696105 0.000000
vn 0.717940 0.696105 0.000000
vn 0.717940 0.696105 0.000000
vn -0.129751 -0.125756 -0.983540
vn -0.129751 -0.125756 -0.983540
vn -0.129751 -0.125756 -0.983540
vn -0.129751 -0.125756 -0.983540
vn -0.129751 -0.125756 -0.983540
vn -0.129751 -0.125756 -0.983540
vn -0.129751 -0.125756 -0.983540
vn -0.129751 -0.125756 -0.983540
vn -0.129751 -0.125756 -0.983540
vn -0.129751 -0.125756 -0.983540
vn -0.129751 -0.125756 -0.983540
vn -0.129751 -0.125756 -0.983540
vn -0.717940 -0.696105 0.000000
vn -0.717940 -0.696105 0.000000
vn -0.717940 -0.696105 0.000000
vn -0.717940 -0.696105 0.000000
vn -0.717940 -0.696105 0.000000
vn -0.717940 -0.696105 0.000000
vn -0.717940 -0.696105 0.000000
vn -0.717940 -0.696105 0.000000
vn -0.717940 -0.696105 0.000000
vn -0.717940 -0.696105 0.000000
vn -0.717940 -0.696105 0.000000
vn -0.717940 -0.696105 0.000000
vn 0.130068 0.126158 -0.983446
vn 0.130068 0.126158 -0.983446
vn 0.130068 0.126158 -0.983446
vn 0.130068 0.126158 -0.983446
vn 0.130068 0.126158 -0.983446
vn 0.130068 0.126158 -0.983446
vn 0.130068 0.126158 -0.983446
vn 0.130068 0.126158 -0.983446
vn 0.130068 0.126158 -0.983446
vn 0.130068 0.126158 -0.983446
vn 0.130068 0.126158 -0.983446
vn 0.130068 0.126158 -0.983446
vn 0.717940 0.696105 0.000000
vn 0.717940 0.696105 0.000000
vn 0.717940 0.696105 0.000000
vn 0.717940 0.696105 0.000000
vn 0.717940 0.696105 0.000000
vn 0.717940 0.696105 0.000000
vn 0.717940 0.696105 0.000000
vn 0.717940 0.696105 0.000000
vn 0.717940 0.696105 0.000000
vn 0.717940 0.696105 0.000000
vn 0.717940 0.696105 0.000000
vn 0.717940 0.696105 0.000000
vn -0.129751 -0.125756 -0.983540
vn -0.129751 -0.125756 -0.983540
vn -0.129751 -0.125756 -0.983540
vn -0.129751 -0.125756 -0.983540
vn -0.129751 -0.125756 -0.983540
vn -0.129751 -0.125756 -0.983540
vn -0.129751 -0.125756 -0.983540
vn -0.129751 -0.125756 -0.983540
vn -0.129751 -0.125756 -0.983540
vn -0.129751 -0.125756 -0.983540
vn -0.129751 -0.125756 -0.983540
vn -0.129751 -0.125756 -0.983540
vn -0.717940 -0.696105 0.000000
vn -0.717940 -0.696105 0.000000
vn -0.717940 -0.696105 0.000000
vn -0.717940 -0.696105 0.000000
vn -0.717940 -0.696105 0.000000
vn -0.717940 -0.696105 0.000000
vn 0.130068 0.126158 -0.983446
vn 0.130068 0.126158 -0.983446
vn 0.130068 0.126158 -0.983446
vn 0.130068 0.126158 -0.983446
vn 0.130068 0.126158 -0.983446
vn 0.130068 0.126158 -0.983446
vn 0.130068 0.126158 -0.983446
vn 0.130068 0.126158 -0.983446
vn 0.130068 0.126158 -0.983446
vn 0.130068 0.126158 -0.983446
vn 0.130068 0.126158 -0.983446
vn 0.130068 0.126158 -0.983446
vn 0.717940 0.696105 0.000000
vn 0.717940 0.696105 0.000000
vn 0.717940 0.696105 0.000000
vn 0.717940 0.696105 0.000000
vn 0.717940 0.696105 0.000000
vn 0.717940 0.696105 0.000000
vn -0.129751 -0.125756 -0.983540
vn -0.129751 -0.125756 -0.983540
vn -0.129751 -0.125756 -0.983540
vn -0.129751 -0.125756 -0.983540
vn -0.129751 -0.125756 -0.983540
vn -0.129751 -0.125756 -0.983540
vn -0.129751 -0.125756 -0.983540
vn -0.129751 -0.125756 -0.983540
vn -0.129751 -0.125756 -0.983540
vn -0.129751 -0.125756 -0.983540
vn -0.129751 -0.125756 -0.983540
vn -0.129751 -0.125756 -0.983540
vn -0.129751 -0.125756 -0.983540
vn -0.129751 -0.125756 -0.983540
vn -0.129751 -0.125756 -0.983540
vn -0.717940 -0.696105 0.000000
vn -0.717940 -0.696105 0.000000
vn -0.717940 -0.696105 0.000000
vn -0.717940 -0.696105 0.000000
vn -0.717940 -0.696105 0.000000
vn -0.717940 -0.696105 0.000000
vn 0.681440 -0.731874 0.000000
vn 0.681440 -0.731874 0.000000
vn 0.681440 -0.731874 0.000000
vn 0.681440 -0.731874 0.000000
vn 0.681440 -0.731874 0.000000
vn 0.681440 -0.731874 0.000000
vn 0.714370 0.699768 0.000000
vn 0.714370 0.699768 0.000000
vn 0.714370 0.699768 0.000000
vn 0.714370 0.699768 0.000000
vn 0.714370 0.699768 0.000000
vn 0.714370 0.699768 0.000000
vn 0.714370 0.699768 0.000000
vn 0.714370 0.699768 0.000000
vn 0.714370 0.699768 0.000000
vn 0.714370 0.699768 0.000000
vn 0.714370 0.699768 0.000000
vn 0.714370 0.699768 0.000000
vn -0.714370 -0.699768 0.000000
vn -0.714370 -0.699768 0.000000
vn -0.714370 -0.699768 0.000000
vn -0.714370 -0.699768 0.000000
vn -0.714370 -0.699768 0.000000
vn -0.714370 -0.699768 0.000000
vn -0.129015 -0.126442 -0.983548
vn -0.129015 -0.126442 -0.983548
vn -0.129015 -0.126442 -0.983548
vn -0.129015 -0.126442 -0.983548
vn -0.129015 -0.126442 -0.983548
vn -0.129015 -0.126442 -0.983548
vn -0.129027 -0.126455 -0.983545
vn -0.129027 -0.126455 -0.983545
vn -0.129027 -0.126455 -0.983545
vn -0.129027 -0.126455 -0.983545
vn -0.129027 -0.126455 -0.983545
vn -0.129027 -0.126455 -0.983545
vn 0.129397 0.126767 -0.983456
vn 0.129397 0.126767 -0.983456
vn 0.129397 0.126767 -0.983456
vn 0.129397 0.126767 -0.983456
vn 0.129397 0.126767 -0.983456
vn 0.129397 0.126767 -0.983456
vn 0.129484 0.126842 -0.983435
vn 0.129484 0.126842 -0.983435
vn 0.129484 0.126842 -0.983435
vn 0.129484 0.126842 -0.983435
vn 0.129484 0.126842 -0.983435
vn 0.129484 0.126842 -0.983435
vn -0.682613 0.730781 0.000000
vn -0.682613 0.730781 0.000000
vn -0.682613 0.730781 0.000000
vn -0.682613 0.730781 0.000000
vn -0.682613 0.730781 0.000000
vn -0.682613 0.730781 0.000000
vn -0.681221 0.732078 0.000000
vn -0.681221 0.732078 0.000000
vn -0.681221 0.732078 0.000000
vn -0.681221 0.732078 0.000000
vn -0.681221 0.732078 0.000000
vn -0.681221 0.732078 0.000000
vn 0.130068 0.126158 -0.983446
vn 0.130068 0.126158 -0.983446
vn 0.130068 0.126158 -0.983446
vn 0.130068 0.126158 -0.983446
vn 0.130068 0.126158 -0.983446
vn 0.130068 0.126158 -0.983446
vn -0.129751 -0.125756 -0.983540
vn -0.129751 -0.125756 -0.983540
vn -0.129751 -0.125756 -0.983540
vn 0.130068 0.126158 -0.983446
vn 0.130068 0.126158 -0.983446
vn 0.130068 0.126158 -0.983446
vn 0.130068 0.126158 -0.983446
vn 0.130068 0.126158 -0.983446
vn 0.130068 0.126158 -0.983446
vn 0.130068 0.126158 -0.983446
vn 0.130068 0.126158 -0.983446
vn 0.130068 0.126158 -0.983446
vn 0.717940 0.696105 0.000000
vn 0.717940 0.696105 0.000000
vn 0.717940 0.696105 0.000000
vn 0.717940 0.696105 0.000000
vn 0.717940 0.696105 0.000000
vn 0.717940 0.696105 0.000000
vn -0.129751 -0.125756 -0.983540
vn -0.129751 -0.125756 -0.983540
vn -0.129751 -0.125756 -0.983540
vn -0.129751 -0.125756 -0.983540
vn -0.129751 -0.125756 -0.983540
vn -0.129751 -0.125756 -0.983540
vn -0.717940 -0.696105 0.000000
vn -0.717940 -0.696105 0.000000
vn -0.717940 -0.696105 0.000000
vn -0.717940 -0.696105 0.000000
vn -0.717940 -0.696105 0.000000
vn -0.717940 -0.696105 0.000000
vn -0.129751 -0.125756 -0.983540
vn -0.129751 -0.125756 -0.983540
vn -0.129751 -0.125756 -0.983540
vn -0.129751 -0.125756 -0.983540
vn -0.129751 -0.125756 -0.983540
vn -0.129751 -0.125756 -0.983540
vn 0.130068 0.126158 -0.983446
vn 0.130068 0.126158 -0.983446
vn 0.130068 0.126158 -0.983446
vn 0.130068 0.126158 -0.983446
vn 0.130068 0.126158 -0.983446
vn 0.130068 0.126158 -0.983446
vn 0.130068 0.126158 -0.983446
vn 0.130068 0.126158 -0.983446
vn 0.130068 0.126158 -0.983446
vn 0.130068 0.126158 -0.983446
vn 0.130068 0.126158 -0.983446
vn 0.130068 0.126158 -0.983446
vn 0.717940 0.696105 0.000000
vn 0.717940 0.696105 0.000000
vn 0.717940 0.696105 0.000000
vn 0.717940 0.696105 0.000000
vn 0.717940 0.696105 0.000000
vn 0.717940 0.696105 0.000000
vn -0.129751 -0.125756 -0.983540
vn -0.129751 -0.125756 -0.983540
vn -0.129751 -0.125756 -0.983540
vn -0.129751 -0.125756 -0.983540
vn -0.129751 -0.125756 -0.983540
vn -0.129751 -0.125756 -0.983540
vn -0.717940 -0.696105 0.000000
vn -0.717940 -0.696105 0.000000
vn -0.717940 -0.696105 0.000000
vn -0.717940 -0.696105 0.000000
vn -0.717940 -0.696105 0.000000
vn -0.717940 -0.696105 0.000000
vn -0.129751 -0.125756 -0.983540
vn -0.129751 -0.125756 -0.983540
vn -0.129751 -0.125756 -0.983540
vn -0.129751 -0.125756 -0.983540
vn -0.129751 -0.125756 -0.983540
vn -0.129751 -0.125756 -0.983540
vn 0.130068 0.126158 -0.983446
vn 0.130068 0.126158 -0.983446
vn 0.130068 0.126158 -0.983446
vn 0.130068 0.126158 -0.983446
vn 0.130068 0.126158 -0.983446
vn 0.130068 0.126158 -0.983446
vn 0.130068 0.126158 -0.983446
vn 0.130068 0.126158 -0.983446
vn 0.130068 0.126158 -0.983446
vn -0.129751 -0.125756 -0.983540
vn -0.129751 -0.125756 -0.983540
vn -0.129751 -0.125756 -0.983540
vn 0.130068 0.126158 -0.983446
vn 0.130068 0.126158 -0.983446
vn 0.130068 0.126158 -0.983446
vn -0.129751 -0.125756 -0.983540
vn -0.129751 -0.125756 -0.983540
vn -0.129751 -0.125756 -0.983540
vn -0.129751 -0.125756 -0.983540
vn -0.129751 -0.125756 -0.983540
vn -0.129751 -0.125756 -0.983540
vn -0.129751 -0.125756 -0.983540
vn -0.129751 -0.125756 -0.983540
vn -0.129751 -0.125756 -0.983540
vn -0.129751 -0.125756 -0.983540
vn -0.129751 -0.125756 -0.983540
vn -0.129751 -0.125756 -0.983540
vn -0.717940 -0.696105 0.000000
vn -0.717940 -0.696105 0.000000
vn -0.717940 -0.696105 0.000000
vn -0.717940 -0.696105 0.000000
vn -0.717940 -0.696105 0.000000
vn -0.717940 -0.696105 0.000000
vn 0.130068 0.126158 -0.983446
vn 0.130068 0.126158 -0.983446
vn 0.130068 0.126158 -0.983446
vn 0.130068 0.126158 -0.983446
vn 0.130068 0.126158 -0.983446
vn 0.130068 0.126158 -0.983446
vn 0.717940 0.696105 0.000000
vn 0.717940 0.696105 0.000000
vn 0.717940 0.696105 0.000000
vn 0.717940 0.696105 0.000000
vn 0.717940 0.696105 0.000000
vn 0.717940 0.696105 0.000000
vn -0.129751 -0.125756 -0.983540
vn -0.129751 -0.125756 -0.983540
vn -0.129751 -0.125756 -0.983540
vn 0.130068 0.126158 -0.983446
vn 0.130068 0.126158 -0.983446
vn 0.130068 0.126158 -0.983446
vn 0.130068 0.126158 -0.983446
vn 0.130068 0.126158 -0.983446
vn 0.130068 0.126158 -0.983446
vn 0.717940 0.696105 0.000000
vn 0.717940 0.696105 0.000000
vn 0.717940 0.696105 0.000000
vn 0.717940 0.696105 0.000000
vn 0.717940 0.696105 0.000000
vn 0.717940 0.696105 0.000000
vn -0.129751 -0.125756 -0.983540
vn -0.129751 -0.125756 -0.983540
vn -0.129751 -0.125756 -0.983540
vn -0.129751 -0.125756 -0.983540
vn -0.129751 -0.125756 -0.983540
vn -0.129751 -0.125756 -0.983540
vn 0.130068 0.126158 -0.983446
vn 0.130068 0.126158 -0.983446
vn 0.130068 0.126158 -0.983446
vn 0.130068 0.126158 -0.983446
vn 0.130068 0.126158 -0.983446
vn 0.130068 0.126158 -0.983446
vn -0.129751 -0.125756 -0.983540
vn -0.129751 -0.125756 -0.983540
vn -0.129751 -0.125756 -0.983540
vn -0.129751 -0.125756 -0.983540
vn -0.129751 -0.125756 -0.983540
vn -0.129751 -0.125756 -0.983540
vn 0.130068 0.126158 -0.983446
vn 0.130068 0.126158 -0.983446
vn 0.130068 0.126158 -0.983446
vn 0.130068 0.126158 -0.983446
vn 0.130068 0.126158 -0.983446
vn 0.130068 0.126158 -0.983446
vn 0.717940 0.696105 0.000000
vn 0.717940 0.696105 0.000000
vn 0.717940 0.696105 0.000000
vn 0.717940 0.696105 0.000000
vn 0.717940 0.696105 0.000000
vn 0.717940 0.696105 0.000000
vn -0.129751 -0.125756 -0.983540
vn -0.129751 -0.125756 -0.983540
vn -0.129751 -0.125756 -0.983540
vn -0.129751 -0.125756 -0.983540
vn -0.129751 -0.125756 -0.983540
vn -0.129751 -0.125756 -0.983540
vn 0.130068 0.126158 -0.983446
vn 0.130068 0.126158 -0.983446
vn 0.130068 0.126158 -0.983446
vn -0.129751 -0.125756 -0.983540
vn -0.129751 -0.125756 -0.983540
vn -0.129751 -0.125756 -0.983540
vn 0.130068 0.126158 -0.983446
vn 0.130068 0.126158 -0.983446
vn 0.130068 0.126158 -0.983446
vn 0.130068 0.126158 -0.983446
vn 0.130068 0.126158 -0.983446
vn 0.130068 0.126158 -0.983446
vn -0.129751 -0.125756 -0.983540
vn -0.129751 -0.125756 -0.983540
vn -0.129751 -0.125756 -0.983540
vn -0.129751 -0.125756 -0.983540
vn -0.129751 -0.125756 -0.983540
vn -0.129751 -0.125756 -0.983540
vn 0.130068 0.126158 -0.983446
vn 0.130068 0.126158 -0.983446
vn 0.130068 0.126158 -0.983446
vn 0.130068 0.126158 -0.983446
vn 0.130068 0.126158 -0.983446
vn 0.130068 0.126158 -0.983446
vn -0.129751 -0.125756 -0.983540
vn -0.129751 -0.125756 -0.983540
vn -0.129751 -0.125756 -0.983540
vn -0.129751 -0.125756 -0.983540
vn -0.129751 -0.125756 -0.983540
vn -0.129751 -0.125756 -0.983540
vn -0.129751 -0.125756 -0.983540
vn -0.129751 -0.125756 -0.983540
vn -0.129751 -0.125756 -0.983540
vn -0.129751 -0.125756 -0.983540
vn -0.129751 -0.125756 -0.983540
vn -0.129751 -0.125756 -0.983540
vn 0.130068 0.126158 -0.983446
vn 0.130068 0.126158 -0.983446
vn 0.130068 0.126158 -0.983446
vn 0.130068 0.126158 -0.983446
vn 0.130068 0.126158 -0.983446
vn 0.130068 0.126158 -0.983446
vn 0.717940 0.696105 0.000000
vn 0.717940 0.696105 0.000000
vn 0.717940 0.696105 0.000000
vn 0.717940 0.696105 0.000000
vn 0.717940 0.696105 0.000000
vn 0.717940 0.696105 0.000000
vn -0.129751 -0.125756 -0.983540
vn -0.129751 -0.125756 -0.983540
vn -0.129751 -0.125756 -0.983540
vn -0.129751 -0.125756 -0.983540
vn -0.129751 -0.125756 -0.983540
vn -0.129751 -0.125756 -0.983540
vn 0.130068 0.126158 -0.983446
vn 0.130068 0.126158 -0.983446
vn 0.130068 0.126158 -0.983446
vn 0.130068 0.126158 -0.983446
vn 0.130068 0.126158 -0.983446
vn 0.130068 0.126158 -0.983446
vn 0.130068 0.126158 -0.983446
vn 0.130068 0.126158 -0.983446
vn 0.130068 0.126158 -0.983446
vn -0.129751 -0.125756 -0.983540
vn -0.129751 -0.125756 -0.983540
vn -0.129751 -0.125756 -0.983540
vn -0.129751 -0.125756 -0.983540
vn -0.129751 -0.125756 -0.983540
vn -0.129751 -0.125756 -0.983540
vn 0.130068 0.126158 -0.983446
vn 0.130068 0.126158 -0.983446
vn 0.130068 0.126158 -0.983446
vn 0.130068 0.126158 -0.983446
vn 0.130068 0.126158 -0.983446
vn 0.130068 0.126158 -0.983446
vn 0.717940 0.696105 0.000000
vn 0.717940 0.696105 0.000000
vn 0.717940 0.696105 0.000000
vn 0.717940 0.696105 0.000000
vn 0.717940 0.696105 0.000000
vn 0.717940 0.696105 0.000000
vn -0.129751 -0.125756 -0.983540
vn -0.129751 -0.125756 -0.983540
vn -0.129751 -0.125756 -0.983540
vn -0.129751 -0.125756 -0.983540
vn -0.129751 -0.125756 -0.983540
vn -0.129751 -0.125756 -0.983540
vn 0.130068 0.126158 -0.983446
vn 0.130068 0.126158 -0.983446
vn 0.130068 0.126158 -0.983446
vn -0.129751 -0.125756 -0.983540
vn -0.129751 -0.125756 -0.983540
vn -0.129751 -0.125756 -0.983540
vn 0.130068 0.126158 -0.983446
vn 0.130068 0.126158 -0.983446
vn 0.130068 0.126158 -0.983446
vn 0.130068 0.126158 -0.983446
vn 0.130068 0.126158 -0.983446
vn 0.130068 0.126158 -0.983446
vn -0.129751 -0.125756 -0.983540
vn -0.129751 -0.125756 -0.983540
vn -0.129751 -0.125756 -0.983540
vn 0.130068 0.126158 -0.983446
vn 0.130068 0.126158 -0.983446
vn 0.130068 0.126158 -0.983446
vn 0.130068 0.126158 -0.983446
vn 0.130068 0.126158 -0.983446
vn 0.130068 0.126158 -0.983446
vn -0.129751 -0.125756 -0.983540
vn -0.129751 -0.125756 -0.983540
vn -0.129751 -0.125756 -0.983540
vn -0.129751 -0.125756 -0.983540
vn -0.129751 -0.125756 -0.983540
vn -0.129751 -0.125756 -0.983540
vn 0.130068 0.126158 -0.983446
vn 0.130068 0.126158 -0.983446
vn 0.130068 0.126158 -0.983446
vn 0.130068 0.126158 -0.983446
vn 0.130068 0.126158 -0.983446
vn 0.130068 0.126158 -0.983446
vn -0.129751 -0.125756 -0.983540
vn -0.129751 -0.125756 -0.983540
vn -0.129751 -0.125756 -0.983540
vn -0.129751 -0.125756 -0.983540
vn -0.129751 -0.125756 -0.983540
vn -0.129751 -0.125756 -0.983540
vn 0.130068 0.126158 -0.983446
vn 0.130068 0.126158 -0.983446
vn 0.130068 0.126158 -0.983446
vn 0.130068 0.126158 -0.983446
vn 0.130068 0.126158 -0.983446
vn 0.130068 0.126158 -0.983446
vn 0.130068 0.126158 -0.983446
vn 0.130068 0.126158 -0.983446
vn 0.130068 0.126158 -0.983446
vn -0.129751 -0.125756 -0.983540
vn -0.129751 -0.125756 -0.983540
vn -0.129751 -0.125756 -0.983540
vn -0.129751 -0.125756 -0.983540
vn -0.129751 -0.125756 -0.983540
vn -0.129751 -0.125756 -0.983540
vn -0.129751 -0.125756 -0.983540
vn -0.129751 -0.125756 -0.983540
vn -0.129751 -0.125756 -0.983540
vn -0.129751 -0.125756 -0.983540
vn -0.129751 -0.125756 -0.983540
vn -0.129751 -0.125756 -0.983540
vn 0.130068 0.126158 -0.983446
vn 0.130068 0.126158 -0.983446
vn 0.130068 0.126158 -0.983446
vn 0.714370 0.699768 0.000000
vn 0.714370 0.699768 0.000000
vn 0.714370 0.699768 0.000000
vn 0.714370 0.699768 0.000000
vn 0.714370 0.699768 0.000000
vn 0.714370 0.699768 0.000000
vn -0.714370 -0.699768 0.000000
vn -0.714370 -0.699768 0.000000
vn -0.714370 -0.699768 0.000000
vn -0.714370 -0.699768 0.000000
vn -0.714370 -0.699768 0.000000
vn -0.714370 -0.699768 0.000000
vn -0.129015 -0.126442 -0.983548
vn -0.129015 -0.126442 -0.983548
vn -0.129015 -0.126442 -0.983548
vn -0.129027 -0.126455 -0.983545
vn -0.129027 -0.126455 -0.983545
vn -0.129027 -0.126455 -0.983545
vn -0.129027 -0.126455 -0.983545
vn -0.129027 -0.126455 -0.983545
vn -0.129027 -0.126455 -0.983545
vn 0.129397 0.126767 -0.983456
vn 0.129397 0.126767 -0.983456
vn 0.129397 0.126767 -0.983456
vn 0.129484 0.126842 -0.983435
vn 0.129484 0.126842 -0.983435
vn 0.129484 0.126842 -0.983435
vn 0.129484 0.126842 -0.983435
vn 0.129484 0.126842 -0.983435
vn 0.129484 0.126842 -0.983435
vn -0.714370 -0.699768 0.000000
vn -0.714370 -0.699768 0.000000
vn -0.714370 -0.699768 0.000000
vn -0.714370 -0.699768 0.000000
vn -0.714370 -0.699768 0.000000
vn -0.714370 -0.699768 0.000000
vn -0.129015 -0.126442 -0.983548
vn -0.129015 -0.126442 -0.983548
vn -0.129015 -0.126442 -0.983548
vn 0.129397 0.126767 -0.983456
vn 0.129397 0.126767 -0.983456
vn 0.129397 0.126767 -0.983456
vn 0.129397 0.126767 -0.983456
vn 0.129397 0.126767 -0.983456
vn 0.129397 0.126767 -0.983456
vn -0.129027 -0.126455 -0.983545
vn -0.129027 -0.126455 -0.983545
vn -0.129027 -0.126455 -0.983545
vn -0.129027 -0.126455 -0.983545
vn -0.129027 -0.126455 -0.983545
vn -0.129027 -0.126455 -0.983545
vn -0.129027 -0.126455 -0.983545
vn -0.129027 -0.126455 -0.983545
vn -0.129027 -0.126455 -0.983545
vn -0.129027 -0.126455 -0.983545
vn -0.129027 -0.126455 -0.983545
vn -0.129027 -0.126455 -0.983545
vn -0.714370 -0.699768 0.000000
vn -0.714370 -0.699768 0.000000
vn -0.714370 -0.699768 0.000000
vn -0.714370 -0.699768 0.000000
vn -0.714370 -0.699768 0.000000
vn -0.714370 -0.699768 0.000000
vn -0.129015 -0.126442 -0.983548
vn -0.129015 -0.126442 -0.983548
vn -0.129015 -0.126442 -0.983548
vn -0.129015 -0.126442 -0.983548
vn -0.129015 -0.126442 -0.983548
vn -0.129015 -0.126442 -0.983548
vn -0.129015 -0.126442 -0.983548
vn -0.129015 -0.126442 -0.983548
vn -0.129015 -0.126442 -0.983548
vn 0.714370 0.699768 0.000000
vn 0.714370 0.699768 0.000000
vn 0.714370 0.699768 0.000000
vn 0.714370 0.699768 0.000000
vn 0.714370 0.699768 0.000000
vn 0.714370 0.699768 0.000000
vn 0.129484 0.126842 -0.983435
vn 0.129484 0.126842 -0.983435
vn 0.129484 0.126842 -0.983435
vn 0.129484 0.126842 -0.983435
vn 0.129484 0.126842 -0.983435
vn 0.129484 0.126842 -0.983435
vn -0.714370 -0.699768 0.000000
vn -0.714370 -0.699768 0.000000
vn -0.714370 -0.699768 0.000000
vn -0.714370 -0.699768 0.000000
vn -0.714370 -0.699768 0.000000
vn -0.714370 -0.699768 0.000000
vn -0.129015 -0.126442 -0.983548
vn -0.129015 -0.126442 -0.983548
vn -0.129015 -0.126442 -0.983548
vn -0.129015 -0.126442 -0.983548
vn -0.129015 -0.126442 -0.983548
vn -0.129015 -0.126442 -0.983548
vn -0.129015 -0.126442 -0.983548
vn -0.129015 -0.126442 -0.983548
vn -0.129015 -0.126442 -0.983548
vn 0.129397 0.126767 -0.983456
vn 0.129397 0.126767 -0.983456
vn 0.129397 0.126767 -0.983456
vn 0.129397 0.126767 -0.983456
vn 0.129397 0.126767 -0.983456
vn 0.129397 0.126767 -0.983456
vn -0.129027 -0.126455 -0.983545
vn -0.129027 -0.126455 -0.983545
vn -0.129027 -0.126455 -0.983545
vn 0.129484 0.126842 -0.983435
vn 0.129484 0.126842 -0.983435
vn 0.129484 0.126842 -0.983435
vn -0.717940 -0.696105 0.000000
vn -0.717940 -0.696105 0.000000
vn -0.717940 -0.696105 0.000000
vn -0.717940 -0.696105 0.000000
vn -0.717940 -0.696105 0.000000
vn -0.717940 -0.696105 0.000000
vn -0.717940 -0.696105 0.000000
vn -0.717940 -0.696105 0.000000
vn -0.717940 -0.696105 0.000000
vn -0.717940 -0.696105 0.000000
vn -0.717940 -0.696105 0.000000
vn -0.717940 -0.696105 0.000000
vn -0.717940 -0.696105 0.000000
vn -0.717940 -0.696105 0.000000
vn -0.717940 -0.696105 0.000000
vn -0.717940 -0.696105 0.000000
vn -0.717940 -0.696105 0.000000
vn -0.717940 -0.696105 0.000000
vn -0.717940 -0.696105 0.000000
vn -0.717940 -0.696105 0.000000
vn -0.717940 -0.696105 0.000000
vn -0.717940 -0.696105 0.000000
vn -0.717940 -0.696105 0.000000
vn -0.717940 -0.696105 0.000000
vn -0.717940 -0.696105 0.000000
vn -0.717940 -0.696105 0.000000
vn -0.717940 -0.696105 0.000000
vn -0.717940 -0.696105 0.000000
vn -0.717940 -0.696105 0.000000
vn -0.717940 -0.696105 0.000000
vn -0.717940 -0.696105 0.000000
vn -0.717940 -0.696105 0.000000
vn -0.717940 -0.696105 0.000000
vn -0.717940 -0.696105 0.000000
vn -0.717940 -0.696105 0.000000
vn -0.717940 -0.696105 0.000000
vn -0.717940 -0.696105 0.000000
vn -0.717940 -0.696105 0.000000
vn -0.717940 -0.696105 0.000000
vn -0.717940 -0.696105 0.000000
vn -0.717940 -0.696105 0.000000
vn -0.717940 -0.696105 0.000000
vn 0.681001 -0.732282 0.000000
vn 0.681001 -0.732282 0.000000
vn 0.681001 -0.732282 0.000000
vn 0.681001 -0.732282 0.000000
vn 0.681001 -0.732282 0.000000
vn 0.681001 -0.732282 0.000000
vn 0.689880 -0.723893 -0.006600
vn 0.689880 -0.723893 -0.006600
vn 0.692778 -0.721121 -0.006600
vn 0.692778 -0.721121 -0.006600
vn 0.689880 -0.723893 -0.006600
vn 0.692778 -0.721121 -0.006600
vn 0.692850 -0.721052 -0.006600
vn 0.695732 -0.718271 -0.006600
vn 0.692850 -0.721052 -0.006600
vn 0.692850 -0.721052 -0.006600
vn 0.695732 -0.718271 -0.006600
vn 0.695732 -0.718271 -0.006600
vn 0.141770 0.136627 0.980426
vn 0.141770 0.136627 0.980426
vn 0.141770 0.136627 0.980426
vn 0.720025 0.693948 0.000000
vn 0.720025 0.693948 0.000000
vn 0.720025 0.693948 0.000000
vn 0.720025 0.693948 0.000000
vn 0.720025 0.693948 0.000000
vn 0.720025 0.693948 0.000000
vn -0.141302 -0.136228 0.980549
vn -0.141302 -0.136228 0.980549
vn -0.141302 -0.136228 0.980549
vn -0.141302 -0.136228 0.980549
vn -0.141302 -0.136228 0.980549
vn -0.141302 -0.136228 0.980549
vn -0.720025 -0.693948 0.000000
vn -0.720025 -0.693948 0.000000
vn -0.720025 -0.693948 0.000000
vn -0.720025 -0.693948 0.000000
vn -0.720025 -0.693948 0.000000
vn -0.720025 -0.693948 0.000000
vn 0.141770 0.136627 0.980426
vn 0.141770 0.136627 0.980426
vn 0.141770 0.136627 0.980426
vn 0.141770 0.136627 0.980426
vn 0.141770 0.136627 0.980426
vn 0.141770 0.136627 0.980426
vn 0.720025 0.693948 0.000000
vn 0.720025 0.693948 0.000000
vn 0.720025 0.693948 0.000000
vn 0.720025 0.693948 0.000000
vn 0.720025 0.693948 0.000000
vn 0.720025 0.693948 0.000000
vn -0.141302 -0.136228 0.980549
vn -0.141302 -0.136228 0.980549
vn -0.141302 -0.136228 0.980549
vn -0.141302 -0.136228 0.980549
vn -0.141302 -0.136228 0.980549
vn -0.141302 -0.136228 0.980549
vn -0.720025 -0.693948 0.000000
vn -0.720025 -0.693948 0.000000
vn -0.720025 -0.693948 0.000000
vn -0.720025 -0.693948 0.000000
vn -0.720025 -0.693948 0.000000
vn -0.720025 -0.693948 0.000000
vn 0.141770 0.136627 0.980426
vn 0.141770 0.136627 0.980426
vn 0.141770 0.136627 0.980426
vn 0.141770 0.136627 0.980426
vn 0.141770 0.136627 0.980426
vn 0.141770 0.136627 0.980426
vn 0.720025 0.693948 0.000000
vn 0.720025 0.693948 0.000000
vn 0.720025 0.693948 0.000000
vn 0.720025 0.693948 0.000000
vn 0.720025 0.693948 0.000000
vn 0.720025 0.693948 0.000000
vn -0.141302 -0.136228 0.980549
vn -0.141302 -0.136228 0.980549
vn -0.141302 -0.136228 0.980549
vn -0.141302 -0.136228 0.980549
vn -0.141302 -0.136228 0.980549
vn -0.141302 -0.136228 0.980549
vn -0.720025 -0.693948 0.000000
vn -0.720025 -0.693948 0.000000
vn -0.720025 -0.693948 0.000000
vn -0.720025 -0.693948 0.000000
vn -0.720025 -0.693948 0.000000
vn -0.720025 -0.693948 0.000000
vn 0.720025 0.693948 0.000000
vn 0.720025 0.693948 0.000000
vn 0.720025 0.693948 0.000000
vn 0.720025 0.693948 0.000000
vn 0.720025 0.693948 0.000000
vn 0.720025 0.693948 0.000000
vn -0.720025 -0.693948 0.000000
vn -0.720025 -0.693948 0.000000
vn -0.720025 -0.693948 0.000000
vn -0.720025 -0.693948 0.000000
vn -0.720025 -0.693948 0.000000
vn -0.720025 -0.693948 0.000000
vn -0.141302 -0.136228 0.980549
vn -0.141302 -0.136228 0.980549
vn -0.141302 -0.136228 0.980549
vn -0.141302 -0.136228 0.980549
vn -0.141302 -0.136228 0.980549
vn -0.141302 -0.136228 0.980549
vn 0.141770 0.136627 0.980426
vn 0.141770 0.136627 0.980426
vn 0.141770 0.136627 0.980426
vn 0.141770 0.136627 0.980426
vn 0.141770 0.136627 0.980426
vn 0.141770 0.136627 0.980426
vn -0.685534 0.728041 0.000000
vn -0.685534 0.728041 0.000000
vn -0.685534 0.728041 0.000000
vn -0.685534 0.728041 0.000000
vn -0.685534 0.728041 0.000000
vn -0.685534 0.728041 0.000000
vn -0.683929 0.729549 0.000000
vn -0.683929 0.729549 0.000000
vn -0.683929 0.729549 0.000000
vn -0.683929 0.729549 0.000000
vn -0.683929 0.729549 0.000000
vn -0.683929 0.729549 0.000000
vn 0.141770 0.136627 0.980426
vn 0.141770 0.136627 0.980426
vn 0.141770 0.136627 0.980426
vn 0.130068 0.126158 0.983446
vn 0.130068 0.126158 0.983446
vn 0.130068 0.126158 0.983446
vn 0.130068 0.126158 0.983446
vn 0.130068 0.126158 0.983446
vn 0.130068 0.126158 0.983446
vn 0.717940 0.696105 0.000000
vn 0.717940 0.696105 0.000000
vn 0.717940 0.696105 0.000000
vn 0.717940 0.696105 0.000000
vn 0.717940 0.696105 0.000000
vn 0.717940 0.696105 0.000000
vn 0.717940 0.696105 0.000000
vn 0.717940 0.696105 0.000000
vn 0.717940 0.696105 0.000000
vn 0.717940 0.696105 0.000000
vn 0.717940 0.696105 0.000000
vn 0.717940 0.696105 0.000000
vn -0.129751 -0.125756 0.983540
vn -0.129751 -0.125756 0.983540
vn -0.129751 -0.125756 0.983540
vn -0.129751 -0.125756 0.983540
vn -0.129751 -0.125756 0.983540
vn -0.129751 -0.125756 0.983540
vn -0.129751 -0.125756 0.983540
vn -0.129751 -0.125756 0.983540
vn -0.129751 -0.125756 0.983540
vn -0.129751 -0.125756 0.983540
vn -0.129751 -0.125756 0.983540
vn -0.129751 -0.125756 0.983540
vn -0.717940 -0.696105 0.000000
vn -0.717940 -0.696105 0.000000
vn -0.717940 -0.696105 0.000000
vn -0.717940 -0.696105 0.000000
vn -0.717940 -0.696105 0.000000
vn -0.717940 -0.696105 0.000000
vn -0.717940 -0.696105 0.000000
vn -0.717940 -0.696105 0.000000
vn -0.717940 -0.696105 0.000000
vn -0.717940 -0.696105 0.000000
vn -0.717940 -0.696105 0.000000
vn -0.717940 -0.696105 0.000000
vn 0.130068 0.126158 0.983446
vn 0.130068 0.126158 0.983446
vn 0.130068 0.126158 0.983446
vn 0.130068 0.126158 0.983446
vn 0.130068 0.126158 0.983446
vn 0.130068 0.126158 0.983446
vn 0.130068 0.126158 0.983446
vn 0.130068 0.126158 0.983446
vn 0.130068 0.126158 0.983446
vn 0.130068 0.126158 0.983446
vn 0.130068 0.126158 0.983446
vn 0.130068 0.126158 0.983446
vn 0.717940 0.696105 0.000000
vn 0.717940 0.696105 0.000000
vn 0.717940 0.696105 0.000000
vn 0.717940 0.696105 0.000000
vn 0.717940 0.696105 0.000000
vn 0.717940 0.696105 0.000000
vn 0.717940 0.696105 0.000000
vn 0.717940 0.696105 0.000000
vn 0.717940 0.696105 0.000000
vn 0.717940 0.696105 0.000000
vn 0.717940 0.696105 0.000000
vn 0.717940 0.696105 0.000000
vn -0.129751 -0.125756 0.983540
vn -0.129751 -0.125756 0.983540
vn -0.129751 -0.125756 0.983540
vn -0.129751 -0.125756 0.983540
vn -0.129751 -0.125756 0.983540
vn -0.129751 -0.125756 0.983540
vn -0.129751 -0.125756 0.983540
vn -0.129751 -0.125756 0.983540
vn -0.129751 -0.125756 0.983540
vn -0.129751 -0.125756 0.983540
vn -0.129751 -0.125756 0.983540
vn -0.129751 -0.125756 0.983540
vn -0.717940 -0.696105 0.000000
vn -0.717940 -0.696105 0.000000
vn -0.717940 -0.696105 0.000000
vn -0.717940 -0.696105 0.000000
vn -0.717940 -0.696105 0.000000
vn -0.717940 -0.696105 0.000000
vn 0.130068 0.126158 0.983446
vn 0.130068 0.126158 0.983446
vn 0.130068 0.126158 0.983446
vn 0.130068 0.126158 0.983446
vn 0.130068 0.126158 0.983446
vn 0.130068 0.126158 0.983446
vn 0.130068 0.126158 0.983446
vn 0.130068 0.126158 0.983446
vn 0.130068 0.126158 0.983446
vn 0.130068 0.126158 0.983446
vn 0.130068 0.126158 0.983446
vn 0.130068 0.126158 0.983446
vn 0.717940 0.696105 0.000000
vn 0.717940 0.696105 0.000000
vn 0.717940 0.696105 0.000000
vn 0.717940 0.696105 0.000000
vn 0.717940 0.696105 0.000000
vn 0.717940 0.696105 0.000000
vn -0.129751 -0.125756 0.983540
vn -0.129751 -0.125756 0.983540
vn -0.129751 -0.125756 0.983540
vn -0.129751 -0.125756 0.983540
vn -0.129751 -0.125756 0.983540
vn -0.129751 -0.125756 0.983540
vn -0.129751 -0.125756 0.983540
vn -0.129751 -0.125756 0.983540
vn -0.129751 -0.125756 0.983540
vn -0.129751 -0.125756 0.983540
vn -0.129751 -0.125756 0.983540
vn -0.129751 -0.125756 0.983540
vn -0.129751 -0.125756 0.983540
vn -0.129751 -0.125756 0.983540
vn -0.129751 -0.125756 0.983540
vn -0.717940 -0.696105 0.000000
vn -0.717940 -0.696105 0.000000
vn -0.717940 -0.696105 0.000000
vn -0.717940 -0.696105 0.000000
vn -0.717940 -0.696105 0.000000
vn -0.717940 -0.696105 0.000000
vn 0.681440 -0.731874 0.000000
vn 0.681440 -0.731874 0.000000
vn 0.681440 -0.731874 0.000000
vn 0.681440 -0.731874 0.000000
vn 0.681440 -0.731874 0.000000
vn 0.681440 -0.731874 0.000000
vn 0.714370 0.699768 0.000000
vn 0.714370 0.699768 0.000000
vn 0.714370 0.699768 0.000000
vn 0.714370 0.699768 0.000000
vn 0.714370 0.699768 0.000000
vn 0.714370 0.699768 0.000000
vn 0.714370 0.699768 0.000000
vn 0.714370 0.699768 0.000000
vn 0.714370 0.699768 0.000000
vn 0.714370 0.699768 0.000000
vn 0.714370 0.699768 0.000000
vn 0.714370 0.699768 0.000000
vn -0.714370 -0.699768 0.000000
vn -0.714370 -0.699768 0.000000
vn -0.714370 -0.699768 0.000000
vn -0.714370 -0.699768 0.000000
vn -0.714370 -0.699768 0.000000
vn -0.714370 -0.699768 0.000000
vn -0.129015 -0.126442 0.983548
vn -0.129015 -0.126442 0.983548
vn -0.129015 -0.126442 0.983548
vn -0.129015 -0.126442 0.983548
vn -0.129015 -0.126442 0.983548
vn -0.129015 -0.126442 0.983548
vn -0.129027 -0.126455 0.983545
vn -0.129027 -0.126455 0.983545
vn -0.129027 -0.126455 0.983545
vn -0.129027 -0.126455 0.983545
vn -0.129027 -0.126455 0.983545
vn -0.129027 -0.126455 0.983545
vn 0.129397 0.126767 0.983456
vn 0.129397 0.126767 0.983456
vn 0.129397 0.126767 0.983456
vn 0.129397 0.126767 0.983456
vn 0.129397 0.126767 0.983456
vn 0.129397 0.126767 0.983456
vn 0.129484 0.126842 0.983435
vn 0.129484 0.126842 0.983435
vn 0.129484 0.126842 0.983435
vn 0.129484 0.126842 0.983435
vn 0.129484 0.126842 0.983435
vn 0.129484 0.126842 0.983435
vn -0.682613 0.730781 0.000000
vn -0.682613 0.730781 0.000000
vn -0.682613 0.730781 0.000000
vn -0.682613 0.730781 0.000000
vn -0.682613 0.730781 0.000000
vn -0.682613 0.730781 0.000000
vn -0.681221 0.732078 0.000000
vn -0.681221 0.732078 0.000000
vn -0.681221 0.732078 0.000000
vn -0.681221 0.732078 0.000000
vn -0.681221 0.732078 0.000000
vn -0.681221 0.732078 0.000000
vn 0.130068 0.126158 0.983446
vn 0.130068 0.126158 0.983446
vn 0.130068 0.126158 0.983446
vn 0.130068 0.126158 0.983446
vn 0.130068 0.126158 0.983446
vn 0.130068 0.126158 0.983446
vn -0.129751 -0.125756 0.983540
vn -0.129751 -0.125756 0.983540
vn -0.129751 -0.125756 0.983540
vn 0.130068 0.126158 0.983446
vn 0.130068 0.126158 0.983446
vn 0.130068 0.126158 0.983446
vn 0.130068 0.126158 0.983446
vn 0.130068 0.126158 0.983446
vn 0.130068 0.126158 0.983446
vn 0.130068 0.126158 0.983446
vn 0.130068 0.126158 0.983446
vn 0.130068 0.126158 0.983446
vn 0.717940 0.696105 0.000000
vn 0.717940 0.696105 0.000000
vn 0.717940 0.696105 0.000000
vn 0.717940 0.696105 0.000000
vn 0.717940 0.696105 0.000000
vn 0.717940 0.696105 0.000000
vn -0.129751 -0.125756 0.983540
vn -0.129751 -0.125756 0.983540
vn -0.129751 -0.125756 0.983540
vn -0.129751 -0.125756 0.983540
vn -0.129751 -0.125756 0.983540
vn -0.129751 -0.125756 0.983540
vn -0.717940 -0.696105 0.000000
vn -0.717940 -0.696105 0.000000
vn -0.717940 -0.696105 0.000000
vn -0.717940 -0.696105 0.000000
vn -0.717940 -0.696105 0.000000
vn -0.717940 -0.696105 0.000000
vn -0.129751 -0.125756 0.983540
vn -0.129751 -0.125756 0.983540
vn -0.129751 -0.125756 0.983540
vn -0.129751 -0.125756 0.983540
vn -0.129751 -0.125756 0.983540
vn -0.129751 -0.125756 0.983540
vn 0.130068 0.126158 0.983446
vn 0.130068 0.126158 0.983446
vn 0.130068 0.126158 0.983446
vn 0.130068 0.126158 0.983446
vn 0.130068 0.126158 0.983446
vn 0.130068 0.126158 0.983446
vn 0.130068 0.126158 0.983446
vn 0.130068 0.126158 0.983446
vn 0.130068 0.126158 0.983446
vn 0.130068 0.126158 0.983446
vn 0.130068 0.126158 0.983446
vn 0.130068 0.126158 0.983446
vn 0.717940 0.696105 0.000000
vn 0.717940 0.696105 0.000000
vn 0.717940 0.696105 0.000000
vn 0.717940 0.696105 0.000000
vn 0.717940 0.696105 0.000000
vn 0.717940 0.696105 0.000000
vn -0.129751 -0.125756 0.983540
vn -0.129751 -0.125756 0.983540
vn -0.129751 -0.125756 0.983540
vn -0.129751 -0.125756 0.983540
vn -0.129751 -0.125756 0.983540
vn -0.129751 -0.125756 0.983540
vn -0.717940 -0.696105 0.000000
vn -0.717940 -0.696105 0.000000
vn -0.717940 -0.696105 0.000000
vn -0.717940 -0.696105 0.000000
vn -0.717940 -0.696105 0.000000
vn -0.717940 -0.696105 0.000000
vn -0.129751 -0.125756 0.983540
vn -0.129751 -0.125756 0.983540
vn -0.129751 -0.125756 0.983540
vn -0.129751 -0.125756 0.983540
vn -0.129751 -0.125756 0.983540
vn -0.129751 -0.125756 0.983540
vn 0.130068 0.126158 0.983446
vn 0.130068 0.126158 0.983446
vn 0.130068 0.126158 0.983446
vn 0.130068 0.126158 0.983446
vn 0.130068 0.126158 0.983446
vn 0.130068 0.126158 0.983446
vn 0.130068 0.126158 0.983446
vn 0.130068 0.126158 0.983446
vn 0.130068 0.126158 0.983446
vn -0.129751 -0.125756 0.983540
vn -0.129751 -0.125756 0.983540
vn -0.129751 -0.125756 0.983540
vn 0.130068 0.126158 0.983446
vn 0.130068 0.126158 0.983446
vn 0.130068 0.126158 0.983446
vn -0.129751 -0.125756 0.983540
vn -0.129751 -0.125756 0.983540
vn -0.129751 -0.125756 0.983540
vn -0.129751 -0.125756 0.983540
vn -0.129751 -0.125756 0.983540
vn -0.129751 -0.125756 0.983540
vn -0.129751 -0.125756 0.983540
vn -0.129751 -0.125756 0.983540
vn -0.129751 -0.125756 0.983540
vn -0.129751 -0.125756 0.983540
vn -0.129751 -0.125756 0.983540
vn -0.129751 -0.125756 0.983540
vn -0.717940 -0.696105 0.000000
vn -0.717940 -0.696105 0.000000
vn -0.717940 -0.696105 0.000000
vn -0.717940 -0.696105 0.000000
vn -0.717940 -0.696105 0.000000
vn -0.717940 -0.696105 0.000000
vn 0.130068 0.126158 0.983446
vn 0.130068 0.126158 0.983446
vn 0.130068 0.126158 0.983446
vn 0.130068 0.126158 0.983446
vn 0.130068 0.126158 0.983446
vn 0.130068 0.126158 0.983446
vn 0.717940 0.696105 0.000000
vn 0.717940 0.696105 0.000000
vn 0.717940 0.696105 0.000000
vn 0.717940 0.696105 0.000000
vn 0.717940 0.696105 0.000000
vn 0.717940 0.696105 0.000000
vn -0.129751 -0.125756 0.983540
vn -0.129751 -0.125756 0.983540
vn -0.129751 -0.125756 0.983540
vn 0.130068 0.126158 0.983446
vn 0.130068 0.126158 0.983446
vn 0.130068 0.126158 0.983446
vn 0.130068 0.126158 0.983446
vn 0.130068 0.126158 0.983446
vn 0.130068 0.126158 0.983446
vn 0.717940 0.696105 0.000000
vn 0.717940 0.696105 0.000000
vn 0.717940 0.696105 0.000000
vn 0.717940 0.696105 0.000000
vn 0.717940 0.696105 0.000000
vn 0.717940 0.696105 0.000000
vn -0.129751 -0.125756 0.983540
vn -0.129751 -0.125756 0.983540
vn -0.129751 -0.125756 0.983540
vn -0.129751 -0.125756 0.983540
vn -0.129751 -0.125756 0.983540
vn -0.129751 -0.125756 0.983540
vn 0.130068 0.126158 0.983446
vn 0.130068 0.126158 0.983446
vn 0.130068 0.126158 0.983446
vn 0.130068 0.126158 0.983446
vn 0.130068 0.126158 0.983446
vn 0.130068 0.126158 0.983446
vn -0.129751 -0.125756 0.983540
vn -0.129751 -0.125756 0.983540
vn -0.129751 -0.125756 0.983540
vn -0.129751 -0.125756 0.983540
vn -0.129751 -0.125756 0.983540
vn -0.129751 -0.125756 0.983540
vn 0.130068 0.126158 0.983446
vn 0.130068 0.126158 0.983446
vn 0.130068 0.126158 0.983446
vn 0.130068 0.126158 0.983446
vn 0.130068 0.126158 0.983446
vn 0.130068 0.126158 0.983446
vn 0.717940 0.696105 0.000000
vn 0.717940 0.696105 0.000000
vn 0.717940 0.696105 0.000000
vn 0.717940 0.696105 0.000000
vn 0.717940 0.696105 0.000000
vn 0.717940 0.696105 0.000000
vn -0.129751 -0.125756 0.983540
vn -0.129751 -0.125756 0.983540
vn -0.129751 -0.125756 0.983540
vn -0.129751 -0.125756 0.983540
vn -0.129751 -0.125756 0.983540
vn -0.129751 -0.125756 0.983540
vn 0.130068 0.126158 0.983446
vn 0.130068 0.126158 0.983446
vn 0.130068 0.126158 0.983446
vn -0.129751 -0.125756 0.983540
vn -0.129751 -0.125756 0.983540
vn -0.129751 -0.125756 0.983540
vn 0.130068 0.126158 0.983446
vn 0.130068 0.126158 0.983446
vn 0.130068 0.126158 0.983446
vn 0.130068 0.126158 0.983446
vn 0.130068 0.126158 0.983446
vn 0.130068 0.126158 0.983446
vn -0.129751 -0.125756 0.983540
vn -0.129751 -0.125756 0.983540
vn -0.129751 -0.125756 0.983540
vn -0.129751 -0.125756 0.983540
vn -0.129751 -0.125756 0.983540
vn -0.129751 -0.125756 0.983540
vn 0.130068 0.126158 0.983446
vn 0.130068 0.126158 0.983446
vn 0.130068 0.126158 0.983446
vn 0.130068 0.126158 0.983446
vn 0.130068 0.126158 0.983446
vn 0.130068 0.126158 0.983446
vn -0.129751 -0.125756 0.983540
vn -0.129751 -0.125756 0.983540
vn -0.129751 -0.125756 0.983540
vn -0.129751 -0.125756 0.983540
vn -0.129751 -0.125756 0.983540
vn -0.129751 -0.125756 0.983540
vn -0.129751 -0.125756 0.983540
vn -0.129751 -0.125756 0.983540
vn -0.129751 -0.125756 0.983540
vn -0.129751 -0.125756 0.983540
vn -0.129751 -0.125756 0.983540
vn -0.129751 -0.125756 0.983540
vn 0.130068 0.126158 0.983446
vn 0.130068 0.126158 0.983446
vn 0.130068 0.126158 0.983446
vn 0.130068 0.126158 0.983446
vn 0.130068 0.126158 0.983446
vn 0.130068 0.126158 0.983446
vn 0.717940 0.696105 0.000000
vn 0.717940 0.696105 0.000000
vn 0.717940 0.696105 0.000000
vn 0.717940 0.696105 0.000000
vn 0.717940 0.696105 0.000000
vn 0.717940 0.696105 0.000000
vn -0.129751 -0.125756 0.983540
vn -0.129751 -0.125756 0.983540
vn -0.129751 -0.125756 0.983540
vn -0.129751 -0.125756 0.983540
vn -0.129751 -0.125756 0.983540
vn -0.129751 -0.125756 0.983540
vn 0.130068 0.126158 0.983446
vn 0.130068 0.126158 0.983446
vn 0.130068 0.126158 0.983446
vn 0.130068 0.126158 0.983446
vn 0.130068 0.126158 0.983446
vn 0.130068 0.126158 0.983446
vn 0.130068 0.126158 0.983446
vn 0.130068 0.126158 0.983446
vn 0.130068 0.126158 0.983446
vn -0.129751 -0.125756 0.983540
vn -0.129751 -0.125756 0.983540
vn -0.129751 -0.125756 0.983540
vn -0.129751 -0.125756 0.983540
vn -0.129751 -0.125756 0.983540
vn -0.129751 -0.125756 0.983540
vn 0.130068 0.126158 0.983446
vn 0.130068 0.126158 0.983446
vn 0.130068 0.126158 0.983446
vn 0.130068 0.126158 0.983446
vn 0.130068 0.126158 0.983446
vn 0.130068 0.126158 0.983446
vn 0.717940 0.696105 0.000000
vn 0.717940 0.696105 0.000000
vn 0.717940 0.696105 0.000000
vn 0.717940 0.696105 0.000000
vn 0.717940 0.696105 0.000000
vn 0.717940 0.696105 0.000000
vn -0.129751 -0.125756 0.983540
vn -0.129751 -0.125756 0.983540
vn -0.129751 -0.125756 0.983540
vn -0.129751 -0.125756 0.983540
vn -0.129751 -0.125756 0.983540
vn -0.129751 -0.125756 0.983540
vn 0.130068 0.126158 0.983446
vn 0.130068 0.126158 0.983446
vn 0.130068 0.126158 0.983446
vn -0.129751 -0.125756 0.983540
vn -0.129751 -0.125756 0.983540
vn -0.129751 -0.125756 0.983540
vn 0.130068 0.126158 0.983446
vn 0.130068 0.126158 0.983446
vn 0.130068 0.126158 0.983446
vn 0.130068 0.126158 0.983446
vn 0.130068 0.126158 0.983446
vn 0.130068 0.126158 0.983446
vn -0.129751 -0.125756 0.983540
vn -0.129751 -0.125756 0.983540
vn -0.129751 -0.125756 0.983540
vn 0.130068 0.126158 0.983446
vn 0.130068 0.126158 0.983446
vn 0.130068 0.126158 0.983446
vn 0.130068 0.126158 0.983446
vn 0.130068 0.126158 0.983446
vn 0.130068 0.126158 0.983446
vn -0.129751 -0.125756 0.983540
vn -0.129751 -0.125756 0.983540
vn -0.129751 -0.125756 0.983540
vn -0.129751 -0.125756 0.983540
vn -0.129751 -0.125756 0.983540
vn -0.129751 -0.125756 0.983540
vn 0.130068 0.126158 0.983446
vn 0.130068 0.126158 0.983446
vn 0.130068 0.126158 0.983446
vn 0.130068 0.126158 0.983446
vn 0.130068 0.126158 0.983446
vn 0.130068 0.126158 0.983446
vn -0.129751 -0.125756 0.983540
vn -0.129751 -0.125756 0.983540
vn -0.129751 -0.125756 0.983540
vn -0.129751 -0.125756 0.983540
vn -0.129751 -0.125756 0.983540
vn -0.129751 -0.125756 0.983540
vn 0.130068 0.126158 0.983446
vn 0.130068 0.126158 0.983446
vn 0.130068 0.126158 0.983446
vn 0.130068 0.126158 0.983446
vn 0.130068 0.126158 0.983446
vn 0.130068 0.126158 0.983446
vn 0.130068 0.126158 0.983446
vn 0.130068 0.126158 0.983446
vn 0.130068 0.126158 0.983446
vn -0.129751 -0.125756 0.983540
vn -0.129751 -0.125756 0.983540
vn -0.129751 -0.125756 0.983540
vn -0.129751 -0.125756 0.983540
vn -0.129751 -0.125756 0.983540
vn -0.129751 -0.125756 0.983540
vn -0.129751 -0.125756 0.983540
vn -0.129751 -0.125756 0.983540
vn -0.129751 -0.125756 0.983540
vn -0.129751 -0.125756 0.983540
vn -0.129751 -0.125756 0.983540
vn -0.129751 -0.125756 0.983540
vn 0.130068 0.126158 0.983446
vn 0.130068 0.126158 0.983446
vn 0.130068 0.126158 0.983446
vn 0.714370 0.699768 0.000000
vn 0.714370 0.699768 0.000000
vn 0.714370 0.699768 0.000000
vn 0.714370 0.699768 0.000000
vn 0.714370 0.699768 0.000000
vn 0.714370 0.699768 0.000000
vn -0.714370 -0.699768 0.000000
vn -0.714370 -0.699768 0.000000
vn -0.714370 -0.699768 0.000000
vn -0.714370 -0.699768 0.000000
vn -0.714370 -0.699768 0.000000
vn -0.714370 -0.699768 0.000000
vn -0.129015 -0.126442 0.983548
vn -0.129015 -0.126442 0.983548
vn -0.129015 -0.126442 0.983548
vn -0.129027 -0.126455 0.983545
vn -0.129027 -0.126455 0.983545
vn -0.129027 -0.126455 0.983545
vn -0.129027 -0.126455 0.983545
vn -0.129027 -0.126455 0.983545
vn -0.129027 -0.126455 0.983545
vn 0.129397 0.126767 0.983456
vn 0.129397 0.126767 0.983456
vn 0.129397 0.126767 0.983456
vn 0.129484 0.126842 0.983435
vn 0.129484 0.126842 0.983435
vn 0.129484 0.126842 0.983435
vn 0.129484 0.126842 0.983435
vn 0.129484 0.126842 0.983435
vn 0.129484 0.126842 0.983435
vn -0.714370 -0.699768 0.000000
vn -0.714370 -0.699768 0.000000
vn -0.714370 -0.699768 0.000000
vn -0.714370 -0.699768 0.000000
vn -0.714370 -0.699768 0.000000
vn -0.714370 -0.699768 0.000000
vn -0.129015 -0.126442 0.983548
vn -0.129015 -0.126442 0.983548
vn -0.129015 -0.126442 0.983548
vn 0.129397 0.126767 0.983456
vn 0.129397 0.126767 0.983456
vn 0.129397 0.126767 0.983456
vn 0.129397 0.126767 0.983456
vn 0.129397 0.126767 0.983456
vn 0.129397 0.126767 0.983456
vn -0.129027 -0.126455 0.983545
vn -0.129027 -0.126455 0.983545
vn -0.129027 -0.126455 0.983545
vn -0.129027 -0.126455 0.983545
vn -0.129027 -0.126455 0.983545
vn -0.129027 -0.126455 0.983545
vn -0.129027 -0.126455 0.983545
vn -0.129027 -0.126455 0.983545
vn -0.129027 -0.126455 0.983545
vn -0.129027 -0.126455 0.983545
vn -0.129027 -0.126455 0.983545
vn -0.129027 -0.126455 0.983545
vn -0.714370 -0.699768 0.000000
vn -0.714370 -0.699768 0.000000
vn -0.714370 -0.699768 0.000000
vn -0.714370 -0.699768 0.000000
vn -0.714370 -0.699768 0.000000
vn -0.714370 -0.699768 0.000000
vn -0.129015 -0.126442 0.983548
vn -0.129015 -0.126442 0.983548
vn -0.129015 -0.126442 0.983548
vn -0.129015 -0.126442 0.983548
vn -0.129015 -0.126442 0.983548
vn -0.129015 -0.126442 0.983548
vn -0.129015 -0.126442 0.983548
vn -0.129015 -0.126442 0.983548
vn -0.129015 -0.126442 0.983548
vn 0.714370 0.699768 0.000000
vn 0.714370 0.699768 0.000000
vn 0.714370 0.699768 0.000000
vn 0.714370 0.699768 0.000000
vn 0.714370 0.699768 0.000000
vn 0.714370 0.699768 0.000000
vn 0.129484 0.126842 0.983435
vn 0.129484 0.126842 0.983435
vn 0.129484 0.126842 0.983435
vn 0.129484 0.126842 0.983435
vn 0.129484 0.126842 0.983435
vn 0.129484 0.126842 0.983435
vn -0.714370 -0.699768 0.000000
vn -0.714370 -0.699768 0.000000
vn -0.714370 -0.699768 0.000000
vn -0.714370 -0.699768 0.000000
vn -0.714370 -0.699768 0.000000
vn -0.714370 -0.699768 0.000000
vn -0.129015 -0.126442 0.983548
vn -0.129015 -0.126442 0.983548
vn -0.129015 -0.126442 0.983548
vn -0.129015 -0.126442 0.983548
vn -0.129015 -0.126442 0.983548
vn -0.129015 -0.126442 0.983548
vn -0.129015 -0.126442 0.983548
vn -0.129015 -0.126442 0.983548
vn -0.129015 -0.126442 0.983548
vn 0.129397 0.126767 0.983456
vn 0.129397 0.126767 0.983456
vn 0.129397 0.126767 0.983456
vn 0.129397 0.126767 0.983456
vn 0.129397 0.126767 0.983456
vn 0.129397 0.126767 0.983456
vn -0.129027 -0.126455 0.983545
vn -0.129027 -0.126455 0.983545
vn -0.129027 -0.126455 0.983545
vn 0.129484 0.126842 0.983435
vn 0.129484 0.126842 0.983435
vn 0.129484 0.126842 0.983435
vn -0.717940 -0.696105 0.000000
vn -0.717940 -0.696105 0.000000
vn -0.717940 -0.696105 0.000000
vn -0.717940 -0.696105 0.000000
vn -0.717940 -0.696105 0.000000
vn -0.717940 -0.696105 0.000000
vn -0.717940 -0.696105 0.000000
vn -0.717940 -0.696105 0.000000
vn -0.717940 -0.696105 0.000000
vn -0.717940 -0.696105 0.000000
vn -0.717940 -0.696105 0.000000
vn -0.717940 -0.696105 0.000000
vn -0.717940 -0.696105 0.000000
vn -0.717940 -0.696105 0.000000
vn -0.717940 -0.696105 0.000000
vn -0.717940 -0.696105 0.000000
vn -0.717940 -0.696105 0.000000
vn -0.717940 -0.696105 0.000000
vn -0.717940 -0.696105 0.000000
vn -0.717940 -0.696105 0.000000
vn -0.717940 -0.696105 0.000000
vn -0.717940 -0.696105 0.000000
vn -0.717940 -0.696105 0.000000
vn -0.717940 -0.696105 0.000000
vn -0.717940 -0.696105 0.000000
vn -0.717940 -0.696105 0.000000
vn -0.717940 -0.696105 0.000000
vn -0.717940 -0.696105 0.000000
vn -0.717940 -0.696105 0.000000
vn -0.717940 -0.696105 0.000000
vn -0.717940 -0.696105 0.000000
vn -0.717940 -0.696105 0.000000
vn -0.717940 -0.696105 0.000000
vn -0.717940 -0.696105 0.000000
vn -0.717940 -0.696105 0.000000
vn -0.717940 -0.696105 0.000000
vn -0.717940 -0.696105 0.000000
vn -0.717940 -0.696105 0.000000
vn -0.717940 -0.696105 0.000000
vn -0.717940 -0.696105 0.000000
vn -0.717940 -0.696105 0.000000
vn -0.717940 -0.696105 0.000000
vn 0.681001 -0.732282 0.000000
vn 0.681001 -0.732282 0.000000
vn 0.681001 -0.732282 0.000000
vn 0.681001 -0.732282 0.000000
vn 0.681001 -0.732282 0.000000
vn 0.681001 -0.732282 0.000000
vn 0.689880 -0.723893 0.006600
vn 0.692778 -0.721121 0.006600
vn 0.689880 -0.723893 0.006600
vn 0.689880 -0.723893 0.006600
vn 0.692778 -0.721121 0.006600
vn 0.692706 -0.721190 0.006600
vn 0.695732 -0.718271 0.006600
vn 0.695732 -0.718271 0.006600
vn 0.692850 -0.721052 0.006600
vn 0.692850 -0.721052 0.006600
vn 0.695732 -0.718271 0.006600
vn 0.692850 -0.721052 0.006600
s off
g item_blade
usemtl initialShadingGroup
f 1139/1472/5989 1140/1473/5990 1141/1474/5991
f 1142/1475/5992 1139/1472/5993 1141/1474/5994
f 1142/1475/5995 1141/1474/5996 1143/1476/5997
f 1144/1477/5998 1142/1475/5999 1143/1476/6000
f 1144/1477/6001 1143/1476/6002 1145/1478/6003
f 1146/1479/6004 1144/1477/6005 1145/1478/6006
f 1146/1479/6007 1145/1478/6008 1140/1473/6009
f 1139/1472/6010 1146/1479/6011 1140/1473/6012
f 1142/1475/6013 1144/1477/6014 1146/1479/6015
f 1139/1472/6016 1142/1475/6017 1146/1479/6018
f 1147/1480/6019 1141/1474/6020 1140/1473/6021
f 1148/1481/6022 1141/1474/6023 1147/1482/6024
f 1148/1483/6025 1143/1476/6026 1141/1474/6027
f 1149/1484/6028 1143/1476/6029 1148/1485/6030
f 1149/1486/6031 1145/1478/6032 1143/1476/6033
f 1150/1487/6034 1145/1478/6035 1149/1488/6036
f 1150/1489/6037 1140/1473/6038 1145/1478/6039
f 1147/1490/6040 1140/1473/6041 1150/1491/6042
f 1148/1492/6043 1150/1493/6044 1149/1494/6045
f 1147/1495/6046 1150/1496/6047 1148/1497/6048
f 1152/1498/6049 1151/1499/6050 1158/1500/6051
f 1158/1500/6052 1151/1499/6053 1157/1501/6054
f 1159/1502/6055 1153/1503/6056 1160/1504/6057
f 1160/1504/6058 1153/1503/6059 1154/1505/6060
f 1153/1503/6061 1155/1506/6062 1156/1507/6063
f 1154/1505/6064 1153/1503/6065 1156/1507/6066
f 1155/1506/6067 1151/1499/6068 1152/1498/6069
f 1156/1507/6070 1155/1506/6071 1152/1498/6072
f 1154/1505/6073 1156/1507/6074 1160/1504/6075
f 1160/1504/6076 1156/1507/6077 1162/1508/6078
f 1156/1507/6079 1152/1498/6080 1162/1508/6081
f 1162/1508/6082 1152/1498/6083 1158/1500/6084
f 1159/1502/6085 1162/1508/6086 1161/1509/6087
f 1160/1504/6088 1162/1508/6089 1159/1502/6090
f 1161/1509/6091 1158/1500/6092 1157/1501/6093
f 1162/1508/6094 1158/1500/6095 1161/1509/6096
f 1163/1510/6097 1164/1511/6098 1165/1512/6099
f 1166/1513/6100 1163/1510/6101 1165/1512/6102
f 1163/1510/6103 1167/1514/6104 1168/1515/6105
f 1164/1511/6106 1163/1510/6107 1168/1515/6108
f 1167/1514/6109 1163/1510/6110 1169/1516/6111
f 1170/1517/6112 1167/1514/6113 1169/1516/6114
f 1163/1510/6115 1166/1513/6116 1171/1518/6117
f 1169/1516/6118 1163/1510/6119 1171/1518/6120
f 1168/1515/6121 1167/1514/6122 1177/1519/6123
f 1177/1519/6124 1167/1514/6125 1176/1520/6126
f 1167/1514/6127 1170/1517/6128 1176/1520/6129
f 1176/1520/6130 1170/1517/6131 1179/1521/6132
f 1170/1517/6133 1169/1516/6134 1179/1521/6135
f 1179/1521/6136 1169/1516/6137 1178/1522/6138
f 1169/1516/6139 1171/1518/6140 1178/1522/6141
f 1178/1522/6142 1171/1518/6143 1180/1523/6144
f 1171/1518/6145 1166/1513/6146 1180/1523/6147
f 1180/1523/6148 1166/1513/6149 1175/1524/6150
f 1166/1513/6151 1165/1512/6152 1175/1524/6153
f 1175/1524/6154 1165/1512/6155 1174/1525/6156
f 1165/1512/6157 1164/1511/6158 1174/1525/6159
f 1174/1525/6160 1164/1511/6161 1173/1526/6162
f 1164/1511/6163 1168/1515/6164 1173/1526/6165
f 1173/1526/6166 1168/1515/6167 1177/1519/6168
f 1172/1527/6169 1174/1525/6170 1173/1526/6171
f 1175/1524/6172 1174/1525/6173 1172/1527/6174
f 1172/1527/6175 1177/1519/6176 1176/1520/6177
f 1173/1526/6178 1177/1519/6179 1172/1527/6180
f 1176/1520/6181 1178/1522/6182 1172/1527/6183
f 1179/1521/6184 1178/1522/6185 1176/1520/6186
f 1172/1527/6187 1180/1523/6188 1175/1524/6189
f 1178/1522/6190 1180/1523/6191 1172/1527/6192
f 1181/1528/6193 1182/1529/6194 1183/1530/6195
f 1182/1529/6196 1184/1531/6197 1183/1530/6198
f 1184/1531/6199 1185/1532/6200 1183/1530/6201
f 1185/1532/6202 1186/1533/6203 1183/1530/6204
f 1186/1533/6205 1187/1534/6206 1183/1530/6207
f 1187/1534/6208 1188/1535/6209 1183/1530/6210
f 1188/1535/6211 1189/1536/6212 1183/1530/6213
f 1189/1536/6214 1190/1537/6215 1183/1530/6216
f 1190/1537/6217 1191/1538/6218 1183/1530/6219
f 1191/1538/6220 1192/1539/6221 1183/1530/6222
f 1188/1535/6223 1187/1534/6224 1194/1540/6225
f 1194/1540/6226 1187/1534/6227 1193/1541/6228
f 1186/1533/6229 1195/1542/6230 1187/1534/6231
f 1187/1534/6232 1195/1542/6233 1196/1543/6234
f 1185/1532/6235 1197/1544/6236 1186/1533/6237
f 1186/1533/6238 1197/1544/6239 1198/1545/6240
f 1184/1531/6241 1199/1546/6242 1185/1532/6243
f 1185/1532/6244 1199/1546/6245 1200/1547/6246
f 1184/1531/6247 1182/1529/6248 1202/1548/6249
f 1202/1548/6250 1182/1529/6251 1201/1549/6252
f 1181/1528/6253 1203/1550/6254 1182/1529/6255
f 1182/1529/6256 1203/1550/6257 1204/1551/6258
f 1189/1536/6259 1188/1535/6260 1206/1552/6261
f 1206/1552/6262 1188/1535/6263 1205/1553/6264
f 1190/1537/6265 1189/1536/6266 1208/1554/6267
f 1208/1554/6268 1189/1536/6269 1207/1555/6270
f 1190/1537/6271 1209/1556/6272 1191/1538/6273
f 1191/1538/6274 1209/1556/6275 1210/1557/6276
f 1191/1538/6277 1211/1558/6278 1192/1539/6279
f 1192/1539/6280 1211/1558/6281 1212/1559/6282
f 1181/1528/6283 1183/1530/6284 1213/1560/6285
f 1213/1560/6286 1183/1530/6287 1214/1561/6288
f 1214/1561/6289 1183/1530/6290 1215/1562/6291
f 1215/1562/6292 1183/1530/6293 1216/1563/6294
f 1216/1563/6295 1183/1530/6296 1217/1564/6297
f 1217/1564/6298 1183/1530/6299 1218/1565/6300
f 1218/1565/6301 1183/1530/6302 1219/1566/6303
f 1219/1566/6304 1183/1530/6305 1220/1567/6306
f 1220/1567/6307 1183/1530/6308 1221/1568/6309
f 1221/1568/6310 1183/1530/6311 1192/1539/6312
f 1218/1565/6313 1222/1569/6314 1217/1564/6315
f 1217/1564/6316 1222/1569/6317 1223/1570/6318
f 1224/1571/6319 1225/1572/6320 1217/1564/6321
f 1217/1564/6322 1225/1572/6323 1216/1563/6324
f 1216/1563/6325 1226/1573/6326 1215/1562/6327
f 1215/1562/6328 1226/1573/6329 1227/1574/6330
f 1215/1562/6331 1228/1575/6332 1214/1561/6333
f 1214/1561/6334 1228/1575/6335 1229/1576/6336
f 1214/1561/6337 1230/1577/6338 1213/1560/6339
f 1213/1560/6340 1230/1577/6341 1231/1578/6342
f 1232/1579/6343 1233/1580/6344 1213/1560/6345
f 1213/1560/6346 1233/1580/6347 1181/1528/6348
f 1234/1581/6349 1235/1582/6350 1219/1566/6351
f 1219/1566/6352 1235/1582/6353 1218/1565/6354
f 1220/1567/6355 1236/1583/6356 1219/1566/6357
f 1219/1566/6358 1236/1583/6359 1237/1584/6360
f 1238/1585/6361 1239/1586/6362 1221/1568/6363
f 1221/1568/6364 1239/1586/6365 1220/1567/6366
f 1240/1587/6367 1241/1588/6368 1192/1539/6369
f 1192/1539/6370 1241/1588/6371 1221/1568/6372
f 1223/1570/6373 1222/1569/6374 1284/1589/6375
f 1284/1589/6376 1222/1569/6377 1283/1590/6378
f 1222/1569/6379 1218/1565/6380 1283/1590/6381
f 1283/1590/6382 1218/1565/6383 1279/1591/6384
f 1218/1565/6385 1235/1582/6386 1279/1591/6387
f 1279/1591/6388 1235/1582/6389 1296/1592/6390
f 1235/1582/6391 1234/1581/6392 1296/1592/6393
f 1296/1592/6394 1234/1581/6395 1295/1593/6396
f 1234/1581/6397 1219/1566/6398 1295/1593/6399
f 1295/1593/6400 1219/1566/6401 1280/1594/6402
f 1219/1566/6403 1237/1584/6404 1280/1594/6405
f 1280/1594/6406 1237/1584/6407 1298/1595/6408
f 1237/1584/6409 1236/1583/6410 1298/1595/6411
f 1298/1595/6412 1236/1583/6413 1297/1596/6414
f 1236/1583/6415 1220/1567/6416 1297/1596/6417
f 1297/1596/6418 1220/1567/6419 1281/1597/6420
f 1220/1567/6421 1239/1586/6422 1281/1597/6423
f 1281/1597/6424 1239/1586/6425 1300/1598/6426
f 1239/1586/6427 1238/1585/6428 1300/1598/6429
f 1300/1598/6430 1238/1585/6431 1299/1599/6432
f 1238/1585/6433 1221/1568/6434 1299/1599/6435
f 1299/1599/6436 1221/1568/6437 1282/1600/6438
f 1221/1568/6439 1241/1588/6440 1282/1600/6441
f 1282/1600/6442 1241/1588/6443 1302/1601/6444
f 1241/1588/6445 1240/1587/6446 1302/1601/6447
f 1302/1601/6448 1240/1587/6449 1301/1602/6450
f 1240/1587/6451 1192/1539/6452 1301/1602/6453
f 1301/1602/6454 1192/1539/6455 1253/1603/6456
f 1192/1539/6457 1212/1559/6458 1253/1603/6459
f 1253/1603/6460 1212/1559/6461 1273/1604/6462
f 1212/1559/6463 1211/1558/6464 1273/1604/6465
f 1273/1604/6466 1211/1558/6467 1272/1605/6468
f 1211/1558/6469 1191/1538/6470 1272/1605/6471
f 1272/1605/6472 1191/1538/6473 1252/1606/6474
f 1191/1538/6475 1210/1557/6476 1252/1606/6477
f 1252/1606/6478 1210/1557/6479 1271/1607/6480
f 1210/1557/6481 1209/1556/6482 1271/1607/6483
f 1271/1607/6484 1209/1556/6485 1270/1608/6486
f 1209/1556/6487 1190/1537/6488 1270/1608/6489
f 1270/1608/6490 1190/1537/6491 1251/1609/6492
f 1190/1537/6493 1208/1554/6494 1251/1609/6495
f 1251/1609/6496 1208/1554/6497 1269/1610/6498
f 1208/1554/6499 1207/1555/6500 1269/1610/6501
f 1269/1610/6502 1207/1555/6503 1268/1611/6504
f 1207/1555/6505 1189/1536/6506 1268/1611/6507
f 1268/1611/6508 1189/1536/6509 1250/1612/6510
f 1189/1536/6511 1206/1552/6512 1250/1612/6513
f 1250/1612/6514 1206/1552/6515 1267/1613/6516
f 1206/1552/6517 1205/1553/6518 1267/1613/6519
f 1267/1613/6520 1205/1553/6521 1266/1614/6522
f 1205/1553/6523 1188/1535/6524 1266/1614/6525
f 1266/1614/6526 1188/1535/6527 1249/1615/6528
f 1188/1535/6529 1194/1540/6530 1249/1615/6531
f 1249/1615/6532 1194/1540/6533 1255/1616/6534
f 1194/1540/6535 1193/1541/6536 1255/1616/6537
f 1255/1616/6538 1193/1541/6539 1254/1617/6540
f 1193/1541/6541 1187/1534/6542 1254/1617/6543
f 1254/1617/6544 1187/1534/6545 1248/1618/6546
f 1187/1534/6547 1196/1543/6548 1248/1618/6549
f 1248/1618/6550 1196/1543/6551 1257/1619/6552
f 1196/1543/6553 1195/1542/6554 1257/1619/6555
f 1257/1619/6556 1195/1542/6557 1256/1620/6558
f 1195/1542/6559 1186/1533/6560 1256/1620/6561
f 1256/1620/6562 1186/1533/6563 1247/1621/6564
f 1186/1533/6565 1198/1545/6566 1247/1621/6567
f 1247/1621/6568 1198/1545/6569 1259/1622/6570
f 1198/1545/6571 1197/1544/6572 1259/1622/6573
f 1259/1622/6574 1197/1544/6575 1258/1623/6576
f 1197/1544/6577 1185/1532/6578 1258/1623/6579
f 1258/1623/6580 1185/1532/6581 1246/1624/6582
f 1185/1532/6583 1200/1547/6584 1246/1624/6585
f 1246/1624/6586 1200/1547/6587 1261/1625/6588
f 1200/1547/6589 1199/1546/6590 1261/1625/6591
f 1261/1625/6592 1199/1546/6593 1260/1626/6594
f 1199/1546/6595 1184/1531/6596 1260/1626/6597
f 1260/1626/6598 1184/1531/6599 1245/1627/6600
f 1184/1531/6601 1202/1548/6602 1245/1627/6603
f 1245/1627/6604 1202/1548/6605 1263/1628/6606
f 1202/1548/6607 1201/1549/6608 1263/1628/6609
f 1263/1628/6610 1201/1549/6611 1262/1629/6612
f 1201/1549/6613 1182/1529/6614 1262/1629/6615
f 1262/1629/6616 1182/1529/6617 1243/1630/6618
f 1182/1529/6619 1204/1551/6620 1243/1630/6621
f 1243/1630/6622 1204/1551/6623 1265/1631/6624
f 1204/1551/6625 1203/1550/6626 1265/1631/6627
f 1265/1631/6628 1203/1550/6629 1264/1632/6630
f 1203/1550/6631 1181/1528/6632 1264/1632/6633
f 1264/1632/6634 1181/1528/6635 1242/1633/6636
f 1181/1528/6637 1233/1580/6638 1242/1633/6639
f 1242/1633/6640 1233/1580/6641 1294/1634/6642
f 1233/1580/6643 1232/1579/6644 1294/1634/6645
f 1294/1634/6646 1232/1579/6647 1293/1635/6648
f 1232/1579/6649 1213/1560/6650 1293/1635/6651
f 1293/1635/6652 1213/1560/6653 1274/1636/6654
f 1213/1560/6655 1231/1578/6656 1274/1636/6657
f 1274/1636/6658 1231/1578/6659 1292/1637/6660
f 1231/1578/6661 1230/1577/6662 1292/1637/6663
f 1292/1637/6664 1230/1577/6665 1291/1638/6666
f 1230/1577/6667 1214/1561/6668 1291/1638/6669
f 1291/1638/6670 1214/1561/6671 1275/1639/6672
f 1214/1561/6673 1229/1576/6674 1275/1639/6675
f 1275/1639/6676 1229/1576/6677 1290/1640/6678
f 1229/1576/6679 1228/1575/6680 1290/1640/6681
f 1290/1640/6682 1228/1575/6683 1289/1641/6684
f 1228/1575/6685 1215/1562/6686 1289/1641/6687
f 1289/1641/6688 1215/1562/6689 1276/1642/6690
f 1215/1562/6691 1227/1574/6692 1276/1642/6693
f 1276/1642/6694 1227/1574/6695 1288/1643/6696
f 1227/1574/6697 1226/1573/6698 1288/1643/6699
f 1288/1643/6700 1226/1573/6701 1287/1644/6702
f 1226/1573/6703 1216/1563/6704 1287/1644/6705
f 1287/1644/6706 1216/1563/6707 1277/1645/6708
f 1216/1563/6709 1225/1572/6710 1277/1645/6711
f 1277/1645/6712 1225/1572/6713 1286/1646/6714
f 1225/1572/6715 1224/1571/6716 1286/1646/6717
f 1286/1646/6718 1224/1571/6719 1285/1647/6720
f 1224/1571/6721 1217/1564/6722 1285/1647/6723
f 1285/1647/6724 1217/1564/6725 1278/1648/6726
f 1217/1564/6727 1223/1570/6728 1278/1648/6729
f 1278/1648/6730 1223/1570/6731 1284/1589/6732
f 1242/1633/6733 1244/1649/6734 1243/1630/6735
f 1243/1630/6736 1244/1649/6737 1245/1627/6738
f 1245/1627/6739 1244/1649/6740 1246/1624/6741
f 1246/1624/6742 1244/1649/6743 1247/1621/6744
f 1247/1621/6745 1244/1649/6746 1248/1618/6747
f 1248/1618/6748 1244/1649/6749 1249/1615/6750
f 1249/1615/6751 1244/1649/6752 1250/1612/6753
f 1250/1612/6754 1244/1649/6755 1251/1609/6756
f 1251/1609/6757 1244/1649/6758 1252/1606/6759
f 1252/1606/6760 1244/1649/6761 1253/1603/6762
f 1249/1615/6763 1255/1616/6764 1248/1618/6765
f 1248/1618/6766 1255/1616/6767 1254/1617/6768
f 1257/1619/6769 1256/1620/6770 1248/1618/6771
f 1248/1618/6772 1256/1620/6773 1247/1621/6774
f 1246/1624/6775 1247/1621/6776 1258/1623/6777
f 1247/1621/6778 1259/1622/6779 1258/1623/6780
f 1261/1625/6781 1260/1626/6782 1246/1624/6783
f 1246/1624/6784 1260/1626/6785 1245/1627/6786
f 1245/1627/6787 1263/1628/6788 1243/1630/6789
f 1243/1630/6790 1263/1628/6791 1262/1629/6792
f 1265/1631/6793 1264/1632/6794 1243/1630/6795
f 1243/1630/6796 1264/1632/6797 1242/1633/6798
f 1250/1612/6799 1267/1613/6800 1249/1615/6801
f 1249/1615/6802 1267/1613/6803 1266/1614/6804
f 1251/1609/6805 1269/1610/6806 1250/1612/6807
f 1250/1612/6808 1269/1610/6809 1268/1611/6810
f 1271/1607/6811 1270/1608/6812 1252/1606/6813
f 1252/1606/6814 1270/1608/6815 1251/1609/6816
f 1273/1604/6817 1272/1605/6818 1253/1603/6819
f 1253/1603/6820 1272/1605/6821 1252/1606/6822
f 1242/1633/6823 1274/1636/6824 1244/1649/6825
f 1274/1636/6826 1275/1639/6827 1244/1649/6828
f 1275/1639/6829 1276/1642/6830 1244/1649/6831
f 1276/1642/6832 1277/1645/6833 1244/1649/6834
f 1277/1645/6835 1278/1648/6836 1244/1649/6837
f 1278/1648/6838 1279/1591/6839 1244/1649/6840
f 1279/1591/6841 1280/1594/6842 1244/1649/6843
f 1280/1594/6844 1281/1597/6845 1244/1649/6846
f 1281/1597/6847 1282/1600/6848 1244/1649/6849
f 1282/1600/6850 1253/1603/6851 1244/1649/6852
f 1279/1591/6853 1278/1648/6854 1283/1590/6855
f 1283/1590/6856 1278/1648/6857 1284/1589/6858
f 1277/1645/6859 1286/1646/6860 1278/1648/6861
f 1278/1648/6862 1286/1646/6863 1285/1647/6864
f 1277/1645/6865 1276/1642/6866 1287/1644/6867
f 1287/1644/6868 1276/1642/6869 1288/1643/6870
f 1276/1642/6871 1275/1639/6872 1289/1641/6873
f 1289/1641/6874 1275/1639/6875 1290/1640/6876
f 1275/1639/6877 1274/1636/6878 1291/1638/6879
f 1291/1638/6880 1274/1636/6881 1292/1637/6882
f 1242/1633/6883 1294/1634/6884 1274/1636/6885
f 1274/1636/6886 1294/1634/6887 1293/1635/6888
f 1279/1591/6889 1296/1592/6890 1280/1594/6891
f 1280/1594/6892 1296/1592/6893 1295/1593/6894
f 1281/1597/6895 1280/1594/6896 1297/1596/6897
f 1297/1596/6898 1280/1594/6899 1298/1595/6900
f 1281/1597/6901 1300/1598/6902 1282/1600/6903
f 1282/1600/6904 1300/1598/6905 1299/1599/6906
f 1282/1600/6907 1302/1601/6908 1253/1603/6909
f 1253/1603/6910 1302/1601/6911 1301/1602/6912
f 1303/1650/6913 1304/1651/6914 1305/1652/6915
f 1305/1652/6916 1304/1651/6917 1306/1653/6918
f 1306/1653/6919 1304/1651/6920 1307/1654/6921
f 1307/1654/6922 1304/1651/6923 1308/1655/6924
f 1308/1655/6925 1304/1651/6926 1309/1656/6927
f 1309/1656/6928 1304/1651/6929 1310/1657/6930
f 1310/1657/6931 1304/1651/6932 1311/1658/6933
f 1311/1658/6934 1304/1651/6935 1312/1659/6936
f 1312/1659/6937 1304/1651/6938 1313/1660/6939
f 1313/1660/6940 1304/1651/6941 1314/1661/6942
f 1314/1661/6943 1304/1651/6944 1315/1662/6945
f 1315/1662/6946 1304/1651/6947 1316/1663/6948
f 1316/1663/6949 1304/1651/6950 1317/1664/6951
f 1304/1651/6952 1318/1665/6953 1317/1664/6954
f 1319/1666/6955 1320/1667/6956 1367/1668/6957
f 1367/1668/6958 1320/1667/6959 1368/1669/6960
f 1318/1665/6961 1304/1651/6962 1366/1670/6963
f 1366/1670/6964 1304/1651/6965 1352/1671/6966
f 1321/1672/6967 1322/1673/6968 1303/1650/6969
f 1303/1650/6970 1322/1673/6971 1304/1651/6972
f 1323/1674/6973 1324/1675/6974 1369/1676/6975
f 1325/1677/6976 1326/1678/6977 1370/1679/6978
f 1370/1679/6979 1326/1678/6980 1371/1680/6981
f 1327/1681/6982 1328/1682/6983 1372/1683/6984
f 1372/1683/6985 1328/1682/6986 1373/1684/6987
f 1329/1685/6988 1330/1686/6989 1374/1687/6990
f 1374/1687/6991 1330/1686/6992 1375/1688/6993
f 1331/1689/6994 1332/1690/6995 1376/1691/6996
f 1376/1691/6997 1332/1690/6998 1377/1692/6999
f 1333/1693/7000 1334/1694/7001 1378/1695/7002
f 1378/1695/7003 1334/1694/7004 1379/1696/7005
f 1335/1697/7006 1336/1698/7007 1380/1699/7008
f 1380/1699/7009 1336/1698/7010 1381/1700/7011
f 1337/1701/7012 1338/1702/7013 1382/1703/7014
f 1382/1703/7015 1338/1702/7016 1383/1704/7017
f 1339/1705/7018 1340/1706/7019 1384/1707/7020
f 1384/1707/7021 1340/1706/7022 1385/1708/7023
f 1341/1709/7024 1342/1710/7025 1386/1711/7026
f 1386/1711/7027 1342/1710/7028 1387/1712/7029
f 1343/1713/7030 1344/1714/7031 1388/1715/7032
f 1388/1715/7033 1344/1714/7034 1389/1716/7035
f 1306/1653/7036 1324/1675/7037 1305/1652/7038
f 1305/1652/7039 1324/1675/7040 1323/1674/7041
f 1324/1675/7042 1306/1653/7043 1369/1676/7044
f 1369/1676/7045 1306/1653/7046 1354/1717/7047
f 1306/1653/7048 1325/1677/7049 1354/1717/7050
f 1354/1717/7051 1325/1677/7052 1370/1679/7053
f 1306/1653/7054 1307/1654/7055 1325/1677/7056
f 1325/1677/7057 1307/1654/7058 1326/1678/7059
f 1326/1678/7060 1307/1654/7061 1371/1680/7062
f 1371/1680/7063 1307/1654/7064 1355/1718/7065
f 1307/1654/7066 1327/1681/7067 1355/1718/7068
f 1355/1718/7069 1327/1681/7070 1372/1683/7071
f 1308/1655/7072 1328/1682/7073 1307/1654/7074
f 1307/1654/7075 1328/1682/7076 1327/1681/7077
f 1328/1682/7078 1308/1655/7079 1373/1684/7080
f 1373/1684/7081 1308/1655/7082 1356/1719/7083
f 1308/1655/7084 1329/1685/7085 1356/1719/7086
f 1356/1719/7087 1329/1685/7088 1374/1687/7089
f 1308/1655/7090 1309/1656/7091 1329/1685/7092
f 1309/1656/7093 1330/1686/7094 1329/1685/7095
f 1330/1686/7096 1309/1656/7097 1375/1688/7098
f 1375/1688/7099 1309/1656/7100 1357/1720/7101
f 1345/1721/7102 1346/1722/7103 1390/1723/7104
f 1390/1723/7105 1346/1722/7106 1391/1724/7107
f 1309/1656/7108 1345/1721/7109 1357/1720/7110
f 1357/1720/7111 1345/1721/7112 1390/1723/7113
f 1310/1657/7114 1346/1722/7115 1309/1656/7116
f 1309/1656/7117 1346/1722/7118 1345/1721/7119
f 1346/1722/7120 1331/1689/7121 1391/1724/7122
f 1391/1724/7123 1331/1689/7124 1376/1691/7125
f 1311/1658/7126 1332/1690/7127 1310/1657/7128
f 1346/1722/7129 1332/1690/7130 1331/1689/7131
f 1332/1690/7132 1311/1658/7133 1377/1692/7134
f 1377/1692/7135 1311/1658/7136 1359/1725/7137
f 1311/1658/7138 1333/1693/7139 1359/1725/7140
f 1359/1725/7141 1333/1693/7142 1378/1695/7143
f 1311/1658/7144 1312/1659/7145 1333/1693/7146
f 1333/1693/7147 1335/1697/7148 1334/1694/7149
f 1334/1694/7150 1335/1697/7151 1379/1696/7152
f 1379/1696/7153 1335/1697/7154 1380/1699/7155
f 1313/1660/7156 1336/1698/7157 1312/1659/7158
f 1312/1659/7159 1336/1698/7160 1335/1697/7161
f 1336/1698/7162 1337/1701/7163 1381/1700/7164
f 1381/1700/7165 1337/1701/7166 1382/1703/7167
f 1336/1698/7168 1314/1661/7169 1337/1701/7170
f 1337/1701/7171 1314/1661/7172 1338/1702/7173
f 1338/1702/7174 1339/1705/7175 1383/1704/7176
f 1383/1704/7177 1339/1705/7178 1384/1707/7179
f 1338/1702/7180 1347/1726/7181 1339/1705/7182
f 1315/1662/7183 1316/1663/7184 1341/1709/7185
f 1341/1709/7186 1316/1663/7187 1342/1710/7188
f 1317/1664/7189 1344/1714/7190 1316/1663/7191
f 1316/1663/7192 1344/1714/7193 1342/1710/7194
f 1344/1714/7195 1343/1713/7196 1342/1710/7197
f 1344/1714/7198 1317/1664/7199 1389/1716/7200
f 1389/1716/7201 1317/1664/7202 1365/1727/7203
f 1317/1664/7204 1319/1666/7205 1365/1727/7206
f 1365/1727/7207 1319/1666/7208 1367/1668/7209
f 1317/1664/7210 1318/1665/7211 1319/1666/7212
f 1319/1666/7213 1318/1665/7214 1320/1667/7215
f 1320/1667/7216 1318/1665/7217 1368/1669/7218
f 1368/1669/7219 1318/1665/7220 1366/1670/7221
f 1303/1650/7222 1305/1652/7223 1348/1728/7224
f 1348/1728/7225 1305/1652/7226 1349/1729/7227
f 1321/1672/7228 1303/1650/7229 1350/1730/7230
f 1350/1730/7231 1303/1650/7232 1348/1728/7233
f 1305/1652/7234 1323/1674/7235 1349/1729/7236
f 1342/1710/7237 1343/1713/7238 1387/1712/7239
f 1387/1712/7240 1343/1713/7241 1388/1715/7242
f 1340/1706/7243 1341/1709/7244 1385/1708/7245
f 1385/1708/7246 1341/1709/7247 1386/1711/7248
f 1339/1705/7249 1347/1726/7250 1340/1706/7251
f 1315/1662/7252 1347/1726/7253 1314/1661/7254
f 1314/1661/7255 1347/1726/7256 1338/1702/7257
f 1347/1726/7258 1315/1662/7259 1341/1709/7260
f 1340/1706/7261 1347/1726/7262 1341/1709/7263
f 1313/1660/7264 1314/1661/7265 1336/1698/7266
f 1333/1693/7267 1312/1659/7268 1335/1697/7269
f 1310/1657/7270 1332/1690/7271 1346/1722/7272
f 1304/1651/7273 1322/1731/7274 1352/1671/7275
f 1351/1732/7276 1353/1733/7277 1352/1671/7278
f 1353/1733/7279 1354/1717/7280 1352/1671/7281
f 1354/1717/7282 1355/1718/7283 1352/1671/7284
f 1355/1718/7285 1356/1719/7286 1352/1671/7287
f 1356/1719/7288 1357/1720/7289 1352/1671/7290
f 1357/1720/7291 1358/1734/7292 1352/1671/7293
f 1358/1734/7294 1359/1725/7295 1352/1671/7296
f 1359/1725/7297 1360/1735/7298 1352/1671/7299
f 1360/1735/7300 1361/1736/7301 1352/1671/7302
f 1361/1736/7303 1362/1737/7304 1352/1671/7305
f 1362/1737/7306 1363/1738/7307 1352/1671/7308
f 1363/1738/7309 1364/1739/7310 1352/1671/7311
f 1364/1739/7312 1365/1727/7313 1352/1671/7314
f 1352/1671/7315 1365/1727/7316 1366/1670/7317
f 1321/1740/7318 1351/1732/7319 1322/1731/7320
f 1351/1732/7321 1352/1671/7322 1322/1731/7323
f 1354/1717/7324 1353/1733/7325 1369/1676/7326
f 1353/1733/7327 1323/1741/7328 1369/1676/7329
f 1354/1717/7330 1370/1679/7331 1355/1718/7332
f 1370/1679/7333 1371/1680/7334 1355/1718/7335
f 1356/1719/7336 1355/1718/7337 1373/1684/7338
f 1355/1718/7339 1372/1683/7340 1373/1684/7341
f 1356/1719/7342 1374/1687/7343 1357/1720/7344
f 1357/1720/7345 1374/1687/7346 1375/1688/7347
f 1358/1734/7348 1357/1720/7349 1391/1724/7350
f 1357/1720/7351 1390/1723/7352 1391/1724/7353
f 1359/1725/7354 1358/1734/7355 1377/1692/7356
f 1391/1724/7357 1376/1691/7358 1377/1692/7359
f 1359/1725/7360 1378/1695/7361 1360/1735/7362
f 1378/1695/7363 1379/1696/7364 1380/1699/7365
f 1361/1736/7366 1360/1735/7367 1381/1700/7368
f 1360/1735/7369 1380/1699/7370 1381/1700/7371
f 1381/1700/7372 1382/1703/7373 1362/1737/7374
f 1382/1703/7375 1383/1704/7376 1362/1737/7377
f 1383/1704/7378 1384/1707/7379 1392/1742/7380
f 1363/1738/7381 1386/1711/7382 1364/1739/7383
f 1386/1711/7384 1387/1712/7385 1364/1739/7386
f 1365/1727/7387 1364/1739/7388 1389/1716/7389
f 1364/1739/7390 1387/1712/7391 1389/1716/7392
f 1387/1712/7393 1388/1715/7394 1389/1716/7395
f 1365/1727/7396 1367/1668/7397 1366/1670/7398
f 1367/1668/7399 1368/1669/7400 1366/1670/7401
f 1351/1732/7402 1348/1743/7403 1353/1733/7404
f 1348/1743/7405 1349/1744/7406 1353/1733/7407
f 1321/1740/7408 1350/1745/7409 1351/1732/7410
f 1350/1745/7411 1348/1743/7412 1351/1732/7413
f 1353/1733/7414 1349/1744/7415 1323/1741/7416
f 1384/1707/7417 1385/1708/7418 1392/1742/7419
f 1383/1704/7420 1392/1742/7421 1362/1737/7422
f 1362/1737/7423 1392/1742/7424 1363/1738/7425
f 1392/1742/7426 1386/1711/7427 1363/1738/7428
f 1385/1708/7429 1386/1711/7430 1392/1742/7431
f 1361/1736/7432 1381/1700/7433 1362/1737/7434
f 1378/1695/7435 1380/1699/7436 1360/1735/7437
f 1358/1734/7438 1391/1724/7439 1377/1692/7440
f 1393/1746/7441 1394/1747/7442 1395/1748/7443
f 1394/1747/7444 1396/1749/7445 1395/1748/7446
f 1396/1749/7447 1397/1750/7448 1395/1748/7449
f 1397/1750/7450 1398/1751/7451 1395/1748/7452
f 1398/1751/7453 1399/1752/7454 1395/1748/7455
f 1399/1752/7456 1400/1753/7457 1395/1748/7458
f 1400/1753/7459 1401/1754/7460 1395/1748/7461
f 1401/1754/7462 1402/1755/7463 1395/1748/7464
f 1402/1755/7465 1403/1756/7466 1395/1748/7467
f 1403/1756/7468 1404/1757/7469 1395/1748/7470
f 1400/1753/7471 1399/1752/7472 1406/1758/7473
f 1406/1758/7474 1399/1752/7475 1405/1759/7476
f 1398/1751/7477 1407/1760/7478 1399/1752/7479
f 1399/1752/7480 1407/1760/7481 1408/1761/7482
f 1397/1750/7483 1409/1762/7484 1398/1751/7485
f 1398/1751/7486 1409/1762/7487 1410/1763/7488
f 1397/1750/7489 1396/1749/7490 1412/1764/7491
f 1412/1764/7492 1396/1749/7493 1411/1765/7494
f 1396/1749/7495 1394/1747/7496 1414/1766/7497
f 1414/1766/7498 1394/1747/7499 1413/1767/7500
f 1393/1746/7501 1415/1768/7502 1394/1747/7503
f 1394/1747/7504 1415/1768/7505 1416/1769/7506
f 1401/1754/7507 1400/1753/7508 1418/1770/7509
f 1418/1770/7510 1400/1753/7511 1417/1771/7512
f 1402/1755/7513 1401/1754/7514 1420/1772/7515
f 1420/1772/7516 1401/1754/7517 1419/1773/7518
f 1402/1755/7519 1421/1774/7520 1403/1756/7521
f 1403/1756/7522 1421/1774/7523 1422/1775/7524
f 1403/1756/7525 1423/1776/7526 1404/1757/7527
f 1404/1757/7528 1423/1776/7529 1424/1777/7530
f 1393/1746/7531 1395/1748/7532 1425/1778/7533
f 1425/1778/7534 1395/1748/7535 1426/1779/7536
f 1426/1779/7537 1395/1748/7538 1427/1780/7539
f 1427/1780/7540 1395/1748/7541 1428/1781/7542
f 1428/1781/7543 1395/1748/7544 1429/1782/7545
f 1429/1782/7546 1395/1748/7547 1430/1783/7548
f 1430/1783/7549 1395/1748/7550 1431/1784/7551
f 1431/1784/7552 1395/1748/7553 1432/1785/7554
f 1432/1785/7555 1395/1748/7556 1433/1786/7557
f 1433/1786/7558 1395/1748/7559 1404/1757/7560
f 1430/1783/7561 1434/1787/7562 1429/1782/7563
f 1429/1782/7564 1434/1787/7565 1435/1788/7566
f 1436/1789/7567 1437/1790/7568 1429/1782/7569
f 1429/1782/7570 1437/1790/7571 1428/1781/7572
f 1438/1791/7573 1439/1792/7574 1428/1781/7575
f 1428/1781/7576 1439/1792/7577 1427/1780/7578
f 1427/1780/7579 1440/1793/7580 1426/1779/7581
f 1426/1779/7582 1440/1793/7583 1441/1794/7584
f 1426/1779/7585 1442/1795/7586 1425/1778/7587
f 1425/1778/7588 1442/1795/7589 1443/1796/7590
f 1444/1797/7591 1445/1798/7592 1425/1778/7593
f 1425/1778/7594 1445/1798/7595 1393/1746/7596
f 1431/1784/7597 1446/1799/7598 1430/1783/7599
f 1430/1783/7600 1446/1799/7601 1447/1800/7602
f 1432/1785/7603 1448/1801/7604 1431/1784/7605
f 1431/1784/7606 1448/1801/7607 1449/1802/7608
f 1450/1803/7609 1451/1804/7610 1433/1786/7611
f 1433/1786/7612 1451/1804/7613 1432/1785/7614
f 1452/1805/7615 1453/1806/7616 1404/1757/7617
f 1404/1757/7618 1453/1806/7619 1433/1786/7620
f 1439/1792/7621 1438/1791/7622 1500/1807/7623
f 1500/1807/7624 1438/1791/7625 1499/1808/7626
f 1438/1791/7627 1428/1781/7628 1499/1808/7629
f 1499/1808/7630 1428/1781/7631 1489/1809/7632
f 1428/1781/7633 1437/1790/7634 1489/1809/7635
f 1489/1809/7636 1437/1790/7637 1498/1810/7638
f 1437/1790/7639 1436/1789/7640 1498/1810/7641
f 1498/1810/7642 1436/1789/7643 1497/1811/7644
f 1436/1789/7645 1429/1782/7646 1497/1811/7647
f 1497/1811/7648 1429/1782/7649 1490/1812/7650
f 1429/1782/7651 1435/1788/7652 1490/1812/7653
f 1490/1812/7654 1435/1788/7655 1496/1813/7656
f 1435/1788/7657 1434/1787/7658 1496/1813/7659
f 1496/1813/7660 1434/1787/7661 1495/1814/7662
f 1434/1787/7663 1430/1783/7664 1495/1814/7665
f 1495/1814/7666 1430/1783/7667 1491/1815/7668
f 1430/1783/7669 1447/1800/7670 1491/1815/7671
f 1491/1815/7672 1447/1800/7673 1508/1816/7674
f 1447/1800/7675 1446/1799/7676 1508/1816/7677
f 1508/1816/7678 1446/1799/7679 1507/1817/7680
f 1446/1799/7681 1431/1784/7682 1507/1817/7683
f 1507/1817/7684 1431/1784/7685 1492/1818/7686
f 1431/1784/7687 1449/1802/7688 1492/1818/7689
f 1492/1818/7690 1449/1802/7691 1510/1819/7692
f 1449/1802/7693 1448/1801/7694 1510/1819/7695
f 1510/1819/7696 1448/1801/7697 1509/1820/7698
f 1448/1801/7699 1432/1785/7700 1509/1820/7701
f 1509/1820/7702 1432/1785/7703 1493/1821/7704
f 1432/1785/7705 1451/1804/7706 1493/1821/7707
f 1493/1821/7708 1451/1804/7709 1512/1822/7710
f 1451/1804/7711 1450/1803/7712 1512/1822/7713
f 1512/1822/7714 1450/1803/7715 1511/1823/7716
f 1450/1803/7717 1433/1786/7718 1511/1823/7719
f 1511/1823/7720 1433/1786/7721 1494/1824/7722
f 1433/1786/7723 1453/1806/7724 1494/1824/7725
f 1494/1824/7726 1453/1806/7727 1514/1825/7728
f 1453/1806/7729 1452/1805/7730 1514/1825/7731
f 1514/1825/7732 1452/1805/7733 1513/1826/7734
f 1452/1805/7735 1404/1757/7736 1513/1826/7737
f 1513/1826/7738 1404/1757/7739 1465/1827/7740
f 1404/1757/7741 1424/1777/7742 1465/1827/7743
f 1465/1827/7744 1424/1777/7745 1485/1828/7746
f 1424/1777/7747 1423/1776/7748 1485/1828/7749
f 1485/1828/7750 1423/1776/7751 1484/1829/7752
f 1423/1776/7753 1403/1756/7754 1484/1829/7755
f 1484/1829/7756 1403/1756/7757 1464/1830/7758
f 1403/1756/7759 1422/1775/7760 1464/1830/7761
f 1464/1830/7762 1422/1775/7763 1483/1831/7764
f 1422/1775/7765 1421/1774/7766 1483/1831/7767
f 1483/1831/7768 1421/1774/7769 1482/1832/7770
f 1421/1774/7771 1402/1755/7772 1482/1832/7773
f 1482/1832/7774 1402/1755/7775 1463/1833/7776
f 1402/1755/7777 1420/1772/7778 1463/1833/7779
f 1463/1833/7780 1420/1772/7781 1481/1834/7782
f 1420/1772/7783 1419/1773/7784 1481/1834/7785
f 1481/1834/7786 1419/1773/7787 1480/1835/7788
f 1419/1773/7789 1401/1754/7790 1480/1835/7791
f 1480/1835/7792 1401/1754/7793 1462/1836/7794
f 1401/1754/7795 1418/1770/7796 1462/1836/7797
f 1462/1836/7798 1418/1770/7799 1479/1837/7800
f 1418/1770/7801 1417/1771/7802 1479/1837/7803
f 1479/1837/7804 1417/1771/7805 1478/1838/7806
f 1417/1771/7807 1400/1753/7808 1478/1838/7809
f 1478/1838/7810 1400/1753/7811 1461/1839/7812
f 1400/1753/7813 1406/1758/7814 1461/1839/7815
f 1461/1839/7816 1406/1758/7817 1467/1840/7818
f 1406/1758/7819 1405/1759/7820 1467/1840/7821
f 1467/1840/7822 1405/1759/7823 1466/1841/7824
f 1405/1759/7825 1399/1752/7826 1466/1841/7827
f 1466/1841/7828 1399/1752/7829 1460/1842/7830
f 1399/1752/7831 1408/1761/7832 1460/1842/7833
f 1460/1842/7834 1408/1761/7835 1469/1843/7836
f 1408/1761/7837 1407/1760/7838 1469/1843/7839
f 1469/1843/7840 1407/1760/7841 1468/1844/7842
f 1407/1760/7843 1398/1751/7844 1468/1844/7845
f 1468/1844/7846 1398/1751/7847 1459/1845/7848
f 1398/1751/7849 1410/1763/7850 1459/1845/7851
f 1459/1845/7852 1410/1763/7853 1471/1846/7854
f 1410/1763/7855 1409/1762/7856 1471/1846/7857
f 1471/1846/7858 1409/1762/7859 1470/1847/7860
f 1409/1762/7861 1397/1750/7862 1470/1847/7863
f 1470/1847/7864 1397/1750/7865 1458/1848/7866
f 1397/1750/7867 1412/1764/7868 1458/1848/7869
f 1458/1848/7870 1412/1764/7871 1473/1849/7872
f 1412/1764/7873 1411/1765/7874 1473/1849/7875
f 1473/1849/7876 1411/1765/7877 1472/1850/7878
f 1411/1765/7879 1396/1749/7880 1472/1850/7881
f 1472/1850/7882 1396/1749/7883 1457/1851/7884
f 1396/1749/7885 1414/1766/7886 1457/1851/7887
f 1457/1851/7888 1414/1766/7889 1475/1852/7890
f 1414/1766/7891 1413/1767/7892 1475/1852/7893
f 1475/1852/7894 1413/1767/7895 1474/1853/7896
f 1413/1767/7897 1394/1747/7898 1474/1853/7899
f 1474/1853/7900 1394/1747/7901 1455/1854/7902
f 1394/1747/7903 1416/1769/7904 1455/1854/7905
f 1455/1854/7906 1416/1769/7907 1477/1855/7908
f 1416/1769/7909 1415/1768/7910 1477/1855/7911
f 1477/1855/7912 1415/1768/7913 1476/1856/7914
f 1415/1768/7915 1393/1746/7916 1476/1856/7917
f 1476/1856/7918 1393/1746/7919 1454/1857/7920
f 1393/1746/7921 1445/1798/7922 1454/1857/7923
f 1454/1857/7924 1445/1798/7925 1506/1858/7926
f 1445/1798/7927 1444/1797/7928 1506/1858/7929
f 1506/1858/7930 1444/1797/7931 1505/1859/7932
f 1444/1797/7933 1425/1778/7934 1505/1859/7935
f 1505/1859/7936 1425/1778/7937 1486/1860/7938
f 1425/1778/7939 1443/1796/7940 1486/1860/7941
f 1486/1860/7942 1443/1796/7943 1504/1861/7944
f 1443/1796/7945 1442/1795/7946 1504/1861/7947
f 1504/1861/7948 1442/1795/7949 1503/1862/7950
f 1442/1795/7951 1426/1779/7952 1503/1862/7953
f 1503/1862/7954 1426/1779/7955 1487/1863/7956
f 1426/1779/7957 1441/1794/7958 1487/1863/7959
f 1487/1863/7960 1441/1794/7961 1502/1864/7962
f 1441/1794/7963 1440/1793/7964 1502/1864/7965
f 1502/1864/7966 1440/1793/7967 1501/1865/7968
f 1440/1793/7969 1427/1780/7970 1501/1865/7971
f 1501/1865/7972 1427/1780/7973 1488/1866/7974
f 1427/1780/7975 1439/1792/7976 1488/1866/7977
f 1488/1866/7978 1439/1792/7979 1500/1807/7980
f 1454/1857/7981 1456/1867/7982 1455/1854/7983
f 1455/1854/7984 1456/1867/7985 1457/1851/7986
f 1457/1851/7987 1456/1867/7988 1458/1848/7989
f 1458/1848/7990 1456/1867/7991 1459/1845/7992
f 1459/1845/7993 1456/1867/7994 1460/1842/7995
f 1460/1842/7996 1456/1867/7997 1461/1839/7998
f 1461/1839/7999 1456/1867/8000 1462/1836/8001
f 1462/1836/8002 1456/1867/8003 1463/1833/8004
f 1463/1833/8005 1456/1867/8006 1464/1830/8007
f 1464/1830/8008 1456/1867/8009 1465/1827/8010
f 1461/1839/8011 1467/1840/8012 1460/1842/8013
f 1460/1842/8014 1467/1840/8015 1466/1841/8016
f 1469/1843/8017 1468/1844/8018 1460/1842/8019
f 1460/1842/8020 1468/1844/8021 1459/1845/8022
f 1471/1846/8023 1470/1847/8024 1459/1845/8025
f 1459/1845/8026 1470/1847/8027 1458/1848/8028
f 1458/1848/8029 1473/1849/8030 1457/1851/8031
f 1457/1851/8032 1473/1849/8033 1472/1850/8034
f 1457/1851/8035 1475/1852/8036 1455/1854/8037
f 1455/1854/8038 1475/1852/8039 1474/1853/8040
f 1477/1855/8041 1476/1856/8042 1455/1854/8043
f 1455/1854/8044 1476/1856/8045 1454/1857/8046
f 1462/1836/8047 1479/1837/8048 1461/1839/8049
f 1461/1839/8050 1479/1837/8051 1478/1838/8052
f 1463/1833/8053 1481/1834/8054 1462/1836/8055
f 1462/1836/8056 1481/1834/8057 1480/1835/8058
f 1483/1831/8059 1482/1832/8060 1464/1830/8061
f 1464/1830/8062 1482/1832/8063 1463/1833/8064
f 1485/1828/8065 1484/1829/8066 1465/1827/8067
f 1465/1827/8068 1484/1829/8069 1464/1830/8070
f 1454/1857/8071 1486/1860/8072 1456/1867/8073
f 1486/1860/8074 1487/1863/8075 1456/1867/8076
f 1487/1863/8077 1488/1866/8078 1456/1867/8079
f 1488/1866/8080 1489/1809/8081 1456/1867/8082
f 1489/1809/8083 1490/1812/8084 1456/1867/8085
f 1490/1812/8086 1491/1815/8087 1456/1867/8088
f 1491/1815/8089 1492/1818/8090 1456/1867/8091
f 1492/1818/8092 1493/1821/8093 1456/1867/8094
f 1493/1821/8095 1494/1824/8096 1456/1867/8097
f 1494/1824/8098 1465/1827/8099 1456/1867/8100
f 1491/1815/8101 1490/1812/8102 1495/1814/8103
f 1495/1814/8104 1490/1812/8105 1496/1813/8106
f 1489/1809/8107 1498/1810/8108 1490/1812/8109
f 1490/1812/8110 1498/1810/8111 1497/1811/8112
f 1488/1866/8113 1500/1807/8114 1489/1809/8115
f 1489/1809/8116 1500/1807/8117 1499/1808/8118
f 1488/1866/8119 1487/1863/8120 1501/1865/8121
f 1501/1865/8122 1487/1863/8123 1502/1864/8124
f 1487/1863/8125 1486/1860/8126 1503/1862/8127
f 1503/1862/8128 1486/1860/8129 1504/1861/8130
f 1454/1857/8131 1506/1858/8132 1486/1860/8133
f 1486/1860/8134 1506/1858/8135 1505/1859/8136
f 1492/1818/8137 1491/1815/8138 1507/1817/8139
f 1507/1817/8140 1491/1815/8141 1508/1816/8142
f 1493/1821/8143 1492/1818/8144 1509/1820/8145
f 1509/1820/8146 1492/1818/8147 1510/1819/8148
f 1493/1821/8149 1512/1822/8150 1494/1824/8151
f 1494/1824/8152 1512/1822/8153 1511/1823/8154
f 1494/1824/8155 1514/1825/8156 1465/1827/8157
f 1465/1827/8158 1514/1825/8159 1513/1826/8160
f 1518/1868/8161 1520/1869/8162 1523/1870/8163
f 1658/1871/8164 1518/1868/8165 1657/1872/8166
f 1657/1872/8167 1518/1868/8168 1521/1873/8169
f 1520/1869/8170 1519/1874/8171 1522/1875/8172
f 1523/1870/8173 1520/1869/8174 1522/1875/8175
f 1519/1874/8176 1648/1876/8177 1522/1875/8178
f 1522/1875/8179 1648/1876/8180 1649/1877/8181
f 1521/1873/8182 1523/1870/8183 1526/1878/8184
f 1524/1879/8185 1521/1873/8186 1526/1878/8187
f 1657/1872/8188 1521/1873/8189 1656/1880/8190
f 1656/1880/8191 1521/1873/8192 1524/1879/8193
f 1523/1870/8194 1522/1875/8195 1525/1881/8196
f 1526/1878/8197 1523/1870/8198 1525/1881/8199
f 1522/1875/8200 1649/1877/8201 1525/1881/8202
f 1525/1881/8203 1649/1877/8204 1650/1882/8205
f 1524/1879/8206 1526/1878/8207 1529/1883/8208
f 1527/1884/8209 1524/1879/8210 1529/1883/8211
f 1656/1880/8212 1524/1879/8213 1655/1885/8214
f 1655/1885/8215 1524/1879/8216 1527/1884/8217
f 1526/1878/8218 1525/1881/8219 1528/1886/8220
f 1529/1883/8221 1526/1878/8222 1528/1886/8223
f 1525/1881/8224 1650/1882/8225 1528/1886/8226
f 1528/1886/8227 1650/1882/8228 1651/1887/8229
f 1515/1888/8230 1654/1889/8231 1527/1884/8232
f 1527/1884/8233 1654/1889/8234 1655/1885/8235
f 1516/1890/8236 1528/1886/8237 1652/1891/8238
f 1652/1891/8239 1528/1886/8240 1651/1887/8241
f 1516/1890/8242 1517/1892/8243 1529/1883/8244
f 1528/1886/8245 1516/1890/8246 1529/1883/8247
f 1517/1892/8248 1515/1888/8249 1527/1884/8250
f 1529/1883/8251 1517/1892/8252 1527/1884/8253
f 1652/1891/8254 1653/1893/8255 1516/1890/8256
f 1516/1890/8257 1653/1893/8258 1517/1892/8259
f 1654/1889/8260 1515/1888/8261 1653/1893/8262
f 1653/1893/8263 1515/1888/8264 1517/1892/8265
f 1523/1870/8266 1521/1873/8267 1518/1868/8268
f 1535/1894/8269 1545/1895/8270 1533/1896/8271
f 1533/1896/8272 1545/1895/8273 1546/1897/8274
f 1533/1896/8275 1547/1898/8276 1689/1899/8277
f 1689/1899/8278 1547/1898/8279 1688/1900/8280
f 1536/1901/8281 1684/1902/8282 1563/1903/8283
f 1563/1903/8284 1684/1902/8285 1685/1904/8286
f 1534/1905/8287 1548/1906/8288 1535/1894/8289
f 1535/1894/8290 1548/1906/8291 1549/1907/8292
f 1562/1908/8293 1561/1909/8294 1538/1910/8295
f 1538/1910/8296 1561/1909/8297 1537/1911/8298
f 1534/1905/8299 1690/1912/8300 1548/1906/8301
f 1548/1906/8302 1690/1912/8303 1691/1913/8304
f 1537/1911/8305 1564/1914/8306 1695/1915/8307
f 1695/1915/8308 1564/1914/8309 1694/1916/8310
f 1536/1901/8311 1538/1910/8312 1566/1917/8313
f 1566/1917/8314 1538/1910/8315 1565/1918/8316
f 1587/1919/8317 1586/1920/8318 1539/1921/8319
f 1539/1921/8320 1586/1920/8321 1541/1922/8322
f 1684/1902/8323 1536/1901/8324 1683/1923/8325
f 1683/1923/8326 1536/1901/8327 1567/1924/8328
f 1539/1921/8329 1677/1925/8330 1587/1919/8331
f 1587/1919/8332 1677/1925/8333 1678/1926/8334
f 1538/1910/8335 1537/1911/8336 1569/1927/8337
f 1569/1927/8338 1537/1911/8339 1568/1928/8340
f 1589/1929/8341 1588/1930/8342 1541/1922/8343
f 1541/1922/8344 1588/1930/8345 1540/1931/8346
f 1695/1915/8347 1696/1932/8348 1537/1911/8349
f 1537/1911/8350 1696/1932/8351 1568/1928/8352
f 1539/1921/8353 1541/1922/8354 1597/1933/8355
f 1597/1933/8356 1541/1922/8357 1596/1934/8358
f 1542/1935/8359 1622/1936/8360 1544/1937/8361
f 1544/1937/8362 1622/1936/8363 1621/1938/8364
f 1542/1935/8365 1672/1939/8366 1622/1936/8367
f 1622/1936/8368 1672/1939/8369 1673/1940/8370
f 1541/1922/8371 1540/1931/8372 1599/1941/8373
f 1599/1941/8374 1540/1931/8375 1598/1942/8376
f 1543/1943/8377 1544/1937/8378 1610/1944/8379
f 1610/1944/8380 1544/1937/8381 1625/1945/8382
f 1544/1937/8383 1624/1946/8384 1625/1945/8385
f 1543/1943/8386 1613/1947/8387 1660/1948/8388
f 1660/1948/8389 1613/1947/8390 1659/1949/8391
f 1708/1950/8392 1709/1951/8393 1533/1952/8394
f 1533/1952/8395 1709/1951/8396 1535/1953/8397
f 1530/1954/8398 1667/1955/8399 1646/1956/8400
f 1646/1956/8401 1667/1955/8402 1668/1957/8403
f 1672/1939/8404 1542/1935/8405 1671/1958/8406
f 1671/1958/8407 1542/1935/8408 1627/1959/8409
f 1531/1960/8410 1643/1961/8411 1665/1962/8412
f 1665/1962/8413 1643/1961/8414 1664/1963/8415
f 1531/1960/8416 1532/1964/8417 1645/1965/8418
f 1645/1965/8419 1532/1964/8420 1644/1966/8421
f 1628/1967/8422 1630/1968/8423 1543/1943/8424
f 1543/1943/8425 1630/1968/8426 1544/1937/8427
f 1532/1964/8428 1530/1954/8429 1647/1969/8430
f 1647/1969/8431 1530/1954/8432 1646/1956/8433
f 1629/1970/8434 1631/1971/8435 1544/1937/8436
f 1544/1937/8437 1631/1971/8438 1542/1935/8439
f 1665/1962/8440 1666/1972/8441 1531/1960/8442
f 1531/1960/8443 1666/1972/8444 1532/1964/8445
f 1667/1955/8446 1530/1954/8447 1666/1972/8448
f 1666/1972/8449 1530/1954/8450 1532/1964/8451
f 1538/1910/8452 1536/1901/8453 1560/1973/8454
f 1560/1973/8455 1536/1901/8456 1563/1903/8457
f 1549/1907/8458 1545/1895/8459 1535/1894/8460
f 1546/1897/8461 1547/1898/8462 1533/1896/8463
f 1552/1974/8464 1557/1975/8465 1550/1976/8466
f 1550/1976/8467 1557/1975/8468 1555/1977/8469
f 1553/1978/8470 1558/1979/8471 1687/1980/8472
f 1687/1980/8473 1558/1979/8474 1686/1981/8475
f 1554/1982/8476 1559/1983/8477 1551/1984/8478
f 1551/1984/8479 1559/1983/8480 1556/1985/8481
f 1554/1982/8482 1692/1986/8483 1559/1983/8484
f 1559/1983/8485 1692/1986/8486 1693/1987/8487
f 1556/1985/8488 1557/1975/8489 1551/1984/8490
f 1551/1984/8491 1557/1975/8492 1552/1974/8493
f 1555/1977/8494 1558/1979/8495 1550/1976/8496
f 1550/1976/8497 1558/1979/8498 1553/1978/8499
f 1555/1977/8500 1557/1975/8501 1560/1973/8502
f 1560/1973/8503 1557/1975/8504 1562/1908/8505
f 1686/1981/8506 1558/1979/8507 1685/1904/8508
f 1685/1904/8509 1558/1979/8510 1563/1903/8511
f 1556/1985/8512 1559/1983/8513 1561/1909/8514
f 1561/1909/8515 1559/1983/8516 1564/1914/8517
f 1693/1987/8518 1694/1916/8519 1559/1983/8520
f 1559/1983/8521 1694/1916/8522 1564/1914/8523
f 1561/1909/8524 1562/1908/8525 1556/1985/8526
f 1556/1985/8527 1562/1908/8528 1557/1975/8529
f 1560/1973/8530 1563/1903/8531 1555/1977/8532
f 1555/1977/8533 1563/1903/8534 1558/1979/8535
f 1560/1973/8536 1562/1908/8537 1538/1910/8538
f 1561/1909/8539 1564/1914/8540 1537/1911/8541
f 1566/1917/8542 1567/1924/8543 1536/1901/8544
f 1569/1927/8545 1565/1918/8546 1538/1910/8547
f 1581/1988/8548 1583/1989/8549 1576/1990/8550
f 1572/1991/8551 1580/1992/8552 1583/1989/8553
f 1580/1992/8554 1576/1990/8555 1583/1989/8556
f 1574/1993/8557 1582/1994/8558 1703/1995/8559
f 1703/1995/8560 1582/1994/8561 1702/1996/8562
f 1570/1997/8563 1573/1998/8564 1593/1999/8565
f 1593/1999/8566 1573/1998/8567 1591/2000/8568
f 1680/2001/8569 1571/2002/8570 1679/2003/8571
f 1679/2003/8572 1571/2002/8573 1594/2004/8574
f 1575/2005/8575 1580/1992/8576 1572/1991/8577
f 1577/2006/8578 1578/2007/8579 1584/2008/8580
f 1584/2008/8581 1578/2007/8582 1585/2009/8583
f 1578/2007/8584 1681/2010/8585 1585/2009/8586
f 1585/2009/8587 1681/2010/8588 1682/2011/8589
f 1575/2005/8590 1579/2012/8591 1595/2013/8592
f 1595/2013/8593 1579/2012/8594 1592/2014/8595
f 1584/2008/8596 1581/1988/8597 1577/2006/8598
f 1577/2006/8599 1581/1988/8600 1576/1990/8601
f 1583/1989/8602 1582/1994/8603 1572/1991/8604
f 1572/1991/8605 1582/1994/8606 1574/1993/8607
f 1586/1920/8608 1587/1919/8609 1593/1999/8610
f 1593/1999/8611 1587/1919/8612 1594/2004/8613
f 1679/2003/8614 1594/2004/8615 1678/1926/8616
f 1678/1926/8617 1594/2004/8618 1587/1919/8619
f 1588/1930/8620 1589/1929/8621 1595/2013/8622
f 1595/2013/8623 1589/1929/8624 1591/2000/8625
f 1586/1920/8626 1589/1929/8627 1541/1922/8628
f 1588/1930/8629 1590/2015/8630 1540/1931/8631
f 1593/1999/8632 1591/2000/8633 1586/1920/8634
f 1586/1920/8635 1591/2000/8636 1589/1929/8637
f 1595/2013/8638 1592/2014/8639 1588/1930/8640
f 1588/1930/8641 1592/2014/8642 1590/2015/8643
f 1593/1999/8644 1594/2004/8645 1570/1997/8646
f 1570/1997/8647 1594/2004/8648 1571/2002/8649
f 1595/2013/8650 1591/2000/8651 1575/2005/8652
f 1575/2005/8653 1591/2000/8654 1580/1992/8655
f 1591/2000/8656 1573/1998/8657 1580/1992/8658
f 1599/1941/8659 1596/1934/8660 1541/1922/8661
f 1603/2016/8662 1607/2017/8663 1600/2018/8664
f 1600/2018/8665 1607/2017/8666 1605/2019/8667
f 1676/2020/8668 1601/2021/8669 1675/2022/8670
f 1675/2022/8671 1601/2021/8672 1611/2023/8673
f 1604/2024/8674 1608/2025/8675 1602/2026/8676
f 1602/2026/8677 1608/2025/8678 1606/2027/8679
f 1600/2018/8680 1605/2019/8681 1601/2021/8682
f 1614/2028/8683 1611/2023/8684 1605/2019/8685
f 1605/2019/8686 1611/2023/8687 1601/2021/8688
f 1607/2017/8689 1603/2016/8690 1606/2027/8691
f 1606/2027/8692 1603/2016/8693 1602/2026/8694
f 1607/2017/8695 1616/2029/8696 1605/2019/8697
f 1605/2019/8698 1616/2029/8699 1618/2030/8700
f 1622/1936/8701 1673/1940/8702 1615/2031/8703
f 1615/2031/8704 1673/1940/8705 1674/2032/8706
f 1608/2025/8707 1617/2033/8708 1606/2027/8709
f 1606/2027/8710 1617/2033/8711 1619/2034/8712
f 1609/2035/8713 1620/2036/8714 1618/2030/8715
f 1610/1944/8716 1625/1945/8717 1623/2037/8718
f 1609/2035/8719 1612/2038/8720 1621/1938/8721
f 1621/1938/8722 1612/2038/8723 1624/1946/8724
f 1610/1944/8725 1613/1947/8726 1543/1943/8727
f 1618/2030/8728 1616/2029/8729 1609/2035/8730
f 1609/2035/8731 1616/2029/8732 1612/2038/8733
f 1617/2033/8734 1626/2039/8735 1619/2034/8736
f 1619/2034/8737 1626/2039/8738 1623/2037/8739
f 1620/2036/8740 1614/2028/8741 1618/2030/8742
f 1618/2030/8743 1614/2028/8744 1605/2019/8745
f 1616/2029/8746 1607/2017/8747 1619/2034/8748
f 1619/2034/8749 1607/2017/8750 1606/2027/8751
f 1622/1936/8752 1615/2031/8753 1621/1938/8754
f 1620/2036/8755 1609/2035/8756 1615/2031/8757
f 1615/2031/8758 1609/2035/8759 1621/1938/8760
f 1625/1945/8761 1624/1946/8762 1612/2038/8763
f 1619/2034/8764 1623/2037/8765 1616/2029/8766
f 1616/2029/8767 1623/2037/8768 1612/2038/8769
f 1623/2037/8770 1625/1945/8771 1612/2038/8772
f 1621/1938/8773 1624/1946/8774 1544/1937/8775
f 1671/1958/8776 1627/1959/8777 1670/2040/8778
f 1670/2040/8779 1627/1959/8780 1634/2041/8781
f 1628/1967/8782 1543/1943/8783 1661/2042/8784
f 1661/2042/8785 1543/1943/8786 1660/1948/8787
f 1630/1968/8788 1629/1970/8789 1544/1937/8790
f 1628/1967/8791 1639/2043/8792 1630/1968/8793
f 1630/1968/8794 1639/2043/8795 1638/2044/8796
f 1631/1971/8797 1627/1959/8798 1542/1935/8799
f 1631/1971/8800 1629/1970/8801 1636/2045/8802
f 1636/2045/8803 1629/1970/8804 1633/2046/8805
f 1632/2047/8806 1639/2043/8807 1663/2048/8808
f 1663/2048/8809 1639/2043/8810 1662/2049/8811
f 1635/2050/8812 1642/2051/8813 1638/2044/8814
f 1636/2045/8815 1634/2041/8816 1631/1971/8817
f 1631/1971/8818 1634/2041/8819 1627/1959/8820
f 1635/2050/8821 1632/2047/8822 1645/1965/8823
f 1645/1965/8824 1632/2047/8825 1643/1961/8826
f 1639/2043/8827 1632/2047/8828 1638/2044/8829
f 1638/2044/8830 1632/2047/8831 1635/2050/8832
f 1639/2043/8833 1628/1967/8834 1662/2049/8835
f 1662/2049/8836 1628/1967/8837 1661/2042/8838
f 1630/1968/8839 1638/2044/8840 1629/1970/8841
f 1633/2046/8842 1629/1970/8843 1642/2051/8844
f 1638/2044/8845 1642/2051/8846 1629/1970/8847
f 1669/2052/8848 1640/2053/8849 1668/1957/8850
f 1668/1957/8851 1640/2053/8852 1646/1956/8853
f 1637/2054/8854 1644/1966/8855 1641/2055/8856
f 1641/2055/8857 1644/1966/8858 1647/1969/8859
f 1643/1961/8860 1632/2047/8861 1664/1963/8862
f 1664/1963/8863 1632/2047/8864 1663/2048/8865
f 1645/1965/8866 1644/1966/8867 1635/2050/8868
f 1635/2050/8869 1644/1966/8870 1642/2051/8871
f 1644/1966/8872 1637/2054/8873 1642/2051/8874
f 1647/1969/8875 1646/1956/8876 1641/2055/8877
f 1641/2055/8878 1646/1956/8879 1640/2053/8880
f 1645/1965/8881 1643/1961/8882 1531/1960/8883
f 1647/1969/8884 1644/1966/8885 1532/1964/8886
f 1698/2056/8887 1697/2057/8888 1540/1931/8889
f 1540/1931/8890 1697/2057/8891 1598/1942/8892
f 1699/2058/8893 1698/2056/8894 1590/2015/8895
f 1590/2015/8896 1698/2056/8897 1540/1931/8898
f 1590/2015/8899 1592/2014/8900 1699/2058/8901
f 1699/2058/8902 1592/2014/8903 1700/2059/8904
f 1701/2060/8905 1700/2059/8906 1579/2012/8907
f 1579/2012/8908 1700/2059/8909 1592/2014/8910
f 1705/2061/8911 1704/2062/8912 1617/2033/8913
f 1617/2033/8914 1704/2062/8915 1626/2039/8916
f 1706/2063/8917 1705/2061/8918 1608/2025/8919
f 1608/2025/8920 1705/2061/8921 1617/2033/8922
f 1707/2064/8923 1706/2063/8924 1604/2024/8925
f 1604/2024/8926 1706/2063/8927 1608/2025/8928
f 1690/1912/8929 1534/1905/8930 1709/1951/8931
f 1709/1951/8932 1534/1905/8933 1535/1953/8934
f 1648/1876/8935 1519/1874/8936 1710/2065/8937
f 1710/2065/8938 1519/1874/8939 1520/1869/8940
f 1520/1869/8941 1518/1868/8942 1710/2065/8943
f 1710/2065/8944 1518/1868/8945 1658/1871/8946
f 1714/2066/8947 1719/2067/8948 1716/2068/8949
f 1658/1871/8950 1657/1872/8951 1714/2069/8952
f 1714/2069/8953 1657/1872/8954 1717/2070/8955
f 1716/2071/8956 1718/2072/8957 1715/2073/8958
f 1719/2074/8959 1718/2075/8960 1716/2076/8961
f 1715/2077/8962 1718/2078/8963 1648/1876/8964
f 1648/1876/8965 1718/2078/8966 1649/1877/8967
f 1717/2079/8968 1722/2080/8969 1719/2081/8970
f 1720/2082/8971 1722/2083/8972 1717/2084/8973
f 1657/1872/8974 1656/1880/8975 1717/2085/8976
f 1717/2085/8977 1656/1880/8978 1720/2086/8979
f 1719/2087/8980 1721/2088/8981 1718/2089/8982
f 1722/2090/8983 1721/2091/8984 1719/2092/8985
f 1718/2093/8986 1721/2094/8987 1649/1877/8988
f 1649/1877/8989 1721/2094/8990 1650/1882/8991
f 1720/2095/8992 1725/2096/8993 1722/2097/8994
f 1723/2098/8995 1725/2099/8996 1720/2100/8997
f 1656/1880/8998 1655/1885/8999 1720/2101/9000
f 1720/2101/9001 1655/1885/9002 1723/2102/9003
f 1722/2103/9004 1724/2104/9005 1721/2105/9006
f 1725/2106/9007 1724/2107/9008 1722/2108/9009
f 1721/2109/9010 1724/2110/9011 1650/1882/9012
f 1650/1882/9013 1724/2110/9014 1651/1887/9015
f 1711/2111/9016 1723/2112/9017 1654/1889/9018
f 1654/1889/9019 1723/2112/9020 1655/1885/9021
f 1712/2113/9022 1652/1891/9023 1724/2114/9024
f 1724/2114/9025 1652/1891/9026 1651/1887/9027
f 1712/2115/9028 1725/2116/9029 1713/2117/9030
f 1724/2118/9031 1725/2119/9032 1712/2120/9033
f 1713/2121/9034 1723/2122/9035 1711/2123/9036
f 1725/2124/9037 1723/2125/9038 1713/2126/9039
f 1652/1891/9040 1712/2127/9041 1653/1893/9042
f 1653/1893/9043 1712/2127/9044 1713/2128/9045
f 1713/2129/9046 1711/2130/9047 1653/1893/9048
f 1653/1893/9049 1711/2130/9050 1654/1889/9051
f 1719/2131/9052 1714/2132/9053 1717/2133/9054
f 1742/2134/9055 1741/2135/9056 1729/2136/9057
f 1729/2136/9058 1741/2135/9059 1731/2137/9060
f 1688/1900/9061 1743/2138/9062 1689/1899/9063
f 1689/1899/9064 1743/2138/9065 1729/2139/9066
f 1732/2140/9067 1759/2141/9068 1684/1902/9069
f 1684/1902/9070 1759/2141/9071 1685/1904/9072
f 1745/2142/9073 1744/2143/9074 1731/2144/9075
f 1731/2144/9076 1744/2143/9077 1730/2145/9078
f 1733/2146/9079 1757/2147/9080 1734/2148/9081
f 1734/2148/9082 1757/2147/9083 1758/2149/9084
f 1730/2150/9085 1744/2151/9086 1690/1912/9087
f 1690/1912/9088 1744/2151/9089 1691/1913/9090
f 1694/1916/9091 1760/2152/9092 1695/1915/9093
f 1695/1915/9094 1760/2152/9095 1733/2153/9096
f 1732/2154/9097 1762/2155/9098 1734/2156/9099
f 1734/2156/9100 1762/2155/9101 1761/2157/9102
f 1737/2158/9103 1782/2159/9104 1735/2160/9105
f 1735/2160/9106 1782/2159/9107 1783/2161/9108
f 1684/1902/9109 1683/1923/9110 1732/2162/9111
f 1732/2162/9112 1683/1923/9113 1763/2163/9114
f 1735/2164/9115 1783/2165/9116 1677/1925/9117
f 1677/1925/9118 1783/2165/9119 1678/1926/9120
f 1734/2166/9121 1765/2167/9122 1733/2168/9123
f 1733/2168/9124 1765/2167/9125 1764/2169/9126
f 1736/2170/9127 1784/2171/9128 1737/2172/9129
f 1737/2172/9130 1784/2171/9131 1785/2173/9132
f 1764/2174/9133 1696/1932/9134 1733/2175/9135
f 1733/2175/9136 1696/1932/9137 1695/1915/9138
f 1735/2176/9139 1793/2177/9140 1737/2178/9141
f 1737/2178/9142 1793/2177/9143 1792/2179/9144
f 1738/2180/9145 1740/2181/9146 1818/2182/9147
f 1818/2182/9148 1740/2181/9149 1817/2183/9150
f 1738/2184/9151 1818/2185/9152 1672/1939/9153
f 1672/1939/9154 1818/2185/9155 1673/1940/9156
f 1737/2186/9157 1795/2187/9158 1736/2188/9159
f 1736/2188/9160 1795/2187/9161 1794/2189/9162
f 1739/2190/9163 1806/2191/9164 1740/2192/9165
f 1806/2191/9166 1821/2193/9167 1740/2192/9168
f 1740/2192/9169 1821/2193/9170 1820/2194/9171
f 1659/1949/9172 1809/2195/9173 1660/1948/9174
f 1660/1948/9175 1809/2195/9176 1739/2196/9177
f 1844/2197/9178 1729/2198/9179 1709/1951/9180
f 1709/1951/9181 1729/2198/9182 1731/2199/9183
f 1726/2200/9184 1842/2201/9185 1667/1955/9186
f 1667/1955/9187 1842/2201/9188 1668/1957/9189
f 1672/1939/9190 1671/1958/9191 1738/2202/9192
f 1738/2202/9193 1671/1958/9194 1823/2203/9195
f 1727/2204/9196 1665/1962/9197 1839/2205/9198
f 1839/2205/9199 1665/1962/9200 1664/1963/9201
f 1727/2206/9202 1841/2207/9203 1728/2208/9204
f 1728/2208/9205 1841/2207/9206 1840/2209/9207
f 1740/2210/9208 1826/2211/9209 1739/2212/9210
f 1739/2212/9211 1826/2211/9212 1824/2213/9213
f 1728/2214/9214 1843/2215/9215 1726/2216/9216
f 1726/2216/9217 1843/2215/9218 1842/2217/9219
f 1738/2218/9220 1827/2219/9221 1740/2220/9222
f 1740/2220/9223 1827/2219/9224 1825/2221/9225
f 1665/1962/9226 1727/2222/9227 1666/1972/9228
f 1666/1972/9229 1727/2222/9230 1728/2223/9231
f 1728/2224/9232 1726/2225/9233 1666/1972/9234
f 1666/1972/9235 1726/2225/9236 1667/1955/9237
f 1734/2226/9238 1756/2227/9239 1732/2228/9240
f 1732/2228/9241 1756/2227/9242 1759/2229/9243
f 1745/2230/9244 1731/2231/9245 1741/2232/9246
f 1742/2233/9247 1729/2234/9248 1743/2235/9249
f 1751/2236/9250 1753/2237/9251 1746/2238/9252
f 1746/2238/9253 1753/2237/9254 1748/2239/9255
f 1686/1981/9256 1754/2240/9257 1687/1980/9258
f 1687/1980/9259 1754/2240/9260 1749/2241/9261
f 1752/2242/9262 1755/2243/9263 1747/2244/9264
f 1747/2244/9265 1755/2243/9266 1750/2245/9267
f 1750/2246/9268 1755/2247/9269 1692/1986/9270
f 1692/1986/9271 1755/2247/9272 1693/1987/9273
f 1752/2248/9274 1747/2249/9275 1753/2250/9276
f 1753/2250/9277 1747/2249/9278 1748/2251/9279
f 1751/2252/9280 1746/2253/9281 1754/2254/9282
f 1754/2254/9283 1746/2253/9284 1749/2255/9285
f 1751/2256/9286 1756/2257/9287 1753/2258/9288
f 1753/2258/9289 1756/2257/9290 1758/2259/9291
f 1686/1981/9292 1685/1904/9293 1754/2260/9294
f 1754/2260/9295 1685/1904/9296 1759/2261/9297
f 1752/2262/9298 1757/2263/9299 1755/2264/9300
f 1755/2264/9301 1757/2263/9302 1760/2265/9303
f 1760/2266/9304 1694/1916/9305 1755/2267/9306
f 1755/2267/9307 1694/1916/9308 1693/1987/9309
f 1757/2268/9310 1752/2269/9311 1758/2270/9312
f 1758/2270/9313 1752/2269/9314 1753/2271/9315
f 1756/2272/9316 1751/2273/9317 1759/2274/9318
f 1759/2274/9319 1751/2273/9320 1754/2275/9321
f 1756/2276/9322 1734/2277/9323 1758/2278/9324
f 1757/2279/9325 1733/2280/9326 1760/2281/9327
f 1762/2282/9328 1732/2283/9329 1763/2284/9330
f 1765/2285/9331 1734/2286/9332 1761/2287/9333
f 1777/2288/9334 1772/2289/9335 1779/2290/9336
f 1768/2291/9337 1779/2290/9338 1776/2292/9339
f 1779/2290/9340 1772/2289/9341 1776/2292/9342
f 1702/1996/9343 1778/2293/9344 1703/1995/9345
f 1703/1995/9346 1778/2293/9347 1770/2294/9348
f 1766/2295/9349 1789/2296/9350 1769/2297/9351
f 1769/2297/9352 1789/2296/9353 1787/2298/9354
f 1680/2001/9355 1679/2003/9356 1767/2299/9357
f 1767/2299/9358 1679/2003/9359 1790/2300/9360
f 1771/2301/9361 1768/2302/9362 1776/2303/9363
f 1773/2304/9364 1780/2305/9365 1774/2306/9366
f 1774/2306/9367 1780/2305/9368 1781/2307/9369
f 1774/2308/9370 1781/2309/9371 1681/2010/9372
f 1681/2010/9373 1781/2309/9374 1682/2011/9375
f 1771/2310/9376 1791/2311/9377 1775/2312/9378
f 1775/2312/9379 1791/2311/9380 1788/2313/9381
f 1780/2314/9382 1773/2315/9383 1777/2316/9384
f 1777/2316/9385 1773/2315/9386 1772/2317/9387
f 1779/2318/9388 1768/2319/9389 1778/2320/9390
f 1778/2320/9391 1768/2319/9392 1770/2321/9393
f 1782/2322/9394 1789/2323/9395 1783/2324/9396
f 1783/2324/9397 1789/2323/9398 1790/2325/9399
f 1783/2326/9400 1790/2327/9401 1678/1926/9402
f 1678/1926/9403 1790/2327/9404 1679/2003/9405
f 1784/2328/9406 1791/2329/9407 1785/2330/9408
f 1785/2330/9409 1791/2329/9410 1787/2331/9411
f 1782/2332/9412 1737/2333/9413 1785/2334/9414
f 1784/2335/9415 1736/2336/9416 1786/2337/9417
f 1789/2338/9418 1782/2339/9419 1787/2340/9420
f 1787/2340/9421 1782/2339/9422 1785/2341/9423
f 1791/2342/9424 1784/2343/9425 1788/2344/9426
f 1788/2344/9427 1784/2343/9428 1786/2345/9429
f 1789/2346/9430 1766/2347/9431 1790/2348/9432
f 1790/2348/9433 1766/2347/9434 1767/2349/9435
f 1791/2350/9436 1771/2351/9437 1787/2352/9438
f 1771/2351/9439 1776/2353/9440 1787/2352/9441
f 1776/2353/9442 1769/2354/9443 1787/2352/9444
f 1795/2355/9445 1737/2356/9446 1792/2357/9447
f 1801/2358/9448 1803/2359/9449 1796/2360/9450
f 1796/2360/9451 1803/2359/9452 1799/2361/9453
f 1676/2020/9454 1675/2022/9455 1797/2362/9456
f 1797/2362/9457 1675/2022/9458 1807/2363/9459
f 1802/2364/9460 1804/2365/9461 1798/2366/9462
f 1798/2366/9463 1804/2365/9464 1800/2367/9465
f 1796/2368/9466 1797/2369/9467 1801/2370/9468
f 1810/2371/9469 1801/2370/9470 1807/2372/9471
f 1801/2370/9472 1797/2369/9473 1807/2372/9474
f 1798/2373/9475 1799/2374/9476 1802/2375/9477
f 1802/2375/9478 1799/2374/9479 1803/2376/9480
f 1814/2377/9481 1812/2378/9482 1801/2379/9483
f 1801/2379/9484 1812/2378/9485 1803/2380/9486
f 1818/2381/9487 1811/2382/9488 1673/1940/9489
f 1673/1940/9490 1811/2382/9491 1674/2032/9492
f 1815/2383/9493 1813/2384/9494 1802/2385/9495
f 1802/2385/9496 1813/2384/9497 1804/2386/9498
f 1805/2387/9499 1814/2388/9500 1816/2389/9501
f 1806/2390/9502 1819/2391/9503 1821/2392/9504
f 1805/2393/9505 1817/2394/9506 1808/2395/9507
f 1808/2395/9508 1817/2394/9509 1820/2396/9510
f 1806/2397/9511 1739/2398/9512 1809/2399/9513
f 1814/2400/9514 1805/2401/9515 1812/2402/9516
f 1812/2402/9517 1805/2401/9518 1808/2403/9519
f 1819/2404/9520 1822/2405/9521 1815/2406/9522
f 1815/2406/9523 1822/2405/9524 1813/2407/9525
f 1801/2408/9526 1810/2409/9527 1814/2410/9528
f 1814/2410/9529 1810/2409/9530 1816/2411/9531
f 1802/2412/9532 1803/2413/9533 1815/2414/9534
f 1815/2414/9535 1803/2413/9536 1812/2415/9537
f 1818/2416/9538 1817/2417/9539 1811/2418/9540
f 1816/2419/9541 1811/2418/9542 1805/2420/9543
f 1817/2417/9544 1805/2420/9545 1811/2418/9546
f 1821/2421/9547 1808/2422/9548 1820/2423/9549
f 1815/2424/9550 1812/2425/9551 1819/2426/9552
f 1812/2425/9553 1808/2427/9554 1819/2426/9555
f 1819/2426/9556 1808/2427/9557 1821/2428/9558
f 1817/2429/9559 1740/2430/9560 1820/2431/9561
f 1671/1958/9562 1670/2040/9563 1823/2432/9564
f 1823/2432/9565 1670/2040/9566 1830/2433/9567
f 1824/2434/9568 1661/2042/9569 1739/2435/9570
f 1739/2435/9571 1661/2042/9572 1660/1948/9573
f 1826/2436/9574 1740/2437/9575 1825/2438/9576
f 1834/2439/9577 1835/2440/9578 1826/2441/9579
f 1826/2441/9580 1835/2440/9581 1824/2442/9582
f 1827/2443/9583 1738/2444/9584 1823/2445/9585
f 1827/2446/9586 1832/2447/9587 1825/2448/9588
f 1825/2448/9589 1832/2447/9590 1829/2449/9591
f 1828/2450/9592 1663/2048/9593 1835/2451/9594
f 1835/2451/9595 1663/2048/9596 1662/2049/9597
f 1831/2452/9598 1834/2453/9599 1838/2454/9600
f 1832/2455/9601 1827/2456/9602 1830/2457/9603
f 1830/2457/9604 1827/2456/9605 1823/2458/9606
f 1831/2459/9607 1841/2460/9608 1828/2461/9609
f 1828/2461/9610 1841/2460/9611 1839/2462/9612
f 1831/2463/9613 1828/2464/9614 1834/2465/9615
f 1834/2465/9616 1828/2464/9617 1835/2466/9618
f 1661/2042/9619 1824/2467/9620 1662/2049/9621
f 1662/2049/9622 1824/2467/9623 1835/2468/9624
f 1826/2469/9625 1825/2470/9626 1834/2471/9627
f 1829/2472/9628 1838/2473/9629 1825/2470/9630
f 1834/2471/9631 1825/2470/9632 1838/2473/9633
f 1669/2052/9634 1668/1957/9635 1836/2474/9636
f 1836/2474/9637 1668/1957/9638 1842/2475/9639
f 1843/2476/9640 1840/2477/9641 1837/2478/9642
f 1837/2478/9643 1840/2477/9644 1833/2479/9645
f 1663/2048/9646 1828/2480/9647 1664/1963/9648
f 1664/1963/9649 1828/2480/9650 1839/2481/9651
f 1841/2482/9652 1831/2483/9653 1840/2484/9654
f 1831/2483/9655 1838/2485/9656 1840/2484/9657
f 1838/2485/9658 1833/2486/9659 1840/2484/9660
f 1843/2487/9661 1837/2488/9662 1842/2489/9663
f 1842/2489/9664 1837/2488/9665 1836/2490/9666
f 1841/2491/9667 1727/2492/9668 1839/2493/9669
f 1843/2494/9670 1728/2495/9671 1840/2496/9672
f 1794/2497/9673 1697/2057/9674 1736/2498/9675
f 1736/2498/9676 1697/2057/9677 1698/2056/9678
f 1699/2058/9679 1786/2499/9680 1698/2056/9681
f 1698/2056/9682 1786/2499/9683 1736/2500/9684
f 1786/2501/9685 1699/2058/9686 1788/2502/9687
f 1788/2502/9688 1699/2058/9689 1700/2059/9690
f 1788/2503/9691 1700/2059/9692 1775/2504/9693
f 1775/2504/9694 1700/2059/9695 1701/2060/9696
f 1705/2061/9697 1813/2505/9698 1704/2062/9699
f 1704/2062/9700 1813/2505/9701 1822/2506/9702
f 1813/2507/9703 1705/2061/9704 1804/2508/9705
f 1804/2508/9706 1705/2061/9707 1706/2063/9708
f 1804/2509/9709 1706/2063/9710 1800/2510/9711
f 1800/2510/9712 1706/2063/9713 1707/2064/9714
f 1690/1912/9715 1709/1951/9716 1730/2511/9717
f 1730/2511/9718 1709/1951/9719 1731/2512/9720
f 1648/1876/9721 1710/2065/9722 1715/2513/9723
f 1715/2513/9724 1710/2065/9725 1716/2514/9726
f 1658/1871/9727 1714/2515/9728 1710/2065/9729
f 1710/2065/9730 1714/2515/9731 1716/2516/9732
g default
v 0.000001 56.223221 -4.000004
v 0.000001 71.277710 -0.000005
v 70.710701 0.567014 0.000000
v 55.656200 0.567014 -4.000000
v -0.000001 -70.143593 0.000005
v 0.000002 -55.089081 -3.999996
v -70.710701 0.567014 0.000000
v -55.656101 0.567014 -4.000000
v 0.000001 56.223221 3.999996
v 55.656200 0.567014 4.000000
v 0.000002 -55.089081 4.000004
v -55.656101 0.567014 4.000000
v 46.938129 31.726429 11.572841
v 42.712208 28.861223 11.572841
v 43.286339 37.206894 11.799710
v 39.060410 34.341694 11.799710
v 45.133427 34.439968 11.454310
v 40.921555 31.554232 11.454310
v 46.938129 31.726429 12.898368
v 42.712208 28.861223 12.898368
v 43.286339 37.206894 12.671498
v 39.060410 34.341694 12.671498
v 45.133427 34.439968 13.016898
v 40.921555 31.554232 13.016898
v 45.741722 34.856743 10.085133
v 82.969009 59.983238 10.085133
v 85.008385 56.936951 10.869682
v 47.901012 31.611006 10.869682
v 43.678680 37.947704 10.869682
v 81.155922 62.740948 10.869682
v 44.455563 33.975536 10.085133
v 42.381138 37.083115 10.869682
v 46.603462 30.746424 10.869682
v 45.741722 34.856743 14.386076
v 82.969009 59.983238 14.386076
v 85.008385 56.936951 13.601526
v 47.901012 31.611006 13.601526
v 43.678680 37.947704 13.601526
v 81.155922 62.740948 13.601526
v 44.455563 33.975536 14.386076
v 42.381138 37.083115 13.601526
v 46.603462 30.746424 13.601526
v 44.253181 31.980711 12.235604
v 44.208160 32.044979 12.497952
v 43.473019 33.376335 12.235604
v 44.077515 32.231506 12.734618
v 44.705429 31.113697 14.327178
v 43.617584 32.888084 13.043025
v 43.333344 33.293873 13.084577
v 43.049099 33.699665 13.043025
v 42.792679 34.065735 12.922437
v 42.589180 34.356247 12.734617
v 42.458527 34.542770 12.497952
v 42.413502 34.607037 12.235604
v 43.403198 33.168198 13.552979
v 43.137276 33.547844 13.373141
v 43.564594 32.974754 13.411732
v 43.303650 33.347282 13.612525
v 43.891663 32.510307 13.311570
v 43.628448 32.886066 13.249703
v 44.248833 31.968885 13.079527
v 44.851383 30.887308 14.440205
v 44.354183 31.836523 12.766699
v 44.176727 32.089851 12.877186
v 44.359058 31.840839 12.598872
v 44.266087 31.973572 12.819603
v 42.895332 33.931385 13.608653
v 42.702827 34.206211 13.289732
v 41.716026 35.810677 15.757246
v 41.827328 35.651779 15.405892
v 42.495644 34.489784 12.848389
v 42.310234 34.754463 12.789768
v 42.283981 34.839333 12.442793
v 42.232143 34.913334 12.290763
v 44.208160 32.044979 11.973257
v 44.077515 32.231506 11.736590
v 43.874008 32.522015 11.548772
v 43.617584 32.888084 11.428184
v 43.333344 33.293873 11.386632
v 43.049099 33.699665 11.428184
v 42.792679 34.065735 11.548772
v 42.589180 34.356247 11.736591
v 42.458527 34.542770 11.973257
v 43.137276 33.547844 11.098067
v 43.403198 33.168198 10.918229
v 43.303650 33.347282 10.858684
v 43.564594 32.974754 11.059477
v 44.297226 31.753246 9.490320
v 44.560436 31.377491 9.428453
v 44.019958 32.295628 11.435745
v 44.248833 31.968885 11.391682
v 44.176727 32.089851 11.594023
v 44.354183 31.836523 11.704510
v 44.266087 31.973572 11.651606
v 44.359058 31.840839 11.872336
v 42.441696 34.643410 8.919714
v 42.672676 34.313663 9.148215
v 42.437065 34.595688 11.466855
v 42.500690 34.504837 11.081131
v 42.310234 34.754463 11.681440
v 42.495644 34.489784 11.622820
v 42.232143 34.913334 12.180446
v 42.283981 34.839333 12.028416
v 44.450710 32.109409 12.235604
v 44.410107 32.176556 12.497952
v 43.489223 33.386890 12.235604
v 44.292259 32.371426 12.734618
v 45.061123 31.345448 14.327178
v 43.877449 33.057396 13.043025
v 43.621082 33.481350 13.084577
v 43.364708 33.905300 13.043025
v 43.133430 34.287750 12.922437
v 42.949890 34.591267 12.734617
v 42.832054 34.786140 12.497952
v 42.791451 34.853287 12.235604
v 43.707825 33.366676 13.552979
v 43.467972 33.763306 13.373141
v 43.819576 33.140888 13.411732
v 43.584221 33.530090 13.612525
v 44.112305 32.654068 13.311570
v 43.874908 33.046646 13.249703
v 44.463284 32.108608 13.079527
v 45.209251 31.120478 14.440205
v 44.541809 31.958771 12.766699
v 44.381760 32.223434 12.877186
v 44.535889 31.956055 12.598872
v 44.452030 32.094719 12.819603
v 43.214859 34.139568 13.608653
v 43.041229 34.426693 13.289732
v 41.972176 35.977570 15.757246
v 42.072563 35.811562 15.405892
v 42.865524 34.730774 12.848389
v 42.698303 35.007309 12.789768
v 42.631279 35.065613 12.442793
v 42.584526 35.142929 12.290763
v 44.410107 32.176556 11.973257
v 44.292259 32.371426 11.736590
v 44.108727 32.674946 11.548772
v 43.877449 33.057396 11.428184
v 43.621082 33.481350 11.386632
v 43.364708 33.905300 11.428184
v 43.133430 34.287750 11.548772
v 42.949890 34.591267 11.736591
v 42.832054 34.786140 11.973257
v 43.467972 33.763306 11.098067
v 43.707825 33.366676 10.918229
v 43.584221 33.530090 10.858684
v 43.819576 33.140888 11.059477
v 44.640999 31.977230 9.490320
v 44.878387 31.584654 9.428453
v 44.256855 32.449974 11.435745
v 44.463284 32.108608 11.391682
v 44.381760 32.223434 11.594023
v 44.541809 31.958771 11.704510
v 44.452030 32.094719 11.651606
v 44.535889 31.956055 11.872336
v 42.746788 34.842194 8.919714
v 42.955116 34.497684 9.148215
v 42.792313 34.827152 11.466855
v 42.849716 34.732246 11.081131
v 42.698303 35.007309 11.681440
v 42.865524 34.730774 11.622820
v 42.584526 35.142929 12.180446
v 42.631279 35.065613 12.028416
v -79.739868 -49.361370 11.786929
v 40.785713 32.950676 11.786929
v -78.125427 -51.725216 11.786929
v -70.441040 -46.553844 11.786929
v -59.533295 -39.086742 11.786929
v -50.252617 -32.721546 11.786929
v -41.023804 -26.400974 11.786929
v -33.418282 -21.123238 11.786929
v -22.498299 -13.735081 11.786929
v -13.227058 -7.403355 11.786929
v -3.955872 -1.071663 11.786929
v 5.315262 5.259991 11.786929
v 14.586452 11.591686 11.786929
v 23.857700 17.923420 11.786929
v 34.787025 25.310900 11.786929
v 42.400055 30.586788 11.786929
v 38.249260 26.311708 11.786929
v 45.862289 31.587597 11.786929
v -80.776199 -47.843838 12.087868
v 39.749329 34.468197 12.087868
v -77.772308 -52.236782 12.087868
v -71.256409 -47.711689 11.786929
v -69.205475 -46.202976 11.786928
v -59.653702 -40.725727 11.786928
v -58.906151 -39.991131 11.786929
v -49.920723 -33.215557 11.786929
v -49.605385 -32.661442 11.786929
v -39.980904 -28.132290 11.786929
v -33.638512 -23.478962 11.786932
v -22.347481 -15.163383 11.786932
v -21.614273 -13.992954 11.786929
v -11.805580 -8.530632 11.786929
v -12.758240 -7.775177 11.786929
v -3.597198 -2.507992 11.786929
v -1.586426 -2.683567 11.786929
v 5.748253 4.633221 11.786929
v 6.138073 4.068878 11.786929
v 14.254417 9.026073 11.786929
v 14.493233 10.871387 11.786929
v 25.300968 17.035542 11.786929
v 26.349930 16.390228 11.786929
v 32.994034 22.126535 11.786929
v -39.238678 -26.851208 11.786930
v -33.540894 -22.435059 11.786931
v 8.447445 6.027168 11.786929
v -82.180115 -51.056652 12.087868
v -81.999359 -54.306362 12.087868
v -82.295761 -48.976704 12.087868
v -79.739868 -49.361370 12.388806
v 40.785713 32.950676 12.388806
v -78.125427 -51.725216 12.388806
v -70.441040 -46.553844 12.388806
v -59.533295 -39.086742 12.388806
v -50.252617 -32.721546 12.388806
v -41.023804 -26.400974 12.388806
v -33.418282 -21.123238 12.388806
v -22.498299 -13.735081 12.388806
v -13.227058 -7.403355 12.388806
v -3.955872 -1.071663 12.388806
v 5.315262 5.259991 12.388806
v 14.586452 11.591686 12.388806
v 23.857700 17.923420 12.388806
v 34.787025 25.310900 12.388806
v 42.400055 30.586788 12.388806
v 38.249260 26.311708 12.388806
v 45.862289 31.587597 12.388806
v -71.256409 -47.711689 12.388806
v -69.205475 -46.202976 12.388807
v -59.653702 -40.725727 12.388807
v -58.906151 -39.991131 12.388806
v -49.920723 -33.215557 12.388806
v -49.605385 -32.661442 12.388806
v -39.980904 -28.132290 12.388806
v -33.638512 -23.478962 12.388803
v -22.347481 -15.163383 12.388803
v -21.614273 -13.992954 12.388806
v -11.805580 -8.530632 12.388806
v -12.758240 -7.775177 12.388806
v -3.597198 -2.507992 12.388806
v -1.586426 -2.683567 12.388806
v 5.748253 4.633221 12.388806
v 6.138073 4.068878 12.388806
v 14.254417 9.026073 12.388806
v 14.493233 10.871387 12.388806
v 25.300968 17.035542 12.388806
v 26.349930 16.390228 12.388806
v 32.994034 22.126535 12.388806
v -39.238678 -26.851208 12.388805
v -33.540894 -22.435059 12.388804
v 8.447445 6.027168 12.388806
v 47.762154 27.225994 12.235604
v 47.554283 27.531059 13.471663
v 43.882565 33.674625 12.235604
v 46.951019 28.416441 14.586727
v 46.011421 29.795441 15.471648
v 44.827461 31.533085 16.039803
v 43.515034 33.459267 16.235575
v 42.202599 35.385456 16.039801
v 41.018639 37.123104 15.471648
v 40.079037 38.502098 14.586727
v 39.475777 39.387474 13.471663
v 39.267914 39.692551 12.235604
v 43.863110 32.878922 18.442476
v 42.635254 34.680992 17.595158
v 44.571930 31.937601 17.776981
v 43.367073 33.705902 18.723022
v 46.079636 29.731440 17.305065
v 44.864338 31.515070 17.013578
v 47.759819 27.181122 16.211784
v 46.703056 28.732086 16.004175
v 48.228489 26.541565 14.737878
v 47.409164 27.744057 15.258443
v 48.239906 26.555016 13.947157
v 47.810627 27.185047 14.987139
v 41.480621 36.477753 18.704779
v 40.591766 37.782288 17.202173
v 39.648563 39.193531 17.674953
v 39.354752 39.624748 15.857596
v 39.647156 39.135948 15.122761
v 38.791084 40.392353 14.846571
v 38.623222 40.765602 13.211781
v 38.383884 41.116871 12.495486
v 47.554283 27.531059 10.999546
v 46.951019 28.416441 9.884481
v 46.011421 29.795441 8.999560
v 44.827461 31.533085 8.431407
v 43.515034 33.459267 8.235634
v 42.202599 35.385456 8.431407
v 41.018639 37.123104 8.999560
v 40.079037 38.502098 9.884481
v 39.475777 39.387474 10.999546
v 42.635254 34.680992 6.876050
v 43.863110 32.878922 6.028732
v 43.367073 33.705902 5.748186
v 44.571930 31.937601 6.694228
v 44.864338 31.515070 7.457630
v 46.079636 29.731440 7.166142
v 46.703056 28.732086 8.467033
v 47.759819 27.181122 8.259424
v 47.409164 27.744057 9.212766
v 48.228489 26.541565 9.733331
v 47.810627 27.185047 9.484070
v 48.239906 26.555016 10.524052
v 40.591766 37.782288 7.269035
v 41.480621 36.477753 5.766430
v 39.354752 39.624748 8.613612
v 39.648563 39.193531 6.796255
v 38.791084 40.392353 9.624638
v 39.647156 39.135948 9.348448
v 38.383884 41.116871 11.975722
v 38.623222 40.765602 11.259428
v 48.649155 27.824339 12.235604
v 48.444138 28.131332 13.471663
v 44.122864 33.836731 12.235604
v 47.849136 29.022285 14.586727
v 46.922409 30.409964 15.471648
v 45.754658 32.158546 16.039803
v 44.460201 34.096851 16.235575
v 43.165741 36.035168 16.039801
v 41.997990 37.783749 15.471648
v 41.071266 39.171429 14.586727
v 40.476265 40.062378 13.471663
v 40.271244 40.369370 12.235604
v 44.867947 33.556755 18.442476
v 43.656895 35.370167 17.595158
v 45.475285 32.546982 17.776981
v 44.286934 34.326412 18.723022
v 46.956200 30.322748 17.305065
v 45.757549 32.117607 17.013578
v 48.691631 27.809696 16.211784
v 47.649334 29.370422 16.004175
v 49.109112 27.135609 14.737878
v 48.300999 28.345665 15.258443
v 49.092361 27.130058 13.947157
v 48.668964 27.764057 14.987139
v 42.423347 37.113693 18.704779
v 41.546658 38.426430 17.202173
v 40.591377 39.829529 17.674953
v 40.301586 40.263458 15.857596
v 40.645298 39.809265 15.122761
v 39.800953 41.073586 14.846571
v 39.517742 41.369022 13.211781
v 39.281677 41.722496 12.495486
v 48.444138 28.131332 10.999546
v 47.849136 29.022285 9.884481
v 46.922409 30.409964 8.999560
v 45.754658 32.158546 8.431407
v 44.460201 34.096851 8.235634
v 43.165741 36.035168 8.431407
v 41.997990 37.783749 8.999560
v 41.071266 39.171429 9.884481
v 40.476265 40.062378 10.999546
v 43.656895 35.370167 6.876050
v 44.867947 33.556755 6.028732
v 44.286934 34.326412 5.748186
v 45.475285 32.546982 6.694228
v 45.757549 32.117607 7.457630
v 46.956200 30.322748 7.166142
v 47.649334 29.370422 8.467033
v 48.691631 27.809696 8.259424
v 48.300999 28.345665 9.212766
v 49.109112 27.135609 9.733331
v 48.668964 27.764057 9.484070
v 49.092361 27.130058 10.524052
v 41.546658 38.426430 7.269035
v 42.423347 37.113693 5.766430
v 40.301586 40.263458 8.613612
v 40.591377 39.829529 6.796255
v 39.800953 41.073586 9.624638
v 40.645298 39.809265 9.348448
v 39.281677 41.722496 11.975722
v 39.517742 41.369022 11.259428
vt 0.454770 0.757457
vt 0.483792 0.753306
vt 0.371132 0.902715
vt 0.366981 0.873692
vt 0.221723 0.790054
vt 0.250745 0.785904
vt 0.334383 0.640646
vt 0.338534 0.669669
vt 0.454770 0.757457
vt 0.366981 0.873692
vt 0.454770 0.757457
vt 0.366981 0.873692
vt 0.250745 0.785904
vt 0.366981 0.873692
vt 0.250745 0.785904
vt 0.338534 0.669669
vt 0.250745 0.785904
vt 0.338534 0.669669
vt 0.454770 0.757457
vt 0.338534 0.669669
vt 0.366981 0.873692
vt 0.338534 0.669669
vt 0.250745 0.785904
vt 0.454770 0.757457
vt 0.338534 0.669669
vt 0.366981 0.873692
vt 0.316634 0.360509
vt 0.287315 0.361940
vt 0.316634 0.360509
vt 0.287315 0.361940
vt 0.291710 0.403193
vt 0.291710 0.403193
vt 0.322146 0.398013
vt 0.322146 0.398013
vt 0.288594 0.382700
vt 0.319608 0.378524
vt 0.319608 0.378524
vt 0.288594 0.382700
vt 0.140626 0.379148
vt 0.138613 0.181605
vt 0.154766 0.181504
vt 0.158074 0.379279
vt 0.123950 0.379373
vt 0.124012 0.181861
vt 0.140827 0.385711
vt 0.124566 0.385298
vt 0.157368 0.385309
vt 0.124012 0.181861
vt 0.123950 0.379373
vt 0.124566 0.385298
vt 0.140827 0.385711
vt 0.157368 0.385309
vt 0.158074 0.379279
vt 0.154766 0.181504
vt 0.138613 0.181605
vt 0.140626 0.379148
vt 0.335488 0.246693
vt 0.336708 0.247881
vt 0.330089 0.255464
vt 0.337134 0.250112
vt 0.349919 0.248520
vt 0.336162 0.255569
vt 0.334725 0.258525
vt 0.332509 0.261105
vt 0.330288 0.263346
vt 0.327951 0.264263
vt 0.325843 0.264632
vt 0.324159 0.264161
vt 0.334447 0.261221
vt 0.336654 0.260738
vt 0.337767 0.257307
vt 0.337369 0.259864
vt 0.339312 0.254232
vt 0.337379 0.255948
vt 0.340020 0.249537
vt 0.351297 0.247475
vt 0.338125 0.249555
vt 0.338846 0.248302
vt 0.337873 0.246573
vt 0.338569 0.247786
vt 0.331930 0.264838
vt 0.334317 0.264428
vt 0.333002 0.282496
vt 0.333700 0.284867
vt 0.327707 0.265409
vt 0.326548 0.266434
vt 0.324482 0.266191
vt 0.323711 0.266164
vt 0.333910 0.246079
vt 0.331757 0.246661
vt 0.329438 0.247937
vt 0.327373 0.249983
vt 0.325441 0.252513
vt 0.323752 0.255394
vt 0.322816 0.258152
vt 0.322632 0.260743
vt 0.323088 0.262792
vt 0.323134 0.253638
vt 0.322798 0.251388
vt 0.322983 0.250888
vt 0.325108 0.249453
vt 0.320515 0.237181
vt 0.321520 0.234610
vt 0.329884 0.246731
vt 0.329970 0.244805
vt 0.331727 0.245515
vt 0.332567 0.244374
vt 0.333189 0.244350
vt 0.334575 0.244464
vt 0.306917 0.252682
vt 0.309327 0.251360
vt 0.320466 0.261422
vt 0.319121 0.259998
vt 0.321033 0.262860
vt 0.321579 0.261393
vt 0.322448 0.265320
vt 0.322138 0.264603
vt 0.322798 0.251388
vt 0.323134 0.253638
vt 0.323752 0.255394
vt 0.309327 0.251360
vt 0.306917 0.252682
vt 0.322816 0.258152
vt 0.319121 0.259998
vt 0.320466 0.261422
vt 0.322632 0.260743
vt 0.321579 0.261393
vt 0.321033 0.262860
vt 0.323088 0.262792
vt 0.322138 0.264603
vt 0.322448 0.265320
vt 0.324159 0.264161
vt 0.323711 0.266164
vt 0.324482 0.266191
vt 0.325843 0.264632
vt 0.326548 0.266434
vt 0.327707 0.265409
vt 0.327951 0.264263
vt 0.333002 0.282496
vt 0.333700 0.284867
vt 0.330288 0.263346
vt 0.331930 0.264838
vt 0.334317 0.264428
vt 0.332509 0.261105
vt 0.334447 0.261221
vt 0.336654 0.260738
vt 0.334725 0.258525
vt 0.337369 0.259864
vt 0.337767 0.257307
vt 0.336162 0.255569
vt 0.337379 0.255948
vt 0.339312 0.254232
vt 0.349919 0.248520
vt 0.351297 0.247475
vt 0.340020 0.249537
vt 0.337134 0.250112
vt 0.338125 0.249555
vt 0.338846 0.248302
vt 0.336708 0.247881
vt 0.338569 0.247786
vt 0.337873 0.246573
vt 0.335488 0.246693
vt 0.334575 0.244464
vt 0.333189 0.244350
vt 0.333910 0.246079
vt 0.332567 0.244374
vt 0.331727 0.245515
vt 0.331757 0.246661
vt 0.329970 0.244805
vt 0.329884 0.246731
vt 0.329438 0.247937
vt 0.321520 0.234610
vt 0.320515 0.237181
vt 0.327373 0.249983
vt 0.325108 0.249453
vt 0.322983 0.250888
vt 0.325441 0.252513
vt 0.330089 0.255464
vt 0.234524 0.057708
vt 0.245524 0.695758
vt 0.222030 0.058025
vt 0.222450 0.098493
vt 0.223509 0.156248
vt 0.224454 0.205418
vt 0.225360 0.254292
vt 0.226358 0.294743
vt 0.227100 0.352352
vt 0.227945 0.401415
vt 0.228791 0.450485
vt 0.229636 0.499554
vt 0.230480 0.548622
vt 0.231328 0.597717
vt 0.232067 0.655477
vt 0.232947 0.695979
vt 0.227531 0.670722
vt 0.227774 0.709923
vt 0.227531 0.670722
vt 0.227774 0.709923
vt 0.232947 0.695979
vt 0.245524 0.695758
vt 0.242654 0.057513
vt 0.253659 0.695592
vt 0.219011 0.058203
vt 0.220211 0.092731
vt 0.220211 0.092731
vt 0.220779 0.103860
vt 0.217912 0.151709
vt 0.220779 0.103860
vt 0.217912 0.151709
vt 0.218777 0.156732
vt 0.221897 0.205288
vt 0.218777 0.156732
vt 0.221897 0.205288
vt 0.223145 0.207960
vt 0.216669 0.253391
vt 0.223145 0.207960
vt 0.216669 0.253391
vt 0.218257 0.288689
vt 0.221619 0.349287
vt 0.218257 0.288689
vt 0.221619 0.349287
vt 0.224108 0.355089
vt 0.220448 0.403444
vt 0.224108 0.355089
vt 0.220448 0.403444
vt 0.225455 0.402251
vt 0.222691 0.448355
vt 0.225455 0.402251
vt 0.222691 0.448355
vt 0.217338 0.455390
vt 0.226303 0.499629
vt 0.217338 0.455390
vt 0.226303 0.499629
vt 0.223372 0.500122
vt 0.222027 0.541001
vt 0.223372 0.500122
vt 0.222027 0.541001
vt 0.228068 0.546554
vt 0.224613 0.600878
vt 0.228068 0.546554
vt 0.224613 0.600878
vt 0.219857 0.603430
vt 0.224814 0.641216
vt 0.219857 0.603430
vt 0.224814 0.641216
vt 0.222450 0.098493
vt 0.223509 0.156248
vt 0.224454 0.205418
vt 0.225360 0.254292
vt 0.219605 0.259937
vt 0.221851 0.291185
vt 0.219605 0.259937
vt 0.221851 0.291185
vt 0.227100 0.352352
vt 0.224965 0.512936
vt 0.232067 0.655477
vt 0.233291 0.044468
vt 0.220289 0.038309
vt 0.241572 0.048803
vt 0.253659 0.695592
vt 0.234524 0.057708
vt 0.222030 0.058025
vt 0.226358 0.294743
vt 0.227945 0.401415
vt 0.228791 0.450485
vt 0.229636 0.499554
vt 0.230480 0.548622
vt 0.231328 0.597717
vt 0.242654 0.057513
vt 0.219011 0.058203
vt 0.224965 0.512936
vt 0.233291 0.044468
vt 0.220289 0.038309
vt 0.241572 0.048803
vt 0.355547 0.509664
vt 0.361599 0.515155
vt 0.330193 0.552244
vt 0.363762 0.525569
vt 0.362484 0.538261
vt 0.358823 0.552109
vt 0.352649 0.566057
vt 0.342800 0.578075
vt 0.332714 0.588224
vt 0.322253 0.594702
vt 0.312486 0.596803
vt 0.304419 0.594962
vt 0.351882 0.578988
vt 0.362900 0.575964
vt 0.366862 0.560121
vt 0.365436 0.572879
vt 0.371818 0.544809
vt 0.364149 0.553553
vt 0.368384 0.534042
vt 0.376532 0.529313
vt 0.368777 0.523527
vt 0.372241 0.517098
vt 0.366919 0.508722
vt 0.370436 0.514826
vt 0.339999 0.596851
vt 0.351798 0.594343
vt 0.325146 0.605663
vt 0.335324 0.608612
vt 0.321755 0.600666
vt 0.316036 0.606178
vt 0.306665 0.604743
vt 0.302688 0.604654
vt 0.347746 0.507104
vt 0.337599 0.510167
vt 0.327062 0.517249
vt 0.316602 0.526886
vt 0.307364 0.538922
vt 0.301524 0.553245
vt 0.297165 0.566852
vt 0.296289 0.579135
vt 0.299003 0.588728
vt 0.296459 0.545844
vt 0.293778 0.534847
vt 0.295069 0.531133
vt 0.305622 0.523786
vt 0.312770 0.522847
vt 0.316998 0.512021
vt 0.328014 0.510157
vt 0.328328 0.500828
vt 0.336959 0.504850
vt 0.340951 0.498799
vt 0.343174 0.499240
vt 0.350226 0.499274
vt 0.286060 0.564375
vt 0.283112 0.552694
vt 0.285236 0.581715
vt 0.278077 0.573968
vt 0.288986 0.590092
vt 0.291265 0.582447
vt 0.296766 0.601414
vt 0.294889 0.597789
vt 0.316998 0.512021
vt 0.312770 0.522847
vt 0.316602 0.526886
vt 0.305622 0.523786
vt 0.295069 0.531133
vt 0.307364 0.538922
vt 0.293778 0.534847
vt 0.296459 0.545844
vt 0.301524 0.553245
vt 0.283112 0.552694
vt 0.286060 0.564375
vt 0.297165 0.566852
vt 0.278077 0.573968
vt 0.285236 0.581715
vt 0.296289 0.579135
vt 0.291265 0.582447
vt 0.288986 0.590092
vt 0.299003 0.588728
vt 0.294889 0.597789
vt 0.296766 0.601414
vt 0.304419 0.594962
vt 0.302688 0.604654
vt 0.306665 0.604743
vt 0.312486 0.596803
vt 0.316036 0.606178
vt 0.321755 0.600666
vt 0.322253 0.594702
vt 0.325146 0.605663
vt 0.335324 0.608612
vt 0.332714 0.588224
vt 0.339999 0.596851
vt 0.351798 0.594343
vt 0.342800 0.578075
vt 0.351882 0.578988
vt 0.362900 0.575964
vt 0.352649 0.566057
vt 0.365436 0.572879
vt 0.366862 0.560121
vt 0.358823 0.552109
vt 0.364149 0.553553
vt 0.371818 0.544809
vt 0.362484 0.538261
vt 0.368384 0.534042
vt 0.376532 0.529313
vt 0.363762 0.525569
vt 0.368777 0.523527
vt 0.372241 0.517098
vt 0.361599 0.515155
vt 0.370436 0.514826
vt 0.366919 0.508722
vt 0.355547 0.509664
vt 0.350226 0.499274
vt 0.343174 0.499240
vt 0.347746 0.507104
vt 0.340951 0.498799
vt 0.336959 0.504850
vt 0.337599 0.510167
vt 0.328328 0.500828
vt 0.328014 0.510157
vt 0.327062 0.517249
vt 0.330193 0.552244
vn 0.248702 0.248702 -0.936106
vn 0.248702 0.248702 -0.936106
vn 0.248702 0.248702 -0.936106
vn 0.153196 -0.051099 -0.986874
vn 0.063902 0.191906 -0.979331
vn 0.255815 0.085305 -0.962955
vn 0.153098 -0.051099 -0.986889
vn 0.255908 0.085303 -0.962930
vn 0.085303 -0.255908 -0.962930
vn -0.064002 -0.191905 -0.979324
vn 0.153098 -0.051099 -0.986889
vn 0.085305 -0.255815 -0.962955
vn -0.063902 -0.191906 -0.979331
vn 0.085303 -0.255908 -0.962930
vn -0.255908 -0.085303 -0.962930
vn -0.153196 0.051099 -0.986874
vn -0.063902 -0.191906 -0.979331
vn -0.255815 -0.085305 -0.962955
vn -0.153098 0.051099 -0.986889
vn -0.255790 -0.085297 -0.962962
vn -0.085305 0.255815 -0.962955
vn 0.064002 0.191905 -0.979324
vn -0.153098 0.051099 -0.986889
vn -0.085305 0.255815 -0.962955
vn 0.153098 -0.051099 -0.986889
vn -0.064002 -0.191905 -0.979324
vn -0.153098 0.051099 -0.986889
vn 0.064002 0.191905 -0.979324
vn 0.153098 -0.051099 -0.986889
vn -0.153098 0.051099 -0.986889
vn 0.248702 0.248702 0.936106
vn 0.248702 0.248702 0.936106
vn 0.248702 0.248702 0.936106
vn 0.153196 -0.051099 0.986874
vn 0.255815 0.085305 0.962955
vn 0.063902 0.191906 0.979331
vn 0.153098 -0.051099 0.986889
vn 0.085303 -0.255908 0.962930
vn 0.255908 0.085303 0.962930
vn -0.064002 -0.191905 0.979324
vn 0.085305 -0.255815 0.962955
vn 0.153098 -0.051099 0.986889
vn -0.063902 -0.191906 0.979331
vn -0.255908 -0.085303 0.962930
vn 0.085303 -0.255908 0.962930
vn -0.153196 0.051099 0.986874
vn -0.255815 -0.085305 0.962955
vn -0.063902 -0.191906 0.979331
vn -0.153098 0.051099 0.986889
vn -0.085305 0.255815 0.962955
vn -0.255790 -0.085297 0.962962
vn 0.064002 0.191905 0.979324
vn -0.085305 0.255815 0.962955
vn -0.153098 0.051099 0.986889
vn 0.153098 -0.051099 0.986889
vn -0.153098 0.051099 0.986889
vn -0.064002 -0.191905 0.979324
vn 0.064002 0.191905 0.979324
vn -0.153098 0.051099 0.986889
vn 0.153098 -0.051099 0.986889
vn 0.561182 -0.827693 0.000000
vn 0.561182 -0.827693 0.000000
vn 0.561182 -0.827693 0.000000
vn 0.561181 -0.827693 0.000000
vn 0.561181 -0.827693 0.000000
vn 0.561181 -0.827693 0.000000
vn -0.561180 0.827694 0.000000
vn -0.561180 0.827694 0.000000
vn -0.561180 0.827694 0.000000
vn -0.561180 0.827694 0.000000
vn -0.561180 0.827694 0.000000
vn -0.561180 0.827694 0.000000
vn -0.057952 0.085024 -0.994692
vn -0.005769 0.008319 -0.999949
vn -0.031799 0.046714 -0.998402
vn -0.057531 0.084845 -0.994732
vn -0.057952 0.085024 -0.994692
vn -0.031799 0.046714 -0.998402
vn -0.005769 0.008319 -0.999949
vn 0.020396 -0.030089 -0.999339
vn 0.020548 -0.030149 -0.999334
vn -0.031799 0.046714 -0.998402
vn -0.005769 0.008319 -0.999949
vn 0.020548 -0.030149 -0.999334
vn -0.831657 -0.555289 0.000000
vn -0.832138 -0.554563 -0.002390
vn -0.831657 -0.555289 0.000000
vn -0.831657 -0.555289 0.000000
vn -0.832138 -0.554563 -0.002390
vn -0.832138 -0.554563 0.002390
vn -0.832138 -0.554563 -0.002390
vn -0.832401 -0.554173 -0.000430
vn -0.832138 -0.554563 0.002390
vn -0.832138 -0.554563 0.002390
vn -0.832401 -0.554173 -0.000430
vn -0.832401 -0.554173 0.000430
vn -0.057952 0.085024 0.994692
vn -0.031799 0.046714 0.998402
vn -0.005769 0.008319 0.999949
vn -0.057531 0.084845 0.994732
vn -0.031799 0.046714 0.998402
vn -0.057952 0.085024 0.994692
vn -0.005769 0.008319 0.999949
vn 0.020548 -0.030149 0.999334
vn 0.020396 -0.030089 0.999339
vn -0.031799 0.046714 0.998402
vn 0.020548 -0.030149 0.999334
vn -0.005769 0.008319 0.999949
vn 0.117077 -0.173461 -0.977857
vn 0.117077 -0.173461 -0.977857
vn 0.117077 -0.173461 -0.977857
vn 0.111228 -0.162970 -0.980341
vn 0.111228 -0.162970 -0.980341
vn 0.111227 -0.162969 -0.980342
vn -0.113971 0.172277 -0.978433
vn -0.113971 0.172277 -0.978433
vn -0.113971 0.172277 -0.978433
vn -0.129393 0.191708 -0.972885
vn -0.129393 0.191708 -0.972885
vn -0.129393 0.191708 -0.972885
vn -0.116759 0.170416 -0.978430
vn -0.116759 0.170416 -0.978430
vn -0.116759 0.170416 -0.978430
vn -0.113948 0.171010 -0.978658
vn -0.113948 0.171010 -0.978658
vn -0.113948 0.171010 -0.978658
vn 0.109400 -0.164185 -0.980344
vn 0.109400 -0.164185 -0.980344
vn 0.109400 -0.164185 -0.980344
vn 0.112080 -0.163585 -0.980142
vn 0.112080 -0.163585 -0.980142
vn 0.112080 -0.163585 -0.980142
vn -0.551745 0.834013 0.000000
vn -0.551745 0.834013 0.000000
vn -0.551745 0.834013 0.000000
vn -0.551745 0.834013 0.000000
vn -0.551745 0.834013 0.000000
vn -0.551745 0.834013 0.000000
vn -0.554505 0.832181 0.000000
vn -0.554505 0.832181 0.000000
vn -0.554505 0.832181 0.000000
vn -0.554505 0.832181 0.000000
vn -0.554505 0.832181 0.000000
vn -0.554505 0.832181 0.000000
vn -0.831716 -0.555202 0.000000
vn -0.831716 -0.555202 0.000000
vn -0.831716 -0.555202 0.000000
vn -0.831716 -0.555202 0.000000
vn -0.831716 -0.555202 0.000000
vn -0.831716 -0.555202 0.000000
vn -0.832626 -0.553836 0.000000
vn -0.832626 -0.553836 0.000000
vn -0.832626 -0.553836 0.000000
vn -0.832626 -0.553836 0.000000
vn -0.832626 -0.553836 0.000000
vn -0.832626 -0.553836 0.000000
vn 0.554501 -0.832183 0.000000
vn 0.554501 -0.832183 0.000000
vn 0.554501 -0.832183 0.000000
vn 0.554501 -0.832183 0.000000
vn 0.554501 -0.832183 0.000000
vn 0.554501 -0.832183 0.000000
vn 0.563723 -0.825964 0.000000
vn 0.563723 -0.825964 0.000000
vn 0.563723 -0.825964 0.000000
vn 0.563723 -0.825964 0.000000
vn 0.563723 -0.825964 0.000000
vn 0.563723 -0.825964 0.000000
vn 0.833102 0.553080 -0.006587
vn 0.833102 0.553080 -0.006587
vn 0.833102 0.553080 0.006587
vn 0.833102 0.553080 0.006587
vn 0.833102 0.553080 -0.006587
vn 0.833102 0.553080 0.006587
vn 0.833199 0.552935 -0.006587
vn 0.833199 0.552935 -0.006587
vn 0.833199 0.552935 0.006587
vn 0.833199 0.552935 0.006587
vn 0.833199 0.552935 -0.006587
vn 0.833199 0.552935 0.006587
vn 0.117077 -0.173461 0.977857
vn 0.117077 -0.173461 0.977857
vn 0.117077 -0.173461 0.977857
vn 0.111228 -0.162970 0.980341
vn 0.111227 -0.162969 0.980342
vn 0.111228 -0.162970 0.980341
vn -0.113971 0.172277 0.978433
vn -0.113971 0.172277 0.978433
vn -0.113971 0.172277 0.978433
vn -0.129393 0.191708 0.972885
vn -0.129393 0.191708 0.972885
vn -0.129393 0.191708 0.972885
vn -0.116759 0.170416 0.978430
vn -0.116759 0.170416 0.978430
vn -0.116759 0.170416 0.978430
vn -0.113948 0.171010 0.978658
vn -0.113948 0.171010 0.978658
vn -0.113948 0.171010 0.978658
vn 0.109400 -0.164185 0.980344
vn 0.109400 -0.164185 0.980344
vn 0.109400 -0.164185 0.980344
vn 0.112080 -0.163585 0.980142
vn 0.112080 -0.163585 0.980142
vn 0.112080 -0.163585 0.980142
vn -0.872473 -0.487725 -0.030244
vn -0.872473 -0.487725 -0.030244
vn -0.872473 -0.487725 -0.030244
vn -0.849995 -0.525930 -0.030117
vn -0.881994 -0.471199 0.007659
vn -0.820702 -0.571215 -0.012686
vn -0.881994 -0.471199 0.007659
vn -0.790336 -0.599373 -0.126969
vn -0.820702 -0.571215 -0.012686
vn -0.790336 -0.599373 -0.126969
vn -0.759519 -0.613298 -0.216787
vn -0.820702 -0.571215 -0.012686
vn -0.759519 -0.613298 -0.216787
vn -0.809408 -0.571117 -0.136689
vn -0.820702 -0.571215 -0.012686
vn -0.809408 -0.571117 -0.136689
vn -0.803689 -0.586215 -0.102160
vn -0.820702 -0.571215 -0.012686
vn -0.803689 -0.586215 -0.102160
vn -0.821145 -0.569607 -0.035607
vn -0.820702 -0.571215 -0.012686
vn -0.821145 -0.569607 -0.035607
vn -0.818981 -0.573285 -0.024801
vn -0.820702 -0.571215 -0.012686
vn -0.818981 -0.573285 -0.024801
vn -0.770976 -0.635532 -0.041162
vn -0.820702 -0.571215 -0.012686
vn -0.770976 -0.635532 -0.041162
vn -0.757849 -0.652430 0.000000
vn -0.820702 -0.571215 -0.012686
vn -0.803689 -0.586215 -0.102160
vn -0.809408 -0.571117 -0.136689
vn -0.812894 -0.580965 -0.041030
vn -0.812894 -0.580965 -0.041030
vn -0.809408 -0.571117 -0.136689
vn -0.812894 -0.580965 -0.041030
vn -0.816797 -0.576736 0.014768
vn -0.816797 -0.576736 0.014768
vn -0.816797 -0.576736 0.014768
vn -0.816797 -0.576736 0.014768
vn -0.816797 -0.576736 0.014768
vn -0.816797 -0.576736 0.014768
vn -0.790336 -0.599373 -0.126969
vn -0.656782 0.058008 0.751846
vn -0.759519 -0.613298 -0.216787
vn -0.759519 -0.613298 -0.216787
vn -0.656782 0.058008 0.751846
vn -0.656782 0.058008 0.751846
vn -0.881994 -0.471199 0.007659
vn -0.749731 -0.640869 -0.164894
vn -0.790336 -0.599373 -0.126969
vn -0.790336 -0.599373 -0.126969
vn -0.749731 -0.640869 -0.164894
vn -0.749731 -0.640869 -0.164894
vn -0.881994 -0.471199 0.007659
vn -0.849995 -0.525930 -0.030117
vn -0.819050 -0.573723 -0.000001
vn -0.819050 -0.573723 -0.000001
vn -0.849995 -0.525930 -0.030117
vn -0.819050 -0.573723 -0.000001
vn -0.862638 -0.505822 0.000000
vn -0.806612 -0.590986 0.010592
vn -0.849995 -0.525930 -0.030117
vn -0.849995 -0.525930 -0.030117
vn -0.806612 -0.590986 0.010592
vn -0.806613 -0.590985 0.010592
vn -0.821145 -0.569607 -0.035607
vn -0.803689 -0.586215 -0.102160
vn -0.822789 -0.568223 0.011843
vn -0.822789 -0.568223 0.011843
vn -0.803689 -0.586215 -0.102160
vn -0.822789 -0.568223 0.011843
vn -0.818981 -0.573285 -0.024801
vn -0.821145 -0.569607 -0.035607
vn -0.844473 -0.535422 0.013696
vn -0.844473 -0.535422 0.013696
vn -0.821145 -0.569607 -0.035607
vn -0.844473 -0.535422 0.013696
vn -0.818981 -0.573285 -0.024801
vn -0.819049 -0.573724 0.000002
vn -0.770976 -0.635532 -0.041162
vn -0.770976 -0.635532 -0.041162
vn -0.819049 -0.573724 0.000002
vn -0.819049 -0.573724 0.000002
vn -0.860698 -0.508133 0.031620
vn -0.860698 -0.508133 0.031620
vn -0.860698 -0.508133 0.031620
vn -0.860698 -0.508133 0.031620
vn -0.860698 -0.508133 0.031620
vn -0.860698 -0.508133 0.031620
vn -0.862638 -0.505822 0.000000
vn -0.820702 -0.571215 -0.012686
vn -0.849995 -0.525929 0.030117
vn -0.849995 -0.525929 0.030117
vn -0.820702 -0.571215 -0.012686
vn -0.847734 -0.525330 0.073314
vn -0.847734 -0.525330 0.073314
vn -0.820702 -0.571215 -0.012686
vn -0.827316 -0.557421 0.069502
vn -0.827316 -0.557421 0.069502
vn -0.820702 -0.571215 -0.012686
vn -0.823557 -0.559945 0.090638
vn -0.823557 -0.559945 0.090638
vn -0.820702 -0.571215 -0.012686
vn -0.809407 -0.571118 0.136689
vn -0.809407 -0.571118 0.136689
vn -0.820702 -0.571215 -0.012686
vn -0.811722 -0.582772 0.038520
vn -0.811722 -0.582772 0.038520
vn -0.820702 -0.571215 -0.012686
vn -0.809564 -0.586550 0.023764
vn -0.809564 -0.586550 0.023764
vn -0.820702 -0.571215 -0.012686
vn -0.794688 -0.604963 0.049906
vn -0.794688 -0.604963 0.049906
vn -0.820702 -0.571215 -0.012686
vn -0.770976 -0.635532 0.041162
vn -0.770976 -0.635532 0.041162
vn -0.820702 -0.571215 -0.012686
vn -0.757849 -0.652430 0.000000
vn -0.811722 -0.582772 0.038520
vn -0.812892 -0.580967 0.041030
vn -0.809407 -0.571118 0.136689
vn -0.809407 -0.571118 0.136689
vn -0.812892 -0.580967 0.041030
vn -0.812892 -0.580967 0.041030
vn -0.816795 -0.576739 -0.014768
vn -0.816795 -0.576739 -0.014768
vn -0.816795 -0.576739 -0.014768
vn -0.816795 -0.576739 -0.014768
vn -0.816795 -0.576739 -0.014768
vn -0.816795 -0.576739 -0.014768
vn -0.823557 -0.559945 0.090638
vn -0.819890 -0.570782 0.044601
vn -0.827316 -0.557421 0.069502
vn -0.827316 -0.557421 0.069502
vn -0.819890 -0.570782 0.044601
vn -0.819890 -0.570782 0.044601
vn -0.827316 -0.557421 0.069502
vn -0.822466 -0.567653 0.036333
vn -0.847734 -0.525330 0.073314
vn -0.847734 -0.525330 0.073314
vn -0.822466 -0.567653 0.036333
vn -0.822466 -0.567653 0.036333
vn -0.847734 -0.525330 0.073314
vn -0.819052 -0.573720 0.000001
vn -0.849995 -0.525929 0.030117
vn -0.849995 -0.525929 0.030117
vn -0.819052 -0.573720 0.000001
vn -0.819052 -0.573720 0.000001
vn -0.806613 -0.590985 -0.010592
vn -0.806613 -0.590985 -0.010592
vn -0.849995 -0.525929 0.030117
vn -0.849995 -0.525929 0.030117
vn -0.806613 -0.590985 -0.010592
vn -0.862638 -0.505822 0.000000
vn -0.817553 -0.575554 -0.018575
vn -0.817553 -0.575554 -0.018575
vn -0.809564 -0.586550 0.023764
vn -0.809564 -0.586550 0.023764
vn -0.817553 -0.575554 -0.018575
vn -0.811722 -0.582772 0.038520
vn -0.794688 -0.604963 0.049906
vn -0.829232 -0.558711 -0.014721
vn -0.809564 -0.586550 0.023764
vn -0.809564 -0.586550 0.023764
vn -0.829232 -0.558711 -0.014721
vn -0.829232 -0.558711 -0.014721
vn -0.819049 -0.573724 -0.000002
vn -0.819049 -0.573724 -0.000002
vn -0.770976 -0.635532 0.041162
vn -0.770976 -0.635532 0.041162
vn -0.819049 -0.573724 -0.000002
vn -0.794688 -0.604963 0.049906
vn -0.860696 -0.508136 -0.031620
vn -0.860696 -0.508136 -0.031620
vn -0.860696 -0.508136 -0.031620
vn -0.860696 -0.508136 -0.031620
vn -0.860696 -0.508136 -0.031620
vn -0.860696 -0.508136 -0.031620
vn -0.207527 0.296267 -0.932287
vn -0.207527 0.296267 -0.932287
vn -0.187176 0.309526 -0.932287
vn -0.187176 0.309526 -0.932287
vn -0.207527 0.296267 -0.932287
vn -0.187176 0.309526 -0.932287
vn -0.506939 0.723709 -0.468250
vn -0.506939 0.723709 -0.468250
vn -0.457227 0.756099 -0.468250
vn -0.457227 0.756099 -0.468250
vn -0.506939 0.723709 -0.468250
vn -0.457227 0.756099 -0.468250
vn 0.547172 -0.781142 -0.300699
vn 0.547172 -0.781142 -0.300699
vn 0.493510 -0.816105 -0.300699
vn 0.493510 -0.816105 -0.300699
vn 0.547172 -0.781142 -0.300699
vn 0.493510 -0.816105 -0.300699
vn 0.283191 -0.404284 -0.869688
vn 0.283191 -0.404284 -0.869688
vn 0.255419 -0.422379 -0.869688
vn 0.255419 -0.422379 -0.869688
vn 0.283191 -0.404284 -0.869688
vn 0.255419 -0.422379 -0.869688
vn -0.555725 0.793354 0.248512
vn -0.555725 0.793354 0.248512
vn -0.501226 0.828863 0.248512
vn -0.501226 0.828863 0.248512
vn -0.555725 0.793354 0.248512
vn -0.501226 0.828863 0.248512
vn 0.380728 -0.543528 -0.748080
vn 0.380728 -0.543528 -0.748080
vn 0.343391 -0.567855 -0.748080
vn 0.343391 -0.567855 -0.748080
vn 0.380728 -0.543528 -0.748080
vn 0.343391 -0.567855 -0.748080
vn -0.551381 0.787153 -0.276351
vn -0.551381 0.787153 -0.276351
vn -0.497308 0.822384 -0.276351
vn -0.497308 0.822384 -0.276351
vn -0.551381 0.787153 -0.276351
vn -0.497308 0.822384 -0.276351
vn -0.395552 0.564693 0.724334
vn -0.395552 0.564693 0.724334
vn -0.356763 0.589966 0.724334
vn -0.356763 0.589966 0.724334
vn -0.395552 0.564693 0.724334
vn -0.356763 0.589966 0.724334
vn 0.328325 -0.468717 -0.820065
vn 0.328325 -0.468717 -0.820065
vn 0.296127 -0.489695 -0.820065
vn 0.296127 -0.489695 -0.820065
vn 0.328325 -0.468717 -0.820065
vn 0.296127 -0.489695 -0.820065
vn -0.102399 0.146184 -0.983943
vn -0.102399 0.146184 -0.983943
vn -0.092356 0.152728 -0.983943
vn -0.092356 0.152728 -0.983943
vn -0.102399 0.146184 -0.983943
vn -0.092356 0.152728 -0.983943
vn -0.429477 0.613123 0.663046
vn -0.429477 0.613123 0.663046
vn -0.387359 0.640565 0.663046
vn -0.387359 0.640565 0.663046
vn -0.429477 0.613123 0.663046
vn -0.387359 0.640565 0.663046
vn -0.091080 0.130025 -0.987319
vn -0.091080 0.130025 -0.987319
vn -0.082148 0.135845 -0.987319
vn -0.082148 0.135845 -0.987319
vn -0.091080 0.130025 -0.987319
vn -0.082148 0.135845 -0.987319
vn -0.493202 0.704096 -0.510883
vn -0.493202 0.704096 -0.510883
vn -0.444834 0.735610 -0.510883
vn -0.444834 0.735610 -0.510883
vn -0.493202 0.704096 -0.510883
vn -0.444834 0.735610 -0.510883
vn -0.088105 0.125778 0.988138
vn -0.088105 0.125778 0.988138
vn -0.079464 0.131409 0.988138
vn -0.079464 0.131409 0.988138
vn -0.088105 0.125778 0.988138
vn -0.079464 0.131409 0.988138
vn -0.088105 0.125778 -0.988138
vn -0.088105 0.125778 -0.988138
vn -0.079464 0.131409 -0.988138
vn -0.079464 0.131409 -0.988138
vn -0.088105 0.125778 -0.988138
vn -0.079464 0.131409 -0.988138
vn -0.493201 0.704095 0.510885
vn -0.493201 0.704095 0.510885
vn -0.444833 0.735609 0.510885
vn -0.444833 0.735609 0.510885
vn -0.493201 0.704095 0.510885
vn -0.444833 0.735609 0.510885
vn -0.091080 0.130025 0.987319
vn -0.091080 0.130025 0.987319
vn -0.082148 0.135845 0.987319
vn -0.082148 0.135845 0.987319
vn -0.091080 0.130025 0.987319
vn -0.082148 0.135845 0.987319
vn -0.429477 0.613123 -0.663046
vn -0.429477 0.613123 -0.663046
vn -0.387359 0.640565 -0.663046
vn -0.387359 0.640565 -0.663046
vn -0.429477 0.613123 -0.663046
vn -0.387359 0.640565 -0.663046
vn -0.102399 0.146184 0.983943
vn -0.102399 0.146184 0.983943
vn -0.092356 0.152728 0.983943
vn -0.092356 0.152728 0.983943
vn -0.102399 0.146184 0.983943
vn -0.092356 0.152728 0.983943
vn 0.328325 -0.468717 0.820065
vn 0.328325 -0.468717 0.820065
vn 0.296127 -0.489696 0.820065
vn 0.296127 -0.489696 0.820065
vn 0.328325 -0.468717 0.820065
vn 0.296127 -0.489696 0.820065
vn -0.500394 0.714365 -0.489172
vn -0.500394 0.714365 -0.489172
vn -0.451323 0.746337 -0.489172
vn -0.451323 0.746337 -0.489172
vn -0.500394 0.714365 -0.489172
vn -0.451323 0.746337 -0.489172
vn -0.502249 0.717012 -0.483364
vn -0.502249 0.717012 -0.483364
vn -0.452994 0.749103 -0.483364
vn -0.452994 0.749103 -0.483364
vn -0.502249 0.717012 -0.483364
vn -0.452994 0.749103 -0.483364
vn 0.465141 -0.664039 0.585403
vn 0.465141 -0.664039 0.585403
vn 0.419528 -0.693758 0.585403
vn 0.419528 -0.693758 0.585403
vn 0.465141 -0.664039 0.585403
vn 0.419528 -0.693758 0.585403
vn -0.522482 0.745898 -0.413096
vn -0.522482 0.745898 -0.413096
vn -0.471246 0.779281 -0.413096
vn -0.471246 0.779281 -0.413096
vn -0.522482 0.745898 -0.413096
vn -0.471246 0.779281 -0.413096
vn -0.395251 0.564261 0.724836
vn -0.395251 0.564261 0.724836
vn -0.356489 0.589515 0.724836
vn -0.356489 0.589515 0.724836
vn -0.395251 0.564261 0.724836
vn -0.356489 0.589515 0.724836
vn 0.514893 -0.735062 0.441100
vn 0.514893 -0.735062 0.441100
vn 0.464399 -0.767961 0.441100
vn 0.464399 -0.767961 0.441100
vn 0.514893 -0.735062 0.441100
vn 0.464399 -0.767961 0.441100
vn -0.506939 0.723709 0.468250
vn -0.506939 0.723709 0.468250
vn -0.457227 0.756099 0.468250
vn -0.457227 0.756099 0.468250
vn -0.506939 0.723709 0.468250
vn -0.457227 0.756099 0.468250
vn -0.207527 0.296267 0.932287
vn -0.207527 0.296266 0.932287
vn -0.187176 0.309526 0.932287
vn -0.187176 0.309526 0.932287
vn -0.207527 0.296266 0.932287
vn -0.187176 0.309526 0.932287
vn 0.548720 -0.783350 -0.292008
vn 0.548720 -0.783350 -0.292008
vn 0.494905 -0.818414 -0.292008
vn 0.494905 -0.818414 -0.292008
vn 0.548720 -0.783350 -0.292008
vn 0.494905 -0.818414 -0.292008
vn -0.569963 0.813672 -0.114374
vn -0.569963 0.813672 -0.114374
vn -0.514060 0.850095 -0.114374
vn -0.514060 0.850095 -0.114374
vn -0.569963 0.813672 -0.114374
vn -0.514060 0.850095 -0.114374
vn 0.231710 -0.330784 0.914818
vn 0.231710 -0.330784 0.914818
vn 0.208982 -0.345593 0.914818
vn 0.208982 -0.345593 0.914818
vn 0.231710 -0.330784 0.914818
vn 0.208982 -0.345593 0.914818
vn 0.553187 -0.789733 0.265153
vn 0.553187 -0.789733 0.265153
vn 0.498939 -0.825078 0.265153
vn 0.498939 -0.825078 0.265153
vn 0.553187 -0.789733 0.265153
vn 0.498939 -0.825078 0.265153
vn -0.573304 0.818455 0.038124
vn -0.573304 0.818455 0.038124
vn -0.517086 0.855084 0.038124
vn -0.517086 0.855084 0.038124
vn -0.573304 0.818455 0.038124
vn -0.517086 0.855084 0.038124
vn -0.076674 0.109460 0.991030
vn -0.076674 0.109460 0.991030
vn -0.069154 0.114359 0.991030
vn -0.069154 0.114359 0.991030
vn -0.076674 0.109460 0.991030
vn -0.069154 0.114359 0.991030
vn -0.305994 0.436833 0.845898
vn -0.305993 0.436834 0.845899
vn -0.275982 0.456388 0.845898
vn -0.275982 0.456388 0.845898
vn -0.305993 0.436834 0.845899
vn -0.275982 0.456387 0.845899
vn -0.222132 0.317113 0.922007
vn -0.222132 0.317113 0.922007
vn -0.200346 0.331308 0.922007
vn -0.200346 0.331308 0.922007
vn -0.222132 0.317113 0.922007
vn -0.200346 0.331308 0.922007
vn 0.425365 -0.607247 -0.671056
vn 0.425365 -0.607247 -0.671056
vn 0.383646 -0.634429 -0.671056
vn 0.383646 -0.634429 -0.671056
vn 0.425365 -0.607247 -0.671056
vn 0.383646 -0.634429 -0.671056
vn 0.424621 -0.606195 -0.672477
vn 0.424621 -0.606195 -0.672477
vn 0.382984 -0.633323 -0.672477
vn 0.382984 -0.633323 -0.672477
vn 0.424621 -0.606195 -0.672477
vn 0.382984 -0.633323 -0.672477
vn -0.364936 0.520985 0.771619
vn -0.364936 0.520985 0.771619
vn -0.329149 0.544302 0.771619
vn -0.329149 0.544302 0.771619
vn -0.364936 0.520985 0.771619
vn -0.329149 0.544302 0.771619
vn 0.193002 -0.275529 0.941719
vn 0.193002 -0.275529 0.941719
vn 0.174074 -0.287861 0.941719
vn 0.174074 -0.287861 0.941719
vn 0.193002 -0.275529 0.941719
vn 0.174074 -0.287861 0.941719
vn 0.416568 -0.594690 -0.687615
vn 0.416568 -0.594690 -0.687615
vn 0.375713 -0.621310 -0.687615
vn 0.375713 -0.621310 -0.687615
vn 0.416568 -0.594690 -0.687615
vn 0.375713 -0.621310 -0.687615
vn -0.551737 0.787647 0.274222
vn -0.551737 0.787647 0.274222
vn -0.497617 0.822909 0.274222
vn -0.497617 0.822909 0.274222
vn -0.551737 0.787647 0.274222
vn -0.497617 0.822909 0.274222
vn 0.462473 -0.660221 0.591800
vn 0.462473 -0.660221 0.591800
vn 0.417113 -0.689775 0.591800
vn 0.417113 -0.689775 0.591800
vn 0.462473 -0.660221 0.591800
vn 0.417113 -0.689775 0.591800
vn 0.516705 -0.737647 -0.434619
vn 0.516705 -0.737647 -0.434619
vn 0.466031 -0.770663 -0.434619
vn 0.466031 -0.770663 -0.434619
vn 0.516705 -0.737647 -0.434619
vn 0.466031 -0.770663 -0.434619
vn 0.516705 -0.737647 0.434619
vn 0.516705 -0.737647 0.434619
vn 0.466031 -0.770663 0.434619
vn 0.466031 -0.770663 0.434619
vn 0.516705 -0.737647 0.434619
vn 0.466031 -0.770663 0.434619
vn 0.462473 -0.660221 -0.591800
vn 0.462473 -0.660221 -0.591800
vn 0.417113 -0.689775 -0.591800
vn 0.417113 -0.689775 -0.591800
vn 0.462473 -0.660221 -0.591800
vn 0.417113 -0.689775 -0.591800
vn -0.551737 0.787648 -0.274221
vn -0.551737 0.787648 -0.274221
vn -0.497618 0.822909 -0.274221
vn -0.497618 0.822909 -0.274221
vn -0.551737 0.787648 -0.274221
vn -0.497618 0.822909 -0.274221
vn 0.416567 -0.594691 0.687615
vn 0.416567 -0.594691 0.687615
vn 0.375714 -0.621309 0.687615
vn 0.375714 -0.621309 0.687615
vn 0.416567 -0.594691 0.687615
vn 0.375714 -0.621309 0.687615
vn 0.193002 -0.275530 -0.941718
vn 0.193002 -0.275530 -0.941718
vn 0.174075 -0.287863 -0.941718
vn 0.174075 -0.287863 -0.941718
vn 0.193002 -0.275530 -0.941718
vn 0.174075 -0.287863 -0.941718
vn -0.364936 0.520985 -0.771619
vn -0.364936 0.520985 -0.771619
vn -0.329149 0.544303 -0.771619
vn -0.329149 0.544303 -0.771619
vn -0.364936 0.520985 -0.771619
vn -0.329149 0.544303 -0.771619
vn 0.424621 -0.606195 0.672477
vn 0.424621 -0.606195 0.672477
vn 0.382984 -0.633323 0.672477
vn 0.382984 -0.633323 0.672477
vn 0.424621 -0.606195 0.672477
vn 0.382984 -0.633323 0.672477
vn -0.062989 0.089921 -0.993955
vn -0.062989 0.089921 -0.993955
vn -0.056809 0.093947 -0.993955
vn -0.056809 0.093947 -0.993955
vn -0.062989 0.089921 -0.993955
vn -0.056809 0.093947 -0.993955
vn -0.222133 0.317113 -0.922007
vn -0.222133 0.317113 -0.922007
vn -0.200345 0.331308 -0.922007
vn -0.200345 0.331308 -0.922007
vn -0.222133 0.317113 -0.922007
vn -0.200345 0.331308 -0.922007
vn 0.485895 -0.693660 0.531734
vn 0.485895 -0.693660 0.531734
vn 0.438240 -0.724710 0.531734
vn 0.438240 -0.724710 0.531734
vn 0.485895 -0.693660 0.531734
vn 0.438240 -0.724710 0.531734
vn -0.076674 0.109459 -0.991030
vn -0.076674 0.109459 -0.991030
vn -0.069154 0.114358 -0.991030
vn -0.069154 0.114358 -0.991030
vn -0.076674 0.109459 -0.991030
vn -0.069154 0.114358 -0.991030
vn -0.474236 0.677024 -0.562795
vn -0.474236 0.677024 -0.562795
vn -0.427733 0.707323 -0.562795
vn -0.427733 0.707323 -0.562795
vn -0.474236 0.677024 -0.562795
vn -0.427733 0.707323 -0.562795
vn 0.553187 -0.789733 -0.265153
vn 0.553187 -0.789733 -0.265153
vn 0.498939 -0.825078 -0.265153
vn 0.498939 -0.825078 -0.265153
vn 0.553187 -0.789733 -0.265153
vn 0.498939 -0.825078 -0.265153
vn 0.231711 -0.330785 -0.914818
vn 0.231711 -0.330785 -0.914818
vn 0.208983 -0.345593 -0.914818
vn 0.208983 -0.345593 -0.914818
vn 0.231711 -0.330785 -0.914818
vn 0.208983 -0.345593 -0.914818
vn -0.569963 0.813672 0.114374
vn -0.569963 0.813672 0.114374
vn -0.514060 0.850095 0.114374
vn -0.514060 0.850095 0.114374
vn -0.569963 0.813672 0.114374
vn -0.514060 0.850095 0.114374
vn 0.548720 -0.783350 0.292008
vn 0.548720 -0.783350 0.292008
vn 0.494905 -0.818414 0.292008
vn 0.494905 -0.818414 0.292008
vn 0.548720 -0.783350 0.292008
vn 0.494905 -0.818414 0.292008
vn 0.798619 0.601076 -0.030235
vn 0.798619 0.601076 -0.030235
vn 0.798619 0.601076 -0.030235
vn 0.824489 0.565076 -0.030117
vn 0.854081 0.519986 -0.012686
vn 0.787350 0.616459 0.007659
vn 0.787350 0.616459 0.007659
vn 0.854081 0.519986 -0.012686
vn 0.867571 0.480832 -0.126969
vn 0.867571 0.480832 -0.126969
vn 0.854081 0.519986 -0.012686
vn 0.867859 0.447017 -0.216787
vn 0.867859 0.447017 -0.216787
vn 0.854081 0.519986 -0.012686
vn 0.849429 0.509693 -0.136689
vn 0.849429 0.509693 -0.136689
vn 0.854081 0.519986 -0.012686
vn 0.860929 0.498362 -0.102160
vn 0.860929 0.498362 -0.102160
vn 0.854081 0.519986 -0.012686
vn 0.852789 0.521041 -0.035607
vn 0.852789 0.521041 -0.035607
vn 0.854081 0.519986 -0.012686
vn 0.855279 0.517575 -0.024801
vn 0.855279 0.517575 -0.024801
vn 0.854081 0.519986 -0.012686
vn 0.892827 0.448515 -0.041162
vn 0.892827 0.448515 -0.041162
vn 0.854081 0.519986 -0.012686
vn 0.902981 0.429680 0.000000
vn 0.860929 0.498362 -0.102160
vn 0.859846 0.508903 -0.041030
vn 0.849429 0.509693 -0.136689
vn 0.849429 0.509693 -0.136689
vn 0.859846 0.508903 -0.041030
vn 0.859846 0.508903 -0.041030
vn 0.857554 0.514183 0.014768
vn 0.857554 0.514183 0.014768
vn 0.857554 0.514183 0.014768
vn 0.857554 0.514183 0.014768
vn 0.857554 0.514183 0.014768
vn 0.857554 0.514183 0.014768
vn 0.867571 0.480832 -0.126969
vn 0.867859 0.447017 -0.216787
vn 0.212269 0.624235 0.751846
vn 0.867859 0.447017 -0.216787
vn 0.212269 0.624235 0.751846
vn 0.212269 0.624235 0.751846
vn 0.889126 0.426925 -0.164894
vn 0.889126 0.426925 -0.164894
vn 0.867571 0.480832 -0.126969
vn 0.867571 0.480832 -0.126969
vn 0.889126 0.426925 -0.164894
vn 0.787350 0.616459 0.007659
vn 0.787350 0.616459 0.007659
vn 0.855707 0.517461 -0.000001
vn 0.824489 0.565076 -0.030117
vn 0.824489 0.565076 -0.030117
vn 0.855707 0.517461 -0.000001
vn 0.855707 0.517461 -0.000001
vn 0.866474 0.499110 0.010592
vn 0.866474 0.499109 0.010592
vn 0.824489 0.565076 -0.030117
vn 0.824489 0.565076 -0.030117
vn 0.866474 0.499109 0.010592
vn 0.811202 0.584765 0.000000
vn 0.852789 0.521041 -0.035607
vn 0.852187 0.523104 0.011843
vn 0.860929 0.498362 -0.102160
vn 0.860929 0.498362 -0.102160
vn 0.852187 0.523104 0.011843
vn 0.852187 0.523104 0.011843
vn 0.855279 0.517575 -0.024801
vn 0.830942 0.556190 0.013696
vn 0.852789 0.521041 -0.035607
vn 0.852789 0.521041 -0.035607
vn 0.830942 0.556190 0.013696
vn 0.830942 0.556190 0.013696
vn 0.855708 0.517460 0.000002
vn 0.855708 0.517460 0.000002
vn 0.892827 0.448515 -0.041162
vn 0.892827 0.448515 -0.041162
vn 0.855708 0.517460 0.000002
vn 0.855279 0.517575 -0.024801
vn 0.812533 0.582057 0.031620
vn 0.812533 0.582057 0.031620
vn 0.812533 0.582057 0.031620
vn 0.812533 0.582057 0.031620
vn 0.812533 0.582057 0.031620
vn 0.812533 0.582057 0.031620
vn 0.811202 0.584765 0.000000
vn 0.824488 0.565077 0.030117
vn 0.854081 0.519986 -0.012686
vn 0.824488 0.565077 0.030117
vn 0.823028 0.563250 0.073314
vn 0.854081 0.519986 -0.012686
vn 0.823028 0.563250 0.073314
vn 0.844135 0.531607 0.069502
vn 0.854081 0.519986 -0.012686
vn 0.844135 0.531607 0.069502
vn 0.844925 0.527150 0.090638
vn 0.854081 0.519986 -0.012686
vn 0.844925 0.527150 0.090638
vn 0.849429 0.509692 0.136689
vn 0.854081 0.519986 -0.012686
vn 0.849429 0.509692 0.136689
vn 0.861025 0.507102 0.038520
vn 0.854081 0.519986 -0.012686
vn 0.861025 0.507102 0.038520
vn 0.863609 0.503602 0.023764
vn 0.854081 0.519986 -0.012686
vn 0.863609 0.503602 0.023764
vn 0.874443 0.482556 0.049906
vn 0.854081 0.519986 -0.012686
vn 0.874443 0.482556 0.049906
vn 0.892827 0.448515 0.041162
vn 0.854081 0.519986 -0.012686
vn 0.892827 0.448515 0.041162
vn 0.902981 0.429680 0.000000
vn 0.854081 0.519986 -0.012686
vn 0.861025 0.507102 0.038520
vn 0.849429 0.509692 0.136689
vn 0.859847 0.508901 0.041030
vn 0.859847 0.508901 0.041030
vn 0.849429 0.509692 0.136689
vn 0.859847 0.508901 0.041030
vn 0.857555 0.514180 -0.014768
vn 0.857555 0.514180 -0.014768
vn 0.857555 0.514180 -0.014768
vn 0.857555 0.514180 -0.014768
vn 0.857555 0.514180 -0.014768
vn 0.857555 0.514180 -0.014768
vn 0.844925 0.527150 0.090638
vn 0.844135 0.531607 0.069502
vn 0.853356 0.519417 0.044601
vn 0.853356 0.519417 0.044601
vn 0.844135 0.531607 0.069502
vn 0.853356 0.519417 0.044601
vn 0.844135 0.531607 0.069502
vn 0.823028 0.563250 0.073314
vn 0.851535 0.523038 0.036333
vn 0.851535 0.523038 0.036333
vn 0.823028 0.563250 0.073314
vn 0.851535 0.523038 0.036333
vn 0.823028 0.563250 0.073314
vn 0.824488 0.565077 0.030117
vn 0.855705 0.517465 0.000001
vn 0.855705 0.517465 0.000001
vn 0.824488 0.565077 0.030117
vn 0.855705 0.517465 0.000001
vn 0.811202 0.584765 0.000000
vn 0.866474 0.499110 -0.010592
vn 0.824488 0.565077 0.030117
vn 0.824488 0.565077 0.030117
vn 0.866474 0.499110 -0.010592
vn 0.866474 0.499110 -0.010592
vn 0.861025 0.507102 0.038520
vn 0.856778 0.515351 -0.018575
vn 0.863609 0.503602 0.023764
vn 0.863609 0.503602 0.023764
vn 0.856778 0.515351 -0.018575
vn 0.856778 0.515351 -0.018575
vn 0.874443 0.482556 0.049906
vn 0.863609 0.503602 0.023764
vn 0.846088 0.532840 -0.014721
vn 0.846088 0.532840 -0.014721
vn 0.863609 0.503602 0.023764
vn 0.846088 0.532840 -0.014721
vn 0.874443 0.482556 0.049906
vn 0.855708 0.517460 -0.000002
vn 0.892827 0.448515 0.041162
vn 0.892827 0.448515 0.041162
vn 0.855708 0.517460 -0.000002
vn 0.855708 0.517460 -0.000002
vn 0.812535 0.582054 -0.031620
vn 0.812535 0.582054 -0.031620
vn 0.812535 0.582054 -0.031620
vn 0.812535 0.582054 -0.031620
vn 0.812535 0.582054 -0.031620
vn 0.812535 0.582054 -0.031620
vn -0.000000 0.000000 -1.000000
vn -0.000000 0.000000 -1.000000
vn -0.000000 0.000000 -1.000000
vn -0.001631 -0.001100 -0.999998
vn 0.000000 0.000000 -1.000000
vn 0.000000 0.000000 -1.000000
vn 0.000000 0.000000 -1.000000
vn 0.000000 0.000000 -1.000000
vn 0.000000 0.000000 -1.000000
vn 0.000000 0.000000 -1.000000
vn 0.000000 0.000000 -1.000000
vn 0.000000 0.000000 -1.000000
vn 0.000000 0.000000 -1.000000
vn 0.000000 0.000000 -1.000000
vn 0.000000 0.000000 -1.000000
vn 0.000000 0.000000 -1.000000
vn 0.000000 0.000000 -1.000000
vn 0.000000 0.000000 -1.000000
vn 0.000000 0.000000 -1.000000
vn 0.000000 0.000000 -1.000000
vn 0.000000 0.000000 -1.000000
vn 0.000000 0.000000 -1.000000
vn 0.000000 0.000000 -1.000000
vn 0.000000 0.000000 -1.000000
vn 0.000000 0.000000 -1.000000
vn 0.000000 0.000000 -1.000000
vn 0.000000 0.000000 -1.000000
vn 0.000000 0.000000 -1.000000
vn 0.000000 0.000000 -1.000000
vn 0.000000 0.000000 -1.000000
vn 0.000000 0.000000 -1.000000
vn 0.000000 0.000000 -1.000000
vn 0.000000 0.000000 -1.000000
vn 0.000000 0.000000 -1.000000
vn 0.000000 0.000000 -1.000000
vn 0.000000 0.000000 -1.000000
vn 0.000000 0.000000 -1.000000
vn 0.000000 0.000000 -1.000000
vn 0.000000 0.000000 -1.000000
vn 0.000000 0.000000 -1.000000
vn 0.000000 0.000000 -1.000000
vn 0.000000 0.000000 -1.000000
vn 0.493055 -0.869998 0.000000
vn 0.569599 -0.821923 0.000000
vn 0.493055 -0.869998 0.000000
vn 0.493055 -0.869998 0.000000
vn 0.569599 -0.821923 0.000000
vn 0.569599 -0.821923 0.000000
vn 0.825803 0.563958 0.000000
vn 0.825803 0.563958 0.000000
vn 0.825803 0.563958 0.000000
vn 0.825803 0.563958 0.000000
vn 0.825803 0.563958 0.000000
vn 0.825803 0.563958 0.000000
vn 0.000096 -0.001103 -0.999999
vn 0.000215 -0.000313 -1.000000
vn -0.000714 -0.001039 -0.999999
vn -0.000714 -0.001039 -0.999999
vn 0.000215 -0.000313 -1.000000
vn 0.000215 -0.000313 -1.000000
vn 0.593840 -0.804583 0.000000
vn 0.604166 -0.796859 0.000000
vn 0.604166 -0.796859 0.000000
vn 0.499982 -0.866036 -0.000001
vn 0.499982 -0.866036 -0.000001
vn 0.499982 -0.866036 0.000001
vn 0.499982 -0.866036 0.000001
vn 0.499982 -0.866036 -0.000001
vn 0.499982 -0.866036 0.000001
vn 0.602075 -0.798440 -0.000004
vn 0.602075 -0.798440 -0.000004
vn 0.602075 -0.798440 0.000004
vn 0.602075 -0.798440 0.000004
vn 0.602075 -0.798440 -0.000004
vn 0.602075 -0.798440 0.000004
vn 0.430168 -0.902749 0.000000
vn 0.430168 -0.902749 0.000000
vn 0.430168 -0.902749 0.000000
vn 0.430168 -0.902749 0.000000
vn 0.430168 -0.902749 0.000000
vn 0.430168 -0.902749 0.000000
vn 0.593008 -0.805196 0.000001
vn 0.593008 -0.805196 0.000001
vn 0.593008 -0.805196 -0.000001
vn 0.593008 -0.805196 -0.000001
vn 0.593008 -0.805196 0.000001
vn 0.593008 -0.805196 -0.000001
vn 0.486530 -0.873664 0.000000
vn 0.486530 -0.873664 0.000000
vn 0.486530 -0.873664 0.000000
vn 0.486530 -0.873664 0.000000
vn 0.486530 -0.873664 0.000000
vn 0.486530 -0.873664 0.000000
vn 0.491367 -0.870952 0.000000
vn 0.491367 -0.870952 0.000000
vn 0.491367 -0.870952 0.000000
vn 0.491367 -0.870952 0.000000
vn 0.491367 -0.870952 0.000000
vn 0.491367 -0.870952 0.000000
vn 0.675576 -0.737290 0.000000
vn 0.675576 -0.737290 0.000000
vn 0.675576 -0.737290 0.000000
vn 0.675576 -0.737290 0.000000
vn 0.675576 -0.737290 0.000000
vn 0.675576 -0.737290 0.000000
vn 0.519914 -0.854218 0.000000
vn 0.519914 -0.854218 0.000000
vn 0.519914 -0.854218 0.000000
vn 0.519914 -0.854218 0.000000
vn 0.519914 -0.854218 0.000000
vn 0.519914 -0.854218 0.000000
vn 0.479573 -0.877502 0.000000
vn 0.479573 -0.877502 0.000000
vn 0.479573 -0.877502 0.000000
vn 0.479573 -0.877502 0.000000
vn 0.479573 -0.877502 0.000000
vn 0.479573 -0.877502 0.000000
vn 0.660565 -0.750769 0.000000
vn 0.660565 -0.750769 0.000000
vn 0.660565 -0.750769 0.000000
vn 0.660565 -0.750769 0.000000
vn 0.660565 -0.750769 0.000000
vn 0.660565 -0.750769 0.000000
vn 0.000000 0.000000 -1.000000
vn 0.000000 0.000000 -1.000000
vn -0.001631 -0.001100 -0.999998
vn -0.001631 -0.001100 -0.999998
vn 0.000000 0.000000 -1.000000
vn -0.029813 -0.009638 -0.999509
vn 0.868624 0.495472 0.000000
vn 0.868624 0.495472 0.000000
vn 0.868624 0.495472 0.000000
vn 0.868624 0.495472 0.000000
vn 0.868624 0.495472 0.000000
vn 0.868624 0.495472 0.000000
vn -0.790905 -0.611940 0.000000
vn -0.790905 -0.611940 0.000000
vn -0.790905 -0.611940 0.000000
vn -0.790905 -0.611940 0.000000
vn -0.790905 -0.611940 0.000000
vn -0.790905 -0.611940 0.000000
vn 0.000000 0.000000 -1.000000
vn 0.000000 0.000000 -1.000000
vn -0.000001 0.000001 -1.000000
vn -0.000001 0.000001 -1.000000
vn 0.000000 0.000000 -1.000000
vn -0.000001 0.000001 -1.000000
vn 0.833234 0.552920 -0.000005
vn 0.833234 0.552920 -0.000005
vn 0.833234 0.552920 0.000005
vn 0.833234 0.552920 0.000005
vn 0.833234 0.552920 -0.000005
vn 0.833234 0.552920 0.000005
vn -0.821740 -0.569863 0.000015
vn -0.821740 -0.569863 0.000015
vn -0.821740 -0.569863 -0.000015
vn -0.821740 -0.569863 -0.000015
vn -0.821740 -0.569863 0.000015
vn -0.821740 -0.569863 -0.000015
vn 0.000000 0.000000 -1.000000
vn 0.000000 0.000000 -1.000000
vn 0.000000 0.000000 -1.000000
vn 0.000000 0.000000 -1.000000
vn 0.000000 0.000000 -1.000000
vn 0.000000 0.000000 -1.000000
vn 0.830040 0.557705 0.000000
vn 0.830040 0.557705 0.000000
vn 0.830040 0.557705 0.000000
vn 0.830040 0.557705 0.000000
vn 0.830040 0.557705 0.000000
vn 0.830040 0.557705 0.000000
vn -0.788007 -0.615666 0.000000
vn -0.788007 -0.615666 0.000000
vn -0.788007 -0.615666 0.000000
vn -0.788007 -0.615666 0.000000
vn -0.788007 -0.615666 0.000000
vn -0.788007 -0.615666 0.000000
vn 0.000000 0.000000 -1.000000
vn 0.000000 0.000000 -1.000000
vn 0.000000 0.000000 -1.000000
vn 0.000000 0.000000 -1.000000
vn 0.000000 0.000000 -1.000000
vn 0.000000 0.000000 -1.000000
vn 0.856601 0.515979 0.000000
vn 0.856601 0.515979 0.000000
vn 0.856601 0.515979 0.000000
vn 0.856601 0.515979 0.000000
vn 0.856601 0.515979 0.000000
vn 0.856601 0.515979 0.000000
vn 0.585299 -0.810818 0.000000
vn 0.585299 -0.810818 0.000000
vn 0.585299 -0.810818 0.000000
vn 0.585299 -0.810818 0.000000
vn 0.585299 -0.810818 0.000000
vn 0.585299 -0.810818 0.000000
vn -0.821215 -0.570619 0.000000
vn -0.821215 -0.570619 0.000000
vn -0.821215 -0.570619 0.000000
vn -0.821215 -0.570619 0.000000
vn -0.821215 -0.570619 0.000000
vn -0.821215 -0.570619 0.000000
vn 0.000000 0.000000 -1.000000
vn 0.000000 0.000000 -1.000000
vn 0.000000 0.000000 -1.000000
vn 0.000000 0.000000 -1.000000
vn 0.000000 0.000000 -1.000000
vn 0.000000 0.000000 -1.000000
vn -0.995659 0.093078 -0.000001
vn -0.995658 0.093083 -0.000001
vn -0.995659 0.093078 0.000001
vn -0.995659 0.093078 0.000001
vn -0.995658 0.093083 -0.000001
vn -0.995658 0.093083 0.000001
vn 0.000000 0.000000 -1.000000
vn 0.000001 -0.000001 -1.000000
vn 0.000000 0.000000 -1.000000
vn 0.000001 -0.000002 -1.000000
vn 0.000001 -0.000001 -1.000000
vn 0.000001 -0.000001 -1.000000
vn 0.994474 0.104984 0.000000
vn 0.994474 0.104984 0.000000
vn 0.994474 0.104984 0.000000
vn 0.994474 0.104984 0.000000
vn 0.994474 0.104984 0.000000
vn 0.994474 0.104984 0.000000
vn -0.280037 -0.959989 0.000000
vn -0.280037 -0.959989 0.000000
vn -0.280037 -0.959989 0.000000
vn -0.280037 -0.959989 0.000000
vn -0.280037 -0.959989 0.000000
vn -0.280037 -0.959989 0.000000
vn 0.000000 0.000000 -1.000000
vn 0.000000 0.000000 -1.000000
vn 0.000000 0.000000 -1.000000
vn 0.000000 0.000000 -1.000000
vn 0.000000 0.000000 -1.000000
vn 0.000000 0.000000 -1.000000
vn 0.621364 0.783522 0.000000
vn 0.621360 0.783525 0.000000
vn 0.621364 0.783522 0.000000
vn 0.621364 0.783522 0.000000
vn 0.621360 0.783525 0.000000
vn 0.621360 0.783525 0.000000
vn 0.000000 0.000000 -1.000000
vn 0.000000 0.000000 -1.000000
vn 0.000000 0.000000 -1.000000
vn 0.000000 0.000000 -1.000000
vn 0.000000 0.000000 -1.000000
vn 0.000000 0.000000 -1.000000
vn -0.086974 -0.996211 0.000000
vn -0.562460 -0.826824 0.000000
vn -0.086974 -0.996211 0.000000
vn -0.086974 -0.996211 0.000000
vn -0.562460 -0.826824 0.000000
vn -0.562460 -0.826824 0.000000
vn 0.000000 0.000000 -1.000000
vn 0.000000 0.000000 -1.000000
vn 0.000000 0.000000 -1.000000
vn 0.000000 0.000000 -1.000000
vn 0.000000 0.000000 -1.000000
vn 0.000000 0.000000 -1.000000
vn -0.822778 -0.568362 0.000000
vn -0.822778 -0.568363 0.000000
vn -0.822778 -0.568362 0.000000
vn -0.822778 -0.568362 0.000000
vn -0.822778 -0.568363 0.000000
vn -0.822778 -0.568363 0.000000
vn 0.000000 0.000000 -1.000000
vn 0.000000 0.000000 -1.000000
vn 0.000000 0.000000 -1.000000
vn 0.000000 0.000000 -1.000000
vn 0.000000 0.000000 -1.000000
vn 0.000000 0.000000 -1.000000
vn 0.000000 0.000000 -1.000000
vn 0.000000 0.000000 -1.000000
vn 0.000000 0.000000 -1.000000
vn 0.000000 0.000000 -1.000000
vn 0.000000 0.000000 -1.000000
vn 0.000000 0.000000 -1.000000
vn 0.000000 0.000000 -1.000000
vn 0.000000 0.000000 -1.000000
vn 0.000000 0.000000 -1.000000
vn 0.000000 0.000000 -1.000000
vn 0.000000 0.000000 -1.000000
vn 0.000000 0.000000 -1.000000
vn 0.871366 -0.490633 0.000000
vn 0.871366 -0.490633 0.000000
vn 0.871366 -0.490633 0.000000
vn 0.871366 -0.490633 0.000000
vn 0.871366 -0.490633 0.000000
vn 0.871366 -0.490633 0.000000
vn 0.277695 -0.960669 0.000000
vn 0.493055 -0.869998 0.000000
vn 0.277695 -0.960669 0.000000
vn 0.277695 -0.960669 0.000000
vn 0.493055 -0.869998 0.000000
vn 0.493055 -0.869998 0.000000
vn 0.000000 0.000000 -1.000000
vn 0.000000 0.000000 -1.000000
vn 0.000000 0.000000 -1.000000
vn 0.000000 0.000000 -1.000000
vn 0.000000 0.000000 -1.000000
vn 0.000000 0.000000 -1.000000
vn -0.277695 0.960669 0.000000
vn -0.277695 0.960669 0.000000
vn -0.277695 0.960669 0.000000
vn -0.277695 0.960669 0.000000
vn -0.277695 0.960669 0.000000
vn -0.277695 0.960669 0.000000
vn -0.000714 -0.001039 -0.999999
vn -0.001631 -0.001100 -0.999998
vn -0.042263 -0.041161 -0.998258
vn -0.042263 -0.041161 -0.998258
vn -0.001631 -0.001100 -0.999998
vn -0.053821 -0.032398 -0.998025
vn 0.000096 -0.001103 -0.999999
vn -0.000714 -0.001039 -0.999999
vn -0.007366 -0.050755 -0.998684
vn -0.007366 -0.050755 -0.998684
vn -0.000714 -0.001039 -0.999999
vn -0.042263 -0.041161 -0.998258
vn -0.001631 -0.001100 -0.999998
vn -0.029813 -0.009638 -0.999509
vn -0.053821 -0.032398 -0.998025
vn -0.523977 -0.851733 0.000000
vn -0.523977 -0.851733 0.000000
vn -0.523977 -0.851733 0.000000
vn -0.523977 -0.851733 0.000000
vn -0.523977 -0.851733 0.000000
vn -0.523977 -0.851733 0.000000
vn 0.991729 -0.128348 0.000000
vn 0.991729 -0.128348 0.000000
vn 0.991729 -0.128348 0.000000
vn 0.991729 -0.128348 0.000000
vn 0.991729 -0.128348 0.000000
vn 0.991729 -0.128348 0.000000
vn 0.000000 0.000000 -1.000000
vn 0.000000 0.000000 -1.000000
vn 0.000000 0.000000 -1.000000
vn 0.000000 0.000000 -1.000000
vn 0.000000 0.000000 -1.000000
vn 0.000000 0.000000 -1.000000
vn 0.000000 0.000000 -1.000000
vn 0.000000 0.000000 -1.000000
vn 0.000000 0.000000 -1.000000
vn 0.000000 0.000000 -1.000000
vn 0.000000 0.000000 -1.000000
vn 0.000000 0.000000 -1.000000
vn 0.000000 0.000000 -1.000000
vn 0.000000 0.000000 -1.000000
vn 0.000000 0.000000 -1.000000
vn 0.000000 0.000000 -1.000000
vn 0.000000 0.000000 -1.000000
vn 0.000000 0.000000 -1.000000
vn 0.000000 0.000000 -1.000000
vn 0.000000 0.000000 -1.000000
vn 0.000000 0.000000 -1.000000
vn 0.000000 0.000000 -1.000000
vn 0.000001 -0.000001 -1.000000
vn 0.000001 -0.000002 -1.000000
vn 0.825794 0.563972 0.000000
vn 0.825794 0.563972 0.000000
vn 0.825794 0.563972 0.000000
vn 0.000000 0.000000 1.000000
vn 0.000000 0.000000 1.000000
vn 0.000000 0.000000 1.000000
vn -0.001631 -0.001100 0.999998
vn 0.000000 0.000000 1.000000
vn 0.000000 0.000000 1.000000
vn 0.000000 0.000000 1.000000
vn 0.000000 0.000000 1.000000
vn 0.000000 0.000000 1.000000
vn 0.000000 0.000000 1.000000
vn 0.000000 0.000000 1.000000
vn 0.000000 0.000000 1.000000
vn 0.000000 0.000000 1.000000
vn 0.000000 0.000000 1.000000
vn 0.000000 0.000000 1.000000
vn 0.000000 0.000000 1.000000
vn 0.000000 0.000000 1.000000
vn 0.000000 0.000000 1.000000
vn 0.000000 0.000000 1.000000
vn 0.000000 0.000000 1.000000
vn 0.000000 0.000000 1.000000
vn 0.000000 0.000000 1.000000
vn 0.000000 0.000000 1.000000
vn 0.000000 0.000000 1.000000
vn 0.000000 0.000000 1.000000
vn 0.000000 0.000000 1.000000
vn 0.000000 0.000000 1.000000
vn 0.000000 0.000000 1.000000
vn 0.000000 0.000000 1.000000
vn 0.000000 0.000000 1.000000
vn 0.000000 0.000000 1.000000
vn 0.000000 0.000000 1.000000
vn 0.000000 0.000000 1.000000
vn 0.000000 0.000000 1.000000
vn 0.000000 0.000000 1.000000
vn 0.000000 0.000000 1.000000
vn 0.000000 0.000000 1.000000
vn 0.000000 0.000000 1.000000
vn 0.000000 0.000000 1.000000
vn 0.000000 0.000000 1.000000
vn 0.000000 0.000000 1.000000
vn 0.000000 0.000000 1.000000
vn 0.000096 -0.001103 0.999999
vn -0.000714 -0.001039 0.999999
vn 0.000215 -0.000313 1.000000
vn -0.000714 -0.001039 0.999999
vn 0.000215 -0.000313 1.000000
vn 0.000215 -0.000313 1.000000
vn 0.000000 0.000000 1.000000
vn -0.001631 -0.001100 0.999998
vn 0.000000 0.000000 1.000000
vn -0.001631 -0.001100 0.999998
vn -0.029813 -0.009638 0.999509
vn 0.000000 0.000000 1.000000
vn 0.000000 0.000000 1.000000
vn -0.000001 0.000001 1.000000
vn 0.000000 0.000000 1.000000
vn -0.000001 0.000001 1.000000
vn -0.000001 0.000001 1.000000
vn 0.000000 0.000000 1.000000
vn 0.000000 0.000000 1.000000
vn 0.000000 0.000000 1.000000
vn 0.000000 0.000000 1.000000
vn 0.000000 0.000000 1.000000
vn 0.000000 0.000000 1.000000
vn 0.000000 0.000000 1.000000
vn 0.000000 0.000000 1.000000
vn 0.000000 0.000000 1.000000
vn 0.000000 0.000000 1.000000
vn 0.000000 0.000000 1.000000
vn 0.000000 0.000000 1.000000
vn 0.000000 0.000000 1.000000
vn 0.000000 0.000000 1.000000
vn 0.000000 0.000000 1.000000
vn 0.000000 0.000000 1.000000
vn 0.000000 0.000000 1.000000
vn 0.000000 0.000000 1.000000
vn 0.000000 0.000000 1.000000
vn 0.000000 0.000000 1.000000
vn 0.000000 0.000000 1.000000
vn 0.000001 -0.000001 1.000000
vn 0.000001 -0.000002 1.000000
vn 0.000001 -0.000001 1.000000
vn 0.000001 -0.000001 1.000000
vn 0.000000 0.000000 1.000000
vn 0.000000 0.000000 1.000000
vn 0.000000 0.000000 1.000000
vn 0.000000 0.000000 1.000000
vn 0.000000 0.000000 1.000000
vn 0.000000 0.000000 1.000000
vn 0.000000 0.000000 1.000000
vn 0.000000 0.000000 1.000000
vn 0.000000 0.000000 1.000000
vn 0.000000 0.000000 1.000000
vn 0.000000 0.000000 1.000000
vn 0.000000 0.000000 1.000000
vn 0.000000 0.000000 1.000000
vn 0.000000 0.000000 1.000000
vn 0.000000 0.000000 1.000000
vn 0.000000 0.000000 1.000000
vn 0.000000 0.000000 1.000000
vn 0.000000 0.000000 1.000000
vn 0.000000 0.000000 1.000000
vn 0.000000 0.000000 1.000000
vn 0.000000 0.000000 1.000000
vn 0.000000 0.000000 1.000000
vn 0.000000 0.000000 1.000000
vn 0.000000 0.000000 1.000000
vn 0.000000 0.000000 1.000000
vn 0.000000 0.000000 1.000000
vn 0.000000 0.000000 1.000000
vn 0.000000 0.000000 1.000000
vn 0.000000 0.000000 1.000000
vn 0.000000 0.000000 1.000000
vn 0.000000 0.000000 1.000000
vn 0.000000 0.000000 1.000000
vn 0.000000 0.000000 1.000000
vn 0.000000 0.000000 1.000000
vn 0.000000 0.000000 1.000000
vn 0.000000 0.000000 1.000000
vn 0.000000 0.000000 1.000000
vn 0.000000 0.000000 1.000000
vn 0.000000 0.000000 1.000000
vn 0.000000 0.000000 1.000000
vn 0.000000 0.000000 1.000000
vn 0.000000 0.000000 1.000000
vn -0.000714 -0.001039 0.999999
vn -0.042263 -0.041161 0.998258
vn -0.001631 -0.001100 0.999998
vn -0.042263 -0.041161 0.998258
vn -0.053821 -0.032398 0.998025
vn -0.001631 -0.001100 0.999998
vn 0.000096 -0.001103 0.999999
vn -0.007366 -0.050755 0.998684
vn -0.000714 -0.001039 0.999999
vn -0.007366 -0.050755 0.998684
vn -0.042263 -0.041161 0.998258
vn -0.000714 -0.001039 0.999999
vn -0.001631 -0.001100 0.999998
vn -0.053821 -0.032398 0.998025
vn -0.029813 -0.009638 0.999509
vn 0.000000 0.000000 1.000000
vn 0.000000 0.000000 1.000000
vn 0.000000 0.000000 1.000000
vn 0.000000 0.000000 1.000000
vn 0.000000 0.000000 1.000000
vn 0.000000 0.000000 1.000000
vn 0.000000 0.000000 1.000000
vn 0.000000 0.000000 1.000000
vn 0.000000 0.000000 1.000000
vn 0.000000 0.000000 1.000000
vn 0.000000 0.000000 1.000000
vn 0.000000 0.000000 1.000000
vn 0.000000 0.000000 1.000000
vn 0.000000 0.000000 1.000000
vn 0.000000 0.000000 1.000000
vn 0.000000 0.000000 1.000000
vn 0.000000 0.000000 1.000000
vn 0.000000 0.000000 1.000000
vn 0.000000 0.000000 1.000000
vn 0.000000 0.000000 1.000000
vn 0.000000 0.000000 1.000000
vn 0.000000 0.000000 1.000000
vn 0.000001 -0.000002 1.000000
vn 0.000001 -0.000001 1.000000
vn -0.856760 -0.515439 -0.016869
vn -0.856760 -0.515439 -0.016869
vn -0.856760 -0.515439 -0.016869
vn -0.843752 -0.536471 -0.016786
vn -0.842961 -0.536416 -0.040924
vn -0.826565 -0.562842 0.000000
vn -0.842961 -0.536416 -0.040924
vn -0.838872 -0.541469 -0.055731
vn -0.826565 -0.562842 0.000000
vn -0.838872 -0.541469 -0.055731
vn -0.832161 -0.550391 -0.067654
vn -0.826565 -0.562842 0.000000
vn -0.832161 -0.550391 -0.067654
vn -0.822887 -0.562998 -0.076752
vn -0.826565 -0.562842 0.000000
vn -0.822887 -0.562998 -0.076752
vn -0.818983 -0.570955 -0.057243
vn -0.826565 -0.562842 0.000000
vn -0.818983 -0.570955 -0.057243
vn -0.817710 -0.574488 -0.036253
vn -0.826565 -0.562842 0.000000
vn -0.817710 -0.574488 -0.036253
vn -0.813395 -0.581042 -0.027921
vn -0.826565 -0.562842 0.000000
vn -0.813395 -0.581042 -0.027921
vn -0.800640 -0.598700 -0.023093
vn -0.826565 -0.562842 0.000000
vn -0.800640 -0.598700 -0.023093
vn -0.793549 -0.608507 0.000000
vn -0.826565 -0.562842 0.000000
vn -0.818983 -0.570955 -0.057243
vn -0.822887 -0.562998 -0.076752
vn -0.823192 -0.567300 -0.022907
vn -0.823192 -0.567300 -0.022907
vn -0.822887 -0.562998 -0.076752
vn -0.823192 -0.567300 -0.022907
vn -0.825188 -0.564799 0.008239
vn -0.825188 -0.564799 0.008239
vn -0.825188 -0.564799 0.008239
vn -0.825188 -0.564799 0.008239
vn -0.825188 -0.564799 0.008239
vn -0.825188 -0.564799 0.008239
vn -0.838872 -0.541469 -0.055731
vn -0.825788 -0.563795 0.014442
vn -0.832161 -0.550391 -0.067654
vn -0.832161 -0.550391 -0.067654
vn -0.825788 -0.563795 0.014442
vn -0.825788 -0.563795 0.014442
vn -0.838872 -0.541469 -0.055731
vn -0.842961 -0.536416 -0.040924
vn -0.828407 -0.559759 -0.020272
vn -0.828407 -0.559759 -0.020272
vn -0.842961 -0.536416 -0.040924
vn -0.828407 -0.559759 -0.020272
vn -0.842961 -0.536416 -0.040924
vn -0.843752 -0.536471 -0.016786
vn -0.826404 -0.563078 0.000000
vn -0.826404 -0.563078 0.000000
vn -0.843752 -0.536471 -0.016786
vn -0.826404 -0.563078 0.000000
vn -0.850902 -0.525324 0.000000
vn -0.819627 -0.572868 0.005914
vn -0.843752 -0.536471 -0.016786
vn -0.843752 -0.536471 -0.016786
vn -0.819627 -0.572868 0.005914
vn -0.819627 -0.572868 0.005914
vn -0.817710 -0.574488 -0.036253
vn -0.818983 -0.570955 -0.057243
vn -0.828472 -0.559991 0.006604
vn -0.828472 -0.559991 0.006604
vn -0.818983 -0.570955 -0.057243
vn -0.828472 -0.559991 0.006604
vn -0.813395 -0.581042 -0.027921
vn -0.817710 -0.574488 -0.036253
vn -0.832032 -0.554667 0.008207
vn -0.832032 -0.554667 0.008207
vn -0.817710 -0.574488 -0.036253
vn -0.832032 -0.554667 0.008207
vn -0.813395 -0.581042 -0.027921
vn -0.826403 -0.563079 0.000001
vn -0.800640 -0.598700 -0.023093
vn -0.800640 -0.598700 -0.023093
vn -0.826403 -0.563079 0.000001
vn -0.826403 -0.563079 0.000001
vn -0.849898 -0.526652 0.017627
vn -0.849898 -0.526652 0.017627
vn -0.849898 -0.526652 0.017627
vn -0.849898 -0.526652 0.017627
vn -0.849898 -0.526652 0.017627
vn -0.849898 -0.526652 0.017627
vn -0.850902 -0.525324 0.000000
vn -0.826565 -0.562842 0.000000
vn -0.843752 -0.536471 0.016786
vn -0.843752 -0.536471 0.016786
vn -0.826565 -0.562842 0.000000
vn -0.842961 -0.536416 0.040924
vn -0.842961 -0.536416 0.040924
vn -0.826565 -0.562842 0.000000
vn -0.838872 -0.541469 0.055731
vn -0.838872 -0.541469 0.055731
vn -0.826565 -0.562842 0.000000
vn -0.832161 -0.550391 0.067654
vn -0.832161 -0.550391 0.067654
vn -0.826565 -0.562842 0.000000
vn -0.822887 -0.562998 0.076752
vn -0.822887 -0.562998 0.076752
vn -0.826565 -0.562842 0.000000
vn -0.818982 -0.570956 0.057243
vn -0.818982 -0.570956 0.057243
vn -0.826565 -0.562842 0.000000
vn -0.817710 -0.574488 0.036253
vn -0.817710 -0.574488 0.036253
vn -0.826565 -0.562842 0.000000
vn -0.813395 -0.581041 0.027921
vn -0.813395 -0.581041 0.027921
vn -0.826565 -0.562842 0.000000
vn -0.800640 -0.598700 0.023093
vn -0.800640 -0.598700 0.023093
vn -0.826565 -0.562842 0.000000
vn -0.793549 -0.608507 0.000000
vn -0.818982 -0.570956 0.057243
vn -0.823192 -0.567301 0.022907
vn -0.822887 -0.562998 0.076752
vn -0.822887 -0.562998 0.076752
vn -0.823192 -0.567301 0.022907
vn -0.823192 -0.567301 0.022907
vn -0.825187 -0.564799 -0.008239
vn -0.825187 -0.564799 -0.008239
vn -0.825187 -0.564799 -0.008239
vn -0.825187 -0.564799 -0.008239
vn -0.825187 -0.564799 -0.008239
vn -0.825187 -0.564799 -0.008239
vn -0.825788 -0.563795 -0.014442
vn -0.825788 -0.563795 -0.014442
vn -0.832161 -0.550391 0.067654
vn -0.832161 -0.550391 0.067654
vn -0.825788 -0.563795 -0.014442
vn -0.838872 -0.541469 0.055731
vn -0.838872 -0.541469 0.055731
vn -0.828407 -0.559759 0.020272
vn -0.842961 -0.536416 0.040924
vn -0.842961 -0.536416 0.040924
vn -0.828407 -0.559759 0.020272
vn -0.828407 -0.559759 0.020272
vn -0.842961 -0.536416 0.040924
vn -0.826404 -0.563078 0.000000
vn -0.843752 -0.536471 0.016786
vn -0.843752 -0.536471 0.016786
vn -0.826404 -0.563078 0.000000
vn -0.826404 -0.563078 0.000000
vn -0.819627 -0.572868 -0.005914
vn -0.819627 -0.572868 -0.005914
vn -0.843752 -0.536471 0.016786
vn -0.843752 -0.536471 0.016786
vn -0.819627 -0.572868 -0.005914
vn -0.850902 -0.525324 0.000000
vn -0.817710 -0.574488 0.036253
vn -0.828472 -0.559992 -0.006604
vn -0.818982 -0.570956 0.057243
vn -0.818982 -0.570956 0.057243
vn -0.828472 -0.559992 -0.006604
vn -0.828472 -0.559992 -0.006604
vn -0.813395 -0.581041 0.027921
vn -0.832033 -0.554665 -0.008207
vn -0.817710 -0.574488 0.036253
vn -0.817710 -0.574488 0.036253
vn -0.832033 -0.554665 -0.008207
vn -0.832033 -0.554665 -0.008207
vn -0.826403 -0.563079 -0.000001
vn -0.826403 -0.563079 -0.000001
vn -0.800640 -0.598700 0.023093
vn -0.800640 -0.598700 0.023093
vn -0.826403 -0.563079 -0.000001
vn -0.813395 -0.581041 0.027921
vn -0.849898 -0.526653 -0.017627
vn -0.849898 -0.526653 -0.017627
vn -0.849898 -0.526653 -0.017627
vn -0.849898 -0.526653 -0.017627
vn -0.849898 -0.526653 -0.017627
vn -0.849898 -0.526653 -0.017627
vn -0.083240 0.105229 -0.990958
vn -0.083240 0.105229 -0.990958
vn -0.066395 0.116592 -0.990958
vn -0.066395 0.116592 -0.990958
vn -0.083240 0.105229 -0.990958
vn -0.066395 0.116592 -0.990958
vn -0.619946 0.783725 -0.037970
vn -0.619946 0.783725 -0.037970
vn -0.494498 0.868349 -0.037970
vn -0.494498 0.868349 -0.037970
vn -0.619946 0.783725 -0.037970
vn -0.494498 0.868349 -0.037970
vn 0.598361 -0.756427 -0.264163
vn 0.598361 -0.756427 -0.264163
vn 0.477271 -0.838111 -0.264163
vn 0.477271 -0.838111 -0.264163
vn 0.598361 -0.756427 -0.264163
vn 0.477271 -0.838111 -0.264163
vn 0.251406 -0.317811 -0.914216
vn 0.251406 -0.317811 -0.914216
vn 0.200522 -0.352137 -0.914216
vn 0.200522 -0.352137 -0.914216
vn 0.251406 -0.317811 -0.914216
vn 0.200522 -0.352137 -0.914216
vn -0.616367 0.779175 0.113921
vn -0.616367 0.779175 0.113921
vn -0.491620 0.863326 0.113921
vn -0.491620 0.863326 0.113921
vn -0.616367 0.779175 0.113921
vn -0.491620 0.863326 0.113921
vn 0.593567 -0.750356 0.290936
vn 0.593567 -0.750356 0.290936
vn 0.473438 -0.831392 0.290936
vn 0.473438 -0.831392 0.290936
vn 0.593567 -0.750356 0.290936
vn 0.473438 -0.831392 0.290936
vn -0.225194 0.284681 -0.931796
vn -0.225194 0.284681 -0.931796
vn -0.179621 0.315424 -0.931796
vn -0.179621 0.315424 -0.931796
vn -0.225194 0.284681 -0.931796
vn -0.179621 0.315424 -0.931796
vn -0.548664 0.693604 -0.466777
vn -0.548664 0.693604 -0.466777
vn -0.437635 0.768502 -0.466777
vn -0.437635 0.768502 -0.466777
vn -0.548664 0.693604 -0.466777
vn -0.437635 0.768502 -0.466777
vn 0.557218 -0.704411 -0.439674
vn 0.557218 -0.704411 -0.439674
vn 0.444451 -0.780481 -0.439674
vn 0.444451 -0.780481 -0.439674
vn 0.557218 -0.704411 -0.439674
vn 0.444451 -0.780481 -0.439674
vn -0.428313 0.541456 -0.723445
vn -0.428313 0.541456 -0.723445
vn -0.341635 0.599928 -0.723445
vn -0.341635 0.599928 -0.723445
vn -0.428313 0.541456 -0.723445
vn -0.341635 0.599928 -0.723445
vn -0.565377 0.714730 0.411716
vn -0.565377 0.714730 0.411716
vn -0.450962 0.791911 0.411716
vn -0.450962 0.791911 0.411716
vn -0.565377 0.714730 0.411716
vn -0.450962 0.791911 0.411716
vn 0.412627 -0.521629 -0.746754
vn 0.412627 -0.521629 -0.746754
vn 0.329125 -0.577957 -0.746754
vn 0.329125 -0.577957 -0.746754
vn 0.412627 -0.521629 -0.746754
vn 0.329125 -0.577957 -0.746754
vn -0.596421 0.753975 -0.275324
vn -0.596421 0.753975 -0.275324
vn -0.475724 0.835394 -0.275324
vn -0.475724 0.835394 -0.275324
vn -0.596421 0.753975 -0.275324
vn -0.475724 0.835394 -0.275324
vn -0.428632 0.541865 0.722951
vn -0.428632 0.541865 0.722951
vn -0.341893 0.600376 0.722951
vn -0.341893 0.600376 0.722951
vn -0.428632 0.541865 0.722951
vn -0.341893 0.600376 0.722951
vn 0.355997 -0.450038 -0.818982
vn 0.355997 -0.450038 -0.818982
vn 0.283954 -0.498636 -0.818982
vn 0.283954 -0.498636 -0.818982
vn 0.355997 -0.450038 -0.818982
vn 0.283954 -0.498636 -0.818982
vn -0.111163 0.140526 -0.983817
vn -0.111163 0.140526 -0.983817
vn -0.088665 0.155702 -0.983817
vn -0.088665 0.155702 -0.983817
vn -0.111163 0.140526 -0.983817
vn -0.088665 0.155702 -0.983817
vn -0.465241 0.588141 0.661544
vn -0.465241 0.588141 0.661544
vn -0.371090 0.651652 0.661544
vn -0.371090 0.651652 0.661544
vn -0.465241 0.588141 0.661544
vn -0.371090 0.651652 0.661544
vn -0.098877 0.124996 -0.987218
vn -0.098877 0.124996 -0.987218
vn -0.078866 0.138494 -0.987218
vn -0.078866 0.138494 -0.987218
vn -0.098877 0.124996 -0.987218
vn -0.078866 0.138494 -0.987218
vn -0.533888 0.674915 -0.509365
vn -0.533888 0.674915 -0.509365
vn -0.425839 0.747802 -0.509365
vn -0.425839 0.747802 -0.509365
vn -0.533888 0.674915 -0.509365
vn -0.425839 0.747802 -0.509365
vn -0.095648 0.120914 0.988044
vn -0.095648 0.120914 0.988044
vn -0.076291 0.133971 0.988044
vn -0.076291 0.133971 0.988044
vn -0.095648 0.120914 0.988044
vn -0.076291 0.133971 0.988044
vn -0.095648 0.120914 -0.988044
vn -0.095648 0.120914 -0.988044
vn -0.076291 0.133971 -0.988044
vn -0.076291 0.133971 -0.988044
vn -0.095648 0.120914 -0.988044
vn -0.076291 0.133971 -0.988044
vn -0.533888 0.674915 0.509365
vn -0.533888 0.674915 0.509365
vn -0.425839 0.747802 0.509365
vn -0.425839 0.747802 0.509365
vn -0.533888 0.674915 0.509365
vn -0.425839 0.747802 0.509365
vn -0.098877 0.124996 0.987218
vn -0.098877 0.124996 0.987218
vn -0.078866 0.138494 0.987218
vn -0.078866 0.138494 0.987218
vn -0.098877 0.124996 0.987218
vn -0.078866 0.138494 0.987218
vn -0.465241 0.588141 -0.661544
vn -0.465241 0.588141 -0.661544
vn -0.371090 0.651652 -0.661544
vn -0.371090 0.651652 -0.661544
vn -0.465241 0.588141 -0.661544
vn -0.371090 0.651652 -0.661544
vn -0.111163 0.140526 0.983817
vn -0.111163 0.140526 0.983817
vn -0.088665 0.155702 0.983817
vn -0.088665 0.155702 0.983817
vn -0.111163 0.140526 0.983817
vn -0.088665 0.155702 0.983817
vn 0.355997 -0.450038 0.818982
vn 0.355997 -0.450038 0.818982
vn 0.283954 -0.498636 0.818982
vn 0.283954 -0.498636 0.818982
vn 0.355997 -0.450038 0.818982
vn 0.283954 -0.498636 0.818982
vn -0.428632 0.541865 -0.722951
vn -0.428632 0.541865 -0.722951
vn -0.341893 0.600376 -0.722951
vn -0.341893 0.600376 -0.722951
vn -0.428632 0.541865 -0.722951
vn -0.341893 0.600376 -0.722951
vn -0.596421 0.753975 0.275325
vn -0.596421 0.753975 0.275325
vn -0.475724 0.835394 0.275325
vn -0.475724 0.835394 0.275325
vn -0.596421 0.753975 0.275325
vn -0.475724 0.835394 0.275325
vn 0.412627 -0.521629 0.746754
vn 0.412627 -0.521629 0.746754
vn 0.329125 -0.577957 0.746754
vn 0.329125 -0.577957 0.746754
vn 0.412627 -0.521629 0.746754
vn 0.329125 -0.577957 0.746754
vn -0.565377 0.714730 -0.411716
vn -0.565377 0.714730 -0.411716
vn -0.450962 0.791911 -0.411716
vn -0.450962 0.791911 -0.411716
vn -0.565377 0.714730 -0.411716
vn -0.450962 0.791911 -0.411716
vn -0.428313 0.541455 0.723446
vn -0.428313 0.541455 0.723446
vn -0.341634 0.599927 0.723446
vn -0.341634 0.599927 0.723446
vn -0.428313 0.541455 0.723446
vn -0.341634 0.599927 0.723446
vn 0.557218 -0.704411 0.439674
vn 0.557218 -0.704411 0.439674
vn 0.444451 -0.780481 0.439674
vn 0.444451 -0.780481 0.439674
vn 0.557218 -0.704411 0.439674
vn 0.444451 -0.780481 0.439674
vn -0.548664 0.693604 0.466777
vn -0.548664 0.693604 0.466777
vn -0.437635 0.768502 0.466777
vn -0.437635 0.768502 0.466777
vn -0.548664 0.693604 0.466777
vn -0.437635 0.768502 0.466777
vn -0.225194 0.284681 0.931796
vn -0.225194 0.284681 0.931796
vn -0.179621 0.315424 0.931796
vn -0.179621 0.315424 0.931796
vn -0.225194 0.284681 0.931796
vn -0.179621 0.315424 0.931796
vn 0.593567 -0.750356 -0.290936
vn 0.593567 -0.750356 -0.290936
vn 0.473438 -0.831392 -0.290936
vn 0.473438 -0.831392 -0.290936
vn 0.593567 -0.750356 -0.290936
vn 0.473438 -0.831392 -0.290936
vn -0.616367 0.779175 -0.113921
vn -0.616367 0.779175 -0.113921
vn -0.491620 0.863326 -0.113921
vn -0.491620 0.863326 -0.113921
vn -0.616367 0.779175 -0.113921
vn -0.491620 0.863326 -0.113921
vn 0.251406 -0.317810 0.914217
vn 0.251406 -0.317810 0.914217
vn 0.200521 -0.352135 0.914217
vn 0.200521 -0.352135 0.914217
vn 0.251406 -0.317810 0.914217
vn 0.200521 -0.352135 0.914217
vn 0.598361 -0.756427 0.264163
vn 0.598361 -0.756427 0.264163
vn 0.477271 -0.838111 0.264163
vn 0.477271 -0.838111 0.264163
vn 0.598361 -0.756427 0.264163
vn 0.477271 -0.838111 0.264163
vn -0.619946 0.783725 0.037971
vn -0.619946 0.783725 0.037971
vn -0.494498 0.868349 0.037971
vn -0.494498 0.868349 0.037971
vn -0.619946 0.783725 0.037971
vn -0.494498 0.868349 0.037971
vn -0.083240 0.105229 0.990958
vn -0.083240 0.105229 0.990958
vn -0.066395 0.116592 0.990958
vn -0.066395 0.116592 0.990958
vn -0.083240 0.105229 0.990958
vn -0.066395 0.116592 0.990958
vn 0.619615 -0.783287 -0.050396
vn 0.619615 -0.783287 -0.050396
vn 0.494216 -0.867877 -0.050396
vn 0.494216 -0.867877 -0.050396
vn 0.619615 -0.783287 -0.050396
vn 0.494216 -0.867877 -0.050396
vn -0.241027 0.304693 0.921449
vn -0.241027 0.304693 0.921449
vn -0.192246 0.337600 0.921449
vn -0.192246 0.337600 0.921449
vn -0.241027 0.304693 0.921449
vn -0.192246 0.337600 0.921449
vn -0.068387 0.086446 0.993907
vn -0.068387 0.086446 0.993907
vn -0.054542 0.095786 0.993907
vn -0.054542 0.095786 0.993907
vn -0.068387 0.086446 0.993907
vn -0.054542 0.095786 0.993907
vn 0.460001 -0.581518 -0.670996
vn 0.460001 -0.581518 -0.670996
vn 0.366913 -0.644313 -0.670996
vn 0.366913 -0.644313 -0.670996
vn 0.460001 -0.581518 -0.670996
vn 0.366913 -0.644313 -0.670996
vn -0.395571 0.500069 0.770360
vn -0.395571 0.500069 0.770360
vn -0.315521 0.554068 0.770360
vn -0.315521 0.554068 0.770360
vn -0.395571 0.500069 0.770360
vn -0.315521 0.554068 0.770360
vn 0.209450 -0.264777 0.941288
vn 0.209449 -0.264776 0.941289
vn 0.167062 -0.293371 0.941288
vn 0.167062 -0.293371 0.941288
vn 0.209449 -0.264776 0.941289
vn 0.167061 -0.293369 0.941289
vn 0.451315 -0.570529 -0.686157
vn 0.451315 -0.570529 -0.686157
vn 0.359976 -0.632144 -0.686157
vn 0.359976 -0.632144 -0.686157
vn 0.451315 -0.570529 -0.686157
vn 0.359976 -0.632144 -0.686157
vn -0.596809 0.754439 0.273204
vn -0.596809 0.754439 0.273204
vn -0.476010 0.835927 0.273204
vn -0.476010 0.835927 0.273204
vn -0.596809 0.754439 0.273204
vn -0.476010 0.835927 0.273204
vn 0.500804 -0.633086 0.590252
vn 0.500804 -0.633086 0.590252
vn 0.399444 -0.701461 0.590252
vn 0.399444 -0.701461 0.590252
vn 0.500804 -0.633086 0.590252
vn 0.399444 -0.701461 0.590252
vn 0.559167 -0.706876 -0.433197
vn 0.559167 -0.706876 -0.433197
vn 0.446006 -0.783211 -0.433197
vn 0.446006 -0.783211 -0.433197
vn 0.559167 -0.706876 -0.433197
vn 0.446006 -0.783211 -0.433197
vn 0.559167 -0.706876 0.433197
vn 0.559167 -0.706876 0.433197
vn 0.446006 -0.783211 0.433197
vn 0.446006 -0.783211 0.433197
vn 0.559167 -0.706876 0.433197
vn 0.446006 -0.783211 0.433197
vn 0.500804 -0.633086 -0.590252
vn 0.500804 -0.633086 -0.590252
vn 0.399444 -0.701461 -0.590252
vn 0.399444 -0.701461 -0.590252
vn 0.500804 -0.633086 -0.590252
vn 0.399444 -0.701461 -0.590252
vn -0.596809 0.754439 -0.273204
vn -0.596809 0.754439 -0.273204
vn -0.476010 0.835927 -0.273204
vn -0.476010 0.835927 -0.273204
vn -0.596809 0.754439 -0.273204
vn -0.476010 0.835927 -0.273204
vn 0.451315 -0.570529 0.686157
vn 0.451315 -0.570529 0.686157
vn 0.359976 -0.632144 0.686157
vn 0.359976 -0.632144 0.686157
vn 0.451315 -0.570529 0.686157
vn 0.359976 -0.632144 0.686157
vn 0.209449 -0.264776 -0.941289
vn 0.209449 -0.264776 -0.941289
vn 0.167061 -0.293369 -0.941289
vn 0.167061 -0.293369 -0.941289
vn 0.209449 -0.264776 -0.941289
vn 0.167061 -0.293369 -0.941289
vn -0.395571 0.500069 -0.770360
vn -0.395571 0.500069 -0.770360
vn -0.315521 0.554068 -0.770360
vn -0.315521 0.554068 -0.770360
vn -0.395571 0.500069 -0.770360
vn -0.315521 0.554068 -0.770360
vn 0.460001 -0.581518 0.670996
vn 0.460001 -0.581518 0.670996
vn 0.366913 -0.644313 0.670996
vn 0.366913 -0.644313 0.670996
vn 0.460001 -0.581518 0.670996
vn 0.366913 -0.644313 0.670996
vn -0.068387 0.086446 -0.993907
vn -0.068387 0.086446 -0.993907
vn -0.054542 0.095786 -0.993907
vn -0.054542 0.095786 -0.993907
vn -0.068387 0.086446 -0.993907
vn -0.054542 0.095786 -0.993907
vn -0.241027 0.304693 -0.921449
vn -0.241027 0.304693 -0.921449
vn -0.192246 0.337600 -0.921449
vn -0.192246 0.337600 -0.921449
vn -0.241027 0.304693 -0.921449
vn -0.192246 0.337600 -0.921449
vn 0.619615 -0.783287 0.050396
vn 0.619615 -0.783287 0.050396
vn 0.494216 -0.867877 0.050396
vn 0.494216 -0.867877 0.050396
vn 0.619615 -0.783287 0.050396
vn 0.494216 -0.867877 0.050396
vn 0.798801 0.601359 -0.016866
vn 0.798801 0.601359 -0.016866
vn 0.798801 0.601359 -0.016866
vn 0.813430 0.581420 -0.016786
vn 0.831445 0.555607 0.000000
vn 0.813083 0.580708 -0.040924
vn 0.813083 0.580708 -0.040924
vn 0.831445 0.555607 0.000000
vn 0.816237 0.575023 -0.055731
vn 0.816237 0.575023 -0.055731
vn 0.831445 0.555607 0.000000
vn 0.821997 0.565459 -0.067654
vn 0.821997 0.565459 -0.067654
vn 0.831445 0.555607 0.000000
vn 0.830212 0.552139 -0.076752
vn 0.830212 0.552139 -0.076752
vn 0.831445 0.555607 0.000000
vn 0.836128 0.545539 -0.057243
vn 0.836128 0.545539 -0.057243
vn 0.831445 0.555607 0.000000
vn 0.838927 0.543035 -0.036253
vn 0.838927 0.543035 -0.036253
vn 0.831445 0.555607 0.000000
vn 0.843388 0.536579 -0.027921
vn 0.843388 0.536579 -0.027921
vn 0.831445 0.555607 0.000000
vn 0.854984 0.518140 -0.023093
vn 0.854984 0.518140 -0.023093
vn 0.831445 0.555607 0.000000
vn 0.861421 0.507892 0.000000
vn 0.836128 0.545539 -0.057243
vn 0.834316 0.550811 -0.022907
vn 0.830212 0.552139 -0.076752
vn 0.830212 0.552139 -0.076752
vn 0.834316 0.550811 -0.022907
vn 0.834316 0.550811 -0.022907
vn 0.832743 0.553598 0.008239
vn 0.832743 0.553598 0.008239
vn 0.832743 0.553598 0.008239
vn 0.832743 0.553598 0.008239
vn 0.832743 0.553598 0.008239
vn 0.832743 0.553598 0.008239
vn 0.832039 0.554530 0.014442
vn 0.832039 0.554530 0.014442
vn 0.821997 0.565459 -0.067654
vn 0.821997 0.565459 -0.067654
vn 0.832039 0.554530 0.014442
vn 0.816237 0.575023 -0.055731
vn 0.816237 0.575023 -0.055731
vn 0.829277 0.558470 -0.020272
vn 0.813083 0.580708 -0.040924
vn 0.813083 0.580708 -0.040924
vn 0.829277 0.558470 -0.020272
vn 0.829277 0.558470 -0.020272
vn 0.813083 0.580708 -0.040924
vn 0.831604 0.555369 0.000000
vn 0.813430 0.581420 -0.016786
vn 0.813430 0.581420 -0.016786
vn 0.831604 0.555369 0.000000
vn 0.831604 0.555369 0.000000
vn 0.838143 0.545419 0.005914
vn 0.838143 0.545419 0.005914
vn 0.813430 0.581420 -0.016786
vn 0.813430 0.581420 -0.016786
vn 0.838143 0.545419 0.005914
vn 0.805773 0.592224 0.000000
vn 0.838927 0.543035 -0.036253
vn 0.829517 0.558443 0.006604
vn 0.836128 0.545539 -0.057243
vn 0.836128 0.545539 -0.057243
vn 0.829517 0.558443 0.006604
vn 0.829517 0.558443 0.006604
vn 0.843388 0.536579 -0.027921
vn 0.825912 0.563739 0.008207
vn 0.838927 0.543035 -0.036253
vn 0.838927 0.543035 -0.036253
vn 0.825912 0.563739 0.008207
vn 0.825912 0.563739 0.008207
vn 0.831604 0.555369 0.000001
vn 0.831604 0.555369 0.000001
vn 0.854984 0.518140 -0.023093
vn 0.854984 0.518140 -0.023093
vn 0.831604 0.555369 0.000001
vn 0.843388 0.536579 -0.027921
vn 0.806628 0.590796 0.017627
vn 0.806628 0.590796 0.017627
vn 0.806628 0.590796 0.017627
vn 0.806628 0.590796 0.017627
vn 0.806628 0.590796 0.017627
vn 0.806628 0.590796 0.017627
vn 0.805773 0.592224 0.000000
vn 0.813430 0.581420 0.016786
vn 0.831445 0.555607 0.000000
vn 0.813430 0.581420 0.016786
vn 0.813083 0.580708 0.040924
vn 0.831445 0.555607 0.000000
vn 0.813083 0.580708 0.040924
vn 0.816237 0.575023 0.055731
vn 0.831445 0.555607 0.000000
vn 0.816237 0.575023 0.055731
vn 0.821997 0.565459 0.067654
vn 0.831445 0.555607 0.000000
vn 0.821997 0.565459 0.067654
vn 0.830212 0.552138 0.076752
vn 0.831445 0.555607 0.000000
vn 0.830212 0.552138 0.076752
vn 0.836129 0.545538 0.057243
vn 0.831445 0.555607 0.000000
vn 0.836129 0.545538 0.057243
vn 0.838927 0.543035 0.036253
vn 0.831445 0.555607 0.000000
vn 0.838927 0.543035 0.036253
vn 0.843387 0.536580 0.027921
vn 0.831445 0.555607 0.000000
vn 0.843387 0.536580 0.027921
vn 0.854984 0.518140 0.023093
vn 0.831445 0.555607 0.000000
vn 0.854984 0.518140 0.023093
vn 0.861421 0.507892 0.000000
vn 0.831445 0.555607 0.000000
vn 0.836129 0.545538 0.057243
vn 0.830212 0.552138 0.076752
vn 0.834316 0.550810 0.022907
vn 0.834316 0.550810 0.022907
vn 0.830212 0.552138 0.076752
vn 0.834316 0.550810 0.022907
vn 0.832744 0.553597 -0.008239
vn 0.832744 0.553597 -0.008239
vn 0.832744 0.553597 -0.008239
vn 0.832744 0.553597 -0.008239
vn 0.832744 0.553597 -0.008239
vn 0.832744 0.553597 -0.008239
vn 0.816237 0.575023 0.055731
vn 0.832039 0.554530 -0.014442
vn 0.821997 0.565459 0.067654
vn 0.821997 0.565459 0.067654
vn 0.832039 0.554530 -0.014442
vn 0.832039 0.554530 -0.014442
vn 0.816237 0.575023 0.055731
vn 0.813083 0.580708 0.040924
vn 0.829277 0.558470 0.020272
vn 0.829277 0.558470 0.020272
vn 0.813083 0.580708 0.040924
vn 0.829277 0.558470 0.020272
vn 0.813083 0.580708 0.040924
vn 0.813430 0.581420 0.016786
vn 0.831604 0.555369 0.000000
vn 0.831604 0.555369 0.000000
vn 0.813430 0.581420 0.016786
vn 0.831604 0.555369 0.000000
vn 0.805773 0.592224 0.000000
vn 0.838143 0.545419 -0.005914
vn 0.813430 0.581420 0.016786
vn 0.813430 0.581420 0.016786
vn 0.838143 0.545419 -0.005914
vn 0.838143 0.545419 -0.005914
vn 0.838927 0.543035 0.036253
vn 0.836129 0.545538 0.057243
vn 0.829517 0.558442 -0.006604
vn 0.829517 0.558442 -0.006604
vn 0.836129 0.545538 0.057243
vn 0.829517 0.558442 -0.006604
vn 0.843387 0.536580 0.027921
vn 0.838927 0.543035 0.036253
vn 0.825912 0.563740 -0.008207
vn 0.825912 0.563740 -0.008207
vn 0.838927 0.543035 0.036253
vn 0.825912 0.563740 -0.008207
vn 0.843387 0.536580 0.027921
vn 0.831604 0.555369 -0.000001
vn 0.854984 0.518140 0.023093
vn 0.854984 0.518140 0.023093
vn 0.831604 0.555369 -0.000001
vn 0.831604 0.555369 -0.000001
vn 0.806629 0.590796 -0.017627
vn 0.806629 0.590796 -0.017627
vn 0.806629 0.590796 -0.017627
vn 0.806629 0.590796 -0.017627
vn 0.806629 0.590796 -0.017627
vn 0.806629 0.590796 -0.017627
s off
g item_bladens
usemtl initialShadingGroup
f 1845/2517/9733 1846/2518/9734 1847/2519/9735
f 1848/2520/9736 1845/2517/9737 1847/2519/9738
f 1848/2520/9739 1847/2519/9740 1849/2521/9741
f 1850/2522/9742 1848/2520/9743 1849/2521/9744
f 1850/2522/9745 1849/2521/9746 1851/2523/9747
f 1852/2524/9748 1850/2522/9749 1851/2523/9750
f 1852/2524/9751 1851/2523/9752 1846/2518/9753
f 1845/2517/9754 1852/2524/9755 1846/2518/9756
f 1848/2520/9757 1850/2522/9758 1852/2524/9759
f 1845/2517/9760 1848/2520/9761 1852/2524/9762
f 1853/2525/9763 1847/2519/9764 1846/2518/9765
f 1854/2526/9766 1847/2519/9767 1853/2527/9768
f 1854/2528/9769 1849/2521/9770 1847/2519/9771
f 1855/2529/9772 1849/2521/9773 1854/2530/9774
f 1855/2531/9775 1851/2523/9776 1849/2521/9777
f 1856/2532/9778 1851/2523/9779 1855/2533/9780
f 1856/2534/9781 1846/2518/9782 1851/2523/9783
f 1853/2535/9784 1846/2518/9785 1856/2536/9786
f 1854/2537/9787 1856/2538/9788 1855/2539/9789
f 1853/2540/9790 1856/2541/9791 1854/2542/9792
f 1858/2543/9793 1857/2544/9794 1864/2545/9795
f 1864/2545/9796 1857/2544/9797 1863/2546/9798
f 1865/2547/9799 1859/2548/9800 1866/2549/9801
f 1866/2549/9802 1859/2548/9803 1860/2550/9804
f 1859/2548/9805 1861/2551/9806 1862/2552/9807
f 1860/2550/9808 1859/2548/9809 1862/2552/9810
f 1861/2551/9811 1857/2544/9812 1858/2543/9813
f 1862/2552/9814 1861/2551/9815 1858/2543/9816
f 1860/2550/9817 1862/2552/9818 1866/2549/9819
f 1866/2549/9820 1862/2552/9821 1868/2553/9822
f 1862/2552/9823 1858/2543/9824 1868/2553/9825
f 1868/2553/9826 1858/2543/9827 1864/2545/9828
f 1865/2547/9829 1868/2553/9830 1867/2554/9831
f 1866/2549/9832 1868/2553/9833 1865/2547/9834
f 1867/2554/9835 1864/2545/9836 1863/2546/9837
f 1868/2553/9838 1864/2545/9839 1867/2554/9840
f 1869/2555/9841 1870/2556/9842 1871/2557/9843
f 1872/2558/9844 1869/2555/9845 1871/2557/9846
f 1869/2555/9847 1873/2559/9848 1874/2560/9849
f 1870/2556/9850 1869/2555/9851 1874/2560/9852
f 1873/2559/9853 1869/2555/9854 1875/2561/9855
f 1876/2562/9856 1873/2559/9857 1875/2561/9858
f 1869/2555/9859 1872/2558/9860 1877/2563/9861
f 1875/2561/9862 1869/2555/9863 1877/2563/9864
f 1874/2560/9865 1873/2559/9866 1883/2564/9867
f 1883/2564/9868 1873/2559/9869 1882/2565/9870
f 1873/2559/9871 1876/2562/9872 1882/2565/9873
f 1882/2565/9874 1876/2562/9875 1885/2566/9876
f 1876/2562/9877 1875/2561/9878 1885/2566/9879
f 1885/2566/9880 1875/2561/9881 1884/2567/9882
f 1875/2561/9883 1877/2563/9884 1884/2567/9885
f 1884/2567/9886 1877/2563/9887 1886/2568/9888
f 1877/2563/9889 1872/2558/9890 1886/2568/9891
f 1886/2568/9892 1872/2558/9893 1881/2569/9894
f 1872/2558/9895 1871/2557/9896 1881/2569/9897
f 1881/2569/9898 1871/2557/9899 1880/2570/9900
f 1871/2557/9901 1870/2556/9902 1880/2570/9903
f 1880/2570/9904 1870/2556/9905 1879/2571/9906
f 1870/2556/9907 1874/2560/9908 1879/2571/9909
f 1879/2571/9910 1874/2560/9911 1883/2564/9912
f 1878/2572/9913 1880/2570/9914 1879/2571/9915
f 1881/2569/9916 1880/2570/9917 1878/2572/9918
f 1878/2572/9919 1883/2564/9920 1882/2565/9921
f 1879/2571/9922 1883/2564/9923 1878/2572/9924
f 1882/2565/9925 1884/2567/9926 1878/2572/9927
f 1885/2566/9928 1884/2567/9929 1882/2565/9930
f 1878/2572/9931 1886/2568/9932 1881/2569/9933
f 1884/2567/9934 1886/2568/9935 1878/2572/9936
f 1887/2573/9937 1888/2574/9938 1889/2575/9939
f 1888/2574/9940 1890/2576/9941 1889/2575/9942
f 1890/2576/9943 1891/2577/9944 1889/2575/9945
f 1891/2577/9946 1892/2578/9947 1889/2575/9948
f 1892/2578/9949 1893/2579/9950 1889/2575/9951
f 1893/2579/9952 1894/2580/9953 1889/2575/9954
f 1894/2580/9955 1895/2581/9956 1889/2575/9957
f 1895/2581/9958 1896/2582/9959 1889/2575/9960
f 1896/2582/9961 1897/2583/9962 1889/2575/9963
f 1897/2583/9964 1898/2584/9965 1889/2575/9966
f 1894/2580/9967 1893/2579/9968 1900/2585/9969
f 1900/2585/9970 1893/2579/9971 1899/2586/9972
f 1892/2578/9973 1901/2587/9974 1893/2579/9975
f 1893/2579/9976 1901/2587/9977 1902/2588/9978
f 1891/2577/9979 1903/2589/9980 1892/2578/9981
f 1892/2578/9982 1903/2589/9983 1904/2590/9984
f 1890/2576/9985 1905/2591/9986 1891/2577/9987
f 1891/2577/9988 1905/2591/9989 1906/2592/9990
f 1890/2576/9991 1888/2574/9992 1908/2593/9993
f 1908/2593/9994 1888/2574/9995 1907/2594/9996
f 1887/2573/9997 1909/2595/9998 1888/2574/9999
f 1888/2574/10000 1909/2595/10001 1910/2596/10002
f 1895/2581/10003 1894/2580/10004 1912/2597/10005
f 1912/2597/10006 1894/2580/10007 1911/2598/10008
f 1896/2582/10009 1895/2581/10010 1914/2599/10011
f 1914/2599/10012 1895/2581/10013 1913/2600/10014
f 1896/2582/10015 1915/2601/10016 1897/2583/10017
f 1897/2583/10018 1915/2601/10019 1916/2602/10020
f 1897/2583/10021 1917/2603/10022 1898/2584/10023
f 1898/2584/10024 1917/2603/10025 1918/2604/10026
f 1887/2573/10027 1889/2575/10028 1919/2605/10029
f 1919/2605/10030 1889/2575/10031 1920/2606/10032
f 1920/2606/10033 1889/2575/10034 1921/2607/10035
f 1921/2607/10036 1889/2575/10037 1922/2608/10038
f 1922/2608/10039 1889/2575/10040 1923/2609/10041
f 1923/2609/10042 1889/2575/10043 1924/2610/10044
f 1924/2610/10045 1889/2575/10046 1925/2611/10047
f 1925/2611/10048 1889/2575/10049 1926/2612/10050
f 1926/2612/10051 1889/2575/10052 1927/2613/10053
f 1927/2613/10054 1889/2575/10055 1898/2584/10056
f 1924/2610/10057 1928/2614/10058 1923/2609/10059
f 1923/2609/10060 1928/2614/10061 1929/2615/10062
f 1930/2616/10063 1931/2617/10064 1923/2609/10065
f 1923/2609/10066 1931/2617/10067 1922/2608/10068
f 1922/2608/10069 1932/2618/10070 1921/2607/10071
f 1921/2607/10072 1932/2618/10073 1933/2619/10074
f 1921/2607/10075 1934/2620/10076 1920/2606/10077
f 1920/2606/10078 1934/2620/10079 1935/2621/10080
f 1920/2606/10081 1936/2622/10082 1919/2605/10083
f 1919/2605/10084 1936/2622/10085 1937/2623/10086
f 1938/2624/10087 1939/2625/10088 1919/2605/10089
f 1919/2605/10090 1939/2625/10091 1887/2573/10092
f 1940/2626/10093 1941/2627/10094 1925/2611/10095
f 1925/2611/10096 1941/2627/10097 1924/2610/10098
f 1926/2612/10099 1942/2628/10100 1925/2611/10101
f 1925/2611/10102 1942/2628/10103 1943/2629/10104
f 1944/2630/10105 1945/2631/10106 1927/2613/10107
f 1927/2613/10108 1945/2631/10109 1926/2612/10110
f 1946/2632/10111 1947/2633/10112 1898/2584/10113
f 1898/2584/10114 1947/2633/10115 1927/2613/10116
f 1929/2615/10117 1928/2614/10118 1990/2634/10119
f 1990/2634/10120 1928/2614/10121 1989/2635/10122
f 1928/2614/10123 1924/2610/10124 1989/2635/10125
f 1989/2635/10126 1924/2610/10127 1985/2636/10128
f 1924/2610/10129 1941/2627/10130 1985/2636/10131
f 1985/2636/10132 1941/2627/10133 2002/2637/10134
f 1941/2627/10135 1940/2626/10136 2002/2637/10137
f 2002/2637/10138 1940/2626/10139 2001/2638/10140
f 1940/2626/10141 1925/2611/10142 2001/2638/10143
f 2001/2638/10144 1925/2611/10145 1986/2639/10146
f 1925/2611/10147 1943/2629/10148 1986/2639/10149
f 1986/2639/10150 1943/2629/10151 2004/2640/10152
f 1943/2629/10153 1942/2628/10154 2004/2640/10155
f 2004/2640/10156 1942/2628/10157 2003/2641/10158
f 1942/2628/10159 1926/2612/10160 2003/2641/10161
f 2003/2641/10162 1926/2612/10163 1987/2642/10164
f 1926/2612/10165 1945/2631/10166 1987/2642/10167
f 1987/2642/10168 1945/2631/10169 2006/2643/10170
f 1945/2631/10171 1944/2630/10172 2006/2643/10173
f 2006/2643/10174 1944/2630/10175 2005/2644/10176
f 1944/2630/10177 1927/2613/10178 2005/2644/10179
f 2005/2644/10180 1927/2613/10181 1988/2645/10182
f 1927/2613/10183 1947/2633/10184 1988/2645/10185
f 1988/2645/10186 1947/2633/10187 2008/2646/10188
f 1947/2633/10189 1946/2632/10190 2008/2646/10191
f 2008/2646/10192 1946/2632/10193 2007/2647/10194
f 1946/2632/10195 1898/2584/10196 2007/2647/10197
f 2007/2647/10198 1898/2584/10199 1959/2648/10200
f 1898/2584/10201 1918/2604/10202 1959/2648/10203
f 1959/2648/10204 1918/2604/10205 1979/2649/10206
f 1918/2604/10207 1917/2603/10208 1979/2649/10209
f 1979/2649/10210 1917/2603/10211 1978/2650/10212
f 1917/2603/10213 1897/2583/10214 1978/2650/10215
f 1978/2650/10216 1897/2583/10217 1958/2651/10218
f 1897/2583/10219 1916/2602/10220 1958/2651/10221
f 1958/2651/10222 1916/2602/10223 1977/2652/10224
f 1916/2602/10225 1915/2601/10226 1977/2652/10227
f 1977/2652/10228 1915/2601/10229 1976/2653/10230
f 1915/2601/10231 1896/2582/10232 1976/2653/10233
f 1976/2653/10234 1896/2582/10235 1957/2654/10236
f 1896/2582/10237 1914/2599/10238 1957/2654/10239
f 1957/2654/10240 1914/2599/10241 1975/2655/10242
f 1914/2599/10243 1913/2600/10244 1975/2655/10245
f 1975/2655/10246 1913/2600/10247 1974/2656/10248
f 1913/2600/10249 1895/2581/10250 1974/2656/10251
f 1974/2656/10252 1895/2581/10253 1956/2657/10254
f 1895/2581/10255 1912/2597/10256 1956/2657/10257
f 1956/2657/10258 1912/2597/10259 1973/2658/10260
f 1912/2597/10261 1911/2598/10262 1973/2658/10263
f 1973/2658/10264 1911/2598/10265 1972/2659/10266
f 1911/2598/10267 1894/2580/10268 1972/2659/10269
f 1972/2659/10270 1894/2580/10271 1955/2660/10272
f 1894/2580/10273 1900/2585/10274 1955/2660/10275
f 1955/2660/10276 1900/2585/10277 1961/2661/10278
f 1900/2585/10279 1899/2586/10280 1961/2661/10281
f 1961/2661/10282 1899/2586/10283 1960/2662/10284
f 1899/2586/10285 1893/2579/10286 1960/2662/10287
f 1960/2662/10288 1893/2579/10289 1954/2663/10290
f 1893/2579/10291 1902/2588/10292 1954/2663/10293
f 1954/2663/10294 1902/2588/10295 1963/2664/10296
f 1902/2588/10297 1901/2587/10298 1963/2664/10299
f 1963/2664/10300 1901/2587/10301 1962/2665/10302
f 1901/2587/10303 1892/2578/10304 1962/2665/10305
f 1962/2665/10306 1892/2578/10307 1953/2666/10308
f 1892/2578/10309 1904/2590/10310 1953/2666/10311
f 1953/2666/10312 1904/2590/10313 1965/2667/10314
f 1904/2590/10315 1903/2589/10316 1965/2667/10317
f 1965/2667/10318 1903/2589/10319 1964/2668/10320
f 1903/2589/10321 1891/2577/10322 1964/2668/10323
f 1964/2668/10324 1891/2577/10325 1952/2669/10326
f 1891/2577/10327 1906/2592/10328 1952/2669/10329
f 1952/2669/10330 1906/2592/10331 1967/2670/10332
f 1906/2592/10333 1905/2591/10334 1967/2670/10335
f 1967/2670/10336 1905/2591/10337 1966/2671/10338
f 1905/2591/10339 1890/2576/10340 1966/2671/10341
f 1966/2671/10342 1890/2576/10343 1951/2672/10344
f 1890/2576/10345 1908/2593/10346 1951/2672/10347
f 1951/2672/10348 1908/2593/10349 1969/2673/10350
f 1908/2593/10351 1907/2594/10352 1969/2673/10353
f 1969/2673/10354 1907/2594/10355 1968/2674/10356
f 1907/2594/10357 1888/2574/10358 1968/2674/10359
f 1968/2674/10360 1888/2574/10361 1949/2675/10362
f 1888/2574/10363 1910/2596/10364 1949/2675/10365
f 1949/2675/10366 1910/2596/10367 1971/2676/10368
f 1910/2596/10369 1909/2595/10370 1971/2676/10371
f 1971/2676/10372 1909/2595/10373 1970/2677/10374
f 1909/2595/10375 1887/2573/10376 1970/2677/10377
f 1970/2677/10378 1887/2573/10379 1948/2678/10380
f 1887/2573/10381 1939/2625/10382 1948/2678/10383
f 1948/2678/10384 1939/2625/10385 2000/2679/10386
f 1939/2625/10387 1938/2624/10388 2000/2679/10389
f 2000/2679/10390 1938/2624/10391 1999/2680/10392
f 1938/2624/10393 1919/2605/10394 1999/2680/10395
f 1999/2680/10396 1919/2605/10397 1980/2681/10398
f 1919/2605/10399 1937/2623/10400 1980/2681/10401
f 1980/2681/10402 1937/2623/10403 1998/2682/10404
f 1937/2623/10405 1936/2622/10406 1998/2682/10407
f 1998/2682/10408 1936/2622/10409 1997/2683/10410
f 1936/2622/10411 1920/2606/10412 1997/2683/10413
f 1997/2683/10414 1920/2606/10415 1981/2684/10416
f 1920/2606/10417 1935/2621/10418 1981/2684/10419
f 1981/2684/10420 1935/2621/10421 1996/2685/10422
f 1935/2621/10423 1934/2620/10424 1996/2685/10425
f 1996/2685/10426 1934/2620/10427 1995/2686/10428
f 1934/2620/10429 1921/2607/10430 1995/2686/10431
f 1995/2686/10432 1921/2607/10433 1982/2687/10434
f 1921/2607/10435 1933/2619/10436 1982/2687/10437
f 1982/2687/10438 1933/2619/10439 1994/2688/10440
f 1933/2619/10441 1932/2618/10442 1994/2688/10443
f 1994/2688/10444 1932/2618/10445 1993/2689/10446
f 1932/2618/10447 1922/2608/10448 1993/2689/10449
f 1993/2689/10450 1922/2608/10451 1983/2690/10452
f 1922/2608/10453 1931/2617/10454 1983/2690/10455
f 1983/2690/10456 1931/2617/10457 1992/2691/10458
f 1931/2617/10459 1930/2616/10460 1992/2691/10461
f 1992/2691/10462 1930/2616/10463 1991/2692/10464
f 1930/2616/10465 1923/2609/10466 1991/2692/10467
f 1991/2692/10468 1923/2609/10469 1984/2693/10470
f 1923/2609/10471 1929/2615/10472 1984/2693/10473
f 1984/2693/10474 1929/2615/10475 1990/2634/10476
f 1948/2678/10477 1950/2694/10478 1949/2675/10479
f 1949/2675/10480 1950/2694/10481 1951/2672/10482
f 1951/2672/10483 1950/2694/10484 1952/2669/10485
f 1952/2669/10486 1950/2694/10487 1953/2666/10488
f 1953/2666/10489 1950/2694/10490 1954/2663/10491
f 1954/2663/10492 1950/2694/10493 1955/2660/10494
f 1955/2660/10495 1950/2694/10496 1956/2657/10497
f 1956/2657/10498 1950/2694/10499 1957/2654/10500
f 1957/2654/10501 1950/2694/10502 1958/2651/10503
f 1958/2651/10504 1950/2694/10505 1959/2648/10506
f 1955/2660/10507 1961/2661/10508 1954/2663/10509
f 1954/2663/10510 1961/2661/10511 1960/2662/10512
f 1963/2664/10513 1962/2665/10514 1954/2663/10515
f 1954/2663/10516 1962/2665/10517 1953/2666/10518
f 1952/2669/10519 1953/2666/10520 1964/2668/10521
f 1953/2666/10522 1965/2667/10523 1964/2668/10524
f 1967/2670/10525 1966/2671/10526 1952/2669/10527
f 1952/2669/10528 1966/2671/10529 1951/2672/10530
f 1951/2672/10531 1969/2673/10532 1949/2675/10533
f 1949/2675/10534 1969/2673/10535 1968/2674/10536
f 1971/2676/10537 1970/2677/10538 1949/2675/10539
f 1949/2675/10540 1970/2677/10541 1948/2678/10542
f 1956/2657/10543 1973/2658/10544 1955/2660/10545
f 1955/2660/10546 1973/2658/10547 1972/2659/10548
f 1957/2654/10549 1975/2655/10550 1956/2657/10551
f 1956/2657/10552 1975/2655/10553 1974/2656/10554
f 1977/2652/10555 1976/2653/10556 1958/2651/10557
f 1958/2651/10558 1976/2653/10559 1957/2654/10560
f 1979/2649/10561 1978/2650/10562 1959/2648/10563
f 1959/2648/10564 1978/2650/10565 1958/2651/10566
f 1948/2678/10567 1980/2681/10568 1950/2694/10569
f 1980/2681/10570 1981/2684/10571 1950/2694/10572
f 1981/2684/10573 1982/2687/10574 1950/2694/10575
f 1982/2687/10576 1983/2690/10577 1950/2694/10578
f 1983/2690/10579 1984/2693/10580 1950/2694/10581
f 1984/2693/10582 1985/2636/10583 1950/2694/10584
f 1985/2636/10585 1986/2639/10586 1950/2694/10587
f 1986/2639/10588 1987/2642/10589 1950/2694/10590
f 1987/2642/10591 1988/2645/10592 1950/2694/10593
f 1988/2645/10594 1959/2648/10595 1950/2694/10596
f 1985/2636/10597 1984/2693/10598 1989/2635/10599
f 1989/2635/10600 1984/2693/10601 1990/2634/10602
f 1983/2690/10603 1992/2691/10604 1984/2693/10605
f 1984/2693/10606 1992/2691/10607 1991/2692/10608
f 1983/2690/10609 1982/2687/10610 1993/2689/10611
f 1993/2689/10612 1982/2687/10613 1994/2688/10614
f 1982/2687/10615 1981/2684/10616 1995/2686/10617
f 1995/2686/10618 1981/2684/10619 1996/2685/10620
f 1981/2684/10621 1980/2681/10622 1997/2683/10623
f 1997/2683/10624 1980/2681/10625 1998/2682/10626
f 1948/2678/10627 2000/2679/10628 1980/2681/10629
f 1980/2681/10630 2000/2679/10631 1999/2680/10632
f 1985/2636/10633 2002/2637/10634 1986/2639/10635
f 1986/2639/10636 2002/2637/10637 2001/2638/10638
f 1987/2642/10639 1986/2639/10640 2003/2641/10641
f 2003/2641/10642 1986/2639/10643 2004/2640/10644
f 1987/2642/10645 2006/2643/10646 1988/2645/10647
f 1988/2645/10648 2006/2643/10649 2005/2644/10650
f 1988/2645/10651 2008/2646/10652 1959/2648/10653
f 1959/2648/10654 2008/2646/10655 2007/2647/10656
f 2009/2695/10657 2010/2696/10658 2011/2697/10659
f 2011/2697/10660 2010/2696/10661 2012/2698/10662
f 2012/2698/10663 2010/2696/10664 2013/2699/10665
f 2013/2699/10666 2010/2696/10667 2014/2700/10668
f 2014/2700/10669 2010/2696/10670 2015/2701/10671
f 2015/2701/10672 2010/2696/10673 2016/2702/10674
f 2016/2702/10675 2010/2696/10676 2017/2703/10677
f 2017/2703/10678 2010/2696/10679 2018/2704/10680
f 2018/2704/10681 2010/2696/10682 2019/2705/10683
f 2019/2705/10684 2010/2696/10685 2020/2706/10686
f 2020/2706/10687 2010/2696/10688 2021/2707/10689
f 2021/2707/10690 2010/2696/10691 2022/2708/10692
f 2022/2708/10693 2010/2696/10694 2023/2709/10695
f 2010/2696/10696 2024/2710/10697 2023/2709/10698
f 2025/2711/10699 2026/2712/10700 2073/2713/10701
f 2073/2713/10702 2026/2712/10703 2074/2714/10704
f 2024/2710/10705 2010/2696/10706 2072/2715/10707
f 2072/2715/10708 2010/2696/10709 2058/2716/10710
f 2027/2717/10711 2028/2718/10712 2009/2695/10713
f 2009/2695/10714 2028/2718/10715 2010/2696/10716
f 2029/2719/10717 2030/2720/10718 2075/2721/10719
f 2031/2722/10720 2032/2723/10721 2076/2724/10722
f 2076/2724/10723 2032/2723/10724 2077/2725/10725
f 2033/2726/10726 2034/2727/10727 2078/2728/10728
f 2078/2728/10729 2034/2727/10730 2079/2729/10731
f 2035/2730/10732 2036/2731/10733 2080/2732/10734
f 2080/2732/10735 2036/2731/10736 2081/2733/10737
f 2037/2734/10738 2038/2735/10739 2082/2736/10740
f 2082/2736/10741 2038/2735/10742 2083/2737/10743
f 2039/2738/10744 2040/2739/10745 2084/2740/10746
f 2084/2740/10747 2040/2739/10748 2085/2741/10749
f 2041/2742/10750 2042/2743/10751 2086/2744/10752
f 2086/2744/10753 2042/2743/10754 2087/2745/10755
f 2043/2746/10756 2044/2747/10757 2088/2748/10758
f 2088/2748/10759 2044/2747/10760 2089/2749/10761
f 2045/2750/10762 2046/2751/10763 2090/2752/10764
f 2090/2752/10765 2046/2751/10766 2091/2753/10767
f 2047/2754/10768 2048/2755/10769 2092/2756/10770
f 2092/2756/10771 2048/2755/10772 2093/2757/10773
f 2049/2758/10774 2050/2759/10775 2094/2760/10776
f 2094/2760/10777 2050/2759/10778 2095/2761/10779
f 2012/2698/10780 2030/2720/10781 2011/2697/10782
f 2011/2697/10783 2030/2720/10784 2029/2719/10785
f 2030/2720/10786 2012/2698/10787 2075/2721/10788
f 2075/2721/10789 2012/2698/10790 2060/2762/10791
f 2012/2698/10792 2031/2722/10793 2060/2762/10794
f 2060/2762/10795 2031/2722/10796 2076/2724/10797
f 2012/2698/10798 2013/2699/10799 2031/2722/10800
f 2031/2722/10801 2013/2699/10802 2032/2723/10803
f 2032/2723/10804 2013/2699/10805 2077/2725/10806
f 2077/2725/10807 2013/2699/10808 2061/2763/10809
f 2013/2699/10810 2033/2726/10811 2061/2763/10812
f 2061/2763/10813 2033/2726/10814 2078/2728/10815
f 2014/2700/10816 2034/2727/10817 2013/2699/10818
f 2013/2699/10819 2034/2727/10820 2033/2726/10821
f 2034/2727/10822 2014/2700/10823 2079/2729/10824
f 2079/2729/10825 2014/2700/10826 2062/2764/10827
f 2014/2700/10828 2035/2730/10829 2062/2764/10830
f 2062/2764/10831 2035/2730/10832 2080/2732/10833
f 2014/2700/10834 2015/2701/10835 2035/2730/10836
f 2015/2701/10837 2036/2731/10838 2035/2730/10839
f 2036/2731/10840 2015/2701/10841 2081/2733/10842
f 2081/2733/10843 2015/2701/10844 2063/2765/10845
f 2051/2766/10846 2052/2767/10847 2096/2768/10848
f 2096/2768/10849 2052/2767/10850 2097/2769/10851
f 2015/2701/10852 2051/2766/10853 2063/2765/10854
f 2063/2765/10855 2051/2766/10856 2096/2768/10857
f 2016/2702/10858 2052/2767/10859 2015/2701/10860
f 2015/2701/10861 2052/2767/10862 2051/2766/10863
f 2052/2767/10864 2037/2734/10865 2097/2769/10866
f 2097/2769/10867 2037/2734/10868 2082/2736/10869
f 2017/2703/10870 2038/2735/10871 2016/2702/10872
f 2052/2767/10873 2038/2735/10874 2037/2734/10875
f 2038/2735/10876 2017/2703/10877 2083/2737/10878
f 2083/2737/10879 2017/2703/10880 2065/2770/10881
f 2017/2703/10882 2039/2738/10883 2065/2770/10884
f 2065/2770/10885 2039/2738/10886 2084/2740/10887
f 2017/2703/10888 2018/2704/10889 2039/2738/10890
f 2039/2738/10891 2041/2742/10892 2040/2739/10893
f 2040/2739/10894 2041/2742/10895 2085/2741/10896
f 2085/2741/10897 2041/2742/10898 2086/2744/10899
f 2019/2705/10900 2042/2743/10901 2018/2704/10902
f 2018/2704/10903 2042/2743/10904 2041/2742/10905
f 2042/2743/10906 2043/2746/10907 2087/2745/10908
f 2087/2745/10909 2043/2746/10910 2088/2748/10911
f 2042/2743/10912 2020/2706/10913 2043/2746/10914
f 2043/2746/10915 2020/2706/10916 2044/2747/10917
f 2044/2747/10918 2045/2750/10919 2089/2749/10920
f 2089/2749/10921 2045/2750/10922 2090/2752/10923
f 2044/2747/10924 2053/2771/10925 2045/2750/10926
f 2021/2707/10927 2022/2708/10928 2047/2754/10929
f 2047/2754/10930 2022/2708/10931 2048/2755/10932
f 2023/2709/10933 2050/2759/10934 2022/2708/10935
f 2022/2708/10936 2050/2759/10937 2048/2755/10938
f 2050/2759/10939 2049/2758/10940 2048/2755/10941
f 2050/2759/10942 2023/2709/10943 2095/2761/10944
f 2095/2761/10945 2023/2709/10946 2071/2772/10947
f 2023/2709/10948 2025/2711/10949 2071/2772/10950
f 2071/2772/10951 2025/2711/10952 2073/2713/10953
f 2023/2709/10954 2024/2710/10955 2025/2711/10956
f 2025/2711/10957 2024/2710/10958 2026/2712/10959
f 2026/2712/10960 2024/2710/10961 2074/2714/10962
f 2074/2714/10963 2024/2710/10964 2072/2715/10965
f 2009/2695/10966 2011/2697/10967 2054/2773/10968
f 2054/2773/10969 2011/2697/10970 2055/2774/10971
f 2027/2717/10972 2009/2695/10973 2056/2775/10974
f 2056/2775/10975 2009/2695/10976 2054/2773/10977
f 2011/2697/10978 2029/2719/10979 2055/2774/10980
f 2048/2755/10981 2049/2758/10982 2093/2757/10983
f 2093/2757/10984 2049/2758/10985 2094/2760/10986
f 2046/2751/10987 2047/2754/10988 2091/2753/10989
f 2091/2753/10990 2047/2754/10991 2092/2756/10992
f 2045/2750/10993 2053/2771/10994 2046/2751/10995
f 2021/2707/10996 2053/2771/10997 2020/2706/10998
f 2020/2706/10999 2053/2771/11000 2044/2747/11001
f 2053/2771/11002 2021/2707/11003 2047/2754/11004
f 2046/2751/11005 2053/2771/11006 2047/2754/11007
f 2019/2705/11008 2020/2706/11009 2042/2743/11010
f 2039/2738/11011 2018/2704/11012 2041/2742/11013
f 2016/2702/11014 2038/2735/11015 2052/2767/11016
f 2010/2696/11017 2028/2776/11018 2058/2716/11019
f 2057/2777/11020 2059/2778/11021 2058/2716/11022
f 2059/2778/11023 2060/2762/11024 2058/2716/11025
f 2060/2762/11026 2061/2763/11027 2058/2716/11028
f 2061/2763/11029 2062/2764/11030 2058/2716/11031
f 2062/2764/11032 2063/2765/11033 2058/2716/11034
f 2063/2765/11035 2064/2779/11036 2058/2716/11037
f 2064/2779/11038 2065/2770/11039 2058/2716/11040
f 2065/2770/11041 2066/2780/11042 2058/2716/11043
f 2066/2780/11044 2067/2781/11045 2058/2716/11046
f 2067/2781/11047 2068/2782/11048 2058/2716/11049
f 2068/2782/11050 2069/2783/11051 2058/2716/11052
f 2069/2783/11053 2070/2784/11054 2058/2716/11055
f 2070/2784/11056 2071/2772/11057 2058/2716/11058
f 2058/2716/11059 2071/2772/11060 2072/2715/11061
f 2027/2785/11062 2057/2777/11063 2028/2776/11064
f 2057/2777/11065 2058/2716/11066 2028/2776/11067
f 2060/2762/11068 2059/2778/11069 2075/2721/11070
f 2059/2778/11071 2029/2786/11072 2075/2721/11073
f 2060/2762/11074 2076/2724/11075 2061/2763/11076
f 2076/2724/11077 2077/2725/11078 2061/2763/11079
f 2062/2764/11080 2061/2763/11081 2079/2729/11082
f 2061/2763/11083 2078/2728/11084 2079/2729/11085
f 2062/2764/11086 2080/2732/11087 2063/2765/11088
f 2063/2765/11089 2080/2732/11090 2081/2733/11091
f 2064/2779/11092 2063/2765/11093 2097/2769/11094
f 2063/2765/11095 2096/2768/11096 2097/2769/11097
f 2065/2770/11098 2064/2779/11099 2083/2737/11100
f 2097/2769/11101 2082/2736/11102 2083/2737/11103
f 2065/2770/11104 2084/2740/11105 2066/2780/11106
f 2084/2740/11107 2085/2741/11108 2086/2744/11109
f 2067/2781/11110 2066/2780/11111 2087/2745/11112
f 2066/2780/11113 2086/2744/11114 2087/2745/11115
f 2087/2745/11116 2088/2748/11117 2068/2782/11118
f 2088/2748/11119 2089/2749/11120 2068/2782/11121
f 2089/2749/11122 2090/2752/11123 2098/2787/11124
f 2069/2783/11125 2092/2756/11126 2070/2784/11127
f 2092/2756/11128 2093/2757/11129 2070/2784/11130
f 2071/2772/11131 2070/2784/11132 2095/2761/11133
f 2070/2784/11134 2093/2757/11135 2095/2761/11136
f 2093/2757/11137 2094/2760/11138 2095/2761/11139
f 2071/2772/11140 2073/2713/11141 2072/2715/11142
f 2073/2713/11143 2074/2714/11144 2072/2715/11145
f 2057/2777/11146 2054/2788/11147 2059/2778/11148
f 2054/2788/11149 2055/2789/11150 2059/2778/11151
f 2027/2785/11152 2056/2790/11153 2057/2777/11154
f 2056/2790/11155 2054/2788/11156 2057/2777/11157
f 2059/2778/11158 2055/2789/11159 2029/2786/11160
f 2090/2752/11161 2091/2753/11162 2098/2787/11163
f 2089/2749/11164 2098/2787/11165 2068/2782/11166
f 2068/2782/11167 2098/2787/11168 2069/2783/11169
f 2098/2787/11170 2092/2756/11171 2069/2783/11172
f 2091/2753/11173 2092/2756/11174 2098/2787/11175
f 2067/2781/11176 2087/2745/11177 2068/2782/11178
f 2084/2740/11179 2086/2744/11180 2066/2780/11181
f 2064/2779/11182 2097/2769/11183 2083/2737/11184
f 2099/2791/11185 2100/2792/11186 2101/2793/11187
f 2100/2792/11188 2102/2794/11189 2101/2793/11190
f 2102/2794/11191 2103/2795/11192 2101/2793/11193
f 2103/2795/11194 2104/2796/11195 2101/2793/11196
f 2104/2796/11197 2105/2797/11198 2101/2793/11199
f 2105/2797/11200 2106/2798/11201 2101/2793/11202
f 2106/2798/11203 2107/2799/11204 2101/2793/11205
f 2107/2799/11206 2108/2800/11207 2101/2793/11208
f 2108/2800/11209 2109/2801/11210 2101/2793/11211
f 2109/2801/11212 2110/2802/11213 2101/2793/11214
f 2106/2798/11215 2105/2797/11216 2112/2803/11217
f 2112/2803/11218 2105/2797/11219 2111/2804/11220
f 2104/2796/11221 2113/2805/11222 2105/2797/11223
f 2105/2797/11224 2113/2805/11225 2114/2806/11226
f 2103/2795/11227 2115/2807/11228 2104/2796/11229
f 2104/2796/11230 2115/2807/11231 2116/2808/11232
f 2103/2795/11233 2102/2794/11234 2118/2809/11235
f 2118/2809/11236 2102/2794/11237 2117/2810/11238
f 2102/2794/11239 2100/2792/11240 2120/2811/11241
f 2120/2811/11242 2100/2792/11243 2119/2812/11244
f 2099/2791/11245 2121/2813/11246 2100/2792/11247
f 2100/2792/11248 2121/2813/11249 2122/2814/11250
f 2107/2799/11251 2106/2798/11252 2124/2815/11253
f 2124/2815/11254 2106/2798/11255 2123/2816/11256
f 2108/2800/11257 2107/2799/11258 2126/2817/11259
f 2126/2817/11260 2107/2799/11261 2125/2818/11262
f 2108/2800/11263 2127/2819/11264 2109/2801/11265
f 2109/2801/11266 2127/2819/11267 2128/2820/11268
f 2109/2801/11269 2129/2821/11270 2110/2802/11271
f 2110/2802/11272 2129/2821/11273 2130/2822/11274
f 2099/2791/11275 2101/2793/11276 2131/2823/11277
f 2131/2823/11278 2101/2793/11279 2132/2824/11280
f 2132/2824/11281 2101/2793/11282 2133/2825/11283
f 2133/2825/11284 2101/2793/11285 2134/2826/11286
f 2134/2826/11287 2101/2793/11288 2135/2827/11289
f 2135/2827/11290 2101/2793/11291 2136/2828/11292
f 2136/2828/11293 2101/2793/11294 2137/2829/11295
f 2137/2829/11296 2101/2793/11297 2138/2830/11298
f 2138/2830/11299 2101/2793/11300 2139/2831/11301
f 2139/2831/11302 2101/2793/11303 2110/2802/11304
f 2136/2828/11305 2140/2832/11306 2135/2827/11307
f 2135/2827/11308 2140/2832/11309 2141/2833/11310
f 2142/2834/11311 2143/2835/11312 2135/2827/11313
f 2135/2827/11314 2143/2835/11315 2134/2826/11316
f 2144/2836/11317 2145/2837/11318 2134/2826/11319
f 2134/2826/11320 2145/2837/11321 2133/2825/11322
f 2133/2825/11323 2146/2838/11324 2132/2824/11325
f 2132/2824/11326 2146/2838/11327 2147/2839/11328
f 2132/2824/11329 2148/2840/11330 2131/2823/11331
f 2131/2823/11332 2148/2840/11333 2149/2841/11334
f 2150/2842/11335 2151/2843/11336 2131/2823/11337
f 2131/2823/11338 2151/2843/11339 2099/2791/11340
f 2137/2829/11341 2152/2844/11342 2136/2828/11343
f 2136/2828/11344 2152/2844/11345 2153/2845/11346
f 2138/2830/11347 2154/2846/11348 2137/2829/11349
f 2137/2829/11350 2154/2846/11351 2155/2847/11352
f 2156/2848/11353 2157/2849/11354 2139/2831/11355
f 2139/2831/11356 2157/2849/11357 2138/2830/11358
f 2158/2850/11359 2159/2851/11360 2110/2802/11361
f 2110/2802/11362 2159/2851/11363 2139/2831/11364
f 2145/2837/11365 2144/2836/11366 2206/2852/11367
f 2206/2852/11368 2144/2836/11369 2205/2853/11370
f 2144/2836/11371 2134/2826/11372 2205/2853/11373
f 2205/2853/11374 2134/2826/11375 2195/2854/11376
f 2134/2826/11377 2143/2835/11378 2195/2854/11379
f 2195/2854/11380 2143/2835/11381 2204/2855/11382
f 2143/2835/11383 2142/2834/11384 2204/2855/11385
f 2204/2855/11386 2142/2834/11387 2203/2856/11388
f 2142/2834/11389 2135/2827/11390 2203/2856/11391
f 2203/2856/11392 2135/2827/11393 2196/2857/11394
f 2135/2827/11395 2141/2833/11396 2196/2857/11397
f 2196/2857/11398 2141/2833/11399 2202/2858/11400
f 2141/2833/11401 2140/2832/11402 2202/2858/11403
f 2202/2858/11404 2140/2832/11405 2201/2859/11406
f 2140/2832/11407 2136/2828/11408 2201/2859/11409
f 2201/2859/11410 2136/2828/11411 2197/2860/11412
f 2136/2828/11413 2153/2845/11414 2197/2860/11415
f 2197/2860/11416 2153/2845/11417 2214/2861/11418
f 2153/2845/11419 2152/2844/11420 2214/2861/11421
f 2214/2861/11422 2152/2844/11423 2213/2862/11424
f 2152/2844/11425 2137/2829/11426 2213/2862/11427
f 2213/2862/11428 2137/2829/11429 2198/2863/11430
f 2137/2829/11431 2155/2847/11432 2198/2863/11433
f 2198/2863/11434 2155/2847/11435 2216/2864/11436
f 2155/2847/11437 2154/2846/11438 2216/2864/11439
f 2216/2864/11440 2154/2846/11441 2215/2865/11442
f 2154/2846/11443 2138/2830/11444 2215/2865/11445
f 2215/2865/11446 2138/2830/11447 2199/2866/11448
f 2138/2830/11449 2157/2849/11450 2199/2866/11451
f 2199/2866/11452 2157/2849/11453 2218/2867/11454
f 2157/2849/11455 2156/2848/11456 2218/2867/11457
f 2218/2867/11458 2156/2848/11459 2217/2868/11460
f 2156/2848/11461 2139/2831/11462 2217/2868/11463
f 2217/2868/11464 2139/2831/11465 2200/2869/11466
f 2139/2831/11467 2159/2851/11468 2200/2869/11469
f 2200/2869/11470 2159/2851/11471 2220/2870/11472
f 2159/2851/11473 2158/2850/11474 2220/2870/11475
f 2220/2870/11476 2158/2850/11477 2219/2871/11478
f 2158/2850/11479 2110/2802/11480 2219/2871/11481
f 2219/2871/11482 2110/2802/11483 2171/2872/11484
f 2110/2802/11485 2130/2822/11486 2171/2872/11487
f 2171/2872/11488 2130/2822/11489 2191/2873/11490
f 2130/2822/11491 2129/2821/11492 2191/2873/11493
f 2191/2873/11494 2129/2821/11495 2190/2874/11496
f 2129/2821/11497 2109/2801/11498 2190/2874/11499
f 2190/2874/11500 2109/2801/11501 2170/2875/11502
f 2109/2801/11503 2128/2820/11504 2170/2875/11505
f 2170/2875/11506 2128/2820/11507 2189/2876/11508
f 2128/2820/11509 2127/2819/11510 2189/2876/11511
f 2189/2876/11512 2127/2819/11513 2188/2877/11514
f 2127/2819/11515 2108/2800/11516 2188/2877/11517
f 2188/2877/11518 2108/2800/11519 2169/2878/11520
f 2108/2800/11521 2126/2817/11522 2169/2878/11523
f 2169/2878/11524 2126/2817/11525 2187/2879/11526
f 2126/2817/11527 2125/2818/11528 2187/2879/11529
f 2187/2879/11530 2125/2818/11531 2186/2880/11532
f 2125/2818/11533 2107/2799/11534 2186/2880/11535
f 2186/2880/11536 2107/2799/11537 2168/2881/11538
f 2107/2799/11539 2124/2815/11540 2168/2881/11541
f 2168/2881/11542 2124/2815/11543 2185/2882/11544
f 2124/2815/11545 2123/2816/11546 2185/2882/11547
f 2185/2882/11548 2123/2816/11549 2184/2883/11550
f 2123/2816/11551 2106/2798/11552 2184/2883/11553
f 2184/2883/11554 2106/2798/11555 2167/2884/11556
f 2106/2798/11557 2112/2803/11558 2167/2884/11559
f 2167/2884/11560 2112/2803/11561 2173/2885/11562
f 2112/2803/11563 2111/2804/11564 2173/2885/11565
f 2173/2885/11566 2111/2804/11567 2172/2886/11568
f 2111/2804/11569 2105/2797/11570 2172/2886/11571
f 2172/2886/11572 2105/2797/11573 2166/2887/11574
f 2105/2797/11575 2114/2806/11576 2166/2887/11577
f 2166/2887/11578 2114/2806/11579 2175/2888/11580
f 2114/2806/11581 2113/2805/11582 2175/2888/11583
f 2175/2888/11584 2113/2805/11585 2174/2889/11586
f 2113/2805/11587 2104/2796/11588 2174/2889/11589
f 2174/2889/11590 2104/2796/11591 2165/2890/11592
f 2104/2796/11593 2116/2808/11594 2165/2890/11595
f 2165/2890/11596 2116/2808/11597 2177/2891/11598
f 2116/2808/11599 2115/2807/11600 2177/2891/11601
f 2177/2891/11602 2115/2807/11603 2176/2892/11604
f 2115/2807/11605 2103/2795/11606 2176/2892/11607
f 2176/2892/11608 2103/2795/11609 2164/2893/11610
f 2103/2795/11611 2118/2809/11612 2164/2893/11613
f 2164/2893/11614 2118/2809/11615 2179/2894/11616
f 2118/2809/11617 2117/2810/11618 2179/2894/11619
f 2179/2894/11620 2117/2810/11621 2178/2895/11622
f 2117/2810/11623 2102/2794/11624 2178/2895/11625
f 2178/2895/11626 2102/2794/11627 2163/2896/11628
f 2102/2794/11629 2120/2811/11630 2163/2896/11631
f 2163/2896/11632 2120/2811/11633 2181/2897/11634
f 2120/2811/11635 2119/2812/11636 2181/2897/11637
f 2181/2897/11638 2119/2812/11639 2180/2898/11640
f 2119/2812/11641 2100/2792/11642 2180/2898/11643
f 2180/2898/11644 2100/2792/11645 2161/2899/11646
f 2100/2792/11647 2122/2814/11648 2161/2899/11649
f 2161/2899/11650 2122/2814/11651 2183/2900/11652
f 2122/2814/11653 2121/2813/11654 2183/2900/11655
f 2183/2900/11656 2121/2813/11657 2182/2901/11658
f 2121/2813/11659 2099/2791/11660 2182/2901/11661
f 2182/2901/11662 2099/2791/11663 2160/2902/11664
f 2099/2791/11665 2151/2843/11666 2160/2902/11667
f 2160/2902/11668 2151/2843/11669 2212/2903/11670
f 2151/2843/11671 2150/2842/11672 2212/2903/11673
f 2212/2903/11674 2150/2842/11675 2211/2904/11676
f 2150/2842/11677 2131/2823/11678 2211/2904/11679
f 2211/2904/11680 2131/2823/11681 2192/2905/11682
f 2131/2823/11683 2149/2841/11684 2192/2905/11685
f 2192/2905/11686 2149/2841/11687 2210/2906/11688
f 2149/2841/11689 2148/2840/11690 2210/2906/11691
f 2210/2906/11692 2148/2840/11693 2209/2907/11694
f 2148/2840/11695 2132/2824/11696 2209/2907/11697
f 2209/2907/11698 2132/2824/11699 2193/2908/11700
f 2132/2824/11701 2147/2839/11702 2193/2908/11703
f 2193/2908/11704 2147/2839/11705 2208/2909/11706
f 2147/2839/11707 2146/2838/11708 2208/2909/11709
f 2208/2909/11710 2146/2838/11711 2207/2910/11712
f 2146/2838/11713 2133/2825/11714 2207/2910/11715
f 2207/2910/11716 2133/2825/11717 2194/2911/11718
f 2133/2825/11719 2145/2837/11720 2194/2911/11721
f 2194/2911/11722 2145/2837/11723 2206/2852/11724
f 2160/2902/11725 2162/2912/11726 2161/2899/11727
f 2161/2899/11728 2162/2912/11729 2163/2896/11730
f 2163/2896/11731 2162/2912/11732 2164/2893/11733
f 2164/2893/11734 2162/2912/11735 2165/2890/11736
f 2165/2890/11737 2162/2912/11738 2166/2887/11739
f 2166/2887/11740 2162/2912/11741 2167/2884/11742
f 2167/2884/11743 2162/2912/11744 2168/2881/11745
f 2168/2881/11746 2162/2912/11747 2169/2878/11748
f 2169/2878/11749 2162/2912/11750 2170/2875/11751
f 2170/2875/11752 2162/2912/11753 2171/2872/11754
f 2167/2884/11755 2173/2885/11756 2166/2887/11757
f 2166/2887/11758 2173/2885/11759 2172/2886/11760
f 2175/2888/11761 2174/2889/11762 2166/2887/11763
f 2166/2887/11764 2174/2889/11765 2165/2890/11766
f 2177/2891/11767 2176/2892/11768 2165/2890/11769
f 2165/2890/11770 2176/2892/11771 2164/2893/11772
f 2164/2893/11773 2179/2894/11774 2163/2896/11775
f 2163/2896/11776 2179/2894/11777 2178/2895/11778
f 2163/2896/11779 2181/2897/11780 2161/2899/11781
f 2161/2899/11782 2181/2897/11783 2180/2898/11784
f 2183/2900/11785 2182/2901/11786 2161/2899/11787
f 2161/2899/11788 2182/2901/11789 2160/2902/11790
f 2168/2881/11791 2185/2882/11792 2167/2884/11793
f 2167/2884/11794 2185/2882/11795 2184/2883/11796
f 2169/2878/11797 2187/2879/11798 2168/2881/11799
f 2168/2881/11800 2187/2879/11801 2186/2880/11802
f 2189/2876/11803 2188/2877/11804 2170/2875/11805
f 2170/2875/11806 2188/2877/11807 2169/2878/11808
f 2191/2873/11809 2190/2874/11810 2171/2872/11811
f 2171/2872/11812 2190/2874/11813 2170/2875/11814
f 2160/2902/11815 2192/2905/11816 2162/2912/11817
f 2192/2905/11818 2193/2908/11819 2162/2912/11820
f 2193/2908/11821 2194/2911/11822 2162/2912/11823
f 2194/2911/11824 2195/2854/11825 2162/2912/11826
f 2195/2854/11827 2196/2857/11828 2162/2912/11829
f 2196/2857/11830 2197/2860/11831 2162/2912/11832
f 2197/2860/11833 2198/2863/11834 2162/2912/11835
f 2198/2863/11836 2199/2866/11837 2162/2912/11838
f 2199/2866/11839 2200/2869/11840 2162/2912/11841
f 2200/2869/11842 2171/2872/11843 2162/2912/11844
f 2197/2860/11845 2196/2857/11846 2201/2859/11847
f 2201/2859/11848 2196/2857/11849 2202/2858/11850
f 2195/2854/11851 2204/2855/11852 2196/2857/11853
f 2196/2857/11854 2204/2855/11855 2203/2856/11856
f 2194/2911/11857 2206/2852/11858 2195/2854/11859
f 2195/2854/11860 2206/2852/11861 2205/2853/11862
f 2194/2911/11863 2193/2908/11864 2207/2910/11865
f 2207/2910/11866 2193/2908/11867 2208/2909/11868
f 2193/2908/11869 2192/2905/11870 2209/2907/11871
f 2209/2907/11872 2192/2905/11873 2210/2906/11874
f 2160/2902/11875 2212/2903/11876 2192/2905/11877
f 2192/2905/11878 2212/2903/11879 2211/2904/11880
f 2198/2863/11881 2197/2860/11882 2213/2862/11883
f 2213/2862/11884 2197/2860/11885 2214/2861/11886
f 2199/2866/11887 2198/2863/11888 2215/2865/11889
f 2215/2865/11890 2198/2863/11891 2216/2864/11892
f 2199/2866/11893 2218/2867/11894 2200/2869/11895
f 2200/2869/11896 2218/2867/11897 2217/2868/11898
f 2200/2869/11899 2220/2870/11900 2171/2872/11901
f 2171/2872/11902 2220/2870/11903 2219/2871/11904
g default
v 48.105751 34.227997 13.102736
v 43.934906 30.233791 13.102736
v 42.997169 39.649132 13.479037
v 38.826317 35.654934 13.479037
v 45.580139 36.912800 12.906137
v 41.428848 32.898361 12.906137
v 48.105751 34.227997 15.301337
v 43.934906 30.233791 15.301337
v 42.997169 39.649132 14.925036
v 38.826317 35.654934 14.925036
v 45.580139 36.912800 15.497937
v 41.428848 32.898361 15.497937
v 46.179684 37.492588 10.635136
v 82.943291 72.551620 10.635136
v 85.793510 69.540115 11.936437
v 49.201344 34.281342 11.936437
v 43.294621 40.549438 11.936437
v 80.399979 75.284096 11.936437
v 44.912025 36.266716 10.635136
v 42.011124 39.339943 11.936437
v 47.917839 33.071850 11.936437
v 46.179684 37.492588 17.768938
v 82.943291 72.551620 17.768938
v 85.793510 69.540115 16.467636
v 49.201344 34.281342 16.467636
v 43.294621 40.549438 16.467636
v 80.399979 75.284096 16.467636
v 44.912025 36.266716 17.768938
v 42.011124 39.339943 16.467636
v 47.917839 33.071850 16.467636
v 45.063515 34.003899 14.202037
v 45.001160 34.067055 14.637181
v 43.929626 35.412727 14.202037
v 44.820198 34.250359 15.029731
v 45.731781 33.122543 17.671246
v 44.183159 34.895584 15.541273
v 43.789452 35.294361 15.610193
v 43.395752 35.693146 15.541273
v 43.040581 36.052887 15.341259
v 42.758720 36.338375 15.029730
v 42.577751 36.521675 14.637181
v 42.515388 36.584831 14.202037
v 43.891113 35.167419 16.387114
v 43.522781 35.540504 16.088823
v 44.107674 34.982220 16.152832
v 43.746239 35.348305 16.485880
v 44.560226 34.526123 15.986699
v 44.195656 34.895386 15.884083
v 45.060905 33.989883 15.601818
v 45.937347 32.897682 17.858719
v 45.203415 33.862198 15.082942
v 44.957623 34.111145 15.266202
v 45.208031 33.867935 14.804575
v 45.079258 33.998375 15.170691
v 43.180462 35.922470 16.479458
v 42.913822 36.192551 15.950477
v 41.510010 37.795208 20.043243
v 41.664169 37.639053 19.460466
v 42.629166 36.469604 15.218437
v 42.372360 36.729713 15.121206
v 42.327030 36.819389 14.545691
v 42.255230 36.892113 14.293526
v 45.001160 34.067055 13.766892
v 44.820198 34.250359 13.374343
v 44.538326 34.535843 13.062815
v 44.183159 34.895584 12.862801
v 43.789452 35.294361 12.793880
v 43.395752 35.693146 12.862801
v 43.040581 36.052887 13.062815
v 42.758720 36.338375 13.374344
v 42.577751 36.521675 13.766892
v 43.522781 35.540504 12.315249
v 43.891113 35.167419 12.016960
v 43.746239 35.348305 11.918194
v 44.107674 34.982220 12.251242
v 45.155640 33.758560 9.648544
v 45.520210 33.389301 9.545929
v 44.743893 34.310982 12.875343
v 45.060905 33.989883 12.802256
v 44.957623 34.111145 13.137872
v 45.203415 33.862198 13.321132
v 45.079258 33.998375 13.233382
v 45.208031 33.867935 13.599499
v 42.539955 36.630722 8.702103
v 42.859882 36.306675 9.081109
v 42.543808 36.576630 12.926944
v 42.631943 36.487350 12.287159
v 42.372360 36.729713 13.282867
v 42.629166 36.469604 13.185637
v 42.255230 36.892113 14.110548
v 42.327030 36.819389 13.858382
v 45.259460 34.184765 14.202037
v 45.201485 34.251965 14.637181
v 43.945698 35.427567 14.202037
v 45.033222 34.446995 15.029731
v 46.084618 33.448235 17.671246
v 44.440933 35.133533 15.541273
v 44.074883 35.557835 15.610193
v 43.708824 35.982132 15.541273
v 43.378601 36.364899 15.341259
v 43.116531 36.668667 15.029730
v 42.948280 36.863701 14.637181
v 42.890301 36.930901 14.202037
v 44.193295 35.446354 16.387114
v 43.850826 35.843315 16.088823
v 44.360611 35.215694 16.152832
v 44.024559 35.605217 16.485880
v 44.779099 34.728165 15.986699
v 44.440136 35.121063 15.884083
v 45.273628 34.186249 15.601818
v 46.292343 33.225365 17.858719
v 45.389526 34.034000 15.082942
v 45.161007 34.298885 15.266202
v 45.383446 34.029854 14.804575
v 45.263706 34.168633 15.170691
v 43.497421 36.215050 16.479458
v 43.249504 36.502411 15.950477
v 41.764103 38.029755 20.043243
v 41.907440 37.863609 19.460466
v 42.996075 36.808289 15.218437
v 42.757309 37.085052 15.121206
v 42.671539 37.137398 14.545691
v 42.604786 37.214775 14.293526
v 45.201485 34.251965 13.766892
v 45.033222 34.446995 13.374343
v 44.771164 34.750767 13.062815
v 44.440933 35.133533 12.862801
v 44.074883 35.557835 12.793880
v 43.708824 35.982132 12.862801
v 43.378601 36.364899 13.062815
v 43.116531 36.668667 13.374344
v 42.948280 36.863701 13.766892
v 43.850826 35.843315 12.315249
v 44.193295 35.446354 12.016960
v 44.024559 35.605217 11.918194
v 44.360611 35.215694 12.251242
v 45.496651 34.073341 9.648544
v 45.835609 33.680439 9.545929
v 44.978886 34.527897 12.875343
v 45.273628 34.186249 12.802256
v 45.161007 34.298885 13.137872
v 45.389526 34.034000 13.321132
v 45.263706 34.168633 13.233382
v 45.383446 34.029854 13.599499
v 42.842598 36.910088 8.702103
v 43.140053 36.565292 9.081109
v 42.896210 36.901917 12.926944
v 42.978165 36.806938 12.287159
v 42.757309 37.085052 13.282867
v 42.996075 36.808289 13.185637
v 42.604786 37.214775 14.110548
v 42.671539 37.137398 13.858382
v 41.013321 34.429939 13.457837
v -2.447937 -11.970200 13.457837
v 6.693710 -3.156395 13.457837
v 15.835411 5.657459 13.457837
v 24.977165 14.471371 13.457837
v 35.768330 24.776119 13.457837
v 43.260544 32.099056 13.457837
v 39.440048 26.546818 13.457837
v 46.932262 33.869755 13.457837
v 39.570652 35.926266 13.956992
v -1.776375 -13.504124 13.457837
v 0.499176 -13.319717 13.457837
v 7.295078 -3.773479 13.457837
v 7.836502 -4.329109 13.457837
v 15.950241 2.733601 13.457837
v 15.867653 4.836582 13.457837
v 26.754524 13.754131 13.457837
v 28.046303 13.232841 13.457837
v 34.370941 20.886015 13.457837
v 10.041553 -1.708637 13.457837
v 41.013321 34.429939 14.456147
v -2.447937 -11.970200 14.456147
v 6.693710 -3.156395 14.456147
v 15.835411 5.657459 14.456147
v 24.977165 14.471371 14.456147
v 35.768330 24.776119 14.456147
v 43.260544 32.099056 14.456147
v 39.440048 26.546818 14.456147
v 46.932262 33.869755 14.456147
v -1.776375 -13.504124 14.456147
v 0.499176 -13.319717 14.456147
v 7.295078 -3.773479 14.456147
v 7.836502 -4.329109 14.456147
v 15.950241 2.733601 14.456147
v 15.867653 4.836582 14.456147
v 26.754524 13.754131 14.456147
v 28.046303 13.232841 14.456147
v 34.370941 20.886015 14.456147
v 10.041553 -1.708637 14.456147
v 49.875610 29.365082 14.202037
v 49.586117 29.665977 16.252237
v 44.329933 35.822811 14.202037
v 48.745972 30.539257 18.101749
v 47.437431 31.899406 19.569532
v 45.788567 33.613300 20.511906
v 43.960793 35.513157 20.836628
v 42.133015 37.413017 20.511906
v 40.484154 39.126915 19.569532
v 39.175606 40.487061 18.101749
v 38.335468 41.360336 16.252237
v 38.045982 41.661240 14.202037
v 44.458687 34.931789 24.497128
v 42.748695 36.709232 23.091713
v 45.427120 34.016087 23.393295
v 43.749168 35.760220 24.962456
v 47.525597 31.840933 22.610550
v 45.833099 33.600185 22.127071
v 49.881489 29.314600 20.797165
v 48.409771 30.844370 20.452814
v 50.525059 28.690004 18.352457
v 49.384010 29.876064 19.215899
v 50.535248 28.707167 17.040920
v 49.937408 29.328585 18.765896
v 41.121361 38.494598 24.932198
v 39.883484 39.781300 22.439884
v 38.564823 41.176731 23.224068
v 38.155640 41.602051 20.209690
v 38.574142 41.112247 18.990849
v 37.381924 42.351479 18.532742
v 37.124157 42.735977 15.821182
v 36.790840 43.082439 14.633093
v 49.586117 29.665977 12.151836
v 48.745972 30.539257 10.302324
v 47.437431 31.899406 8.834541
v 45.788567 33.613300 7.892168
v 43.960793 35.513157 7.567448
v 42.133015 37.413017 7.892168
v 40.484154 39.126915 8.834541
v 39.175606 40.487061 10.302324
v 38.335468 41.360336 12.151836
v 42.748695 36.709232 5.312361
v 44.458687 34.931793 3.906947
v 43.749168 35.760220 3.441617
v 45.427120 34.016087 5.010779
v 45.833099 33.600185 6.277003
v 47.525597 31.840933 5.793525
v 48.409771 30.844370 7.951260
v 49.881489 29.314600 7.606908
v 49.384010 29.876064 9.188175
v 50.525059 28.690004 10.051617
v 49.937408 29.328585 9.638177
v 50.535248 28.707167 11.363153
v 39.883484 39.781300 5.964189
v 41.121361 38.494598 3.471877
v 38.155640 41.602051 8.194384
v 38.564823 41.176731 5.180006
v 37.381924 42.351479 9.871332
v 38.574142 41.112247 9.413225
v 36.790840 43.082439 13.770981
v 37.124157 42.735977 12.582891
v 50.751625 30.200048 14.202037
v 50.464951 30.503632 16.252237
v 44.567261 36.049019 14.202037
v 49.632965 31.384687 18.101749
v 48.337132 32.756950 19.569532
v 46.704281 34.486107 20.511906
v 44.894260 36.402882 20.836628
v 43.084232 38.319664 20.511906
v 41.451378 40.048820 19.569532
v 40.155548 41.421082 18.101749
v 39.323566 42.302132 16.252237
v 39.036888 42.605717 14.202037
v 45.451080 35.877682 24.497128
v 43.757683 37.670944 23.091713
v 46.319290 34.866451 23.393295
v 44.657631 36.626114 24.962456
v 48.391312 32.666080 22.610550
v 46.715244 34.440998 22.127071
v 50.801758 30.191751 20.797165
v 49.344330 31.735138 20.452814
v 51.394775 29.518969 18.352457
v 50.264801 30.715582 19.215899
v 51.377144 29.509613 17.040920
v 50.785110 30.136570 18.765896
v 42.052414 39.382019 24.932198
v 40.826550 40.680176 22.439884
v 39.495964 42.064236 23.224068
v 39.090752 42.493343 20.209690
v 39.559921 42.051834 18.990849
v 38.379284 43.302109 18.532742
v 38.007599 43.578022 15.821182
v 37.677513 43.927567 14.633093
v 50.464951 30.503632 12.151836
v 49.632965 31.384687 10.302324
v 48.337132 32.756950 8.834541
v 46.704281 34.486107 7.892168
v 44.894260 36.402882 7.567448
v 43.084232 38.319664 7.892168
v 41.451378 40.048820 8.834541
v 40.155548 41.421082 10.302324
v 39.323566 42.302132 12.151836
v 43.757683 37.670944 5.312361
v 45.451080 35.877682 3.906947
v 44.657631 36.626114 3.441617
v 46.319290 34.866451 5.010779
v 46.715244 34.440998 6.277003
v 48.391312 32.666080 5.793525
v 49.344330 31.735138 7.951260
v 50.801758 30.191751 7.606908
v 50.264801 30.715582 9.188175
v 51.394775 29.518969 10.051617
v 50.785110 30.136570 9.638177
v 51.377144 29.509613 11.363153
v 40.826550 40.680176 5.964189
v 42.052414 39.382019 3.471877
v 39.090752 42.493343 8.194384
v 39.495964 42.064236 5.180006
v 38.379284 43.302109 9.871332
v 39.559921 42.051834 9.413225
v 37.677513 43.927567 13.770981
v 38.007599 43.578022 12.582891
v -7.797791 -12.630676 13.457837
v -6.932236 -13.645615 13.457837
v -6.853050 -13.738468 13.457837
v -6.757004 -13.851093 13.457837
v -6.661255 -13.963364 13.457837
v -6.541649 -14.103619 13.457837
v -6.447983 -14.213444 13.457837
v -6.188683 -14.517502 13.457837
v -5.919792 -14.832794 13.457837
v -5.692924 -15.098824 13.457837
v -9.149033 -11.046219 13.956992
v -8.594666 -11.696270 13.752204
v -4.873817 -16.059296 13.457837
v -4.873817 -16.059296 13.793214
v -4.873817 -16.059296 14.456147
v -5.008240 -15.901676 13.457837
v -6.932236 -13.645615 14.456147
v -7.797791 -12.630676 14.456147
v -6.853043 -13.738461 14.456147
v -6.757004 -13.851093 14.456147
v -6.661263 -13.963371 14.456147
v -6.541649 -14.103619 14.456147
v -6.447983 -14.213444 14.456147
v -6.188683 -14.517502 14.456147
v -5.919792 -14.832794 14.456147
v -5.692924 -15.098824 14.456147
v -8.594666 -11.696270 14.161779
v -5.008240 -15.901676 14.456147
v -8.594666 -11.696270 13.956992
v -7.797791 -12.630676 13.956992
v -6.932236 -13.645615 13.956992
v -6.853050 -13.738468 13.956992
v -6.757004 -13.851093 13.956992
v -6.661255 -13.963364 13.956992
v -6.541649 -14.103619 13.956992
v -6.447983 -14.213444 13.956992
v -6.188683 -14.517502 13.956992
v -5.919792 -14.832794 13.956992
v -5.692924 -15.098824 13.956992
v -5.008240 -15.901676 13.956992
v -18.189941 -34.135895 13.457837
v -14.979117 -34.552673 13.457837
v -13.559409 -24.172760 13.457837
v -11.650958 -9.343567 13.457837
v -10.037269 3.282608 13.457837
v -8.424949 15.831406 13.457837
v -7.154410 26.224823 13.457837
v -5.170112 41.004913 13.457837
v -3.535266 53.597923 13.457837
v -20.251148 -33.868271 13.956992
v -14.281447 -34.639709 13.956992
v -13.195857 -25.732697 13.457837
v -12.925414 -22.865631 13.457836
v -10.358079 -10.679092 13.457836
v -10.415393 -9.495010 13.457837
v -9.370397 3.190872 13.457837
v -9.600749 3.874222 13.457837
v -6.178344 15.408371 13.457837
v -5.331635 24.265442 13.457842
v -3.850877 40.056953 13.457842
v -4.286908 41.557022 13.457837
v -1.513549 53.949196 13.457837
v -2.868447 53.713753 13.457837
v -6.700986 16.999344 13.457839
v -6.139354 25.133728 13.457840
v -18.595997 -37.472107 13.956992
v -15.716699 -39.766022 13.956992
v -20.438843 -36.003860 13.956992
v -18.189941 -34.135895 14.456147
v -14.979117 -34.552673 14.456147
v -13.559409 -24.172760 14.456147
v -11.650958 -9.343567 14.456147
v -10.037269 3.282608 14.456147
v -8.424949 15.831406 14.456147
v -7.154410 26.224823 14.456147
v -5.170112 41.004913 14.456147
v -3.535266 53.597923 14.456147
v -13.195857 -25.732697 14.456147
v -12.925414 -22.865631 14.456148
v -10.358079 -10.679092 14.456148
v -10.415393 -9.495010 14.456147
v -9.370397 3.190872 14.456147
v -9.600749 3.874222 14.456147
v -6.178344 15.408371 14.456147
v -5.331635 24.265442 14.456141
v -3.850877 40.056953 14.456141
v -4.286908 41.557022 14.456147
v -1.513549 53.949196 14.456147
v -2.868447 53.713753 14.456147
v -6.700986 16.999344 14.456145
v -6.139354 25.133728 14.456144
v -5.666095 62.333771 13.457837
v -4.356233 62.081703 13.457837
v -4.236400 62.058640 13.457837
v -4.091048 62.030670 13.457837
v -3.946151 62.002785 13.457837
v -3.765141 61.967949 13.457837
v -3.623403 61.940674 13.457837
v -3.230989 61.865158 13.457837
v -2.824079 61.786850 13.457837
v -2.480746 61.720779 13.457837
v -7.710973 62.727287 13.956992
v -6.872029 62.565842 13.752204
v -1.241178 61.482239 13.457837
v -1.241178 61.482239 13.956992
v -1.241178 61.482239 14.456147
v -1.444595 61.521385 13.457837
v -4.356233 62.081703 14.456147
v -5.666095 62.333771 14.456147
v -4.236400 62.058647 14.456147
v -4.091048 62.030670 14.456147
v -3.946153 62.002777 14.456147
v -3.765141 61.967949 14.456147
v -3.623403 61.940674 14.456147
v -3.230989 61.865158 14.456147
v -2.824079 61.786850 14.456147
v -2.480746 61.720779 14.456147
v -6.872029 62.565842 14.161779
v -1.444595 61.521385 14.456147
v -6.872029 62.565842 13.956992
v -5.666095 62.333771 13.956992
v -4.356233 62.081703 13.956992
v -4.236402 62.058640 13.956992
v -4.091048 62.030670 13.956992
v -3.946151 62.002785 13.956992
v -3.765141 61.967949 13.956992
v -3.623403 61.940674 13.956992
v -3.230989 61.865158 13.956992
v -2.824079 61.786850 13.956992
v -2.480746 61.720779 13.956992
v -1.444595 61.521385 13.956992
v 0.000001 56.223221 -4.000004
v 0.000001 71.277710 -0.000005
v 70.710701 0.567014 0.000000
v 55.656200 0.567014 -4.000000
v -0.000001 -70.143593 0.000005
v 0.000002 -55.089081 -3.999996
v -70.710701 0.567014 0.000000
v -55.656101 0.567014 -4.000000
v 0.000001 56.223221 3.999996
v 55.656200 0.567014 4.000000
v 0.000002 -55.089081 4.000004
v -55.656101 0.567014 4.000000
vt 0.316634 0.360509
vt 0.287315 0.361940
vt 0.316634 0.360509
vt 0.287315 0.361940
vt 0.291710 0.403193
vt 0.291710 0.403193
vt 0.322146 0.398013
vt 0.322146 0.398013
vt 0.288594 0.382700
vt 0.319608 0.378524
vt 0.319608 0.378524
vt 0.288594 0.382700
vt 0.140626 0.379148
vt 0.138613 0.181605
vt 0.154766 0.181504
vt 0.158074 0.379279
vt 0.123950 0.379373
vt 0.124012 0.181861
vt 0.140827 0.385711
vt 0.124566 0.385298
vt 0.157368 0.385309
vt 0.124012 0.181861
vt 0.123950 0.379373
vt 0.124566 0.385298
vt 0.140827 0.385711
vt 0.157368 0.385309
vt 0.158074 0.379279
vt 0.154766 0.181504
vt 0.138613 0.181605
vt 0.140626 0.379148
vt 0.335488 0.246693
vt 0.336708 0.247881
vt 0.330089 0.255464
vt 0.337134 0.250112
vt 0.349919 0.248520
vt 0.336162 0.255569
vt 0.334725 0.258525
vt 0.332509 0.261105
vt 0.330288 0.263346
vt 0.327951 0.264263
vt 0.325843 0.264632
vt 0.324159 0.264161
vt 0.334447 0.261221
vt 0.336654 0.260738
vt 0.337767 0.257307
vt 0.337369 0.259864
vt 0.339312 0.254232
vt 0.337379 0.255948
vt 0.340020 0.249537
vt 0.351297 0.247475
vt 0.338125 0.249555
vt 0.338846 0.248302
vt 0.337873 0.246573
vt 0.338569 0.247786
vt 0.331930 0.264838
vt 0.334317 0.264428
vt 0.333002 0.282496
vt 0.333700 0.284867
vt 0.327707 0.265409
vt 0.326548 0.266434
vt 0.324482 0.266191
vt 0.323711 0.266164
vt 0.333910 0.246079
vt 0.331757 0.246661
vt 0.329438 0.247937
vt 0.327373 0.249983
vt 0.325441 0.252513
vt 0.323752 0.255394
vt 0.322816 0.258152
vt 0.322632 0.260743
vt 0.323088 0.262792
vt 0.323134 0.253638
vt 0.322798 0.251388
vt 0.322983 0.250888
vt 0.325108 0.249453
vt 0.320515 0.237181
vt 0.321520 0.234610
vt 0.329884 0.246731
vt 0.329970 0.244805
vt 0.331727 0.245515
vt 0.332567 0.244374
vt 0.333189 0.244350
vt 0.334575 0.244464
vt 0.306917 0.252682
vt 0.309327 0.251360
vt 0.320466 0.261422
vt 0.319121 0.259998
vt 0.321033 0.262860
vt 0.321579 0.261393
vt 0.322448 0.265320
vt 0.322138 0.264603
vt 0.322798 0.251388
vt 0.323134 0.253638
vt 0.323752 0.255394
vt 0.309327 0.251360
vt 0.306917 0.252682
vt 0.322816 0.258152
vt 0.319121 0.259998
vt 0.320466 0.261422
vt 0.322632 0.260743
vt 0.321579 0.261393
vt 0.321033 0.262860
vt 0.323088 0.262792
vt 0.322138 0.264603
vt 0.322448 0.265320
vt 0.324159 0.264161
vt 0.323711 0.266164
vt 0.324482 0.266191
vt 0.325843 0.264632
vt 0.326548 0.266434
vt 0.327707 0.265409
vt 0.327951 0.264263
vt 0.333002 0.282496
vt 0.333700 0.284867
vt 0.330288 0.263346
vt 0.331930 0.264838
vt 0.334317 0.264428
vt 0.332509 0.261105
vt 0.334447 0.261221
vt 0.336654 0.260738
vt 0.334725 0.258525
vt 0.337369 0.259864
vt 0.337767 0.257307
vt 0.336162 0.255569
vt 0.337379 0.255948
vt 0.339312 0.254232
vt 0.349919 0.248520
vt 0.351297 0.247475
vt 0.340020 0.249537
vt 0.337134 0.250112
vt 0.338125 0.249555
vt 0.338846 0.248302
vt 0.336708 0.247881
vt 0.338569 0.247786
vt 0.337873 0.246573
vt 0.335488 0.246693
vt 0.334575 0.244464
vt 0.333189 0.244350
vt 0.333910 0.246079
vt 0.332567 0.244374
vt 0.331727 0.245515
vt 0.331757 0.246661
vt 0.329970 0.244805
vt 0.329884 0.246731
vt 0.329438 0.247937
vt 0.321520 0.234610
vt 0.320515 0.237181
vt 0.327373 0.249983
vt 0.325108 0.249453
vt 0.322983 0.250888
vt 0.325441 0.252513
vt 0.330089 0.255464
vt 0.245524 0.695758
vt 0.228791 0.450485
vt 0.229636 0.499554
vt 0.230480 0.548622
vt 0.231328 0.597717
vt 0.232067 0.655477
vt 0.232947 0.695979
vt 0.227531 0.670722
vt 0.227774 0.709923
vt 0.227531 0.670722
vt 0.227774 0.709923
vt 0.232947 0.695979
vt 0.245524 0.695758
vt 0.253659 0.695592
vt 0.222691 0.448355
vt 0.222691 0.448355
vt 0.217338 0.455390
vt 0.226303 0.499629
vt 0.217338 0.455390
vt 0.226303 0.499629
vt 0.223372 0.500122
vt 0.222027 0.541001
vt 0.223372 0.500122
vt 0.222027 0.541001
vt 0.228068 0.546554
vt 0.224613 0.600878
vt 0.228068 0.546554
vt 0.224613 0.600878
vt 0.219857 0.603430
vt 0.224814 0.641216
vt 0.219857 0.603430
vt 0.224814 0.641216
vt 0.224965 0.512936
vt 0.232067 0.655477
vt 0.253659 0.695592
vt 0.228791 0.450485
vt 0.229636 0.499554
vt 0.230480 0.548622
vt 0.231328 0.597717
vt 0.224965 0.512936
vt 0.355547 0.509664
vt 0.361599 0.515155
vt 0.330193 0.552244
vt 0.363762 0.525569
vt 0.362484 0.538261
vt 0.358823 0.552109
vt 0.352649 0.566057
vt 0.342800 0.578075
vt 0.332714 0.588224
vt 0.322253 0.594702
vt 0.312486 0.596803
vt 0.304419 0.594962
vt 0.351882 0.578988
vt 0.362900 0.575964
vt 0.366862 0.560121
vt 0.365436 0.572879
vt 0.371818 0.544809
vt 0.364149 0.553553
vt 0.368384 0.534042
vt 0.376532 0.529313
vt 0.368777 0.523527
vt 0.372241 0.517098
vt 0.366919 0.508722
vt 0.370436 0.514826
vt 0.339999 0.596851
vt 0.351798 0.594343
vt 0.325146 0.605663
vt 0.335324 0.608612
vt 0.321755 0.600666
vt 0.316036 0.606178
vt 0.306665 0.604743
vt 0.302688 0.604654
vt 0.347746 0.507104
vt 0.337599 0.510167
vt 0.327062 0.517249
vt 0.316602 0.526886
vt 0.307364 0.538922
vt 0.301524 0.553245
vt 0.297165 0.566852
vt 0.296289 0.579135
vt 0.299003 0.588728
vt 0.296459 0.545844
vt 0.293778 0.534847
vt 0.295069 0.531133
vt 0.305622 0.523786
vt 0.312770 0.522847
vt 0.316998 0.512021
vt 0.328014 0.510157
vt 0.328328 0.500828
vt 0.336959 0.504850
vt 0.340951 0.498799
vt 0.343174 0.499240
vt 0.350226 0.499274
vt 0.286060 0.564375
vt 0.283112 0.552694
vt 0.285236 0.581715
vt 0.278077 0.573968
vt 0.288986 0.590092
vt 0.291265 0.582447
vt 0.296766 0.601414
vt 0.294889 0.597789
vt 0.316998 0.512021
vt 0.312770 0.522847
vt 0.316602 0.526886
vt 0.305622 0.523786
vt 0.295069 0.531133
vt 0.307364 0.538922
vt 0.293778 0.534847
vt 0.296459 0.545844
vt 0.301524 0.553245
vt 0.283112 0.552694
vt 0.286060 0.564375
vt 0.297165 0.566852
vt 0.278077 0.573968
vt 0.285236 0.581715
vt 0.296289 0.579135
vt 0.291265 0.582447
vt 0.288986 0.590092
vt 0.299003 0.588728
vt 0.294889 0.597789
vt 0.296766 0.601414
vt 0.304419 0.594962
vt 0.302688 0.604654
vt 0.306665 0.604743
vt 0.312486 0.596803
vt 0.316036 0.606178
vt 0.321755 0.600666
vt 0.322253 0.594702
vt 0.325146 0.605663
vt 0.335324 0.608612
vt 0.332714 0.588224
vt 0.339999 0.596851
vt 0.351798 0.594343
vt 0.342800 0.578075
vt 0.351882 0.578988
vt 0.362900 0.575964
vt 0.352649 0.566057
vt 0.365436 0.572879
vt 0.366862 0.560121
vt 0.358823 0.552109
vt 0.364149 0.553553
vt 0.371818 0.544809
vt 0.362484 0.538261
vt 0.368384 0.534042
vt 0.376532 0.529313
vt 0.363762 0.525569
vt 0.368777 0.523527
vt 0.372241 0.517098
vt 0.361599 0.515155
vt 0.370436 0.514826
vt 0.366919 0.508722
vt 0.355547 0.509664
vt 0.350226 0.499274
vt 0.343174 0.499240
vt 0.347746 0.507104
vt 0.340951 0.498799
vt 0.336959 0.504850
vt 0.337599 0.510167
vt 0.328328 0.500828
vt 0.328014 0.510157
vt 0.327062 0.517249
vt 0.330193 0.552244
vt 0.241006 0.433697
vt 0.235863 0.433509
vt 0.235392 0.433482
vt 0.234820 0.433445
vt 0.234251 0.433408
vt 0.233539 0.433363
vt 0.232982 0.433330
vt 0.231439 0.433234
vt 0.229840 0.433141
vt 0.228491 0.433067
vt 0.249147 0.434010
vt 0.249147 0.434010
vt 0.245809 0.433888
vt 0.223620 0.432867
vt 0.223620 0.432867
vt 0.223620 0.432867
vt 0.224421 0.432896
vt 0.235863 0.433513
vt 0.241006 0.433697
vt 0.235392 0.433482
vt 0.234820 0.433445
vt 0.234251 0.433408
vt 0.233539 0.433363
vt 0.232982 0.433330
vt 0.231439 0.433234
vt 0.229840 0.433141
vt 0.228491 0.433067
vt 0.245809 0.433888
vt 0.224421 0.432896
vt 0.245809 0.433888
vt 0.241006 0.433697
vt 0.235863 0.433511
vt 0.235392 0.433482
vt 0.234820 0.433445
vt 0.234251 0.433408
vt 0.233539 0.433363
vt 0.232982 0.433330
vt 0.231439 0.433234
vt 0.229840 0.433141
vt 0.228491 0.433067
vt 0.224421 0.432896
vt 0.241006 0.433697
vt 0.235863 0.433513
vt 0.234524 0.057708
vt 0.222030 0.058025
vt 0.222450 0.098493
vt 0.235392 0.433482
vt 0.223509 0.156248
vt 0.234820 0.433445
vt 0.224454 0.205418
vt 0.234251 0.433408
vt 0.225360 0.254292
vt 0.233539 0.433363
vt 0.226358 0.294743
vt 0.232982 0.433330
vt 0.227100 0.352352
vt 0.231439 0.433234
vt 0.227945 0.401415
vt 0.229840 0.433141
vt 0.228491 0.433067
vt 0.249147 0.434010
vt 0.245809 0.433888
vt 0.242654 0.057513
vt 0.219011 0.058203
vt 0.220211 0.092731
vt 0.220211 0.092731
vt 0.220779 0.103860
vt 0.217912 0.151709
vt 0.220779 0.103860
vt 0.217912 0.151709
vt 0.218777 0.156732
vt 0.221897 0.205288
vt 0.218777 0.156732
vt 0.221897 0.205288
vt 0.223145 0.207960
vt 0.216669 0.253391
vt 0.223145 0.207960
vt 0.216669 0.253391
vt 0.218257 0.288689
vt 0.221619 0.349287
vt 0.218257 0.288689
vt 0.221619 0.349287
vt 0.224108 0.355089
vt 0.220448 0.403444
vt 0.224108 0.355089
vt 0.220448 0.403444
vt 0.223620 0.432867
vt 0.223620 0.432867
vt 0.225455 0.402251
vt 0.225455 0.402251
vt 0.223620 0.432867
vt 0.222450 0.098493
vt 0.223509 0.156248
vt 0.224454 0.205418
vt 0.225360 0.254292
vt 0.219605 0.259937
vt 0.221851 0.291185
vt 0.219605 0.259937
vt 0.221851 0.291185
vt 0.227100 0.352352
vt 0.224421 0.432896
vt 0.233291 0.044468
vt 0.220289 0.038309
vt 0.241572 0.048803
vt 0.222030 0.058025
vt 0.235863 0.433513
vt 0.234524 0.057708
vt 0.241006 0.433697
vt 0.235392 0.433482
vt 0.234820 0.433446
vt 0.234251 0.433408
vt 0.233539 0.433363
vt 0.226358 0.294743
vt 0.232982 0.433330
vt 0.231439 0.433234
vt 0.227945 0.401415
vt 0.229840 0.433141
vt 0.228491 0.433067
vt 0.245809 0.433888
vt 0.242654 0.057513
vt 0.249147 0.434010
vt 0.219011 0.058203
vt 0.224421 0.432896
vt 0.233291 0.044468
vt 0.220289 0.038309
vt 0.241572 0.048803
vt 0.235863 0.433513
vt 0.241006 0.433697
vt 0.245809 0.433888
vt 0.224421 0.432896
vt 0.228491 0.433067
vt 0.229840 0.433141
vt 0.231439 0.433234
vt 0.232982 0.433330
vt 0.233539 0.433363
vt 0.234251 0.433408
vt 0.234820 0.433445
vt 0.235392 0.433482
vt 0.454770 0.757457
vt 0.483792 0.753306
vt 0.371132 0.902715
vt 0.366981 0.873692
vt 0.221723 0.790054
vt 0.250745 0.785904
vt 0.334383 0.640646
vt 0.338534 0.669669
vt 0.454770 0.757457
vt 0.366981 0.873692
vt 0.454770 0.757457
vt 0.366981 0.873692
vt 0.250745 0.785904
vt 0.366981 0.873692
vt 0.250745 0.785904
vt 0.338534 0.669669
vt 0.250745 0.785904
vt 0.338534 0.669669
vt 0.454770 0.757457
vt 0.338534 0.669669
vt 0.366981 0.873692
vt 0.338534 0.669669
vt 0.250745 0.785904
vt 0.454770 0.757457
vt 0.338534 0.669669
vt 0.366981 0.873692
vn 0.691648 -0.722235 0.000000
vn 0.691648 -0.722235 0.000000
vn 0.691648 -0.722235 0.000000
vn 0.691648 -0.722235 0.000000
vn 0.691648 -0.722235 0.000000
vn 0.691648 -0.722235 0.000000
vn -0.691647 0.722236 0.000000
vn -0.691647 0.722236 0.000000
vn -0.691647 0.722236 0.000000
vn -0.691647 0.722236 0.000000
vn -0.691647 0.722236 0.000000
vn -0.691647 0.722236 0.000000
vn -0.103999 0.108066 -0.988689
vn -0.010380 0.010612 -0.999890
vn -0.057321 0.059635 -0.996573
vn -0.103354 0.107916 -0.988773
vn -0.103999 0.108066 -0.988689
vn -0.057321 0.059635 -0.996573
vn -0.010380 0.010612 -0.999890
vn 0.036836 -0.038474 -0.998580
vn 0.037071 -0.038524 -0.998570
vn -0.057321 0.059635 -0.996573
vn -0.010380 0.010612 -0.999890
vn 0.037071 -0.038524 -0.998570
vn -0.727129 -0.686501 0.000000
vn -0.727725 -0.685867 -0.001630
vn -0.727129 -0.686501 0.000000
vn -0.727129 -0.686501 0.000000
vn -0.727725 -0.685867 -0.001630
vn -0.727725 -0.685867 0.001630
vn -0.727725 -0.685867 -0.001630
vn -0.728049 -0.685525 -0.000293
vn -0.727725 -0.685867 0.001630
vn -0.727725 -0.685867 0.001630
vn -0.728049 -0.685525 -0.000293
vn -0.728049 -0.685525 0.000293
vn -0.103999 0.108066 0.988689
vn -0.057321 0.059635 0.996573
vn -0.010380 0.010612 0.999890
vn -0.103354 0.107916 0.988773
vn -0.057321 0.059635 0.996573
vn -0.103999 0.108066 0.988689
vn -0.010380 0.010612 0.999890
vn 0.037071 -0.038524 0.998570
vn 0.036836 -0.038474 0.998580
vn -0.057321 0.059635 0.996573
vn 0.037071 -0.038524 0.998570
vn -0.010380 0.010612 0.999890
vn 0.206651 -0.216699 -0.954116
vn 0.206651 -0.216699 -0.954116
vn 0.206651 -0.216699 -0.954116
vn 0.196414 -0.203841 -0.959099
vn 0.196414 -0.203841 -0.959099
vn 0.196413 -0.203840 -0.959099
vn -0.202111 0.215904 -0.955268
vn -0.202111 0.215904 -0.955268
vn -0.202111 0.215904 -0.955268
vn -0.227186 0.238232 -0.944263
vn -0.227186 0.238232 -0.944263
vn -0.227186 0.238232 -0.944263
vn -0.205601 0.212609 -0.955262
vn -0.205601 0.212609 -0.955262
vn -0.205601 0.212609 -0.955262
vn -0.201824 0.214173 -0.955718
vn -0.201824 0.214173 -0.955718
vn -0.201824 0.214173 -0.955718
vn 0.194121 -0.205999 -0.959104
vn 0.194121 -0.205999 -0.959104
vn 0.194121 -0.205999 -0.959104
vn 0.197724 -0.204463 -0.958697
vn 0.197724 -0.204463 -0.958697
vn 0.197724 -0.204463 -0.958697
vn -0.683400 0.730044 0.000000
vn -0.683400 0.730044 0.000000
vn -0.683400 0.730044 0.000000
vn -0.683400 0.730044 0.000000
vn -0.683400 0.730044 0.000000
vn -0.683400 0.730044 0.000000
vn -0.685815 0.727776 0.000000
vn -0.685815 0.727776 0.000000
vn -0.685815 0.727776 0.000000
vn -0.685815 0.727776 0.000000
vn -0.685815 0.727776 0.000000
vn -0.685815 0.727776 0.000000
vn -0.727201 -0.686425 0.000000
vn -0.727201 -0.686425 0.000000
vn -0.727201 -0.686425 0.000000
vn -0.727201 -0.686425 0.000000
vn -0.727201 -0.686425 0.000000
vn -0.727201 -0.686425 0.000000
vn -0.728327 -0.685230 0.000000
vn -0.728327 -0.685230 0.000000
vn -0.728327 -0.685230 0.000000
vn -0.728327 -0.685230 0.000000
vn -0.728327 -0.685230 0.000000
vn -0.728327 -0.685230 0.000000
vn 0.685811 -0.727779 0.000000
vn 0.685811 -0.727779 0.000000
vn 0.685811 -0.727779 0.000000
vn 0.685811 -0.727779 0.000000
vn 0.685811 -0.727779 0.000000
vn 0.685811 -0.727779 0.000000
vn 0.693865 -0.720105 0.000000
vn 0.693865 -0.720105 0.000000
vn 0.693865 -0.720105 0.000000
vn 0.693865 -0.720105 0.000000
vn 0.693865 -0.720105 0.000000
vn 0.693865 -0.720105 0.000000
vn 0.728931 0.684572 -0.004492
vn 0.728931 0.684572 -0.004492
vn 0.728931 0.684572 0.004492
vn 0.728931 0.684572 0.004492
vn 0.728931 0.684572 -0.004492
vn 0.728931 0.684572 0.004492
vn 0.729051 0.684445 -0.004492
vn 0.729051 0.684445 -0.004492
vn 0.729051 0.684445 0.004492
vn 0.729051 0.684445 0.004492
vn 0.729051 0.684445 -0.004492
vn 0.729051 0.684445 0.004492
vn 0.206651 -0.216699 0.954116
vn 0.206651 -0.216699 0.954116
vn 0.206651 -0.216699 0.954116
vn 0.196414 -0.203841 0.959099
vn 0.196413 -0.203840 0.959099
vn 0.196414 -0.203841 0.959099
vn -0.202111 0.215904 0.955268
vn -0.202111 0.215904 0.955268
vn -0.202111 0.215904 0.955268
vn -0.227186 0.238232 0.944263
vn -0.227186 0.238232 0.944263
vn -0.227186 0.238232 0.944263
vn -0.205601 0.212609 0.955262
vn -0.205601 0.212609 0.955262
vn -0.205601 0.212609 0.955262
vn -0.201824 0.214173 0.955718
vn -0.201824 0.214173 0.955718
vn -0.201824 0.214173 0.955718
vn 0.194121 -0.205999 0.959104
vn 0.194121 -0.205999 0.959104
vn 0.194121 -0.205999 0.959104
vn 0.197724 -0.204463 0.958697
vn 0.197724 -0.204463 0.958697
vn 0.197724 -0.204463 0.958697
vn -0.778856 -0.626864 -0.020629
vn -0.778856 -0.626864 -0.020629
vn -0.778856 -0.626864 -0.020629
vn -0.750298 -0.660780 -0.020542
vn -0.790826 -0.612018 0.005223
vn -0.713696 -0.700402 -0.008651
vn -0.790826 -0.612018 0.005223
vn -0.681967 -0.726195 -0.086959
vn -0.713696 -0.700402 -0.008651
vn -0.681967 -0.726195 -0.086959
vn -0.654590 -0.741009 -0.149726
vn -0.713696 -0.700402 -0.008651
vn -0.654590 -0.741009 -0.149726
vn -0.706084 -0.701904 -0.093681
vn -0.713696 -0.700402 -0.008651
vn -0.706084 -0.701904 -0.093681
vn -0.696331 -0.714313 -0.069861
vn -0.713696 -0.700402 -0.008651
vn -0.696331 -0.714313 -0.069861
vn -0.714614 -0.699098 -0.024289
vn -0.713696 -0.700402 -0.008651
vn -0.714614 -0.699098 -0.024289
vn -0.711740 -0.702240 -0.016915
vn -0.713696 -0.700402 -0.008651
vn -0.711740 -0.702240 -0.016915
vn -0.654184 -0.755814 -0.028082
vn -0.713696 -0.700402 -0.008651
vn -0.654184 -0.755814 -0.028082
vn -0.638120 -0.769937 0.000000
vn -0.713696 -0.700402 -0.008651
vn -0.696331 -0.714313 -0.069861
vn -0.706084 -0.701904 -0.093681
vn -0.704654 -0.708998 -0.027992
vn -0.704654 -0.708998 -0.027992
vn -0.706084 -0.701904 -0.093681
vn -0.704654 -0.708998 -0.027992
vn -0.708934 -0.705203 0.010071
vn -0.708934 -0.705203 0.010071
vn -0.708934 -0.705203 0.010071
vn -0.708934 -0.705203 0.010071
vn -0.708934 -0.705203 0.010071
vn -0.708934 -0.705203 0.010071
vn -0.681967 -0.726195 -0.086959
vn -0.786904 -0.062978 0.613853
vn -0.654590 -0.741009 -0.149726
vn -0.654590 -0.741009 -0.149726
vn -0.786904 -0.062978 0.613853
vn -0.786904 -0.062978 0.613853
vn -0.790826 -0.612018 0.005223
vn -0.636697 -0.762749 -0.113272
vn -0.681967 -0.726195 -0.086959
vn -0.681967 -0.726195 -0.086959
vn -0.636697 -0.762749 -0.113272
vn -0.636697 -0.762749 -0.113272
vn -0.790826 -0.612018 0.005223
vn -0.750298 -0.660780 -0.020542
vn -0.711617 -0.702568 -0.000001
vn -0.711617 -0.702568 -0.000001
vn -0.750298 -0.660780 -0.020542
vn -0.711617 -0.702568 -0.000001
vn -0.765943 -0.642909 0.000000
vn -0.696490 -0.717530 0.007223
vn -0.750298 -0.660780 -0.020542
vn -0.750298 -0.660780 -0.020542
vn -0.696490 -0.717530 0.007223
vn -0.696490 -0.717530 0.007223
vn -0.714614 -0.699098 -0.024289
vn -0.696331 -0.714313 -0.069861
vn -0.716250 -0.697797 0.008076
vn -0.716250 -0.697797 0.008076
vn -0.696331 -0.714313 -0.069861
vn -0.716250 -0.697797 0.008076
vn -0.711740 -0.702240 -0.016915
vn -0.714614 -0.699098 -0.024289
vn -0.743123 -0.669090 0.009340
vn -0.743123 -0.669090 0.009340
vn -0.714614 -0.699098 -0.024289
vn -0.743123 -0.669090 0.009340
vn -0.711740 -0.702240 -0.016915
vn -0.711616 -0.702568 0.000001
vn -0.654184 -0.755814 -0.028082
vn -0.654184 -0.755814 -0.028082
vn -0.711616 -0.702568 0.000001
vn -0.711616 -0.702568 0.000001
vn -0.763848 -0.645036 0.021568
vn -0.763848 -0.645036 0.021568
vn -0.763848 -0.645036 0.021568
vn -0.763848 -0.645036 0.021568
vn -0.763848 -0.645036 0.021568
vn -0.763848 -0.645036 0.021568
vn -0.765943 -0.642909 0.000000
vn -0.713696 -0.700402 -0.008651
vn -0.750299 -0.660779 0.020542
vn -0.750299 -0.660779 0.020542
vn -0.713696 -0.700402 -0.008651
vn -0.749065 -0.660601 0.050067
vn -0.749065 -0.660601 0.050067
vn -0.713696 -0.700402 -0.008651
vn -0.723427 -0.688768 0.047456
vn -0.723427 -0.688768 0.047456
vn -0.713696 -0.700402 -0.008651
vn -0.719948 -0.691258 0.061944
vn -0.719948 -0.691258 0.061944
vn -0.713696 -0.700402 -0.008651
vn -0.706083 -0.701905 0.093681
vn -0.706083 -0.701905 0.093681
vn -0.713696 -0.700402 -0.008651
vn -0.703159 -0.710547 0.026278
vn -0.703159 -0.710547 0.026278
vn -0.713696 -0.700402 -0.008651
vn -0.700227 -0.713737 0.016208
vn -0.700227 -0.713737 0.016208
vn -0.713696 -0.700402 -0.008651
vn -0.682831 -0.729782 0.034055
vn -0.682831 -0.729782 0.034055
vn -0.713696 -0.700402 -0.008651
vn -0.654184 -0.755814 0.028082
vn -0.654184 -0.755814 0.028082
vn -0.713696 -0.700402 -0.008651
vn -0.638120 -0.769937 0.000000
vn -0.703159 -0.710547 0.026278
vn -0.704653 -0.709000 0.027992
vn -0.706083 -0.701905 0.093681
vn -0.706083 -0.701905 0.093681
vn -0.704653 -0.709000 0.027992
vn -0.704653 -0.709000 0.027992
vn -0.708932 -0.705205 -0.010071
vn -0.708932 -0.705205 -0.010071
vn -0.708932 -0.705205 -0.010071
vn -0.708932 -0.705205 -0.010071
vn -0.708932 -0.705205 -0.010071
vn -0.708932 -0.705205 -0.010071
vn -0.719948 -0.691258 0.061944
vn -0.713317 -0.700181 0.030431
vn -0.723427 -0.688768 0.047456
vn -0.723427 -0.688768 0.047456
vn -0.713317 -0.700181 0.030431
vn -0.713317 -0.700181 0.030431
vn -0.723427 -0.688768 0.047456
vn -0.716253 -0.697401 0.024785
vn -0.749065 -0.660601 0.050067
vn -0.749065 -0.660601 0.050067
vn -0.716253 -0.697401 0.024785
vn -0.716253 -0.697401 0.024785
vn -0.749065 -0.660601 0.050067
vn -0.711620 -0.702565 0.000001
vn -0.750299 -0.660779 0.020542
vn -0.750299 -0.660779 0.020542
vn -0.711620 -0.702565 0.000001
vn -0.711620 -0.702565 0.000001
vn -0.696490 -0.717530 -0.007223
vn -0.696490 -0.717530 -0.007223
vn -0.750299 -0.660779 0.020542
vn -0.750299 -0.660779 0.020542
vn -0.696490 -0.717530 -0.007223
vn -0.765943 -0.642909 0.000000
vn -0.709900 -0.704188 -0.012668
vn -0.709900 -0.704188 -0.012668
vn -0.700227 -0.713737 0.016208
vn -0.700227 -0.713737 0.016208
vn -0.709900 -0.704188 -0.012668
vn -0.703159 -0.710547 0.026278
vn -0.682831 -0.729782 0.034055
vn -0.724208 -0.689509 -0.010039
vn -0.700227 -0.713737 0.016208
vn -0.700227 -0.713737 0.016208
vn -0.724208 -0.689509 -0.010039
vn -0.724208 -0.689509 -0.010039
vn -0.711616 -0.702568 -0.000001
vn -0.711616 -0.702568 -0.000001
vn -0.654184 -0.755814 0.028082
vn -0.654184 -0.755814 0.028082
vn -0.711616 -0.702568 -0.000001
vn -0.682831 -0.729782 0.034055
vn -0.763846 -0.645038 -0.021568
vn -0.763846 -0.645038 -0.021568
vn -0.763846 -0.645038 -0.021568
vn -0.763846 -0.645038 -0.021568
vn -0.763846 -0.645038 -0.021568
vn -0.763846 -0.645038 -0.021568
vn -0.347438 0.351913 -0.869163
vn -0.347438 0.351913 -0.869163
vn -0.323036 0.374437 -0.869163
vn -0.323036 0.374437 -0.869163
vn -0.347438 0.351913 -0.869163
vn -0.323036 0.374437 -0.869163
vn -0.660746 0.669258 -0.339865
vn -0.660746 0.669258 -0.339865
vn -0.614342 0.712093 -0.339865
vn -0.614342 0.712093 -0.339865
vn -0.660746 0.669258 -0.339865
vn -0.614342 0.712093 -0.339865
vn 0.686872 -0.695717 -0.210201
vn 0.686872 -0.695717 -0.210201
vn 0.638629 -0.740249 -0.210201
vn 0.638629 -0.740249 -0.210201
vn 0.686872 -0.695717 -0.210201
vn 0.638629 -0.740249 -0.210201
vn 0.449443 -0.455231 -0.768613
vn 0.449443 -0.455231 -0.768613
vn 0.417876 -0.484369 -0.768613
vn 0.417876 -0.484369 -0.768613
vn 0.449443 -0.455231 -0.768613
vn 0.417876 -0.484369 -0.768613
vn -0.692057 0.700969 0.172337
vn -0.692057 0.700969 0.172337
vn -0.643451 0.745836 0.172337
vn -0.643451 0.745836 0.172337
vn -0.692057 0.700969 0.172337
vn -0.643451 0.745836 0.172337
vn 0.557008 -0.564182 -0.609459
vn 0.557008 -0.564182 -0.609459
vn 0.517888 -0.600293 -0.609459
vn 0.517888 -0.600293 -0.609459
vn 0.557008 -0.564182 -0.609459
vn 0.517888 -0.600293 -0.609459
vn -0.689439 0.698318 -0.192422
vn -0.689439 0.698318 -0.192422
vn -0.641017 0.743015 -0.192422
vn -0.641017 0.743015 -0.192422
vn -0.689439 0.698318 -0.192422
vn -0.641017 0.743015 -0.192422
vn -0.571123 0.578481 0.582391
vn -0.571123 0.578481 0.582391
vn -0.531013 0.615505 0.582390
vn -0.531013 0.615505 0.582390
vn -0.571123 0.578481 0.582391
vn -0.531013 0.615505 0.582390
vn 0.502487 -0.508957 -0.698906
vn 0.502487 -0.508957 -0.698906
vn 0.467195 -0.541534 -0.698906
vn 0.467195 -0.541534 -0.698906
vn 0.502487 -0.508957 -0.698906
vn 0.467195 -0.541534 -0.698906
vn -0.180605 0.182930 -0.966395
vn -0.180605 0.182930 -0.966395
vn -0.167919 0.194641 -0.966395
vn -0.167919 0.194641 -0.966395
vn -0.180605 0.182930 -0.966395
vn -0.167919 0.194641 -0.966395
vn -0.601382 0.609127 0.517015
vn -0.601382 0.609127 0.517015
vn -0.559144 0.648115 0.517015
vn -0.559144 0.648115 0.517015
vn -0.601382 0.609127 0.517015
vn -0.559144 0.648115 0.517015
vn -0.161237 0.163313 -0.973310
vn -0.161237 0.163313 -0.973310
vn -0.149913 0.173766 -0.973310
vn -0.149913 0.173766 -0.973310
vn -0.161237 0.163313 -0.973310
vn -0.149913 0.173766 -0.973310
vn -0.651130 0.659516 -0.375590
vn -0.651130 0.659516 -0.375590
vn -0.605398 0.701730 -0.375591
vn -0.605398 0.701730 -0.375591
vn -0.651130 0.659516 -0.375590
vn -0.605398 0.701730 -0.375591
vn -0.156113 0.158122 0.975001
vn -0.156113 0.158122 0.975001
vn -0.145147 0.168244 0.975001
vn -0.145147 0.168244 0.975001
vn -0.156113 0.158122 0.975001
vn -0.145147 0.168244 0.975001
vn -0.156113 0.158122 -0.975001
vn -0.156113 0.158122 -0.975001
vn -0.145147 0.168244 -0.975001
vn -0.145147 0.168244 -0.975001
vn -0.156113 0.158122 -0.975001
vn -0.145147 0.168244 -0.975001
vn -0.651130 0.659515 0.375592
vn -0.651130 0.659515 0.375592
vn -0.605398 0.701729 0.375592
vn -0.605398 0.701729 0.375592
vn -0.651130 0.659515 0.375592
vn -0.605398 0.701729 0.375592
vn -0.161237 0.163313 0.973310
vn -0.161237 0.163313 0.973310
vn -0.149913 0.173766 0.973310
vn -0.149913 0.173766 0.973310
vn -0.161237 0.163313 0.973310
vn -0.149913 0.173766 0.973310
vn -0.601382 0.609127 -0.517015
vn -0.601382 0.609127 -0.517015
vn -0.559144 0.648115 -0.517015
vn -0.559144 0.648115 -0.517015
vn -0.601382 0.609127 -0.517015
vn -0.559144 0.648115 -0.517015
vn -0.180605 0.182930 0.966395
vn -0.180605 0.182930 0.966395
vn -0.167919 0.194641 0.966395
vn -0.167919 0.194641 0.966395
vn -0.180605 0.182930 0.966395
vn -0.167919 0.194641 0.966395
vn 0.502487 -0.508957 0.698906
vn 0.502487 -0.508957 0.698906
vn 0.467195 -0.541534 0.698906
vn 0.467195 -0.541534 0.698906
vn 0.502487 -0.508957 0.698906
vn 0.467195 -0.541534 0.698906
vn -0.656211 0.664663 -0.357226
vn -0.656211 0.664663 -0.357226
vn -0.610125 0.707204 -0.357226
vn -0.610125 0.707204 -0.357226
vn -0.656211 0.664663 -0.357226
vn -0.610125 0.707204 -0.357226
vn -0.657505 0.665973 -0.352374
vn -0.657505 0.665973 -0.352374
vn -0.611326 0.708599 -0.352374
vn -0.611326 0.708599 -0.352374
vn -0.657505 0.665973 -0.352374
vn -0.611326 0.708599 -0.352374
vn 0.630303 -0.638422 0.441742
vn 0.630303 -0.638422 0.441742
vn 0.586036 -0.679283 0.441742
vn 0.586036 -0.679283 0.441742
vn 0.630303 -0.638422 0.441742
vn 0.586036 -0.679283 0.441742
vn -0.671190 0.679836 -0.295512
vn -0.671190 0.679836 -0.295512
vn -0.624052 0.723348 -0.295512
vn -0.624052 0.723348 -0.295512
vn -0.671190 0.679836 -0.295512
vn -0.624052 0.723348 -0.295512
vn -0.570841 0.578193 0.582952
vn -0.570841 0.578193 0.582952
vn -0.530749 0.615201 0.582952
vn -0.530749 0.615201 0.582952
vn -0.570841 0.578193 0.582952
vn -0.530749 0.615201 0.582952
vn 0.666148 -0.674727 0.317790
vn 0.666148 -0.674727 0.317790
vn 0.619362 -0.717914 0.317790
vn 0.619362 -0.717914 0.317790
vn 0.666148 -0.674727 0.317790
vn 0.619362 -0.717914 0.317790
vn -0.660746 0.669258 0.339865
vn -0.660746 0.669258 0.339865
vn -0.614342 0.712093 0.339865
vn -0.614342 0.712093 0.339865
vn -0.660746 0.669258 0.339865
vn -0.614342 0.712093 0.339865
vn -0.347438 0.351913 0.869163
vn -0.347437 0.351912 0.869164
vn -0.323036 0.374437 0.869163
vn -0.323036 0.374437 0.869163
vn -0.347437 0.351912 0.869164
vn -0.323036 0.374437 0.869163
vn 0.687821 -0.696675 -0.203830
vn 0.687821 -0.696675 -0.203830
vn 0.639509 -0.741270 -0.203830
vn 0.639509 -0.741270 -0.203830
vn 0.687821 -0.696675 -0.203830
vn 0.639509 -0.741270 -0.203830
vn -0.700416 0.709430 -0.078269
vn -0.700416 0.709430 -0.078269
vn -0.651217 0.754845 -0.078269
vn -0.651217 0.754845 -0.078269
vn -0.700416 0.709430 -0.078269
vn -0.651217 0.754845 -0.078269
vn 0.381813 -0.386724 0.839443
vn 0.381813 -0.386724 0.839443
vn 0.354991 -0.411483 0.839442
vn 0.354991 -0.411483 0.839442
vn 0.381813 -0.386724 0.839443
vn 0.354991 -0.411483 0.839442
vn 0.690531 -0.699425 0.184313
vn 0.690531 -0.699425 0.184313
vn 0.642034 -0.744192 0.184313
vn 0.642034 -0.744192 0.184313
vn 0.690531 -0.699425 0.184313
vn 0.642034 -0.744192 0.184313
vn -0.702329 0.711378 0.026008
vn -0.702329 0.711378 0.026008
vn -0.653006 0.756907 0.026008
vn -0.653006 0.756907 0.026008
vn -0.702329 0.711378 0.026008
vn -0.653006 0.756907 0.026008
vn -0.136296 0.138050 0.981002
vn -0.136296 0.138050 0.981002
vn -0.126722 0.146887 0.981002
vn -0.126722 0.146887 0.981002
vn -0.136296 0.138050 0.981002
vn -0.126722 0.146887 0.981002
vn -0.476965 0.483102 0.734246
vn -0.476963 0.483103 0.734246
vn -0.443461 0.514029 0.734245
vn -0.443461 0.514029 0.734245
vn -0.476963 0.483103 0.734246
vn -0.443460 0.514028 0.734246
vn -0.368394 0.373135 0.851502
vn -0.368394 0.373135 0.851502
vn -0.342518 0.397020 0.851503
vn -0.342518 0.397020 0.851503
vn -0.368394 0.373135 0.851502
vn -0.342518 0.397020 0.851503
vn 0.597861 -0.605556 -0.525228
vn 0.597861 -0.605556 -0.525228
vn 0.555867 -0.644320 -0.525228
vn 0.555867 -0.644320 -0.525228
vn 0.597861 -0.605556 -0.525228
vn 0.555867 -0.644320 -0.525228
vn 0.597219 -0.604915 -0.526694
vn 0.597219 -0.604915 -0.526694
vn 0.555279 -0.643629 -0.526695
vn 0.555279 -0.643629 -0.526695
vn 0.597219 -0.604915 -0.526694
vn 0.555279 -0.643629 -0.526695
vn -0.541350 0.548323 0.637403
vn -0.541350 0.548323 0.637403
vn -0.503330 0.583418 0.637403
vn -0.503330 0.583418 0.637403
vn -0.541350 0.548323 0.637403
vn -0.503330 0.583418 0.637403
vn 0.326014 -0.330212 0.885819
vn 0.326014 -0.330212 0.885819
vn 0.303116 -0.351347 0.885819
vn 0.303116 -0.351347 0.885819
vn 0.326014 -0.330212 0.885819
vn 0.303116 -0.351347 0.885819
vn 0.590195 -0.597793 -0.542507
vn 0.590195 -0.597793 -0.542507
vn 0.548740 -0.636059 -0.542506
vn 0.548740 -0.636059 -0.542506
vn 0.590195 -0.597793 -0.542507
vn 0.548740 -0.636059 -0.542506
vn -0.689657 0.698527 0.190877
vn -0.689657 0.698527 0.190877
vn -0.641208 0.743248 0.190877
vn -0.641208 0.743248 0.190877
vn -0.689657 0.698527 0.190877
vn -0.641208 0.743248 0.190877
vn 0.628237 -0.636322 0.447675
vn 0.628237 -0.636322 0.447675
vn 0.584108 -0.677057 0.447675
vn 0.584108 -0.677057 0.447675
vn 0.628237 -0.636322 0.447675
vn 0.584108 -0.677057 0.447675
vn 0.667362 -0.675955 -0.312592
vn 0.667362 -0.675955 -0.312592
vn 0.620489 -0.719222 -0.312592
vn 0.620489 -0.719222 -0.312592
vn 0.667362 -0.675955 -0.312592
vn 0.620489 -0.719222 -0.312592
vn 0.667362 -0.675955 0.312592
vn 0.667362 -0.675955 0.312592
vn 0.620489 -0.719222 0.312592
vn 0.620489 -0.719222 0.312592
vn 0.667362 -0.675955 0.312592
vn 0.620489 -0.719222 0.312592
vn 0.628237 -0.636322 -0.447675
vn 0.628237 -0.636322 -0.447675
vn 0.584108 -0.677057 -0.447675
vn 0.584108 -0.677057 -0.447675
vn 0.628237 -0.636322 -0.447675
vn 0.584108 -0.677057 -0.447675
vn -0.689656 0.698528 -0.190876
vn -0.689656 0.698528 -0.190876
vn -0.641209 0.743248 -0.190877
vn -0.641209 0.743248 -0.190877
vn -0.689656 0.698528 -0.190876
vn -0.641209 0.743248 -0.190877
vn 0.590194 -0.597794 0.542507
vn 0.590194 -0.597794 0.542507
vn 0.548741 -0.636058 0.542507
vn 0.548741 -0.636058 0.542507
vn 0.590194 -0.597794 0.542507
vn 0.548741 -0.636058 0.542507
vn 0.326014 -0.330213 -0.885818
vn 0.326014 -0.330213 -0.885818
vn 0.303118 -0.351349 -0.885818
vn 0.303118 -0.351349 -0.885818
vn 0.326014 -0.330213 -0.885818
vn 0.303118 -0.351349 -0.885818
vn -0.541350 0.548324 -0.637402
vn -0.541350 0.548324 -0.637402
vn -0.503331 0.583418 -0.637402
vn -0.503331 0.583418 -0.637402
vn -0.541350 0.548324 -0.637402
vn -0.503331 0.583418 -0.637402
vn 0.597219 -0.604915 0.526694
vn 0.597219 -0.604915 0.526694
vn 0.555279 -0.643629 0.526695
vn 0.555279 -0.643629 0.526695
vn 0.597219 -0.604915 0.526694
vn 0.555279 -0.643629 0.526695
vn -0.112336 0.113781 -0.987135
vn -0.112336 0.113781 -0.987135
vn -0.104444 0.121067 -0.987135
vn -0.104444 0.121067 -0.987135
vn -0.112336 0.113781 -0.987135
vn -0.104444 0.121067 -0.987135
vn -0.368395 0.373134 -0.851502
vn -0.368395 0.373134 -0.851502
vn -0.342517 0.397021 -0.851503
vn -0.342517 0.397021 -0.851503
vn -0.368395 0.373134 -0.851502
vn -0.342517 0.397021 -0.851503
vn 0.645864 -0.654177 0.393589
vn 0.645864 -0.654177 0.393589
vn 0.600498 -0.696053 0.393589
vn 0.600498 -0.696053 0.393589
vn 0.645864 -0.654177 0.393589
vn 0.600498 -0.696053 0.393589
vn -0.136295 0.138049 -0.981003
vn -0.136295 0.138049 -0.981003
vn -0.126721 0.146885 -0.981003
vn -0.126721 0.146885 -0.981003
vn -0.136295 0.138049 -0.981003
vn -0.126721 0.146885 -0.981003
vn -0.637232 0.645442 -0.421117
vn -0.637232 0.645442 -0.421117
vn -0.592481 0.686751 -0.421117
vn -0.592481 0.686751 -0.421117
vn -0.637232 0.645442 -0.421117
vn -0.592481 0.686751 -0.421117
vn 0.690531 -0.699425 -0.184313
vn 0.690531 -0.699425 -0.184313
vn 0.642034 -0.744192 -0.184313
vn 0.642034 -0.744192 -0.184313
vn 0.690531 -0.699425 -0.184313
vn 0.642034 -0.744192 -0.184313
vn 0.381813 -0.386725 -0.839442
vn 0.381813 -0.386725 -0.839442
vn 0.354992 -0.411482 -0.839442
vn 0.354992 -0.411482 -0.839442
vn 0.381813 -0.386725 -0.839442
vn 0.354992 -0.411482 -0.839442
vn -0.700416 0.709430 0.078269
vn -0.700416 0.709430 0.078269
vn -0.651217 0.754845 0.078269
vn -0.651217 0.754845 0.078269
vn -0.700416 0.709430 0.078269
vn -0.651217 0.754845 0.078269
vn 0.687821 -0.696675 0.203830
vn 0.687821 -0.696675 0.203830
vn 0.639509 -0.741270 0.203830
vn 0.639509 -0.741270 0.203830
vn 0.687821 -0.696675 0.203830
vn 0.639509 -0.741270 0.203830
vn 0.687070 0.726299 -0.020623
vn 0.687070 0.726299 -0.020623
vn 0.687070 0.726299 -0.020623
vn 0.718599 0.695121 -0.020542
vn 0.755171 0.655471 -0.008651
vn 0.673230 0.739415 0.005223
vn 0.673230 0.739415 0.005223
vn 0.755171 0.655471 -0.008651
vn 0.778348 0.621782 -0.086959
vn 0.778348 0.621782 -0.086959
vn 0.755171 0.655471 -0.008651
vn 0.790927 0.593310 -0.149726
vn 0.790927 0.593310 -0.149726
vn 0.755171 0.655471 -0.008651
vn 0.756060 0.647763 -0.093681
vn 0.756060 0.647763 -0.093681
vn 0.755171 0.655471 -0.008651
vn 0.767651 0.637049 -0.069861
vn 0.767651 0.637049 -0.069861
vn 0.755171 0.655471 -0.008651
vn 0.753944 0.656490 -0.024289
vn 0.753944 0.656490 -0.024289
vn 0.755171 0.655471 -0.008651
vn 0.756847 0.653373 -0.016915
vn 0.756847 0.653373 -0.016915
vn 0.755171 0.655471 -0.008651
vn 0.805652 0.591723 -0.028082
vn 0.805652 0.591723 -0.028082
vn 0.755171 0.655471 -0.008651
vn 0.818447 0.574582 0.000000
vn 0.767651 0.637049 -0.069861
vn 0.763018 0.645771 -0.027992
vn 0.756060 0.647763 -0.093681
vn 0.756060 0.647763 -0.093681
vn 0.763018 0.645771 -0.027992
vn 0.763018 0.645771 -0.027992
vn 0.759577 0.650340 0.010071
vn 0.759577 0.650340 0.010071
vn 0.759577 0.650340 0.010071
vn 0.759577 0.650340 0.010071
vn 0.759577 0.650340 0.010071
vn 0.759577 0.650340 0.010071
vn 0.778348 0.621782 -0.086959
vn 0.790927 0.593310 -0.149726
vn 0.125632 0.779359 0.613853
vn 0.790927 0.593310 -0.149726
vn 0.125632 0.779359 0.613853
vn 0.125632 0.779359 0.613853
vn 0.811168 0.573738 -0.113272
vn 0.811168 0.573738 -0.113272
vn 0.778348 0.621782 -0.086959
vn 0.778348 0.621782 -0.086959
vn 0.811168 0.573738 -0.113272
vn 0.673230 0.739415 0.005223
vn 0.673230 0.739415 0.005223
vn 0.757163 0.653226 -0.000001
vn 0.718599 0.695121 -0.020542
vn 0.718599 0.695121 -0.020542
vn 0.757163 0.653226 -0.000001
vn 0.757163 0.653226 -0.000001
vn 0.770870 0.636952 0.007223
vn 0.770871 0.636951 0.007223
vn 0.718599 0.695121 -0.020542
vn 0.718599 0.695121 -0.020542
vn 0.770871 0.636951 0.007223
vn 0.702034 0.712143 0.000000
vn 0.753944 0.656490 -0.024289
vn 0.752778 0.658225 0.008076
vn 0.767651 0.637049 -0.069861
vn 0.767651 0.637049 -0.069861
vn 0.752778 0.658225 0.008076
vn 0.752778 0.658225 0.008076
vn 0.756847 0.653373 -0.016915
vn 0.726310 0.687304 0.009340
vn 0.753944 0.656490 -0.024289
vn 0.753944 0.656490 -0.024289
vn 0.726310 0.687304 0.009340
vn 0.726310 0.687304 0.009340
vn 0.757165 0.653224 0.000001
vn 0.757165 0.653224 0.000001
vn 0.805652 0.591723 -0.028082
vn 0.805652 0.591723 -0.028082
vn 0.757165 0.653224 0.000001
vn 0.756847 0.653373 -0.016915
vn 0.703987 0.709885 0.021568
vn 0.703987 0.709885 0.021568
vn 0.703987 0.709885 0.021568
vn 0.703987 0.709885 0.021568
vn 0.703987 0.709885 0.021568
vn 0.703987 0.709885 0.021568
vn 0.702034 0.712143 0.000000
vn 0.718599 0.695122 0.020542
vn 0.755171 0.655471 -0.008651
vn 0.718599 0.695122 0.020542
vn 0.718323 0.693906 0.050067
vn 0.755171 0.655471 -0.008651
vn 0.718323 0.693906 0.050067
vn 0.744352 0.666099 0.047456
vn 0.755171 0.655471 -0.008651
vn 0.744352 0.666099 0.047456
vn 0.746556 0.662433 0.061944
vn 0.755171 0.655471 -0.008651
vn 0.746556 0.662433 0.061944
vn 0.756061 0.647762 0.093681
vn 0.755171 0.655471 -0.008651
vn 0.756061 0.647762 0.093681
vn 0.764442 0.644157 0.026278
vn 0.755171 0.655471 -0.008651
vn 0.764442 0.644157 0.026278
vn 0.767387 0.640979 0.016208
vn 0.755171 0.655471 -0.008651
vn 0.767387 0.640979 0.016208
vn 0.781992 0.622358 0.034055
vn 0.755171 0.655471 -0.008651
vn 0.781992 0.622358 0.034055
vn 0.805652 0.591723 0.028082
vn 0.755171 0.655471 -0.008651
vn 0.805652 0.591723 0.028082
vn 0.818447 0.574582 0.000000
vn 0.755171 0.655471 -0.008651
vn 0.764442 0.644157 0.026278
vn 0.756061 0.647762 0.093681
vn 0.763020 0.645769 0.027992
vn 0.763020 0.645769 0.027992
vn 0.756061 0.647762 0.093681
vn 0.763020 0.645769 0.027992
vn 0.759579 0.650337 -0.010071
vn 0.759579 0.650337 -0.010071
vn 0.759579 0.650337 -0.010071
vn 0.759579 0.650337 -0.010071
vn 0.759579 0.650337 -0.010071
vn 0.759579 0.650337 -0.010071
vn 0.746556 0.662433 0.061944
vn 0.744352 0.666099 0.047456
vn 0.754921 0.655110 0.030431
vn 0.754921 0.655110 0.030431
vn 0.744352 0.666099 0.047456
vn 0.754921 0.655110 0.030431
vn 0.744352 0.666099 0.047456
vn 0.718323 0.693906 0.050067
vn 0.752383 0.658259 0.024785
vn 0.752383 0.658259 0.024785
vn 0.718323 0.693906 0.050067
vn 0.752383 0.658259 0.024785
vn 0.718323 0.693906 0.050067
vn 0.718599 0.695122 0.020542
vn 0.757161 0.653229 0.000001
vn 0.757161 0.653229 0.000001
vn 0.718599 0.695122 0.020542
vn 0.757161 0.653229 0.000001
vn 0.702034 0.712143 0.000000
vn 0.770870 0.636952 -0.007223
vn 0.718599 0.695122 0.020542
vn 0.718599 0.695122 0.020542
vn 0.770870 0.636952 -0.007223
vn 0.770870 0.636952 -0.007223
vn 0.764442 0.644157 0.026278
vn 0.758642 0.651384 -0.012668
vn 0.767387 0.640979 0.016208
vn 0.767387 0.640979 0.016208
vn 0.758642 0.651384 -0.012668
vn 0.758642 0.651384 -0.012668
vn 0.781992 0.622358 0.034055
vn 0.767387 0.640979 0.016208
vn 0.745152 0.666819 -0.010039
vn 0.745152 0.666819 -0.010039
vn 0.767387 0.640979 0.016208
vn 0.745152 0.666819 -0.010039
vn 0.781992 0.622358 0.034055
vn 0.757165 0.653224 -0.000001
vn 0.805652 0.591723 0.028082
vn 0.805652 0.591723 0.028082
vn 0.757165 0.653224 -0.000001
vn 0.757165 0.653224 -0.000001
vn 0.703990 0.709883 -0.021568
vn 0.703990 0.709883 -0.021568
vn 0.703990 0.709883 -0.021568
vn 0.703990 0.709883 -0.021568
vn 0.703990 0.709883 -0.021568
vn 0.703990 0.709883 -0.021568
vn 0.000000 0.000000 -1.000000
vn 0.000000 0.000000 -1.000000
vn 0.000000 0.000000 -1.000000
vn 0.000000 0.000000 -1.000000
vn 0.000000 0.000000 -1.000000
vn 0.000000 0.000000 -1.000000
vn 0.000000 0.000000 -1.000000
vn 0.000000 0.000000 -1.000000
vn 0.000000 0.000000 -1.000000
vn 0.000000 0.000000 -1.000000
vn 0.000000 0.000000 -1.000000
vn 0.000000 0.000000 -1.000000
vn 0.000000 0.000000 -1.000000
vn 0.000000 0.000000 -1.000000
vn 0.000000 0.000000 -1.000000
vn 0.631552 -0.775334 0.000000
vn 0.698982 -0.715139 0.000000
vn 0.631552 -0.775334 0.000000
vn 0.631552 -0.775334 0.000000
vn 0.698982 -0.715139 0.000000
vn 0.698982 -0.715139 0.000000
vn 0.719908 0.694070 0.000000
vn 0.719908 0.694070 0.000000
vn 0.719908 0.694070 0.000000
vn 0.719908 0.694070 0.000000
vn 0.719908 0.694070 0.000000
vn 0.719908 0.694070 0.000000
vn 0.789320 -0.613982 0.000000
vn 0.789320 -0.613982 0.000000
vn 0.789320 -0.613982 0.000000
vn 0.789320 -0.613982 0.000000
vn 0.789320 -0.613982 0.000000
vn 0.789320 -0.613982 0.000000
vn 0.655395 -0.755286 0.000000
vn 0.655395 -0.755286 0.000000
vn 0.655395 -0.755286 0.000000
vn 0.655395 -0.755286 0.000000
vn 0.655395 -0.755286 0.000000
vn 0.655395 -0.755286 0.000000
vn 0.619514 -0.784986 0.000000
vn 0.619514 -0.784986 0.000000
vn 0.619514 -0.784986 0.000000
vn 0.619514 -0.784986 0.000000
vn 0.619514 -0.784986 0.000000
vn 0.619514 -0.784986 0.000000
vn 0.776773 -0.629780 0.000000
vn 0.776773 -0.629780 0.000000
vn 0.776773 -0.629780 0.000000
vn 0.776773 -0.629780 0.000000
vn 0.776773 -0.629780 0.000000
vn 0.776773 -0.629780 0.000000
vn 0.000000 0.000000 -1.000000
vn 0.000000 0.000000 -1.000000
vn -0.000000 0.000000 -1.000000
vn -0.000000 0.000000 -1.000000
vn 0.080783 -0.996732 0.000000
vn -0.416328 -0.909214 0.000000
vn 0.080783 -0.996732 0.000000
vn 0.080783 -0.996732 0.000000
vn -0.416328 -0.909214 0.000000
vn -0.416328 -0.909214 0.000000
vn 0.000000 0.000000 -1.000000
vn 0.000000 0.000000 -1.000000
vn 0.000000 0.000000 -1.000000
vn 0.000000 0.000000 -1.000000
vn 0.000000 0.000000 -1.000000
vn 0.000000 0.000000 -1.000000
vn -0.716189 -0.697906 0.000000
vn -0.716189 -0.697907 0.000000
vn -0.716189 -0.697906 0.000000
vn -0.716189 -0.697906 0.000000
vn -0.716189 -0.697907 0.000000
vn -0.716189 -0.697907 0.000000
vn 0.000000 0.000000 -1.000000
vn 0.000000 0.000000 -1.000000
vn 0.000000 0.000000 -1.000000
vn 0.000000 0.000000 -1.000000
vn 0.000000 0.000000 -1.000000
vn 0.000000 0.000000 -1.000000
vn 0.000000 0.000000 -1.000000
vn 0.000000 0.000000 -1.000000
vn 0.000000 0.000000 -1.000000
vn 0.000000 0.000000 -1.000000
vn 0.000000 0.000000 -1.000000
vn 0.000000 0.000000 -1.000000
vn 0.000000 0.000000 -1.000000
vn 0.000000 0.000000 -1.000000
vn 0.000000 0.000000 -1.000000
vn 0.000000 0.000000 -1.000000
vn 0.000000 0.000000 -1.000000
vn 0.000000 0.000000 -1.000000
vn 0.941123 -0.338066 0.000000
vn 0.941123 -0.338066 0.000000
vn 0.941123 -0.338066 0.000000
vn 0.941123 -0.338066 0.000000
vn 0.941123 -0.338066 0.000000
vn 0.941123 -0.338066 0.000000
vn 0.434380 -0.900730 0.000000
vn 0.631552 -0.775334 0.000000
vn 0.434380 -0.900730 0.000000
vn 0.434380 -0.900730 0.000000
vn 0.631552 -0.775334 0.000000
vn 0.631552 -0.775334 0.000000
vn 0.000000 0.000000 -1.000000
vn 0.000000 0.000000 -1.000000
vn 0.000000 0.000000 -1.000000
vn 0.000000 0.000000 -1.000000
vn 0.000000 0.000000 -1.000000
vn 0.000000 0.000000 -1.000000
vn -0.434380 0.900730 0.000000
vn -0.434380 0.900730 0.000000
vn -0.434380 0.900730 0.000000
vn -0.434380 0.900730 0.000000
vn -0.434380 0.900730 0.000000
vn -0.434380 0.900730 0.000000
vn -0.374222 -0.927339 0.000000
vn -0.374222 -0.927339 0.000000
vn -0.374222 -0.927339 0.000000
vn -0.374222 -0.927339 0.000000
vn -0.374222 -0.927339 0.000000
vn -0.374222 -0.927339 0.000000
vn 0.999230 0.039242 0.000000
vn 0.999230 0.039242 0.000000
vn 0.999230 0.039242 0.000000
vn 0.999230 0.039242 0.000000
vn 0.999230 0.039242 0.000000
vn 0.999230 0.039242 0.000000
vn 0.000000 0.000000 -1.000000
vn 0.000000 0.000000 -1.000000
vn 0.000000 0.000000 -1.000000
vn 0.000000 0.000000 -1.000000
vn 0.000000 0.000000 -1.000000
vn 0.000000 0.000000 -1.000000
vn 0.000000 0.000000 -1.000000
vn 0.000000 0.000000 -1.000000
vn 0.000000 0.000000 -1.000000
vn 0.000000 0.000000 -1.000000
vn 0.000000 0.000000 -1.000000
vn 0.000000 0.000000 -1.000000
vn 0.000000 0.000000 -1.000000
vn 0.000000 0.000000 -1.000000
vn 0.000000 0.000000 -1.000000
vn 0.000000 0.000000 -1.000000
vn 0.000000 0.000000 -1.000000
vn 0.000000 0.000000 -1.000000
vn 0.719897 0.694081 0.000000
vn 0.719897 0.694081 0.000000
vn 0.719897 0.694081 0.000000
vn 0.000000 0.000000 1.000000
vn 0.000000 0.000000 1.000000
vn 0.000000 0.000000 1.000000
vn 0.000000 0.000000 1.000000
vn 0.000000 0.000000 1.000000
vn 0.000000 0.000000 1.000000
vn 0.000000 0.000000 1.000000
vn 0.000000 0.000000 1.000000
vn 0.000000 0.000000 1.000000
vn 0.000000 0.000000 1.000000
vn 0.000000 0.000000 1.000000
vn 0.000000 0.000000 1.000000
vn 0.000000 0.000000 1.000000
vn 0.000000 0.000000 1.000000
vn 0.000000 0.000000 1.000000
vn 0.000000 0.000000 1.000000
vn 0.000000 0.000000 1.000000
vn 0.000000 0.000000 1.000000
vn 0.000000 0.000000 1.000000
vn 0.000000 0.000000 1.000000
vn 0.000000 0.000000 1.000000
vn 0.000000 0.000000 1.000000
vn 0.000000 0.000000 1.000000
vn 0.000000 0.000000 1.000000
vn 0.000000 0.000000 1.000000
vn 0.000000 0.000000 1.000000
vn 0.000000 0.000000 1.000000
vn 0.000000 0.000000 1.000000
vn 0.000000 0.000000 1.000000
vn 0.000000 0.000000 1.000000
vn 0.000000 0.000000 1.000000
vn 0.000000 0.000000 1.000000
vn 0.000000 0.000000 1.000000
vn 0.000000 0.000000 1.000000
vn 0.000000 0.000000 1.000000
vn 0.000000 0.000000 1.000000
vn 0.000000 0.000000 1.000000
vn 0.000000 0.000000 1.000000
vn 0.000000 0.000000 1.000000
vn 0.000000 0.000000 1.000000
vn 0.000000 0.000000 1.000000
vn 0.000000 0.000000 1.000000
vn 0.000000 0.000000 1.000000
vn 0.000000 0.000000 1.000000
vn 0.000000 0.000000 1.000000
vn 0.000000 0.000000 1.000000
vn 0.000000 0.000000 1.000000
vn 0.000000 0.000000 1.000000
vn 0.000000 0.000000 1.000000
vn 0.000000 0.000000 1.000000
vn 0.000000 0.000000 1.000000
vn 0.000000 0.000000 1.000000
vn 0.000000 0.000000 1.000000
vn 0.000000 0.000000 1.000000
vn 0.000000 0.000000 1.000000
vn 0.000000 0.000000 1.000000
vn 0.000000 0.000000 1.000000
vn 0.000000 0.000000 1.000000
vn 0.000000 0.000000 1.000000
vn 0.000000 0.000000 1.000000
vn 0.000000 0.000000 1.000000
vn 0.000000 0.000000 1.000000
vn 0.000000 0.000000 1.000000
vn 0.000000 0.000000 1.000000
vn 0.000000 0.000000 1.000000
vn 0.000000 0.000000 1.000000
vn 0.000000 0.000000 1.000000
vn -0.758598 -0.651458 -0.011504
vn -0.758598 -0.651458 -0.011504
vn -0.758598 -0.651458 -0.011504
vn -0.742255 -0.670020 -0.011448
vn -0.741761 -0.670083 -0.027920
vn -0.720845 -0.693096 0.000000
vn -0.741761 -0.670083 -0.027920
vn -0.737165 -0.674642 -0.038036
vn -0.720845 -0.693096 0.000000
vn -0.737165 -0.674642 -0.038036
vn -0.729338 -0.682593 -0.046191
vn -0.720845 -0.693096 0.000000
vn -0.729338 -0.682593 -0.046191
vn -0.718326 -0.693729 -0.052422
vn -0.720845 -0.693096 0.000000
vn -0.718326 -0.693729 -0.052422
vn -0.712639 -0.700442 -0.039070
vn -0.720845 -0.693096 0.000000
vn -0.712639 -0.700442 -0.039070
vn -0.710418 -0.703346 -0.024730
vn -0.720845 -0.693096 0.000000
vn -0.710418 -0.703346 -0.024730
vn -0.704965 -0.708986 -0.019044
vn -0.720845 -0.693096 0.000000
vn -0.704965 -0.708986 -0.019044
vn -0.689390 -0.724220 -0.015750
vn -0.720845 -0.693096 0.000000
vn -0.689390 -0.724220 -0.015750
vn -0.680660 -0.732599 0.000000
vn -0.720845 -0.693096 0.000000
vn -0.712639 -0.700442 -0.039070
vn -0.718326 -0.693729 -0.052422
vn -0.716876 -0.697026 -0.015623
vn -0.716876 -0.697026 -0.015623
vn -0.718326 -0.693729 -0.052422
vn -0.716876 -0.697026 -0.015623
vn -0.719174 -0.694808 0.005618
vn -0.719174 -0.694808 0.005618
vn -0.719174 -0.694808 0.005618
vn -0.719174 -0.694808 0.005618
vn -0.719174 -0.694808 0.005618
vn -0.719174 -0.694808 0.005618
vn -0.737165 -0.674642 -0.038036
vn -0.719961 -0.693945 0.009849
vn -0.729338 -0.682593 -0.046191
vn -0.729338 -0.682593 -0.046191
vn -0.719961 -0.693945 0.009849
vn -0.719961 -0.693945 0.009849
vn -0.737165 -0.674642 -0.038036
vn -0.741761 -0.670083 -0.027920
vn -0.723257 -0.690441 -0.013825
vn -0.723257 -0.690441 -0.013825
vn -0.741761 -0.670083 -0.027920
vn -0.723257 -0.690441 -0.013825
vn -0.741761 -0.670083 -0.027920
vn -0.742255 -0.670020 -0.011448
vn -0.720647 -0.693302 0.000000
vn -0.720647 -0.693302 0.000000
vn -0.742255 -0.670020 -0.011448
vn -0.720647 -0.693302 0.000000
vn -0.751112 -0.660175 0.000000
vn -0.712336 -0.701828 0.004033
vn -0.742255 -0.670020 -0.011448
vn -0.742255 -0.670020 -0.011448
vn -0.712336 -0.701828 0.004033
vn -0.712336 -0.701828 0.004033
vn -0.710418 -0.703346 -0.024730
vn -0.712639 -0.700442 -0.039070
vn -0.723211 -0.690613 0.004503
vn -0.723211 -0.690613 0.004503
vn -0.712639 -0.700442 -0.039070
vn -0.723211 -0.690613 0.004503
vn -0.704965 -0.708986 -0.019044
vn -0.710418 -0.703346 -0.024730
vn -0.727616 -0.685962 0.005597
vn -0.727616 -0.685962 0.005597
vn -0.710418 -0.703346 -0.024730
vn -0.727616 -0.685962 0.005597
vn -0.704965 -0.708986 -0.019044
vn -0.720646 -0.693303 0.000001
vn -0.689390 -0.724220 -0.015750
vn -0.689390 -0.724220 -0.015750
vn -0.720646 -0.693303 0.000001
vn -0.720646 -0.693303 0.000001
vn -0.749962 -0.661371 0.012021
vn -0.749962 -0.661371 0.012021
vn -0.749962 -0.661371 0.012021
vn -0.749962 -0.661371 0.012021
vn -0.749962 -0.661371 0.012021
vn -0.749962 -0.661371 0.012021
vn -0.751112 -0.660175 0.000000
vn -0.720845 -0.693096 0.000000
vn -0.742255 -0.670020 0.011448
vn -0.742255 -0.670020 0.011448
vn -0.720845 -0.693096 0.000000
vn -0.741761 -0.670083 0.027920
vn -0.741761 -0.670083 0.027920
vn -0.720845 -0.693096 0.000000
vn -0.737165 -0.674642 0.038036
vn -0.737165 -0.674642 0.038036
vn -0.720845 -0.693096 0.000000
vn -0.729338 -0.682593 0.046191
vn -0.729338 -0.682593 0.046191
vn -0.720845 -0.693096 0.000000
vn -0.718326 -0.693729 0.052422
vn -0.718326 -0.693729 0.052422
vn -0.720845 -0.693096 0.000000
vn -0.712638 -0.700443 0.039070
vn -0.712638 -0.700443 0.039070
vn -0.720845 -0.693096 0.000000
vn -0.710418 -0.703346 0.024730
vn -0.710418 -0.703346 0.024730
vn -0.720845 -0.693096 0.000000
vn -0.704966 -0.708986 0.019044
vn -0.704966 -0.708986 0.019044
vn -0.720845 -0.693096 0.000000
vn -0.689390 -0.724220 0.015750
vn -0.689390 -0.724220 0.015750
vn -0.720845 -0.693096 0.000000
vn -0.680660 -0.732599 0.000000
vn -0.712638 -0.700443 0.039070
vn -0.716875 -0.697027 0.015623
vn -0.718326 -0.693729 0.052422
vn -0.718326 -0.693729 0.052422
vn -0.716875 -0.697027 0.015623
vn -0.716875 -0.697027 0.015623
vn -0.719173 -0.694808 -0.005618
vn -0.719173 -0.694808 -0.005618
vn -0.719173 -0.694808 -0.005618
vn -0.719173 -0.694808 -0.005618
vn -0.719173 -0.694808 -0.005618
vn -0.719173 -0.694808 -0.005618
vn -0.719961 -0.693945 -0.009849
vn -0.719961 -0.693945 -0.009849
vn -0.729338 -0.682593 0.046191
vn -0.729338 -0.682593 0.046191
vn -0.719961 -0.693945 -0.009849
vn -0.737165 -0.674642 0.038036
vn -0.737165 -0.674642 0.038036
vn -0.723257 -0.690441 0.013825
vn -0.741761 -0.670083 0.027920
vn -0.741761 -0.670083 0.027920
vn -0.723257 -0.690441 0.013825
vn -0.723257 -0.690441 0.013825
vn -0.741761 -0.670083 0.027920
vn -0.720647 -0.693302 0.000000
vn -0.742255 -0.670020 0.011448
vn -0.742255 -0.670020 0.011448
vn -0.720647 -0.693302 0.000000
vn -0.720647 -0.693302 0.000000
vn -0.712336 -0.701828 -0.004033
vn -0.712336 -0.701828 -0.004033
vn -0.742255 -0.670020 0.011448
vn -0.742255 -0.670020 0.011448
vn -0.712336 -0.701828 -0.004033
vn -0.751112 -0.660175 0.000000
vn -0.710418 -0.703346 0.024730
vn -0.723210 -0.690613 -0.004503
vn -0.712638 -0.700443 0.039070
vn -0.712638 -0.700443 0.039070
vn -0.723210 -0.690613 -0.004503
vn -0.723210 -0.690613 -0.004503
vn -0.704966 -0.708986 0.019044
vn -0.727617 -0.685961 -0.005597
vn -0.710418 -0.703346 0.024730
vn -0.710418 -0.703346 0.024730
vn -0.727617 -0.685961 -0.005597
vn -0.727617 -0.685961 -0.005597
vn -0.720647 -0.693302 -0.000001
vn -0.720647 -0.693302 -0.000001
vn -0.689390 -0.724220 0.015750
vn -0.689390 -0.724220 0.015750
vn -0.720647 -0.693302 -0.000001
vn -0.704966 -0.708986 0.019044
vn -0.749962 -0.661372 -0.012021
vn -0.749962 -0.661372 -0.012021
vn -0.749962 -0.661372 -0.012021
vn -0.749962 -0.661372 -0.012021
vn -0.749962 -0.661372 -0.012021
vn -0.749962 -0.661372 -0.012021
vn -0.144655 0.130393 -0.980853
vn -0.144655 0.130393 -0.980853
vn -0.123305 0.150740 -0.980853
vn -0.123305 0.150740 -0.980853
vn -0.144655 0.130393 -0.980853
vn -0.123305 0.150740 -0.980853
vn -0.742522 0.669321 -0.025903
vn -0.742522 0.669321 -0.025903
vn -0.632943 0.773765 -0.025903
vn -0.632943 0.773765 -0.025903
vn -0.742522 0.669321 -0.025903
vn -0.632943 0.773765 -0.025903
vn 0.730150 -0.658159 -0.183599
vn 0.730150 -0.658159 -0.183599
vn 0.622388 -0.760871 -0.183599
vn 0.622388 -0.760871 -0.183599
vn 0.730150 -0.658159 -0.183599
vn 0.622388 -0.760871 -0.183599
vn 0.404809 -0.364887 -0.838443
vn 0.404809 -0.364887 -0.838443
vn 0.345055 -0.421842 -0.838443
vn 0.345055 -0.421842 -0.838443
vn 0.404809 -0.364887 -0.838443
vn 0.345055 -0.421842 -0.838443
vn -0.740521 0.667496 0.077956
vn -0.740521 0.667496 0.077956
vn -0.631217 0.771679 0.077956
vn -0.631217 0.771679 0.077956
vn -0.740521 0.667496 0.077956
vn -0.631217 0.771679 0.077956
vn 0.727307 -0.655588 0.203047
vn 0.727307 -0.655588 0.203047
vn 0.619956 -0.757909 0.203047
vn 0.619956 -0.757909 0.203047
vn 0.727307 -0.655588 0.203047
vn 0.619956 -0.757909 0.203047
vn -0.368436 0.332107 -0.868309
vn -0.368436 0.332107 -0.868309
vn -0.314058 0.383938 -0.868309
vn -0.314058 0.383938 -0.868309
vn -0.368436 0.332107 -0.868309
vn -0.314058 0.383938 -0.868309
vn -0.698884 0.629979 -0.338655
vn -0.698884 0.629979 -0.338655
vn -0.595740 0.728290 -0.338655
vn -0.595740 0.728290 -0.338655
vn -0.698884 0.629979 -0.338655
vn -0.595740 0.728290 -0.338655
vn 0.704558 -0.635087 -0.316644
vn 0.704558 -0.635087 -0.316644
vn 0.600570 -0.734202 -0.316644
vn 0.600570 -0.734202 -0.316644
vn 0.704558 -0.635087 -0.316644
vn 0.600570 -0.734202 -0.316644
vn -0.604338 0.544750 -0.581397
vn -0.604338 0.544750 -0.581397
vn -0.515143 0.629766 -0.581397
vn -0.515143 0.629766 -0.581397
vn -0.604338 0.544750 -0.581397
vn -0.515143 0.629766 -0.581397
vn -0.709852 0.639862 0.294426
vn -0.709852 0.639862 0.294426
vn -0.605086 0.739719 0.294426
vn -0.605086 0.739719 0.294426
vn -0.709852 0.639862 0.294426
vn -0.605086 0.739719 0.294426
vn 0.589763 -0.531614 -0.607919
vn 0.589763 -0.531614 -0.607919
vn 0.502722 -0.614577 -0.607919
vn 0.502722 -0.614577 -0.607919
vn 0.589763 -0.531614 -0.607919
vn 0.502722 -0.614577 -0.607919
vn -0.729003 0.657126 -0.191677
vn -0.729003 0.657126 -0.191677
vn -0.621411 0.759677 -0.191677
vn -0.621411 0.759677 -0.191677
vn -0.729003 0.657126 -0.191677
vn -0.621411 0.759677 -0.191677
vn -0.604628 0.545017 0.580846
vn -0.604628 0.545017 0.580846
vn -0.515395 0.630068 0.580846
vn -0.515395 0.630068 0.580846
vn -0.604628 0.545017 0.580846
vn -0.515395 0.630068 0.580846
vn 0.532287 -0.479805 -0.697466
vn 0.532287 -0.479805 -0.697466
vn 0.453727 -0.554683 -0.697466
vn 0.453727 -0.554683 -0.697466
vn 0.532287 -0.479805 -0.697466
vn 0.453727 -0.554683 -0.697466
vn -0.191661 0.172762 -0.966136
vn -0.191661 0.172762 -0.966136
vn -0.163372 0.199724 -0.966137
vn -0.163372 0.199724 -0.966137
vn -0.191661 0.172762 -0.966136
vn -0.163372 0.199724 -0.966137
vn -0.636483 0.573728 0.515486
vn -0.636483 0.573728 0.515486
vn -0.542545 0.663264 0.515486
vn -0.542545 0.663264 0.515486
vn -0.636483 0.573728 0.515486
vn -0.542545 0.663264 0.515486
vn -0.171117 0.154244 -0.973102
vn -0.171117 0.154244 -0.973102
vn -0.145860 0.178316 -0.973102
vn -0.145860 0.178316 -0.973102
vn -0.171117 0.154244 -0.973102
vn -0.145860 0.178316 -0.973102
vn -0.688786 0.620868 -0.374294
vn -0.688786 0.620868 -0.374294
vn -0.587123 0.717767 -0.374294
vn -0.587123 0.717767 -0.374294
vn -0.688786 0.620868 -0.374294
vn -0.587123 0.717767 -0.374294
vn -0.165679 0.149342 0.974806
vn -0.165679 0.149342 0.974806
vn -0.141225 0.172650 0.974806
vn -0.141225 0.172650 0.974806
vn -0.165679 0.149342 0.974806
vn -0.141225 0.172650 0.974806
vn -0.165679 0.149342 -0.974806
vn -0.165679 0.149342 -0.974806
vn -0.141225 0.172650 -0.974806
vn -0.141225 0.172650 -0.974806
vn -0.165679 0.149342 -0.974806
vn -0.141225 0.172650 -0.974806
vn -0.688786 0.620868 0.374294
vn -0.688786 0.620868 0.374294
vn -0.587123 0.717767 0.374294
vn -0.587123 0.717767 0.374294
vn -0.688786 0.620868 0.374294
vn -0.587123 0.717767 0.374294
vn -0.171117 0.154244 0.973102
vn -0.171117 0.154244 0.973102
vn -0.145860 0.178316 0.973102
vn -0.145860 0.178316 0.973102
vn -0.171117 0.154244 0.973102
vn -0.145860 0.178316 0.973102
vn -0.636483 0.573728 -0.515486
vn -0.636483 0.573728 -0.515486
vn -0.542545 0.663264 -0.515486
vn -0.542545 0.663264 -0.515486
vn -0.636483 0.573728 -0.515486
vn -0.542545 0.663264 -0.515486
vn -0.191661 0.172762 0.966136
vn -0.191661 0.172762 0.966136
vn -0.163372 0.199724 0.966137
vn -0.163372 0.199724 0.966137
vn -0.191661 0.172762 0.966136
vn -0.163372 0.199724 0.966137
vn 0.532287 -0.479805 0.697466
vn 0.532287 -0.479805 0.697466
vn 0.453727 -0.554683 0.697466
vn 0.453727 -0.554683 0.697466
vn 0.532287 -0.479805 0.697466
vn 0.453727 -0.554683 0.697466
vn -0.604628 0.545017 -0.580846
vn -0.604628 0.545017 -0.580846
vn -0.515395 0.630068 -0.580846
vn -0.515395 0.630068 -0.580846
vn -0.604628 0.545017 -0.580846
vn -0.515395 0.630068 -0.580846
vn -0.729003 0.657126 0.191677
vn -0.729003 0.657126 0.191677
vn -0.621411 0.759677 0.191677
vn -0.621411 0.759677 0.191677
vn -0.729003 0.657126 0.191677
vn -0.621411 0.759677 0.191677
vn 0.589763 -0.531614 0.607919
vn 0.589763 -0.531614 0.607919
vn 0.502722 -0.614577 0.607919
vn 0.502722 -0.614577 0.607919
vn 0.589763 -0.531614 0.607919
vn 0.502722 -0.614577 0.607919
vn -0.709852 0.639862 -0.294426
vn -0.709852 0.639862 -0.294426
vn -0.605086 0.739719 -0.294426
vn -0.605086 0.739719 -0.294426
vn -0.709852 0.639862 -0.294426
vn -0.605086 0.739719 -0.294426
vn -0.604338 0.544749 0.581399
vn -0.604338 0.544749 0.581399
vn -0.515143 0.629765 0.581398
vn -0.515143 0.629765 0.581398
vn -0.604338 0.544749 0.581399
vn -0.515143 0.629765 0.581398
vn 0.704558 -0.635087 0.316644
vn 0.704558 -0.635087 0.316644
vn 0.600570 -0.734202 0.316644
vn 0.600570 -0.734202 0.316644
vn 0.704558 -0.635087 0.316644
vn 0.600570 -0.734202 0.316644
vn -0.698884 0.629979 0.338655
vn -0.698884 0.629979 0.338655
vn -0.595740 0.728290 0.338655
vn -0.595740 0.728290 0.338655
vn -0.698884 0.629979 0.338655
vn -0.595740 0.728290 0.338655
vn -0.368436 0.332107 0.868309
vn -0.368436 0.332107 0.868309
vn -0.314058 0.383938 0.868309
vn -0.314058 0.383938 0.868309
vn -0.368436 0.332107 0.868309
vn -0.314058 0.383938 0.868309
vn 0.727307 -0.655588 -0.203047
vn 0.727307 -0.655588 -0.203047
vn 0.619956 -0.757909 -0.203047
vn 0.619956 -0.757909 -0.203047
vn 0.727307 -0.655588 -0.203047
vn 0.619956 -0.757909 -0.203047
vn -0.740521 0.667496 -0.077956
vn -0.740521 0.667496 -0.077956
vn -0.631217 0.771679 -0.077956
vn -0.631217 0.771679 -0.077956
vn -0.740521 0.667496 -0.077956
vn -0.631217 0.771679 -0.077956
vn 0.404808 -0.364886 0.838444
vn 0.404808 -0.364886 0.838444
vn 0.345053 -0.421840 0.838445
vn 0.345053 -0.421840 0.838445
vn 0.404808 -0.364886 0.838444
vn 0.345053 -0.421840 0.838445
vn 0.730150 -0.658159 0.183599
vn 0.730150 -0.658159 0.183599
vn 0.622388 -0.760871 0.183599
vn 0.622388 -0.760871 0.183599
vn 0.730150 -0.658159 0.183599
vn 0.622388 -0.760871 0.183599
vn -0.742522 0.669321 0.025903
vn -0.742522 0.669321 0.025903
vn -0.632943 0.773765 0.025903
vn -0.632943 0.773765 0.025903
vn -0.742522 0.669321 0.025903
vn -0.632943 0.773765 0.025903
vn -0.144655 0.130393 0.980853
vn -0.144655 0.130393 0.980853
vn -0.123305 0.150740 0.980853
vn -0.123305 0.150740 0.980853
vn -0.144655 0.130393 0.980853
vn -0.123305 0.150740 0.980853
vn 0.742340 -0.669140 -0.034390
vn 0.742340 -0.669140 -0.034390
vn 0.632772 -0.773574 -0.034390
vn 0.632772 -0.773574 -0.034390
vn 0.742340 -0.669140 -0.034390
vn 0.632772 -0.773574 -0.034390
vn -0.390615 0.352095 0.850558
vn -0.390615 0.352095 0.850558
vn -0.332959 0.407050 0.850558
vn -0.332959 0.407050 0.850558
vn -0.390615 0.352095 0.850558
vn -0.332959 0.407050 0.850558
vn -0.119235 0.107472 0.987032
vn -0.119235 0.107472 0.987032
vn -0.101631 0.124252 0.987032
vn -0.101631 0.124252 0.987032
vn -0.119235 0.107472 0.987032
vn -0.101631 0.124252 0.987032
vn 0.632101 -0.569780 -0.525166
vn 0.632101 -0.569780 -0.525166
vn 0.538813 -0.658697 -0.525166
vn 0.538813 -0.658697 -0.525166
vn 0.632101 -0.569780 -0.525166
vn 0.538813 -0.658697 -0.525166
vn -0.573266 0.516745 0.635878
vn -0.573266 0.516745 0.635878
vn -0.488660 0.597386 0.635878
vn -0.488660 0.597386 0.635878
vn -0.573266 0.516745 0.635878
vn -0.488660 0.597386 0.635878
vn 0.345760 -0.311668 0.885050
vn 0.345759 -0.311667 0.885050
vn 0.294729 -0.360309 0.885049
vn 0.294729 -0.360309 0.885049
vn 0.345759 -0.311667 0.885050
vn 0.294727 -0.360307 0.885051
vn 0.624710 -0.563108 -0.540968
vn 0.624710 -0.563108 -0.540968
vn 0.532503 -0.650994 -0.540969
vn 0.532503 -0.650994 -0.540969
vn 0.624710 -0.563108 -0.540968
vn 0.532503 -0.650994 -0.540969
vn -0.729236 0.657314 0.190139
vn -0.729236 0.657314 0.190139
vn -0.621588 0.759918 0.190139
vn -0.621588 0.759918 0.190139
vn -0.729236 0.657314 0.190139
vn -0.621588 0.759918 0.190139
vn 0.664728 -0.599176 0.446235
vn 0.664728 -0.599176 0.446235
vn 0.566609 -0.692697 0.446235
vn 0.566609 -0.692697 0.446235
vn 0.664728 -0.599176 0.446235
vn 0.566609 -0.692697 0.446235
vn 0.705832 -0.636236 -0.311455
vn 0.705832 -0.636236 -0.311455
vn 0.601657 -0.735530 -0.311455
vn 0.601657 -0.735530 -0.311455
vn 0.705832 -0.636236 -0.311455
vn 0.601657 -0.735530 -0.311455
vn 0.705832 -0.636236 0.311455
vn 0.705832 -0.636236 0.311455
vn 0.601657 -0.735530 0.311455
vn 0.601657 -0.735530 0.311455
vn 0.705832 -0.636236 0.311455
vn 0.601657 -0.735530 0.311455
vn 0.664728 -0.599176 -0.446235
vn 0.664728 -0.599176 -0.446235
vn 0.566609 -0.692697 -0.446235
vn 0.566609 -0.692697 -0.446235
vn 0.664728 -0.599176 -0.446235
vn 0.566609 -0.692697 -0.446235
vn -0.729236 0.657314 -0.190139
vn -0.729236 0.657314 -0.190139
vn -0.621588 0.759918 -0.190139
vn -0.621588 0.759918 -0.190139
vn -0.729236 0.657314 -0.190139
vn -0.621588 0.759918 -0.190139
vn 0.624710 -0.563108 0.540968
vn 0.624710 -0.563108 0.540968
vn 0.532503 -0.650994 0.540969
vn 0.532503 -0.650994 0.540969
vn 0.624710 -0.563108 0.540968
vn 0.532503 -0.650994 0.540969
vn 0.345759 -0.311667 -0.885050
vn 0.345759 -0.311667 -0.885050
vn 0.294727 -0.360307 -0.885051
vn 0.294727 -0.360307 -0.885051
vn 0.345759 -0.311667 -0.885050
vn 0.294727 -0.360307 -0.885051
vn -0.573266 0.516745 -0.635878
vn -0.573266 0.516745 -0.635878
vn -0.488660 0.597386 -0.635878
vn -0.488660 0.597386 -0.635878
vn -0.573266 0.516745 -0.635878
vn -0.488660 0.597386 -0.635878
vn 0.632101 -0.569780 0.525166
vn 0.632101 -0.569780 0.525166
vn 0.538813 -0.658697 0.525166
vn 0.538813 -0.658697 0.525166
vn 0.632101 -0.569780 0.525166
vn 0.538813 -0.658697 0.525166
vn -0.119235 0.107472 -0.987032
vn -0.119235 0.107472 -0.987032
vn -0.101631 0.124252 -0.987032
vn -0.101631 0.124252 -0.987032
vn -0.119235 0.107472 -0.987032
vn -0.101631 0.124252 -0.987032
vn -0.390615 0.352095 -0.850558
vn -0.390615 0.352095 -0.850558
vn -0.332959 0.407050 -0.850558
vn -0.332959 0.407050 -0.850558
vn -0.390615 0.352095 -0.850558
vn -0.332959 0.407050 -0.850558
vn 0.742340 -0.669140 0.034390
vn 0.742340 -0.669140 0.034390
vn 0.632772 -0.773574 0.034390
vn 0.632772 -0.773574 0.034390
vn 0.742340 -0.669140 0.034390
vn 0.632772 -0.773574 0.034390
vn 0.687086 0.726485 -0.011502
vn 0.687086 0.726485 -0.011502
vn 0.687086 0.726485 -0.011502
vn 0.704843 0.709271 -0.011448
vn 0.726866 0.686779 0.000000
vn 0.704882 0.708775 -0.027920
vn 0.704882 0.708775 -0.027920
vn 0.726866 0.686779 0.000000
vn 0.709216 0.703964 -0.038036
vn 0.709216 0.703964 -0.038036
vn 0.726866 0.686779 0.000000
vn 0.716782 0.695766 -0.046191
vn 0.716782 0.695766 -0.046191
vn 0.726866 0.686779 0.000000
vn 0.727377 0.684233 -0.052422
vn 0.727377 0.684233 -0.052422
vn 0.726866 0.686779 0.000000
vn 0.733810 0.678230 -0.039070
vn 0.733810 0.678230 -0.039070
vn 0.726866 0.686779 0.000000
vn 0.736604 0.675872 -0.024730
vn 0.736604 0.675872 -0.024730
vn 0.726866 0.686779 0.000000
vn 0.741977 0.670155 -0.019044
vn 0.741977 0.670155 -0.019044
vn 0.726866 0.686779 0.000000
vn 0.756445 0.653867 -0.015750
vn 0.756445 0.653867 -0.015750
vn 0.726866 0.686779 0.000000
vn 0.764397 0.644746 0.000000
vn 0.733810 0.678230 -0.039070
vn 0.730601 0.682626 -0.015623
vn 0.727377 0.684233 -0.052422
vn 0.727377 0.684233 -0.052422
vn 0.730601 0.682626 -0.015623
vn 0.730601 0.682626 -0.015623
vn 0.728495 0.685028 0.005618
vn 0.728495 0.685028 0.005618
vn 0.728495 0.685028 0.005618
vn 0.728495 0.685028 0.005618
vn 0.728495 0.685028 0.005618
vn 0.728495 0.685028 0.005618
vn 0.727673 0.685854 0.009849
vn 0.727673 0.685854 0.009849
vn 0.716782 0.695766 -0.046191
vn 0.716782 0.695766 -0.046191
vn 0.727673 0.685854 0.009849
vn 0.709216 0.703964 -0.038036
vn 0.709216 0.703964 -0.038036
vn 0.724330 0.689315 -0.013825
vn 0.704882 0.708775 -0.027920
vn 0.704882 0.708775 -0.027920
vn 0.724330 0.689315 -0.013825
vn 0.724330 0.689315 -0.013825
vn 0.704882 0.708775 -0.027920
vn 0.727063 0.686571 0.000000
vn 0.704843 0.709271 -0.011448
vn 0.704843 0.709271 -0.011448
vn 0.727063 0.686571 0.000000
vn 0.727063 0.686571 0.000000
vn 0.735180 0.677860 0.004033
vn 0.735180 0.677860 0.004033
vn 0.704843 0.709271 -0.011448
vn 0.704843 0.709271 -0.011448
vn 0.735180 0.677860 0.004033
vn 0.695435 0.718589 0.000000
vn 0.736604 0.675872 -0.024730
vn 0.724500 0.689261 0.004503
vn 0.733810 0.678230 -0.039070
vn 0.733810 0.678230 -0.039070
vn 0.724500 0.689261 0.004503
vn 0.724500 0.689261 0.004503
vn 0.741977 0.670155 -0.019044
vn 0.720065 0.693884 0.005597
vn 0.736604 0.675872 -0.024730
vn 0.736604 0.675872 -0.024730
vn 0.720065 0.693884 0.005597
vn 0.720065 0.693884 0.005597
vn 0.727063 0.686570 0.000001
vn 0.727063 0.686570 0.000001
vn 0.756445 0.653867 -0.015750
vn 0.756445 0.653867 -0.015750
vn 0.727063 0.686570 0.000001
vn 0.741977 0.670155 -0.019044
vn 0.696574 0.717384 0.012021
vn 0.696574 0.717384 0.012021
vn 0.696574 0.717384 0.012021
vn 0.696574 0.717384 0.012021
vn 0.696574 0.717384 0.012021
vn 0.696574 0.717384 0.012021
vn 0.695435 0.718589 0.000000
vn 0.704843 0.709271 0.011448
vn 0.726866 0.686779 0.000000
vn 0.704843 0.709271 0.011448
vn 0.704882 0.708775 0.027920
vn 0.726866 0.686779 0.000000
vn 0.704882 0.708775 0.027920
vn 0.709216 0.703964 0.038036
vn 0.726866 0.686779 0.000000
vn 0.709216 0.703964 0.038036
vn 0.716782 0.695766 0.046191
vn 0.726866 0.686779 0.000000
vn 0.716782 0.695766 0.046191
vn 0.727378 0.684232 0.052422
vn 0.726866 0.686779 0.000000
vn 0.727378 0.684232 0.052422
vn 0.733811 0.678229 0.039070
vn 0.726866 0.686779 0.000000
vn 0.733811 0.678229 0.039070
vn 0.736604 0.675872 0.024730
vn 0.726866 0.686779 0.000000
vn 0.736604 0.675872 0.024730
vn 0.741976 0.670156 0.019044
vn 0.726866 0.686779 0.000000
vn 0.741976 0.670156 0.019044
vn 0.756445 0.653867 0.015750
vn 0.726866 0.686779 0.000000
vn 0.756445 0.653867 0.015750
vn 0.764397 0.644746 0.000000
vn 0.726866 0.686779 0.000000
vn 0.733811 0.678229 0.039070
vn 0.727378 0.684232 0.052422
vn 0.730602 0.682625 0.015623
vn 0.730602 0.682625 0.015623
vn 0.727378 0.684232 0.052422
vn 0.730602 0.682625 0.015623
vn 0.728496 0.685027 -0.005618
vn 0.728496 0.685027 -0.005618
vn 0.728496 0.685027 -0.005618
vn 0.728496 0.685027 -0.005618
vn 0.728496 0.685027 -0.005618
vn 0.728496 0.685027 -0.005618
vn 0.709216 0.703964 0.038036
vn 0.727673 0.685854 -0.009849
vn 0.716782 0.695766 0.046191
vn 0.716782 0.695766 0.046191
vn 0.727673 0.685854 -0.009849
vn 0.727673 0.685854 -0.009849
vn 0.709216 0.703964 0.038036
vn 0.704882 0.708775 0.027920
vn 0.724330 0.689315 0.013825
vn 0.724330 0.689315 0.013825
vn 0.704882 0.708775 0.027920
vn 0.724330 0.689315 0.013825
vn 0.704882 0.708775 0.027920
vn 0.704843 0.709271 0.011448
vn 0.727063 0.686571 0.000000
vn 0.727063 0.686571 0.000000
vn 0.704843 0.709271 0.011448
vn 0.727063 0.686571 0.000000
vn 0.695435 0.718589 0.000000
vn 0.735180 0.677860 -0.004033
vn 0.704843 0.709271 0.011448
vn 0.704843 0.709271 0.011448
vn 0.735180 0.677860 -0.004033
vn 0.735180 0.677860 -0.004033
vn 0.736604 0.675872 0.024730
vn 0.733811 0.678229 0.039070
vn 0.724500 0.689260 -0.004503
vn 0.724500 0.689260 -0.004503
vn 0.733811 0.678229 0.039070
vn 0.724500 0.689260 -0.004503
vn 0.741976 0.670156 0.019044
vn 0.736604 0.675872 0.024730
vn 0.720064 0.693885 -0.005597
vn 0.720064 0.693885 -0.005597
vn 0.736604 0.675872 0.024730
vn 0.720064 0.693885 -0.005597
vn 0.741976 0.670156 0.019044
vn 0.727063 0.686570 -0.000001
vn 0.756445 0.653867 0.015750
vn 0.756445 0.653867 0.015750
vn 0.727063 0.686570 -0.000001
vn 0.727063 0.686570 -0.000001
vn 0.696575 0.717383 -0.012021
vn 0.696575 0.717383 -0.012021
vn 0.696575 0.717383 -0.012021
vn 0.696575 0.717383 -0.012021
vn 0.696575 0.717383 -0.012021
vn 0.696575 0.717383 -0.012021
vn 0.000000 0.000000 -1.000000
vn 0.000000 0.000000 -1.000000
vn -0.000000 0.000000 -1.000000
vn -0.000015 0.000000 -1.000000
vn -0.000015 0.000000 -1.000000
vn 0.000000 0.000000 -1.000000
vn 0.000012 0.000000 -1.000000
vn 0.000012 0.000000 -1.000000
vn 0.000000 0.000000 -1.000000
vn -0.000012 0.000000 -1.000000
vn -0.000012 0.000000 -1.000000
vn 0.000000 0.000000 -1.000000
vn 0.000010 0.000000 -1.000000
vn 0.000010 0.000000 -1.000000
vn 0.000000 0.000000 -1.000000
vn -0.000012 0.000000 -1.000000
vn -0.000012 0.000000 -1.000000
vn 0.000000 0.000000 -1.000000
vn 0.000000 0.000000 -1.000000
vn 0.000000 0.000000 -1.000000
vn 0.000000 0.000000 -1.000000
vn 0.000000 0.000000 -1.000000
vn 0.000000 0.000000 -1.000000
vn 0.000000 0.000000 -1.000000
vn 0.000000 0.000000 -1.000000
vn -0.000001 0.000000 -1.000000
vn 0.000000 0.000000 -1.000000
vn 0.000000 0.000000 -1.000000
vn -0.162078 0.168105 -0.972354
vn -0.162078 0.168105 -0.972354
vn 0.000387 -0.000400 -1.000000
vn -0.162075 0.168103 -0.972355
vn -0.162075 0.168103 -0.972355
vn 0.000387 -0.000400 -1.000000
vn 0.000387 -0.000400 -1.000000
vn 0.636349 -0.771401 0.000000
vn 0.636349 -0.771401 0.000000
vn 0.630048 -0.776557 0.000000
vn 0.636351 -0.771400 0.000000
vn 0.636351 -0.771400 0.000000
vn 0.630048 -0.776557 0.000000
vn 0.630048 -0.776557 0.000000
vn 0.000009 0.000000 -1.000000
vn 0.000009 0.000000 -1.000000
vn 0.000000 0.000000 -1.000000
vn 0.000000 0.000000 1.000000
vn 0.000000 0.000000 1.000000
vn 0.000000 0.000000 1.000000
vn 0.000015 0.000000 1.000000
vn 0.000015 0.000000 1.000000
vn 0.000000 0.000000 1.000000
vn 0.000000 0.000000 1.000000
vn 0.000000 0.000000 1.000000
vn 0.000000 0.000000 1.000000
vn 0.000000 0.000000 1.000000
vn 0.000000 0.000000 1.000000
vn 0.000000 0.000000 1.000000
vn 0.000000 0.000000 1.000000
vn 0.000000 0.000000 1.000000
vn 0.000000 0.000000 1.000000
vn 0.000000 0.000000 1.000000
vn 0.000000 0.000000 1.000000
vn 0.000000 0.000000 1.000000
vn 0.000000 0.000000 1.000000
vn 0.000000 0.000000 1.000000
vn 0.000000 0.000000 1.000000
vn 0.000000 0.000000 1.000000
vn 0.000000 0.000000 1.000000
vn 0.000000 0.000000 1.000000
vn -0.000001 0.000000 1.000000
vn 0.000000 0.000000 1.000000
vn 0.000002 0.000000 1.000000
vn 0.000000 0.000000 1.000000
vn -0.162074 0.168104 0.972354
vn -0.162074 0.168104 0.972354
vn 0.000387 -0.000400 1.000000
vn -0.162074 0.168103 0.972355
vn 0.000387 -0.000400 1.000000
vn -0.162074 0.168103 0.972355
vn 0.000387 -0.000400 1.000000
vn 0.000000 0.000000 1.000000
vn 0.000000 0.000000 1.000000
vn 0.000000 0.000000 1.000000
vn -0.760883 -0.648890 0.000000
vn -0.760882 -0.648890 0.000000
vn -0.760885 -0.648887 0.000000
vn -0.760882 -0.648891 0.000000
vn -0.760881 -0.648891 0.000000
vn -0.760882 -0.648890 0.000000
vn -0.760882 -0.648891 0.000000
vn -0.760877 -0.648896 0.000002
vn -0.760888 -0.648883 0.000002
vn -0.760888 -0.648884 0.000023
vn -0.760923 -0.648843 0.000009
vn -0.760881 -0.648891 -0.000004
vn -0.760881 -0.648891 -0.000013
vn -0.760883 -0.648890 -0.000006
vn -0.760865 -0.648911 -0.000009
vn -0.760882 -0.648891 0.000000
vn -0.760882 -0.648891 0.000000
vn -0.760881 -0.648892 0.000000
vn -0.760883 -0.648890 0.000000
vn -0.760882 -0.648891 0.000000
vn -0.760883 -0.648889 0.000000
vn -0.760882 -0.648890 0.000000
vn -0.760884 -0.648889 0.000000
vn -0.760883 -0.648889 0.000000
vn -0.760880 -0.648892 0.000000
vn -0.760880 -0.648892 0.000000
vn -0.760881 -0.648891 0.000000
vn -0.760876 -0.648897 0.000000
vn -0.760875 -0.648898 0.000000
vn -0.760881 -0.648891 0.000000
vn -0.760881 -0.648891 0.000000
vn -0.760887 -0.648884 0.000000
vn -0.760880 -0.648893 0.000000
vn -0.760884 -0.648888 0.000000
vn -0.760880 -0.648892 0.000000
vn -0.760881 -0.648892 0.000000
vn -0.760882 -0.648890 0.000000
vn -0.760883 -0.648889 0.000000
vn -0.760883 -0.648889 0.000000
vn -0.760876 -0.648897 0.000000
vn 0.000000 0.000000 -1.000000
vn 0.000000 0.000000 -1.000000
vn -0.000000 0.000000 -1.000000
vn -0.000000 0.000000 -1.000000
vn -0.000387 -0.002858 -0.999996
vn 0.000023 0.000000 -1.000000
vn 0.000000 0.000000 -1.000000
vn 0.000023 0.000000 -1.000000
vn 0.000000 0.000000 -1.000000
vn -0.000000 0.000000 -1.000000
vn 0.000000 0.000000 -1.000000
vn 0.000000 0.000000 -1.000000
vn 0.000000 0.000000 -1.000000
vn 0.000014 0.000000 -1.000000
vn 0.000000 0.000000 -1.000000
vn 0.000014 0.000000 -1.000000
vn 0.000000 0.000000 -1.000000
vn -0.000000 0.000000 -1.000000
vn 0.000000 0.000000 -1.000000
vn 0.000000 0.000000 -1.000000
vn 0.000000 0.000000 -1.000000
vn 0.000000 0.000000 -1.000000
vn 0.000000 0.000000 -1.000000
vn 0.000000 0.000000 -1.000000
vn 0.000000 0.000000 -1.000000
vn -0.000007 0.000000 -1.000000
vn 0.000000 0.000000 -1.000000
vn -0.000007 0.000000 -1.000000
vn 0.000000 0.000000 -1.000000
vn -0.000004 0.000000 -1.000000
vn 0.000000 0.000000 -1.000000
vn -0.000005 0.000000 -1.000000
vn 0.000000 0.000000 -1.000000
vn 0.000005 0.000000 -1.000000
vn 0.000005 0.000000 -1.000000
vn -0.231567 0.030063 -0.972354
vn -0.231567 0.030063 -0.972354
vn 0.001300 -0.000972 -0.999999
vn 0.000440 -0.001796 -0.999998
vn 0.000440 -0.001796 -0.999998
vn -0.231565 0.030062 -0.972355
vn -0.231565 0.030062 -0.972355
vn 0.995728 -0.092330 0.000000
vn 0.996836 -0.079483 0.000000
vn 0.996836 -0.079483 0.000000
vn 0.979120 -0.203281 -0.000001
vn 0.979120 -0.203281 -0.000001
vn 0.979120 -0.203281 0.000001
vn 0.979120 -0.203281 0.000001
vn 0.979120 -0.203281 -0.000001
vn 0.979120 -0.203281 0.000001
vn 0.996624 -0.082096 -0.000003
vn 0.996624 -0.082096 -0.000003
vn 0.996624 -0.082096 0.000003
vn 0.996624 -0.082096 0.000003
vn 0.996624 -0.082096 -0.000003
vn 0.996624 -0.082096 0.000003
vn 0.960053 -0.279820 0.000000
vn 0.960053 -0.279820 0.000000
vn 0.960053 -0.279820 0.000000
vn 0.960053 -0.279820 0.000000
vn 0.960053 -0.279820 0.000000
vn 0.960053 -0.279820 0.000000
vn 0.995632 -0.093360 0.000001
vn 0.995632 -0.093360 0.000001
vn 0.995632 -0.093360 -0.000001
vn 0.995632 -0.093360 -0.000001
vn 0.995632 -0.093360 0.000001
vn 0.995632 -0.093360 -0.000001
vn 0.975860 -0.218397 0.000000
vn 0.975860 -0.218397 0.000000
vn 0.975860 -0.218397 0.000000
vn 0.975860 -0.218397 0.000000
vn 0.975860 -0.218397 0.000000
vn 0.975860 -0.218397 0.000000
vn 0.978758 -0.205021 0.000000
vn 0.978758 -0.205021 0.000000
vn 0.977056 -0.212983 0.000000
vn 0.977056 -0.212983 0.000000
vn 0.977056 -0.212983 0.000000
vn 0.978758 -0.205021 0.000000
vn 0.978758 -0.205021 0.000000
vn 0.000000 0.000000 -1.000000
vn 0.000000 0.000000 -1.000000
vn -0.000387 -0.002858 -0.999996
vn -0.000387 -0.002858 -0.999996
vn 0.000000 0.000000 -1.000000
vn -0.018540 -0.042012 -0.998945
vn 0.208369 0.978050 0.000000
vn 0.208369 0.978050 0.000000
vn 0.208369 0.978050 0.000000
vn 0.208369 0.978050 0.000000
vn 0.208369 0.978050 0.000000
vn 0.208369 0.978050 0.000000
vn -0.069718 -0.997567 0.000000
vn -0.069718 -0.997567 0.000000
vn -0.069718 -0.997567 0.000000
vn -0.069718 -0.997567 0.000000
vn -0.069718 -0.997567 0.000000
vn -0.069718 -0.997567 0.000000
vn 0.000000 0.000000 -1.000000
vn 0.000000 0.000000 -1.000000
vn -0.000001 0.000000 -1.000000
vn -0.000001 0.000000 -1.000000
vn 0.000000 0.000000 -1.000000
vn -0.000001 0.000000 -1.000000
vn 0.141940 0.989875 -0.000003
vn 0.141940 0.989875 -0.000003
vn 0.141940 0.989875 0.000003
vn 0.141940 0.989875 0.000003
vn 0.141940 0.989875 -0.000003
vn 0.141940 0.989875 0.000003
vn -0.121644 -0.992574 0.000010
vn -0.121644 -0.992574 0.000010
vn -0.121644 -0.992574 -0.000010
vn -0.121644 -0.992574 -0.000010
vn -0.121644 -0.992574 0.000010
vn -0.121644 -0.992574 -0.000010
vn 0.000000 0.000000 -1.000000
vn 0.000000 0.000000 -1.000000
vn 0.000000 0.000000 -1.000000
vn 0.000000 0.000000 -1.000000
vn 0.000000 0.000000 -1.000000
vn 0.000000 0.000000 -1.000000
vn 0.136243 0.990675 0.000000
vn 0.136243 0.990675 0.000000
vn 0.136243 0.990675 0.000000
vn 0.136243 0.990675 0.000000
vn 0.136243 0.990675 0.000000
vn 0.136243 0.990675 0.000000
vn -0.065009 -0.997885 0.000000
vn -0.065009 -0.997885 0.000000
vn -0.065009 -0.997885 0.000000
vn -0.065009 -0.997885 0.000000
vn -0.065009 -0.997885 0.000000
vn -0.065009 -0.997885 0.000000
vn 0.000000 0.000000 -1.000000
vn 0.000000 0.000000 -1.000000
vn 0.000000 0.000000 -1.000000
vn 0.000000 0.000000 -1.000000
vn 0.000000 0.000000 -1.000000
vn 0.000000 0.000000 -1.000000
vn 0.185062 0.982727 0.000000
vn 0.185062 0.982727 0.000000
vn 0.185062 0.982727 0.000000
vn 0.185062 0.982727 0.000000
vn 0.185062 0.982727 0.000000
vn 0.185062 0.982727 0.000000
vn 0.994696 -0.102855 0.000000
vn 0.994696 -0.102855 0.000000
vn 0.994696 -0.102855 0.000000
vn 0.994696 -0.102855 0.000000
vn 0.994696 -0.102855 0.000000
vn 0.994696 -0.102855 0.000000
vn -0.120731 -0.992685 0.000000
vn -0.120731 -0.992685 0.000000
vn -0.120731 -0.992685 0.000000
vn -0.120731 -0.992685 0.000000
vn -0.120731 -0.992685 0.000000
vn -0.120731 -0.992685 0.000000
vn 0.000000 0.000000 -1.000000
vn 0.000000 0.000000 -1.000000
vn 0.000000 0.000000 -1.000000
vn 0.000000 0.000000 -1.000000
vn 0.000000 0.000000 -1.000000
vn 0.000000 0.000000 -1.000000
vn -0.732167 -0.681125 -0.000001
vn -0.732171 -0.681121 -0.000001
vn -0.732167 -0.681125 0.000001
vn -0.732167 -0.681125 0.000001
vn -0.732171 -0.681121 -0.000001
vn -0.732171 -0.681121 0.000001
vn 0.000000 0.000000 -1.000000
vn 0.000001 -0.000000 -1.000000
vn 0.000000 0.000000 -1.000000
vn 0.000003 -0.000001 -1.000000
vn 0.000001 -0.000000 -1.000000
vn 0.000001 -0.000000 -1.000000
vn 0.583561 0.812069 0.000000
vn 0.583561 0.812069 0.000000
vn 0.583561 0.812069 0.000000
vn 0.583561 0.812069 0.000000
vn 0.583561 0.812069 0.000000
vn 0.583561 0.812069 0.000000
vn 0.530066 -0.847957 0.000000
vn 0.530066 -0.847957 0.000000
vn 0.530066 -0.847957 0.000000
vn 0.530066 -0.847957 0.000000
vn 0.530066 -0.847957 0.000000
vn 0.530066 -0.847957 0.000000
vn 0.000000 0.000000 -1.000000
vn 0.000000 0.000000 -1.000000
vn 0.000000 0.000000 -1.000000
vn 0.000000 0.000000 -1.000000
vn 0.000000 0.000000 -1.000000
vn 0.000000 0.000000 -1.000000
vn -0.171182 0.985240 0.000000
vn -0.171186 0.985239 0.000000
vn -0.171182 0.985240 0.000000
vn -0.171182 0.985240 0.000000
vn -0.171186 0.985239 0.000000
vn -0.171186 0.985239 0.000000
vn 0.000000 0.000000 -1.000000
vn -0.000000 0.000000 -1.000000
vn 0.000000 0.000000 -1.000000
vn 0.000000 0.000000 -1.000000
vn 0.000440 -0.001796 -0.999998
vn -0.000387 -0.002858 -0.999996
vn 0.003789 -0.086257 -0.996266
vn 0.003789 -0.086257 -0.996266
vn -0.000387 -0.002858 -0.999996
vn -0.017036 -0.090320 -0.995767
vn 0.001300 -0.000972 -0.999999
vn 0.000440 -0.001796 -0.999998
vn 0.048285 -0.057514 -0.997176
vn 0.048285 -0.057514 -0.997176
vn 0.000440 -0.001796 -0.999998
vn 0.003789 -0.086257 -0.996266
vn -0.000387 -0.002858 -0.999996
vn -0.018540 -0.042012 -0.998945
vn -0.017036 -0.090320 -0.995767
vn 0.000000 0.000000 -1.000000
vn 0.000000 0.000000 -1.000000
vn 0.000000 0.000000 -1.000000
vn 0.000000 0.000000 -1.000000
vn 0.000001 -0.000000 -1.000000
vn 0.000003 -0.000001 -1.000000
vn 0.000000 0.000000 1.000000
vn -0.000000 0.000000 1.000000
vn 0.000000 0.000000 1.000000
vn 0.000000 0.000000 1.000000
vn -0.000387 -0.002858 0.999996
vn 0.000000 0.000000 1.000000
vn -0.000009 0.000000 1.000000
vn -0.000009 0.000000 1.000000
vn 0.000000 0.000000 1.000000
vn 0.000000 0.000000 1.000000
vn -0.000004 0.000000 1.000000
vn -0.000004 0.000000 1.000000
vn 0.000000 0.000000 1.000000
vn 0.000000 0.000000 1.000000
vn -0.000006 0.000000 1.000000
vn -0.000006 0.000000 1.000000
vn 0.000000 0.000000 1.000000
vn 0.000000 0.000000 1.000000
vn -0.000001 0.000000 1.000000
vn -0.000001 0.000000 1.000000
vn 0.000000 0.000000 1.000000
vn 0.000000 0.000000 1.000000
vn -0.000002 0.000000 1.000000
vn -0.000002 0.000000 1.000000
vn 0.000000 0.000000 1.000000
vn 0.000000 0.000000 1.000000
vn -0.000005 0.000000 1.000000
vn -0.000005 0.000000 1.000000
vn 0.000000 0.000000 1.000000
vn 0.000000 0.000000 1.000000
vn -0.000004 0.000000 1.000000
vn -0.000004 0.000000 1.000000
vn 0.000000 0.000000 1.000000
vn 0.000005 0.000000 1.000000
vn 0.000005 0.000000 1.000000
vn 0.000440 -0.001796 0.999998
vn -0.231565 0.030062 0.972355
vn 0.001300 -0.000972 0.999999
vn -0.231565 0.030062 0.972355
vn 0.000440 -0.001796 0.999998
vn -0.231565 0.030062 0.972355
vn -0.231565 0.030062 0.972355
vn 0.000000 0.000000 1.000000
vn -0.000387 -0.002858 0.999996
vn 0.000000 0.000000 1.000000
vn -0.000387 -0.002858 0.999996
vn -0.018540 -0.042012 0.998945
vn 0.000000 0.000000 1.000000
vn 0.000000 0.000000 1.000000
vn -0.000001 0.000000 1.000000
vn 0.000000 0.000000 1.000000
vn -0.000001 0.000000 1.000000
vn -0.000001 0.000000 1.000000
vn 0.000000 0.000000 1.000000
vn 0.000000 0.000000 1.000000
vn 0.000000 0.000000 1.000000
vn 0.000000 0.000000 1.000000
vn 0.000000 0.000000 1.000000
vn 0.000000 0.000000 1.000000
vn 0.000000 0.000000 1.000000
vn 0.000000 0.000000 1.000000
vn 0.000000 0.000000 1.000000
vn 0.000000 0.000000 1.000000
vn 0.000000 0.000000 1.000000
vn 0.000000 0.000000 1.000000
vn 0.000000 0.000000 1.000000
vn 0.000000 0.000000 1.000000
vn 0.000000 0.000000 1.000000
vn 0.000000 0.000000 1.000000
vn 0.000000 0.000000 1.000000
vn 0.000000 0.000000 1.000000
vn 0.000000 0.000000 1.000000
vn 0.000000 0.000000 1.000000
vn 0.000000 0.000000 1.000000
vn 0.000001 -0.000000 1.000000
vn 0.000003 -0.000001 1.000000
vn 0.000001 -0.000000 1.000000
vn 0.000001 -0.000000 1.000000
vn 0.000000 0.000000 1.000000
vn 0.000000 0.000000 1.000000
vn 0.000000 0.000000 1.000000
vn 0.000000 0.000000 1.000000
vn 0.000000 0.000000 1.000000
vn 0.000000 0.000000 1.000000
vn 0.000000 0.000000 1.000000
vn 0.000000 0.000000 1.000000
vn 0.000004 0.000000 1.000000
vn 0.000005 0.000000 1.000000
vn 0.000440 -0.001796 0.999998
vn 0.003789 -0.086257 0.996266
vn -0.000387 -0.002858 0.999996
vn 0.003789 -0.086257 0.996266
vn -0.017036 -0.090320 0.995767
vn -0.000387 -0.002858 0.999996
vn 0.001300 -0.000972 0.999999
vn 0.048285 -0.057514 0.997176
vn 0.000440 -0.001796 0.999998
vn 0.048285 -0.057514 0.997176
vn 0.003789 -0.086257 0.996266
vn 0.000440 -0.001796 0.999998
vn -0.000387 -0.002858 0.999996
vn -0.017036 -0.090320 0.995767
vn -0.018540 -0.042012 0.998945
vn 0.000000 0.000000 1.000000
vn 0.000000 0.000000 1.000000
vn 0.000000 0.000000 1.000000
vn 0.000000 0.000000 1.000000
vn 0.000003 -0.000001 1.000000
vn 0.000001 -0.000000 1.000000
vn 0.000000 0.000000 -1.000000
vn 0.000000 0.000000 -1.000000
vn 0.000000 0.000000 -1.000000
vn 0.000000 0.000000 1.000000
vn 0.000000 0.000000 1.000000
vn 0.000000 0.000000 1.000000
vn 0.188974 0.981982 0.000000
vn 0.188972 0.981982 0.000000
vn 0.188973 0.981982 -0.000001
vn 0.188972 0.981982 0.000000
vn 0.188973 0.981982 0.000000
vn 0.188972 0.981982 0.000000
vn 0.188971 0.981983 0.000000
vn 0.188973 0.981982 0.000000
vn 0.188971 0.981983 0.000000
vn 0.188971 0.981983 0.000000
vn 0.188976 0.981982 0.000000
vn 0.188976 0.981982 0.000000
vn 0.188971 0.981983 0.000000
vn 0.188971 0.981983 0.000000
vn 0.188975 0.981982 0.000000
vn 0.188975 0.981982 0.000000
vn 0.188975 0.981982 0.000000
vn 0.188975 0.981982 0.000000
vn 0.188970 0.981983 0.000000
vn 0.188970 0.981983 0.000000
vn 0.188976 0.981982 0.000000
vn 0.188976 0.981982 0.000000
vn 0.188984 0.981980 0.000000
vn 0.188981 0.981981 0.000007
vn 0.188971 0.981983 0.000000
vn 0.188971 0.981983 0.000005
vn 0.188976 0.981982 0.000001
vn 0.188978 0.981981 -0.000005
vn 0.188973 0.981982 0.000000
vn 0.188968 0.981983 0.000000
vn 0.188980 0.981981 -0.000016
vn 0.189017 0.981974 -0.000011
vn 0.188980 0.981981 0.000014
vn 0.188958 0.981985 0.000009
vn 0.188970 0.981983 0.000000
vn 0.188974 0.981982 0.000000
vn 0.188975 0.981982 0.000000
vn 0.188971 0.981983 0.000000
vn 0.188971 0.981983 0.000000
vn 0.188976 0.981982 0.000000
vn 0.248702 0.248702 -0.936106
vn 0.248702 0.248702 -0.936106
vn 0.248702 0.248702 -0.936106
vn 0.153196 -0.051099 -0.986874
vn 0.063902 0.191906 -0.979331
vn 0.255815 0.085305 -0.962955
vn 0.153098 -0.051099 -0.986889
vn 0.255908 0.085303 -0.962930
vn 0.085303 -0.255908 -0.962930
vn -0.064002 -0.191905 -0.979324
vn 0.153098 -0.051099 -0.986889
vn 0.085305 -0.255815 -0.962955
vn -0.063902 -0.191906 -0.979331
vn 0.085303 -0.255908 -0.962930
vn -0.255908 -0.085303 -0.962930
vn -0.153196 0.051099 -0.986874
vn -0.063902 -0.191906 -0.979331
vn -0.255815 -0.085305 -0.962955
vn -0.153098 0.051099 -0.986889
vn -0.255790 -0.085297 -0.962962
vn -0.085305 0.255815 -0.962955
vn 0.064002 0.191905 -0.979324
vn -0.153098 0.051099 -0.986889
vn -0.085305 0.255815 -0.962955
vn 0.153098 -0.051099 -0.986889
vn -0.064002 -0.191905 -0.979324
vn -0.153098 0.051099 -0.986889
vn 0.064002 0.191905 -0.979324
vn 0.153098 -0.051099 -0.986889
vn -0.153098 0.051099 -0.986889
vn 0.248702 0.248702 0.936106
vn 0.248702 0.248702 0.936106
vn 0.248702 0.248702 0.936106
vn 0.153196 -0.051099 0.986874
vn 0.255815 0.085305 0.962955
vn 0.063902 0.191906 0.979331
vn 0.153098 -0.051099 0.986889
vn 0.085303 -0.255908 0.962930
vn 0.255908 0.085303 0.962930
vn -0.064002 -0.191905 0.979324
vn 0.085305 -0.255815 0.962955
vn 0.153098 -0.051099 0.986889
vn -0.063902 -0.191906 0.979331
vn -0.255908 -0.085303 0.962930
vn 0.085303 -0.255908 0.962930
vn -0.153196 0.051099 0.986874
vn -0.255815 -0.085305 0.962955
vn -0.063902 -0.191906 0.979331
vn -0.153098 0.051099 0.986889
vn -0.085305 0.255815 0.962955
vn -0.255790 -0.085297 0.962962
vn 0.064002 0.191905 0.979324
vn -0.085305 0.255815 0.962955
vn -0.153098 0.051099 0.986889
vn 0.153098 -0.051099 0.986889
vn -0.153098 0.051099 0.986889
vn -0.064002 -0.191905 0.979324
vn 0.064002 0.191905 0.979324
vn -0.153098 0.051099 0.986889
vn 0.153098 -0.051099 0.986889
s off
g item_damaged
usemtl initialShadingGroup
f 2222/2913/11905 2221/2914/11906 2228/2915/11907
f 2228/2915/11908 2221/2914/11909 2227/2916/11910
f 2229/2917/11911 2223/2918/11912 2230/2919/11913
f 2230/2919/11914 2223/2918/11915 2224/2920/11916
f 2223/2918/11917 2225/2921/11918 2226/2922/11919
f 2224/2920/11920 2223/2918/11921 2226/2922/11922
f 2225/2921/11923 2221/2914/11924 2222/2913/11925
f 2226/2922/11926 2225/2921/11927 2222/2913/11928
f 2224/2920/11929 2226/2922/11930 2230/2919/11931
f 2230/2919/11932 2226/2922/11933 2232/2923/11934
f 2226/2922/11935 2222/2913/11936 2232/2923/11937
f 2232/2923/11938 2222/2913/11939 2228/2915/11940
f 2229/2917/11941 2232/2923/11942 2231/2924/11943
f 2230/2919/11944 2232/2923/11945 2229/2917/11946
f 2231/2924/11947 2228/2915/11948 2227/2916/11949
f 2232/2923/11950 2228/2915/11951 2231/2924/11952
f 2233/2925/11953 2234/2926/11954 2235/2927/11955
f 2236/2928/11956 2233/2925/11957 2235/2927/11958
f 2233/2925/11959 2237/2929/11960 2238/2930/11961
f 2234/2926/11962 2233/2925/11963 2238/2930/11964
f 2237/2929/11965 2233/2925/11966 2239/2931/11967
f 2240/2932/11968 2237/2929/11969 2239/2931/11970
f 2233/2925/11971 2236/2928/11972 2241/2933/11973
f 2239/2931/11974 2233/2925/11975 2241/2933/11976
f 2238/2930/11977 2237/2929/11978 2247/2934/11979
f 2247/2934/11980 2237/2929/11981 2246/2935/11982
f 2237/2929/11983 2240/2932/11984 2246/2935/11985
f 2246/2935/11986 2240/2932/11987 2249/2936/11988
f 2240/2932/11989 2239/2931/11990 2249/2936/11991
f 2249/2936/11992 2239/2931/11993 2248/2937/11994
f 2239/2931/11995 2241/2933/11996 2248/2937/11997
f 2248/2937/11998 2241/2933/11999 2250/2938/12000
f 2241/2933/12001 2236/2928/12002 2250/2938/12003
f 2250/2938/12004 2236/2928/12005 2245/2939/12006
f 2236/2928/12007 2235/2927/12008 2245/2939/12009
f 2245/2939/12010 2235/2927/12011 2244/2940/12012
f 2235/2927/12013 2234/2926/12014 2244/2940/12015
f 2244/2940/12016 2234/2926/12017 2243/2941/12018
f 2234/2926/12019 2238/2930/12020 2243/2941/12021
f 2243/2941/12022 2238/2930/12023 2247/2934/12024
f 2242/2942/12025 2244/2940/12026 2243/2941/12027
f 2245/2939/12028 2244/2940/12029 2242/2942/12030
f 2242/2942/12031 2247/2934/12032 2246/2935/12033
f 2243/2941/12034 2247/2934/12035 2242/2942/12036
f 2246/2935/12037 2248/2937/12038 2242/2942/12039
f 2249/2936/12040 2248/2937/12041 2246/2935/12042
f 2242/2942/12043 2250/2938/12044 2245/2939/12045
f 2248/2937/12046 2250/2938/12047 2242/2942/12048
f 2251/2943/12049 2252/2944/12050 2253/2945/12051
f 2252/2944/12052 2254/2946/12053 2253/2945/12054
f 2254/2946/12055 2255/2947/12056 2253/2945/12057
f 2255/2947/12058 2256/2948/12059 2253/2945/12060
f 2256/2948/12061 2257/2949/12062 2253/2945/12063
f 2257/2949/12064 2258/2950/12065 2253/2945/12066
f 2258/2950/12067 2259/2951/12068 2253/2945/12069
f 2259/2951/12070 2260/2952/12071 2253/2945/12072
f 2260/2952/12073 2261/2953/12074 2253/2945/12075
f 2261/2953/12076 2262/2954/12077 2253/2945/12078
f 2258/2950/12079 2257/2949/12080 2264/2955/12081
f 2264/2955/12082 2257/2949/12083 2263/2956/12084
f 2256/2948/12085 2265/2957/12086 2257/2949/12087
f 2257/2949/12088 2265/2957/12089 2266/2958/12090
f 2255/2947/12091 2267/2959/12092 2256/2948/12093
f 2256/2948/12094 2267/2959/12095 2268/2960/12096
f 2254/2946/12097 2269/2961/12098 2255/2947/12099
f 2255/2947/12100 2269/2961/12101 2270/2962/12102
f 2254/2946/12103 2252/2944/12104 2272/2963/12105
f 2272/2963/12106 2252/2944/12107 2271/2964/12108
f 2251/2943/12109 2273/2965/12110 2252/2944/12111
f 2252/2944/12112 2273/2965/12113 2274/2966/12114
f 2259/2951/12115 2258/2950/12116 2276/2967/12117
f 2276/2967/12118 2258/2950/12119 2275/2968/12120
f 2260/2952/12121 2259/2951/12122 2278/2969/12123
f 2278/2969/12124 2259/2951/12125 2277/2970/12126
f 2260/2952/12127 2279/2971/12128 2261/2953/12129
f 2261/2953/12130 2279/2971/12131 2280/2972/12132
f 2261/2953/12133 2281/2973/12134 2262/2954/12135
f 2262/2954/12136 2281/2973/12137 2282/2974/12138
f 2251/2943/12139 2253/2945/12140 2283/2975/12141
f 2283/2975/12142 2253/2945/12143 2284/2976/12144
f 2284/2976/12145 2253/2945/12146 2285/2977/12147
f 2285/2977/12148 2253/2945/12149 2286/2978/12150
f 2286/2978/12151 2253/2945/12152 2287/2979/12153
f 2287/2979/12154 2253/2945/12155 2288/2980/12156
f 2288/2980/12157 2253/2945/12158 2289/2981/12159
f 2289/2981/12160 2253/2945/12161 2290/2982/12162
f 2290/2982/12163 2253/2945/12164 2291/2983/12165
f 2291/2983/12166 2253/2945/12167 2262/2954/12168
f 2288/2980/12169 2292/2984/12170 2287/2979/12171
f 2287/2979/12172 2292/2984/12173 2293/2985/12174
f 2294/2986/12175 2295/2987/12176 2287/2979/12177
f 2287/2979/12178 2295/2987/12179 2286/2978/12180
f 2286/2978/12181 2296/2988/12182 2285/2977/12183
f 2285/2977/12184 2296/2988/12185 2297/2989/12186
f 2285/2977/12187 2298/2990/12188 2284/2976/12189
f 2284/2976/12190 2298/2990/12191 2299/2991/12192
f 2284/2976/12193 2300/2992/12194 2283/2975/12195
f 2283/2975/12196 2300/2992/12197 2301/2993/12198
f 2302/2994/12199 2303/2995/12200 2283/2975/12201
f 2283/2975/12202 2303/2995/12203 2251/2943/12204
f 2304/2996/12205 2305/2997/12206 2289/2981/12207
f 2289/2981/12208 2305/2997/12209 2288/2980/12210
f 2290/2982/12211 2306/2998/12212 2289/2981/12213
f 2289/2981/12214 2306/2998/12215 2307/2999/12216
f 2308/3000/12217 2309/3001/12218 2291/2983/12219
f 2291/2983/12220 2309/3001/12221 2290/2982/12222
f 2310/3002/12223 2311/3003/12224 2262/2954/12225
f 2262/2954/12226 2311/3003/12227 2291/2983/12228
f 2293/2985/12229 2292/2984/12230 2354/3004/12231
f 2354/3004/12232 2292/2984/12233 2353/3005/12234
f 2292/2984/12235 2288/2980/12236 2353/3005/12237
f 2353/3005/12238 2288/2980/12239 2349/3006/12240
f 2288/2980/12241 2305/2997/12242 2349/3006/12243
f 2349/3006/12244 2305/2997/12245 2366/3007/12246
f 2305/2997/12247 2304/2996/12248 2366/3007/12249
f 2366/3007/12250 2304/2996/12251 2365/3008/12252
f 2304/2996/12253 2289/2981/12254 2365/3008/12255
f 2365/3008/12256 2289/2981/12257 2350/3009/12258
f 2289/2981/12259 2307/2999/12260 2350/3009/12261
f 2350/3009/12262 2307/2999/12263 2368/3010/12264
f 2307/2999/12265 2306/2998/12266 2368/3010/12267
f 2368/3010/12268 2306/2998/12269 2367/3011/12270
f 2306/2998/12271 2290/2982/12272 2367/3011/12273
f 2367/3011/12274 2290/2982/12275 2351/3012/12276
f 2290/2982/12277 2309/3001/12278 2351/3012/12279
f 2351/3012/12280 2309/3001/12281 2370/3013/12282
f 2309/3001/12283 2308/3000/12284 2370/3013/12285
f 2370/3013/12286 2308/3000/12287 2369/3014/12288
f 2308/3000/12289 2291/2983/12290 2369/3014/12291
f 2369/3014/12292 2291/2983/12293 2352/3015/12294
f 2291/2983/12295 2311/3003/12296 2352/3015/12297
f 2352/3015/12298 2311/3003/12299 2372/3016/12300
f 2311/3003/12301 2310/3002/12302 2372/3016/12303
f 2372/3016/12304 2310/3002/12305 2371/3017/12306
f 2310/3002/12307 2262/2954/12308 2371/3017/12309
f 2371/3017/12310 2262/2954/12311 2323/3018/12312
f 2262/2954/12313 2282/2974/12314 2323/3018/12315
f 2323/3018/12316 2282/2974/12317 2343/3019/12318
f 2282/2974/12319 2281/2973/12320 2343/3019/12321
f 2343/3019/12322 2281/2973/12323 2342/3020/12324
f 2281/2973/12325 2261/2953/12326 2342/3020/12327
f 2342/3020/12328 2261/2953/12329 2322/3021/12330
f 2261/2953/12331 2280/2972/12332 2322/3021/12333
f 2322/3021/12334 2280/2972/12335 2341/3022/12336
f 2280/2972/12337 2279/2971/12338 2341/3022/12339
f 2341/3022/12340 2279/2971/12341 2340/3023/12342
f 2279/2971/12343 2260/2952/12344 2340/3023/12345
f 2340/3023/12346 2260/2952/12347 2321/3024/12348
f 2260/2952/12349 2278/2969/12350 2321/3024/12351
f 2321/3024/12352 2278/2969/12353 2339/3025/12354
f 2278/2969/12355 2277/2970/12356 2339/3025/12357
f 2339/3025/12358 2277/2970/12359 2338/3026/12360
f 2277/2970/12361 2259/2951/12362 2338/3026/12363
f 2338/3026/12364 2259/2951/12365 2320/3027/12366
f 2259/2951/12367 2276/2967/12368 2320/3027/12369
f 2320/3027/12370 2276/2967/12371 2337/3028/12372
f 2276/2967/12373 2275/2968/12374 2337/3028/12375
f 2337/3028/12376 2275/2968/12377 2336/3029/12378
f 2275/2968/12379 2258/2950/12380 2336/3029/12381
f 2336/3029/12382 2258/2950/12383 2319/3030/12384
f 2258/2950/12385 2264/2955/12386 2319/3030/12387
f 2319/3030/12388 2264/2955/12389 2325/3031/12390
f 2264/2955/12391 2263/2956/12392 2325/3031/12393
f 2325/3031/12394 2263/2956/12395 2324/3032/12396
f 2263/2956/12397 2257/2949/12398 2324/3032/12399
f 2324/3032/12400 2257/2949/12401 2318/3033/12402
f 2257/2949/12403 2266/2958/12404 2318/3033/12405
f 2318/3033/12406 2266/2958/12407 2327/3034/12408
f 2266/2958/12409 2265/2957/12410 2327/3034/12411
f 2327/3034/12412 2265/2957/12413 2326/3035/12414
f 2265/2957/12415 2256/2948/12416 2326/3035/12417
f 2326/3035/12418 2256/2948/12419 2317/3036/12420
f 2256/2948/12421 2268/2960/12422 2317/3036/12423
f 2317/3036/12424 2268/2960/12425 2329/3037/12426
f 2268/2960/12427 2267/2959/12428 2329/3037/12429
f 2329/3037/12430 2267/2959/12431 2328/3038/12432
f 2267/2959/12433 2255/2947/12434 2328/3038/12435
f 2328/3038/12436 2255/2947/12437 2316/3039/12438
f 2255/2947/12439 2270/2962/12440 2316/3039/12441
f 2316/3039/12442 2270/2962/12443 2331/3040/12444
f 2270/2962/12445 2269/2961/12446 2331/3040/12447
f 2331/3040/12448 2269/2961/12449 2330/3041/12450
f 2269/2961/12451 2254/2946/12452 2330/3041/12453
f 2330/3041/12454 2254/2946/12455 2315/3042/12456
f 2254/2946/12457 2272/2963/12458 2315/3042/12459
f 2315/3042/12460 2272/2963/12461 2333/3043/12462
f 2272/2963/12463 2271/2964/12464 2333/3043/12465
f 2333/3043/12466 2271/2964/12467 2332/3044/12468
f 2271/2964/12469 2252/2944/12470 2332/3044/12471
f 2332/3044/12472 2252/2944/12473 2313/3045/12474
f 2252/2944/12475 2274/2966/12476 2313/3045/12477
f 2313/3045/12478 2274/2966/12479 2335/3046/12480
f 2274/2966/12481 2273/2965/12482 2335/3046/12483
f 2335/3046/12484 2273/2965/12485 2334/3047/12486
f 2273/2965/12487 2251/2943/12488 2334/3047/12489
f 2334/3047/12490 2251/2943/12491 2312/3048/12492
f 2251/2943/12493 2303/2995/12494 2312/3048/12495
f 2312/3048/12496 2303/2995/12497 2364/3049/12498
f 2303/2995/12499 2302/2994/12500 2364/3049/12501
f 2364/3049/12502 2302/2994/12503 2363/3050/12504
f 2302/2994/12505 2283/2975/12506 2363/3050/12507
f 2363/3050/12508 2283/2975/12509 2344/3051/12510
f 2283/2975/12511 2301/2993/12512 2344/3051/12513
f 2344/3051/12514 2301/2993/12515 2362/3052/12516
f 2301/2993/12517 2300/2992/12518 2362/3052/12519
f 2362/3052/12520 2300/2992/12521 2361/3053/12522
f 2300/2992/12523 2284/2976/12524 2361/3053/12525
f 2361/3053/12526 2284/2976/12527 2345/3054/12528
f 2284/2976/12529 2299/2991/12530 2345/3054/12531
f 2345/3054/12532 2299/2991/12533 2360/3055/12534
f 2299/2991/12535 2298/2990/12536 2360/3055/12537
f 2360/3055/12538 2298/2990/12539 2359/3056/12540
f 2298/2990/12541 2285/2977/12542 2359/3056/12543
f 2359/3056/12544 2285/2977/12545 2346/3057/12546
f 2285/2977/12547 2297/2989/12548 2346/3057/12549
f 2346/3057/12550 2297/2989/12551 2358/3058/12552
f 2297/2989/12553 2296/2988/12554 2358/3058/12555
f 2358/3058/12556 2296/2988/12557 2357/3059/12558
f 2296/2988/12559 2286/2978/12560 2357/3059/12561
f 2357/3059/12562 2286/2978/12563 2347/3060/12564
f 2286/2978/12565 2295/2987/12566 2347/3060/12567
f 2347/3060/12568 2295/2987/12569 2356/3061/12570
f 2295/2987/12571 2294/2986/12572 2356/3061/12573
f 2356/3061/12574 2294/2986/12575 2355/3062/12576
f 2294/2986/12577 2287/2979/12578 2355/3062/12579
f 2355/3062/12580 2287/2979/12581 2348/3063/12582
f 2287/2979/12583 2293/2985/12584 2348/3063/12585
f 2348/3063/12586 2293/2985/12587 2354/3004/12588
f 2312/3048/12589 2314/3064/12590 2313/3045/12591
f 2313/3045/12592 2314/3064/12593 2315/3042/12594
f 2315/3042/12595 2314/3064/12596 2316/3039/12597
f 2316/3039/12598 2314/3064/12599 2317/3036/12600
f 2317/3036/12601 2314/3064/12602 2318/3033/12603
f 2318/3033/12604 2314/3064/12605 2319/3030/12606
f 2319/3030/12607 2314/3064/12608 2320/3027/12609
f 2320/3027/12610 2314/3064/12611 2321/3024/12612
f 2321/3024/12613 2314/3064/12614 2322/3021/12615
f 2322/3021/12616 2314/3064/12617 2323/3018/12618
f 2319/3030/12619 2325/3031/12620 2318/3033/12621
f 2318/3033/12622 2325/3031/12623 2324/3032/12624
f 2327/3034/12625 2326/3035/12626 2318/3033/12627
f 2318/3033/12628 2326/3035/12629 2317/3036/12630
f 2316/3039/12631 2317/3036/12632 2328/3038/12633
f 2317/3036/12634 2329/3037/12635 2328/3038/12636
f 2331/3040/12637 2330/3041/12638 2316/3039/12639
f 2316/3039/12640 2330/3041/12641 2315/3042/12642
f 2315/3042/12643 2333/3043/12644 2313/3045/12645
f 2313/3045/12646 2333/3043/12647 2332/3044/12648
f 2335/3046/12649 2334/3047/12650 2313/3045/12651
f 2313/3045/12652 2334/3047/12653 2312/3048/12654
f 2320/3027/12655 2337/3028/12656 2319/3030/12657
f 2319/3030/12658 2337/3028/12659 2336/3029/12660
f 2321/3024/12661 2339/3025/12662 2320/3027/12663
f 2320/3027/12664 2339/3025/12665 2338/3026/12666
f 2341/3022/12667 2340/3023/12668 2322/3021/12669
f 2322/3021/12670 2340/3023/12671 2321/3024/12672
f 2343/3019/12673 2342/3020/12674 2323/3018/12675
f 2323/3018/12676 2342/3020/12677 2322/3021/12678
f 2312/3048/12679 2344/3051/12680 2314/3064/12681
f 2344/3051/12682 2345/3054/12683 2314/3064/12684
f 2345/3054/12685 2346/3057/12686 2314/3064/12687
f 2346/3057/12688 2347/3060/12689 2314/3064/12690
f 2347/3060/12691 2348/3063/12692 2314/3064/12693
f 2348/3063/12694 2349/3006/12695 2314/3064/12696
f 2349/3006/12697 2350/3009/12698 2314/3064/12699
f 2350/3009/12700 2351/3012/12701 2314/3064/12702
f 2351/3012/12703 2352/3015/12704 2314/3064/12705
f 2352/3015/12706 2323/3018/12707 2314/3064/12708
f 2349/3006/12709 2348/3063/12710 2353/3005/12711
f 2353/3005/12712 2348/3063/12713 2354/3004/12714
f 2347/3060/12715 2356/3061/12716 2348/3063/12717
f 2348/3063/12718 2356/3061/12719 2355/3062/12720
f 2347/3060/12721 2346/3057/12722 2357/3059/12723
f 2357/3059/12724 2346/3057/12725 2358/3058/12726
f 2346/3057/12727 2345/3054/12728 2359/3056/12729
f 2359/3056/12730 2345/3054/12731 2360/3055/12732
f 2345/3054/12733 2344/3051/12734 2361/3053/12735
f 2361/3053/12736 2344/3051/12737 2362/3052/12738
f 2312/3048/12739 2364/3049/12740 2344/3051/12741
f 2344/3051/12742 2364/3049/12743 2363/3050/12744
f 2349/3006/12745 2366/3007/12746 2350/3009/12747
f 2350/3009/12748 2366/3007/12749 2365/3008/12750
f 2351/3012/12751 2350/3009/12752 2367/3011/12753
f 2367/3011/12754 2350/3009/12755 2368/3010/12756
f 2351/3012/12757 2370/3013/12758 2352/3015/12759
f 2352/3015/12760 2370/3013/12761 2369/3014/12762
f 2352/3015/12763 2372/3016/12764 2323/3018/12765
f 2323/3018/12766 2372/3016/12767 2371/3017/12768
f 2374/3066/12769 2373/3065/12770 2375/3067/12771
f 2375/3067/12772 2373/3065/12773 2376/3068/12774
f 2376/3068/12775 2373/3065/12776 2377/3069/12777
f 2377/3069/12778 2373/3065/12779 2378/3070/12780
f 2373/3065/12781 2379/3071/12782 2378/3070/12783
f 2380/3072/12784 2381/3073/12785 2400/3074/12786
f 2400/3074/12787 2381/3073/12788 2401/3075/12789
f 2379/3071/12790 2373/3065/12791 2399/3076/12792
f 2399/3076/12793 2373/3065/12794 2393/3077/12795
f 2384/3081/12796 2385/3082/12797 2403/3083/12798
f 2403/3083/12799 2385/3082/12800 2404/3084/12801
f 2386/3085/12802 2387/3086/12803 2405/3087/12804
f 2405/3087/12805 2387/3086/12806 2406/3088/12807
f 2388/3089/12808 2389/3090/12809 2407/3091/12810
f 2407/3091/12811 2389/3090/12812 2408/3092/12813
f 2390/3093/12814 2391/3094/12815 2409/3095/12816
f 2409/3095/12817 2391/3094/12818 2410/3096/12819
s 1
f 2374/3066/12820 2383/3079/12821 2543/3236/12822
f 2543/3236/12822 2383/3079/12821 2549/3243/12823
s off
f 2383/3079/12824 2384/3081/12825 2402/3080/12826
f 2402/3080/12827 2384/3081/12828 2403/3083/12829
f 2383/3079/12830 2375/3067/12831 2384/3081/12832
f 2384/3081/12833 2375/3067/12834 2385/3082/12835
f 2385/3082/12836 2386/3085/12837 2404/3084/12838
f 2404/3084/12839 2386/3085/12840 2405/3087/12841
f 2385/3082/12842 2392/3097/12843 2386/3085/12844
f 2376/3068/12845 2377/3069/12846 2388/3089/12847
f 2388/3089/12848 2377/3069/12849 2389/3090/12850
f 2378/3070/12851 2391/3094/12852 2377/3069/12853
f 2377/3069/12854 2391/3094/12855 2389/3090/12856
f 2391/3094/12857 2390/3093/12858 2389/3090/12859
f 2391/3094/12860 2378/3070/12861 2410/3096/12862
f 2410/3096/12863 2378/3070/12864 2398/3098/12865
f 2378/3070/12866 2380/3072/12867 2398/3098/12868
f 2398/3098/12869 2380/3072/12870 2400/3074/12871
f 2378/3070/12872 2379/3071/12873 2380/3072/12874
f 2380/3072/12875 2379/3071/12876 2381/3073/12877
f 2381/3073/12878 2379/3071/12879 2401/3075/12880
f 2401/3075/12881 2379/3071/12882 2399/3076/12883
f 2389/3090/12884 2390/3093/12885 2408/3092/12886
f 2408/3092/12887 2390/3093/12888 2409/3095/12889
f 2387/3086/12890 2388/3089/12891 2406/3088/12892
f 2406/3088/12893 2388/3089/12894 2407/3091/12895
f 2386/3085/12896 2392/3097/12897 2387/3086/12898
f 2376/3068/12899 2392/3097/12900 2375/3067/12901
f 2375/3067/12902 2392/3097/12903 2385/3082/12904
f 2392/3097/12905 2376/3068/12906 2388/3089/12907
f 2387/3086/12908 2392/3097/12909 2388/3089/12910
f 2374/3066/12911 2375/3067/12912 2383/3079/12913
f 2373/3065/12914 2382/3099/12915 2393/3077/12916
f 2394/3100/12917 2395/3101/12918 2393/3077/12919
f 2395/3101/12920 2396/3102/12921 2393/3077/12922
f 2396/3102/12923 2397/3103/12924 2393/3077/12925
f 2397/3103/12926 2398/3098/12927 2393/3077/12928
f 2393/3077/12929 2398/3098/12930 2399/3076/12931
s 2
f 2394/3100/12932 2559/3253/12933 2402/3080/12934
f 2402/3080/12934 2559/3253/12933 2561/3255/12935
s off
f 2402/3080/12936 2403/3083/12937 2395/3101/12938
f 2403/3083/12939 2404/3084/12940 2395/3101/12941
f 2404/3084/12942 2405/3087/12943 2411/3104/12944
f 2396/3102/12945 2407/3091/12946 2397/3103/12947
f 2407/3091/12948 2408/3092/12949 2397/3103/12950
f 2398/3098/12951 2397/3103/12952 2410/3096/12953
f 2397/3103/12954 2408/3092/12955 2410/3096/12956
f 2408/3092/12957 2409/3095/12958 2410/3096/12959
f 2398/3098/12960 2400/3074/12961 2399/3076/12962
f 2400/3074/12963 2401/3075/12964 2399/3076/12965
f 2405/3087/12966 2406/3088/12967 2411/3104/12968
f 2404/3084/12969 2411/3104/12970 2395/3101/12971
f 2395/3101/12972 2411/3104/12973 2396/3102/12974
f 2411/3104/12975 2407/3091/12976 2396/3102/12977
f 2406/3088/12978 2407/3091/12979 2411/3104/12980
f 2394/3100/12981 2402/3080/12982 2395/3101/12983
f 2412/3105/12984 2413/3106/12985 2414/3107/12986
f 2413/3106/12987 2415/3108/12988 2414/3107/12989
f 2415/3108/12990 2416/3109/12991 2414/3107/12992
f 2416/3109/12993 2417/3110/12994 2414/3107/12995
f 2417/3110/12996 2418/3111/12997 2414/3107/12998
f 2418/3111/12999 2419/3112/13000 2414/3107/13001
f 2419/3112/13002 2420/3113/13003 2414/3107/13004
f 2420/3113/13005 2421/3114/13006 2414/3107/13007
f 2421/3114/13008 2422/3115/13009 2414/3107/13010
f 2422/3115/13011 2423/3116/13012 2414/3107/13013
f 2419/3112/13014 2418/3111/13015 2425/3117/13016
f 2425/3117/13017 2418/3111/13018 2424/3118/13019
f 2417/3110/13020 2426/3119/13021 2418/3111/13022
f 2418/3111/13023 2426/3119/13024 2427/3120/13025
f 2416/3109/13026 2428/3121/13027 2417/3110/13028
f 2417/3110/13029 2428/3121/13030 2429/3122/13031
f 2416/3109/13032 2415/3108/13033 2431/3123/13034
f 2431/3123/13035 2415/3108/13036 2430/3124/13037
f 2415/3108/13038 2413/3106/13039 2433/3125/13040
f 2433/3125/13041 2413/3106/13042 2432/3126/13043
f 2412/3105/13044 2434/3127/13045 2413/3106/13046
f 2413/3106/13047 2434/3127/13048 2435/3128/13049
f 2420/3113/13050 2419/3112/13051 2437/3129/13052
f 2437/3129/13053 2419/3112/13054 2436/3130/13055
f 2421/3114/13056 2420/3113/13057 2439/3131/13058
f 2439/3131/13059 2420/3113/13060 2438/3132/13061
f 2421/3114/13062 2440/3133/13063 2422/3115/13064
f 2422/3115/13065 2440/3133/13066 2441/3134/13067
f 2422/3115/13068 2442/3135/13069 2423/3116/13070
f 2423/3116/13071 2442/3135/13072 2443/3136/13073
f 2412/3105/13074 2414/3107/13075 2444/3137/13076
f 2444/3137/13077 2414/3107/13078 2445/3138/13079
f 2445/3138/13080 2414/3107/13081 2446/3139/13082
f 2446/3139/13083 2414/3107/13084 2447/3140/13085
f 2447/3140/13086 2414/3107/13087 2448/3141/13088
f 2448/3141/13089 2414/3107/13090 2449/3142/13091
f 2449/3142/13092 2414/3107/13093 2450/3143/13094
f 2450/3143/13095 2414/3107/13096 2451/3144/13097
f 2451/3144/13098 2414/3107/13099 2452/3145/13100
f 2452/3145/13101 2414/3107/13102 2423/3116/13103
f 2449/3142/13104 2453/3146/13105 2448/3141/13106
f 2448/3141/13107 2453/3146/13108 2454/3147/13109
f 2455/3148/13110 2456/3149/13111 2448/3141/13112
f 2448/3141/13113 2456/3149/13114 2447/3140/13115
f 2457/3150/13116 2458/3151/13117 2447/3140/13118
f 2447/3140/13119 2458/3151/13120 2446/3139/13121
f 2446/3139/13122 2459/3152/13123 2445/3138/13124
f 2445/3138/13125 2459/3152/13126 2460/3153/13127
f 2445/3138/13128 2461/3154/13129 2444/3137/13130
f 2444/3137/13131 2461/3154/13132 2462/3155/13133
f 2463/3156/13134 2464/3157/13135 2444/3137/13136
f 2444/3137/13137 2464/3157/13138 2412/3105/13139
f 2450/3143/13140 2465/3158/13141 2449/3142/13142
f 2449/3142/13143 2465/3158/13144 2466/3159/13145
f 2451/3144/13146 2467/3160/13147 2450/3143/13148
f 2450/3143/13149 2467/3160/13150 2468/3161/13151
f 2469/3162/13152 2470/3163/13153 2452/3145/13154
f 2452/3145/13155 2470/3163/13156 2451/3144/13157
f 2471/3164/13158 2472/3165/13159 2423/3116/13160
f 2423/3116/13161 2472/3165/13162 2452/3145/13163
f 2458/3151/13164 2457/3150/13165 2519/3166/13166
f 2519/3166/13167 2457/3150/13168 2518/3167/13169
f 2457/3150/13170 2447/3140/13171 2518/3167/13172
f 2518/3167/13173 2447/3140/13174 2508/3168/13175
f 2447/3140/13176 2456/3149/13177 2508/3168/13178
f 2508/3168/13179 2456/3149/13180 2517/3169/13181
f 2456/3149/13182 2455/3148/13183 2517/3169/13184
f 2517/3169/13185 2455/3148/13186 2516/3170/13187
f 2455/3148/13188 2448/3141/13189 2516/3170/13190
f 2516/3170/13191 2448/3141/13192 2509/3171/13193
f 2448/3141/13194 2454/3147/13195 2509/3171/13196
f 2509/3171/13197 2454/3147/13198 2515/3172/13199
f 2454/3147/13200 2453/3146/13201 2515/3172/13202
f 2515/3172/13203 2453/3146/13204 2514/3173/13205
f 2453/3146/13206 2449/3142/13207 2514/3173/13208
f 2514/3173/13209 2449/3142/13210 2510/3174/13211
f 2449/3142/13212 2466/3159/13213 2510/3174/13214
f 2510/3174/13215 2466/3159/13216 2527/3175/13217
f 2466/3159/13218 2465/3158/13219 2527/3175/13220
f 2527/3175/13221 2465/3158/13222 2526/3176/13223
f 2465/3158/13224 2450/3143/13225 2526/3176/13226
f 2526/3176/13227 2450/3143/13228 2511/3177/13229
f 2450/3143/13230 2468/3161/13231 2511/3177/13232
f 2511/3177/13233 2468/3161/13234 2529/3178/13235
f 2468/3161/13236 2467/3160/13237 2529/3178/13238
f 2529/3178/13239 2467/3160/13240 2528/3179/13241
f 2467/3160/13242 2451/3144/13243 2528/3179/13244
f 2528/3179/13245 2451/3144/13246 2512/3180/13247
f 2451/3144/13248 2470/3163/13249 2512/3180/13250
f 2512/3180/13251 2470/3163/13252 2531/3181/13253
f 2470/3163/13254 2469/3162/13255 2531/3181/13256
f 2531/3181/13257 2469/3162/13258 2530/3182/13259
f 2469/3162/13260 2452/3145/13261 2530/3182/13262
f 2530/3182/13263 2452/3145/13264 2513/3183/13265
f 2452/3145/13266 2472/3165/13267 2513/3183/13268
f 2513/3183/13269 2472/3165/13270 2533/3184/13271
f 2472/3165/13272 2471/3164/13273 2533/3184/13274
f 2533/3184/13275 2471/3164/13276 2532/3185/13277
f 2471/3164/13278 2423/3116/13279 2532/3185/13280
f 2532/3185/13281 2423/3116/13282 2484/3186/13283
f 2423/3116/13284 2443/3136/13285 2484/3186/13286
f 2484/3186/13287 2443/3136/13288 2504/3187/13289
f 2443/3136/13290 2442/3135/13291 2504/3187/13292
f 2504/3187/13293 2442/3135/13294 2503/3188/13295
f 2442/3135/13296 2422/3115/13297 2503/3188/13298
f 2503/3188/13299 2422/3115/13300 2483/3189/13301
f 2422/3115/13302 2441/3134/13303 2483/3189/13304
f 2483/3189/13305 2441/3134/13306 2502/3190/13307
f 2441/3134/13308 2440/3133/13309 2502/3190/13310
f 2502/3190/13311 2440/3133/13312 2501/3191/13313
f 2440/3133/13314 2421/3114/13315 2501/3191/13316
f 2501/3191/13317 2421/3114/13318 2482/3192/13319
f 2421/3114/13320 2439/3131/13321 2482/3192/13322
f 2482/3192/13323 2439/3131/13324 2500/3193/13325
f 2439/3131/13326 2438/3132/13327 2500/3193/13328
f 2500/3193/13329 2438/3132/13330 2499/3194/13331
f 2438/3132/13332 2420/3113/13333 2499/3194/13334
f 2499/3194/13335 2420/3113/13336 2481/3195/13337
f 2420/3113/13338 2437/3129/13339 2481/3195/13340
f 2481/3195/13341 2437/3129/13342 2498/3196/13343
f 2437/3129/13344 2436/3130/13345 2498/3196/13346
f 2498/3196/13347 2436/3130/13348 2497/3197/13349
f 2436/3130/13350 2419/3112/13351 2497/3197/13352
f 2497/3197/13353 2419/3112/13354 2480/3198/13355
f 2419/3112/13356 2425/3117/13357 2480/3198/13358
f 2480/3198/13359 2425/3117/13360 2486/3199/13361
f 2425/3117/13362 2424/3118/13363 2486/3199/13364
f 2486/3199/13365 2424/3118/13366 2485/3200/13367
f 2424/3118/13368 2418/3111/13369 2485/3200/13370
f 2485/3200/13371 2418/3111/13372 2479/3201/13373
f 2418/3111/13374 2427/3120/13375 2479/3201/13376
f 2479/3201/13377 2427/3120/13378 2488/3202/13379
f 2427/3120/13380 2426/3119/13381 2488/3202/13382
f 2488/3202/13383 2426/3119/13384 2487/3203/13385
f 2426/3119/13386 2417/3110/13387 2487/3203/13388
f 2487/3203/13389 2417/3110/13390 2478/3204/13391
f 2417/3110/13392 2429/3122/13393 2478/3204/13394
f 2478/3204/13395 2429/3122/13396 2490/3205/13397
f 2429/3122/13398 2428/3121/13399 2490/3205/13400
f 2490/3205/13401 2428/3121/13402 2489/3206/13403
f 2428/3121/13404 2416/3109/13405 2489/3206/13406
f 2489/3206/13407 2416/3109/13408 2477/3207/13409
f 2416/3109/13410 2431/3123/13411 2477/3207/13412
f 2477/3207/13413 2431/3123/13414 2492/3208/13415
f 2431/3123/13416 2430/3124/13417 2492/3208/13418
f 2492/3208/13419 2430/3124/13420 2491/3209/13421
f 2430/3124/13422 2415/3108/13423 2491/3209/13424
f 2491/3209/13425 2415/3108/13426 2476/3210/13427
f 2415/3108/13428 2433/3125/13429 2476/3210/13430
f 2476/3210/13431 2433/3125/13432 2494/3211/13433
f 2433/3125/13434 2432/3126/13435 2494/3211/13436
f 2494/3211/13437 2432/3126/13438 2493/3212/13439
f 2432/3126/13440 2413/3106/13441 2493/3212/13442
f 2493/3212/13443 2413/3106/13444 2474/3213/13445
f 2413/3106/13446 2435/3128/13447 2474/3213/13448
f 2474/3213/13449 2435/3128/13450 2496/3214/13451
f 2435/3128/13452 2434/3127/13453 2496/3214/13454
f 2496/3214/13455 2434/3127/13456 2495/3215/13457
f 2434/3127/13458 2412/3105/13459 2495/3215/13460
f 2495/3215/13461 2412/3105/13462 2473/3216/13463
f 2412/3105/13464 2464/3157/13465 2473/3216/13466
f 2473/3216/13467 2464/3157/13468 2525/3217/13469
f 2464/3157/13470 2463/3156/13471 2525/3217/13472
f 2525/3217/13473 2463/3156/13474 2524/3218/13475
f 2463/3156/13476 2444/3137/13477 2524/3218/13478
f 2524/3218/13479 2444/3137/13480 2505/3219/13481
f 2444/3137/13482 2462/3155/13483 2505/3219/13484
f 2505/3219/13485 2462/3155/13486 2523/3220/13487
f 2462/3155/13488 2461/3154/13489 2523/3220/13490
f 2523/3220/13491 2461/3154/13492 2522/3221/13493
f 2461/3154/13494 2445/3138/13495 2522/3221/13496
f 2522/3221/13497 2445/3138/13498 2506/3222/13499
f 2445/3138/13500 2460/3153/13501 2506/3222/13502
f 2506/3222/13503 2460/3153/13504 2521/3223/13505
f 2460/3153/13506 2459/3152/13507 2521/3223/13508
f 2521/3223/13509 2459/3152/13510 2520/3224/13511
f 2459/3152/13512 2446/3139/13513 2520/3224/13514
f 2520/3224/13515 2446/3139/13516 2507/3225/13517
f 2446/3139/13518 2458/3151/13519 2507/3225/13520
f 2507/3225/13521 2458/3151/13522 2519/3166/13523
f 2473/3216/13524 2475/3226/13525 2474/3213/13526
f 2474/3213/13527 2475/3226/13528 2476/3210/13529
f 2476/3210/13530 2475/3226/13531 2477/3207/13532
f 2477/3207/13533 2475/3226/13534 2478/3204/13535
f 2478/3204/13536 2475/3226/13537 2479/3201/13538
f 2479/3201/13539 2475/3226/13540 2480/3198/13541
f 2480/3198/13542 2475/3226/13543 2481/3195/13544
f 2481/3195/13545 2475/3226/13546 2482/3192/13547
f 2482/3192/13548 2475/3226/13549 2483/3189/13550
f 2483/3189/13551 2475/3226/13552 2484/3186/13553
f 2480/3198/13554 2486/3199/13555 2479/3201/13556
f 2479/3201/13557 2486/3199/13558 2485/3200/13559
f 2488/3202/13560 2487/3203/13561 2479/3201/13562
f 2479/3201/13563 2487/3203/13564 2478/3204/13565
f 2490/3205/13566 2489/3206/13567 2478/3204/13568
f 2478/3204/13569 2489/3206/13570 2477/3207/13571
f 2477/3207/13572 2492/3208/13573 2476/3210/13574
f 2476/3210/13575 2492/3208/13576 2491/3209/13577
f 2476/3210/13578 2494/3211/13579 2474/3213/13580
f 2474/3213/13581 2494/3211/13582 2493/3212/13583
f 2496/3214/13584 2495/3215/13585 2474/3213/13586
f 2474/3213/13587 2495/3215/13588 2473/3216/13589
f 2481/3195/13590 2498/3196/13591 2480/3198/13592
f 2480/3198/13593 2498/3196/13594 2497/3197/13595
f 2482/3192/13596 2500/3193/13597 2481/3195/13598
f 2481/3195/13599 2500/3193/13600 2499/3194/13601
f 2502/3190/13602 2501/3191/13603 2483/3189/13604
f 2483/3189/13605 2501/3191/13606 2482/3192/13607
f 2504/3187/13608 2503/3188/13609 2484/3186/13610
f 2484/3186/13611 2503/3188/13612 2483/3189/13613
f 2473/3216/13614 2505/3219/13615 2475/3226/13616
f 2505/3219/13617 2506/3222/13618 2475/3226/13619
f 2506/3222/13620 2507/3225/13621 2475/3226/13622
f 2507/3225/13623 2508/3168/13624 2475/3226/13625
f 2508/3168/13626 2509/3171/13627 2475/3226/13628
f 2509/3171/13629 2510/3174/13630 2475/3226/13631
f 2510/3174/13632 2511/3177/13633 2475/3226/13634
f 2511/3177/13635 2512/3180/13636 2475/3226/13637
f 2512/3180/13638 2513/3183/13639 2475/3226/13640
f 2513/3183/13641 2484/3186/13642 2475/3226/13643
f 2510/3174/13644 2509/3171/13645 2514/3173/13646
f 2514/3173/13647 2509/3171/13648 2515/3172/13649
f 2508/3168/13650 2517/3169/13651 2509/3171/13652
f 2509/3171/13653 2517/3169/13654 2516/3170/13655
f 2507/3225/13656 2519/3166/13657 2508/3168/13658
f 2508/3168/13659 2519/3166/13660 2518/3167/13661
f 2507/3225/13662 2506/3222/13663 2520/3224/13664
f 2520/3224/13665 2506/3222/13666 2521/3223/13667
f 2506/3222/13668 2505/3219/13669 2522/3221/13670
f 2522/3221/13671 2505/3219/13672 2523/3220/13673
f 2473/3216/13674 2525/3217/13675 2505/3219/13676
f 2505/3219/13677 2525/3217/13678 2524/3218/13679
f 2511/3177/13680 2510/3174/13681 2526/3176/13682
f 2526/3176/13683 2510/3174/13684 2527/3175/13685
f 2512/3180/13686 2511/3177/13687 2528/3179/13688
f 2528/3179/13689 2511/3177/13690 2529/3178/13691
f 2512/3180/13692 2531/3181/13693 2513/3183/13694
f 2513/3183/13695 2531/3181/13696 2530/3182/13697
f 2513/3183/13698 2533/3184/13699 2484/3186/13700
f 2484/3186/13701 2533/3184/13702 2532/3185/13703
f 2535/3228/13704 2534/3227/13705 2373/3065/13706
f 2536/3229/13707 2535/3228/13708 2373/3065/13709
f 2537/3230/13710 2536/3229/13711 2373/3065/13712
f 2538/3231/13713 2537/3230/13714 2373/3065/13715
f 2539/3232/13716 2538/3231/13717 2373/3065/13718
f 2540/3233/13719 2539/3232/13720 2373/3065/13721
f 2541/3234/13722 2540/3233/13723 2373/3065/13724
f 2542/3235/13725 2541/3234/13726 2373/3065/13727
s 3
f 2543/3236/13728 2542/3235/13729 2374/3066/13730
f 2542/3235/13729 2373/3065/13731 2374/3066/13730
s off
f 2545/3239/13732 2544/3237/13733 2382/3078/13734
s 4
f 2534/3227/13735 2545/3239/13736 2373/3065/13737
f 2373/3065/13737 2545/3239/13736 2382/3078/13738
s off
f 2547/3241/13739 2546/3240/13740 2383/3079/13741
s 5
f 2548/3242/13742 2547/3241/13743 2402/3080/13744
f 2402/3080/13744 2547/3241/13743 2383/3079/13745
s off
f 2546/3240/13746 2549/3243/13747 2383/3079/13748
f 2551/3245/13749 2550/3244/13750 2393/3077/13751
f 2550/3244/13752 2552/3246/13753 2393/3077/13754
f 2552/3246/13755 2553/3247/13756 2393/3077/13757
f 2553/3247/13758 2554/3248/13759 2393/3077/13760
f 2554/3248/13761 2555/3249/13762 2393/3077/13763
f 2555/3249/13764 2556/3250/13765 2393/3077/13766
f 2556/3250/13767 2557/3251/13768 2393/3077/13769
f 2557/3251/13770 2558/3252/13771 2393/3077/13772
s 6
f 2559/3253/13773 2394/3100/13774 2558/3252/13775
f 2558/3252/13775 2394/3100/13774 2393/3077/13776
s off
f 2544/3238/13777 2560/3254/13778 2382/3099/13779
s 7
f 2551/3245/13780 2393/3077/13781 2560/3254/13782
f 2560/3254/13782 2393/3077/13781 2382/3099/13783
s off
f 2561/3255/13784 2548/3242/13785 2402/3080/13786
s 8
f 2545/3239/13787 2562/3256/13788 2544/3237/13789
f 2562/3256/13788 2563/3257/13790 2560/3254/13791
f 2560/3254/13791 2563/3257/13790 2551/3245/13792
f 2563/3257/13790 2564/3258/13793 2551/3245/13792
f 2551/3245/13792 2564/3258/13793 2550/3244/13794
f 2564/3258/13793 2565/3259/13795 2550/3244/13794
f 2550/3244/13794 2565/3259/13795 2552/3246/13796
f 2552/3246/13796 2565/3259/13795 2553/3247/13797
f 2553/3247/13797 2565/3259/13795 2566/3260/13798
f 2553/3247/13797 2566/3260/13798 2554/3248/13799
f 2554/3248/13799 2566/3260/13798 2567/3261/13800
f 2554/3248/13799 2567/3261/13800 2555/3249/13801
f 2555/3249/13801 2567/3261/13800 2568/3262/13802
f 2555/3249/13801 2568/3262/13802 2556/3250/13803
f 2556/3250/13803 2568/3262/13802 2569/3263/13804
f 2556/3250/13803 2569/3263/13804 2557/3251/13805
f 2557/3251/13805 2569/3263/13804 2570/3264/13806
f 2557/3251/13805 2570/3264/13806 2558/3252/13807
f 2558/3252/13807 2570/3264/13806 2571/3265/13808
f 2558/3252/13807 2571/3265/13808 2559/3253/13809
f 2559/3253/13809 2571/3265/13808 2572/3266/13810
f 2559/3253/13809 2572/3266/13810 2561/3255/13811
f 2561/3255/13811 2572/3266/13810 2573/3267/13812
f 2573/3267/13812 2549/3243/13813 2547/3241/13814
f 2547/3241/13814 2549/3243/13813 2546/3240/13815
f 2534/3227/13816 2563/3257/13790 2545/3239/13787
f 2545/3239/13787 2563/3257/13790 2562/3256/13788
f 2535/3228/13817 2564/3258/13793 2534/3227/13816
f 2534/3227/13816 2564/3258/13793 2563/3257/13790
f 2535/3228/13817 2536/3229/13818 2564/3258/13793
f 2564/3258/13793 2536/3229/13818 2565/3259/13795
f 2566/3260/13798 2565/3259/13795 2537/3230/13819
f 2537/3230/13819 2565/3259/13795 2536/3229/13818
f 2567/3261/13800 2566/3260/13798 2538/3231/13820
f 2538/3231/13820 2566/3260/13798 2537/3230/13819
f 2568/3262/13802 2567/3261/13800 2539/3232/13821
f 2539/3232/13821 2567/3261/13800 2538/3231/13820
f 2569/3263/13804 2568/3262/13802 2540/3233/13822
f 2540/3233/13822 2568/3262/13802 2539/3232/13821
f 2570/3264/13806 2569/3263/13804 2541/3234/13823
f 2541/3234/13823 2569/3263/13804 2540/3233/13822
f 2571/3265/13808 2570/3264/13806 2542/3235/13824
f 2542/3235/13824 2570/3264/13806 2541/3234/13823
f 2572/3266/13810 2571/3265/13808 2543/3236/13825
f 2543/3236/13825 2571/3265/13808 2542/3235/13824
f 2573/3267/13812 2572/3266/13810 2549/3243/13813
f 2549/3243/13813 2572/3266/13810 2543/3236/13825
f 2561/3255/13811 2573/3267/13812 2548/3242/13826
f 2548/3242/13826 2573/3267/13812 2547/3241/13814
f 2544/3237/13789 2562/3256/13788 2560/3254/13791
s 10
f 2625/3268/13827 2626/3269/13828 2574/3270/13829
f 2574/3270/13829 2626/3269/13828 2575/3271/13830
s 11
f 2575/3271/13831 2626/3269/13832 2576/3272/13833
f 2576/3272/13833 2626/3269/13832 2627/3273/13834
s 12
f 2576/3272/13835 2627/3273/13836 2577/3274/13837
f 2577/3274/13837 2627/3273/13836 2628/3275/13838
s 13
f 2577/3274/13839 2628/3275/13840 2578/3276/13841
f 2578/3276/13841 2628/3275/13840 2629/3277/13842
s 14
f 2578/3276/13843 2629/3277/13844 2579/3278/13845
f 2579/3278/13845 2629/3277/13844 2630/3279/13846
s 15
f 2579/3278/13847 2630/3279/13848 2580/3280/13849
f 2580/3280/13849 2630/3279/13848 2631/3281/13850
s 16
f 2580/3280/13851 2631/3281/13852 2581/3282/13853
f 2581/3282/13853 2631/3281/13852 2632/3283/13854
s 17
f 2581/3282/13855 2632/3283/13856 2582/3284/13857
f 2582/3284/13857 2632/3283/13856 2633/3285/13858
s off
f 2582/3284/13859 2633/3285/13860 2634/3286/13861
s 18
f 2635/3287/13862 2636/3288/13863 2583/3289/13864
f 2583/3289/13864 2636/3288/13863 2574/3270/13865
s off
f 2574/3270/13866 2636/3288/13867 2625/3268/13868
f 2584/3290/13869 2585/3291/13870 2611/3292/13871
f 2586/3293/13872 2587/3294/13873 2612/3295/13874
f 2612/3295/13875 2587/3294/13876 2613/3296/13877
f 2588/3297/13878 2589/3298/13879 2614/3299/13880
f 2614/3299/13881 2589/3298/13882 2615/3300/13883
f 2590/3301/13884 2591/3302/13885 2616/3303/13886
f 2616/3303/13887 2591/3302/13888 2617/3304/13889
f 2592/3305/13890 2593/3306/13891 2618/3307/13892
f 2618/3307/13893 2593/3306/13894 2619/3308/13895
f 2594/3309/13896 2595/3310/13897 2620/3311/13898
f 2620/3311/13899 2595/3310/13900 2621/3312/13901
s 19
f 2637/3313/13902 2638/3314/13903 2596/3315/13904
f 2596/3315/13904 2638/3314/13903 2622/3316/13905
s off
f 2622/3316/13906 2638/3314/13907 2639/3317/13908
f 2576/3272/13909 2585/3291/13910 2575/3271/13911
f 2575/3271/13912 2585/3291/13913 2584/3290/13914
f 2585/3291/13915 2576/3272/13916 2611/3292/13917
f 2611/3292/13918 2576/3272/13919 2604/3318/13920
f 2576/3272/13921 2586/3293/13922 2604/3318/13923
f 2604/3318/13924 2586/3293/13925 2612/3295/13926
f 2576/3272/13927 2577/3274/13928 2586/3293/13929
f 2586/3293/13930 2577/3274/13931 2587/3294/13932
f 2587/3294/13933 2577/3274/13934 2613/3296/13935
f 2613/3296/13936 2577/3274/13937 2605/3319/13938
f 2577/3274/13939 2588/3297/13940 2605/3319/13941
f 2605/3319/13942 2588/3297/13943 2614/3299/13944
f 2578/3276/13945 2589/3298/13946 2577/3274/13947
f 2577/3274/13948 2589/3298/13949 2588/3297/13950
f 2589/3298/13951 2578/3276/13952 2615/3300/13953
f 2615/3300/13954 2578/3276/13955 2606/3320/13956
f 2578/3276/13957 2590/3301/13958 2606/3320/13959
f 2606/3320/13960 2590/3301/13961 2616/3303/13962
f 2578/3276/13963 2579/3278/13964 2590/3301/13965
f 2579/3278/13966 2591/3302/13967 2590/3301/13968
f 2591/3302/13969 2579/3278/13970 2617/3304/13971
f 2617/3304/13972 2579/3278/13973 2607/3321/13974
f 2597/3322/13975 2598/3323/13976 2623/3324/13977
f 2623/3324/13978 2598/3323/13979 2624/3325/13980
f 2579/3278/13981 2597/3322/13982 2607/3321/13983
f 2607/3321/13984 2597/3322/13985 2623/3324/13986
f 2580/3280/13987 2598/3323/13988 2579/3278/13989
f 2579/3278/13990 2598/3323/13991 2597/3322/13992
f 2598/3323/13993 2592/3305/13994 2624/3325/13995
f 2624/3325/13996 2592/3305/13997 2618/3307/13998
f 2581/3282/13999 2593/3306/14000 2580/3280/14001
f 2598/3323/14002 2593/3306/14003 2592/3305/14004
f 2593/3306/14005 2581/3282/14006 2619/3308/14007
f 2619/3308/14008 2581/3282/14009 2609/3326/14010
f 2581/3282/14011 2594/3309/14012 2609/3326/14013
f 2609/3326/14014 2594/3309/14015 2620/3311/14016
f 2581/3282/14017 2582/3284/14018 2594/3309/14019
f 2594/3309/14020 2596/3315/14021 2595/3310/14022
f 2595/3310/14023 2596/3315/14024 2621/3312/14025
f 2621/3312/14026 2596/3315/14027 2622/3316/14028
s 20
f 2582/3284/14029 2640/3327/14030 2596/3315/14031
f 2596/3315/14031 2640/3327/14030 2637/3313/14032
s off
f 2574/3270/14033 2575/3271/14034 2599/3328/14035
f 2599/3328/14036 2575/3271/14037 2600/3329/14038
f 2583/3289/14039 2574/3270/14040 2601/3330/14041
f 2601/3330/14042 2574/3270/14043 2599/3328/14044
f 2575/3271/14045 2584/3290/14046 2600/3329/14047
f 2594/3309/14048 2582/3284/14049 2596/3315/14050
f 2580/3280/14051 2593/3306/14052 2598/3323/14053
s 21
f 2603/3331/14054 2641/3332/14055 2602/3333/14056
f 2602/3333/14056 2641/3332/14055 2642/3334/14057
s 22
f 2603/3331/14058 2604/3318/14059 2641/3332/14060
f 2641/3332/14060 2604/3318/14059 2643/3335/14061
s 23
f 2604/3318/14062 2605/3319/14063 2643/3335/14064
f 2643/3335/14064 2605/3319/14063 2644/3336/14065
s 24
f 2605/3319/14066 2606/3320/14067 2644/3336/14068
f 2644/3336/14068 2606/3320/14067 2645/3337/14069
s 25
f 2606/3320/14070 2607/3321/14071 2645/3337/14072
f 2645/3337/14072 2607/3321/14071 2646/3338/14073
s 26
f 2607/3321/14074 2608/3339/14075 2646/3338/14076
f 2646/3338/14076 2608/3339/14075 2647/3340/14077
s 27
f 2608/3339/14078 2609/3326/14079 2647/3340/14080
f 2647/3340/14080 2609/3326/14079 2648/3341/14081
s 28
f 2609/3326/14082 2610/3342/14083 2648/3341/14084
f 2648/3341/14084 2610/3342/14083 2649/3343/14085
s off
f 2610/3342/14086 2650/3344/14087 2649/3343/14088
s 29
f 2602/3333/14089 2651/3345/14090 2583/3346/14091
f 2583/3346/14091 2651/3345/14090 2635/3347/14092
s off
f 2602/3333/14093 2642/3334/14094 2651/3345/14095
f 2604/3318/14096 2603/3331/14097 2611/3292/14098
f 2603/3331/14099 2584/3348/14100 2611/3292/14101
f 2604/3318/14102 2612/3295/14103 2605/3319/14104
f 2612/3295/14105 2613/3296/14106 2605/3319/14107
f 2606/3320/14108 2605/3319/14109 2615/3300/14110
f 2605/3319/14111 2614/3299/14112 2615/3300/14113
f 2606/3320/14114 2616/3303/14115 2607/3321/14116
f 2607/3321/14117 2616/3303/14118 2617/3304/14119
f 2608/3339/14120 2607/3321/14121 2624/3325/14122
f 2607/3321/14123 2623/3324/14124 2624/3325/14125
f 2609/3326/14126 2608/3339/14127 2619/3308/14128
f 2624/3325/14129 2618/3307/14130 2619/3308/14131
f 2609/3326/14132 2620/3311/14133 2610/3342/14134
f 2620/3311/14135 2621/3312/14136 2622/3316/14137
s 30
f 2610/3342/14138 2622/3316/14139 2652/3349/14140
f 2652/3349/14140 2622/3316/14139 2639/3317/14141
s off
f 2602/3333/14142 2599/3350/14143 2603/3331/14144
f 2599/3350/14145 2600/3351/14146 2603/3331/14147
f 2583/3346/14148 2601/3352/14149 2602/3333/14150
f 2601/3352/14151 2599/3350/14152 2602/3333/14153
f 2603/3331/14154 2600/3351/14155 2584/3348/14156
f 2620/3311/14157 2622/3316/14158 2610/3342/14159
f 2608/3339/14160 2624/3325/14161 2619/3308/14162
f 2634/3286/14163 2640/3327/14164 2582/3284/14165
f 2652/3349/14166 2650/3344/14167 2610/3342/14168
s 31
f 2626/3269/14169 2625/3268/14170 2655/3353/14171
f 2655/3353/14171 2625/3268/14170 2654/3354/14172
f 2651/3345/14173 2653/3355/14174 2635/3347/14175
f 2653/3355/14174 2654/3354/14172 2636/3288/14176
f 2636/3288/14176 2654/3354/14172 2625/3268/14170
f 2640/3327/14177 2664/3356/14178 2637/3313/14179
f 2637/3313/14179 2664/3356/14178 2638/3314/14180
f 2634/3286/14181 2663/3357/14182 2640/3327/14177
f 2640/3327/14177 2663/3357/14182 2664/3356/14178
f 2633/3285/14183 2662/3358/14184 2634/3286/14181
f 2634/3286/14181 2662/3358/14184 2663/3357/14182
f 2632/3283/14185 2661/3359/14186 2633/3285/14183
f 2633/3285/14183 2661/3359/14186 2662/3358/14184
f 2631/3281/14187 2660/3360/14188 2632/3283/14185
f 2632/3283/14185 2660/3360/14188 2661/3359/14186
f 2630/3279/14189 2659/3361/14190 2631/3281/14187
f 2631/3281/14187 2659/3361/14190 2660/3360/14188
f 2629/3277/14191 2658/3362/14192 2630/3279/14189
f 2630/3279/14189 2658/3362/14192 2659/3361/14190
f 2628/3275/14193 2657/3363/14194 2629/3277/14191
f 2629/3277/14191 2657/3363/14194 2658/3362/14192
f 2627/3273/14195 2656/3364/14196 2628/3275/14193
f 2628/3275/14193 2656/3364/14196 2657/3363/14194
f 2626/3269/14169 2655/3353/14171 2627/3273/14195
f 2627/3273/14195 2655/3353/14171 2656/3364/14196
f 2642/3334/14197 2654/3354/14172 2651/3345/14173
f 2651/3345/14173 2654/3354/14172 2653/3355/14174
f 2655/3353/14171 2654/3354/14172 2641/3332/14198
f 2641/3332/14198 2654/3354/14172 2642/3334/14197
f 2656/3364/14196 2655/3353/14171 2643/3335/14199
f 2643/3335/14199 2655/3353/14171 2641/3332/14198
f 2657/3363/14194 2656/3364/14196 2644/3336/14200
f 2644/3336/14200 2656/3364/14196 2643/3335/14199
f 2658/3362/14192 2657/3363/14194 2645/3337/14201
f 2645/3337/14201 2657/3363/14194 2644/3336/14200
f 2659/3361/14190 2658/3362/14192 2646/3338/14202
f 2646/3338/14202 2658/3362/14192 2645/3337/14201
f 2660/3360/14188 2659/3361/14190 2647/3340/14203
f 2647/3340/14203 2659/3361/14190 2646/3338/14202
f 2661/3359/14186 2660/3360/14188 2648/3341/14204
f 2648/3341/14204 2660/3360/14188 2647/3340/14203
f 2662/3358/14184 2661/3359/14186 2649/3343/14205
f 2649/3343/14205 2661/3359/14186 2648/3341/14204
f 2663/3357/14182 2662/3358/14184 2650/3344/14206
f 2650/3344/14206 2662/3358/14184 2649/3343/14205
f 2664/3356/14178 2663/3357/14182 2652/3349/14207
f 2652/3349/14207 2663/3357/14182 2650/3344/14206
f 2635/3347/14175 2653/3355/14174 2636/3288/14176
f 2638/3314/14180 2664/3356/14178 2639/3317/14208
f 2639/3317/14208 2664/3356/14178 2652/3349/14207
s off
f 2665/3365/14209 2666/3366/14210 2667/3367/14211
f 2668/3368/14212 2665/3365/14213 2667/3367/14214
f 2668/3368/14215 2667/3367/14216 2669/3369/14217
f 2670/3370/14218 2668/3368/14219 2669/3369/14220
f 2670/3370/14221 2669/3369/14222 2671/3371/14223
f 2672/3372/14224 2670/3370/14225 2671/3371/14226
f 2672/3372/14227 2671/3371/14228 2666/3366/14229
f 2665/3365/14230 2672/3372/14231 2666/3366/14232
f 2668/3368/14233 2670/3370/14234 2672/3372/14235
f 2665/3365/14236 2668/3368/14237 2672/3372/14238
f 2673/3373/14239 2667/3367/14240 2666/3366/14241
f 2674/3374/14242 2667/3367/14243 2673/3375/14244
f 2674/3376/14245 2669/3369/14246 2667/3367/14247
f 2675/3377/14248 2669/3369/14249 2674/3378/14250
f 2675/3379/14251 2671/3371/14252 2669/3369/14253
f 2676/3380/14254 2671/3371/14255 2675/3381/14256
f 2676/3382/14257 2666/3366/14258 2671/3371/14259
f 2673/3383/14260 2666/3366/14261 2676/3384/14262
f 2674/3385/14263 2676/3386/14264 2675/3387/14265
f 2673/3388/14266 2676/3389/14267 2674/3390/14268
